scenario,model,timeSeconds,quantity,value,segment
represented,Augmented affine,45,Estimated xi^2 coefficient,5.0155990152825369e-05,1
represented,Augmented affine,45.100000000000001,Estimated xi^2 coefficient,5.021185645163981e-05,1
represented,Augmented affine,45.200000000000003,Estimated xi^2 coefficient,5.0266792730534241e-05,1
represented,Augmented affine,45.300000000000004,Estimated xi^2 coefficient,5.0320822021828217e-05,1
represented,Augmented affine,45.400000000000006,Estimated xi^2 coefficient,5.0373966603513803e-05,1
represented,Augmented affine,45.5,Estimated xi^2 coefficient,5.0426248029890803e-05,1
represented,Augmented affine,45.600000000000001,Estimated xi^2 coefficient,5.0477687160710852e-05,1
represented,Augmented affine,45.700000000000003,Estimated xi^2 coefficient,5.052830418893576e-05,1
represented,Augmented affine,45.800000000000004,Estimated xi^2 coefficient,5.057811866716697e-05,1
represented,Augmented affine,45.900000000000006,Estimated xi^2 coefficient,5.0627149532830842e-05,1
represented,Augmented affine,46,Estimated xi^2 coefficient,5.0675415132178177e-05,1
represented,Augmented affine,46.100000000000001,Estimated xi^2 coefficient,5.0722933243189697e-05,1
represented,Augmented affine,46.200000000000003,Estimated xi^2 coefficient,5.0769721097384368e-05,1
represented,Augmented affine,46.300000000000004,Estimated xi^2 coefficient,5.0815795400683056e-05,1
represented,Augmented affine,46.400000000000006,Estimated xi^2 coefficient,5.0861172353275179e-05,1
represented,Augmented affine,46.5,Estimated xi^2 coefficient,5.0905867668636261e-05,1
represented,Augmented affine,46.600000000000001,Estimated xi^2 coefficient,5.094989659164052e-05,1
represented,Augmented affine,46.700000000000003,Estimated xi^2 coefficient,5.099327391592452e-05,1
represented,Augmented affine,46.800000000000004,Estimated xi^2 coefficient,5.103601400044464e-05,1
represented,Augmented affine,46.900000000000006,Estimated xi^2 coefficient,5.1078130785334881e-05,1
represented,Augmented affine,47,Estimated xi^2 coefficient,5.1119637807069152e-05,1
represented,Augmented affine,47.100000000000001,Estimated xi^2 coefficient,5.1160548212955986e-05,1
represented,Augmented affine,47.200000000000003,Estimated xi^2 coefficient,5.1200874775034261e-05,1
represented,Augmented affine,47.300000000000004,Estimated xi^2 coefficient,5.1240629903361592e-05,1
represented,Augmented affine,47.400000000000006,Estimated xi^2 coefficient,5.1279825658750647e-05,1
represented,Augmented affine,47.5,Estimated xi^2 coefficient,5.1318473764974495e-05,1
represented,Augmented affine,47.600000000000001,Estimated xi^2 coefficient,5.1356585620443802e-05,1
represented,Augmented affine,47.700000000000003,Estimated xi^2 coefficient,5.1394172309429592e-05,1
represented,Augmented affine,47.800000000000004,Estimated xi^2 coefficient,5.1431244612812098e-05,1
represented,Augmented affine,47.900000000000006,Estimated xi^2 coefficient,5.1467813018378708e-05,1
represented,Augmented affine,48,Estimated xi^2 coefficient,5.1503887730729046e-05,1
represented,Augmented affine,48.100000000000001,Estimated xi^2 coefficient,5.1539478680759719e-05,1
represented,Augmented affine,48.200000000000003,Estimated xi^2 coefficient,5.1574595534784814e-05,1
represented,Augmented affine,48.300000000000004,Estimated xi^2 coefficient,5.1609247703284215e-05,1
represented,Augmented affine,48.400000000000006,Estimated xi^2 coefficient,5.1643444349325855e-05,1
represented,Augmented affine,48.5,Estimated xi^2 coefficient,5.1677194396627044e-05,1
represented,Augmented affine,48.600000000000001,Estimated xi^2 coefficient,5.1710506537325279e-05,1
represented,Augmented affine,48.700000000000003,Estimated xi^2 coefficient,5.174338923944628e-05,1
represented,Augmented affine,48.800000000000004,Estimated xi^2 coefficient,5.1775850754071959e-05,1
represented,Augmented affine,48.900000000000006,Estimated xi^2 coefficient,5.1807899122248199e-05,1
represented,Augmented affine,49,Estimated xi^2 coefficient,5.1839542181633583e-05,1
represented,Augmented affine,49.100000000000001,Estimated xi^2 coefficient,5.1870787572872427e-05,1
represented,Augmented affine,49.200000000000003,Estimated xi^2 coefficient,5.1901642745765191e-05,1
represented,Augmented affine,49.300000000000004,Estimated xi^2 coefficient,5.19321149651764e-05,1
represented,Augmented affine,49.400000000000006,Estimated xi^2 coefficient,5.1962211316742996e-05,1
represented,Augmented affine,49.5,Estimated xi^2 coefficient,5.199193871237006e-05,1
represented,Augmented affine,49.600000000000001,Estimated xi^2 coefficient,5.2021303895516467e-05,1
represented,Augmented affine,49.700000000000003,Estimated xi^2 coefficient,5.2050313446303565e-05,1
represented,Augmented affine,49.800000000000004,Estimated xi^2 coefficient,5.2078973786421269e-05,1
represented,Augmented affine,49.900000000000006,Estimated xi^2 coefficient,5.2107291183877338e-05,1
represented,Augmented affine,50,Estimated xi^2 coefficient,5.2135271757555473e-05,1
represented,Augmented affine,50.100000000000001,Estimated xi^2 coefficient,0.00072263582450403591,1
represented,Augmented affine,50.200000000000003,Estimated xi^2 coefficient,0.0017541165384824088,1
represented,Augmented affine,50.300000000000004,Estimated xi^2 coefficient,0.003112970521803492,1
represented,Augmented affine,50.400000000000006,Estimated xi^2 coefficient,0.0046213454030153596,1
represented,Augmented affine,50.5,Estimated xi^2 coefficient,0.006175362990503511,1
represented,Augmented affine,50.600000000000001,Estimated xi^2 coefficient,0.0077352904926626066,1
represented,Augmented affine,50.700000000000003,Estimated xi^2 coefficient,0.0092881855374887558,1
represented,Augmented affine,50.800000000000004,Estimated xi^2 coefficient,0.010831086033695619,1
represented,Augmented affine,50.900000000000006,Estimated xi^2 coefficient,0.012364497095088293,1
represented,Augmented affine,51,Estimated xi^2 coefficient,0.013889970187570561,1
represented,Augmented affine,51.100000000000001,Estimated xi^2 coefficient,0.015407425528488606,1
represented,Augmented affine,51.200000000000003,Estimated xi^2 coefficient,0.016916383214909542,1
represented,Augmented affine,51.300000000000004,Estimated xi^2 coefficient,0.01841595001016445,1
represented,Augmented affine,51.400000000000006,Estimated xi^2 coefficient,0.01990507479114325,1
represented,Augmented affine,51.5,Estimated xi^2 coefficient,0.021382686845783823,1
represented,Augmented affine,51.600000000000001,Estimated xi^2 coefficient,0.022847753879133931,1
represented,Augmented affine,51.700000000000003,Estimated xi^2 coefficient,0.024299304572579717,1
represented,Augmented affine,51.800000000000004,Estimated xi^2 coefficient,0.025736436474592974,1
represented,Augmented affine,51.900000000000006,Estimated xi^2 coefficient,0.027158317954658839,1
represented,Augmented affine,52,Estimated xi^2 coefficient,0.028564187799283641,1
represented,Augmented affine,52.100000000000001,Estimated xi^2 coefficient,0.029953353878143719,1
represented,Augmented affine,52.200000000000003,Estimated xi^2 coefficient,0.031325191345998447,1
represented,Augmented affine,52.300000000000004,Estimated xi^2 coefficient,0.03267914057831485,1
represented,Augmented affine,52.400000000000006,Estimated xi^2 coefficient,0.034014704905249896,1
represented,Augmented affine,52.5,Estimated xi^2 coefficient,0.035331448181798772,1
represented,Augmented affine,52.600000000000001,Estimated xi^2 coefficient,0.036628992225444197,1
represented,Augmented affine,52.700000000000003,Estimated xi^2 coefficient,0.037907014153593314,1
represented,Augmented affine,52.800000000000004,Estimated xi^2 coefficient,0.03916524365007551,1
represented,Augmented affine,52.900000000000006,Estimated xi^2 coefficient,0.040403460189423,1
represented,Augmented affine,53,Estimated xi^2 coefficient,0.041621490244842393,1
represented,Augmented affine,53.100000000000001,Estimated xi^2 coefficient,0.042819204502878044,1
represented,Augmented affine,53.200000000000003,Estimated xi^2 coefficient,0.043996515104856526,1
represented,Augmented affine,53.300000000000004,Estimated xi^2 coefficient,0.045153372932393063,1
represented,Augmented affine,53.400000000000006,Estimated xi^2 coefficient,0.046289764951590852,1
represented,Augmented affine,53.5,Estimated xi^2 coefficient,0.047405711628099471,1
represented,Augmented affine,53.600000000000001,Estimated xi^2 coefficient,0.048501264422961418,1
represented,Augmented affine,53.700000000000003,Estimated xi^2 coefficient,0.049576503377132479,1
represented,Augmented affine,53.800000000000004,Estimated xi^2 coefficient,0.050631534790728121,1
represented,Augmented affine,53.900000000000006,Estimated xi^2 coefficient,0.05166648900141662,1
represented,Augmented affine,54,Estimated xi^2 coefficient,0.052681518264938026,1
represented,Augmented affine,54.100000000000001,Estimated xi^2 coefficient,0.053676794739467161,1
represented,Augmented affine,54.200000000000003,Estimated xi^2 coefficient,0.054652508574446312,1
represented,Augmented affine,54.300000000000004,Estimated xi^2 coefficient,0.055608866103574135,1
represented,Augmented affine,54.400000000000006,Estimated xi^2 coefficient,0.056528005074383561,1
represented,Augmented affine,54.5,Estimated xi^2 coefficient,0.057412062718113041,1
represented,Augmented affine,54.600000000000001,Estimated xi^2 coefficient,0.058263042212242176,1
represented,Augmented affine,54.700000000000003,Estimated xi^2 coefficient,0.059082867948658614,1
represented,Augmented affine,54.800000000000004,Estimated xi^2 coefficient,0.059873338068008965,1
represented,Augmented affine,54.900000000000006,Estimated xi^2 coefficient,0.060636110786443265,1
represented,Augmented affine,55,Estimated xi^2 coefficient,0.061372713272933671,1
represented,Augmented affine,55.100000000000001,Estimated xi^2 coefficient,0.062084555236298515,1
represented,Augmented affine,55.200000000000003,Estimated xi^2 coefficient,0.062772941139029287,1
represented,Augmented affine,55.300000000000004,Estimated xi^2 coefficient,0.063439080478502149,1
represented,Augmented affine,55.400000000000006,Estimated xi^2 coefficient,0.064084096651134098,1
represented,Augmented affine,55.5,Estimated xi^2 coefficient,0.064709034772436572,1
represented,Augmented affine,55.600000000000001,Estimated xi^2 coefficient,0.065314868639343326,1
represented,Augmented affine,55.700000000000003,Estimated xi^2 coefficient,0.065902506946347181,1
represented,Augmented affine,55.800000000000004,Estimated xi^2 coefficient,0.066472798845154807,1
represented,Augmented affine,55.900000000000006,Estimated xi^2 coefficient,0.067026538927436263,1
represented,Augmented affine,56,Estimated xi^2 coefficient,0.067564471700679612,1
represented,Augmented affine,56.100000000000001,Estimated xi^2 coefficient,0.068087295617789048,1
represented,Augmented affine,56.200000000000003,Estimated xi^2 coefficient,0.068595666712736564,1
represented,Augmented affine,56.300000000000004,Estimated xi^2 coefficient,0.069090201887506239,1
represented,Augmented affine,56.400000000000006,Estimated xi^2 coefficient,0.069571481889602521,1
represented,Augmented affine,56.5,Estimated xi^2 coefficient,0.070040054014326975,1
represented,Augmented affine,56.600000000000001,Estimated xi^2 coefficient,0.070496434561698657,1
represented,Augmented affine,56.700000000000003,Estimated xi^2 coefficient,0.070941111074178845,1
represented,Augmented affine,56.800000000000004,Estimated xi^2 coefficient,0.071374544378165788,1
represented,Augmented affine,56.900000000000006,Estimated xi^2 coefficient,0.071797170449467707,1
represented,Augmented affine,57,Estimated xi^2 coefficient,0.072209402120578206,1
represented,Augmented affine,57.100000000000001,Estimated xi^2 coefficient,0.072611630645509503,1
represented,Augmented affine,57.200000000000003,Estimated xi^2 coefficient,0.073004227136141298,1
represented,Augmented affine,57.300000000000004,Estimated xi^2 coefficient,0.073387543882474982,1
represented,Augmented affine,57.400000000000006,Estimated xi^2 coefficient,0.073761915567814154,1
represented,Augmented affine,57.5,Estimated xi^2 coefficient,0.074127660388692757,1
represented,Augmented affine,57.600000000000001,Estimated xi^2 coefficient,0.074485081088320401,1
represented,Augmented affine,57.700000000000003,Estimated xi^2 coefficient,0.074834465911388398,1
represented,Augmented affine,57.800000000000004,Estimated xi^2 coefficient,0.075176089487264869,1
represented,Augmented affine,57.900000000000006,Estimated xi^2 coefficient,0.075510213647887223,1
represented,Augmented affine,58,Estimated xi^2 coefficient,0.075837088186023055,1
represented,Augmented affine,58.100000000000001,Estimated xi^2 coefficient,0.076156951559005703,1
represented,Augmented affine,58.200000000000003,Estimated xi^2 coefficient,0.076470031542549874,1
represented,Augmented affine,58.300000000000004,Estimated xi^2 coefficient,0.076776545838806151,1
represented,Augmented affine,58.400000000000006,Estimated xi^2 coefficient,0.077076702642416395,1
represented,Augmented affine,58.5,Estimated xi^2 coefficient,0.077370701167977049,1
represented,Augmented affine,58.600000000000001,Estimated xi^2 coefficient,0.077658732142000794,1
represented,Augmented affine,58.700000000000003,Estimated xi^2 coefficient,0.077940978262182645,1
represented,Augmented affine,58.800000000000004,Estimated xi^2 coefficient,0.078217614626522991,1
represented,Augmented affine,58.900000000000006,Estimated xi^2 coefficient,0.078488809134630716,1
represented,Augmented affine,59,Estimated xi^2 coefficient,0.078754722863324966,1
represented,Augmented affine,59.100000000000001,Estimated xi^2 coefficient,0.079015510418468507,1
represented,Augmented affine,59.200000000000003,Estimated xi^2 coefficient,0.079272820248632983,1
represented,Augmented affine,59.300000000000004,Estimated xi^2 coefficient,0.079528271630578365,1
represented,Augmented affine,59.400000000000006,Estimated xi^2 coefficient,0.079801982392067011,1
represented,Augmented affine,59.5,Estimated xi^2 coefficient,0.080171719325565535,1
represented,Augmented affine,59.600000000000001,Estimated xi^2 coefficient,0.080668241022753578,1
represented,Augmented affine,59.700000000000003,Estimated xi^2 coefficient,0.08093842021064801,1
represented,Augmented affine,59.800000000000004,Estimated xi^2 coefficient,0.080949288789145493,1
represented,Augmented affine,59.900000000000006,Estimated xi^2 coefficient,0.080931858718777727,1
represented,Augmented affine,60,Estimated xi^2 coefficient,0.081010356321595034,1
represented,Augmented affine,60.100000000000001,Estimated xi^2 coefficient,0.081144734289262527,1
represented,Augmented affine,60.200000000000003,Estimated xi^2 coefficient,0.080883375965125293,1
represented,Augmented affine,60.300000000000004,Estimated xi^2 coefficient,0.080762626392420891,1
represented,Augmented affine,60.400000000000006,Estimated xi^2 coefficient,0.080670487494887533,1
represented,Augmented affine,60.5,Estimated xi^2 coefficient,0.0805557923357164,1
represented,Augmented affine,60.600000000000001,Estimated xi^2 coefficient,0.080432829818499821,1
represented,Augmented affine,60.700000000000003,Estimated xi^2 coefficient,0.080311494434370745,1
represented,Augmented affine,60.800000000000004,Estimated xi^2 coefficient,0.080193525693875875,1
represented,Augmented affine,60.900000000000006,Estimated xi^2 coefficient,0.080078389042259807,1
represented,Augmented affine,61,Estimated xi^2 coefficient,0.079965659532285002,1
represented,Augmented affine,61.100000000000001,Estimated xi^2 coefficient,0.079855203666404959,1
represented,Augmented affine,61.200000000000003,Estimated xi^2 coefficient,0.079746975860545424,1
represented,Augmented affine,61.300000000000004,Estimated xi^2 coefficient,0.079640929422989712,1
represented,Augmented affine,61.400000000000006,Estimated xi^2 coefficient,0.079537009069813827,1
represented,Augmented affine,61.5,Estimated xi^2 coefficient,0.079435158231853598,1
represented,Augmented affine,61.600000000000001,Estimated xi^2 coefficient,0.079335322295547697,1
represented,Augmented affine,61.700000000000003,Estimated xi^2 coefficient,0.079237448825728737,1
represented,Augmented affine,61.800000000000004,Estimated xi^2 coefficient,0.079141487224311205,1
represented,Augmented affine,61.900000000000006,Estimated xi^2 coefficient,0.079047388537675567,1
represented,Augmented affine,62,Estimated xi^2 coefficient,0.078955105379776042,1
represented,Augmented affine,62.100000000000001,Estimated xi^2 coefficient,0.078864591880059787,1
represented,Augmented affine,62.200000000000003,Estimated xi^2 coefficient,0.078775803629016136,1
represented,Augmented affine,62.300000000000004,Estimated xi^2 coefficient,0.078688697622223927,1
represented,Augmented affine,62.400000000000006,Estimated xi^2 coefficient,0.078603232206126861,1
represented,Augmented affine,62.5,Estimated xi^2 coefficient,0.078519367026428921,1
represented,Augmented affine,62.600000000000001,Estimated xi^2 coefficient,0.078437062978952421,1
represented,Augmented affine,62.700000000000003,Estimated xi^2 coefficient,0.078356282162713731,1
represented,Augmented affine,62.800000000000004,Estimated xi^2 coefficient,0.0782769878350658,1
represented,Augmented affine,62.900000000000006,Estimated xi^2 coefficient,0.078199144368802959,1
represented,Augmented affine,63,Estimated xi^2 coefficient,0.078122717211133508,1
represented,Augmented affine,63.100000000000001,Estimated xi^2 coefficient,0.078047672844427846,1
represented,Augmented affine,63.200000000000003,Estimated xi^2 coefficient,0.077973978748653597,1
represented,Augmented affine,63.300000000000004,Estimated xi^2 coefficient,0.077901603365414504,1
represented,Augmented affine,63.400000000000006,Estimated xi^2 coefficient,0.077830516063513905,1
represented,Augmented affine,63.5,Estimated xi^2 coefficient,0.077760687105968687,1
represented,Augmented affine,63.600000000000001,Estimated xi^2 coefficient,0.077692087618403377,1
represented,Augmented affine,63.700000000000003,Estimated xi^2 coefficient,0.077624689558757995,1
represented,Augmented affine,63.800000000000004,Estimated xi^2 coefficient,0.07755846568824673,1
represented,Augmented affine,63.900000000000006,Estimated xi^2 coefficient,0.077493389543508262,1
represented,Augmented affine,64,Estimated xi^2 coefficient,0.077429435409891237,1
represented,Augmented affine,64.100000000000009,Estimated xi^2 coefficient,0.077366578295821956,1
represented,Augmented affine,64.200000000000003,Estimated xi^2 coefficient,0.077304793908203606,1
represented,Augmented affine,64.299999999999997,Estimated xi^2 coefficient,0.077244058628799447,1
represented,Augmented affine,64.400000000000006,Estimated xi^2 coefficient,0.077184349491554755,1
represented,Augmented affine,64.5,Estimated xi^2 coefficient,0.077125644160814341,1
represented,Augmented affine,64.600000000000009,Estimated xi^2 coefficient,0.077067920910395424,1
represented,Augmented affine,64.700000000000003,Estimated xi^2 coefficient,0.077011158603476695,1
represented,Augmented affine,64.799999999999997,Estimated xi^2 coefficient,0.076955336673267524,1
represented,Augmented affine,64.900000000000006,Estimated xi^2 coefficient,0.076900435104422071,1
represented,Augmented affine,65,Estimated xi^2 coefficient,0.076846434415165546,1
represented,Augmented affine,65.100000000000009,Estimated xi^2 coefficient,0.076793315640101223,1
represented,Augmented affine,65.200000000000003,Estimated xi^2 coefficient,0.076741060313668327,1
represented,Augmented affine,65.299999999999997,Estimated xi^2 coefficient,0.076689650454222449,1
represented,Augmented affine,65.400000000000006,Estimated xi^2 coefficient,0.076639068548711789,1
represented,Augmented affine,65.5,Estimated xi^2 coefficient,0.076589297537923193,1
represented,Augmented affine,65.600000000000009,Estimated xi^2 coefficient,0.076540320802274103,1
represented,Augmented affine,65.700000000000003,Estimated xi^2 coefficient,0.076492122148126743,1
represented,Augmented affine,65.799999999999997,Estimated xi^2 coefficient,0.07644468579460284,1
represented,Augmented affine,65.900000000000006,Estimated xi^2 coefficient,0.076397996360877657,1
represented,Augmented affine,66,Estimated xi^2 coefficient,0.076352038853933352,1
represented,Augmented affine,66.100000000000009,Estimated xi^2 coefficient,0.076306798656752578,1
represented,Augmented affine,66.200000000000003,Estimated xi^2 coefficient,0.076262261516934174,1
represented,Augmented affine,66.299999999999997,Estimated xi^2 coefficient,0.0762184135357135,1
represented,Augmented affine,66.400000000000006,Estimated xi^2 coefficient,0.076175241157371079,1
represented,Augmented affine,66.5,Estimated xi^2 coefficient,0.076132731159013561,1
represented,Augmented affine,66.600000000000009,Estimated xi^2 coefficient,0.076090870640712086,1
represented,Augmented affine,66.700000000000003,Estimated xi^2 coefficient,0.076049647015983657,1
represented,Augmented affine,66.799999999999997,Estimated xi^2 coefficient,0.076009048002601887,1
represented,Augmented affine,66.900000000000006,Estimated xi^2 coefficient,0.075969061613723771,1
represented,Augmented affine,67,Estimated xi^2 coefficient,0.075929676149320446,1
represented,Augmented affine,67.100000000000009,Estimated xi^2 coefficient,0.075890880187899454,1
represented,Augmented affine,67.200000000000003,Estimated xi^2 coefficient,0.075852662578507535,1
represented,Augmented affine,67.299999999999997,Estimated xi^2 coefficient,0.075815012433002843,1
represented,Augmented affine,67.400000000000006,Estimated xi^2 coefficient,0.075777919118586126,1
represented,Augmented affine,67.5,Estimated xi^2 coefficient,0.075741372250580974,1
represented,Augmented affine,67.600000000000009,Estimated xi^2 coefficient,0.075705361685453651,1
represented,Augmented affine,67.700000000000003,Estimated xi^2 coefficient,0.075669877514063191,1
represented,Augmented affine,67.799999999999997,Estimated xi^2 coefficient,0.075634910055133273,1
represented,Augmented affine,67.900000000000006,Estimated xi^2 coefficient,0.075600449848937268,1
represented,Augmented affine,68,Estimated xi^2 coefficient,0.075566487651188646,1
represented,Augmented affine,68.100000000000009,Estimated xi^2 coefficient,0.075533014427128981,1
represented,Augmented affine,68.200000000000003,Estimated xi^2 coefficient,0.075500021345806287,1
represented,Augmented affine,68.299999999999997,Estimated xi^2 coefficient,0.075467499774536484,1
represented,Augmented affine,68.400000000000006,Estimated xi^2 coefficient,0.075435441273541542,1
represented,Augmented affine,68.5,Estimated xi^2 coefficient,0.0754038375907575,1
represented,Augmented affine,68.600000000000009,Estimated xi^2 coefficient,0.075372680656806509,1
represented,Augmented affine,68.700000000000003,Estimated xi^2 coefficient,0.075341962580126612,1
represented,Augmented affine,68.799999999999997,Estimated xi^2 coefficient,0.075311675642253967,1
represented,Augmented affine,68.900000000000006,Estimated xi^2 coefficient,0.075281812293251635,1
represented,Augmented affine,69,Estimated xi^2 coefficient,0.075252365147279995,1
represented,Augmented affine,69.100000000000009,Estimated xi^2 coefficient,0.075223326978303626,1
represented,Augmented affine,69.200000000000003,Estimated xi^2 coefficient,0.075194690715929852,1
represented,Augmented affine,69.299999999999997,Estimated xi^2 coefficient,0.075166449441374308,1
represented,Augmented affine,69.400000000000006,Estimated xi^2 coefficient,0.075138596383549042,1
represented,Augmented affine,69.5,Estimated xi^2 coefficient,0.07511112491526907,1
represented,Augmented affine,69.600000000000009,Estimated xi^2 coefficient,0.07508402854957287,1
represented,Augmented affine,69.700000000000003,Estimated xi^2 coefficient,0.075057300936153398,1
represented,Augmented affine,69.799999999999997,Estimated xi^2 coefficient,0.075030935857895345,1
represented,Augmented affine,69.900000000000006,Estimated xi^2 coefficient,0.075004927227515339,1
represented,Augmented affine,70,Estimated xi^2 coefficient,0.074979269084301386,1
represented,Augmented affine,70.100000000000009,Estimated xi^2 coefficient,0.074953955590948279,1
represented,Augmented affine,70.200000000000003,Estimated xi^2 coefficient,0.074928981030485731,1
represented,Augmented affine,70.299999999999997,Estimated xi^2 coefficient,0.074904339803296013,1
represented,Augmented affine,70.400000000000006,Estimated xi^2 coefficient,0.074880026424218246,1
represented,Augmented affine,70.5,Estimated xi^2 coefficient,0.07485603551973638,1
represented,Augmented affine,70.600000000000009,Estimated xi^2 coefficient,0.074832361825248106,1
represented,Augmented affine,70.700000000000003,Estimated xi^2 coefficient,0.074809000182411975,1
represented,Augmented affine,70.799999999999997,Estimated xi^2 coefficient,0.074785945536570239,1
represented,Augmented affine,70.900000000000006,Estimated xi^2 coefficient,0.074763192934244882,1
represented,Augmented affine,71,Estimated xi^2 coefficient,0.074740737520704481,1
represented,Augmented affine,71.100000000000009,Estimated xi^2 coefficient,0.074718574537599558,1
represented,Augmented affine,71.200000000000003,Estimated xi^2 coefficient,0.07469669932066425,1
represented,Augmented affine,71.299999999999997,Estimated xi^2 coefficient,0.07467510729748221,1
represented,Augmented affine,71.400000000000006,Estimated xi^2 coefficient,0.074653793985314437,1
represented,Augmented affine,71.5,Estimated xi^2 coefficient,0.07463275498898754,1
represented,Augmented affine,71.600000000000009,Estimated xi^2 coefficient,0.074611985998839891,1
represented,Augmented affine,71.700000000000003,Estimated xi^2 coefficient,0.074591482788724503,1
represented,Augmented affine,71.799999999999997,Estimated xi^2 coefficient,0.074571241214066192,1
represented,Augmented affine,71.900000000000006,Estimated xi^2 coefficient,0.074551257209971841,1
represented,Augmented affine,72,Estimated xi^2 coefficient,0.074531526789391941,1
represented,Augmented affine,72.100000000000009,Estimated xi^2 coefficient,0.074512046041331534,1
represented,Augmented affine,72.200000000000003,Estimated xi^2 coefficient,0.074492811129109535,1
represented,Augmented affine,72.299999999999997,Estimated xi^2 coefficient,0.074473818288664589,1
represented,Augmented affine,72.400000000000006,Estimated xi^2 coefficient,0.074455063826906046,1
represented,Augmented affine,72.5,Estimated xi^2 coefficient,0.074436544120108805,1
represented,Augmented affine,72.600000000000009,Estimated xi^2 coefficient,0.074418255612350756,1
represented,Augmented affine,72.700000000000003,Estimated xi^2 coefficient,0.074400194813991169,1
represented,Augmented affine,72.799999999999997,Estimated xi^2 coefficient,0.074382358300189244,1
represented,Augmented affine,72.900000000000006,Estimated xi^2 coefficient,0.074364742709461265,1
represented,Augmented affine,73,Estimated xi^2 coefficient,0.074347344742275417,1
represented,Augmented affine,73.100000000000009,Estimated xi^2 coefficient,0.074330161159683036,1
represented,Augmented affine,73.200000000000003,Estimated xi^2 coefficient,0.074313188781985187,1
represented,Augmented affine,73.299999999999997,Estimated xi^2 coefficient,0.074296424487433635,1
represented,Augmented affine,73.400000000000006,Estimated xi^2 coefficient,0.074279865210965079,1
represented,Augmented affine,73.5,Estimated xi^2 coefficient,0.074263507942967752,1
represented,Augmented affine,73.600000000000009,Estimated xi^2 coefficient,0.074247349728079406,1
represented,Augmented affine,73.700000000000003,Estimated xi^2 coefficient,0.074231387664015699,1
represented,Augmented affine,73.799999999999997,Estimated xi^2 coefficient,0.074215618900428285,1
represented,Augmented affine,73.900000000000006,Estimated xi^2 coefficient,0.074200040637791523,1
represented,Augmented affine,74,Estimated xi^2 coefficient,0.074184650126317184,1
represented,Augmented affine,74.100000000000009,Estimated xi^2 coefficient,0.074169444664896125,1
represented,Augmented affine,74.200000000000003,Estimated xi^2 coefficient,0.074154421600066439,1
represented,Augmented affine,74.299999999999997,Estimated xi^2 coefficient,0.074139578325007033,1
represented,Augmented affine,74.400000000000006,Estimated xi^2 coefficient,0.074124912278556235,1
represented,Augmented affine,74.5,Estimated xi^2 coefficient,0.074110420944254296,1
represented,Augmented affine,74.600000000000009,Estimated xi^2 coefficient,0.074096101849409582,1
represented,Augmented affine,74.700000000000003,Estimated xi^2 coefficient,0.074081952564187425,1
represented,Augmented affine,74.799999999999997,Estimated xi^2 coefficient,0.074067970700721256,1
represented,Augmented affine,74.900000000000006,Estimated xi^2 coefficient,0.074054153912245138,1
represented,Augmented affine,75,Estimated xi^2 coefficient,0.074040499892247397,1
represented,Augmented affine,75.100000000000009,Estimated xi^2 coefficient,0.074027006373644538,1
represented,Augmented affine,75.200000000000003,Estimated xi^2 coefficient,0.074013671127974967,1
represented,Augmented affine,75.299999999999997,Estimated xi^2 coefficient,0.074000491964612003,1
represented,Augmented affine,75.400000000000006,Estimated xi^2 coefficient,0.073987466729995663,1
represented,Augmented affine,75.5,Estimated xi^2 coefficient,0.073974593306882566,1
represented,Augmented affine,75.600000000000009,Estimated xi^2 coefficient,0.073961869613613646,1
represented,Augmented affine,75.700000000000003,Estimated xi^2 coefficient,0.073949293603399149,1
represented,Augmented affine,75.799999999999997,Estimated xi^2 coefficient,0.073936863263620284,1
represented,Augmented affine,75.900000000000006,Estimated xi^2 coefficient,0.073924576615147314,1
represented,Augmented affine,76,Estimated xi^2 coefficient,0.073912431711673526,1
represented,Augmented affine,76.100000000000009,Estimated xi^2 coefficient,0.073900426639064667,1
represented,Augmented affine,76.200000000000003,Estimated xi^2 coefficient,0.073888559514723381,1
represented,Augmented affine,76.299999999999997,Estimated xi^2 coefficient,0.073876828486968443,1
represented,Augmented affine,76.400000000000006,Estimated xi^2 coefficient,0.073865231734428036,1
represented,Augmented affine,76.5,Estimated xi^2 coefficient,0.073853767465447223,1
represented,Augmented affine,76.600000000000009,Estimated xi^2 coefficient,0.073842433917508665,1
represented,Augmented affine,76.700000000000003,Estimated xi^2 coefficient,0.073831229356666764,1
represented,Augmented affine,76.800000000000011,Estimated xi^2 coefficient,0.073820152076994383,1
represented,Augmented affine,76.900000000000006,Estimated xi^2 coefficient,0.073809200400042338,1
represented,Augmented affine,77,Estimated xi^2 coefficient,0.073798372674310858,1
represented,Augmented affine,77.100000000000009,Estimated xi^2 coefficient,0.073787667274732988,1
represented,Augmented affine,77.200000000000003,Estimated xi^2 coefficient,0.073777082602169614,1
represented,Augmented affine,77.300000000000011,Estimated xi^2 coefficient,0.073766617082915598,1
represented,Augmented affine,77.400000000000006,Estimated xi^2 coefficient,0.073756269168217051,1
represented,Augmented affine,77.5,Estimated xi^2 coefficient,0.073746037333799169,1
represented,Augmented affine,77.600000000000009,Estimated xi^2 coefficient,0.07373592007940459,1
represented,Augmented affine,77.700000000000003,Estimated xi^2 coefficient,0.073725915928341837,1
represented,Augmented affine,77.800000000000011,Estimated xi^2 coefficient,0.073716023427043725,1
represented,Augmented affine,77.900000000000006,Estimated xi^2 coefficient,0.07370624114463542,1
represented,Augmented affine,78,Estimated xi^2 coefficient,0.073696567672511842,1
represented,Augmented affine,78.100000000000009,Estimated xi^2 coefficient,0.073687001623924317,1
represented,Augmented affine,78.200000000000003,Estimated xi^2 coefficient,0.073677541633576191,1
represented,Augmented affine,78.300000000000011,Estimated xi^2 coefficient,0.073668186357227092,1
represented,Augmented affine,78.400000000000006,Estimated xi^2 coefficient,0.073658934471305795,1
represented,Augmented affine,78.5,Estimated xi^2 coefficient,0.073649784672531318,1
represented,Augmented affine,78.600000000000009,Estimated xi^2 coefficient,0.073640735677542216,1
represented,Augmented affine,78.700000000000003,Estimated xi^2 coefficient,0.073631786222533593,1
represented,Augmented affine,78.800000000000011,Estimated xi^2 coefficient,0.073622935062902101,1
represented,Augmented affine,78.900000000000006,Estimated xi^2 coefficient,0.073614180972898166,1
represented,Augmented affine,79,Estimated xi^2 coefficient,0.073605522745285742,1
represented,Augmented affine,79.100000000000009,Estimated xi^2 coefficient,0.073596959191009198,1
represented,Augmented affine,79.200000000000003,Estimated xi^2 coefficient,0.073588486257225055,1
represented,Augmented affine,79.300000000000011,Estimated xi^2 coefficient,0.073580846848137885,1
represented,Augmented affine,79.400000000000006,Estimated xi^2 coefficient,0.073574763048446734,1
represented,Augmented affine,79.5,Estimated xi^2 coefficient,0.073572890014761513,1
represented,Augmented affine,79.600000000000009,Estimated xi^2 coefficient,0.073590812241485379,1
represented,Augmented affine,79.700000000000003,Estimated xi^2 coefficient,0.073736226056469428,1
represented,Augmented affine,79.800000000000011,Estimated xi^2 coefficient,0.073635120981775784,1
represented,Augmented affine,79.900000000000006,Estimated xi^2 coefficient,0.073011799316664058,1
represented,Augmented affine,80,Estimated xi^2 coefficient,0.071966177342396742,1
represented,Augmented affine,80.100000000000009,Estimated xi^2 coefficient,0.070932730331089183,1
represented,Augmented affine,80.200000000000003,Estimated xi^2 coefficient,0.070611604412963339,1
represented,Augmented affine,80.300000000000011,Estimated xi^2 coefficient,0.070510874619447259,1
represented,Augmented affine,80.400000000000006,Estimated xi^2 coefficient,0.070384605827148283,1
represented,Augmented affine,80.5,Estimated xi^2 coefficient,0.070223766789468609,1
represented,Augmented affine,80.600000000000009,Estimated xi^2 coefficient,0.070053192331894609,1
represented,Augmented affine,80.700000000000003,Estimated xi^2 coefficient,0.069884405365060881,1
represented,Augmented affine,80.800000000000011,Estimated xi^2 coefficient,0.06971862571818252,1
represented,Augmented affine,80.900000000000006,Estimated xi^2 coefficient,0.069554810639454068,1
represented,Augmented affine,81,Estimated xi^2 coefficient,0.069392382978243655,1
represented,Augmented affine,81.100000000000009,Estimated xi^2 coefficient,0.069231240040729114,1
represented,Augmented affine,81.200000000000003,Estimated xi^2 coefficient,0.069071404417218124,1
represented,Augmented affine,81.300000000000011,Estimated xi^2 coefficient,0.068912886331663273,1
represented,Augmented affine,81.400000000000006,Estimated xi^2 coefficient,0.068755675089237023,1
represented,Augmented affine,81.5,Estimated xi^2 coefficient,0.068599753600959948,1
represented,Augmented affine,81.600000000000009,Estimated xi^2 coefficient,0.068445105174503265,1
represented,Augmented affine,81.700000000000003,Estimated xi^2 coefficient,0.068291714281773261,1
represented,Augmented affine,81.800000000000011,Estimated xi^2 coefficient,0.068139565973696012,1
represented,Augmented affine,81.900000000000006,Estimated xi^2 coefficient,0.067988645547985491,1
represented,Augmented affine,82,Estimated xi^2 coefficient,0.067838938491840722,1
represented,Augmented affine,82.100000000000009,Estimated xi^2 coefficient,0.067690430499515897,1
represented,Augmented affine,82.200000000000003,Estimated xi^2 coefficient,0.06754310748355101,1
represented,Augmented affine,82.300000000000011,Estimated xi^2 coefficient,0.067396955573850809,1
represented,Augmented affine,82.400000000000006,Estimated xi^2 coefficient,0.067251961112892306,1
represented,Augmented affine,82.5,Estimated xi^2 coefficient,0.067108110651060524,1
represented,Augmented affine,82.600000000000009,Estimated xi^2 coefficient,0.06696539094260176,1
represented,Augmented affine,82.700000000000003,Estimated xi^2 coefficient,0.066823788941864193,1
represented,Augmented affine,82.800000000000011,Estimated xi^2 coefficient,0.066683291799631297,1
represented,Augmented affine,82.900000000000006,Estimated xi^2 coefficient,0.06654388685951311,1
represented,Augmented affine,83,Estimated xi^2 coefficient,0.066405561654405462,1
represented,Augmented affine,83.100000000000009,Estimated xi^2 coefficient,0.066268303903024448,1
represented,Augmented affine,83.200000000000003,Estimated xi^2 coefficient,0.066132101506516217,1
represented,Augmented affine,83.300000000000011,Estimated xi^2 coefficient,0.065996942545139728,1
represented,Augmented affine,83.400000000000006,Estimated xi^2 coefficient,0.065862815275020525,1
represented,Augmented affine,83.5,Estimated xi^2 coefficient,0.065729708124973363,1
represented,Augmented affine,83.600000000000009,Estimated xi^2 coefficient,0.065597609693392386,1
represented,Augmented affine,83.700000000000003,Estimated xi^2 coefficient,0.065466508745207055,1
represented,Augmented affine,83.800000000000011,Estimated xi^2 coefficient,0.065336394208902152,1
represented,Augmented affine,83.900000000000006,Estimated xi^2 coefficient,0.065207255173600556,1
represented,Augmented affine,84,Estimated xi^2 coefficient,0.065079080886207119,1
represented,Augmented affine,84.100000000000009,Estimated xi^2 coefficient,0.06495186074861227,1
represented,Augmented affine,84.200000000000003,Estimated xi^2 coefficient,0.064825584314953763,1
represented,Augmented affine,84.300000000000011,Estimated xi^2 coefficient,0.064700241288935478,1
represented,Augmented affine,84.400000000000006,Estimated xi^2 coefficient,0.064575821521201629,1
represented,Augmented affine,84.5,Estimated xi^2 coefficient,0.064452315006765182,1
represented,Augmented affine,84.600000000000009,Estimated xi^2 coefficient,0.064329711882489371,1
represented,Augmented affine,84.700000000000003,Estimated xi^2 coefficient,0.064208002424620658,1
represented,Augmented affine,84.800000000000011,Estimated xi^2 coefficient,0.064087177046372415,1
represented,Augmented affine,84.900000000000006,Estimated xi^2 coefficient,0.063967226295557789,1
represented,Augmented affine,85,Estimated xi^2 coefficient,0.063848140852270696,1
represented,Augmented affine,85.100000000000009,Estimated xi^2 coefficient,0.063729911526613975,1
represented,Augmented affine,85.200000000000003,Estimated xi^2 coefficient,0.063612529256473344,1
represented,Augmented affine,85.300000000000011,Estimated xi^2 coefficient,0.063495985105336342,1
represented,Augmented affine,85.400000000000006,Estimated xi^2 coefficient,0.06338027026015508,1
represented,Augmented affine,85.5,Estimated xi^2 coefficient,0.063265376029251807,1
represented,Augmented affine,85.600000000000009,Estimated xi^2 coefficient,0.063151293840266409,1
represented,Augmented affine,85.700000000000003,Estimated xi^2 coefficient,0.063038015238144715,1
represented,Augmented affine,85.800000000000011,Estimated xi^2 coefficient,0.062925531883166852,1
represented,Augmented affine,85.900000000000006,Estimated xi^2 coefficient,0.06281383554901461,1
represented,Augmented affine,86,Estimated xi^2 coefficient,0.062702918120876985,1
represented,Augmented affine,86.100000000000009,Estimated xi^2 coefficient,0.062592771593593097,1
represented,Augmented affine,86.200000000000003,Estimated xi^2 coefficient,0.06248338806983144,1
represented,Augmented affine,86.300000000000011,Estimated xi^2 coefficient,0.062374759758304969,1
represented,Augmented affine,86.400000000000006,Estimated xi^2 coefficient,0.06226687897202083,1
represented,Augmented affine,86.5,Estimated xi^2 coefficient,0.062159738126564369,1
represented,Augmented affine,86.600000000000009,Estimated xi^2 coefficient,0.06205332973841627,1
represented,Augmented affine,86.700000000000003,Estimated xi^2 coefficient,0.061947646423302374,1
represented,Augmented affine,86.800000000000011,Estimated xi^2 coefficient,0.061842680894575321,1
represented,Augmented affine,86.900000000000006,Estimated xi^2 coefficient,0.061738425961627312,1
represented,Augmented affine,87,Estimated xi^2 coefficient,0.061634874528333349,1
represented,Augmented affine,87.100000000000009,Estimated xi^2 coefficient,0.06153201959152424,1
represented,Augmented affine,87.200000000000003,Estimated xi^2 coefficient,0.061429854239488768,1
represented,Augmented affine,87.300000000000011,Estimated xi^2 coefficient,0.061328371650504358,1
represented,Augmented affine,87.400000000000006,Estimated xi^2 coefficient,0.061227565091395555,1
represented,Augmented affine,87.5,Estimated xi^2 coefficient,0.061127427916119831,1
represented,Augmented affine,87.600000000000009,Estimated xi^2 coefficient,0.061027953564380032,1
represented,Augmented affine,87.700000000000003,Estimated xi^2 coefficient,0.060929135560262991,1
represented,Augmented affine,87.800000000000011,Estimated xi^2 coefficient,0.060830967510903576,1
represented,Augmented affine,87.900000000000006,Estimated xi^2 coefficient,0.060733443105173764,1
represented,Augmented affine,88,Estimated xi^2 coefficient,0.060636556112396198,1
represented,Augmented affine,88.100000000000009,Estimated xi^2 coefficient,0.060540300381081637,1
represented,Augmented affine,88.200000000000003,Estimated xi^2 coefficient,0.060444669837689834,1
represented,Augmented affine,88.300000000000011,Estimated xi^2 coefficient,0.060349658485413273,1
represented,Augmented affine,88.400000000000006,Estimated xi^2 coefficient,0.060255260402983429,1
represented,Augmented affine,88.5,Estimated xi^2 coefficient,0.060161469743498931,1
represented,Augmented affine,88.600000000000009,Estimated xi^2 coefficient,0.060068280733275199,1
represented,Augmented affine,88.700000000000003,Estimated xi^2 coefficient,0.059975687670715157,1
represented,Augmented affine,88.800000000000011,Estimated xi^2 coefficient,0.059883684925200527,1
represented,Augmented affine,88.900000000000006,Estimated xi^2 coefficient,0.059792266936003258,1
represented,Augmented affine,89,Estimated xi^2 coefficient,0.059701428211216753,1
represented,Augmented affine,89.100000000000009,Estimated xi^2 coefficient,0.059611163326706386,1
represented,Augmented affine,89.200000000000003,Estimated xi^2 coefficient,0.059521466925078967,1
represented,Augmented affine,89.300000000000011,Estimated xi^2 coefficient,0.059432333714670715,1
represented,Augmented affine,89.400000000000006,Estimated xi^2 coefficient,0.059343758468553429,1
represented,Augmented affine,89.5,Estimated xi^2 coefficient,0.059255736023558409,1
represented,Augmented affine,89.600000000000009,Estimated xi^2 coefficient,0.059168261279317798,1
represented,Augmented affine,89.700000000000003,Estimated xi^2 coefficient,0.059081329197322972,1
represented,Augmented affine,89.800000000000011,Estimated xi^2 coefficient,0.058994934799999656,1
represented,Augmented affine,89.900000000000006,Estimated xi^2 coefficient,0.058909073169799382,1
represented,Augmented affine,90,Estimated xi^2 coefficient,0.058823739448307003,1
represented,Augmented affine,90.100000000000009,Estimated xi^2 coefficient,0.058738928835363899,1
represented,Augmented affine,90.200000000000003,Estimated xi^2 coefficient,0.058654636588206584,1
represented,Augmented affine,90.300000000000011,Estimated xi^2 coefficient,0.058570858020620377,1
represented,Augmented affine,90.400000000000006,Estimated xi^2 coefficient,0.058487588502107855,1
represented,Augmented affine,90.5,Estimated xi^2 coefficient,0.058404823457071799,1
represented,Augmented affine,90.600000000000009,Estimated xi^2 coefficient,0.058322558364010915,1
represented,Augmented affine,90.700000000000003,Estimated xi^2 coefficient,0.058240788754740494,1
represented,Augmented affine,90.800000000000011,Estimated xi^2 coefficient,0.058159510213598831,1
represented,Augmented affine,90.900000000000006,Estimated xi^2 coefficient,0.058078718376696217,1
represented,Augmented affine,91,Estimated xi^2 coefficient,0.057998408931166798,1
represented,Augmented affine,91.100000000000009,Estimated xi^2 coefficient,0.057918577614431269,1
represented,Augmented affine,91.200000000000003,Estimated xi^2 coefficient,0.057839220213472903,1
represented,Augmented affine,91.300000000000011,Estimated xi^2 coefficient,0.057760332564126299,1
represented,Augmented affine,91.400000000000006,Estimated xi^2 coefficient,0.057681910550378364,1
represented,Augmented affine,91.5,Estimated xi^2 coefficient,0.057603950103681127,1
represented,Augmented affine,91.600000000000009,Estimated xi^2 coefficient,0.057526447202276162,1
represented,Augmented affine,91.700000000000003,Estimated xi^2 coefficient,0.05744939787053039,1
represented,Augmented affine,91.800000000000011,Estimated xi^2 coefficient,0.057372798178283058,1
represented,Augmented affine,91.900000000000006,Estimated xi^2 coefficient,0.057296644240203656,1
represented,Augmented affine,92,Estimated xi^2 coefficient,0.057220932215160648,1
represented,Augmented affine,92.100000000000009,Estimated xi^2 coefficient,0.057145658305600637,1
represented,Augmented affine,92.200000000000003,Estimated xi^2 coefficient,0.057070818756937959,1
represented,Augmented affine,92.300000000000011,Estimated xi^2 coefficient,0.056996409856954346,1
represented,Augmented affine,92.400000000000006,Estimated xi^2 coefficient,0.05692242793520861,1
represented,Augmented affine,92.5,Estimated xi^2 coefficient,0.056848869362455957,1
represented,Augmented affine,92.600000000000009,Estimated xi^2 coefficient,0.056775730550077036,1
represented,Augmented affine,92.700000000000003,Estimated xi^2 coefficient,0.056703007949516222,1
represented,Augmented affine,92.800000000000011,Estimated xi^2 coefficient,0.056630698051729163,1
represented,Augmented affine,92.900000000000006,Estimated xi^2 coefficient,0.056558797386639437,1
represented,Augmented affine,93,Estimated xi^2 coefficient,0.056487302522603901,1
represented,Augmented affine,93.100000000000009,Estimated xi^2 coefficient,0.056416210065886929,1
represented,Augmented affine,93.200000000000003,Estimated xi^2 coefficient,0.056345516660143043,1
represented,Augmented affine,93.300000000000011,Estimated xi^2 coefficient,0.056275218985907975,1
represented,Augmented affine,93.400000000000006,Estimated xi^2 coefficient,0.056205313760097936,1
represented,Augmented affine,93.5,Estimated xi^2 coefficient,0.056135797735516989,1
represented,Augmented affine,93.600000000000009,Estimated xi^2 coefficient,0.056066667700372275,1
represented,Augmented affine,93.700000000000003,Estimated xi^2 coefficient,0.055997920477797024,1
represented,Augmented affine,93.800000000000011,Estimated xi^2 coefficient,0.055929552925381223,1
represented,Augmented affine,93.900000000000006,Estimated xi^2 coefficient,0.055861561934709744,1
represented,Augmented affine,94,Estimated xi^2 coefficient,0.055793944430907814,1
represented,Augmented affine,94.100000000000009,Estimated xi^2 coefficient,0.055726697372193719,1
represented,Augmented affine,94.200000000000003,Estimated xi^2 coefficient,0.055659817749438539,1
represented,Augmented affine,94.300000000000011,Estimated xi^2 coefficient,0.055593302585732911,1
represented,Augmented affine,94.400000000000006,Estimated xi^2 coefficient,0.055527148935960557,1
represented,Augmented affine,94.5,Estimated xi^2 coefficient,0.055461353886378503,1
represented,Augmented affine,94.600000000000009,Estimated xi^2 coefficient,0.05539591455420393,1
represented,Augmented affine,94.700000000000003,Estimated xi^2 coefficient,0.055330828087207462,1
represented,Augmented affine,94.800000000000011,Estimated xi^2 coefficient,0.055266091663312748,1
represented,Augmented affine,94.900000000000006,Estimated xi^2 coefficient,0.055201702490202363,1
represented,Augmented affine,95,Estimated xi^2 coefficient,0.055137657804929734,1
represented,Augmented affine,95.100000000000009,Estimated xi^2 coefficient,0.055073954873537147,1
represented,Augmented affine,95.200000000000003,Estimated xi^2 coefficient,0.05501059099067962,1
represented,Augmented affine,95.300000000000011,Estimated xi^2 coefficient,0.054947563479254558,1
represented,Augmented affine,95.400000000000006,Estimated xi^2 coefficient,0.054884869690037134,1
represented,Augmented affine,95.5,Estimated xi^2 coefficient,0.054822507001321234,1
represented,Augmented affine,95.600000000000009,Estimated xi^2 coefficient,0.054760472818565893,1
represented,Augmented affine,95.700000000000003,Estimated xi^2 coefficient,0.054698764574047154,1
represented,Augmented affine,95.800000000000011,Estimated xi^2 coefficient,0.054637379726515202,1
represented,Augmented affine,95.900000000000006,Estimated xi^2 coefficient,0.054576315760856697,1
represented,Augmented affine,96,Estimated xi^2 coefficient,0.054515570187762243,1
represented,Augmented affine,96.100000000000009,Estimated xi^2 coefficient,0.054455140543398887,1
represented,Augmented affine,96.200000000000003,Estimated xi^2 coefficient,0.054395024389087526,1
represented,Augmented affine,96.300000000000011,Estimated xi^2 coefficient,0.054335219310985207,1
represented,Augmented affine,96.400000000000006,Estimated xi^2 coefficient,0.054275722919772132,1
represented,Augmented affine,96.5,Estimated xi^2 coefficient,0.054216532850343432,1
represented,Augmented affine,96.600000000000009,Estimated xi^2 coefficient,0.05415764676150548,1
represented,Augmented affine,96.700000000000003,Estimated xi^2 coefficient,0.054099062335676726,1
represented,Augmented affine,96.800000000000011,Estimated xi^2 coefficient,0.05404077727859307,1
represented,Augmented affine,96.900000000000006,Estimated xi^2 coefficient,0.053982789319017455,1
represented,Augmented affine,97,Estimated xi^2 coefficient,0.053925096208453892,1
represented,Augmented affine,97.100000000000009,Estimated xi^2 coefficient,0.053867695720865645,1
represented,Augmented affine,97.200000000000003,Estimated xi^2 coefficient,0.053810585652397561,1
represented,Augmented affine,97.300000000000011,Estimated xi^2 coefficient,0.053753763821102502,1
represented,Augmented affine,97.400000000000006,Estimated xi^2 coefficient,0.053697228066671772,1
represented,Augmented affine,97.5,Estimated xi^2 coefficient,0.053640976250169503,1
represented,Augmented affine,97.600000000000009,Estimated xi^2 coefficient,0.053585006253770884,1
represented,Augmented affine,97.700000000000003,Estimated xi^2 coefficient,0.053529315980504241,1
represented,Augmented affine,97.800000000000011,Estimated xi^2 coefficient,0.053473903353996849,1
represented,Augmented affine,97.900000000000006,Estimated xi^2 coefficient,0.053418766318224405,1
represented,Augmented affine,98,Estimated xi^2 coefficient,0.053363902837264145,1
represented,Augmented affine,98.100000000000009,Estimated xi^2 coefficient,0.053309310895051518,1
represented,Augmented affine,98.200000000000003,Estimated xi^2 coefficient,0.053254988495140376,1
represented,Augmented affine,98.300000000000011,Estimated xi^2 coefficient,0.053200933660466548,1
represented,Augmented affine,98.400000000000006,Estimated xi^2 coefficient,0.053147144433114905,1
represented,Augmented affine,98.5,Estimated xi^2 coefficient,0.053093618874089657,1
represented,Augmented affine,98.600000000000009,Estimated xi^2 coefficient,0.053040355063087977,1
represented,Augmented affine,98.700000000000003,Estimated xi^2 coefficient,0.052987351098276798,1
represented,Augmented affine,98.800000000000011,Estimated xi^2 coefficient,0.052934605096072881,1
represented,Augmented affine,98.900000000000006,Estimated xi^2 coefficient,0.052882115190925845,1
represented,Augmented affine,99,Estimated xi^2 coefficient,0.052829879535104429,1
represented,Augmented affine,99.100000000000009,Estimated xi^2 coefficient,0.052777896298485637,1
represented,Augmented affine,99.200000000000003,Estimated xi^2 coefficient,0.052726389149698433,1
represented,Augmented affine,99.300000000000011,Estimated xi^2 coefficient,0.052674447421652643,1
represented,Augmented affine,99.400000000000006,Estimated xi^2 coefficient,0.052622481171458929,1
represented,Augmented affine,99.5,Estimated xi^2 coefficient,0.052569483092600816,1
represented,Augmented affine,99.600000000000009,Estimated xi^2 coefficient,0.052517480640750798,1
represented,Augmented affine,99.700000000000003,Estimated xi^2 coefficient,0.052482740579765687,1
represented,Augmented affine,99.800000000000011,Estimated xi^2 coefficient,0.052474220259544666,1
represented,Augmented affine,99.900000000000006,Estimated xi^2 coefficient,0.0525790188580708,1
represented,Augmented affine,100,Estimated xi^2 coefficient,0.053046269925903056,1
represented,Augmented affine,100.10000000000001,Estimated xi^2 coefficient,0.053427986383020688,1
represented,Augmented affine,100.2,Estimated xi^2 coefficient,0.053453475159788537,1
represented,Augmented affine,100.30000000000001,Estimated xi^2 coefficient,0.053394230447568226,1
represented,Augmented affine,100.40000000000001,Estimated xi^2 coefficient,0.053344454474574469,1
represented,Augmented affine,100.5,Estimated xi^2 coefficient,0.053309201877319579,1
represented,Augmented affine,100.60000000000001,Estimated xi^2 coefficient,0.053278317623014146,1
represented,Augmented affine,100.7,Estimated xi^2 coefficient,0.053247575015662636,1
represented,Augmented affine,100.80000000000001,Estimated xi^2 coefficient,0.053216815499902988,1
represented,Augmented affine,100.90000000000001,Estimated xi^2 coefficient,0.053186511933053709,1
represented,Augmented affine,101,Estimated xi^2 coefficient,0.053156834935749978,1
represented,Augmented affine,101.10000000000001,Estimated xi^2 coefficient,0.05312776951237818,1
represented,Augmented affine,101.2,Estimated xi^2 coefficient,0.053099275350532507,1
represented,Augmented affine,101.30000000000001,Estimated xi^2 coefficient,0.053071327673840124,1
represented,Augmented affine,101.40000000000001,Estimated xi^2 coefficient,0.053043910850826284,1
represented,Augmented affine,101.5,Estimated xi^2 coefficient,0.053017010898458262,1
represented,Augmented affine,101.60000000000001,Estimated xi^2 coefficient,0.052990613671626254,1
represented,Augmented affine,101.7,Estimated xi^2 coefficient,0.052964705175607515,1
represented,Augmented affine,101.80000000000001,Estimated xi^2 coefficient,0.052939271888310047,1
represented,Augmented affine,101.90000000000001,Estimated xi^2 coefficient,0.052914300814136693,1
represented,Augmented affine,102,Estimated xi^2 coefficient,0.05288977944410695,1
represented,Augmented affine,102.10000000000001,Estimated xi^2 coefficient,0.052865695718753193,1
represented,Augmented affine,102.2,Estimated xi^2 coefficient,0.0528420380049031,1
represented,Augmented affine,102.30000000000001,Estimated xi^2 coefficient,0.052818795077756504,1
represented,Augmented affine,102.40000000000001,Estimated xi^2 coefficient,0.052795956103785187,1
represented,Augmented affine,102.5,Estimated xi^2 coefficient,0.052773510623956361,1
represented,Augmented affine,102.60000000000001,Estimated xi^2 coefficient,0.052751448537637906,1
represented,Augmented affine,102.7,Estimated xi^2 coefficient,0.052729760087334307,1
represented,Augmented affine,102.80000000000001,Estimated xi^2 coefficient,0.05270843584422142,1
represented,Augmented affine,102.90000000000001,Estimated xi^2 coefficient,0.05268746669441516,1
represented,Augmented affine,103,Estimated xi^2 coefficient,0.052666843825922738,1
represented,Augmented affine,103.10000000000001,Estimated xi^2 coefficient,0.052646558716236497,1
represented,Augmented affine,103.2,Estimated xi^2 coefficient,0.052626603120534562,1
represented,Augmented affine,103.30000000000001,Estimated xi^2 coefficient,0.052606969060454326,1
represented,Augmented affine,103.40000000000001,Estimated xi^2 coefficient,0.052587648813406482,1
represented,Augmented affine,103.5,Estimated xi^2 coefficient,0.05256863490239963,1
represented,Augmented affine,103.60000000000001,Estimated xi^2 coefficient,0.052549920086346985,1
represented,Augmented affine,103.7,Estimated xi^2 coefficient,0.052531497350828876,1
represented,Augmented affine,103.80000000000001,Estimated xi^2 coefficient,0.052513359899286127,1
represented,Augmented affine,103.90000000000001,Estimated xi^2 coefficient,0.052495501144621155,1
represented,Augmented affine,104,Estimated xi^2 coefficient,0.052477914701184743,1
represented,Augmented affine,104.10000000000001,Estimated xi^2 coefficient,0.052460594377128189,1
represented,Augmented affine,104.2,Estimated xi^2 coefficient,0.052443534167101367,1
represented,Augmented affine,104.30000000000001,Estimated xi^2 coefficient,0.052426728245278671,1
represented,Augmented affine,104.40000000000001,Estimated xi^2 coefficient,0.052410170958695684,1
represented,Augmented affine,104.5,Estimated xi^2 coefficient,0.052393856820880685,1
represented,Augmented affine,104.60000000000001,Estimated xi^2 coefficient,0.052377780505765754,1
represented,Augmented affine,104.7,Estimated xi^2 coefficient,0.052361936841863251,1
represented,Augmented affine,104.80000000000001,Estimated xi^2 coefficient,0.052346320806694387,1
represented,Augmented affine,104.90000000000001,Estimated xi^2 coefficient,0.052330927521457106,1
represented,Augmented affine,105,Estimated xi^2 coefficient,0.052315752245921436,1
represented,Augmented affine,105.10000000000001,Estimated xi^2 coefficient,0.052300790373541031,1
represented,Augmented affine,105.2,Estimated xi^2 coefficient,0.052286037426770342,1
represented,Augmented affine,105.30000000000001,Estimated xi^2 coefficient,0.052271489052577377,1
represented,Augmented affine,105.40000000000001,Estimated xi^2 coefficient,0.052257141018142474,1
represented,Augmented affine,105.5,Estimated xi^2 coefficient,0.052242989206734321,1
represented,Augmented affine,105.60000000000001,Estimated xi^2 coefficient,0.052229029613754689,1
represented,Augmented affine,105.7,Estimated xi^2 coefficient,0.052215258342943785,1
represented,Augmented affine,105.80000000000001,Estimated xi^2 coefficient,0.052201671602738801,1
represented,Augmented affine,105.90000000000001,Estimated xi^2 coefficient,0.052188265702778396,1
represented,Augmented affine,106,Estimated xi^2 coefficient,0.052175037050546422,1
represented,Augmented affine,106.10000000000001,Estimated xi^2 coefficient,0.052161982148148288,1
represented,Augmented affine,106.2,Estimated xi^2 coefficient,0.052149097589214155,1
represented,Augmented affine,106.30000000000001,Estimated xi^2 coefficient,0.052136380055922887,1
represented,Augmented affine,106.40000000000001,Estimated xi^2 coefficient,0.052123826316141528,1
represented,Augmented affine,106.5,Estimated xi^2 coefficient,0.052111433220674928,1
represented,Augmented affine,106.60000000000001,Estimated xi^2 coefficient,0.052099197700620749,1
represented,Augmented affine,106.7,Estimated xi^2 coefficient,0.05208711676482506,1
represented,Augmented affine,106.80000000000001,Estimated xi^2 coefficient,0.052075187497434172,1
represented,Augmented affine,106.90000000000001,Estimated xi^2 coefficient,0.052063407055538358,1
represented,Augmented affine,107,Estimated xi^2 coefficient,0.052051772666903626,1
represented,Augmented affine,107.10000000000001,Estimated xi^2 coefficient,0.052040281627787614,1
represented,Augmented affine,107.2,Estimated xi^2 coefficient,0.052028931300836023,1
represented,Augmented affine,107.30000000000001,Estimated xi^2 coefficient,0.052017719113056145,1
represented,Augmented affine,107.40000000000001,Estimated xi^2 coefficient,0.052006642553864176,1
represented,Augmented affine,107.5,Estimated xi^2 coefficient,0.051995699173203284,1
represented,Augmented affine,107.60000000000001,Estimated xi^2 coefficient,0.051984886579729335,1
represented,Augmented affine,107.7,Estimated xi^2 coefficient,0.051974202439061576,1
represented,Augmented affine,107.80000000000001,Estimated xi^2 coefficient,0.051963644472095456,1
represented,Augmented affine,107.90000000000001,Estimated xi^2 coefficient,0.051953210453375157,1
represented,Augmented affine,108,Estimated xi^2 coefficient,0.051942898209523296,1
represented,Augmented affine,108.10000000000001,Estimated xi^2 coefficient,0.051932705617725415,1
represented,Augmented affine,108.2,Estimated xi^2 coefficient,0.051922630604267217,1
represented,Augmented affine,108.30000000000001,Estimated xi^2 coefficient,0.051912671143122278,1
represented,Augmented affine,108.40000000000001,Estimated xi^2 coefficient,0.051902825254588177,1
represented,Augmented affine,108.5,Estimated xi^2 coefficient,0.05189309100396932,1
represented,Augmented affine,108.60000000000001,Estimated xi^2 coefficient,0.051883466500304336,1
represented,Augmented affine,108.7,Estimated xi^2 coefficient,0.051873949895136572,1
represented,Augmented affine,108.80000000000001,Estimated xi^2 coefficient,0.051864539381325681,1
represented,Augmented affine,108.90000000000001,Estimated xi^2 coefficient,0.051855233191899081,1
represented,Augmented affine,109,Estimated xi^2 coefficient,0.051846029598941336,1
represented,Augmented affine,109.10000000000001,Estimated xi^2 coefficient,0.05183692691252037,1
represented,Augmented affine,109.2,Estimated xi^2 coefficient,0.051827923479648791,1
represented,Augmented affine,109.30000000000001,Estimated xi^2 coefficient,0.051819017683279206,1
represented,Augmented affine,109.40000000000001,Estimated xi^2 coefficient,0.051810207941332155,1
represented,Augmented affine,109.5,Estimated xi^2 coefficient,0.05180149270575541,1
represented,Augmented affine,109.60000000000001,Estimated xi^2 coefficient,0.051792870461613516,1
represented,Augmented affine,109.7,Estimated xi^2 coefficient,0.051784339726206399,1
represented,Augmented affine,109.80000000000001,Estimated xi^2 coefficient,0.051775899048216029,1
represented,Augmented affine,109.90000000000001,Estimated xi^2 coefficient,0.051767547006880001,1
represented,Augmented affine,110,Estimated xi^2 coefficient,0.051759282211191165,1
represented,Augmented affine,110.10000000000001,Estimated xi^2 coefficient,0.051751103299122254,1
represented,Augmented affine,110.2,Estimated xi^2 coefficient,0.051743008936874647,1
represented,Augmented affine,110.30000000000001,Estimated xi^2 coefficient,0.051734997818150399,1
represented,Augmented affine,110.40000000000001,Estimated xi^2 coefficient,0.051727068663446701,1
represented,Augmented affine,110.5,Estimated xi^2 coefficient,0.051719220219371968,1
represented,Augmented affine,110.60000000000001,Estimated xi^2 coefficient,0.05171145125798271,1
represented,Augmented affine,110.7,Estimated xi^2 coefficient,0.051703760576140623,1
represented,Augmented affine,110.80000000000001,Estimated xi^2 coefficient,0.051696146994888961,1
represented,Augmented affine,110.90000000000001,Estimated xi^2 coefficient,0.051688609358847774,1
represented,Augmented affine,111,Estimated xi^2 coefficient,0.051681146535627109,1
represented,Augmented affine,111.10000000000001,Estimated xi^2 coefficient,0.051673757415257648,1
represented,Augmented affine,111.2,Estimated xi^2 coefficient,0.051666440909638289,1
represented,Augmented affine,111.30000000000001,Estimated xi^2 coefficient,0.051659195951999914,1
represented,Augmented affine,111.40000000000001,Estimated xi^2 coefficient,0.051652021496384856,1
represented,Augmented affine,111.5,Estimated xi^2 coefficient,0.051644916517141599,1
represented,Augmented affine,111.60000000000001,Estimated xi^2 coefficient,0.05163788000843407,1
represented,Augmented affine,111.7,Estimated xi^2 coefficient,0.051630910983765148,1
represented,Augmented affine,111.80000000000001,Estimated xi^2 coefficient,0.051624008475513829,1
represented,Augmented affine,111.90000000000001,Estimated xi^2 coefficient,0.051617171534485667,1
represented,Augmented affine,112,Estimated xi^2 coefficient,0.051610399229475939,1
represented,Augmented affine,112.10000000000001,Estimated xi^2 coefficient,0.051603690646845272,1
represented,Augmented affine,112.2,Estimated xi^2 coefficient,0.051597044890107156,1
represented,Augmented affine,112.30000000000001,Estimated xi^2 coefficient,0.051590461079527056,1
represented,Augmented affine,112.40000000000001,Estimated xi^2 coefficient,0.051583938351732736,1
represented,Augmented affine,112.5,Estimated xi^2 coefficient,0.051577475859335413,1
represented,Augmented affine,112.60000000000001,Estimated xi^2 coefficient,0.051571072770561374,1
represented,Augmented affine,112.7,Estimated xi^2 coefficient,0.051564728268893717,1
represented,Augmented affine,112.80000000000001,Estimated xi^2 coefficient,0.051558441552723981,1
represented,Augmented affine,112.90000000000001,Estimated xi^2 coefficient,0.051552211835013247,1
represented,Augmented affine,113,Estimated xi^2 coefficient,0.051546038342962411,1
represented,Augmented affine,113.10000000000001,Estimated xi^2 coefficient,0.051539920317691432,1
represented,Augmented affine,113.2,Estimated xi^2 coefficient,0.051533857013927195,1
represented,Augmented affine,113.30000000000001,Estimated xi^2 coefficient,0.051527847699699716,1
represented,Augmented affine,113.40000000000001,Estimated xi^2 coefficient,0.051521891656046474,1
represented,Augmented affine,113.5,Estimated xi^2 coefficient,0.051515988176724613,1
represented,Augmented affine,113.60000000000001,Estimated xi^2 coefficient,0.051510136567930721,1
represented,Augmented affine,113.7,Estimated xi^2 coefficient,0.051504336148028011,1
represented,Augmented affine,113.80000000000001,Estimated xi^2 coefficient,0.051498586247280619,1
represented,Augmented affine,113.90000000000001,Estimated xi^2 coefficient,0.051492886207594929,1
represented,Augmented affine,114,Estimated xi^2 coefficient,0.051487235382267467,1
represented,Augmented affine,114.10000000000001,Estimated xi^2 coefficient,0.051481633135739474,1
represented,Augmented affine,114.2,Estimated xi^2 coefficient,0.051476078843357725,1
represented,Augmented affine,114.30000000000001,Estimated xi^2 coefficient,0.051470571891141445,1
represented,Augmented affine,114.40000000000001,Estimated xi^2 coefficient,0.051465111675555286,1
represented,Augmented affine,114.5,Estimated xi^2 coefficient,0.051459697603287981,1
represented,Augmented affine,114.60000000000001,Estimated xi^2 coefficient,0.05145432909103665,1
represented,Augmented affine,114.7,Estimated xi^2 coefficient,0.051449005565296552,1
represented,Augmented affine,114.80000000000001,Estimated xi^2 coefficient,0.051443726462156093,1
represented,Augmented affine,114.90000000000001,Estimated xi^2 coefficient,0.051438491227096941,1
represented,Augmented affine,115,Estimated xi^2 coefficient,0.051433299314799216,1
represented,Augmented affine,115.10000000000001,Estimated xi^2 coefficient,0.051428150188951395,1
represented,Augmented affine,115.2,Estimated xi^2 coefficient,0.051423043322064946,1
represented,Augmented affine,115.30000000000001,Estimated xi^2 coefficient,0.05141797819529359,1
represented,Augmented affine,115.40000000000001,Estimated xi^2 coefficient,0.051412954298256923,1
represented,Augmented affine,115.5,Estimated xi^2 coefficient,0.051407971128868322,1
represented,Augmented affine,115.60000000000001,Estimated xi^2 coefficient,0.051403028193167118,1
represented,Augmented affine,115.7,Estimated xi^2 coefficient,0.051398125005154741,1
represented,Augmented affine,115.80000000000001,Estimated xi^2 coefficient,0.051393261086634862,1
represented,Augmented affine,115.90000000000001,Estimated xi^2 coefficient,0.051388435967057403,1
represented,Augmented affine,116,Estimated xi^2 coefficient,0.05138364918336618,1
represented,Augmented affine,116.10000000000001,Estimated xi^2 coefficient,0.051378900279850273,1
represented,Augmented affine,116.2,Estimated xi^2 coefficient,0.051374188807998836,1
represented,Augmented affine,116.30000000000001,Estimated xi^2 coefficient,0.051369514326359479,1
represented,Augmented affine,116.40000000000001,Estimated xi^2 coefficient,0.051364876400399773,1
represented,Augmented affine,116.5,Estimated xi^2 coefficient,0.051360274602372177,1
represented,Augmented affine,116.60000000000001,Estimated xi^2 coefficient,0.051355708511182069,1
represented,Augmented affine,116.7,Estimated xi^2 coefficient,0.051351177712258791,1
represented,Augmented affine,116.80000000000001,Estimated xi^2 coefficient,0.05134668179742978,1
represented,Augmented affine,116.90000000000001,Estimated xi^2 coefficient,0.051342220364797485,1
represented,Augmented affine,117,Estimated xi^2 coefficient,0.051337793018619252,1
represented,Augmented affine,117.10000000000001,Estimated xi^2 coefficient,0.051333399369189833,1
represented,Augmented affine,117.2,Estimated xi^2 coefficient,0.051329039032726669,1
represented,Augmented affine,117.30000000000001,Estimated xi^2 coefficient,0.051324711631257701,1
represented,Augmented affine,117.40000000000001,Estimated xi^2 coefficient,0.051320416792511807,1
represented,Augmented affine,117.5,Estimated xi^2 coefficient,0.051316154149811645,1
represented,Augmented affine,117.60000000000001,Estimated xi^2 coefficient,0.051311923341968949,1
represented,Augmented affine,117.7,Estimated xi^2 coefficient,0.051307724013182086,1
represented,Augmented affine,117.80000000000001,Estimated xi^2 coefficient,0.051303555812936046,1
represented,Augmented affine,117.90000000000001,Estimated xi^2 coefficient,0.051299418395904475,1
represented,Augmented affine,118,Estimated xi^2 coefficient,0.051295311421854069,1
represented,Augmented affine,118.10000000000001,Estimated xi^2 coefficient,0.051291234555550881,1
represented,Augmented affine,118.2,Estimated xi^2 coefficient,0.051287187466668875,1
represented,Augmented affine,118.30000000000001,Estimated xi^2 coefficient,0.051283169829700298,1
represented,Augmented affine,118.40000000000001,Estimated xi^2 coefficient,0.051279181323868196,1
represented,Augmented affine,118.5,Estimated xi^2 coefficient,0.051275221633040671,1
represented,Augmented affine,118.60000000000001,Estimated xi^2 coefficient,0.051271290445647072,1
represented,Augmented affine,118.7,Estimated xi^2 coefficient,0.051267387454596039,1
represented,Augmented affine,118.80000000000001,Estimated xi^2 coefficient,0.05126351235719516,1
represented,Augmented affine,118.90000000000001,Estimated xi^2 coefficient,0.051259664855072558,1
represented,Augmented affine,119,Estimated xi^2 coefficient,0.051255844654099922,1
represented,Augmented affine,119.10000000000001,Estimated xi^2 coefficient,0.051252051464317404,1
represented,Augmented affine,119.2,Estimated xi^2 coefficient,0.051248284999859908,1
represented,Augmented affine,119.30000000000001,Estimated xi^2 coefficient,0.051244544978885087,1
represented,Augmented affine,119.40000000000001,Estimated xi^2 coefficient,0.051240831123502757,1
represented,Augmented affine,119.5,Estimated xi^2 coefficient,0.051237143159705859,1
represented,Augmented affine,119.60000000000001,Estimated xi^2 coefficient,0.051233480817302793,1
represented,Augmented affine,119.7,Estimated xi^2 coefficient,0.051229843829851268,1
represented,Augmented affine,119.80000000000001,Estimated xi^2 coefficient,0.051226231934593407,1
represented,Augmented affine,119.90000000000001,Estimated xi^2 coefficient,0.051222644872392253,1
represented,Complete quadratic,45,Estimated xi^2 coefficient,0.00012252837710281198,1
represented,Complete quadratic,45.100000000000001,Estimated xi^2 coefficient,0.00012255115253347303,1
represented,Complete quadratic,45.200000000000003,Estimated xi^2 coefficient,0.00012257351061606479,1
represented,Complete quadratic,45.300000000000004,Estimated xi^2 coefficient,0.00012259546271836102,1
represented,Complete quadratic,45.400000000000006,Estimated xi^2 coefficient,0.00012261701979899623,1
represented,Complete quadratic,45.5,Estimated xi^2 coefficient,0.00012263819242570292,1
represented,Complete quadratic,45.600000000000001,Estimated xi^2 coefficient,0.0001226589907925919,1
represented,Complete quadratic,45.700000000000003,Estimated xi^2 coefficient,0.00012267942473651877,1
represented,Complete quadratic,45.800000000000004,Estimated xi^2 coefficient,0.00012269950375259835,1
represented,Complete quadratic,45.900000000000006,Estimated xi^2 coefficient,0.00012271923700891076,1
represented,Complete quadratic,46,Estimated xi^2 coefficient,0.00012273863336047456,1
represented,Complete quadratic,46.100000000000001,Estimated xi^2 coefficient,0.00012275770136248722,1
represented,Complete quadratic,46.200000000000003,Estimated xi^2 coefficient,0.00012277644928290667,1
represented,Complete quadratic,46.300000000000004,Estimated xi^2 coefficient,0.00012279488511441632,1
represented,Complete quadratic,46.400000000000006,Estimated xi^2 coefficient,0.00012281301658577184,1
represented,Complete quadratic,46.5,Estimated xi^2 coefficient,0.00012283085117262456,1
represented,Complete quadratic,46.600000000000001,Estimated xi^2 coefficient,0.0001228483961077798,1
represented,Complete quadratic,46.700000000000003,Estimated xi^2 coefficient,0.00012286565839099705,1
represented,Complete quadratic,46.800000000000004,Estimated xi^2 coefficient,0.00012288264479827464,1
represented,Complete quadratic,46.900000000000006,Estimated xi^2 coefficient,0.00012289936189075721,1
represented,Complete quadratic,47,Estimated xi^2 coefficient,0.0001229158160231425,1
represented,Complete quadratic,47.100000000000001,Estimated xi^2 coefficient,0.000122932013351782,1
represented,Complete quadratic,47.200000000000003,Estimated xi^2 coefficient,0.00012294795984232017,1
represented,Complete quadratic,47.300000000000004,Estimated xi^2 coefficient,0.00012296366127704641,1
represented,Complete quadratic,47.400000000000006,Estimated xi^2 coefficient,0.00012297912326187854,1
represented,Complete quadratic,47.5,Estimated xi^2 coefficient,0.00012299435123303725,1
represented,Complete quadratic,47.600000000000001,Estimated xi^2 coefficient,0.00012300935046341584,1
represented,Complete quadratic,47.700000000000003,Estimated xi^2 coefficient,0.00012302412606867143,1
represented,Complete quadratic,47.800000000000004,Estimated xi^2 coefficient,0.00012303868301304915,1
represented,Complete quadratic,47.900000000000006,Estimated xi^2 coefficient,0.00012305302611492286,1
represented,Complete quadratic,48,Estimated xi^2 coefficient,0.0001230671600521393,1
represented,Complete quadratic,48.100000000000001,Estimated xi^2 coefficient,0.00012308108936708549,1
represented,Complete quadratic,48.200000000000003,Estimated xi^2 coefficient,0.00012309481847157125,1
represented,Complete quadratic,48.300000000000004,Estimated xi^2 coefficient,0.00012310835165146359,1
represented,Complete quadratic,48.400000000000006,Estimated xi^2 coefficient,0.00012312169307118255,1
represented,Complete quadratic,48.5,Estimated xi^2 coefficient,0.00012313484677794632,1
represented,Complete quadratic,48.600000000000001,Estimated xi^2 coefficient,0.00012314781670587658,1
represented,Complete quadratic,48.700000000000003,Estimated xi^2 coefficient,0.00012316060667992565,1
represented,Complete quadratic,48.800000000000004,Estimated xi^2 coefficient,0.00012317322041961604,1
represented,Complete quadratic,48.900000000000006,Estimated xi^2 coefficient,0.00012318566154267689,1
represented,Complete quadratic,49,Estimated xi^2 coefficient,0.00012319793356848632,1
represented,Complete quadratic,49.100000000000001,Estimated xi^2 coefficient,0.0001232100399213924,1
represented,Complete quadratic,49.200000000000003,Estimated xi^2 coefficient,0.00012322198393389876,1
represented,Complete quadratic,49.300000000000004,Estimated xi^2 coefficient,0.00012323376884973086,1
represented,Complete quadratic,49.400000000000006,Estimated xi^2 coefficient,0.0001232453978267639,1
represented,Complete quadratic,49.5,Estimated xi^2 coefficient,0.000123256873939847,1
represented,Complete quadratic,49.600000000000001,Estimated xi^2 coefficient,0.0001232682001835114,1
represented,Complete quadratic,49.700000000000003,Estimated xi^2 coefficient,0.00012327937947458593,1
represented,Complete quadratic,49.800000000000004,Estimated xi^2 coefficient,0.00012329041465469485,1
represented,Complete quadratic,49.900000000000006,Estimated xi^2 coefficient,0.00012330130849266024,1
represented,Complete quadratic,50,Estimated xi^2 coefficient,0.00012331206368682319,1
represented,Complete quadratic,50.100000000000001,Estimated xi^2 coefficient,0.001141676803733673,1
represented,Complete quadratic,50.200000000000003,Estimated xi^2 coefficient,0.0034477708662455325,1
represented,Complete quadratic,50.300000000000004,Estimated xi^2 coefficient,0.007635700493393246,1
represented,Complete quadratic,50.400000000000006,Estimated xi^2 coefficient,0.012730434602697273,1
represented,Complete quadratic,50.5,Estimated xi^2 coefficient,0.018086096467966654,1
represented,Complete quadratic,50.600000000000001,Estimated xi^2 coefficient,0.023431218505635017,1
represented,Complete quadratic,50.700000000000003,Estimated xi^2 coefficient,0.028665231367663982,1
represented,Complete quadratic,50.800000000000004,Estimated xi^2 coefficient,0.033758705419583472,1
represented,Complete quadratic,50.900000000000006,Estimated xi^2 coefficient,0.038710373602759279,1
represented,Complete quadratic,51,Estimated xi^2 coefficient,0.043528898157774887,1
represented,Complete quadratic,51.100000000000001,Estimated xi^2 coefficient,0.04821969941925628,1
represented,Complete quadratic,51.200000000000003,Estimated xi^2 coefficient,0.052787388812814674,1
represented,Complete quadratic,51.300000000000004,Estimated xi^2 coefficient,0.057235090372979157,1
represented,Complete quadratic,51.400000000000006,Estimated xi^2 coefficient,0.061565221271678849,1
represented,Complete quadratic,51.5,Estimated xi^2 coefficient,0.065779976059858455,1
represented,Complete quadratic,51.600000000000001,Estimated xi^2 coefficient,0.06988154481826582,1
represented,Complete quadratic,51.700000000000003,Estimated xi^2 coefficient,0.073872194110043393,1
represented,Complete quadratic,51.800000000000004,Estimated xi^2 coefficient,0.077754282539091682,1
represented,Complete quadratic,51.900000000000006,Estimated xi^2 coefficient,0.081530249355212692,1
represented,Complete quadratic,52,Estimated xi^2 coefficient,0.085202594951213628,1
represented,Complete quadratic,52.100000000000001,Estimated xi^2 coefficient,0.088773861200058785,1
represented,Complete quadratic,52.200000000000003,Estimated xi^2 coefficient,0.092246613950043424,1
represented,Complete quadratic,52.300000000000004,Estimated xi^2 coefficient,0.095623428122746726,1
represented,Complete quadratic,52.400000000000006,Estimated xi^2 coefficient,0.098906875137954015,1
represented,Complete quadratic,52.5,Estimated xi^2 coefficient,0.10209951231101694,1
represented,Complete quadratic,52.600000000000001,Estimated xi^2 coefficient,0.10520387392617331,1
represented,Complete quadratic,52.700000000000003,Estimated xi^2 coefficient,0.10822246375446265,1
represented,Complete quadratic,52.800000000000004,Estimated xi^2 coefficient,0.11115774882977753,1
represented,Complete quadratic,52.900000000000006,Estimated xi^2 coefficient,0.11401215432486417,1
represented,Complete quadratic,53,Estimated xi^2 coefficient,0.1167880593885251,1
represented,Complete quadratic,53.100000000000001,Estimated xi^2 coefficient,0.1194877938207843,1
represented,Complete quadratic,53.200000000000003,Estimated xi^2 coefficient,0.12211363547642125,1
represented,Complete quadratic,53.300000000000004,Estimated xi^2 coefficient,0.12466780829967182,1
represented,Complete quadratic,53.400000000000006,Estimated xi^2 coefficient,0.12710515698830949,1
represented,Complete quadratic,53.5,Estimated xi^2 coefficient,0.12943388828792127,1
represented,Complete quadratic,53.600000000000001,Estimated xi^2 coefficient,0.13166123573640601,1
represented,Complete quadratic,53.700000000000003,Estimated xi^2 coefficient,0.13379415761903665,1
represented,Complete quadratic,53.800000000000004,Estimated xi^2 coefficient,0.1358391586728335,1
represented,Complete quadratic,53.900000000000006,Estimated xi^2 coefficient,0.13780213526515103,1
represented,Complete quadratic,54,Estimated xi^2 coefficient,0.13968839559204291,1
represented,Complete quadratic,54.100000000000001,Estimated xi^2 coefficient,0.14150274888498079,1
represented,Complete quadratic,54.200000000000003,Estimated xi^2 coefficient,0.14324958346069816,1
represented,Complete quadratic,54.300000000000004,Estimated xi^2 coefficient,0.1449329190649877,1
represented,Complete quadratic,54.400000000000006,Estimated xi^2 coefficient,0.14655644482715371,1
represented,Complete quadratic,54.5,Estimated xi^2 coefficient,0.1481235521341189,1
represented,Complete quadratic,54.600000000000001,Estimated xi^2 coefficient,0.14963736490540666,1
represented,Complete quadratic,54.700000000000003,Estimated xi^2 coefficient,0.15110076683617432,1
represented,Complete quadratic,54.800000000000004,Estimated xi^2 coefficient,0.15251642527001363,1
represented,Complete quadratic,54.900000000000006,Estimated xi^2 coefficient,0.15388681201629567,1
represented,Complete quadratic,55,Estimated xi^2 coefficient,0.15521422165244519,1
represented,Complete quadratic,55.100000000000001,Estimated xi^2 coefficient,0.15650078774979687,1
represented,Complete quadratic,55.200000000000003,Estimated xi^2 coefficient,0.15774849731686041,1
represented,Complete quadratic,55.300000000000004,Estimated xi^2 coefficient,0.15895920367678076,1
represented,Complete quadratic,55.400000000000006,Estimated xi^2 coefficient,0.16013463796770336,1
represented,Complete quadratic,55.5,Estimated xi^2 coefficient,0.16127641943746324,1
represented,Complete quadratic,55.600000000000001,Estimated xi^2 coefficient,0.1623860646831255,1
represented,Complete quadratic,55.700000000000003,Estimated xi^2 coefficient,0.16346499596373376,1
represented,Complete quadratic,55.800000000000004,Estimated xi^2 coefficient,0.16451454869547663,1
represented,Complete quadratic,55.900000000000006,Estimated xi^2 coefficient,0.16553597822333554,1
represented,Complete quadratic,56,Estimated xi^2 coefficient,0.1665304659510419,1
represented,Complete quadratic,56.100000000000001,Estimated xi^2 coefficient,0.16749912490076194,1
represented,Complete quadratic,56.200000000000003,Estimated xi^2 coefficient,0.16844300476486601,1
represented,Complete quadratic,56.300000000000004,Estimated xi^2 coefficient,0.16936309650429368,1
represented,Complete quadratic,56.400000000000006,Estimated xi^2 coefficient,0.17026033654129666,1
represented,Complete quadratic,56.5,Estimated xi^2 coefficient,0.17113561058856749,1
represented,Complete quadratic,56.600000000000001,Estimated xi^2 coefficient,0.17198975715178605,1
represented,Complete quadratic,56.700000000000003,Estimated xi^2 coefficient,0.17282357073829641,1
represented,Complete quadratic,56.800000000000004,Estimated xi^2 coefficient,0.17363780480087346,1
represented,Complete quadratic,56.900000000000006,Estimated xi^2 coefficient,0.17443317444226605,1
represented,Complete quadratic,57,Estimated xi^2 coefficient,0.17521035890334818,1
represented,Complete quadratic,57.100000000000001,Estimated xi^2 coefficient,0.17597000385521336,1
represented,Complete quadratic,57.200000000000003,Estimated xi^2 coefficient,0.17671272351335643,1
represented,Complete quadratic,57.300000000000004,Estimated xi^2 coefficient,0.17743910259016293,1
represented,Complete quadratic,57.400000000000006,Estimated xi^2 coefficient,0.17814969810023035,1
represented,Complete quadratic,57.5,Estimated xi^2 coefficient,0.17884504103155072,1
represented,Complete quadratic,57.600000000000001,Estimated xi^2 coefficient,0.17952563789426107,1
represented,Complete quadratic,57.700000000000003,Estimated xi^2 coefficient,0.18019197215749724,1
represented,Complete quadratic,57.800000000000004,Estimated xi^2 coefficient,0.1808445055838469,1
represented,Complete quadratic,57.900000000000006,Estimated xi^2 coefficient,0.18148367946997351,1
represented,Complete quadratic,58,Estimated xi^2 coefficient,0.18210991580116129,1
represented,Complete quadratic,58.100000000000001,Estimated xi^2 coefficient,0.1827236183267959,1
represented,Complete quadratic,58.200000000000003,Estimated xi^2 coefficient,0.18332517356314099,1
represented,Complete quadratic,58.300000000000004,Estimated xi^2 coefficient,0.18391495172918357,1
represented,Complete quadratic,58.400000000000006,Estimated xi^2 coefficient,0.18449330762079577,1
represented,Complete quadratic,58.5,Estimated xi^2 coefficient,0.18506058142798876,1
represented,Complete quadratic,58.600000000000001,Estimated xi^2 coefficient,0.18561709949961019,1
represented,Complete quadratic,58.700000000000003,Estimated xi^2 coefficient,0.18616317505945537,1
represented,Complete quadratic,58.800000000000004,Estimated xi^2 coefficient,0.18669910887741822,1
represented,Complete quadratic,58.900000000000006,Estimated xi^2 coefficient,0.18722518989899772,1
represented,Complete quadratic,59,Estimated xi^2 coefficient,0.18774169583619485,1
represented,Complete quadratic,59.100000000000001,Estimated xi^2 coefficient,0.18824889372258186,1
represented,Complete quadratic,59.200000000000003,Estimated xi^2 coefficient,0.18844224011347649,1
represented,Complete quadratic,59.300000000000004,Estimated xi^2 coefficient,0.1890940183151667,1
represented,Complete quadratic,59.400000000000006,Estimated xi^2 coefficient,0.18983511627272825,1
represented,Complete quadratic,59.5,Estimated xi^2 coefficient,0.19043843077003078,1
represented,Complete quadratic,59.600000000000001,Estimated xi^2 coefficient,0.18945390744334703,1
represented,Complete quadratic,59.700000000000003,Estimated xi^2 coefficient,0.17924827028523099,1
represented,Complete quadratic,59.800000000000004,Estimated xi^2 coefficient,0.16665404394254638,1
represented,Complete quadratic,59.900000000000006,Estimated xi^2 coefficient,0.15933971494815324,1
represented,Complete quadratic,60,Estimated xi^2 coefficient,0.15770786205902429,1
represented,Complete quadratic,60.100000000000001,Estimated xi^2 coefficient,0.15716931807044754,1
represented,Complete quadratic,60.200000000000003,Estimated xi^2 coefficient,0.15625782941050514,1
represented,Complete quadratic,60.300000000000004,Estimated xi^2 coefficient,0.15566412288085088,1
represented,Complete quadratic,60.400000000000006,Estimated xi^2 coefficient,0.1551492391371975,1
represented,Complete quadratic,60.5,Estimated xi^2 coefficient,0.15464795082968438,1
represented,Complete quadratic,60.600000000000001,Estimated xi^2 coefficient,0.15415306207596913,1
represented,Complete quadratic,60.700000000000003,Estimated xi^2 coefficient,0.15366549750756237,1
represented,Complete quadratic,60.800000000000004,Estimated xi^2 coefficient,0.15318574630234144,1
represented,Complete quadratic,60.900000000000006,Estimated xi^2 coefficient,0.15271376408914941,1
represented,Complete quadratic,61,Estimated xi^2 coefficient,0.15224937190461971,1
represented,Complete quadratic,61.100000000000001,Estimated xi^2 coefficient,0.1517923816420674,1
represented,Complete quadratic,61.200000000000003,Estimated xi^2 coefficient,0.15134261366907883,1
represented,Complete quadratic,61.300000000000004,Estimated xi^2 coefficient,0.15089989562419592,1
represented,Complete quadratic,61.400000000000006,Estimated xi^2 coefficient,0.15046406098705692,1
represented,Complete quadratic,61.5,Estimated xi^2 coefficient,0.15003494854391367,1
represented,Complete quadratic,61.600000000000001,Estimated xi^2 coefficient,0.14961240214336644,1
represented,Complete quadratic,61.700000000000003,Estimated xi^2 coefficient,0.14919627050160902,1
represented,Complete quadratic,61.800000000000004,Estimated xi^2 coefficient,0.14878640701483692,1
represented,Complete quadratic,61.900000000000006,Estimated xi^2 coefficient,0.14838266957793883,1
represented,Complete quadratic,62,Estimated xi^2 coefficient,0.14798492041101127,1
represented,Complete quadratic,62.100000000000001,Estimated xi^2 coefficient,0.14759302589386347,1
represented,Complete quadratic,62.200000000000003,Estimated xi^2 coefficient,0.14720685640816095,1
represented,Complete quadratic,62.300000000000004,Estimated xi^2 coefficient,0.14682628618679056,1
represented,Complete quadratic,62.400000000000006,Estimated xi^2 coefficient,0.14645119317005581,1
represented,Complete quadratic,62.5,Estimated xi^2 coefficient,0.14608145886833843,1
represented,Complete quadratic,62.600000000000001,Estimated xi^2 coefficient,0.14571696823088631,1
represented,Complete quadratic,62.700000000000003,Estimated xi^2 coefficient,0.14535760952040896,1
represented,Complete quadratic,62.800000000000004,Estimated xi^2 coefficient,0.14500327419317929,1
represented,Complete quadratic,62.900000000000006,Estimated xi^2 coefficient,0.14465385678435971,1
represented,Complete quadratic,63,Estimated xi^2 coefficient,0.14430925479828638,1
represented,Complete quadratic,63.100000000000001,Estimated xi^2 coefficient,0.14396936860346082,1
represented,Complete quadratic,63.200000000000003,Estimated xi^2 coefficient,0.14363410133201315,1
represented,Complete quadratic,63.300000000000004,Estimated xi^2 coefficient,0.14330335878341419,1
represented,Complete quadratic,63.400000000000006,Estimated xi^2 coefficient,0.14297704933222644,1
represented,Complete quadratic,63.5,Estimated xi^2 coefficient,0.14265508383969647,1
represented,Complete quadratic,63.600000000000001,Estimated xi^2 coefficient,0.14233737556900108,1
represented,Complete quadratic,63.700000000000003,Estimated xi^2 coefficient,0.14202384010397123,1
represented,Complete quadratic,63.800000000000004,Estimated xi^2 coefficient,0.14171439527112678,1
represented,Complete quadratic,63.900000000000006,Estimated xi^2 coefficient,0.14140896106486425,1
represented,Complete quadratic,64,Estimated xi^2 coefficient,0.14110745957564905,1
represented,Complete quadratic,64.100000000000009,Estimated xi^2 coefficient,0.14080981492107061,1
represented,Complete quadratic,64.200000000000003,Estimated xi^2 coefficient,0.14051595317962742,1
represented,Complete quadratic,64.299999999999997,Estimated xi^2 coefficient,0.14022580232711532,1
represented,Complete quadratic,64.400000000000006,Estimated xi^2 coefficient,0.13993929217549983,1
represented,Complete quadratic,64.5,Estimated xi^2 coefficient,0.13965635431415874,1
represented,Complete quadratic,64.600000000000009,Estimated xi^2 coefficient,0.13937692205338792,1
represented,Complete quadratic,64.700000000000003,Estimated xi^2 coefficient,0.13910093037006804,1
represented,Complete quadratic,64.799999999999997,Estimated xi^2 coefficient,0.13882831585539609,1
represented,Complete quadratic,64.900000000000006,Estimated xi^2 coefficient,0.13855901666458967,1
represented,Complete quadratic,65,Estimated xi^2 coefficient,0.1382929724684771,1
represented,Complete quadratic,65.100000000000009,Estimated xi^2 coefficient,0.1380301244068908,1
represented,Complete quadratic,65.200000000000003,Estimated xi^2 coefficient,0.13777041504378529,1
represented,Complete quadratic,65.299999999999997,Estimated xi^2 coefficient,0.13751378832400551,1
represented,Complete quadratic,65.400000000000006,Estimated xi^2 coefficient,0.13726018953163424,1
represented,Complete quadratic,65.5,Estimated xi^2 coefficient,0.13700956524985125,1
represented,Complete quadratic,65.600000000000009,Estimated xi^2 coefficient,0.13676186332224038,1
represented,Complete quadratic,65.700000000000003,Estimated xi^2 coefficient,0.13651703281548322,1
represented,Complete quadratic,65.799999999999997,Estimated xi^2 coefficient,0.13627502398338118,1
represented,Complete quadratic,65.900000000000006,Estimated xi^2 coefficient,0.13603578823215126,1
represented,Complete quadratic,66,Estimated xi^2 coefficient,0.13579927808694217,1
represented,Complete quadratic,66.100000000000009,Estimated xi^2 coefficient,0.1355654471595211,1
represented,Complete quadratic,66.200000000000003,Estimated xi^2 coefficient,0.13533425011708314,1
represented,Complete quadratic,66.299999999999997,Estimated xi^2 coefficient,0.13510564265213773,1
represented,Complete quadratic,66.400000000000006,Estimated xi^2 coefficient,0.13487958145342877,1
represented,Complete quadratic,66.5,Estimated xi^2 coefficient,0.13465602417784708,1
represented,Complete quadratic,66.600000000000009,Estimated xi^2 coefficient,0.13443492942329524,1
represented,Complete quadratic,66.700000000000003,Estimated xi^2 coefficient,0.13421625670246737,1
represented,Complete quadratic,66.799999999999997,Estimated xi^2 coefficient,0.13399996641750789,1
represented,Complete quadratic,66.900000000000006,Estimated xi^2 coefficient,0.13378601983551447,1
represented,Complete quadratic,67,Estimated xi^2 coefficient,0.13357437906485267,1
represented,Complete quadratic,67.100000000000009,Estimated xi^2 coefficient,0.13336500703225079,1
represented,Complete quadratic,67.200000000000003,Estimated xi^2 coefficient,0.13315786746064445,1
represented,Complete quadratic,67.299999999999997,Estimated xi^2 coefficient,0.13295292484774307,1
represented,Complete quadratic,67.400000000000006,Estimated xi^2 coefficient,0.1327501444452899,1
represented,Complete quadratic,67.5,Estimated xi^2 coefficient,0.13254949223899004,1
represented,Complete quadratic,67.600000000000009,Estimated xi^2 coefficient,0.13235093492908082,1
represented,Complete quadratic,67.700000000000003,Estimated xi^2 coefficient,0.1321544399115209,1
represented,Complete quadratic,67.799999999999997,Estimated xi^2 coefficient,0.13195997525977496,1
represented,Complete quadratic,67.900000000000006,Estimated xi^2 coefficient,0.13176750970717169,1
represented,Complete quadratic,68,Estimated xi^2 coefficient,0.13157701262981442,1
represented,Complete quadratic,68.100000000000009,Estimated xi^2 coefficient,0.13138845403002389,1
represented,Complete quadratic,68.200000000000003,Estimated xi^2 coefficient,0.13120180452029379,1
represented,Complete quadratic,68.299999999999997,Estimated xi^2 coefficient,0.13101703530774078,1
represented,Complete quadratic,68.400000000000006,Estimated xi^2 coefficient,0.13083411817903093,1
represented,Complete quadratic,68.5,Estimated xi^2 coefficient,0.13065302548576541,1
represented,Complete quadratic,68.600000000000009,Estimated xi^2 coefficient,0.13047373013030955,1
represented,Complete quadratic,68.700000000000003,Estimated xi^2 coefficient,0.13029620555204952,1
represented,Complete quadratic,68.799999999999997,Estimated xi^2 coefficient,0.13012042571406038,1
represented,Complete quadratic,68.900000000000006,Estimated xi^2 coefficient,0.12994636509017304,1
represented,Complete quadratic,69,Estimated xi^2 coefficient,0.12977399865242487,1
represented,Complete quadratic,69.100000000000009,Estimated xi^2 coefficient,0.12960330185888078,1
represented,Complete quadratic,69.200000000000003,Estimated xi^2 coefficient,0.12943425064181255,1
represented,Complete quadratic,69.299999999999997,Estimated xi^2 coefficient,0.12926682139622364,1
represented,Complete quadratic,69.400000000000006,Estimated xi^2 coefficient,0.12910099096870767,1
represented,Complete quadratic,69.5,Estimated xi^2 coefficient,0.12893673664662963,1
represented,Complete quadratic,69.600000000000009,Estimated xi^2 coefficient,0.12877403614761845,1
represented,Complete quadratic,69.700000000000003,Estimated xi^2 coefficient,0.12861286760936083,1
represented,Complete quadratic,69.799999999999997,Estimated xi^2 coefficient,0.12845320957968581,1
represented,Complete quadratic,69.900000000000006,Estimated xi^2 coefficient,0.12829504100693107,1
represented,Complete quadratic,70,Estimated xi^2 coefficient,0.12813834123058079,1
represented,Complete quadratic,70.100000000000009,Estimated xi^2 coefficient,0.12798308997216687,1
represented,Complete quadratic,70.200000000000003,Estimated xi^2 coefficient,0.12782926732642433,1
represented,Complete quadratic,70.299999999999997,Estimated xi^2 coefficient,0.12767685375269291,1
represented,Complete quadratic,70.400000000000006,Estimated xi^2 coefficient,0.12752583006655685,1
represented,Complete quadratic,70.5,Estimated xi^2 coefficient,0.1273761774317147,1
represented,Complete quadratic,70.600000000000009,Estimated xi^2 coefficient,0.12722787735207253,1
represented,Complete quadratic,70.700000000000003,Estimated xi^2 coefficient,0.12708091166405278,1
represented,Complete quadratic,70.799999999999997,Estimated xi^2 coefficient,0.12693526252911203,1
represented,Complete quadratic,70.900000000000006,Estimated xi^2 coefficient,0.12679091242646115,1
represented,Complete quadratic,71,Estimated xi^2 coefficient,0.12664784414598132,1
represented,Complete quadratic,71.100000000000009,Estimated xi^2 coefficient,0.1265060407813301,1
represented,Complete quadratic,71.200000000000003,Estimated xi^2 coefficient,0.12636548572323072,1
represented,Complete quadratic,71.299999999999997,Estimated xi^2 coefficient,0.12622616265294032,1
represented,Complete quadratic,71.400000000000006,Estimated xi^2 coefficient,0.12608805553588998,1
represented,Complete quadratic,71.5,Estimated xi^2 coefficient,0.12595114861549261,1
represented,Complete quadratic,71.600000000000009,Estimated xi^2 coefficient,0.1258154264071126,1
represented,Complete quadratic,71.700000000000003,Estimated xi^2 coefficient,0.12568087369219286,1
represented,Complete quadratic,71.799999999999997,Estimated xi^2 coefficient,0.12554747551253406,1
represented,Complete quadratic,71.900000000000006,Estimated xi^2 coefficient,0.12541521716472193,1
represented,Complete quadratic,72,Estimated xi^2 coefficient,0.12528408419469744,1
represented,Complete quadratic,72.100000000000009,Estimated xi^2 coefficient,0.12515406239246651,1
represented,Complete quadratic,72.200000000000003,Estimated xi^2 coefficient,0.12502513778694405,1
represented,Complete quadratic,72.299999999999997,Estimated xi^2 coefficient,0.12489729664092925,1
represented,Complete quadratic,72.400000000000006,Estimated xi^2 coefficient,0.12477052544620762,1
represented,Complete quadratic,72.5,Estimated xi^2 coefficient,0.12464481091877636,1
represented,Complete quadratic,72.600000000000009,Estimated xi^2 coefficient,0.12452013999418919,1
represented,Complete quadratic,72.700000000000003,Estimated xi^2 coefficient,0.12439649982301741,1
represented,Complete quadratic,72.799999999999997,Estimated xi^2 coefficient,0.1242738777664236,1
represented,Complete quadratic,72.900000000000006,Estimated xi^2 coefficient,0.12415226139184482,1
represented,Complete quadratic,73,Estimated xi^2 coefficient,0.12403163846878211,1
represented,Complete quadratic,73.100000000000009,Estimated xi^2 coefficient,0.12391199696469314,1
represented,Complete quadratic,73.200000000000003,Estimated xi^2 coefficient,0.12379332504098521,1
represented,Complete quadratic,73.299999999999997,Estimated xi^2 coefficient,0.1236756110491057,1
represented,Complete quadratic,73.400000000000006,Estimated xi^2 coefficient,0.12355884352672705,1
represented,Complete quadratic,73.5,Estimated xi^2 coefficient,0.12344301119402387,1
represented,Complete quadratic,73.600000000000009,Estimated xi^2 coefficient,0.12332810295003939,1
represented,Complete quadratic,73.700000000000003,Estimated xi^2 coefficient,0.12321410786913867,1
represented,Complete quadratic,73.799999999999997,Estimated xi^2 coefficient,0.1231010151975465,1
represented,Complete quadratic,73.900000000000006,Estimated xi^2 coefficient,0.12298881434996721,1
represented,Complete quadratic,74,Estimated xi^2 coefficient,0.12287749490628441,1
represented,Complete quadratic,74.100000000000009,Estimated xi^2 coefficient,0.12276704660833838,1
represented,Complete quadratic,74.200000000000003,Estimated xi^2 coefficient,0.12265745935677892,1
represented,Complete quadratic,74.299999999999997,Estimated xi^2 coefficient,0.12254872320799166,1
represented,Complete quadratic,74.400000000000006,Estimated xi^2 coefficient,0.12244082837109579,1
represented,Complete quadratic,74.5,Estimated xi^2 coefficient,0.12233376520501131,1
represented,Complete quadratic,74.600000000000009,Estimated xi^2 coefficient,0.12222752421559391,1
represented,Complete quadratic,74.700000000000003,Estimated xi^2 coefficient,0.12212209605283564,1
represented,Complete quadratic,74.799999999999997,Estimated xi^2 coefficient,0.12201747150812958,1
represented,Complete quadratic,74.900000000000006,Estimated xi^2 coefficient,0.12191364151159689,1
represented,Complete quadratic,75,Estimated xi^2 coefficient,0.12181059712947458,1
represented,Complete quadratic,75.100000000000009,Estimated xi^2 coefficient,0.12170832956156212,1
represented,Complete quadratic,75.200000000000003,Estimated xi^2 coefficient,0.12160683013872592,1
represented,Complete quadratic,75.299999999999997,Estimated xi^2 coefficient,0.12150609032045941,1
represented,Complete quadratic,75.400000000000006,Estimated xi^2 coefficient,0.12140610169249791,1
represented,Complete quadratic,75.5,Estimated xi^2 coefficient,0.12130685596448647,1
represented,Complete quadratic,75.600000000000009,Estimated xi^2 coefficient,0.12120834496769958,1
represented,Complete quadratic,75.700000000000003,Estimated xi^2 coefficient,0.12111056065281108,1
represented,Complete quadratic,75.799999999999997,Estimated xi^2 coefficient,0.12101349508771324,1
represented,Complete quadratic,75.900000000000006,Estimated xi^2 coefficient,0.12091714045538371,1
represented,Complete quadratic,76,Estimated xi^2 coefficient,0.120821489051799,1
represented,Complete quadratic,76.100000000000009,Estimated xi^2 coefficient,0.12072653328389342,1
represented,Complete quadratic,76.200000000000003,Estimated xi^2 coefficient,0.12063226566756223,1
represented,Complete quadratic,76.299999999999997,Estimated xi^2 coefficient,0.12053867882570794,1
represented,Complete quadratic,76.400000000000006,Estimated xi^2 coefficient,0.12044576548632874,1
represented,Complete quadratic,76.5,Estimated xi^2 coefficient,0.12035351848064775,1
represented,Complete quadratic,76.600000000000009,Estimated xi^2 coefficient,0.12026193074128246,1
represented,Complete quadratic,76.700000000000003,Estimated xi^2 coefficient,0.12017099530045292,1
represented,Complete quadratic,76.800000000000011,Estimated xi^2 coefficient,0.12008070528822813,1
represented,Complete quadratic,76.900000000000006,Estimated xi^2 coefficient,0.11999105393080933,1
represented,Complete quadratic,77,Estimated xi^2 coefficient,0.11990203454884954,1
represented,Complete quadratic,77.100000000000009,Estimated xi^2 coefficient,0.11981364055580833,1
represented,Complete quadratic,77.200000000000003,Estimated xi^2 coefficient,0.11972586545634099,1
represented,Complete quadratic,77.300000000000011,Estimated xi^2 coefficient,0.11963870284472122,1
represented,Complete quadratic,77.400000000000006,Estimated xi^2 coefficient,0.11955214640329663,1
represented,Complete quadratic,77.5,Estimated xi^2 coefficient,0.11946618990097614,1
represented,Complete quadratic,77.600000000000009,Estimated xi^2 coefficient,0.11938082719174856,1
represented,Complete quadratic,77.700000000000003,Estimated xi^2 coefficient,0.11929605221323157,1
represented,Complete quadratic,77.800000000000011,Estimated xi^2 coefficient,0.11921185898525057,1
represented,Complete quadratic,77.900000000000006,Estimated xi^2 coefficient,0.11912824160844619,1
represented,Complete quadratic,78,Estimated xi^2 coefficient,0.11904519426291044,1
represented,Complete quadratic,78.100000000000009,Estimated xi^2 coefficient,0.11896271120685023,1
represented,Complete quadratic,78.200000000000003,Estimated xi^2 coefficient,0.11888078677527808,1
represented,Complete quadratic,78.300000000000011,Estimated xi^2 coefficient,0.118799415378729,1
represented,Complete quadratic,78.400000000000006,Estimated xi^2 coefficient,0.11871859150200309,1
represented,Complete quadratic,78.5,Estimated xi^2 coefficient,0.11863830970293349,1
represented,Complete quadratic,78.600000000000009,Estimated xi^2 coefficient,0.11855856461117847,1
represented,Complete quadratic,78.700000000000003,Estimated xi^2 coefficient,0.11847935092703797,1
represented,Complete quadratic,78.800000000000011,Estimated xi^2 coefficient,0.11840066342029303,1
represented,Complete quadratic,78.900000000000006,Estimated xi^2 coefficient,0.11832249692906849,1
represented,Complete quadratic,79,Estimated xi^2 coefficient,0.11824484635871786,1
represented,Complete quadratic,79.100000000000009,Estimated xi^2 coefficient,0.11816770668073008,1
represented,Complete quadratic,79.200000000000003,Estimated xi^2 coefficient,0.11809616451740272,1
represented,Complete quadratic,79.300000000000011,Estimated xi^2 coefficient,0.11801801846859226,1
represented,Complete quadratic,79.400000000000006,Estimated xi^2 coefficient,0.11793386023435865,1
represented,Complete quadratic,79.5,Estimated xi^2 coefficient,0.11779695970206779,1
represented,Complete quadratic,79.600000000000009,Estimated xi^2 coefficient,0.11757550633227032,1
represented,Complete quadratic,79.700000000000003,Estimated xi^2 coefficient,0.11771600746513203,1
represented,Complete quadratic,79.800000000000011,Estimated xi^2 coefficient,0.11793813906718632,1
represented,Complete quadratic,79.900000000000006,Estimated xi^2 coefficient,0.11900807316905537,1
represented,Complete quadratic,80,Estimated xi^2 coefficient,0.12168526450180255,1
represented,Complete quadratic,80.100000000000009,Estimated xi^2 coefficient,0.12531909857374182,1
represented,Complete quadratic,80.200000000000003,Estimated xi^2 coefficient,0.12441159335577702,1
represented,Complete quadratic,80.300000000000011,Estimated xi^2 coefficient,0.12398143178674904,1
represented,Complete quadratic,80.400000000000006,Estimated xi^2 coefficient,0.12411781883041054,1
represented,Complete quadratic,80.5,Estimated xi^2 coefficient,0.12414657427077465,1
represented,Complete quadratic,80.600000000000009,Estimated xi^2 coefficient,0.12394775200653062,1
represented,Complete quadratic,80.700000000000003,Estimated xi^2 coefficient,0.12368444861208544,1
represented,Complete quadratic,80.800000000000011,Estimated xi^2 coefficient,0.12346146628066471,1
represented,Complete quadratic,80.900000000000006,Estimated xi^2 coefficient,0.12327142404183887,1
represented,Complete quadratic,81,Estimated xi^2 coefficient,0.12308809953941616,1
represented,Complete quadratic,81.100000000000009,Estimated xi^2 coefficient,0.1229017388753019,1
represented,Complete quadratic,81.200000000000003,Estimated xi^2 coefficient,0.12271381946993144,1
represented,Complete quadratic,81.300000000000011,Estimated xi^2 coefficient,0.12252719495026107,1
represented,Complete quadratic,81.400000000000006,Estimated xi^2 coefficient,0.12234276496836004,1
represented,Complete quadratic,81.5,Estimated xi^2 coefficient,0.1221602590432221,1
represented,Complete quadratic,81.600000000000009,Estimated xi^2 coefficient,0.12197933848932167,1
represented,Complete quadratic,81.700000000000003,Estimated xi^2 coefficient,0.12179990063272227,1
represented,Complete quadratic,81.800000000000011,Estimated xi^2 coefficient,0.12162196240270057,1
represented,Complete quadratic,81.900000000000006,Estimated xi^2 coefficient,0.12144553981756355,1
represented,Complete quadratic,82,Estimated xi^2 coefficient,0.12127062141463407,1
represented,Complete quadratic,82.100000000000009,Estimated xi^2 coefficient,0.12109718406066977,1
represented,Complete quadratic,82.200000000000003,Estimated xi^2 coefficient,0.1209252059958658,1
represented,Complete quadratic,82.300000000000011,Estimated xi^2 coefficient,0.12075466896442701,1
represented,Complete quadratic,82.400000000000006,Estimated xi^2 coefficient,0.12058555615978983,1
represented,Complete quadratic,82.5,Estimated xi^2 coefficient,0.12041785082349896,1
represented,Complete quadratic,82.600000000000009,Estimated xi^2 coefficient,0.12025153609437353,1
represented,Complete quadratic,82.700000000000003,Estimated xi^2 coefficient,0.12008659526051062,1
represented,Complete quadratic,82.800000000000011,Estimated xi^2 coefficient,0.11992301190174982,1
represented,Complete quadratic,82.900000000000006,Estimated xi^2 coefficient,0.1197607698908244,1
represented,Complete quadratic,83,Estimated xi^2 coefficient,0.11959985335726915,1
represented,Complete quadratic,83.100000000000009,Estimated xi^2 coefficient,0.11944024666756592,1
represented,Complete quadratic,83.200000000000003,Estimated xi^2 coefficient,0.11928193442118845,1
represented,Complete quadratic,83.300000000000011,Estimated xi^2 coefficient,0.11912490145001486,1
represented,Complete quadratic,83.400000000000006,Estimated xi^2 coefficient,0.11896913281561884,1
represented,Complete quadratic,83.5,Estimated xi^2 coefficient,0.11881461380490688,1
represented,Complete quadratic,83.600000000000009,Estimated xi^2 coefficient,0.11866132992558379,1
represented,Complete quadratic,83.700000000000003,Estimated xi^2 coefficient,0.1185092669019947,1
represented,Complete quadratic,83.800000000000011,Estimated xi^2 coefficient,0.11835841067124089,1
represented,Complete quadratic,83.900000000000006,Estimated xi^2 coefficient,0.11820874737939453,1
represented,Complete quadratic,84,Estimated xi^2 coefficient,0.11806026337775662,1
represented,Complete quadratic,84.100000000000009,Estimated xi^2 coefficient,0.11791294521917281,1
represented,Complete quadratic,84.200000000000003,Estimated xi^2 coefficient,0.11776677965442522,1
represented,Complete quadratic,84.300000000000011,Estimated xi^2 coefficient,0.11762175362870361,1
represented,Complete quadratic,84.400000000000006,Estimated xi^2 coefficient,0.11747785427815141,1
represented,Complete quadratic,84.5,Estimated xi^2 coefficient,0.11733506892651159,1
represented,Complete quadratic,84.600000000000009,Estimated xi^2 coefficient,0.11719338508170479,1
represented,Complete quadratic,84.700000000000003,Estimated xi^2 coefficient,0.11705279043272027,1
represented,Complete quadratic,84.800000000000011,Estimated xi^2 coefficient,0.11691327284638801,1
represented,Complete quadratic,84.900000000000006,Estimated xi^2 coefficient,0.11677482036424583,1
represented,Complete quadratic,85,Estimated xi^2 coefficient,0.11663742119949146,1
represented,Complete quadratic,85.100000000000009,Estimated xi^2 coefficient,0.11650106373399909,1
represented,Complete quadratic,85.200000000000003,Estimated xi^2 coefficient,0.11636573651539267,1
represented,Complete quadratic,85.300000000000011,Estimated xi^2 coefficient,0.11623142825417575,1
represented,Complete quadratic,85.400000000000006,Estimated xi^2 coefficient,0.11609812782091902,1
represented,Complete quadratic,85.5,Estimated xi^2 coefficient,0.11596582424350504,1
represented,Complete quadratic,85.600000000000009,Estimated xi^2 coefficient,0.11583450670442824,1
represented,Complete quadratic,85.700000000000003,Estimated xi^2 coefficient,0.11570416453814888,1
represented,Complete quadratic,85.800000000000011,Estimated xi^2 coefficient,0.11557478722849987,1
represented,Complete quadratic,85.900000000000006,Estimated xi^2 coefficient,0.11544636440614488,1
represented,Complete quadratic,86,Estimated xi^2 coefficient,0.11531888584608706,1
represented,Complete quadratic,86.100000000000009,Estimated xi^2 coefficient,0.11519234146522687,1
represented,Complete quadratic,86.200000000000003,Estimated xi^2 coefficient,0.1150667213199682,1
represented,Complete quadratic,86.300000000000011,Estimated xi^2 coefficient,0.11494201560387157,1
represented,Complete quadratic,86.400000000000006,Estimated xi^2 coefficient,0.11481821464535333,1
represented,Complete quadratic,86.5,Estimated xi^2 coefficient,0.11469530890542987,1
represented,Complete quadratic,86.600000000000009,Estimated xi^2 coefficient,0.11457328897550595,1
represented,Complete quadratic,86.700000000000003,Estimated xi^2 coefficient,0.11445214557520607,1
represented,Complete quadratic,86.800000000000011,Estimated xi^2 coefficient,0.11433186955024778,1
represented,Complete quadratic,86.900000000000006,Estimated xi^2 coefficient,0.1142124518703565,1
represented,Complete quadratic,87,Estimated xi^2 coefficient,0.11409388362722024,1
represented,Complete quadratic,87.100000000000009,Estimated xi^2 coefficient,0.11397615603248404,1
represented,Complete quadratic,87.200000000000003,Estimated xi^2 coefficient,0.11385926041578268,1
represented,Complete quadratic,87.300000000000011,Estimated xi^2 coefficient,0.11374318822281139,1
represented,Complete quadratic,87.400000000000006,Estimated xi^2 coefficient,0.11362793101343313,1
represented,Complete quadratic,87.5,Estimated xi^2 coefficient,0.11351348045982214,1
represented,Complete quadratic,87.600000000000009,Estimated xi^2 coefficient,0.11339982834464271,1
represented,Complete quadratic,87.700000000000003,Estimated xi^2 coefficient,0.11328696655926258,1
represented,Complete quadratic,87.800000000000011,Estimated xi^2 coefficient,0.11317488710199998,1
represented,Complete quadratic,87.900000000000006,Estimated xi^2 coefficient,0.11306358207640389,1
represented,Complete quadratic,88,Estimated xi^2 coefficient,0.11295304368956662,1
represented,Complete quadratic,88.100000000000009,Estimated xi^2 coefficient,0.11284326425046791,1
represented,Complete quadratic,88.200000000000003,Estimated xi^2 coefficient,0.11273423616835036,1
represented,Complete quadratic,88.300000000000011,Estimated xi^2 coefficient,0.11262595195112476,1
represented,Complete quadratic,88.400000000000006,Estimated xi^2 coefficient,0.1125184042038055,1
represented,Complete quadratic,88.5,Estimated xi^2 coefficient,0.11241158562697479,1
represented,Complete quadratic,88.600000000000009,Estimated xi^2 coefficient,0.11230548901527544,1
represented,Complete quadratic,88.700000000000003,Estimated xi^2 coefficient,0.11220010725593152,1
represented,Complete quadratic,88.800000000000011,Estimated xi^2 coefficient,0.11209543332729613,1
represented,Complete quadratic,88.900000000000006,Estimated xi^2 coefficient,0.11199146029742597,1
represented,Complete quadratic,89,Estimated xi^2 coefficient,0.11188818132268219,1
represented,Complete quadratic,89.100000000000009,Estimated xi^2 coefficient,0.11178558964635645,1
represented,Complete quadratic,89.200000000000003,Estimated xi^2 coefficient,0.11168367859732238,1
represented,Complete quadratic,89.300000000000011,Estimated xi^2 coefficient,0.11158244158871147,1
represented,Complete quadratic,89.400000000000006,Estimated xi^2 coefficient,0.1114818721166129,1
represented,Complete quadratic,89.5,Estimated xi^2 coefficient,0.11138196375879704,1
represented,Complete quadratic,89.600000000000009,Estimated xi^2 coefficient,0.11128271017346186,1
represented,Complete quadratic,89.700000000000003,Estimated xi^2 coefficient,0.11118410509800206,1
represented,Complete quadratic,89.800000000000011,Estimated xi^2 coefficient,0.11108614234780009,1
represented,Complete quadratic,89.900000000000006,Estimated xi^2 coefficient,0.11098881581503917,1
represented,Complete quadratic,90,Estimated xi^2 coefficient,0.11089211946753705,1
represented,Complete quadratic,90.100000000000009,Estimated xi^2 coefficient,0.11079604734760107,1
represented,Complete quadratic,90.200000000000003,Estimated xi^2 coefficient,0.11070059357090313,1
represented,Complete quadratic,90.300000000000011,Estimated xi^2 coefficient,0.11060575232537492,1
represented,Complete quadratic,90.400000000000006,Estimated xi^2 coefficient,0.11051151787012251,1
represented,Complete quadratic,90.5,Estimated xi^2 coefficient,0.11041788453436016,1
represented,Complete quadratic,90.600000000000009,Estimated xi^2 coefficient,0.11032484671636293,1
represented,Complete quadratic,90.700000000000003,Estimated xi^2 coefficient,0.11023239888243752,1
represented,Complete quadratic,90.800000000000011,Estimated xi^2 coefficient,0.11014053556591134,1
represented,Complete quadratic,90.900000000000006,Estimated xi^2 coefficient,0.11004925136613909,1
represented,Complete quadratic,91,Estimated xi^2 coefficient,0.10995854094752668,1
represented,Complete quadratic,91.100000000000009,Estimated xi^2 coefficient,0.10986839903857211,1
represented,Complete quadratic,91.200000000000003,Estimated xi^2 coefficient,0.10977882043098912,1
represented,Complete quadratic,91.300000000000011,Estimated xi^2 coefficient,0.10968979997853356,1
represented,Complete quadratic,91.400000000000006,Estimated xi^2 coefficient,0.10960133259639999,1
represented,Complete quadratic,91.5,Estimated xi^2 coefficient,0.10951341326022465,1
represented,Complete quadratic,91.600000000000009,Estimated xi^2 coefficient,0.1094260370051625,1
represented,Complete quadratic,91.700000000000003,Estimated xi^2 coefficient,0.10933919892502859,1
represented,Complete quadratic,91.800000000000011,Estimated xi^2 coefficient,0.10925289417146201,1
represented,Complete quadratic,91.900000000000006,Estimated xi^2 coefficient,0.10916711795309574,1
represented,Complete quadratic,92,Estimated xi^2 coefficient,0.10908186553473466,1
represented,Complete quadratic,92.100000000000009,Estimated xi^2 coefficient,0.10899713223654704,1
represented,Complete quadratic,92.200000000000003,Estimated xi^2 coefficient,0.10891291343327088,1
represented,Complete quadratic,92.300000000000011,Estimated xi^2 coefficient,0.10882920455343419,1
represented,Complete quadratic,92.400000000000006,Estimated xi^2 coefficient,0.10874600107858856,1
represented,Complete quadratic,92.5,Estimated xi^2 coefficient,0.10866329854255533,1
represented,Complete quadratic,92.600000000000009,Estimated xi^2 coefficient,0.10858109253068435,1
represented,Complete quadratic,92.700000000000003,Estimated xi^2 coefficient,0.10849937867912506,1
represented,Complete quadratic,92.800000000000011,Estimated xi^2 coefficient,0.10841815267410983,1
represented,Complete quadratic,92.900000000000006,Estimated xi^2 coefficient,0.10833741025124911,1
represented,Complete quadratic,93,Estimated xi^2 coefficient,0.10825714719483837,1
represented,Complete quadratic,93.100000000000009,Estimated xi^2 coefficient,0.10817735933717638,1
represented,Complete quadratic,93.200000000000003,Estimated xi^2 coefficient,0.10809804255789483,1
represented,Complete quadratic,93.300000000000011,Estimated xi^2 coefficient,0.10801919278329894,1
represented,Complete quadratic,93.400000000000006,Estimated xi^2 coefficient,0.10794080598571888,1
represented,Complete quadratic,93.5,Estimated xi^2 coefficient,0.10786287818287185,1
represented,Complete quadratic,93.600000000000009,Estimated xi^2 coefficient,0.10778540543723457,1
represented,Complete quadratic,93.700000000000003,Estimated xi^2 coefficient,0.10770838385542593,1
represented,Complete quadratic,93.800000000000011,Estimated xi^2 coefficient,0.10763180958759982,1
represented,Complete quadratic,93.900000000000006,Estimated xi^2 coefficient,0.10755567882684761,1
represented,Complete quadratic,94,Estimated xi^2 coefficient,0.10747998780861048,1
represented,Complete quadratic,94.100000000000009,Estimated xi^2 coefficient,0.10740473281010116,1
represented,Complete quadratic,94.200000000000003,Estimated xi^2 coefficient,0.10732991014973489,1
represented,Complete quadratic,94.300000000000011,Estimated xi^2 coefficient,0.10725551618656971,1
represented,Complete quadratic,94.400000000000006,Estimated xi^2 coefficient,0.10718154731975557,1
represented,Complete quadratic,94.5,Estimated xi^2 coefficient,0.10710799998799229,1
represented,Complete quadratic,94.600000000000009,Estimated xi^2 coefficient,0.10703487066899618,1
represented,Complete quadratic,94.700000000000003,Estimated xi^2 coefficient,0.10696215587897513,1
represented,Complete quadratic,94.800000000000011,Estimated xi^2 coefficient,0.106889852172112,1
represented,Complete quadratic,94.900000000000006,Estimated xi^2 coefficient,0.10681795614005625,1
represented,Complete quadratic,95,Estimated xi^2 coefficient,0.10674646441142358,1
represented,Complete quadratic,95.100000000000009,Estimated xi^2 coefficient,0.10667537365130345,1
represented,Complete quadratic,95.200000000000003,Estimated xi^2 coefficient,0.10660468056077428,1
represented,Complete quadratic,95.300000000000011,Estimated xi^2 coefficient,0.1065343818764264,1
represented,Complete quadratic,95.400000000000006,Estimated xi^2 coefficient,0.1064644743698923,1
represented,Complete quadratic,95.5,Estimated xi^2 coefficient,0.10639495484738438,1
represented,Complete quadratic,95.600000000000009,Estimated xi^2 coefficient,0.10632582014923971,1
represented,Complete quadratic,95.700000000000003,Estimated xi^2 coefficient,0.10625706714947201,1
represented,Complete quadratic,95.800000000000011,Estimated xi^2 coefficient,0.10618869275533058,1
represented,Complete quadratic,95.900000000000006,Estimated xi^2 coefficient,0.1061206939068659,1
represented,Complete quadratic,96,Estimated xi^2 coefficient,0.10605306757650214,1
represented,Complete quadratic,96.100000000000009,Estimated xi^2 coefficient,0.10598581076861605,1
represented,Complete quadratic,96.200000000000003,Estimated xi^2 coefficient,0.10591892051912245,1
represented,Complete quadratic,96.300000000000011,Estimated xi^2 coefficient,0.10585239389506609,1
represented,Complete quadratic,96.400000000000006,Estimated xi^2 coefficient,0.10578622799421956,1
represented,Complete quadratic,96.5,Estimated xi^2 coefficient,0.10572041994468762,1
represented,Complete quadratic,96.600000000000009,Estimated xi^2 coefficient,0.10565496690451724,1
represented,Complete quadratic,96.700000000000003,Estimated xi^2 coefficient,0.10558986606131383,1
represented,Complete quadratic,96.800000000000011,Estimated xi^2 coefficient,0.1055251146318632,1
represented,Complete quadratic,96.900000000000006,Estimated xi^2 coefficient,0.10546070986175905,1
represented,Complete quadratic,97,Estimated xi^2 coefficient,0.1053966490250363,1
represented,Complete quadratic,97.100000000000009,Estimated xi^2 coefficient,0.10533292942380997,1
represented,Complete quadratic,97.200000000000003,Estimated xi^2 coefficient,0.1052695483879192,1
represented,Complete quadratic,97.300000000000011,Estimated xi^2 coefficient,0.10520650327457691,1
represented,Complete quadratic,97.400000000000006,Estimated xi^2 coefficient,0.10514379146802452,1
represented,Complete quadratic,97.5,Estimated xi^2 coefficient,0.1050814103791918,1
represented,Complete quadratic,97.600000000000009,Estimated xi^2 coefficient,0.10501935744536194,1
represented,Complete quadratic,97.700000000000003,Estimated xi^2 coefficient,0.10495763012984138,1
represented,Complete quadratic,97.800000000000011,Estimated xi^2 coefficient,0.10489622592163471,1
represented,Complete quadratic,97.900000000000006,Estimated xi^2 coefficient,0.1048351423351243,1
represented,Complete quadratic,98,Estimated xi^2 coefficient,0.10477437690975458,1
represented,Complete quadratic,98.100000000000009,Estimated xi^2 coefficient,0.10471392720972113,1
represented,Complete quadratic,98.200000000000003,Estimated xi^2 coefficient,0.10465379082366416,1
represented,Complete quadratic,98.300000000000011,Estimated xi^2 coefficient,0.10459396536436658,1
represented,Complete quadratic,98.400000000000006,Estimated xi^2 coefficient,0.10453444846845646,1
represented,Complete quadratic,98.5,Estimated xi^2 coefficient,0.1044752377961138,1
represented,Complete quadratic,98.600000000000009,Estimated xi^2 coefficient,0.10441633103078164,1
represented,Complete quadratic,98.700000000000003,Estimated xi^2 coefficient,0.10435772587888124,1
represented,Complete quadratic,98.800000000000011,Estimated xi^2 coefficient,0.10429942006953151,1
represented,Complete quadratic,98.900000000000006,Estimated xi^2 coefficient,0.10424141135427238,1
represented,Complete quadratic,99,Estimated xi^2 coefficient,0.10418369750679229,1
represented,Complete quadratic,99.100000000000009,Estimated xi^2 coefficient,0.10412627632265944,1
represented,Complete quadratic,99.200000000000003,Estimated xi^2 coefficient,0.10407612434678187,1
represented,Complete quadratic,99.300000000000011,Estimated xi^2 coefficient,0.10401823291243444,1
represented,Complete quadratic,99.400000000000006,Estimated xi^2 coefficient,0.10394546868788716,1
represented,Complete quadratic,99.5,Estimated xi^2 coefficient,0.10381954610613313,1
represented,Complete quadratic,99.600000000000009,Estimated xi^2 coefficient,0.1036184702875131,1
represented,Complete quadratic,99.700000000000003,Estimated xi^2 coefficient,0.10361228529382445,1
represented,Complete quadratic,99.800000000000011,Estimated xi^2 coefficient,0.10238511998302019,1
represented,Complete quadratic,99.900000000000006,Estimated xi^2 coefficient,0.09965633728180559,1
represented,Complete quadratic,100,Estimated xi^2 coefficient,0.097904692100750673,1
represented,Complete quadratic,100.10000000000001,Estimated xi^2 coefficient,0.098255744738086181,1
represented,Complete quadratic,100.2,Estimated xi^2 coefficient,0.098470905224807156,1
represented,Complete quadratic,100.30000000000001,Estimated xi^2 coefficient,0.098644824256857944,1
represented,Complete quadratic,100.40000000000001,Estimated xi^2 coefficient,0.098829000235464939,1
represented,Complete quadratic,100.5,Estimated xi^2 coefficient,0.099018025590312392,1
represented,Complete quadratic,100.60000000000001,Estimated xi^2 coefficient,0.099204039938676741,1
represented,Complete quadratic,100.7,Estimated xi^2 coefficient,0.09938513377185175,1
represented,Complete quadratic,100.80000000000001,Estimated xi^2 coefficient,0.099561670140989697,1
represented,Complete quadratic,100.90000000000001,Estimated xi^2 coefficient,0.099734101499292308,1
represented,Complete quadratic,101,Estimated xi^2 coefficient,0.099902645964789941,1
represented,Complete quadratic,101.10000000000001,Estimated xi^2 coefficient,0.10006742674969361,1
represented,Complete quadratic,101.2,Estimated xi^2 coefficient,0.10022855710483823,1
represented,Complete quadratic,101.30000000000001,Estimated xi^2 coefficient,0.10038615357269218,1
represented,Complete quadratic,101.40000000000001,Estimated xi^2 coefficient,0.10054033100146119,1
represented,Complete quadratic,101.5,Estimated xi^2 coefficient,0.10069119953402829,1
represented,Complete quadratic,101.60000000000001,Estimated xi^2 coefficient,0.10083886434813989,1
represented,Complete quadratic,101.7,Estimated xi^2 coefficient,0.10098342609762433,1
represented,Complete quadratic,101.80000000000001,Estimated xi^2 coefficient,0.10112498126629307,1
represented,Complete quadratic,101.90000000000001,Estimated xi^2 coefficient,0.10126362240103846,1
represented,Complete quadratic,102,Estimated xi^2 coefficient,0.10139943830382261,1
represented,Complete quadratic,102.10000000000001,Estimated xi^2 coefficient,0.10153251421432384,1
represented,Complete quadratic,102.2,Estimated xi^2 coefficient,0.10166293198559022,1
represented,Complete quadratic,102.30000000000001,Estimated xi^2 coefficient,0.10179077025044164,1
represented,Complete quadratic,102.40000000000001,Estimated xi^2 coefficient,0.10191610457811387,1
represented,Complete quadratic,102.5,Estimated xi^2 coefficient,0.10203900762172689,1
represented,Complete quadratic,102.60000000000001,Estimated xi^2 coefficient,0.10215954925729248,1
represented,Complete quadratic,102.7,Estimated xi^2 coefficient,0.1022777967148627,1
represented,Complete quadratic,102.80000000000001,Estimated xi^2 coefficient,0.10239381470233511,1
represented,Complete quadratic,102.90000000000001,Estimated xi^2 coefficient,0.1025076655223856,1
represented,Complete quadratic,103,Estimated xi^2 coefficient,0.10261940918296741,1
represented,Complete quadratic,103.10000000000001,Estimated xi^2 coefficient,0.10272910350178456,1
represented,Complete quadratic,103.2,Estimated xi^2 coefficient,0.1028368042051194,1
represented,Complete quadratic,103.30000000000001,Estimated xi^2 coefficient,0.10294256502136628,1
represented,Complete quadratic,103.40000000000001,Estimated xi^2 coefficient,0.1030464377695989,1
represented,Complete quadratic,103.5,Estimated xi^2 coefficient,0.10314847244347564,1
represented,Complete quadratic,103.60000000000001,Estimated xi^2 coefficient,0.10324871729076636,1
represented,Complete quadratic,103.7,Estimated xi^2 coefficient,0.10334721888876448,1
represented,Complete quadratic,103.80000000000001,Estimated xi^2 coefficient,0.10344402221583013,1
represented,Complete quadratic,103.90000000000001,Estimated xi^2 coefficient,0.10353917071929379,1
represented,Complete quadratic,104,Estimated xi^2 coefficient,0.1036327063799342,1
represented,Complete quadratic,104.10000000000001,Estimated xi^2 coefficient,0.10372466977323011,1
represented,Complete quadratic,104.2,Estimated xi^2 coefficient,0.10381510012757256,1
represented,Complete quadratic,104.30000000000001,Estimated xi^2 coefficient,0.10390403537961172,1
represented,Complete quadratic,104.40000000000001,Estimated xi^2 coefficient,0.10399151222690155,1
represented,Complete quadratic,104.5,Estimated xi^2 coefficient,0.10407756617799441,1
represented,Complete quadratic,104.60000000000001,Estimated xi^2 coefficient,0.1041622316001287,1
represented,Complete quadratic,104.7,Estimated xi^2 coefficient,0.10424554176464294,1
represented,Complete quadratic,104.80000000000001,Estimated xi^2 coefficient,0.10432752889024177,1
represented,Complete quadratic,104.90000000000001,Estimated xi^2 coefficient,0.10440822418423112,1
represented,Complete quadratic,105,Estimated xi^2 coefficient,0.10448765788183303,1
represented,Complete quadratic,105.10000000000001,Estimated xi^2 coefficient,0.10456585928368289,1
represented,Complete quadratic,105.2,Estimated xi^2 coefficient,0.10464285679160833,1
represented,Complete quadratic,105.30000000000001,Estimated xi^2 coefficient,0.10471867794277637,1
represented,Complete quadratic,105.40000000000001,Estimated xi^2 coefficient,0.10479334944230002,1
represented,Complete quadratic,105.5,Estimated xi^2 coefficient,0.10486689719438187,1
represented,Complete quadratic,105.60000000000001,Estimated xi^2 coefficient,0.10493934633207082,1
represented,Complete quadratic,105.7,Estimated xi^2 coefficient,0.10501072124570379,1
represented,Complete quadratic,105.80000000000001,Estimated xi^2 coefficient,0.10508104561009966,1
represented,Complete quadratic,105.90000000000001,Estimated xi^2 coefficient,0.10515034241056855,1
represented,Complete quadratic,106,Estimated xi^2 coefficient,0.10521863396779617,1
represented,Complete quadratic,106.10000000000001,Estimated xi^2 coefficient,0.10528594196165966,1
represented,Complete quadratic,106.2,Estimated xi^2 coefficient,0.10535228745402803,1
represented,Complete quadratic,106.30000000000001,Estimated xi^2 coefficient,0.10541769091059694,1
represented,Complete quadratic,106.40000000000001,Estimated xi^2 coefficient,0.10548217222180564,1
represented,Complete quadratic,106.5,Estimated xi^2 coefficient,0.10554575072288037,1
represented,Complete quadratic,106.60000000000001,Estimated xi^2 coefficient,0.10560844521304659,1
represented,Complete quadratic,106.7,Estimated xi^2 coefficient,0.1056702739739498,1
represented,Complete quadratic,106.80000000000001,Estimated xi^2 coefficient,0.1057312547873229,1
represented,Complete quadratic,106.90000000000001,Estimated xi^2 coefficient,0.10579140495193554,1
represented,Complete quadratic,107,Estimated xi^2 coefficient,0.10585074129985939,1
represented,Complete quadratic,107.10000000000001,Estimated xi^2 coefficient,0.10590928021208118,1
represented,Complete quadratic,107.2,Estimated xi^2 coefficient,0.10596703763349387,1
represented,Complete quadratic,107.30000000000001,Estimated xi^2 coefficient,0.10602402908729462,1
represented,Complete quadratic,107.40000000000001,Estimated xi^2 coefficient,0.10608026968881669,1
represented,Complete quadratic,107.5,Estimated xi^2 coefficient,0.10613577415882103,1
represented,Complete quadratic,107.60000000000001,Estimated xi^2 coefficient,0.1061905568362721,1
represented,Complete quadratic,107.7,Estimated xi^2 coefficient,0.106244631690621,1
represented,Complete quadratic,107.80000000000001,Estimated xi^2 coefficient,0.10629801233361791,1
represented,Complete quadratic,107.90000000000001,Estimated xi^2 coefficient,0.10635071203067485,1
represented,Complete quadratic,108,Estimated xi^2 coefficient,0.10640274371179835,1
represented,Complete quadratic,108.10000000000001,Estimated xi^2 coefficient,0.10645411998211121,1
represented,Complete quadratic,108.2,Estimated xi^2 coefficient,0.10650485313198092,1
represented,Complete quadratic,108.30000000000001,Estimated xi^2 coefficient,0.106554955146772,1
represented,Complete quadratic,108.40000000000001,Estimated xi^2 coefficient,0.10660443771623825,1
represented,Complete quadratic,108.5,Estimated xi^2 coefficient,0.10665331224357054,1
represented,Complete quadratic,108.60000000000001,Estimated xi^2 coefficient,0.10670158985411456,1
represented,Complete quadratic,108.7,Estimated xi^2 coefficient,0.10674928140377254,1
represented,Complete quadratic,108.80000000000001,Estimated xi^2 coefficient,0.10679639748710237,1
represented,Complete quadratic,108.90000000000001,Estimated xi^2 coefficient,0.10684294844512646,1
represented,Complete quadratic,109,Estimated xi^2 coefficient,0.1068889443728626,1
represented,Complete quadratic,109.10000000000001,Estimated xi^2 coefficient,0.10693439512658835,1
represented,Complete quadratic,109.2,Estimated xi^2 coefficient,0.10697931033084959,1
represented,Complete quadratic,109.30000000000001,Estimated xi^2 coefficient,0.10702369938522389,1
represented,Complete quadratic,109.40000000000001,Estimated xi^2 coefficient,0.10706757147084879,1
represented,Complete quadratic,109.5,Estimated xi^2 coefficient,0.107110935556724,1
represented,Complete quadratic,109.60000000000001,Estimated xi^2 coefficient,0.10715380040579714,1
represented,Complete quadratic,109.7,Estimated xi^2 coefficient,0.10719617458084102,1
represented,Complete quadratic,109.80000000000001,Estimated xi^2 coefficient,0.10723806645013152,1
represented,Complete quadratic,109.90000000000001,Estimated xi^2 coefficient,0.10727948419293312,1
represented,Complete quadratic,110,Estimated xi^2 coefficient,0.10732043580480002,1
represented,Complete quadratic,110.10000000000001,Estimated xi^2 coefficient,0.10736092910270031,1
represented,Complete quadratic,110.2,Estimated xi^2 coefficient,0.10740097172996928,1
represented,Complete quadratic,110.30000000000001,Estimated xi^2 coefficient,0.10744057116109929,1
represented,Complete quadratic,110.40000000000001,Estimated xi^2 coefficient,0.1074797347063719,1
represented,Complete quadratic,110.5,Estimated xi^2 coefficient,0.10751846951633849,1
represented,Complete quadratic,110.60000000000001,Estimated xi^2 coefficient,0.10755678258615517,1
represented,Complete quadratic,110.7,Estimated xi^2 coefficient,0.10759468075977732,1
represented,Complete quadratic,110.80000000000001,Estimated xi^2 coefficient,0.10763217073401914,1
represented,Complete quadratic,110.90000000000001,Estimated xi^2 coefficient,0.1076692590624832,1
represented,Complete quadratic,111,Estimated xi^2 coefficient,0.10770595215936488,1
represented,Complete quadratic,111.10000000000001,Estimated xi^2 coefficient,0.10774225630313612,1
represented,Complete quadratic,111.2,Estimated xi^2 coefficient,0.1077781776401134,1
represented,Complete quadratic,111.30000000000001,Estimated xi^2 coefficient,0.10781372218791341,1
represented,Complete quadratic,111.40000000000001,Estimated xi^2 coefficient,0.10784889583880131,1
represented,Complete quadratic,111.5,Estimated xi^2 coefficient,0.10788370436293487,1
represented,Complete quadratic,111.60000000000001,Estimated xi^2 coefficient,0.10791815341150854,1
represented,Complete quadratic,111.7,Estimated xi^2 coefficient,0.10795224851980091,1
represented,Complete quadratic,111.80000000000001,Estimated xi^2 coefficient,0.10798599511012913,1
represented,Complete quadratic,111.90000000000001,Estimated xi^2 coefficient,0.10801939849471336,1
represented,Complete quadratic,112,Estimated xi^2 coefficient,0.10805246387845463,1
represented,Complete quadratic,112.10000000000001,Estimated xi^2 coefficient,0.10808519636162915,1
represented,Complete quadratic,112.2,Estimated xi^2 coefficient,0.10811760094250182,1
represented,Complete quadratic,112.30000000000001,Estimated xi^2 coefficient,0.10814968251986189,1
represented,Complete quadratic,112.40000000000001,Estimated xi^2 coefficient,0.10818144589548337,1
represented,Complete quadratic,112.5,Estimated xi^2 coefficient,0.10821289577651289,1
represented,Complete quadratic,112.60000000000001,Estimated xi^2 coefficient,0.10824403677778743,1
represented,Complete quadratic,112.7,Estimated xi^2 coefficient,0.10827487342408426,1
represented,Complete quadratic,112.80000000000001,Estimated xi^2 coefficient,0.10830541015230544,1
represented,Complete quadratic,112.90000000000001,Estimated xi^2 coefficient,0.10833565131359912,1
represented,Complete quadratic,113,Estimated xi^2 coefficient,0.10836560117541981,1
represented,Complete quadratic,113.10000000000001,Estimated xi^2 coefficient,0.10839526392352936,1
represented,Complete quadratic,113.2,Estimated xi^2 coefficient,0.10842464366394104,1
represented,Complete quadratic,113.30000000000001,Estimated xi^2 coefficient,0.10845374442480836,1
represented,Complete quadratic,113.40000000000001,Estimated xi^2 coefficient,0.10848257015826046,1
represented,Complete quadratic,113.5,Estimated xi^2 coefficient,0.10851112474218581,1
represented,Complete quadratic,113.60000000000001,Estimated xi^2 coefficient,0.10853941198196618,1
represented,Complete quadratic,113.7,Estimated xi^2 coefficient,0.10856743561216198,1
represented,Complete quadratic,113.80000000000001,Estimated xi^2 coefficient,0.10859519929815104,1
represented,Complete quadratic,113.90000000000001,Estimated xi^2 coefficient,0.10862270663772206,1
represented,Complete quadratic,114,Estimated xi^2 coefficient,0.10864996116262425,1
represented,Complete quadratic,114.10000000000001,Estimated xi^2 coefficient,0.10867696634007459,1
represented,Complete quadratic,114.2,Estimated xi^2 coefficient,0.10870372557422397,1
represented,Complete quadratic,114.30000000000001,Estimated xi^2 coefficient,0.10873024220758358,1
represented,Complete quadratic,114.40000000000001,Estimated xi^2 coefficient,0.10875651952241285,1
represented,Complete quadratic,114.5,Estimated xi^2 coefficient,0.10878256074206996,1
represented,Complete quadratic,114.60000000000001,Estimated xi^2 coefficient,0.10880836903232635,1
represented,Complete quadratic,114.7,Estimated xi^2 coefficient,0.10883394750264611,1
represented,Complete quadratic,114.80000000000001,Estimated xi^2 coefficient,0.10885929920743143,1
represented,Complete quadratic,114.90000000000001,Estimated xi^2 coefficient,0.10888442714723519,1
represented,Complete quadratic,115,Estimated xi^2 coefficient,0.10890933426994173,1
represented,Complete quadratic,115.10000000000001,Estimated xi^2 coefficient,0.10893402347191658,1
represented,Complete quadratic,115.2,Estimated xi^2 coefficient,0.10895849759912629,1
represented,Complete quadratic,115.30000000000001,Estimated xi^2 coefficient,0.10898275944822919,1
represented,Complete quadratic,115.40000000000001,Estimated xi^2 coefficient,0.10900681176763795,1
represented,Complete quadratic,115.5,Estimated xi^2 coefficient,0.10903065725855483,1
represented,Complete quadratic,115.60000000000001,Estimated xi^2 coefficient,0.10905429857598038,1
represented,Complete quadratic,115.7,Estimated xi^2 coefficient,0.10907773832969633,1
represented,Complete quadratic,115.80000000000001,Estimated xi^2 coefficient,0.10910097908522372,1
represented,Complete quadratic,115.90000000000001,Estimated xi^2 coefficient,0.10912402336475649,1
represented,Complete quadratic,116,Estimated xi^2 coefficient,0.10914687364807184,1
represented,Complete quadratic,116.10000000000001,Estimated xi^2 coefficient,0.10916953237341749,1
represented,Complete quadratic,116.2,Estimated xi^2 coefficient,0.10919200193837704,1
represented,Complete quadratic,116.30000000000001,Estimated xi^2 coefficient,0.10921428470071354,1
represented,Complete quadratic,116.40000000000001,Estimated xi^2 coefficient,0.10923638297919233,1
represented,Complete quadratic,116.5,Estimated xi^2 coefficient,0.10925829905438351,1
represented,Complete quadratic,116.60000000000001,Estimated xi^2 coefficient,0.10928003516944466,1
represented,Complete quadratic,116.7,Estimated xi^2 coefficient,0.10930159353088446,1
represented,Complete quadratic,116.80000000000001,Estimated xi^2 coefficient,0.10932297630930768,1
represented,Complete quadratic,116.90000000000001,Estimated xi^2 coefficient,0.10934418564014203,1
represented,Complete quadratic,117,Estimated xi^2 coefficient,0.10936522362434753,1
represented,Complete quadratic,117.10000000000001,Estimated xi^2 coefficient,0.10938609232910863,1
represented,Complete quadratic,117.2,Estimated xi^2 coefficient,0.10940679378850995,1
represented,Complete quadratic,117.30000000000001,Estimated xi^2 coefficient,0.1094273300041957,1
represented,Complete quadratic,117.40000000000001,Estimated xi^2 coefficient,0.10944770294601347,1
represented,Complete quadratic,117.5,Estimated xi^2 coefficient,0.10946791455264269,1
represented,Complete quadratic,117.60000000000001,Estimated xi^2 coefficient,0.10948796673220837,1
represented,Complete quadratic,117.7,Estimated xi^2 coefficient,0.10950786136288035,1
represented,Complete quadratic,117.80000000000001,Estimated xi^2 coefficient,0.10952760029345845,1
represented,Complete quadratic,117.90000000000001,Estimated xi^2 coefficient,0.10954718534394406,1
represented,Complete quadratic,118,Estimated xi^2 coefficient,0.1095666183060983,1
represented,Complete quadratic,118.10000000000001,Estimated xi^2 coefficient,0.10958590094398749,1
represented,Complete quadratic,118.2,Estimated xi^2 coefficient,0.10960503499451577,1
represented,Complete quadratic,118.30000000000001,Estimated xi^2 coefficient,0.10962402216794566,1
represented,Complete quadratic,118.40000000000001,Estimated xi^2 coefficient,0.10964286414840664,1
represented,Complete quadratic,118.5,Estimated xi^2 coefficient,0.10966156259439205,1
represented,Complete quadratic,118.60000000000001,Estimated xi^2 coefficient,0.10968011913924496,1
represented,Complete quadratic,118.7,Estimated xi^2 coefficient,0.10969853539163262,1
represented,Complete quadratic,118.80000000000001,Estimated xi^2 coefficient,0.10971681293601068,1
represented,Complete quadratic,118.90000000000001,Estimated xi^2 coefficient,0.10973495333307663,1
represented,Complete quadratic,119,Estimated xi^2 coefficient,0.10975295812021318,1
represented,Complete quadratic,119.10000000000001,Estimated xi^2 coefficient,0.10977082881192188,1
represented,Complete quadratic,119.2,Estimated xi^2 coefficient,0.10978856690024696,1
represented,Complete quadratic,119.30000000000001,Estimated xi^2 coefficient,0.10980617385518986,1
represented,Complete quadratic,119.40000000000001,Estimated xi^2 coefficient,0.10982365112511448,1
represented,Complete quadratic,119.5,Estimated xi^2 coefficient,0.10984100013714383,1
represented,Complete quadratic,119.60000000000001,Estimated xi^2 coefficient,0.10985822229754763,1
represented,Complete quadratic,119.7,Estimated xi^2 coefficient,0.10987531899212169,1
represented,Complete quadratic,119.80000000000001,Estimated xi^2 coefficient,0.10989229158655898,1
represented,Complete quadratic,119.90000000000001,Estimated xi^2 coefficient,0.10990914142681271,1
represented,True coefficient,45,True xi^2 coefficient,0,1
represented,True coefficient,45.100000000000001,True xi^2 coefficient,0,1
represented,True coefficient,45.200000000000003,True xi^2 coefficient,0,1
represented,True coefficient,45.300000000000004,True xi^2 coefficient,0,1
represented,True coefficient,45.400000000000006,True xi^2 coefficient,0,1
represented,True coefficient,45.5,True xi^2 coefficient,0,1
represented,True coefficient,45.600000000000001,True xi^2 coefficient,0,1
represented,True coefficient,45.700000000000003,True xi^2 coefficient,0,1
represented,True coefficient,45.800000000000004,True xi^2 coefficient,0,1
represented,True coefficient,45.900000000000006,True xi^2 coefficient,0,1
represented,True coefficient,46,True xi^2 coefficient,0,1
represented,True coefficient,46.100000000000001,True xi^2 coefficient,0,1
represented,True coefficient,46.200000000000003,True xi^2 coefficient,0,1
represented,True coefficient,46.300000000000004,True xi^2 coefficient,0,1
represented,True coefficient,46.400000000000006,True xi^2 coefficient,0,1
represented,True coefficient,46.5,True xi^2 coefficient,0,1
represented,True coefficient,46.600000000000001,True xi^2 coefficient,0,1
represented,True coefficient,46.700000000000003,True xi^2 coefficient,0,1
represented,True coefficient,46.800000000000004,True xi^2 coefficient,0,1
represented,True coefficient,46.900000000000006,True xi^2 coefficient,0,1
represented,True coefficient,47,True xi^2 coefficient,0,1
represented,True coefficient,47.100000000000001,True xi^2 coefficient,0,1
represented,True coefficient,47.200000000000003,True xi^2 coefficient,0,1
represented,True coefficient,47.300000000000004,True xi^2 coefficient,0,1
represented,True coefficient,47.400000000000006,True xi^2 coefficient,0,1
represented,True coefficient,47.5,True xi^2 coefficient,0,1
represented,True coefficient,47.600000000000001,True xi^2 coefficient,0,1
represented,True coefficient,47.700000000000003,True xi^2 coefficient,0,1
represented,True coefficient,47.800000000000004,True xi^2 coefficient,0,1
represented,True coefficient,47.900000000000006,True xi^2 coefficient,0,1
represented,True coefficient,48,True xi^2 coefficient,0,1
represented,True coefficient,48.100000000000001,True xi^2 coefficient,0,1
represented,True coefficient,48.200000000000003,True xi^2 coefficient,0,1
represented,True coefficient,48.300000000000004,True xi^2 coefficient,0,1
represented,True coefficient,48.400000000000006,True xi^2 coefficient,0,1
represented,True coefficient,48.5,True xi^2 coefficient,0,1
represented,True coefficient,48.600000000000001,True xi^2 coefficient,0,1
represented,True coefficient,48.700000000000003,True xi^2 coefficient,0,1
represented,True coefficient,48.800000000000004,True xi^2 coefficient,0,1
represented,True coefficient,48.900000000000006,True xi^2 coefficient,0,1
represented,True coefficient,49,True xi^2 coefficient,0,1
represented,True coefficient,49.100000000000001,True xi^2 coefficient,0,1
represented,True coefficient,49.200000000000003,True xi^2 coefficient,0,1
represented,True coefficient,49.300000000000004,True xi^2 coefficient,0,1
represented,True coefficient,49.400000000000006,True xi^2 coefficient,0,1
represented,True coefficient,49.5,True xi^2 coefficient,0,1
represented,True coefficient,49.600000000000001,True xi^2 coefficient,0,1
represented,True coefficient,49.700000000000003,True xi^2 coefficient,0,1
represented,True coefficient,49.800000000000004,True xi^2 coefficient,0,1
represented,True coefficient,49.900000000000006,True xi^2 coefficient,0,1
represented,True coefficient,50,True xi^2 coefficient,0.080000000000000002,1
represented,True coefficient,50.100000000000001,True xi^2 coefficient,0.080000000000000002,1
represented,True coefficient,50.200000000000003,True xi^2 coefficient,0.080000000000000002,1
represented,True coefficient,50.300000000000004,True xi^2 coefficient,0.080000000000000002,1
represented,True coefficient,50.400000000000006,True xi^2 coefficient,0.080000000000000002,1
represented,True coefficient,50.5,True xi^2 coefficient,0.080000000000000002,1
represented,True coefficient,50.600000000000001,True xi^2 coefficient,0.080000000000000002,1
represented,True coefficient,50.700000000000003,True xi^2 coefficient,0.080000000000000002,1
represented,True coefficient,50.800000000000004,True xi^2 coefficient,0.080000000000000002,1
represented,True coefficient,50.900000000000006,True xi^2 coefficient,0.080000000000000002,1
represented,True coefficient,51,True xi^2 coefficient,0.080000000000000002,1
represented,True coefficient,51.100000000000001,True xi^2 coefficient,0.080000000000000002,1
represented,True coefficient,51.200000000000003,True xi^2 coefficient,0.080000000000000002,1
represented,True coefficient,51.300000000000004,True xi^2 coefficient,0.080000000000000002,1
represented,True coefficient,51.400000000000006,True xi^2 coefficient,0.080000000000000002,1
represented,True coefficient,51.5,True xi^2 coefficient,0.080000000000000002,1
represented,True coefficient,51.600000000000001,True xi^2 coefficient,0.080000000000000002,1
represented,True coefficient,51.700000000000003,True xi^2 coefficient,0.080000000000000002,1
represented,True coefficient,51.800000000000004,True xi^2 coefficient,0.080000000000000002,1
represented,True coefficient,51.900000000000006,True xi^2 coefficient,0.080000000000000002,1
represented,True coefficient,52,True xi^2 coefficient,0.080000000000000002,1
represented,True coefficient,52.100000000000001,True xi^2 coefficient,0.080000000000000002,1
represented,True coefficient,52.200000000000003,True xi^2 coefficient,0.080000000000000002,1
represented,True coefficient,52.300000000000004,True xi^2 coefficient,0.080000000000000002,1
represented,True coefficient,52.400000000000006,True xi^2 coefficient,0.080000000000000002,1
represented,True coefficient,52.5,True xi^2 coefficient,0.080000000000000002,1
represented,True coefficient,52.600000000000001,True xi^2 coefficient,0.080000000000000002,1
represented,True coefficient,52.700000000000003,True xi^2 coefficient,0.080000000000000002,1
represented,True coefficient,52.800000000000004,True xi^2 coefficient,0.080000000000000002,1
represented,True coefficient,52.900000000000006,True xi^2 coefficient,0.080000000000000002,1
represented,True coefficient,53,True xi^2 coefficient,0.080000000000000002,1
represented,True coefficient,53.100000000000001,True xi^2 coefficient,0.080000000000000002,1
represented,True coefficient,53.200000000000003,True xi^2 coefficient,0.080000000000000002,1
represented,True coefficient,53.300000000000004,True xi^2 coefficient,0.080000000000000002,1
represented,True coefficient,53.400000000000006,True xi^2 coefficient,0.080000000000000002,1
represented,True coefficient,53.5,True xi^2 coefficient,0.080000000000000002,1
represented,True coefficient,53.600000000000001,True xi^2 coefficient,0.080000000000000002,1
represented,True coefficient,53.700000000000003,True xi^2 coefficient,0.080000000000000002,1
represented,True coefficient,53.800000000000004,True xi^2 coefficient,0.080000000000000002,1
represented,True coefficient,53.900000000000006,True xi^2 coefficient,0.080000000000000002,1
represented,True coefficient,54,True xi^2 coefficient,0.080000000000000002,1
represented,True coefficient,54.100000000000001,True xi^2 coefficient,0.080000000000000002,1
represented,True coefficient,54.200000000000003,True xi^2 coefficient,0.080000000000000002,1
represented,True coefficient,54.300000000000004,True xi^2 coefficient,0.080000000000000002,1
represented,True coefficient,54.400000000000006,True xi^2 coefficient,0.080000000000000002,1
represented,True coefficient,54.5,True xi^2 coefficient,0.080000000000000002,1
represented,True coefficient,54.600000000000001,True xi^2 coefficient,0.080000000000000002,1
represented,True coefficient,54.700000000000003,True xi^2 coefficient,0.080000000000000002,1
represented,True coefficient,54.800000000000004,True xi^2 coefficient,0.080000000000000002,1
represented,True coefficient,54.900000000000006,True xi^2 coefficient,0.080000000000000002,1
represented,True coefficient,55,True xi^2 coefficient,0.080000000000000002,1
represented,True coefficient,55.100000000000001,True xi^2 coefficient,0.080000000000000002,1
represented,True coefficient,55.200000000000003,True xi^2 coefficient,0.080000000000000002,1
represented,True coefficient,55.300000000000004,True xi^2 coefficient,0.080000000000000002,1
represented,True coefficient,55.400000000000006,True xi^2 coefficient,0.080000000000000002,1
represented,True coefficient,55.5,True xi^2 coefficient,0.080000000000000002,1
represented,True coefficient,55.600000000000001,True xi^2 coefficient,0.080000000000000002,1
represented,True coefficient,55.700000000000003,True xi^2 coefficient,0.080000000000000002,1
represented,True coefficient,55.800000000000004,True xi^2 coefficient,0.080000000000000002,1
represented,True coefficient,55.900000000000006,True xi^2 coefficient,0.080000000000000002,1
represented,True coefficient,56,True xi^2 coefficient,0.080000000000000002,1
represented,True coefficient,56.100000000000001,True xi^2 coefficient,0.080000000000000002,1
represented,True coefficient,56.200000000000003,True xi^2 coefficient,0.080000000000000002,1
represented,True coefficient,56.300000000000004,True xi^2 coefficient,0.080000000000000002,1
represented,True coefficient,56.400000000000006,True xi^2 coefficient,0.080000000000000002,1
represented,True coefficient,56.5,True xi^2 coefficient,0.080000000000000002,1
represented,True coefficient,56.600000000000001,True xi^2 coefficient,0.080000000000000002,1
represented,True coefficient,56.700000000000003,True xi^2 coefficient,0.080000000000000002,1
represented,True coefficient,56.800000000000004,True xi^2 coefficient,0.080000000000000002,1
represented,True coefficient,56.900000000000006,True xi^2 coefficient,0.080000000000000002,1
represented,True coefficient,57,True xi^2 coefficient,0.080000000000000002,1
represented,True coefficient,57.100000000000001,True xi^2 coefficient,0.080000000000000002,1
represented,True coefficient,57.200000000000003,True xi^2 coefficient,0.080000000000000002,1
represented,True coefficient,57.300000000000004,True xi^2 coefficient,0.080000000000000002,1
represented,True coefficient,57.400000000000006,True xi^2 coefficient,0.080000000000000002,1
represented,True coefficient,57.5,True xi^2 coefficient,0.080000000000000002,1
represented,True coefficient,57.600000000000001,True xi^2 coefficient,0.080000000000000002,1
represented,True coefficient,57.700000000000003,True xi^2 coefficient,0.080000000000000002,1
represented,True coefficient,57.800000000000004,True xi^2 coefficient,0.080000000000000002,1
represented,True coefficient,57.900000000000006,True xi^2 coefficient,0.080000000000000002,1
represented,True coefficient,58,True xi^2 coefficient,0.080000000000000002,1
represented,True coefficient,58.100000000000001,True xi^2 coefficient,0.080000000000000002,1
represented,True coefficient,58.200000000000003,True xi^2 coefficient,0.080000000000000002,1
represented,True coefficient,58.300000000000004,True xi^2 coefficient,0.080000000000000002,1
represented,True coefficient,58.400000000000006,True xi^2 coefficient,0.080000000000000002,1
represented,True coefficient,58.5,True xi^2 coefficient,0.080000000000000002,1
represented,True coefficient,58.600000000000001,True xi^2 coefficient,0.080000000000000002,1
represented,True coefficient,58.700000000000003,True xi^2 coefficient,0.080000000000000002,1
represented,True coefficient,58.800000000000004,True xi^2 coefficient,0.080000000000000002,1
represented,True coefficient,58.900000000000006,True xi^2 coefficient,0.080000000000000002,1
represented,True coefficient,59,True xi^2 coefficient,0.080000000000000002,1
represented,True coefficient,59.100000000000001,True xi^2 coefficient,0.080000000000000002,1
represented,True coefficient,59.200000000000003,True xi^2 coefficient,0.080000000000000002,1
represented,True coefficient,59.300000000000004,True xi^2 coefficient,0.080000000000000002,1
represented,True coefficient,59.400000000000006,True xi^2 coefficient,0.080000000000000002,1
represented,True coefficient,59.5,True xi^2 coefficient,0.080000000000000002,1
represented,True coefficient,59.600000000000001,True xi^2 coefficient,0.080000000000000002,1
represented,True coefficient,59.700000000000003,True xi^2 coefficient,0.080000000000000002,1
represented,True coefficient,59.800000000000004,True xi^2 coefficient,0.080000000000000002,1
represented,True coefficient,59.900000000000006,True xi^2 coefficient,0.080000000000000002,1
represented,True coefficient,60,True xi^2 coefficient,0.080000000000000002,1
represented,True coefficient,60.100000000000001,True xi^2 coefficient,0.080000000000000002,1
represented,True coefficient,60.200000000000003,True xi^2 coefficient,0.080000000000000002,1
represented,True coefficient,60.300000000000004,True xi^2 coefficient,0.080000000000000002,1
represented,True coefficient,60.400000000000006,True xi^2 coefficient,0.080000000000000002,1
represented,True coefficient,60.5,True xi^2 coefficient,0.080000000000000002,1
represented,True coefficient,60.600000000000001,True xi^2 coefficient,0.080000000000000002,1
represented,True coefficient,60.700000000000003,True xi^2 coefficient,0.080000000000000002,1
represented,True coefficient,60.800000000000004,True xi^2 coefficient,0.080000000000000002,1
represented,True coefficient,60.900000000000006,True xi^2 coefficient,0.080000000000000002,1
represented,True coefficient,61,True xi^2 coefficient,0.080000000000000002,1
represented,True coefficient,61.100000000000001,True xi^2 coefficient,0.080000000000000002,1
represented,True coefficient,61.200000000000003,True xi^2 coefficient,0.080000000000000002,1
represented,True coefficient,61.300000000000004,True xi^2 coefficient,0.080000000000000002,1
represented,True coefficient,61.400000000000006,True xi^2 coefficient,0.080000000000000002,1
represented,True coefficient,61.5,True xi^2 coefficient,0.080000000000000002,1
represented,True coefficient,61.600000000000001,True xi^2 coefficient,0.080000000000000002,1
represented,True coefficient,61.700000000000003,True xi^2 coefficient,0.080000000000000002,1
represented,True coefficient,61.800000000000004,True xi^2 coefficient,0.080000000000000002,1
represented,True coefficient,61.900000000000006,True xi^2 coefficient,0.080000000000000002,1
represented,True coefficient,62,True xi^2 coefficient,0.080000000000000002,1
represented,True coefficient,62.100000000000001,True xi^2 coefficient,0.080000000000000002,1
represented,True coefficient,62.200000000000003,True xi^2 coefficient,0.080000000000000002,1
represented,True coefficient,62.300000000000004,True xi^2 coefficient,0.080000000000000002,1
represented,True coefficient,62.400000000000006,True xi^2 coefficient,0.080000000000000002,1
represented,True coefficient,62.5,True xi^2 coefficient,0.080000000000000002,1
represented,True coefficient,62.600000000000001,True xi^2 coefficient,0.080000000000000002,1
represented,True coefficient,62.700000000000003,True xi^2 coefficient,0.080000000000000002,1
represented,True coefficient,62.800000000000004,True xi^2 coefficient,0.080000000000000002,1
represented,True coefficient,62.900000000000006,True xi^2 coefficient,0.080000000000000002,1
represented,True coefficient,63,True xi^2 coefficient,0.080000000000000002,1
represented,True coefficient,63.100000000000001,True xi^2 coefficient,0.080000000000000002,1
represented,True coefficient,63.200000000000003,True xi^2 coefficient,0.080000000000000002,1
represented,True coefficient,63.300000000000004,True xi^2 coefficient,0.080000000000000002,1
represented,True coefficient,63.400000000000006,True xi^2 coefficient,0.080000000000000002,1
represented,True coefficient,63.5,True xi^2 coefficient,0.080000000000000002,1
represented,True coefficient,63.600000000000001,True xi^2 coefficient,0.080000000000000002,1
represented,True coefficient,63.700000000000003,True xi^2 coefficient,0.080000000000000002,1
represented,True coefficient,63.800000000000004,True xi^2 coefficient,0.080000000000000002,1
represented,True coefficient,63.900000000000006,True xi^2 coefficient,0.080000000000000002,1
represented,True coefficient,64,True xi^2 coefficient,0.080000000000000002,1
represented,True coefficient,64.100000000000009,True xi^2 coefficient,0.080000000000000002,1
represented,True coefficient,64.200000000000003,True xi^2 coefficient,0.080000000000000002,1
represented,True coefficient,64.299999999999997,True xi^2 coefficient,0.080000000000000002,1
represented,True coefficient,64.400000000000006,True xi^2 coefficient,0.080000000000000002,1
represented,True coefficient,64.5,True xi^2 coefficient,0.080000000000000002,1
represented,True coefficient,64.600000000000009,True xi^2 coefficient,0.080000000000000002,1
represented,True coefficient,64.700000000000003,True xi^2 coefficient,0.080000000000000002,1
represented,True coefficient,64.799999999999997,True xi^2 coefficient,0.080000000000000002,1
represented,True coefficient,64.900000000000006,True xi^2 coefficient,0.080000000000000002,1
represented,True coefficient,65,True xi^2 coefficient,0.080000000000000002,1
represented,True coefficient,65.100000000000009,True xi^2 coefficient,0.080000000000000002,1
represented,True coefficient,65.200000000000003,True xi^2 coefficient,0.080000000000000002,1
represented,True coefficient,65.299999999999997,True xi^2 coefficient,0.080000000000000002,1
represented,True coefficient,65.400000000000006,True xi^2 coefficient,0.080000000000000002,1
represented,True coefficient,65.5,True xi^2 coefficient,0.080000000000000002,1
represented,True coefficient,65.600000000000009,True xi^2 coefficient,0.080000000000000002,1
represented,True coefficient,65.700000000000003,True xi^2 coefficient,0.080000000000000002,1
represented,True coefficient,65.799999999999997,True xi^2 coefficient,0.080000000000000002,1
represented,True coefficient,65.900000000000006,True xi^2 coefficient,0.080000000000000002,1
represented,True coefficient,66,True xi^2 coefficient,0.080000000000000002,1
represented,True coefficient,66.100000000000009,True xi^2 coefficient,0.080000000000000002,1
represented,True coefficient,66.200000000000003,True xi^2 coefficient,0.080000000000000002,1
represented,True coefficient,66.299999999999997,True xi^2 coefficient,0.080000000000000002,1
represented,True coefficient,66.400000000000006,True xi^2 coefficient,0.080000000000000002,1
represented,True coefficient,66.5,True xi^2 coefficient,0.080000000000000002,1
represented,True coefficient,66.600000000000009,True xi^2 coefficient,0.080000000000000002,1
represented,True coefficient,66.700000000000003,True xi^2 coefficient,0.080000000000000002,1
represented,True coefficient,66.799999999999997,True xi^2 coefficient,0.080000000000000002,1
represented,True coefficient,66.900000000000006,True xi^2 coefficient,0.080000000000000002,1
represented,True coefficient,67,True xi^2 coefficient,0.080000000000000002,1
represented,True coefficient,67.100000000000009,True xi^2 coefficient,0.080000000000000002,1
represented,True coefficient,67.200000000000003,True xi^2 coefficient,0.080000000000000002,1
represented,True coefficient,67.299999999999997,True xi^2 coefficient,0.080000000000000002,1
represented,True coefficient,67.400000000000006,True xi^2 coefficient,0.080000000000000002,1
represented,True coefficient,67.5,True xi^2 coefficient,0.080000000000000002,1
represented,True coefficient,67.600000000000009,True xi^2 coefficient,0.080000000000000002,1
represented,True coefficient,67.700000000000003,True xi^2 coefficient,0.080000000000000002,1
represented,True coefficient,67.799999999999997,True xi^2 coefficient,0.080000000000000002,1
represented,True coefficient,67.900000000000006,True xi^2 coefficient,0.080000000000000002,1
represented,True coefficient,68,True xi^2 coefficient,0.080000000000000002,1
represented,True coefficient,68.100000000000009,True xi^2 coefficient,0.080000000000000002,1
represented,True coefficient,68.200000000000003,True xi^2 coefficient,0.080000000000000002,1
represented,True coefficient,68.299999999999997,True xi^2 coefficient,0.080000000000000002,1
represented,True coefficient,68.400000000000006,True xi^2 coefficient,0.080000000000000002,1
represented,True coefficient,68.5,True xi^2 coefficient,0.080000000000000002,1
represented,True coefficient,68.600000000000009,True xi^2 coefficient,0.080000000000000002,1
represented,True coefficient,68.700000000000003,True xi^2 coefficient,0.080000000000000002,1
represented,True coefficient,68.799999999999997,True xi^2 coefficient,0.080000000000000002,1
represented,True coefficient,68.900000000000006,True xi^2 coefficient,0.080000000000000002,1
represented,True coefficient,69,True xi^2 coefficient,0.080000000000000002,1
represented,True coefficient,69.100000000000009,True xi^2 coefficient,0.080000000000000002,1
represented,True coefficient,69.200000000000003,True xi^2 coefficient,0.080000000000000002,1
represented,True coefficient,69.299999999999997,True xi^2 coefficient,0.080000000000000002,1
represented,True coefficient,69.400000000000006,True xi^2 coefficient,0.080000000000000002,1
represented,True coefficient,69.5,True xi^2 coefficient,0.080000000000000002,1
represented,True coefficient,69.600000000000009,True xi^2 coefficient,0.080000000000000002,1
represented,True coefficient,69.700000000000003,True xi^2 coefficient,0.080000000000000002,1
represented,True coefficient,69.799999999999997,True xi^2 coefficient,0.080000000000000002,1
represented,True coefficient,69.900000000000006,True xi^2 coefficient,0.080000000000000002,1
represented,True coefficient,70,True xi^2 coefficient,0.080000000000000002,1
represented,True coefficient,70.100000000000009,True xi^2 coefficient,0.080000000000000002,1
represented,True coefficient,70.200000000000003,True xi^2 coefficient,0.080000000000000002,1
represented,True coefficient,70.299999999999997,True xi^2 coefficient,0.080000000000000002,1
represented,True coefficient,70.400000000000006,True xi^2 coefficient,0.080000000000000002,1
represented,True coefficient,70.5,True xi^2 coefficient,0.080000000000000002,1
represented,True coefficient,70.600000000000009,True xi^2 coefficient,0.080000000000000002,1
represented,True coefficient,70.700000000000003,True xi^2 coefficient,0.080000000000000002,1
represented,True coefficient,70.799999999999997,True xi^2 coefficient,0.080000000000000002,1
represented,True coefficient,70.900000000000006,True xi^2 coefficient,0.080000000000000002,1
represented,True coefficient,71,True xi^2 coefficient,0.080000000000000002,1
represented,True coefficient,71.100000000000009,True xi^2 coefficient,0.080000000000000002,1
represented,True coefficient,71.200000000000003,True xi^2 coefficient,0.080000000000000002,1
represented,True coefficient,71.299999999999997,True xi^2 coefficient,0.080000000000000002,1
represented,True coefficient,71.400000000000006,True xi^2 coefficient,0.080000000000000002,1
represented,True coefficient,71.5,True xi^2 coefficient,0.080000000000000002,1
represented,True coefficient,71.600000000000009,True xi^2 coefficient,0.080000000000000002,1
represented,True coefficient,71.700000000000003,True xi^2 coefficient,0.080000000000000002,1
represented,True coefficient,71.799999999999997,True xi^2 coefficient,0.080000000000000002,1
represented,True coefficient,71.900000000000006,True xi^2 coefficient,0.080000000000000002,1
represented,True coefficient,72,True xi^2 coefficient,0.080000000000000002,1
represented,True coefficient,72.100000000000009,True xi^2 coefficient,0.080000000000000002,1
represented,True coefficient,72.200000000000003,True xi^2 coefficient,0.080000000000000002,1
represented,True coefficient,72.299999999999997,True xi^2 coefficient,0.080000000000000002,1
represented,True coefficient,72.400000000000006,True xi^2 coefficient,0.080000000000000002,1
represented,True coefficient,72.5,True xi^2 coefficient,0.080000000000000002,1
represented,True coefficient,72.600000000000009,True xi^2 coefficient,0.080000000000000002,1
represented,True coefficient,72.700000000000003,True xi^2 coefficient,0.080000000000000002,1
represented,True coefficient,72.799999999999997,True xi^2 coefficient,0.080000000000000002,1
represented,True coefficient,72.900000000000006,True xi^2 coefficient,0.080000000000000002,1
represented,True coefficient,73,True xi^2 coefficient,0.080000000000000002,1
represented,True coefficient,73.100000000000009,True xi^2 coefficient,0.080000000000000002,1
represented,True coefficient,73.200000000000003,True xi^2 coefficient,0.080000000000000002,1
represented,True coefficient,73.299999999999997,True xi^2 coefficient,0.080000000000000002,1
represented,True coefficient,73.400000000000006,True xi^2 coefficient,0.080000000000000002,1
represented,True coefficient,73.5,True xi^2 coefficient,0.080000000000000002,1
represented,True coefficient,73.600000000000009,True xi^2 coefficient,0.080000000000000002,1
represented,True coefficient,73.700000000000003,True xi^2 coefficient,0.080000000000000002,1
represented,True coefficient,73.799999999999997,True xi^2 coefficient,0.080000000000000002,1
represented,True coefficient,73.900000000000006,True xi^2 coefficient,0.080000000000000002,1
represented,True coefficient,74,True xi^2 coefficient,0.080000000000000002,1
represented,True coefficient,74.100000000000009,True xi^2 coefficient,0.080000000000000002,1
represented,True coefficient,74.200000000000003,True xi^2 coefficient,0.080000000000000002,1
represented,True coefficient,74.299999999999997,True xi^2 coefficient,0.080000000000000002,1
represented,True coefficient,74.400000000000006,True xi^2 coefficient,0.080000000000000002,1
represented,True coefficient,74.5,True xi^2 coefficient,0.080000000000000002,1
represented,True coefficient,74.600000000000009,True xi^2 coefficient,0.080000000000000002,1
represented,True coefficient,74.700000000000003,True xi^2 coefficient,0.080000000000000002,1
represented,True coefficient,74.799999999999997,True xi^2 coefficient,0.080000000000000002,1
represented,True coefficient,74.900000000000006,True xi^2 coefficient,0.080000000000000002,1
represented,True coefficient,75,True xi^2 coefficient,0.080000000000000002,1
represented,True coefficient,75.100000000000009,True xi^2 coefficient,0.080000000000000002,1
represented,True coefficient,75.200000000000003,True xi^2 coefficient,0.080000000000000002,1
represented,True coefficient,75.299999999999997,True xi^2 coefficient,0.080000000000000002,1
represented,True coefficient,75.400000000000006,True xi^2 coefficient,0.080000000000000002,1
represented,True coefficient,75.5,True xi^2 coefficient,0.080000000000000002,1
represented,True coefficient,75.600000000000009,True xi^2 coefficient,0.080000000000000002,1
represented,True coefficient,75.700000000000003,True xi^2 coefficient,0.080000000000000002,1
represented,True coefficient,75.799999999999997,True xi^2 coefficient,0.080000000000000002,1
represented,True coefficient,75.900000000000006,True xi^2 coefficient,0.080000000000000002,1
represented,True coefficient,76,True xi^2 coefficient,0.080000000000000002,1
represented,True coefficient,76.100000000000009,True xi^2 coefficient,0.080000000000000002,1
represented,True coefficient,76.200000000000003,True xi^2 coefficient,0.080000000000000002,1
represented,True coefficient,76.299999999999997,True xi^2 coefficient,0.080000000000000002,1
represented,True coefficient,76.400000000000006,True xi^2 coefficient,0.080000000000000002,1
represented,True coefficient,76.5,True xi^2 coefficient,0.080000000000000002,1
represented,True coefficient,76.600000000000009,True xi^2 coefficient,0.080000000000000002,1
represented,True coefficient,76.700000000000003,True xi^2 coefficient,0.080000000000000002,1
represented,True coefficient,76.800000000000011,True xi^2 coefficient,0.080000000000000002,1
represented,True coefficient,76.900000000000006,True xi^2 coefficient,0.080000000000000002,1
represented,True coefficient,77,True xi^2 coefficient,0.080000000000000002,1
represented,True coefficient,77.100000000000009,True xi^2 coefficient,0.080000000000000002,1
represented,True coefficient,77.200000000000003,True xi^2 coefficient,0.080000000000000002,1
represented,True coefficient,77.300000000000011,True xi^2 coefficient,0.080000000000000002,1
represented,True coefficient,77.400000000000006,True xi^2 coefficient,0.080000000000000002,1
represented,True coefficient,77.5,True xi^2 coefficient,0.080000000000000002,1
represented,True coefficient,77.600000000000009,True xi^2 coefficient,0.080000000000000002,1
represented,True coefficient,77.700000000000003,True xi^2 coefficient,0.080000000000000002,1
represented,True coefficient,77.800000000000011,True xi^2 coefficient,0.080000000000000002,1
represented,True coefficient,77.900000000000006,True xi^2 coefficient,0.080000000000000002,1
represented,True coefficient,78,True xi^2 coefficient,0.080000000000000002,1
represented,True coefficient,78.100000000000009,True xi^2 coefficient,0.080000000000000002,1
represented,True coefficient,78.200000000000003,True xi^2 coefficient,0.080000000000000002,1
represented,True coefficient,78.300000000000011,True xi^2 coefficient,0.080000000000000002,1
represented,True coefficient,78.400000000000006,True xi^2 coefficient,0.080000000000000002,1
represented,True coefficient,78.5,True xi^2 coefficient,0.080000000000000002,1
represented,True coefficient,78.600000000000009,True xi^2 coefficient,0.080000000000000002,1
represented,True coefficient,78.700000000000003,True xi^2 coefficient,0.080000000000000002,1
represented,True coefficient,78.800000000000011,True xi^2 coefficient,0.080000000000000002,1
represented,True coefficient,78.900000000000006,True xi^2 coefficient,0.080000000000000002,1
represented,True coefficient,79,True xi^2 coefficient,0.080000000000000002,1
represented,True coefficient,79.100000000000009,True xi^2 coefficient,0.080000000000000002,1
represented,True coefficient,79.200000000000003,True xi^2 coefficient,0.080000000000000002,1
represented,True coefficient,79.300000000000011,True xi^2 coefficient,0.080000000000000002,1
represented,True coefficient,79.400000000000006,True xi^2 coefficient,0.080000000000000002,1
represented,True coefficient,79.5,True xi^2 coefficient,0.080000000000000002,1
represented,True coefficient,79.600000000000009,True xi^2 coefficient,0.080000000000000002,1
represented,True coefficient,79.700000000000003,True xi^2 coefficient,0.080000000000000002,1
represented,True coefficient,79.800000000000011,True xi^2 coefficient,0.080000000000000002,1
represented,True coefficient,79.900000000000006,True xi^2 coefficient,0.080000000000000002,1
represented,True coefficient,80,True xi^2 coefficient,0.080000000000000002,1
represented,True coefficient,80.100000000000009,True xi^2 coefficient,0.080000000000000002,1
represented,True coefficient,80.200000000000003,True xi^2 coefficient,0.080000000000000002,1
represented,True coefficient,80.300000000000011,True xi^2 coefficient,0.080000000000000002,1
represented,True coefficient,80.400000000000006,True xi^2 coefficient,0.080000000000000002,1
represented,True coefficient,80.5,True xi^2 coefficient,0.080000000000000002,1
represented,True coefficient,80.600000000000009,True xi^2 coefficient,0.080000000000000002,1
represented,True coefficient,80.700000000000003,True xi^2 coefficient,0.080000000000000002,1
represented,True coefficient,80.800000000000011,True xi^2 coefficient,0.080000000000000002,1
represented,True coefficient,80.900000000000006,True xi^2 coefficient,0.080000000000000002,1
represented,True coefficient,81,True xi^2 coefficient,0.080000000000000002,1
represented,True coefficient,81.100000000000009,True xi^2 coefficient,0.080000000000000002,1
represented,True coefficient,81.200000000000003,True xi^2 coefficient,0.080000000000000002,1
represented,True coefficient,81.300000000000011,True xi^2 coefficient,0.080000000000000002,1
represented,True coefficient,81.400000000000006,True xi^2 coefficient,0.080000000000000002,1
represented,True coefficient,81.5,True xi^2 coefficient,0.080000000000000002,1
represented,True coefficient,81.600000000000009,True xi^2 coefficient,0.080000000000000002,1
represented,True coefficient,81.700000000000003,True xi^2 coefficient,0.080000000000000002,1
represented,True coefficient,81.800000000000011,True xi^2 coefficient,0.080000000000000002,1
represented,True coefficient,81.900000000000006,True xi^2 coefficient,0.080000000000000002,1
represented,True coefficient,82,True xi^2 coefficient,0.080000000000000002,1
represented,True coefficient,82.100000000000009,True xi^2 coefficient,0.080000000000000002,1
represented,True coefficient,82.200000000000003,True xi^2 coefficient,0.080000000000000002,1
represented,True coefficient,82.300000000000011,True xi^2 coefficient,0.080000000000000002,1
represented,True coefficient,82.400000000000006,True xi^2 coefficient,0.080000000000000002,1
represented,True coefficient,82.5,True xi^2 coefficient,0.080000000000000002,1
represented,True coefficient,82.600000000000009,True xi^2 coefficient,0.080000000000000002,1
represented,True coefficient,82.700000000000003,True xi^2 coefficient,0.080000000000000002,1
represented,True coefficient,82.800000000000011,True xi^2 coefficient,0.080000000000000002,1
represented,True coefficient,82.900000000000006,True xi^2 coefficient,0.080000000000000002,1
represented,True coefficient,83,True xi^2 coefficient,0.080000000000000002,1
represented,True coefficient,83.100000000000009,True xi^2 coefficient,0.080000000000000002,1
represented,True coefficient,83.200000000000003,True xi^2 coefficient,0.080000000000000002,1
represented,True coefficient,83.300000000000011,True xi^2 coefficient,0.080000000000000002,1
represented,True coefficient,83.400000000000006,True xi^2 coefficient,0.080000000000000002,1
represented,True coefficient,83.5,True xi^2 coefficient,0.080000000000000002,1
represented,True coefficient,83.600000000000009,True xi^2 coefficient,0.080000000000000002,1
represented,True coefficient,83.700000000000003,True xi^2 coefficient,0.080000000000000002,1
represented,True coefficient,83.800000000000011,True xi^2 coefficient,0.080000000000000002,1
represented,True coefficient,83.900000000000006,True xi^2 coefficient,0.080000000000000002,1
represented,True coefficient,84,True xi^2 coefficient,0.080000000000000002,1
represented,True coefficient,84.100000000000009,True xi^2 coefficient,0.080000000000000002,1
represented,True coefficient,84.200000000000003,True xi^2 coefficient,0.080000000000000002,1
represented,True coefficient,84.300000000000011,True xi^2 coefficient,0.080000000000000002,1
represented,True coefficient,84.400000000000006,True xi^2 coefficient,0.080000000000000002,1
represented,True coefficient,84.5,True xi^2 coefficient,0.080000000000000002,1
represented,True coefficient,84.600000000000009,True xi^2 coefficient,0.080000000000000002,1
represented,True coefficient,84.700000000000003,True xi^2 coefficient,0.080000000000000002,1
represented,True coefficient,84.800000000000011,True xi^2 coefficient,0.080000000000000002,1
represented,True coefficient,84.900000000000006,True xi^2 coefficient,0.080000000000000002,1
represented,True coefficient,85,True xi^2 coefficient,0.080000000000000002,1
represented,True coefficient,85.100000000000009,True xi^2 coefficient,0.080000000000000002,1
represented,True coefficient,85.200000000000003,True xi^2 coefficient,0.080000000000000002,1
represented,True coefficient,85.300000000000011,True xi^2 coefficient,0.080000000000000002,1
represented,True coefficient,85.400000000000006,True xi^2 coefficient,0.080000000000000002,1
represented,True coefficient,85.5,True xi^2 coefficient,0.080000000000000002,1
represented,True coefficient,85.600000000000009,True xi^2 coefficient,0.080000000000000002,1
represented,True coefficient,85.700000000000003,True xi^2 coefficient,0.080000000000000002,1
represented,True coefficient,85.800000000000011,True xi^2 coefficient,0.080000000000000002,1
represented,True coefficient,85.900000000000006,True xi^2 coefficient,0.080000000000000002,1
represented,True coefficient,86,True xi^2 coefficient,0.080000000000000002,1
represented,True coefficient,86.100000000000009,True xi^2 coefficient,0.080000000000000002,1
represented,True coefficient,86.200000000000003,True xi^2 coefficient,0.080000000000000002,1
represented,True coefficient,86.300000000000011,True xi^2 coefficient,0.080000000000000002,1
represented,True coefficient,86.400000000000006,True xi^2 coefficient,0.080000000000000002,1
represented,True coefficient,86.5,True xi^2 coefficient,0.080000000000000002,1
represented,True coefficient,86.600000000000009,True xi^2 coefficient,0.080000000000000002,1
represented,True coefficient,86.700000000000003,True xi^2 coefficient,0.080000000000000002,1
represented,True coefficient,86.800000000000011,True xi^2 coefficient,0.080000000000000002,1
represented,True coefficient,86.900000000000006,True xi^2 coefficient,0.080000000000000002,1
represented,True coefficient,87,True xi^2 coefficient,0.080000000000000002,1
represented,True coefficient,87.100000000000009,True xi^2 coefficient,0.080000000000000002,1
represented,True coefficient,87.200000000000003,True xi^2 coefficient,0.080000000000000002,1
represented,True coefficient,87.300000000000011,True xi^2 coefficient,0.080000000000000002,1
represented,True coefficient,87.400000000000006,True xi^2 coefficient,0.080000000000000002,1
represented,True coefficient,87.5,True xi^2 coefficient,0.080000000000000002,1
represented,True coefficient,87.600000000000009,True xi^2 coefficient,0.080000000000000002,1
represented,True coefficient,87.700000000000003,True xi^2 coefficient,0.080000000000000002,1
represented,True coefficient,87.800000000000011,True xi^2 coefficient,0.080000000000000002,1
represented,True coefficient,87.900000000000006,True xi^2 coefficient,0.080000000000000002,1
represented,True coefficient,88,True xi^2 coefficient,0.080000000000000002,1
represented,True coefficient,88.100000000000009,True xi^2 coefficient,0.080000000000000002,1
represented,True coefficient,88.200000000000003,True xi^2 coefficient,0.080000000000000002,1
represented,True coefficient,88.300000000000011,True xi^2 coefficient,0.080000000000000002,1
represented,True coefficient,88.400000000000006,True xi^2 coefficient,0.080000000000000002,1
represented,True coefficient,88.5,True xi^2 coefficient,0.080000000000000002,1
represented,True coefficient,88.600000000000009,True xi^2 coefficient,0.080000000000000002,1
represented,True coefficient,88.700000000000003,True xi^2 coefficient,0.080000000000000002,1
represented,True coefficient,88.800000000000011,True xi^2 coefficient,0.080000000000000002,1
represented,True coefficient,88.900000000000006,True xi^2 coefficient,0.080000000000000002,1
represented,True coefficient,89,True xi^2 coefficient,0.080000000000000002,1
represented,True coefficient,89.100000000000009,True xi^2 coefficient,0.080000000000000002,1
represented,True coefficient,89.200000000000003,True xi^2 coefficient,0.080000000000000002,1
represented,True coefficient,89.300000000000011,True xi^2 coefficient,0.080000000000000002,1
represented,True coefficient,89.400000000000006,True xi^2 coefficient,0.080000000000000002,1
represented,True coefficient,89.5,True xi^2 coefficient,0.080000000000000002,1
represented,True coefficient,89.600000000000009,True xi^2 coefficient,0.080000000000000002,1
represented,True coefficient,89.700000000000003,True xi^2 coefficient,0.080000000000000002,1
represented,True coefficient,89.800000000000011,True xi^2 coefficient,0.080000000000000002,1
represented,True coefficient,89.900000000000006,True xi^2 coefficient,0.080000000000000002,1
represented,True coefficient,90,True xi^2 coefficient,0.080000000000000002,1
represented,True coefficient,90.100000000000009,True xi^2 coefficient,0.080000000000000002,1
represented,True coefficient,90.200000000000003,True xi^2 coefficient,0.080000000000000002,1
represented,True coefficient,90.300000000000011,True xi^2 coefficient,0.080000000000000002,1
represented,True coefficient,90.400000000000006,True xi^2 coefficient,0.080000000000000002,1
represented,True coefficient,90.5,True xi^2 coefficient,0.080000000000000002,1
represented,True coefficient,90.600000000000009,True xi^2 coefficient,0.080000000000000002,1
represented,True coefficient,90.700000000000003,True xi^2 coefficient,0.080000000000000002,1
represented,True coefficient,90.800000000000011,True xi^2 coefficient,0.080000000000000002,1
represented,True coefficient,90.900000000000006,True xi^2 coefficient,0.080000000000000002,1
represented,True coefficient,91,True xi^2 coefficient,0.080000000000000002,1
represented,True coefficient,91.100000000000009,True xi^2 coefficient,0.080000000000000002,1
represented,True coefficient,91.200000000000003,True xi^2 coefficient,0.080000000000000002,1
represented,True coefficient,91.300000000000011,True xi^2 coefficient,0.080000000000000002,1
represented,True coefficient,91.400000000000006,True xi^2 coefficient,0.080000000000000002,1
represented,True coefficient,91.5,True xi^2 coefficient,0.080000000000000002,1
represented,True coefficient,91.600000000000009,True xi^2 coefficient,0.080000000000000002,1
represented,True coefficient,91.700000000000003,True xi^2 coefficient,0.080000000000000002,1
represented,True coefficient,91.800000000000011,True xi^2 coefficient,0.080000000000000002,1
represented,True coefficient,91.900000000000006,True xi^2 coefficient,0.080000000000000002,1
represented,True coefficient,92,True xi^2 coefficient,0.080000000000000002,1
represented,True coefficient,92.100000000000009,True xi^2 coefficient,0.080000000000000002,1
represented,True coefficient,92.200000000000003,True xi^2 coefficient,0.080000000000000002,1
represented,True coefficient,92.300000000000011,True xi^2 coefficient,0.080000000000000002,1
represented,True coefficient,92.400000000000006,True xi^2 coefficient,0.080000000000000002,1
represented,True coefficient,92.5,True xi^2 coefficient,0.080000000000000002,1
represented,True coefficient,92.600000000000009,True xi^2 coefficient,0.080000000000000002,1
represented,True coefficient,92.700000000000003,True xi^2 coefficient,0.080000000000000002,1
represented,True coefficient,92.800000000000011,True xi^2 coefficient,0.080000000000000002,1
represented,True coefficient,92.900000000000006,True xi^2 coefficient,0.080000000000000002,1
represented,True coefficient,93,True xi^2 coefficient,0.080000000000000002,1
represented,True coefficient,93.100000000000009,True xi^2 coefficient,0.080000000000000002,1
represented,True coefficient,93.200000000000003,True xi^2 coefficient,0.080000000000000002,1
represented,True coefficient,93.300000000000011,True xi^2 coefficient,0.080000000000000002,1
represented,True coefficient,93.400000000000006,True xi^2 coefficient,0.080000000000000002,1
represented,True coefficient,93.5,True xi^2 coefficient,0.080000000000000002,1
represented,True coefficient,93.600000000000009,True xi^2 coefficient,0.080000000000000002,1
represented,True coefficient,93.700000000000003,True xi^2 coefficient,0.080000000000000002,1
represented,True coefficient,93.800000000000011,True xi^2 coefficient,0.080000000000000002,1
represented,True coefficient,93.900000000000006,True xi^2 coefficient,0.080000000000000002,1
represented,True coefficient,94,True xi^2 coefficient,0.080000000000000002,1
represented,True coefficient,94.100000000000009,True xi^2 coefficient,0.080000000000000002,1
represented,True coefficient,94.200000000000003,True xi^2 coefficient,0.080000000000000002,1
represented,True coefficient,94.300000000000011,True xi^2 coefficient,0.080000000000000002,1
represented,True coefficient,94.400000000000006,True xi^2 coefficient,0.080000000000000002,1
represented,True coefficient,94.5,True xi^2 coefficient,0.080000000000000002,1
represented,True coefficient,94.600000000000009,True xi^2 coefficient,0.080000000000000002,1
represented,True coefficient,94.700000000000003,True xi^2 coefficient,0.080000000000000002,1
represented,True coefficient,94.800000000000011,True xi^2 coefficient,0.080000000000000002,1
represented,True coefficient,94.900000000000006,True xi^2 coefficient,0.080000000000000002,1
represented,True coefficient,95,True xi^2 coefficient,0.080000000000000002,1
represented,True coefficient,95.100000000000009,True xi^2 coefficient,0.080000000000000002,1
represented,True coefficient,95.200000000000003,True xi^2 coefficient,0.080000000000000002,1
represented,True coefficient,95.300000000000011,True xi^2 coefficient,0.080000000000000002,1
represented,True coefficient,95.400000000000006,True xi^2 coefficient,0.080000000000000002,1
represented,True coefficient,95.5,True xi^2 coefficient,0.080000000000000002,1
represented,True coefficient,95.600000000000009,True xi^2 coefficient,0.080000000000000002,1
represented,True coefficient,95.700000000000003,True xi^2 coefficient,0.080000000000000002,1
represented,True coefficient,95.800000000000011,True xi^2 coefficient,0.080000000000000002,1
represented,True coefficient,95.900000000000006,True xi^2 coefficient,0.080000000000000002,1
represented,True coefficient,96,True xi^2 coefficient,0.080000000000000002,1
represented,True coefficient,96.100000000000009,True xi^2 coefficient,0.080000000000000002,1
represented,True coefficient,96.200000000000003,True xi^2 coefficient,0.080000000000000002,1
represented,True coefficient,96.300000000000011,True xi^2 coefficient,0.080000000000000002,1
represented,True coefficient,96.400000000000006,True xi^2 coefficient,0.080000000000000002,1
represented,True coefficient,96.5,True xi^2 coefficient,0.080000000000000002,1
represented,True coefficient,96.600000000000009,True xi^2 coefficient,0.080000000000000002,1
represented,True coefficient,96.700000000000003,True xi^2 coefficient,0.080000000000000002,1
represented,True coefficient,96.800000000000011,True xi^2 coefficient,0.080000000000000002,1
represented,True coefficient,96.900000000000006,True xi^2 coefficient,0.080000000000000002,1
represented,True coefficient,97,True xi^2 coefficient,0.080000000000000002,1
represented,True coefficient,97.100000000000009,True xi^2 coefficient,0.080000000000000002,1
represented,True coefficient,97.200000000000003,True xi^2 coefficient,0.080000000000000002,1
represented,True coefficient,97.300000000000011,True xi^2 coefficient,0.080000000000000002,1
represented,True coefficient,97.400000000000006,True xi^2 coefficient,0.080000000000000002,1
represented,True coefficient,97.5,True xi^2 coefficient,0.080000000000000002,1
represented,True coefficient,97.600000000000009,True xi^2 coefficient,0.080000000000000002,1
represented,True coefficient,97.700000000000003,True xi^2 coefficient,0.080000000000000002,1
represented,True coefficient,97.800000000000011,True xi^2 coefficient,0.080000000000000002,1
represented,True coefficient,97.900000000000006,True xi^2 coefficient,0.080000000000000002,1
represented,True coefficient,98,True xi^2 coefficient,0.080000000000000002,1
represented,True coefficient,98.100000000000009,True xi^2 coefficient,0.080000000000000002,1
represented,True coefficient,98.200000000000003,True xi^2 coefficient,0.080000000000000002,1
represented,True coefficient,98.300000000000011,True xi^2 coefficient,0.080000000000000002,1
represented,True coefficient,98.400000000000006,True xi^2 coefficient,0.080000000000000002,1
represented,True coefficient,98.5,True xi^2 coefficient,0.080000000000000002,1
represented,True coefficient,98.600000000000009,True xi^2 coefficient,0.080000000000000002,1
represented,True coefficient,98.700000000000003,True xi^2 coefficient,0.080000000000000002,1
represented,True coefficient,98.800000000000011,True xi^2 coefficient,0.080000000000000002,1
represented,True coefficient,98.900000000000006,True xi^2 coefficient,0.080000000000000002,1
represented,True coefficient,99,True xi^2 coefficient,0.080000000000000002,1
represented,True coefficient,99.100000000000009,True xi^2 coefficient,0.080000000000000002,1
represented,True coefficient,99.200000000000003,True xi^2 coefficient,0.080000000000000002,1
represented,True coefficient,99.300000000000011,True xi^2 coefficient,0.080000000000000002,1
represented,True coefficient,99.400000000000006,True xi^2 coefficient,0.080000000000000002,1
represented,True coefficient,99.5,True xi^2 coefficient,0.080000000000000002,1
represented,True coefficient,99.600000000000009,True xi^2 coefficient,0.080000000000000002,1
represented,True coefficient,99.700000000000003,True xi^2 coefficient,0.080000000000000002,1
represented,True coefficient,99.800000000000011,True xi^2 coefficient,0.080000000000000002,1
represented,True coefficient,99.900000000000006,True xi^2 coefficient,0.080000000000000002,1
represented,True coefficient,100,True xi^2 coefficient,0.080000000000000002,1
represented,True coefficient,100.10000000000001,True xi^2 coefficient,0.080000000000000002,1
represented,True coefficient,100.2,True xi^2 coefficient,0.080000000000000002,1
represented,True coefficient,100.30000000000001,True xi^2 coefficient,0.080000000000000002,1
represented,True coefficient,100.40000000000001,True xi^2 coefficient,0.080000000000000002,1
represented,True coefficient,100.5,True xi^2 coefficient,0.080000000000000002,1
represented,True coefficient,100.60000000000001,True xi^2 coefficient,0.080000000000000002,1
represented,True coefficient,100.7,True xi^2 coefficient,0.080000000000000002,1
represented,True coefficient,100.80000000000001,True xi^2 coefficient,0.080000000000000002,1
represented,True coefficient,100.90000000000001,True xi^2 coefficient,0.080000000000000002,1
represented,True coefficient,101,True xi^2 coefficient,0.080000000000000002,1
represented,True coefficient,101.10000000000001,True xi^2 coefficient,0.080000000000000002,1
represented,True coefficient,101.2,True xi^2 coefficient,0.080000000000000002,1
represented,True coefficient,101.30000000000001,True xi^2 coefficient,0.080000000000000002,1
represented,True coefficient,101.40000000000001,True xi^2 coefficient,0.080000000000000002,1
represented,True coefficient,101.5,True xi^2 coefficient,0.080000000000000002,1
represented,True coefficient,101.60000000000001,True xi^2 coefficient,0.080000000000000002,1
represented,True coefficient,101.7,True xi^2 coefficient,0.080000000000000002,1
represented,True coefficient,101.80000000000001,True xi^2 coefficient,0.080000000000000002,1
represented,True coefficient,101.90000000000001,True xi^2 coefficient,0.080000000000000002,1
represented,True coefficient,102,True xi^2 coefficient,0.080000000000000002,1
represented,True coefficient,102.10000000000001,True xi^2 coefficient,0.080000000000000002,1
represented,True coefficient,102.2,True xi^2 coefficient,0.080000000000000002,1
represented,True coefficient,102.30000000000001,True xi^2 coefficient,0.080000000000000002,1
represented,True coefficient,102.40000000000001,True xi^2 coefficient,0.080000000000000002,1
represented,True coefficient,102.5,True xi^2 coefficient,0.080000000000000002,1
represented,True coefficient,102.60000000000001,True xi^2 coefficient,0.080000000000000002,1
represented,True coefficient,102.7,True xi^2 coefficient,0.080000000000000002,1
represented,True coefficient,102.80000000000001,True xi^2 coefficient,0.080000000000000002,1
represented,True coefficient,102.90000000000001,True xi^2 coefficient,0.080000000000000002,1
represented,True coefficient,103,True xi^2 coefficient,0.080000000000000002,1
represented,True coefficient,103.10000000000001,True xi^2 coefficient,0.080000000000000002,1
represented,True coefficient,103.2,True xi^2 coefficient,0.080000000000000002,1
represented,True coefficient,103.30000000000001,True xi^2 coefficient,0.080000000000000002,1
represented,True coefficient,103.40000000000001,True xi^2 coefficient,0.080000000000000002,1
represented,True coefficient,103.5,True xi^2 coefficient,0.080000000000000002,1
represented,True coefficient,103.60000000000001,True xi^2 coefficient,0.080000000000000002,1
represented,True coefficient,103.7,True xi^2 coefficient,0.080000000000000002,1
represented,True coefficient,103.80000000000001,True xi^2 coefficient,0.080000000000000002,1
represented,True coefficient,103.90000000000001,True xi^2 coefficient,0.080000000000000002,1
represented,True coefficient,104,True xi^2 coefficient,0.080000000000000002,1
represented,True coefficient,104.10000000000001,True xi^2 coefficient,0.080000000000000002,1
represented,True coefficient,104.2,True xi^2 coefficient,0.080000000000000002,1
represented,True coefficient,104.30000000000001,True xi^2 coefficient,0.080000000000000002,1
represented,True coefficient,104.40000000000001,True xi^2 coefficient,0.080000000000000002,1
represented,True coefficient,104.5,True xi^2 coefficient,0.080000000000000002,1
represented,True coefficient,104.60000000000001,True xi^2 coefficient,0.080000000000000002,1
represented,True coefficient,104.7,True xi^2 coefficient,0.080000000000000002,1
represented,True coefficient,104.80000000000001,True xi^2 coefficient,0.080000000000000002,1
represented,True coefficient,104.90000000000001,True xi^2 coefficient,0.080000000000000002,1
represented,True coefficient,105,True xi^2 coefficient,0.080000000000000002,1
represented,True coefficient,105.10000000000001,True xi^2 coefficient,0.080000000000000002,1
represented,True coefficient,105.2,True xi^2 coefficient,0.080000000000000002,1
represented,True coefficient,105.30000000000001,True xi^2 coefficient,0.080000000000000002,1
represented,True coefficient,105.40000000000001,True xi^2 coefficient,0.080000000000000002,1
represented,True coefficient,105.5,True xi^2 coefficient,0.080000000000000002,1
represented,True coefficient,105.60000000000001,True xi^2 coefficient,0.080000000000000002,1
represented,True coefficient,105.7,True xi^2 coefficient,0.080000000000000002,1
represented,True coefficient,105.80000000000001,True xi^2 coefficient,0.080000000000000002,1
represented,True coefficient,105.90000000000001,True xi^2 coefficient,0.080000000000000002,1
represented,True coefficient,106,True xi^2 coefficient,0.080000000000000002,1
represented,True coefficient,106.10000000000001,True xi^2 coefficient,0.080000000000000002,1
represented,True coefficient,106.2,True xi^2 coefficient,0.080000000000000002,1
represented,True coefficient,106.30000000000001,True xi^2 coefficient,0.080000000000000002,1
represented,True coefficient,106.40000000000001,True xi^2 coefficient,0.080000000000000002,1
represented,True coefficient,106.5,True xi^2 coefficient,0.080000000000000002,1
represented,True coefficient,106.60000000000001,True xi^2 coefficient,0.080000000000000002,1
represented,True coefficient,106.7,True xi^2 coefficient,0.080000000000000002,1
represented,True coefficient,106.80000000000001,True xi^2 coefficient,0.080000000000000002,1
represented,True coefficient,106.90000000000001,True xi^2 coefficient,0.080000000000000002,1
represented,True coefficient,107,True xi^2 coefficient,0.080000000000000002,1
represented,True coefficient,107.10000000000001,True xi^2 coefficient,0.080000000000000002,1
represented,True coefficient,107.2,True xi^2 coefficient,0.080000000000000002,1
represented,True coefficient,107.30000000000001,True xi^2 coefficient,0.080000000000000002,1
represented,True coefficient,107.40000000000001,True xi^2 coefficient,0.080000000000000002,1
represented,True coefficient,107.5,True xi^2 coefficient,0.080000000000000002,1
represented,True coefficient,107.60000000000001,True xi^2 coefficient,0.080000000000000002,1
represented,True coefficient,107.7,True xi^2 coefficient,0.080000000000000002,1
represented,True coefficient,107.80000000000001,True xi^2 coefficient,0.080000000000000002,1
represented,True coefficient,107.90000000000001,True xi^2 coefficient,0.080000000000000002,1
represented,True coefficient,108,True xi^2 coefficient,0.080000000000000002,1
represented,True coefficient,108.10000000000001,True xi^2 coefficient,0.080000000000000002,1
represented,True coefficient,108.2,True xi^2 coefficient,0.080000000000000002,1
represented,True coefficient,108.30000000000001,True xi^2 coefficient,0.080000000000000002,1
represented,True coefficient,108.40000000000001,True xi^2 coefficient,0.080000000000000002,1
represented,True coefficient,108.5,True xi^2 coefficient,0.080000000000000002,1
represented,True coefficient,108.60000000000001,True xi^2 coefficient,0.080000000000000002,1
represented,True coefficient,108.7,True xi^2 coefficient,0.080000000000000002,1
represented,True coefficient,108.80000000000001,True xi^2 coefficient,0.080000000000000002,1
represented,True coefficient,108.90000000000001,True xi^2 coefficient,0.080000000000000002,1
represented,True coefficient,109,True xi^2 coefficient,0.080000000000000002,1
represented,True coefficient,109.10000000000001,True xi^2 coefficient,0.080000000000000002,1
represented,True coefficient,109.2,True xi^2 coefficient,0.080000000000000002,1
represented,True coefficient,109.30000000000001,True xi^2 coefficient,0.080000000000000002,1
represented,True coefficient,109.40000000000001,True xi^2 coefficient,0.080000000000000002,1
represented,True coefficient,109.5,True xi^2 coefficient,0.080000000000000002,1
represented,True coefficient,109.60000000000001,True xi^2 coefficient,0.080000000000000002,1
represented,True coefficient,109.7,True xi^2 coefficient,0.080000000000000002,1
represented,True coefficient,109.80000000000001,True xi^2 coefficient,0.080000000000000002,1
represented,True coefficient,109.90000000000001,True xi^2 coefficient,0.080000000000000002,1
represented,True coefficient,110,True xi^2 coefficient,0.080000000000000002,1
represented,True coefficient,110.10000000000001,True xi^2 coefficient,0.080000000000000002,1
represented,True coefficient,110.2,True xi^2 coefficient,0.080000000000000002,1
represented,True coefficient,110.30000000000001,True xi^2 coefficient,0.080000000000000002,1
represented,True coefficient,110.40000000000001,True xi^2 coefficient,0.080000000000000002,1
represented,True coefficient,110.5,True xi^2 coefficient,0.080000000000000002,1
represented,True coefficient,110.60000000000001,True xi^2 coefficient,0.080000000000000002,1
represented,True coefficient,110.7,True xi^2 coefficient,0.080000000000000002,1
represented,True coefficient,110.80000000000001,True xi^2 coefficient,0.080000000000000002,1
represented,True coefficient,110.90000000000001,True xi^2 coefficient,0.080000000000000002,1
represented,True coefficient,111,True xi^2 coefficient,0.080000000000000002,1
represented,True coefficient,111.10000000000001,True xi^2 coefficient,0.080000000000000002,1
represented,True coefficient,111.2,True xi^2 coefficient,0.080000000000000002,1
represented,True coefficient,111.30000000000001,True xi^2 coefficient,0.080000000000000002,1
represented,True coefficient,111.40000000000001,True xi^2 coefficient,0.080000000000000002,1
represented,True coefficient,111.5,True xi^2 coefficient,0.080000000000000002,1
represented,True coefficient,111.60000000000001,True xi^2 coefficient,0.080000000000000002,1
represented,True coefficient,111.7,True xi^2 coefficient,0.080000000000000002,1
represented,True coefficient,111.80000000000001,True xi^2 coefficient,0.080000000000000002,1
represented,True coefficient,111.90000000000001,True xi^2 coefficient,0.080000000000000002,1
represented,True coefficient,112,True xi^2 coefficient,0.080000000000000002,1
represented,True coefficient,112.10000000000001,True xi^2 coefficient,0.080000000000000002,1
represented,True coefficient,112.2,True xi^2 coefficient,0.080000000000000002,1
represented,True coefficient,112.30000000000001,True xi^2 coefficient,0.080000000000000002,1
represented,True coefficient,112.40000000000001,True xi^2 coefficient,0.080000000000000002,1
represented,True coefficient,112.5,True xi^2 coefficient,0.080000000000000002,1
represented,True coefficient,112.60000000000001,True xi^2 coefficient,0.080000000000000002,1
represented,True coefficient,112.7,True xi^2 coefficient,0.080000000000000002,1
represented,True coefficient,112.80000000000001,True xi^2 coefficient,0.080000000000000002,1
represented,True coefficient,112.90000000000001,True xi^2 coefficient,0.080000000000000002,1
represented,True coefficient,113,True xi^2 coefficient,0.080000000000000002,1
represented,True coefficient,113.10000000000001,True xi^2 coefficient,0.080000000000000002,1
represented,True coefficient,113.2,True xi^2 coefficient,0.080000000000000002,1
represented,True coefficient,113.30000000000001,True xi^2 coefficient,0.080000000000000002,1
represented,True coefficient,113.40000000000001,True xi^2 coefficient,0.080000000000000002,1
represented,True coefficient,113.5,True xi^2 coefficient,0.080000000000000002,1
represented,True coefficient,113.60000000000001,True xi^2 coefficient,0.080000000000000002,1
represented,True coefficient,113.7,True xi^2 coefficient,0.080000000000000002,1
represented,True coefficient,113.80000000000001,True xi^2 coefficient,0.080000000000000002,1
represented,True coefficient,113.90000000000001,True xi^2 coefficient,0.080000000000000002,1
represented,True coefficient,114,True xi^2 coefficient,0.080000000000000002,1
represented,True coefficient,114.10000000000001,True xi^2 coefficient,0.080000000000000002,1
represented,True coefficient,114.2,True xi^2 coefficient,0.080000000000000002,1
represented,True coefficient,114.30000000000001,True xi^2 coefficient,0.080000000000000002,1
represented,True coefficient,114.40000000000001,True xi^2 coefficient,0.080000000000000002,1
represented,True coefficient,114.5,True xi^2 coefficient,0.080000000000000002,1
represented,True coefficient,114.60000000000001,True xi^2 coefficient,0.080000000000000002,1
represented,True coefficient,114.7,True xi^2 coefficient,0.080000000000000002,1
represented,True coefficient,114.80000000000001,True xi^2 coefficient,0.080000000000000002,1
represented,True coefficient,114.90000000000001,True xi^2 coefficient,0.080000000000000002,1
represented,True coefficient,115,True xi^2 coefficient,0.080000000000000002,1
represented,True coefficient,115.10000000000001,True xi^2 coefficient,0.080000000000000002,1
represented,True coefficient,115.2,True xi^2 coefficient,0.080000000000000002,1
represented,True coefficient,115.30000000000001,True xi^2 coefficient,0.080000000000000002,1
represented,True coefficient,115.40000000000001,True xi^2 coefficient,0.080000000000000002,1
represented,True coefficient,115.5,True xi^2 coefficient,0.080000000000000002,1
represented,True coefficient,115.60000000000001,True xi^2 coefficient,0.080000000000000002,1
represented,True coefficient,115.7,True xi^2 coefficient,0.080000000000000002,1
represented,True coefficient,115.80000000000001,True xi^2 coefficient,0.080000000000000002,1
represented,True coefficient,115.90000000000001,True xi^2 coefficient,0.080000000000000002,1
represented,True coefficient,116,True xi^2 coefficient,0.080000000000000002,1
represented,True coefficient,116.10000000000001,True xi^2 coefficient,0.080000000000000002,1
represented,True coefficient,116.2,True xi^2 coefficient,0.080000000000000002,1
represented,True coefficient,116.30000000000001,True xi^2 coefficient,0.080000000000000002,1
represented,True coefficient,116.40000000000001,True xi^2 coefficient,0.080000000000000002,1
represented,True coefficient,116.5,True xi^2 coefficient,0.080000000000000002,1
represented,True coefficient,116.60000000000001,True xi^2 coefficient,0.080000000000000002,1
represented,True coefficient,116.7,True xi^2 coefficient,0.080000000000000002,1
represented,True coefficient,116.80000000000001,True xi^2 coefficient,0.080000000000000002,1
represented,True coefficient,116.90000000000001,True xi^2 coefficient,0.080000000000000002,1
represented,True coefficient,117,True xi^2 coefficient,0.080000000000000002,1
represented,True coefficient,117.10000000000001,True xi^2 coefficient,0.080000000000000002,1
represented,True coefficient,117.2,True xi^2 coefficient,0.080000000000000002,1
represented,True coefficient,117.30000000000001,True xi^2 coefficient,0.080000000000000002,1
represented,True coefficient,117.40000000000001,True xi^2 coefficient,0.080000000000000002,1
represented,True coefficient,117.5,True xi^2 coefficient,0.080000000000000002,1
represented,True coefficient,117.60000000000001,True xi^2 coefficient,0.080000000000000002,1
represented,True coefficient,117.7,True xi^2 coefficient,0.080000000000000002,1
represented,True coefficient,117.80000000000001,True xi^2 coefficient,0.080000000000000002,1
represented,True coefficient,117.90000000000001,True xi^2 coefficient,0.080000000000000002,1
represented,True coefficient,118,True xi^2 coefficient,0.080000000000000002,1
represented,True coefficient,118.10000000000001,True xi^2 coefficient,0.080000000000000002,1
represented,True coefficient,118.2,True xi^2 coefficient,0.080000000000000002,1
represented,True coefficient,118.30000000000001,True xi^2 coefficient,0.080000000000000002,1
represented,True coefficient,118.40000000000001,True xi^2 coefficient,0.080000000000000002,1
represented,True coefficient,118.5,True xi^2 coefficient,0.080000000000000002,1
represented,True coefficient,118.60000000000001,True xi^2 coefficient,0.080000000000000002,1
represented,True coefficient,118.7,True xi^2 coefficient,0.080000000000000002,1
represented,True coefficient,118.80000000000001,True xi^2 coefficient,0.080000000000000002,1
represented,True coefficient,118.90000000000001,True xi^2 coefficient,0.080000000000000002,1
represented,True coefficient,119,True xi^2 coefficient,0.080000000000000002,1
represented,True coefficient,119.10000000000001,True xi^2 coefficient,0.080000000000000002,1
represented,True coefficient,119.2,True xi^2 coefficient,0.080000000000000002,1
represented,True coefficient,119.30000000000001,True xi^2 coefficient,0.080000000000000002,1
represented,True coefficient,119.40000000000001,True xi^2 coefficient,0.080000000000000002,1
represented,True coefficient,119.5,True xi^2 coefficient,0.080000000000000002,1
represented,True coefficient,119.60000000000001,True xi^2 coefficient,0.080000000000000002,1
represented,True coefficient,119.7,True xi^2 coefficient,0.080000000000000002,1
represented,True coefficient,119.80000000000001,True xi^2 coefficient,0.080000000000000002,1
represented,True coefficient,119.90000000000001,True xi^2 coefficient,0.080000000000000002,1
represented,Affine,45,Common-grid prediction RMSE,1.1232343663570905e-05,1
represented,Affine,46,Common-grid prediction RMSE,1.1283145965600953e-05,1
represented,Affine,47,Common-grid prediction RMSE,1.1333705173362235e-05,1
represented,Affine,48,Common-grid prediction RMSE,1.1383592318223331e-05,1
represented,Affine,49,Common-grid prediction RMSE,1.1432509864461517e-05,1
represented,Affine,50,Common-grid prediction RMSE,0.039294022868745365,2
represented,Affine,51,Common-grid prediction RMSE,0.039010857130507753,2
represented,Affine,52,Common-grid prediction RMSE,0.039233475525713456,2
represented,Affine,53,Common-grid prediction RMSE,0.040271081560721018,2
represented,Affine,54,Common-grid prediction RMSE,0.042227808667333146,2
represented,Affine,55,Common-grid prediction RMSE,0.044908546232685954,2
represented,Affine,56,Common-grid prediction RMSE,0.047933712262483483,2
represented,Affine,57,Common-grid prediction RMSE,0.050755693137216652,2
represented,Affine,58,Common-grid prediction RMSE,0.053004557883688255,2
represented,Affine,59,Common-grid prediction RMSE,0.054813832147738953,2
represented,Affine,60,Common-grid prediction RMSE,0.05095529643816353,2
represented,Affine,61,Common-grid prediction RMSE,0.048200526536051627,2
represented,Affine,62,Common-grid prediction RMSE,0.047582485159119031,2
represented,Affine,63,Common-grid prediction RMSE,0.047096011879565164,2
represented,Affine,64,Common-grid prediction RMSE,0.046703809432477303,2
represented,Affine,65,Common-grid prediction RMSE,0.046381262653582569,2
represented,Affine,66,Common-grid prediction RMSE,0.046111563499392785,2
represented,Affine,67,Common-grid prediction RMSE,0.045882863308453613,2
represented,Affine,68,Common-grid prediction RMSE,0.045686580638376502,2
represented,Affine,69,Common-grid prediction RMSE,0.045516354400389814,2
represented,Affine,70,Common-grid prediction RMSE,0.045367373434253538,2
represented,Affine,71,Common-grid prediction RMSE,0.045235934102590122,2
represented,Affine,72,Common-grid prediction RMSE,0.045119140597920465,2
represented,Affine,73,Common-grid prediction RMSE,0.04501469717479227,2
represented,Affine,74,Common-grid prediction RMSE,0.044920761118604297,2
represented,Affine,75,Common-grid prediction RMSE,0.044835836764417387,2
represented,Affine,76,Common-grid prediction RMSE,0.04475869782997851,2
represented,Affine,77,Common-grid prediction RMSE,0.044688329639881001,2
represented,Affine,78,Common-grid prediction RMSE,0.04462388555774794,2
represented,Affine,79,Common-grid prediction RMSE,0.044564653721842755,2
represented,Affine,80,Common-grid prediction RMSE,0.042970401402472831,2
represented,Affine,81,Common-grid prediction RMSE,0.042530172074887691,2
represented,Affine,82,Common-grid prediction RMSE,0.042557982201299624,2
represented,Affine,83,Common-grid prediction RMSE,0.042582828111444405,2
represented,Affine,84,Common-grid prediction RMSE,0.042605148535005945,2
represented,Affine,85,Common-grid prediction RMSE,0.042625298840325745,2
represented,Affine,86,Common-grid prediction RMSE,0.042643571785234494,2
represented,Affine,87,Common-grid prediction RMSE,0.042660210569569479,2
represented,Affine,88,Common-grid prediction RMSE,0.042675418782330318,2
represented,Affine,89,Common-grid prediction RMSE,0.042689368065742986,2
represented,Affine,90,Common-grid prediction RMSE,0.042702204080588738,2
represented,Affine,91,Common-grid prediction RMSE,0.042714051193409742,2
represented,Affine,92,Common-grid prediction RMSE,0.042725016191989602,2
represented,Affine,93,Common-grid prediction RMSE,0.042735191254829177,2
represented,Affine,94,Common-grid prediction RMSE,0.042744656342668323,2
represented,Affine,95,Common-grid prediction RMSE,0.042753481138411882,2
represented,Affine,96,Common-grid prediction RMSE,0.042761726631358875,2
represented,Affine,97,Common-grid prediction RMSE,0.042769446419153784,2
represented,Affine,98,Common-grid prediction RMSE,0.042776687784137034,2
represented,Affine,99,Common-grid prediction RMSE,0.042783492588183307,2
represented,Affine,100,Common-grid prediction RMSE,0.041373687010851264,2
represented,Affine,101,Common-grid prediction RMSE,0.041251567362304765,2
represented,Affine,102,Common-grid prediction RMSE,0.041706201647553634,2
represented,Affine,103,Common-grid prediction RMSE,0.04214611700223099,2
represented,Affine,104,Common-grid prediction RMSE,0.042571907615300608,2
represented,Affine,105,Common-grid prediction RMSE,0.042984155763385976,2
represented,Affine,106,Common-grid prediction RMSE,0.043383423937484275,2
represented,Affine,107,Common-grid prediction RMSE,0.043770253576869228,2
represented,Affine,108,Common-grid prediction RMSE,0.044145164402866477,2
represented,Affine,109,Common-grid prediction RMSE,0.044508654200503144,2
represented,Affine,110,Common-grid prediction RMSE,0.044861198931183552,2
represented,Affine,111,Common-grid prediction RMSE,0.045203253086831319,2
represented,Affine,112,Common-grid prediction RMSE,0.045535250216882324,2
represented,Affine,113,Common-grid prediction RMSE,0.045857603575629811,2
represented,Affine,114,Common-grid prediction RMSE,0.046170706849841543,2
represented,Affine,115,Common-grid prediction RMSE,0.046474934936152755,2
represented,Affine,116,Common-grid prediction RMSE,0.046770644745151517,2
represented,Affine,117,Common-grid prediction RMSE,0.047058176014801549,2
represented,Affine,118,Common-grid prediction RMSE,0.04733785212028388,2
represented,Affine,119,Common-grid prediction RMSE,0.047609980870768079,2
represented,Augmented affine,45,Common-grid prediction RMSE,2.3127113406651651e-05,1
represented,Augmented affine,46,Common-grid prediction RMSE,2.3274549515081124e-05,1
represented,Augmented affine,47,Common-grid prediction RMSE,2.3401150765901464e-05,1
represented,Augmented affine,48,Common-grid prediction RMSE,2.3511033833215766e-05,1
represented,Augmented affine,49,Common-grid prediction RMSE,2.3607299866088608e-05,1
represented,Augmented affine,50,Common-grid prediction RMSE,0.039278403649765266,2
represented,Augmented affine,51,Common-grid prediction RMSE,0.034961763806791259,2
represented,Augmented affine,52,Common-grid prediction RMSE,0.030843678449498844,2
represented,Augmented affine,53,Common-grid prediction RMSE,0.027744933253680184,2
represented,Augmented affine,54,Common-grid prediction RMSE,0.025739895351700372,2
represented,Augmented affine,55,Common-grid prediction RMSE,0.024706872821071063,2
represented,Augmented affine,56,Common-grid prediction RMSE,0.024329831105980613,2
represented,Augmented affine,57,Common-grid prediction RMSE,0.024272410305563333,2
represented,Augmented affine,58,Common-grid prediction RMSE,0.024375340839135069,2
represented,Augmented affine,59,Common-grid prediction RMSE,0.024559193988172936,2
represented,Augmented affine,60,Common-grid prediction RMSE,0.024630940386856526,2
represented,Augmented affine,61,Common-grid prediction RMSE,0.024367451789378082,2
represented,Augmented affine,62,Common-grid prediction RMSE,0.024064351720096012,2
represented,Augmented affine,63,Common-grid prediction RMSE,0.023812678500165458,2
represented,Augmented affine,64,Common-grid prediction RMSE,0.023600652123608661,2
represented,Augmented affine,65,Common-grid prediction RMSE,0.023419765841180235,2
represented,Augmented affine,66,Common-grid prediction RMSE,0.023263735299907166,2
represented,Augmented affine,67,Common-grid prediction RMSE,0.023127829295938481,2
represented,Augmented affine,68,Common-grid prediction RMSE,0.023008425466913059,2
represented,Augmented affine,69,Common-grid prediction RMSE,0.022902708306449873,2
represented,Augmented affine,70,Common-grid prediction RMSE,0.022808459551292282,2
represented,Augmented affine,71,Common-grid prediction RMSE,0.022723909906228284,2
represented,Augmented affine,72,Common-grid prediction RMSE,0.022647632345846522,2
represented,Augmented affine,73,Common-grid prediction RMSE,0.022578464129321848,2
represented,Augmented affine,74,Common-grid prediction RMSE,0.022515448984451531,2
represented,Augmented affine,75,Common-grid prediction RMSE,0.022457793681531002,2
represented,Augmented affine,76,Common-grid prediction RMSE,0.022404835021457556,2
represented,Augmented affine,77,Common-grid prediction RMSE,0.022356014460745543,2
represented,Augmented affine,78,Common-grid prediction RMSE,0.022310858405422331,2
represented,Augmented affine,79,Common-grid prediction RMSE,0.02226896276073051,2
represented,Augmented affine,80,Common-grid prediction RMSE,0.019933643964615236,2
represented,Augmented affine,81,Common-grid prediction RMSE,0.019312331999010304,2
represented,Augmented affine,82,Common-grid prediction RMSE,0.019839946394821461,2
represented,Augmented affine,83,Common-grid prediction RMSE,0.020348169628916255,2
represented,Augmented affine,84,Common-grid prediction RMSE,0.020834637535394152,2
represented,Augmented affine,85,Common-grid prediction RMSE,0.02129836449857251,2
represented,Augmented affine,86,Common-grid prediction RMSE,0.02173925320127882,2
represented,Augmented affine,87,Common-grid prediction RMSE,0.022157759706203123,2
represented,Augmented affine,88,Common-grid prediction RMSE,0.022554673286814708,2
represented,Augmented affine,89,Common-grid prediction RMSE,0.02293097187078039,2
represented,Augmented affine,90,Common-grid prediction RMSE,0.023287727493638832,2
represented,Augmented affine,91,Common-grid prediction RMSE,0.023626044957086052,2
represented,Augmented affine,92,Common-grid prediction RMSE,0.023947022604379073,2
represented,Augmented affine,93,Common-grid prediction RMSE,0.024251727855665869,2
represented,Augmented affine,94,Common-grid prediction RMSE,0.024541182593515884,2
represented,Augmented affine,95,Common-grid prediction RMSE,0.02481635510462572,2
represented,Augmented affine,96,Common-grid prediction RMSE,0.025078156357921398,2
represented,Augmented affine,97,Common-grid prediction RMSE,0.025327439118142722,2
represented,Augmented affine,98,Common-grid prediction RMSE,0.025564998878128145,2
represented,Augmented affine,99,Common-grid prediction RMSE,0.025791575920932813,2
represented,Augmented affine,100,Common-grid prediction RMSE,0.025194090612344757,2
represented,Augmented affine,101,Common-grid prediction RMSE,0.024974138586040247,2
represented,Augmented affine,102,Common-grid prediction RMSE,0.025032030779732657,2
represented,Augmented affine,103,Common-grid prediction RMSE,0.025080529063068065,2
represented,Augmented affine,104,Common-grid prediction RMSE,0.025121749957438468,2
represented,Augmented affine,105,Common-grid prediction RMSE,0.025157218479349437,2
represented,Augmented affine,106,Common-grid prediction RMSE,0.025188061242353343,2
represented,Augmented affine,107,Common-grid prediction RMSE,0.025215128591603731,2
represented,Augmented affine,108,Common-grid prediction RMSE,0.025239074405431147,2
represented,Augmented affine,109,Common-grid prediction RMSE,0.025260409746081264,2
represented,Augmented affine,110,Common-grid prediction RMSE,0.025279539839194096,2
represented,Augmented affine,111,Common-grid prediction RMSE,0.025296790128080407,2
represented,Augmented affine,112,Common-grid prediction RMSE,0.025312424991788242,2
represented,Augmented affine,113,Common-grid prediction RMSE,0.025326661428961124,2
represented,Augmented affine,114,Common-grid prediction RMSE,0.025339679219391845,2
represented,Augmented affine,115,Common-grid prediction RMSE,0.025351628577592374,2
represented,Augmented affine,116,Common-grid prediction RMSE,0.025362635992062271,2
represented,Augmented affine,117,Common-grid prediction RMSE,0.025372808732992302,2
represented,Augmented affine,118,Common-grid prediction RMSE,0.025382238369716991,2
represented,Augmented affine,119,Common-grid prediction RMSE,0.025391003542771001,2
represented,Complete quadratic,45,Common-grid prediction RMSE,6.5233914865399207e-05,1
represented,Complete quadratic,46,Common-grid prediction RMSE,6.5334080089778662e-05,1
represented,Complete quadratic,47,Common-grid prediction RMSE,6.5418504808612503e-05,1
represented,Complete quadratic,48,Common-grid prediction RMSE,6.5490629098719392e-05,1
represented,Complete quadratic,49,Common-grid prediction RMSE,6.5552958668859139e-05,1
represented,Complete quadratic,50,Common-grid prediction RMSE,0.039241223860187177,2
represented,Complete quadratic,51,Common-grid prediction RMSE,0.022746325654728651,2
represented,Complete quadratic,52,Common-grid prediction RMSE,0.022989862599782307,2
represented,Complete quadratic,53,Common-grid prediction RMSE,0.034390681056966195,2
represented,Complete quadratic,54,Common-grid prediction RMSE,0.044744224386365813,2
represented,Complete quadratic,55,Common-grid prediction RMSE,0.052160610562657792,2
represented,Complete quadratic,56,Common-grid prediction RMSE,0.057679397113926445,2
represented,Complete quadratic,57,Common-grid prediction RMSE,0.061956242493934034,2
represented,Complete quadratic,58,Common-grid prediction RMSE,0.06537591892634724,2
represented,Complete quadratic,59,Common-grid prediction RMSE,0.068177443405244564,2
represented,Complete quadratic,60,Common-grid prediction RMSE,0.044808419287289,2
represented,Complete quadratic,61,Common-grid prediction RMSE,0.042206235548990834,2
represented,Complete quadratic,62,Common-grid prediction RMSE,0.039836246269085523,2
represented,Complete quadratic,63,Common-grid prediction RMSE,0.037852046321823554,2
represented,Complete quadratic,64,Common-grid prediction RMSE,0.036175445875134965,2
represented,Complete quadratic,65,Common-grid prediction RMSE,0.0347474896029977,2
represented,Complete quadratic,66,Common-grid prediction RMSE,0.033522872849642657,2
represented,Complete quadratic,67,Common-grid prediction RMSE,0.032466215042803982,2
represented,Complete quadratic,68,Common-grid prediction RMSE,0.031549501359465257,2
represented,Complete quadratic,69,Common-grid prediction RMSE,0.030750282710475748,2
represented,Complete quadratic,70,Common-grid prediction RMSE,0.030050381681208587,2
represented,Complete quadratic,71,Common-grid prediction RMSE,0.029434944368660291,2
represented,Complete quadratic,72,Common-grid prediction RMSE,0.028891733878077669,2
represented,Complete quadratic,73,Common-grid prediction RMSE,0.028410595969248678,2
represented,Complete quadratic,74,Common-grid prediction RMSE,0.027983049498839528,2
represented,Complete quadratic,75,Common-grid prediction RMSE,0.027601968767258744,2
represented,Complete quadratic,76,Common-grid prediction RMSE,0.027261334516484204,2
represented,Complete quadratic,77,Common-grid prediction RMSE,0.026956036871655948,2
represented,Complete quadratic,78,Common-grid prediction RMSE,0.02668171804424703,2
represented,Complete quadratic,79,Common-grid prediction RMSE,0.026434645793398749,2
represented,Complete quadratic,80,Common-grid prediction RMSE,0.027626669474180365,2
represented,Complete quadratic,81,Common-grid prediction RMSE,0.029405496485852091,2
represented,Complete quadratic,82,Common-grid prediction RMSE,0.02877508394858273,2
represented,Complete quadratic,83,Common-grid prediction RMSE,0.028242998305512558,2
represented,Complete quadratic,84,Common-grid prediction RMSE,0.027794284756025342,2
represented,Complete quadratic,85,Common-grid prediction RMSE,0.027415926041498374,2
represented,Complete quadratic,86,Common-grid prediction RMSE,0.02709705879509228,2
represented,Complete quadratic,87,Common-grid prediction RMSE,0.026828595927608279,2
represented,Complete quadratic,88,Common-grid prediction RMSE,0.026602918764381318,2
represented,Complete quadratic,89,Common-grid prediction RMSE,0.026413625659049773,2
represented,Complete quadratic,90,Common-grid prediction RMSE,0.026255325981333951,2
represented,Complete quadratic,91,Common-grid prediction RMSE,0.026123470798071625,2
represented,Complete quadratic,92,Common-grid prediction RMSE,0.026014213373331079,2
represented,Complete quadratic,93,Common-grid prediction RMSE,0.025924293990818682,2
represented,Complete quadratic,94,Common-grid prediction RMSE,0.025850944671579106,2
represented,Complete quadratic,95,Common-grid prediction RMSE,0.025791810202268416,2
represented,Complete quadratic,96,Common-grid prediction RMSE,0.02574488256136474,2
represented,Complete quadratic,97,Common-grid prediction RMSE,0.025708446369206196,2
represented,Complete quadratic,98,Common-grid prediction RMSE,0.02568103342328747,2
represented,Complete quadratic,99,Common-grid prediction RMSE,0.025661384733051983,2
represented,Complete quadratic,100,Common-grid prediction RMSE,0.022672659158195198,2
represented,Complete quadratic,101,Common-grid prediction RMSE,0.02273766339151774,2
represented,Complete quadratic,102,Common-grid prediction RMSE,0.022875829393594782,2
represented,Complete quadratic,103,Common-grid prediction RMSE,0.023008674761029704,2
represented,Complete quadratic,104,Common-grid prediction RMSE,0.023132586642505226,2
represented,Complete quadratic,105,Common-grid prediction RMSE,0.023246558062372531,2
represented,Complete quadratic,106,Common-grid prediction RMSE,0.023350739425760526,2
represented,Complete quadratic,107,Common-grid prediction RMSE,0.023445768436780749,2
represented,Complete quadratic,108,Common-grid prediction RMSE,0.023532454897608746,2
represented,Complete quadratic,109,Common-grid prediction RMSE,0.023611633115760852,2
represented,Complete quadratic,110,Common-grid prediction RMSE,0.023684095404610823,2
represented,Complete quadratic,111,Common-grid prediction RMSE,0.023750565281288234,2
represented,Complete quadratic,112,Common-grid prediction RMSE,0.023811690016472931,2
represented,Complete quadratic,113,Common-grid prediction RMSE,0.023868042351549726,2
represented,Complete quadratic,114,Common-grid prediction RMSE,0.023920126240103954,2
represented,Complete quadratic,115,Common-grid prediction RMSE,0.023968384025698317,2
represented,Complete quadratic,116,Common-grid prediction RMSE,0.024013203781627874,2
represented,Complete quadratic,117,Common-grid prediction RMSE,0.024054926218582427,2
represented,Complete quadratic,118,Common-grid prediction RMSE,0.024093850917379062,2
represented,Complete quadratic,119,Common-grid prediction RMSE,0.024130241822261263,2
unrepresented,Augmented affine,45,Estimated xi^2 coefficient,5.0155990152825369e-05,1
unrepresented,Augmented affine,45.100000000000001,Estimated xi^2 coefficient,5.021185645163981e-05,1
unrepresented,Augmented affine,45.200000000000003,Estimated xi^2 coefficient,5.0266792730534241e-05,1
unrepresented,Augmented affine,45.300000000000004,Estimated xi^2 coefficient,5.0320822021828217e-05,1
unrepresented,Augmented affine,45.400000000000006,Estimated xi^2 coefficient,5.0373966603513803e-05,1
unrepresented,Augmented affine,45.5,Estimated xi^2 coefficient,5.0426248029890803e-05,1
unrepresented,Augmented affine,45.600000000000001,Estimated xi^2 coefficient,5.0477687160710852e-05,1
unrepresented,Augmented affine,45.700000000000003,Estimated xi^2 coefficient,5.052830418893576e-05,1
unrepresented,Augmented affine,45.800000000000004,Estimated xi^2 coefficient,5.057811866716697e-05,1
unrepresented,Augmented affine,45.900000000000006,Estimated xi^2 coefficient,5.0627149532830842e-05,1
unrepresented,Augmented affine,46,Estimated xi^2 coefficient,5.0675415132178177e-05,1
unrepresented,Augmented affine,46.100000000000001,Estimated xi^2 coefficient,5.0722933243189697e-05,1
unrepresented,Augmented affine,46.200000000000003,Estimated xi^2 coefficient,5.0769721097384368e-05,1
unrepresented,Augmented affine,46.300000000000004,Estimated xi^2 coefficient,5.0815795400683056e-05,1
unrepresented,Augmented affine,46.400000000000006,Estimated xi^2 coefficient,5.0861172353275179e-05,1
unrepresented,Augmented affine,46.5,Estimated xi^2 coefficient,5.0905867668636261e-05,1
unrepresented,Augmented affine,46.600000000000001,Estimated xi^2 coefficient,5.094989659164052e-05,1
unrepresented,Augmented affine,46.700000000000003,Estimated xi^2 coefficient,5.099327391592452e-05,1
unrepresented,Augmented affine,46.800000000000004,Estimated xi^2 coefficient,5.103601400044464e-05,1
unrepresented,Augmented affine,46.900000000000006,Estimated xi^2 coefficient,5.1078130785334881e-05,1
unrepresented,Augmented affine,47,Estimated xi^2 coefficient,5.1119637807069152e-05,1
unrepresented,Augmented affine,47.100000000000001,Estimated xi^2 coefficient,5.1160548212955986e-05,1
unrepresented,Augmented affine,47.200000000000003,Estimated xi^2 coefficient,5.1200874775034261e-05,1
unrepresented,Augmented affine,47.300000000000004,Estimated xi^2 coefficient,5.1240629903361592e-05,1
unrepresented,Augmented affine,47.400000000000006,Estimated xi^2 coefficient,5.1279825658750647e-05,1
unrepresented,Augmented affine,47.5,Estimated xi^2 coefficient,5.1318473764974495e-05,1
unrepresented,Augmented affine,47.600000000000001,Estimated xi^2 coefficient,5.1356585620443802e-05,1
unrepresented,Augmented affine,47.700000000000003,Estimated xi^2 coefficient,5.1394172309429592e-05,1
unrepresented,Augmented affine,47.800000000000004,Estimated xi^2 coefficient,5.1431244612812098e-05,1
unrepresented,Augmented affine,47.900000000000006,Estimated xi^2 coefficient,5.1467813018378708e-05,1
unrepresented,Augmented affine,48,Estimated xi^2 coefficient,5.1503887730729046e-05,1
unrepresented,Augmented affine,48.100000000000001,Estimated xi^2 coefficient,5.1539478680759719e-05,1
unrepresented,Augmented affine,48.200000000000003,Estimated xi^2 coefficient,5.1574595534784814e-05,1
unrepresented,Augmented affine,48.300000000000004,Estimated xi^2 coefficient,5.1609247703284215e-05,1
unrepresented,Augmented affine,48.400000000000006,Estimated xi^2 coefficient,5.1643444349325855e-05,1
unrepresented,Augmented affine,48.5,Estimated xi^2 coefficient,5.1677194396627044e-05,1
unrepresented,Augmented affine,48.600000000000001,Estimated xi^2 coefficient,5.1710506537325279e-05,1
unrepresented,Augmented affine,48.700000000000003,Estimated xi^2 coefficient,5.174338923944628e-05,1
unrepresented,Augmented affine,48.800000000000004,Estimated xi^2 coefficient,5.1775850754071959e-05,1
unrepresented,Augmented affine,48.900000000000006,Estimated xi^2 coefficient,5.1807899122248199e-05,1
unrepresented,Augmented affine,49,Estimated xi^2 coefficient,5.1839542181633583e-05,1
unrepresented,Augmented affine,49.100000000000001,Estimated xi^2 coefficient,5.1870787572872427e-05,1
unrepresented,Augmented affine,49.200000000000003,Estimated xi^2 coefficient,5.1901642745765191e-05,1
unrepresented,Augmented affine,49.300000000000004,Estimated xi^2 coefficient,5.19321149651764e-05,1
unrepresented,Augmented affine,49.400000000000006,Estimated xi^2 coefficient,5.1962211316742996e-05,1
unrepresented,Augmented affine,49.5,Estimated xi^2 coefficient,5.199193871237006e-05,1
unrepresented,Augmented affine,49.600000000000001,Estimated xi^2 coefficient,5.2021303895516467e-05,1
unrepresented,Augmented affine,49.700000000000003,Estimated xi^2 coefficient,5.2050313446303565e-05,1
unrepresented,Augmented affine,49.800000000000004,Estimated xi^2 coefficient,5.2078973786421269e-05,1
unrepresented,Augmented affine,49.900000000000006,Estimated xi^2 coefficient,5.2107291183877338e-05,1
unrepresented,Augmented affine,50,Estimated xi^2 coefficient,5.2135271757555473e-05,1
unrepresented,Augmented affine,50.100000000000001,Estimated xi^2 coefficient,0.00074171686157029689,1
unrepresented,Augmented affine,50.200000000000003,Estimated xi^2 coefficient,0.0016949622472026446,1
unrepresented,Augmented affine,50.300000000000004,Estimated xi^2 coefficient,0.0028126355086881437,1
unrepresented,Augmented affine,50.400000000000006,Estimated xi^2 coefficient,0.0039394668895875937,1
unrepresented,Augmented affine,50.5,Estimated xi^2 coefficient,0.0050562395645118068,1
unrepresented,Augmented affine,50.600000000000001,Estimated xi^2 coefficient,0.0061638008040153435,1
unrepresented,Augmented affine,50.700000000000003,Estimated xi^2 coefficient,0.0072673960924311458,1
unrepresented,Augmented affine,50.800000000000004,Estimated xi^2 coefficient,0.0083698210361768249,1
unrepresented,Augmented affine,50.900000000000006,Estimated xi^2 coefficient,0.009472512589870417,1
unrepresented,Augmented affine,51,Estimated xi^2 coefficient,0.010576563350786758,1
unrepresented,Augmented affine,51.100000000000001,Estimated xi^2 coefficient,0.011681291368797338,1
unrepresented,Augmented affine,51.200000000000003,Estimated xi^2 coefficient,0.012786030314977874,1
unrepresented,Augmented affine,51.300000000000004,Estimated xi^2 coefficient,0.013890135813643976,1
unrepresented,Augmented affine,51.400000000000006,Estimated xi^2 coefficient,0.014992981198720032,1
unrepresented,Augmented affine,51.5,Estimated xi^2 coefficient,0.016093954419199485,1
unrepresented,Augmented affine,51.600000000000001,Estimated xi^2 coefficient,0.017192459026671991,1
unrepresented,Augmented affine,51.700000000000003,Estimated xi^2 coefficient,0.018287915502632136,1
unrepresented,Augmented affine,51.800000000000004,Estimated xi^2 coefficient,0.019379762211473327,1
unrepresented,Augmented affine,51.900000000000006,Estimated xi^2 coefficient,0.020467456129410436,1
unrepresented,Augmented affine,52,Estimated xi^2 coefficient,0.021550473499101178,1
unrepresented,Augmented affine,52.100000000000001,Estimated xi^2 coefficient,0.022628310447326504,1
unrepresented,Augmented affine,52.200000000000003,Estimated xi^2 coefficient,0.023700483502061005,1
unrepresented,Augmented affine,52.300000000000004,Estimated xi^2 coefficient,0.024766530003843445,1
unrepresented,Augmented affine,52.400000000000006,Estimated xi^2 coefficient,0.025826008415677792,1
unrepresented,Augmented affine,52.5,Estimated xi^2 coefficient,0.026878498536107139,1
unrepresented,Augmented affine,52.600000000000001,Estimated xi^2 coefficient,0.027923601620761025,1
unrepresented,Augmented affine,52.700000000000003,Estimated xi^2 coefficient,0.028960940417562971,1
unrepresented,Augmented affine,52.800000000000004,Estimated xi^2 coefficient,0.029990159120953399,1
unrepresented,Augmented affine,52.900000000000006,Estimated xi^2 coefficient,0.031010923250682415,1
unrepresented,Augmented affine,53,Estimated xi^2 coefficient,0.032022919460851756,1
unrepresented,Augmented affine,53.100000000000001,Estimated xi^2 coefficient,0.033025855284948669,1
unrepresented,Augmented affine,53.200000000000003,Estimated xi^2 coefficient,0.034019458822586515,1
unrepresented,Augmented affine,53.300000000000004,Estimated xi^2 coefficient,0.035003478373443073,1
unrepresented,Augmented affine,53.400000000000006,Estimated xi^2 coefficient,0.035977682024372792,1
unrepresented,Augmented affine,53.5,Estimated xi^2 coefficient,0.036941857194698502,1
unrepresented,Augmented affine,53.600000000000001,Estimated xi^2 coefficient,0.037895810145038809,1
unrepresented,Augmented affine,53.700000000000003,Estimated xi^2 coefficient,0.038839365454715696,1
unrepresented,Augmented affine,53.800000000000004,Estimated xi^2 coefficient,0.039772365472525238,1
unrepresented,Augmented affine,53.900000000000006,Estimated xi^2 coefficient,0.040694669745411007,1
unrepresented,Augmented affine,54,Estimated xi^2 coefficient,0.041606154429323652,1
unrepresented,Augmented affine,54.100000000000001,Estimated xi^2 coefficient,0.042506711686281805,1
unrepresented,Augmented affine,54.200000000000003,Estimated xi^2 coefficient,0.043379186850023878,1
unrepresented,Augmented affine,54.300000000000004,Estimated xi^2 coefficient,0.044224920602145536,1
unrepresented,Augmented affine,54.400000000000006,Estimated xi^2 coefficient,0.045045182713733062,1
unrepresented,Augmented affine,54.5,Estimated xi^2 coefficient,0.045841193277269446,1
unrepresented,Augmented affine,54.600000000000001,Estimated xi^2 coefficient,0.046614098695142138,1
unrepresented,Augmented affine,54.700000000000003,Estimated xi^2 coefficient,0.047364968033435081,1
unrepresented,Augmented affine,54.800000000000004,Estimated xi^2 coefficient,0.048094800253409703,1
unrepresented,Augmented affine,54.900000000000006,Estimated xi^2 coefficient,0.048804531432889688,1
unrepresented,Augmented affine,55,Estimated xi^2 coefficient,0.049495040128576452,1
unrepresented,Augmented affine,55.100000000000001,Estimated xi^2 coefficient,0.050167151800164282,1
unrepresented,Augmented affine,55.200000000000003,Estimated xi^2 coefficient,0.050821642843691638,1
unrepresented,Augmented affine,55.300000000000004,Estimated xi^2 coefficient,0.051459244310233118,1
unrepresented,Augmented affine,55.400000000000006,Estimated xi^2 coefficient,0.052080645295500626,1
unrepresented,Augmented affine,55.5,Estimated xi^2 coefficient,0.0526864960178203,1
unrepresented,Augmented affine,55.600000000000001,Estimated xi^2 coefficient,0.053277410619082463,1
unrepresented,Augmented affine,55.700000000000003,Estimated xi^2 coefficient,0.053853969720441888,1
unrepresented,Augmented affine,55.800000000000004,Estimated xi^2 coefficient,0.054416722758524133,1
unrepresented,Augmented affine,55.900000000000006,Estimated xi^2 coefficient,0.054966190124058414,1
unrepresented,Augmented affine,56,Estimated xi^2 coefficient,0.055502865122406528,1
unrepresented,Augmented affine,56.100000000000001,Estimated xi^2 coefficient,0.056027215773380268,1
unrepresented,Augmented affine,56.200000000000003,Estimated xi^2 coefficient,0.056539686465821318,1
unrepresented,Augmented affine,56.300000000000004,Estimated xi^2 coefficient,0.057040699480702117,1
unrepresented,Augmented affine,56.400000000000006,Estimated xi^2 coefficient,0.057530656395008331,1
unrepresented,Augmented affine,56.5,Estimated xi^2 coefficient,0.058009939377353902,1
unrepresented,Augmented affine,56.600000000000001,Estimated xi^2 coefficient,0.058478912385128777,1
unrepresented,Augmented affine,56.700000000000003,Estimated xi^2 coefficient,0.058937922271963726,1
unrepresented,Augmented affine,56.800000000000004,Estimated xi^2 coefficient,0.059387299813399394,1
unrepresented,Augmented affine,56.900000000000006,Estimated xi^2 coefficient,0.05982736065785179,1
unrepresented,Augmented affine,57,Estimated xi^2 coefficient,0.060258406209262365,1
unrepresented,Augmented affine,57.100000000000001,Estimated xi^2 coefficient,0.06068072444719478,1
unrepresented,Augmented affine,57.200000000000003,Estimated xi^2 coefficient,0.061094590689583748,1
unrepresented,Augmented affine,57.300000000000004,Estimated xi^2 coefficient,0.061500268302845433,1
unrepresented,Augmented affine,57.400000000000006,Estimated xi^2 coefficient,0.061898009363614941,1
unrepresented,Augmented affine,57.5,Estimated xi^2 coefficient,0.062288055275980587,1
unrepresented,Augmented affine,57.600000000000001,Estimated xi^2 coefficient,0.062670637347730179,1
unrepresented,Augmented affine,57.700000000000003,Estimated xi^2 coefficient,0.06304597732880611,1
unrepresented,Augmented affine,57.800000000000004,Estimated xi^2 coefficient,0.063414287914880366,1
unrepresented,Augmented affine,57.900000000000006,Estimated xi^2 coefficient,0.063775773218703147,1
unrepresented,Augmented affine,58,Estimated xi^2 coefficient,0.064130629211647791,1
unrepresented,Augmented affine,58.100000000000001,Estimated xi^2 coefficient,0.064479044137665725,1
unrepresented,Augmented affine,58.200000000000003,Estimated xi^2 coefficient,0.064821198901676452,1
unrepresented,Augmented affine,58.300000000000004,Estimated xi^2 coefficient,0.065157267434247601,1
unrepresented,Augmented affine,58.400000000000006,Estimated xi^2 coefficient,0.06548741703426518,1
unrepresented,Augmented affine,58.5,Estimated xi^2 coefficient,0.065811808691154966,1
unrepresented,Augmented affine,58.600000000000001,Estimated xi^2 coefficient,0.066130597388088366,1
unrepresented,Augmented affine,58.700000000000003,Estimated xi^2 coefficient,0.066443932387491605,1
unrepresented,Augmented affine,58.800000000000004,Estimated xi^2 coefficient,0.066751957500071485,1
unrepresented,Augmented affine,58.900000000000006,Estimated xi^2 coefficient,0.067054811338476003,1
unrepresented,Augmented affine,59,Estimated xi^2 coefficient,0.067352627556620956,1
unrepresented,Augmented affine,59.100000000000001,Estimated xi^2 coefficient,0.067645535075634297,1
unrepresented,Augmented affine,59.200000000000003,Estimated xi^2 coefficient,0.067934575394707805,1
unrepresented,Augmented affine,59.300000000000004,Estimated xi^2 coefficient,0.068220552807666091,1
unrepresented,Augmented affine,59.400000000000006,Estimated xi^2 coefficient,0.068516643048246603,1
unrepresented,Augmented affine,59.5,Estimated xi^2 coefficient,0.068865493148329751,1
unrepresented,Augmented affine,59.600000000000001,Estimated xi^2 coefficient,0.069222965038277434,1
unrepresented,Augmented affine,59.700000000000003,Estimated xi^2 coefficient,0.06932538036410564,1
unrepresented,Augmented affine,59.800000000000004,Estimated xi^2 coefficient,0.069372126804410308,1
unrepresented,Augmented affine,59.900000000000006,Estimated xi^2 coefficient,0.068871243613588207,1
unrepresented,Augmented affine,60,Estimated xi^2 coefficient,0.067938865440185944,1
unrepresented,Augmented affine,60.100000000000001,Estimated xi^2 coefficient,0.067743604748521091,1
unrepresented,Augmented affine,60.200000000000003,Estimated xi^2 coefficient,0.068238528013600599,1
unrepresented,Augmented affine,60.300000000000004,Estimated xi^2 coefficient,0.068381278168107032,1
unrepresented,Augmented affine,60.400000000000006,Estimated xi^2 coefficient,0.068217234599654286,1
unrepresented,Augmented affine,60.5,Estimated xi^2 coefficient,0.067974462734721866,1
unrepresented,Augmented affine,60.600000000000001,Estimated xi^2 coefficient,0.067730636774997841,1
unrepresented,Augmented affine,60.700000000000003,Estimated xi^2 coefficient,0.067497747316255088,1
unrepresented,Augmented affine,60.800000000000004,Estimated xi^2 coefficient,0.067274442033358958,1
unrepresented,Augmented affine,60.900000000000006,Estimated xi^2 coefficient,0.067058950440889775,1
unrepresented,Augmented affine,61,Estimated xi^2 coefficient,0.066846249281259734,1
unrepresented,Augmented affine,61.100000000000001,Estimated xi^2 coefficient,0.066635970186913612,1
unrepresented,Augmented affine,61.200000000000003,Estimated xi^2 coefficient,0.066427957558639783,1
unrepresented,Augmented affine,61.300000000000004,Estimated xi^2 coefficient,0.06622225365119444,1
unrepresented,Augmented affine,61.400000000000006,Estimated xi^2 coefficient,0.066018974851595552,1
unrepresented,Augmented affine,61.5,Estimated xi^2 coefficient,0.065818251482612999,1
unrepresented,Augmented affine,61.600000000000001,Estimated xi^2 coefficient,0.06562021134987675,1
unrepresented,Augmented affine,61.700000000000003,Estimated xi^2 coefficient,0.065424976938753376,1
unrepresented,Augmented affine,61.800000000000004,Estimated xi^2 coefficient,0.065232665342290233,1
unrepresented,Augmented affine,61.900000000000006,Estimated xi^2 coefficient,0.065043388409621483,1
unrepresented,Augmented affine,62,Estimated xi^2 coefficient,0.064857252785881739,1
unrepresented,Augmented affine,62.100000000000001,Estimated xi^2 coefficient,0.064674359818003166,1
unrepresented,Augmented affine,62.200000000000003,Estimated xi^2 coefficient,0.064494805438506553,1
unrepresented,Augmented affine,62.300000000000004,Estimated xi^2 coefficient,0.064322098105799017,1
unrepresented,Augmented affine,62.400000000000006,Estimated xi^2 coefficient,0.064156025470203826,1
unrepresented,Augmented affine,62.5,Estimated xi^2 coefficient,0.063996382329444004,1
unrepresented,Augmented affine,62.600000000000001,Estimated xi^2 coefficient,0.063842927668265936,1
unrepresented,Augmented affine,62.700000000000003,Estimated xi^2 coefficient,0.063695412145982386,1
unrepresented,Augmented affine,62.800000000000004,Estimated xi^2 coefficient,0.063553593902747757,1
unrepresented,Augmented affine,62.900000000000006,Estimated xi^2 coefficient,0.063417242701008056,1
unrepresented,Augmented affine,63,Estimated xi^2 coefficient,0.063286139893267479,1
unrepresented,Augmented affine,63.100000000000001,Estimated xi^2 coefficient,0.063160077608022211,1
unrepresented,Augmented affine,63.200000000000003,Estimated xi^2 coefficient,0.063038857997832751,1
unrepresented,Augmented affine,63.300000000000004,Estimated xi^2 coefficient,0.062922292615108108,1
unrepresented,Augmented affine,63.400000000000006,Estimated xi^2 coefficient,0.06281020186450352,1
unrepresented,Augmented affine,63.5,Estimated xi^2 coefficient,0.062702414500699979,1
unrepresented,Augmented affine,63.600000000000001,Estimated xi^2 coefficient,0.062598767160456578,1
unrepresented,Augmented affine,63.700000000000003,Estimated xi^2 coefficient,0.062499103925234008,1
unrepresented,Augmented affine,63.800000000000004,Estimated xi^2 coefficient,0.062403275912282702,1
unrepresented,Augmented affine,63.900000000000006,Estimated xi^2 coefficient,0.062311140892254521,1
unrepresented,Augmented affine,64,Estimated xi^2 coefficient,0.06222256292918843,1
unrepresented,Augmented affine,64.100000000000009,Estimated xi^2 coefficient,0.062137412051002691,1
unrepresented,Augmented affine,64.200000000000003,Estimated xi^2 coefficient,0.062055563931640551,1
unrepresented,Augmented affine,64.299999999999997,Estimated xi^2 coefficient,0.061976899596551616,1
unrepresented,Augmented affine,64.400000000000006,Estimated xi^2 coefficient,0.06190130514672286,1
unrepresented,Augmented affine,64.5,Estimated xi^2 coefficient,0.061828671499363129,1
unrepresented,Augmented affine,64.600000000000009,Estimated xi^2 coefficient,0.061758894144112939,1
unrepresented,Augmented affine,64.700000000000003,Estimated xi^2 coefficient,0.061691872913773503,1
unrepresented,Augmented affine,64.799999999999997,Estimated xi^2 coefficient,0.061627511768581909,1
unrepresented,Augmented affine,64.900000000000006,Estimated xi^2 coefficient,0.061565718593111989,1
unrepresented,Augmented affine,65,Estimated xi^2 coefficient,0.061506405004945731,1
unrepresented,Augmented affine,65.100000000000009,Estimated xi^2 coefficient,0.061449486174325205,1
unrepresented,Augmented affine,65.200000000000003,Estimated xi^2 coefficient,0.061394880654056135,1
unrepresented,Augmented affine,65.299999999999997,Estimated xi^2 coefficient,0.061342510218989496,1
unrepresented,Augmented affine,65.400000000000006,Estimated xi^2 coefficient,0.061292299714457592,1
unrepresented,Augmented affine,65.5,Estimated xi^2 coefficient,0.061244176913087249,1
unrepresented,Augmented affine,65.600000000000009,Estimated xi^2 coefficient,0.061198072379455445,1
unrepresented,Augmented affine,65.700000000000003,Estimated xi^2 coefficient,0.061153919342091106,1
unrepresented,Augmented affine,65.799999999999997,Estimated xi^2 coefficient,0.061111653572362624,1
unrepresented,Augmented affine,65.900000000000006,Estimated xi^2 coefficient,0.061071213269823642,1
unrepresented,Augmented affine,66,Estimated xi^2 coefficient,0.061032538953619431,1
unrepresented,Augmented affine,66.100000000000009,Estimated xi^2 coefficient,0.06099557335958438,1
unrepresented,Augmented affine,66.200000000000003,Estimated xi^2 coefficient,0.060960261342686381,1
unrepresented,Augmented affine,66.299999999999997,Estimated xi^2 coefficient,0.060926549784496277,1
unrepresented,Augmented affine,66.400000000000006,Estimated xi^2 coefficient,0.060894387505453951,1
unrepresented,Augmented affine,66.5,Estimated xi^2 coefficient,0.060863725181351469,1
unrepresented,Augmented affine,66.600000000000009,Estimated xi^2 coefficient,0.060834515264283885,1
unrepresented,Augmented affine,66.700000000000003,Estimated xi^2 coefficient,0.060806711907437611,1
unrepresented,Augmented affine,66.799999999999997,Estimated xi^2 coefficient,0.06078027089358537,1
unrepresented,Augmented affine,66.900000000000006,Estimated xi^2 coefficient,0.060755149567095074,1
unrepresented,Augmented affine,67,Estimated xi^2 coefficient,0.060731306769252688,1
unrepresented,Augmented affine,67.100000000000009,Estimated xi^2 coefficient,0.060708702776711095,1
unrepresented,Augmented affine,67.200000000000003,Estimated xi^2 coefficient,0.060687299242890083,1
unrepresented,Augmented affine,67.299999999999997,Estimated xi^2 coefficient,0.060667059142164463,1
unrepresented,Augmented affine,67.400000000000006,Estimated xi^2 coefficient,0.060647946716687981,1
unrepresented,Augmented affine,67.5,Estimated xi^2 coefficient,0.060629927425709683,1
unrepresented,Augmented affine,67.600000000000009,Estimated xi^2 coefficient,0.060612967897248668,1
unrepresented,Augmented affine,67.700000000000003,Estimated xi^2 coefficient,0.060597035882000994,1
unrepresented,Augmented affine,67.799999999999997,Estimated xi^2 coefficient,0.060582100209360397,1
unrepresented,Augmented affine,67.900000000000006,Estimated xi^2 coefficient,0.060568130745441359,1
unrepresented,Augmented affine,68,Estimated xi^2 coefficient,0.060555098352999985,1
unrepresented,Augmented affine,68.100000000000009,Estimated xi^2 coefficient,0.060542974853154068,1
unrepresented,Augmented affine,68.200000000000003,Estimated xi^2 coefficient,0.060531732988809768,1
unrepresented,Augmented affine,68.299999999999997,Estimated xi^2 coefficient,0.060521346389707499,1
unrepresented,Augmented affine,68.400000000000006,Estimated xi^2 coefficient,0.060511789539004907,1
unrepresented,Augmented affine,68.5,Estimated xi^2 coefficient,0.060503037741319321,1
unrepresented,Augmented affine,68.600000000000009,Estimated xi^2 coefficient,0.060495067092156705,1
unrepresented,Augmented affine,68.700000000000003,Estimated xi^2 coefficient,0.060487854448658104,1
unrepresented,Augmented affine,68.799999999999997,Estimated xi^2 coefficient,0.060481377401598535,1
unrepresented,Augmented affine,68.900000000000006,Estimated xi^2 coefficient,0.06047561424857674,1
unrepresented,Augmented affine,69,Estimated xi^2 coefficient,0.060470543968338543,1
unrepresented,Augmented affine,69.100000000000009,Estimated xi^2 coefficient,0.060466146196177746,1
unrepresented,Augmented affine,69.200000000000003,Estimated xi^2 coefficient,0.060462401200363565,1
unrepresented,Augmented affine,69.299999999999997,Estimated xi^2 coefficient,0.060459289859545531,1
unrepresented,Augmented affine,69.400000000000006,Estimated xi^2 coefficient,0.06045679364108944,1
unrepresented,Augmented affine,69.5,Estimated xi^2 coefficient,0.060454894580300338,1
unrepresented,Augmented affine,69.600000000000009,Estimated xi^2 coefficient,0.060453575260491159,1
unrepresented,Augmented affine,69.700000000000003,Estimated xi^2 coefficient,0.060452818793857631,1
unrepresented,Augmented affine,69.799999999999997,Estimated xi^2 coefficient,0.060452608803122122,1
unrepresented,Augmented affine,69.900000000000006,Estimated xi^2 coefficient,0.060452929403911254,1
unrepresented,Augmented affine,70,Estimated xi^2 coefficient,0.060453765187833554,1
unrepresented,Augmented affine,70.100000000000009,Estimated xi^2 coefficient,0.060455101206225652,1
unrepresented,Augmented affine,70.200000000000003,Estimated xi^2 coefficient,0.060456922954536675,1
unrepresented,Augmented affine,70.299999999999997,Estimated xi^2 coefficient,0.060459216357322321,1
unrepresented,Augmented affine,70.400000000000006,Estimated xi^2 coefficient,0.060461967753821455,1
unrepresented,Augmented affine,70.5,Estimated xi^2 coefficient,0.060465163884089436,1
unrepresented,Augmented affine,70.600000000000009,Estimated xi^2 coefficient,0.060468791875663633,1
unrepresented,Augmented affine,70.700000000000003,Estimated xi^2 coefficient,0.060472839230737908,1
unrepresented,Augmented affine,70.799999999999997,Estimated xi^2 coefficient,0.060477293813823857,1
unrepresented,Augmented affine,70.900000000000006,Estimated xi^2 coefficient,0.060482143839877822,1
unrepresented,Augmented affine,71,Estimated xi^2 coefficient,0.060487377862873587,1
unrepresented,Augmented affine,71.100000000000009,Estimated xi^2 coefficient,0.06049298476480177,1
unrepresented,Augmented affine,71.200000000000003,Estimated xi^2 coefficient,0.060498953745077765,1
unrepresented,Augmented affine,71.299999999999997,Estimated xi^2 coefficient,0.060505274310340855,1
unrepresented,Augmented affine,71.400000000000006,Estimated xi^2 coefficient,0.060511936264628224,1
unrepresented,Augmented affine,71.5,Estimated xi^2 coefficient,0.060518929699908124,1
unrepresented,Augmented affine,71.600000000000009,Estimated xi^2 coefficient,0.060526244986957189,1
unrepresented,Augmented affine,71.700000000000003,Estimated xi^2 coefficient,0.060533872766567819,1
unrepresented,Augmented affine,71.799999999999997,Estimated xi^2 coefficient,0.060541803941071934,1
unrepresented,Augmented affine,71.900000000000006,Estimated xi^2 coefficient,0.060550029666168279,1
unrepresented,Augmented affine,72,Estimated xi^2 coefficient,0.060558541343040777,1
unrepresented,Augmented affine,72.100000000000009,Estimated xi^2 coefficient,0.060567330610756372,1
unrepresented,Augmented affine,72.200000000000003,Estimated xi^2 coefficient,0.060576389338930864,1
unrepresented,Augmented affine,72.299999999999997,Estimated xi^2 coefficient,0.060585709620652253,1
unrepresented,Augmented affine,72.400000000000006,Estimated xi^2 coefficient,0.060595283765651139,1
unrepresented,Augmented affine,72.5,Estimated xi^2 coefficient,0.060605104293708488,1
unrepresented,Augmented affine,72.600000000000009,Estimated xi^2 coefficient,0.060615163928291443,1
unrepresented,Augmented affine,72.700000000000003,Estimated xi^2 coefficient,0.060625455590408162,1
unrepresented,Augmented affine,72.799999999999997,Estimated xi^2 coefficient,0.060635972392673099,1
unrepresented,Augmented affine,72.900000000000006,Estimated xi^2 coefficient,0.060646707633574735,1
unrepresented,Augmented affine,73,Estimated xi^2 coefficient,0.060657654791937791,1
unrepresented,Augmented affine,73.100000000000009,Estimated xi^2 coefficient,0.060668807521572422,1
unrepresented,Augmented affine,73.200000000000003,Estimated xi^2 coefficient,0.060680159646103446,1
unrepresented,Augmented affine,73.299999999999997,Estimated xi^2 coefficient,0.060691705153972465,1
unrepresented,Augmented affine,73.400000000000006,Estimated xi^2 coefficient,0.060703438193606622,1
unrepresented,Augmented affine,73.5,Estimated xi^2 coefficient,0.060715353068747473,1
unrepresented,Augmented affine,73.600000000000009,Estimated xi^2 coefficient,0.060727444233934155,1
unrepresented,Augmented affine,73.700000000000003,Estimated xi^2 coefficient,0.060739706290134962,1
unrepresented,Augmented affine,73.799999999999997,Estimated xi^2 coefficient,0.060752133980521893,1
unrepresented,Augmented affine,73.900000000000006,Estimated xi^2 coefficient,0.060764722186382819,1
unrepresented,Augmented affine,74,Estimated xi^2 coefficient,0.060777465923166289,1
unrepresented,Augmented affine,74.100000000000009,Estimated xi^2 coefficient,0.06079036033665406,1
unrepresented,Augmented affine,74.200000000000003,Estimated xi^2 coefficient,0.06080340069925666,1
unrepresented,Augmented affine,74.299999999999997,Estimated xi^2 coefficient,0.060816582406427629,1
unrepresented,Augmented affine,74.400000000000006,Estimated xi^2 coefficient,0.060829900973192047,1
unrepresented,Augmented affine,74.5,Estimated xi^2 coefficient,0.060843352030785301,1
unrepresented,Augmented affine,74.600000000000009,Estimated xi^2 coefficient,0.060856931323398082,1
unrepresented,Augmented affine,74.700000000000003,Estimated xi^2 coefficient,0.060870634705023914,1
unrepresented,Augmented affine,74.799999999999997,Estimated xi^2 coefficient,0.060884458136405487,1
unrepresented,Augmented affine,74.900000000000006,Estimated xi^2 coefficient,0.060898397682076361,1
unrepresented,Augmented affine,75,Estimated xi^2 coefficient,0.060912449507494706,1
unrepresented,Augmented affine,75.100000000000009,Estimated xi^2 coefficient,0.060926609876265719,1
unrepresented,Augmented affine,75.200000000000003,Estimated xi^2 coefficient,0.060940875147449849,1
unrepresented,Augmented affine,75.299999999999997,Estimated xi^2 coefficient,0.060955241772953639,1
unrepresented,Augmented affine,75.400000000000006,Estimated xi^2 coefficient,0.060969706295000446,1
unrepresented,Augmented affine,75.5,Estimated xi^2 coefficient,0.060984265343678325,1
unrepresented,Augmented affine,75.600000000000009,Estimated xi^2 coefficient,0.06099891563456223,1
unrepresented,Augmented affine,75.700000000000003,Estimated xi^2 coefficient,0.061013653966408274,1
unrepresented,Augmented affine,75.799999999999997,Estimated xi^2 coefficient,0.061028477218917389,1
unrepresented,Augmented affine,75.900000000000006,Estimated xi^2 coefficient,0.061043382350566132,1
unrepresented,Augmented affine,76,Estimated xi^2 coefficient,0.061058366396502327,1
unrepresented,Augmented affine,76.100000000000009,Estimated xi^2 coefficient,0.061073426466503405,1
unrepresented,Augmented affine,76.200000000000003,Estimated xi^2 coefficient,0.061088559742995367,1
unrepresented,Augmented affine,76.299999999999997,Estimated xi^2 coefficient,0.061103763479130248,1
unrepresented,Augmented affine,76.400000000000006,Estimated xi^2 coefficient,0.061119034996920264,1
unrepresented,Augmented affine,76.5,Estimated xi^2 coefficient,0.06113437168542666,1
unrepresented,Augmented affine,76.600000000000009,Estimated xi^2 coefficient,0.061149770999001603,1
unrepresented,Augmented affine,76.700000000000003,Estimated xi^2 coefficient,0.061165230455581185,1
unrepresented,Augmented affine,76.800000000000011,Estimated xi^2 coefficient,0.0611807476350281,1
unrepresented,Augmented affine,76.900000000000006,Estimated xi^2 coefficient,0.061196320177522127,1
unrepresented,Augmented affine,77,Estimated xi^2 coefficient,0.061211945781997054,1
unrepresented,Augmented affine,77.100000000000009,Estimated xi^2 coefficient,0.061227622204622988,1
unrepresented,Augmented affine,77.200000000000003,Estimated xi^2 coefficient,0.061243347257330584,1
unrepresented,Augmented affine,77.300000000000011,Estimated xi^2 coefficient,0.061259118806379048,1
unrepresented,Augmented affine,77.400000000000006,Estimated xi^2 coefficient,0.061274934770964178,1
unrepresented,Augmented affine,77.5,Estimated xi^2 coefficient,0.061290793121865833,1
unrepresented,Augmented affine,77.600000000000009,Estimated xi^2 coefficient,0.061306691880133476,1
unrepresented,Augmented affine,77.700000000000003,Estimated xi^2 coefficient,0.061322629115808824,1
unrepresented,Augmented affine,77.800000000000011,Estimated xi^2 coefficient,0.061338602946684265,1
unrepresented,Augmented affine,77.900000000000006,Estimated xi^2 coefficient,0.061354611537095961,1
unrepresented,Augmented affine,78,Estimated xi^2 coefficient,0.061370653096750563,1
unrepresented,Augmented affine,78.100000000000009,Estimated xi^2 coefficient,0.061386725879584519,1
unrepresented,Augmented affine,78.200000000000003,Estimated xi^2 coefficient,0.061402828182654905,1
unrepresented,Augmented affine,78.300000000000011,Estimated xi^2 coefficient,0.061418958345060816,1
unrepresented,Augmented affine,78.400000000000006,Estimated xi^2 coefficient,0.061435114746894462,1
unrepresented,Augmented affine,78.5,Estimated xi^2 coefficient,0.061451295808220965,1
unrepresented,Augmented affine,78.600000000000009,Estimated xi^2 coefficient,0.061467499988085997,1
unrepresented,Augmented affine,78.700000000000003,Estimated xi^2 coefficient,0.061483725783550443,1
unrepresented,Augmented affine,78.800000000000011,Estimated xi^2 coefficient,0.061499971728755425,1
unrepresented,Augmented affine,78.900000000000006,Estimated xi^2 coefficient,0.061516236393969977,1
unrepresented,Augmented affine,79,Estimated xi^2 coefficient,0.061532518384780868,1
unrepresented,Augmented affine,79.100000000000009,Estimated xi^2 coefficient,0.061548816341178737,1
unrepresented,Augmented affine,79.200000000000003,Estimated xi^2 coefficient,0.06156548282758393,1
unrepresented,Augmented affine,79.300000000000011,Estimated xi^2 coefficient,0.061580339961035437,1
unrepresented,Augmented affine,79.400000000000006,Estimated xi^2 coefficient,0.061593261829230937,1
unrepresented,Augmented affine,79.5,Estimated xi^2 coefficient,0.061594455970240665,1
unrepresented,Augmented affine,79.600000000000009,Estimated xi^2 coefficient,0.061490991573449311,1
unrepresented,Augmented affine,79.700000000000003,Estimated xi^2 coefficient,0.061407765221394989,1
unrepresented,Augmented affine,79.800000000000011,Estimated xi^2 coefficient,0.061362870874482237,1
unrepresented,Augmented affine,79.900000000000006,Estimated xi^2 coefficient,0.060341294769020511,1
unrepresented,Augmented affine,80,Estimated xi^2 coefficient,0.05777149014803163,1
unrepresented,Augmented affine,80.100000000000009,Estimated xi^2 coefficient,0.055124886430441167,1
unrepresented,Augmented affine,80.200000000000003,Estimated xi^2 coefficient,0.054845322802164281,1
unrepresented,Augmented affine,80.300000000000011,Estimated xi^2 coefficient,0.055027979296107636,1
unrepresented,Augmented affine,80.400000000000006,Estimated xi^2 coefficient,0.055058619762767685,1
unrepresented,Augmented affine,80.5,Estimated xi^2 coefficient,0.054806890679775074,1
unrepresented,Augmented affine,80.600000000000009,Estimated xi^2 coefficient,0.05448267661984825,1
unrepresented,Augmented affine,80.700000000000003,Estimated xi^2 coefficient,0.054199663221060422,1
unrepresented,Augmented affine,80.800000000000011,Estimated xi^2 coefficient,0.053938289461300359,1
unrepresented,Augmented affine,80.900000000000006,Estimated xi^2 coefficient,0.053672407464158231,1
unrepresented,Augmented affine,81,Estimated xi^2 coefficient,0.053397658789167204,1
unrepresented,Augmented affine,81.100000000000009,Estimated xi^2 coefficient,0.053123176859883152,1
unrepresented,Augmented affine,81.200000000000003,Estimated xi^2 coefficient,0.052850806269945087,1
unrepresented,Augmented affine,81.300000000000011,Estimated xi^2 coefficient,0.052580498028427423,1
unrepresented,Augmented affine,81.400000000000006,Estimated xi^2 coefficient,0.05231190502546286,1
unrepresented,Augmented affine,81.5,Estimated xi^2 coefficient,0.052044920524114267,1
unrepresented,Augmented affine,81.600000000000009,Estimated xi^2 coefficient,0.051779565153770579,1
unrepresented,Augmented affine,81.700000000000003,Estimated xi^2 coefficient,0.051515856675850395,1
unrepresented,Augmented affine,81.800000000000011,Estimated xi^2 coefficient,0.051253789243170554,1
unrepresented,Augmented affine,81.900000000000006,Estimated xi^2 coefficient,0.050993349980864064,1
unrepresented,Augmented affine,82,Estimated xi^2 coefficient,0.050734527869411974,1
unrepresented,Augmented affine,82.100000000000009,Estimated xi^2 coefficient,0.050477313596176902,1
unrepresented,Augmented affine,82.200000000000003,Estimated xi^2 coefficient,0.050221697939898412,1
unrepresented,Augmented affine,82.300000000000011,Estimated xi^2 coefficient,0.049967671300524659,1
unrepresented,Augmented affine,82.400000000000006,Estimated xi^2 coefficient,0.049715223849861531,1
unrepresented,Augmented affine,82.5,Estimated xi^2 coefficient,0.049464345672569826,1
unrepresented,Augmented affine,82.600000000000009,Estimated xi^2 coefficient,0.049215026792618077,1
unrepresented,Augmented affine,82.700000000000003,Estimated xi^2 coefficient,0.048967257164848677,1
unrepresented,Augmented affine,82.800000000000011,Estimated xi^2 coefficient,0.048721026675590078,1
unrepresented,Augmented affine,82.900000000000006,Estimated xi^2 coefficient,0.048476325151931628,1
unrepresented,Augmented affine,83,Estimated xi^2 coefficient,0.048233142371677577,1
unrepresented,Augmented affine,83.100000000000009,Estimated xi^2 coefficient,0.047991468071547479,1
unrepresented,Augmented affine,83.200000000000003,Estimated xi^2 coefficient,0.047751291954312776,1
unrepresented,Augmented affine,83.300000000000011,Estimated xi^2 coefficient,0.047512603695547259,1
unrepresented,Augmented affine,83.400000000000006,Estimated xi^2 coefficient,0.047275392950101802,1
unrepresented,Augmented affine,83.5,Estimated xi^2 coefficient,0.047039649358232856,1
unrepresented,Augmented affine,83.600000000000009,Estimated xi^2 coefficient,0.046805362551488025,1
unrepresented,Augmented affine,83.700000000000003,Estimated xi^2 coefficient,0.046572522157789446,1
unrepresented,Augmented affine,83.800000000000011,Estimated xi^2 coefficient,0.046341117806766689,1
unrepresented,Augmented affine,83.900000000000006,Estimated xi^2 coefficient,0.046111139134561115,1
unrepresented,Augmented affine,84,Estimated xi^2 coefficient,0.045882575788290463,1
unrepresented,Augmented affine,84.100000000000009,Estimated xi^2 coefficient,0.045655417430266333,1
unrepresented,Augmented affine,84.200000000000003,Estimated xi^2 coefficient,0.045429653741971769,1
unrepresented,Augmented affine,84.300000000000011,Estimated xi^2 coefficient,0.045205274427796323,1
unrepresented,Augmented affine,84.400000000000006,Estimated xi^2 coefficient,0.044982269218537589,1
unrepresented,Augmented affine,84.5,Estimated xi^2 coefficient,0.044760627874682969,1
unrepresented,Augmented affine,84.600000000000009,Estimated xi^2 coefficient,0.04454034018948462,1
unrepresented,Augmented affine,84.700000000000003,Estimated xi^2 coefficient,0.044321395991838514,1
unrepresented,Augmented affine,84.800000000000011,Estimated xi^2 coefficient,0.044103785148977628,1
unrepresented,Augmented affine,84.900000000000006,Estimated xi^2 coefficient,0.043887497568989152,1
unrepresented,Augmented affine,85,Estimated xi^2 coefficient,0.043672523203164802,1
unrepresented,Augmented affine,85.100000000000009,Estimated xi^2 coefficient,0.043458852048193088,1
unrepresented,Augmented affine,85.200000000000003,Estimated xi^2 coefficient,0.043246474148201854,1
unrepresented,Augmented affine,85.300000000000011,Estimated xi^2 coefficient,0.043035379596658922,1
unrepresented,Augmented affine,85.400000000000006,Estimated xi^2 coefficient,0.042825558538138263,1
unrepresented,Augmented affine,85.5,Estimated xi^2 coefficient,0.042617001169958861,1
unrepresented,Augmented affine,85.600000000000009,Estimated xi^2 coefficient,0.042409697743702839,1
unrepresented,Augmented affine,85.700000000000003,Estimated xi^2 coefficient,0.042203638566619246,1
unrepresented,Augmented affine,85.800000000000011,Estimated xi^2 coefficient,0.041998814002919556,1
unrepresented,Augmented affine,85.900000000000006,Estimated xi^2 coefficient,0.041795214474970532,1
unrepresented,Augmented affine,86,Estimated xi^2 coefficient,0.041592830464389871,1
unrepresented,Augmented affine,86.100000000000009,Estimated xi^2 coefficient,0.041391652513049826,1
unrepresented,Augmented affine,86.200000000000003,Estimated xi^2 coefficient,0.041191671223993587,1
unrepresented,Augmented affine,86.300000000000011,Estimated xi^2 coefficient,0.040992877262269092,1
unrepresented,Augmented affine,86.400000000000006,Estimated xi^2 coefficient,0.040795261355684682,1
unrepresented,Augmented affine,86.5,Estimated xi^2 coefficient,0.040598814295490684,1
unrepresented,Augmented affine,86.600000000000009,Estimated xi^2 coefficient,0.040403526936990945,1
unrepresented,Augmented affine,86.700000000000003,Estimated xi^2 coefficient,0.040209390200088034,1
unrepresented,Augmented affine,86.800000000000011,Estimated xi^2 coefficient,0.040016395069765689,1
unrepresented,Augmented affine,86.900000000000006,Estimated xi^2 coefficient,0.039824532596511884,1
unrepresented,Augmented affine,87,Estimated xi^2 coefficient,0.039633793896685678,1
unrepresented,Augmented affine,87.100000000000009,Estimated xi^2 coefficient,0.039444170152831019,1
unrepresented,Augmented affine,87.200000000000003,Estimated xi^2 coefficient,0.039255652613940303,1
unrepresented,Augmented affine,87.300000000000011,Estimated xi^2 coefficient,0.039068232595670403,1
unrepresented,Augmented affine,87.400000000000006,Estimated xi^2 coefficient,0.038881901480513903,1
unrepresented,Augmented affine,87.5,Estimated xi^2 coefficient,0.038696650717927925,1
unrepresented,Augmented affine,87.600000000000009,Estimated xi^2 coefficient,0.03851247182442296,1
unrepresented,Augmented affine,87.700000000000003,Estimated xi^2 coefficient,0.038329356383613893,1
unrepresented,Augmented affine,87.800000000000011,Estimated xi^2 coefficient,0.038147296046235415,1
unrepresented,Augmented affine,87.900000000000006,Estimated xi^2 coefficient,0.037966282530123754,1
unrepresented,Augmented affine,88,Estimated xi^2 coefficient,0.037786307620166798,1
unrepresented,Augmented affine,88.100000000000009,Estimated xi^2 coefficient,0.037607363168224217,1
unrepresented,Augmented affine,88.200000000000003,Estimated xi^2 coefficient,0.037429441093019565,1
unrepresented,Augmented affine,88.300000000000011,Estimated xi^2 coefficient,0.03725253338000583,1
unrepresented,Augmented affine,88.400000000000006,Estimated xi^2 coefficient,0.037076632081206089,1
unrepresented,Augmented affine,88.5,Estimated xi^2 coefficient,0.03690172931503069,1
unrepresented,Augmented affine,88.600000000000009,Estimated xi^2 coefficient,0.036727817266072472,1
unrepresented,Augmented affine,88.700000000000003,Estimated xi^2 coefficient,0.036554888184881305,1
unrepresented,Augmented affine,88.800000000000011,Estimated xi^2 coefficient,0.03638293438771921,1
unrepresented,Augmented affine,88.900000000000006,Estimated xi^2 coefficient,0.036211948256297324,1
unrepresented,Augmented affine,89,Estimated xi^2 coefficient,0.036041922237495895,1
unrepresented,Augmented affine,89.100000000000009,Estimated xi^2 coefficient,0.035872848843068239,1
unrepresented,Augmented affine,89.200000000000003,Estimated xi^2 coefficient,0.035704720649329967,1
unrepresented,Augmented affine,89.300000000000011,Estimated xi^2 coefficient,0.03553753029683418,1
unrepresented,Augmented affine,89.400000000000006,Estimated xi^2 coefficient,0.035371270490033843,1
unrepresented,Augmented affine,89.5,Estimated xi^2 coefficient,0.035205933996932053,1
unrepresented,Augmented affine,89.600000000000009,Estimated xi^2 coefficient,0.03504151364872108,1
unrepresented,Augmented affine,89.700000000000003,Estimated xi^2 coefficient,0.034878002339411074,1
unrepresented,Augmented affine,89.800000000000011,Estimated xi^2 coefficient,0.034715393025449119,1
unrepresented,Augmented affine,89.900000000000006,Estimated xi^2 coefficient,0.034553678725329384,1
unrepresented,Augmented affine,90,Estimated xi^2 coefficient,0.034392852519195119,1
unrepresented,Augmented affine,90.100000000000009,Estimated xi^2 coefficient,0.034232907548433014,1
unrepresented,Augmented affine,90.200000000000003,Estimated xi^2 coefficient,0.034073837015260712,1
unrepresented,Augmented affine,90.300000000000011,Estimated xi^2 coefficient,0.033915634182307988,1
unrepresented,Augmented affine,90.400000000000006,Estimated xi^2 coefficient,0.03375829237219212,1
unrepresented,Augmented affine,90.5,Estimated xi^2 coefficient,0.033601804967088034,1
unrepresented,Augmented affine,90.600000000000009,Estimated xi^2 coefficient,0.033446165408293774,1
unrepresented,Augmented affine,90.700000000000003,Estimated xi^2 coefficient,0.033291367195791642,1
unrepresented,Augmented affine,90.800000000000011,Estimated xi^2 coefficient,0.033137403887805603,1
unrepresented,Augmented affine,90.900000000000006,Estimated xi^2 coefficient,0.032984269100355311,1
unrepresented,Augmented affine,91,Estimated xi^2 coefficient,0.032831956506812088,1
unrepresented,Augmented affine,91.100000000000009,Estimated xi^2 coefficient,0.032680459837398736,1
unrepresented,Augmented affine,91.200000000000003,Estimated xi^2 coefficient,0.032529772878840624,1
unrepresented,Augmented affine,91.300000000000011,Estimated xi^2 coefficient,0.03237988947384203,1
unrepresented,Augmented affine,91.400000000000006,Estimated xi^2 coefficient,0.03223080352062211,1
unrepresented,Augmented affine,91.5,Estimated xi^2 coefficient,0.032082508972467436,1
unrepresented,Augmented affine,91.600000000000009,Estimated xi^2 coefficient,0.031934999837277843,1
unrepresented,Augmented affine,91.700000000000003,Estimated xi^2 coefficient,0.031788270177106233,1
unrepresented,Augmented affine,91.800000000000011,Estimated xi^2 coefficient,0.0316423141076973,1
unrepresented,Augmented affine,91.900000000000006,Estimated xi^2 coefficient,0.031497125798026979,1
unrepresented,Augmented affine,92,Estimated xi^2 coefficient,0.031352699469842468,1
unrepresented,Augmented affine,92.100000000000009,Estimated xi^2 coefficient,0.031209029397202485,1
unrepresented,Augmented affine,92.200000000000003,Estimated xi^2 coefficient,0.031066109906018095,1
unrepresented,Augmented affine,92.300000000000011,Estimated xi^2 coefficient,0.030923935373594173,1
unrepresented,Augmented affine,92.400000000000006,Estimated xi^2 coefficient,0.030782500228171888,1
unrepresented,Augmented affine,92.5,Estimated xi^2 coefficient,0.030641798948472281,1
unrepresented,Augmented affine,92.600000000000009,Estimated xi^2 coefficient,0.030501826063241141,1
unrepresented,Augmented affine,92.700000000000003,Estimated xi^2 coefficient,0.030362576150795309,1
unrepresented,Augmented affine,92.800000000000011,Estimated xi^2 coefficient,0.030224043838570608,1
unrepresented,Augmented affine,92.900000000000006,Estimated xi^2 coefficient,0.030086223802671435,1
unrepresented,Augmented affine,93,Estimated xi^2 coefficient,0.029949110767422269,1
unrepresented,Augmented affine,93.100000000000009,Estimated xi^2 coefficient,0.029812699504921131,1
unrepresented,Augmented affine,93.200000000000003,Estimated xi^2 coefficient,0.02967698483459515,1
unrepresented,Augmented affine,93.300000000000011,Estimated xi^2 coefficient,0.029541961622758316,1
unrepresented,Augmented affine,93.400000000000006,Estimated xi^2 coefficient,0.029407624782171529,1
unrepresented,Augmented affine,93.5,Estimated xi^2 coefficient,0.029273969271605069,1
unrepresented,Augmented affine,93.600000000000009,Estimated xi^2 coefficient,0.029140990095403507,1
unrepresented,Augmented affine,93.700000000000003,Estimated xi^2 coefficient,0.029008682303053195,1
unrepresented,Augmented affine,93.800000000000011,Estimated xi^2 coefficient,0.028877040988752399,1
unrepresented,Augmented affine,93.900000000000006,Estimated xi^2 coefficient,0.028746061290984122,1
unrepresented,Augmented affine,94,Estimated xi^2 coefficient,0.028615738392091708,1
unrepresented,Augmented affine,94.100000000000009,Estimated xi^2 coefficient,0.02848606751785725,1
unrepresented,Augmented affine,94.200000000000003,Estimated xi^2 coefficient,0.028357043937082917,1
unrepresented,Augmented affine,94.300000000000011,Estimated xi^2 coefficient,0.028228662961175176,1
unrepresented,Augmented affine,94.400000000000006,Estimated xi^2 coefficient,0.028100919943732032,1
unrepresented,Augmented affine,94.5,Estimated xi^2 coefficient,0.027973810280133279,1
unrepresented,Augmented affine,94.600000000000009,Estimated xi^2 coefficient,0.027847329407133782,1
unrepresented,Augmented affine,94.700000000000003,Estimated xi^2 coefficient,0.027721472802459877,1
unrepresented,Augmented affine,94.800000000000011,Estimated xi^2 coefficient,0.027596235984408912,1
unrepresented,Augmented affine,94.900000000000006,Estimated xi^2 coefficient,0.027471614511451904,1
unrepresented,Augmented affine,95,Estimated xi^2 coefficient,0.027347603981839413,1
unrepresented,Augmented affine,95.100000000000009,Estimated xi^2 coefficient,0.027224200033210584,1
unrepresented,Augmented affine,95.200000000000003,Estimated xi^2 coefficient,0.027101398342205443,1
unrepresented,Augmented affine,95.300000000000011,Estimated xi^2 coefficient,0.026979194624080376,1
unrepresented,Augmented affine,95.400000000000006,Estimated xi^2 coefficient,0.026857584632326917,1
unrepresented,Augmented affine,95.5,Estimated xi^2 coefficient,0.026736564158293757,1
unrepresented,Augmented affine,95.600000000000009,Estimated xi^2 coefficient,0.026616129030812032,1
unrepresented,Augmented affine,95.700000000000003,Estimated xi^2 coefficient,0.026496275115823892,1
unrepresented,Augmented affine,95.800000000000011,Estimated xi^2 coefficient,0.026376998316014352,1
unrepresented,Augmented affine,95.900000000000006,Estimated xi^2 coefficient,0.026258294570446442,1
unrepresented,Augmented affine,96,Estimated xi^2 coefficient,0.026140159854199579,1
unrepresented,Augmented affine,96.100000000000009,Estimated xi^2 coefficient,0.026022590178011323,1
unrepresented,Augmented affine,96.200000000000003,Estimated xi^2 coefficient,0.025905581587922326,1
unrepresented,Augmented affine,96.300000000000011,Estimated xi^2 coefficient,0.025789130164924613,1
unrepresented,Augmented affine,96.400000000000006,Estimated xi^2 coefficient,0.025673232024613121,1
unrepresented,Augmented affine,96.5,Estimated xi^2 coefficient,0.025557883316840519,1
unrepresented,Augmented affine,96.600000000000009,Estimated xi^2 coefficient,0.025443080225375229,1
unrepresented,Augmented affine,96.700000000000003,Estimated xi^2 coefficient,0.0253288189675628,1
unrepresented,Augmented affine,96.800000000000011,Estimated xi^2 coefficient,0.025215095793990411,1
unrepresented,Augmented affine,96.900000000000006,Estimated xi^2 coefficient,0.02510190698815469,1
unrepresented,Augmented affine,97,Estimated xi^2 coefficient,0.024989248866132702,1
unrepresented,Augmented affine,97.100000000000009,Estimated xi^2 coefficient,0.024877117776256143,1
unrepresented,Augmented affine,97.200000000000003,Estimated xi^2 coefficient,0.024765510098788742,1
unrepresented,Augmented affine,97.300000000000011,Estimated xi^2 coefficient,0.024654422245606804,1
unrepresented,Augmented affine,97.400000000000006,Estimated xi^2 coefficient,0.024543850659882967,1
unrepresented,Augmented affine,97.5,Estimated xi^2 coefficient,0.024433791815773018,1
unrepresented,Augmented affine,97.600000000000009,Estimated xi^2 coefficient,0.024324242218105908,1
unrepresented,Augmented affine,97.700000000000003,Estimated xi^2 coefficient,0.024215198402076824,1
unrepresented,Augmented affine,97.800000000000011,Estimated xi^2 coefficient,0.024106656932943372,1
unrepresented,Augmented affine,97.900000000000006,Estimated xi^2 coefficient,0.023998614405724813,1
unrepresented,Augmented affine,98,Estimated xi^2 coefficient,0.023891067444904341,1
unrepresented,Augmented affine,98.100000000000009,Estimated xi^2 coefficient,0.023784012704134428,1
unrepresented,Augmented affine,98.200000000000003,Estimated xi^2 coefficient,0.023677446865945116,1
unrepresented,Augmented affine,98.300000000000011,Estimated xi^2 coefficient,0.02357136664145534,1
unrepresented,Augmented affine,98.400000000000006,Estimated xi^2 coefficient,0.023465768770087193,1
unrepresented,Augmented affine,98.5,Estimated xi^2 coefficient,0.023360650019283141,1
unrepresented,Augmented affine,98.600000000000009,Estimated xi^2 coefficient,0.023256007184226168,1
unrepresented,Augmented affine,98.700000000000003,Estimated xi^2 coefficient,0.023151837087562781,1
unrepresented,Augmented affine,98.800000000000011,Estimated xi^2 coefficient,0.023048136579128936,1
unrepresented,Augmented affine,98.900000000000006,Estimated xi^2 coefficient,0.022944902535678796,1
unrepresented,Augmented affine,99,Estimated xi^2 coefficient,0.022842131860616306,1
unrepresented,Augmented affine,99.100000000000009,Estimated xi^2 coefficient,0.022739821483729595,1
unrepresented,Augmented affine,99.200000000000003,Estimated xi^2 coefficient,0.022638732305068424,1
unrepresented,Augmented affine,99.300000000000011,Estimated xi^2 coefficient,0.022534763766588993,1
unrepresented,Augmented affine,99.400000000000006,Estimated xi^2 coefficient,0.02243020563439771,1
unrepresented,Augmented affine,99.5,Estimated xi^2 coefficient,0.022323710003605439,1
unrepresented,Augmented affine,99.600000000000009,Estimated xi^2 coefficient,0.022227848183517872,1
unrepresented,Augmented affine,99.700000000000003,Estimated xi^2 coefficient,0.022190057101614993,1
unrepresented,Augmented affine,99.800000000000011,Estimated xi^2 coefficient,0.022192554493517189,1
unrepresented,Augmented affine,99.900000000000006,Estimated xi^2 coefficient,0.022374464660564929,1
unrepresented,Augmented affine,100,Estimated xi^2 coefficient,0.022979324534498625,1
unrepresented,Augmented affine,100.10000000000001,Estimated xi^2 coefficient,0.023277924299099861,1
unrepresented,Augmented affine,100.2,Estimated xi^2 coefficient,0.022998581043482697,1
unrepresented,Augmented affine,100.30000000000001,Estimated xi^2 coefficient,0.022546935315217068,1
unrepresented,Augmented affine,100.40000000000001,Estimated xi^2 coefficient,0.022104115060547481,1
unrepresented,Augmented affine,100.5,Estimated xi^2 coefficient,0.021702744678407014,1
unrepresented,Augmented affine,100.60000000000001,Estimated xi^2 coefficient,0.021327263045698579,1
unrepresented,Augmented affine,100.7,Estimated xi^2 coefficient,0.020965417942722876,1
unrepresented,Augmented affine,100.80000000000001,Estimated xi^2 coefficient,0.020614106633262085,1
unrepresented,Augmented affine,100.90000000000001,Estimated xi^2 coefficient,0.020273505958352072,1
unrepresented,Augmented affine,101,Estimated xi^2 coefficient,0.019943773840704528,1
unrepresented,Augmented affine,101.10000000000001,Estimated xi^2 coefficient,0.019624573147202833,1
unrepresented,Augmented affine,101.2,Estimated xi^2 coefficient,0.019315383297746683,1
unrepresented,Augmented affine,101.30000000000001,Estimated xi^2 coefficient,0.019015705185754704,1
unrepresented,Augmented affine,101.40000000000001,Estimated xi^2 coefficient,0.018725097426270897,1
unrepresented,Augmented affine,101.5,Estimated xi^2 coefficient,0.018443158085754044,1
unrepresented,Augmented affine,101.60000000000001,Estimated xi^2 coefficient,0.0181695099314533,1
unrepresented,Augmented affine,101.7,Estimated xi^2 coefficient,0.017903795836757146,1
unrepresented,Augmented affine,101.80000000000001,Estimated xi^2 coefficient,0.017645678034523406,1
unrepresented,Augmented affine,101.90000000000001,Estimated xi^2 coefficient,0.017394837497256836,1
unrepresented,Augmented affine,102,Estimated xi^2 coefficient,0.017150972850910259,1
unrepresented,Augmented affine,102.10000000000001,Estimated xi^2 coefficient,0.016913799147883362,1
unrepresented,Augmented affine,102.2,Estimated xi^2 coefficient,0.016683046723115758,1
unrepresented,Augmented affine,102.30000000000001,Estimated xi^2 coefficient,0.016458460170444594,1
unrepresented,Augmented affine,102.40000000000001,Estimated xi^2 coefficient,0.016239797414000629,1
unrepresented,Augmented affine,102.5,Estimated xi^2 coefficient,0.016026828852967367,1
unrepresented,Augmented affine,102.60000000000001,Estimated xi^2 coefficient,0.01581933656987506,1
unrepresented,Augmented affine,102.7,Estimated xi^2 coefficient,0.015617113597521865,1
unrepresented,Augmented affine,102.80000000000001,Estimated xi^2 coefficient,0.015419963240244042,1
unrepresented,Augmented affine,102.90000000000001,Estimated xi^2 coefficient,0.015227698445114625,1
unrepresented,Augmented affine,103,Estimated xi^2 coefficient,0.015040141218817273,1
unrepresented,Augmented affine,103.10000000000001,Estimated xi^2 coefficient,0.01485712208632708,1
unrepresented,Augmented affine,103.2,Estimated xi^2 coefficient,0.014678479587927465,1
unrepresented,Augmented affine,103.30000000000001,Estimated xi^2 coefficient,0.014504059811433235,1
unrepresented,Augmented affine,103.40000000000001,Estimated xi^2 coefficient,0.014333715956780851,1
unrepresented,Augmented affine,103.5,Estimated xi^2 coefficient,0.014167307930404062,1
unrepresented,Augmented affine,103.60000000000001,Estimated xi^2 coefficient,0.014004701967044795,1
unrepresented,Augmented affine,103.7,Estimated xi^2 coefficient,0.013845770276858606,1
unrepresented,Augmented affine,103.80000000000001,Estimated xi^2 coefficient,0.013690390715862869,1
unrepresented,Augmented affine,103.90000000000001,Estimated xi^2 coefficient,0.013538446477946194,1
unrepresented,Augmented affine,104,Estimated xi^2 coefficient,0.013389825806811294,1
unrepresented,Augmented affine,104.10000000000001,Estimated xi^2 coefficient,0.013244421726362528,1
unrepresented,Augmented affine,104.2,Estimated xi^2 coefficient,0.013102131788174955,1
unrepresented,Augmented affine,104.30000000000001,Estimated xi^2 coefficient,0.012962857834795798,1
unrepresented,Augmented affine,104.40000000000001,Estimated xi^2 coefficient,0.012826505777732479,1
unrepresented,Augmented affine,104.5,Estimated xi^2 coefficient,0.012692985389075158,1
unrepresented,Augmented affine,104.60000000000001,Estimated xi^2 coefficient,0.012562210105786998,1
unrepresented,Augmented affine,104.7,Estimated xi^2 coefficient,0.012434096845772976,1
unrepresented,Augmented affine,104.80000000000001,Estimated xi^2 coefficient,0.012308565834908559,1
unrepresented,Augmented affine,104.90000000000001,Estimated xi^2 coefficient,0.012185540444274112,1
unrepresented,Augmented affine,105,Estimated xi^2 coefficient,0.012064947036899488,1
unrepresented,Augmented affine,105.10000000000001,Estimated xi^2 coefficient,0.01194671482337697,1
unrepresented,Augmented affine,105.2,Estimated xi^2 coefficient,0.011830775725749781,1
unrepresented,Augmented affine,105.30000000000001,Estimated xi^2 coefficient,0.011717064249128158,1
unrepresented,Augmented affine,105.40000000000001,Estimated xi^2 coefficient,0.011605517360526131,1
unrepresented,Augmented affine,105.5,Estimated xi^2 coefficient,0.011496074374449767,1
unrepresented,Augmented affine,105.60000000000001,Estimated xi^2 coefficient,0.011388676844802147,1
unrepresented,Augmented affine,105.7,Estimated xi^2 coefficient,0.011283268462702063,1
unrepresented,Augmented affine,105.80000000000001,Estimated xi^2 coefficient,0.011179794959842525,1
unrepresented,Augmented affine,105.90000000000001,Estimated xi^2 coefficient,0.011078204017041947,1
unrepresented,Augmented affine,106,Estimated xi^2 coefficient,0.010978445177665531,1
unrepresented,Augmented affine,106.10000000000001,Estimated xi^2 coefficient,0.010880469765616992,1
unrepresented,Augmented affine,106.2,Estimated xi^2 coefficient,0.010784230807621786,1
unrepresented,Augmented affine,106.30000000000001,Estimated xi^2 coefficient,0.010689682959542155,1
unrepresented,Augmented affine,106.40000000000001,Estimated xi^2 coefficient,0.010596782436482183,1
unrepresented,Augmented affine,106.5,Estimated xi^2 coefficient,0.010505486946457469,1
unrepresented,Augmented affine,106.60000000000001,Estimated xi^2 coefficient,0.010415755627419199,1
unrepresented,Augmented affine,106.7,Estimated xi^2 coefficient,0.010327548987436451,1
unrepresented,Augmented affine,106.80000000000001,Estimated xi^2 coefficient,0.010240828847853586,1
unrepresented,Augmented affine,106.90000000000001,Estimated xi^2 coefficient,0.010155558289251548,1
unrepresented,Augmented affine,107,Estimated xi^2 coefficient,0.010071701600053178,1
unrepresented,Augmented affine,107.10000000000001,Estimated xi^2 coefficient,0.0099892242276228404,1
unrepresented,Augmented affine,107.2,Estimated xi^2 coefficient,0.0099080927317203825,1
unrepresented,Augmented affine,107.30000000000001,Estimated xi^2 coefficient,0.0098282747401782795,1
unrepresented,Augmented affine,107.40000000000001,Estimated xi^2 coefficient,0.0097497389066791267,1
unrepresented,Augmented affine,107.5,Estimated xi^2 coefficient,0.0096724548705183488,1
unrepresented,Augmented affine,107.60000000000001,Estimated xi^2 coefficient,0.0095963932182441085,1
unrepresented,Augmented affine,107.7,Estimated xi^2 coefficient,0.0095215254470731037,1
unrepresented,Augmented affine,107.80000000000001,Estimated xi^2 coefficient,0.0094478239299871265,1
unrepresented,Augmented affine,107.90000000000001,Estimated xi^2 coefficient,0.0093752618824209984,1
unrepresented,Augmented affine,108,Estimated xi^2 coefficient,0.0093038133304579711,1
unrepresented,Augmented affine,108.10000000000001,Estimated xi^2 coefficient,0.0092334530804535995,1
unrepresented,Augmented affine,108.2,Estimated xi^2 coefficient,0.0091641566900138652,1
unrepresented,Augmented affine,108.30000000000001,Estimated xi^2 coefficient,0.0090959004402576659,1
unrepresented,Augmented affine,108.40000000000001,Estimated xi^2 coefficient,0.0090286613092978776,1
unrepresented,Augmented affine,108.5,Estimated xi^2 coefficient,0.0089624169468790257,1
unrepresented,Augmented affine,108.60000000000001,Estimated xi^2 coefficient,0.0088971456501131876,1
unrepresented,Augmented affine,108.7,Estimated xi^2 coefficient,0.0088328263402590538,1
unrepresented,Augmented affine,108.80000000000001,Estimated xi^2 coefficient,0.0087694385404922526,1
unrepresented,Augmented affine,108.90000000000001,Estimated xi^2 coefficient,0.0087069623546179482,1
unrepresented,Augmented affine,109,Estimated xi^2 coefficient,0.0086453784466794456,1
unrepresented,Augmented affine,109.10000000000001,Estimated xi^2 coefficient,0.008584668021419186,1
unrepresented,Augmented affine,109.2,Estimated xi^2 coefficient,0.0085248128055508202,1
unrepresented,Augmented affine,109.30000000000001,Estimated xi^2 coefficient,0.0084657950298034357,1
unrepresented,Augmented affine,109.40000000000001,Estimated xi^2 coefficient,0.0084075974117010371,1
unrepresented,Augmented affine,109.5,Estimated xi^2 coefficient,0.0083502031390424118,1
unrepresented,Augmented affine,109.60000000000001,Estimated xi^2 coefficient,0.0082935958540499913,1
unrepresented,Augmented affine,109.7,Estimated xi^2 coefficient,0.008237759638148193,1
unrepresented,Augmented affine,109.80000000000001,Estimated xi^2 coefficient,0.0081826789973590379,1
unrepresented,Augmented affine,109.90000000000001,Estimated xi^2 coefficient,0.0081283388482692263,1
unrepresented,Augmented affine,110,Estimated xi^2 coefficient,0.0080747245045504137,1
unrepresented,Augmented affine,110.10000000000001,Estimated xi^2 coefficient,0.0080218216640069416,1
unrepresented,Augmented affine,110.2,Estimated xi^2 coefficient,0.0079696163961266824,1
unrepresented,Augmented affine,110.30000000000001,Estimated xi^2 coefficient,0.0079180951301122508,1
unrepresented,Augmented affine,110.40000000000001,Estimated xi^2 coefficient,0.0078672446433711244,1
unrepresented,Augmented affine,110.5,Estimated xi^2 coefficient,0.0078170520504443151,1
unrepresented,Augmented affine,110.60000000000001,Estimated xi^2 coefficient,0.0077675047923542627,1
unrepresented,Augmented affine,110.7,Estimated xi^2 coefficient,0.0077185906263535402,1
unrepresented,Augmented affine,110.80000000000001,Estimated xi^2 coefficient,0.0076702976160569055,1
unrepresented,Augmented affine,110.90000000000001,Estimated xi^2 coefficient,0.0076226141219400906,1
unrepresented,Augmented affine,111,Estimated xi^2 coefficient,0.0075755287921895412,1
unrepresented,Augmented affine,111.10000000000001,Estimated xi^2 coefficient,0.0075290305538880716,1
unrepresented,Augmented affine,111.2,Estimated xi^2 coefficient,0.0074831086045221784,1
unrepresented,Augmented affine,111.30000000000001,Estimated xi^2 coefficient,0.0074377524037973746,1
unrepresented,Augmented affine,111.40000000000001,Estimated xi^2 coefficient,0.0073929516657486212,1
unrepresented,Augmented affine,111.5,Estimated xi^2 coefficient,0.0073486963511335294,1
unrepresented,Augmented affine,111.60000000000001,Estimated xi^2 coefficient,0.0073049766600965784,1
unrepresented,Augmented affine,111.7,Estimated xi^2 coefficient,0.0072617830250931671,1
unrepresented,Augmented affine,111.80000000000001,Estimated xi^2 coefficient,0.0072191061040628298,1
unrepresented,Augmented affine,111.90000000000001,Estimated xi^2 coefficient,0.0071769367738414511,1
unrepresented,Augmented affine,112,Estimated xi^2 coefficient,0.0071352661238027791,1
unrepresented,Augmented affine,112.10000000000001,Estimated xi^2 coefficient,0.0070940854497200017,1
unrepresented,Augmented affine,112.2,Estimated xi^2 coefficient,0.0070533862478385266,1
unrepresented,Augmented affine,112.30000000000001,Estimated xi^2 coefficient,0.0070131602091515867,1
unrepresented,Augmented affine,112.40000000000001,Estimated xi^2 coefficient,0.006973399213870587,1
unrepresented,Augmented affine,112.5,Estimated xi^2 coefficient,0.0069340953260825311,1
unrepresented,Augmented affine,112.60000000000001,Estimated xi^2 coefficient,0.0068952407885872072,1
unrepresented,Augmented affine,112.7,Estimated xi^2 coefficient,0.0068568280179070783,1
unrepresented,Augmented affine,112.80000000000001,Estimated xi^2 coefficient,0.0068188495994632291,1
unrepresented,Augmented affine,112.90000000000001,Estimated xi^2 coefficient,0.0067812982829109367,1
unrepresented,Augmented affine,113,Estimated xi^2 coefficient,0.0067441669776287369,1
unrepresented,Augmented affine,113.10000000000001,Estimated xi^2 coefficient,0.0067074487483551612,1
unrepresented,Augmented affine,113.2,Estimated xi^2 coefficient,0.0066711368109674991,1
unrepresented,Augmented affine,113.30000000000001,Estimated xi^2 coefficient,0.0066352245283972612,1
unrepresented,Augmented affine,113.40000000000001,Estimated xi^2 coefficient,0.0065997054066771971,1
unrepresented,Augmented affine,113.5,Estimated xi^2 coefficient,0.0065645730911149426,1
unrepresented,Augmented affine,113.60000000000001,Estimated xi^2 coefficient,0.0065298213625886179,1
unrepresented,Augmented affine,113.7,Estimated xi^2 coefficient,0.0064954441339598618,1
unrepresented,Augmented affine,113.80000000000001,Estimated xi^2 coefficient,0.0064614354465999694,1
unrepresented,Augmented affine,113.90000000000001,Estimated xi^2 coefficient,0.0064277894670250182,1
unrepresented,Augmented affine,114,Estimated xi^2 coefficient,0.0063945004836360106,1
unrepresented,Augmented affine,114.10000000000001,Estimated xi^2 coefficient,0.0063615629035602365,1
unrepresented,Augmented affine,114.2,Estimated xi^2 coefficient,0.0063289712495901967,1
unrepresented,Augmented affine,114.30000000000001,Estimated xi^2 coefficient,0.0062967201572166074,1
unrepresented,Augmented affine,114.40000000000001,Estimated xi^2 coefficient,0.0062648043717521409,1
unrepresented,Augmented affine,114.5,Estimated xi^2 coefficient,0.0062332187455426541,1
unrepresented,Augmented affine,114.60000000000001,Estimated xi^2 coefficient,0.0062019582352628505,1
unrepresented,Augmented affine,114.7,Estimated xi^2 coefficient,0.0061710178992933906,1
unrepresented,Augmented affine,114.80000000000001,Estimated xi^2 coefficient,0.0061403928951766183,1
unrepresented,Augmented affine,114.90000000000001,Estimated xi^2 coefficient,0.0061100784771481636,1
unrepresented,Augmented affine,115,Estimated xi^2 coefficient,0.0060800699937418002,1
unrepresented,Augmented affine,115.10000000000001,Estimated xi^2 coefficient,0.0060503628854650339,1
unrepresented,Augmented affine,115.2,Estimated xi^2 coefficient,0.0060209526825430017,1
unrepresented,Augmented affine,115.30000000000001,Estimated xi^2 coefficient,0.0059918350027283558,1
unrepresented,Augmented affine,115.40000000000001,Estimated xi^2 coefficient,0.0059630055491748813,1
unrepresented,Augmented affine,115.5,Estimated xi^2 coefficient,0.005934460108372717,1
unrepresented,Augmented affine,115.60000000000001,Estimated xi^2 coefficient,0.0059061945481430995,1
unrepresented,Augmented affine,115.7,Estimated xi^2 coefficient,0.0058782048156906233,1
unrepresented,Augmented affine,115.80000000000001,Estimated xi^2 coefficient,0.005850486935711139,1
unrepresented,Augmented affine,115.90000000000001,Estimated xi^2 coefficient,0.0058230370085534059,1
unrepresented,Augmented affine,116,Estimated xi^2 coefficient,0.0057958512084327679,1
unrepresented,Augmented affine,116.10000000000001,Estimated xi^2 coefficient,0.0057689257816951108,1
unrepresented,Augmented affine,116.2,Estimated xi^2 coefficient,0.0057422570451294763,1
unrepresented,Augmented affine,116.30000000000001,Estimated xi^2 coefficient,0.0057158413843277521,1
unrepresented,Augmented affine,116.40000000000001,Estimated xi^2 coefficient,0.0056896752520899044,1
unrepresented,Augmented affine,116.5,Estimated xi^2 coefficient,0.0056637551668732924,1
unrepresented,Augmented affine,116.60000000000001,Estimated xi^2 coefficient,0.0056380777112846562,1
unrepresented,Augmented affine,116.7,Estimated xi^2 coefficient,0.0056126395306134013,1
unrepresented,Augmented affine,116.80000000000001,Estimated xi^2 coefficient,0.0055874373314048799,1
unrepresented,Augmented affine,116.90000000000001,Estimated xi^2 coefficient,0.0055624678800724071,1
unrepresented,Augmented affine,117,Estimated xi^2 coefficient,0.0055377280015467658,1
unrepresented,Augmented affine,117.10000000000001,Estimated xi^2 coefficient,0.0055132145779620686,1
unrepresented,Augmented affine,117.2,Estimated xi^2 coefficient,0.0054889245473767967,1
unrepresented,Augmented affine,117.30000000000001,Estimated xi^2 coefficient,0.0054648549025289586,1
unrepresented,Augmented affine,117.40000000000001,Estimated xi^2 coefficient,0.0054410026896242842,1
unrepresented,Augmented affine,117.5,Estimated xi^2 coefficient,0.0054173650071564616,1
unrepresented,Augmented affine,117.60000000000001,Estimated xi^2 coefficient,0.0053939390047584145,1
unrepresented,Augmented affine,117.7,Estimated xi^2 coefficient,0.0053707218820836867,1
unrepresented,Augmented affine,117.80000000000001,Estimated xi^2 coefficient,0.0053477108877170044,1
unrepresented,Augmented affine,117.90000000000001,Estimated xi^2 coefficient,0.0053249033181131467,1
unrepresented,Augmented affine,118,Estimated xi^2 coefficient,0.0053022965165632624,1
unrepresented,Augmented affine,118.10000000000001,Estimated xi^2 coefficient,0.0052798878721878129,1
unrepresented,Augmented affine,118.2,Estimated xi^2 coefficient,0.0052576748189553371,1
unrepresented,Augmented affine,118.30000000000001,Estimated xi^2 coefficient,0.0052356548347262883,1
unrepresented,Augmented affine,118.40000000000001,Estimated xi^2 coefficient,0.0052138254403211789,1
unrepresented,Augmented affine,118.5,Estimated xi^2 coefficient,0.0051921841986123296,1
unrepresented,Augmented affine,118.60000000000001,Estimated xi^2 coefficient,0.0051707287136385227,1
unrepresented,Augmented affine,118.7,Estimated xi^2 coefficient,0.0051494566297418899,1
unrepresented,Augmented affine,118.80000000000001,Estimated xi^2 coefficient,0.005128365630726394,1
unrepresented,Augmented affine,118.90000000000001,Estimated xi^2 coefficient,0.0051074534390372671,1
unrepresented,Augmented affine,119,Estimated xi^2 coefficient,0.0050867178149608004,1
unrepresented,Augmented affine,119.10000000000001,Estimated xi^2 coefficient,0.0050661565558439122,1
unrepresented,Augmented affine,119.2,Estimated xi^2 coefficient,0.0050457674953329062,1
unrepresented,Augmented affine,119.30000000000001,Estimated xi^2 coefficient,0.0050255485026308999,1
unrepresented,Augmented affine,119.40000000000001,Estimated xi^2 coefficient,0.0050054974817733584,1
unrepresented,Augmented affine,119.5,Estimated xi^2 coefficient,0.0049856123709212524,1
unrepresented,Augmented affine,119.60000000000001,Estimated xi^2 coefficient,0.004965891141671324,1
unrepresented,Augmented affine,119.7,Estimated xi^2 coefficient,0.004946331798382983,1
unrepresented,Augmented affine,119.80000000000001,Estimated xi^2 coefficient,0.0049269323775213703,1
unrepresented,Augmented affine,119.90000000000001,Estimated xi^2 coefficient,0.0049076909470161436,1
unrepresented,Complete quadratic,45,Estimated xi^2 coefficient,0.00012252837710281198,1
unrepresented,Complete quadratic,45.100000000000001,Estimated xi^2 coefficient,0.00012255115253347303,1
unrepresented,Complete quadratic,45.200000000000003,Estimated xi^2 coefficient,0.00012257351061606479,1
unrepresented,Complete quadratic,45.300000000000004,Estimated xi^2 coefficient,0.00012259546271836102,1
unrepresented,Complete quadratic,45.400000000000006,Estimated xi^2 coefficient,0.00012261701979899623,1
unrepresented,Complete quadratic,45.5,Estimated xi^2 coefficient,0.00012263819242570292,1
unrepresented,Complete quadratic,45.600000000000001,Estimated xi^2 coefficient,0.0001226589907925919,1
unrepresented,Complete quadratic,45.700000000000003,Estimated xi^2 coefficient,0.00012267942473651877,1
unrepresented,Complete quadratic,45.800000000000004,Estimated xi^2 coefficient,0.00012269950375259835,1
unrepresented,Complete quadratic,45.900000000000006,Estimated xi^2 coefficient,0.00012271923700891076,1
unrepresented,Complete quadratic,46,Estimated xi^2 coefficient,0.00012273863336047456,1
unrepresented,Complete quadratic,46.100000000000001,Estimated xi^2 coefficient,0.00012275770136248722,1
unrepresented,Complete quadratic,46.200000000000003,Estimated xi^2 coefficient,0.00012277644928290667,1
unrepresented,Complete quadratic,46.300000000000004,Estimated xi^2 coefficient,0.00012279488511441632,1
unrepresented,Complete quadratic,46.400000000000006,Estimated xi^2 coefficient,0.00012281301658577184,1
unrepresented,Complete quadratic,46.5,Estimated xi^2 coefficient,0.00012283085117262456,1
unrepresented,Complete quadratic,46.600000000000001,Estimated xi^2 coefficient,0.0001228483961077798,1
unrepresented,Complete quadratic,46.700000000000003,Estimated xi^2 coefficient,0.00012286565839099705,1
unrepresented,Complete quadratic,46.800000000000004,Estimated xi^2 coefficient,0.00012288264479827464,1
unrepresented,Complete quadratic,46.900000000000006,Estimated xi^2 coefficient,0.00012289936189075721,1
unrepresented,Complete quadratic,47,Estimated xi^2 coefficient,0.0001229158160231425,1
unrepresented,Complete quadratic,47.100000000000001,Estimated xi^2 coefficient,0.000122932013351782,1
unrepresented,Complete quadratic,47.200000000000003,Estimated xi^2 coefficient,0.00012294795984232017,1
unrepresented,Complete quadratic,47.300000000000004,Estimated xi^2 coefficient,0.00012296366127704641,1
unrepresented,Complete quadratic,47.400000000000006,Estimated xi^2 coefficient,0.00012297912326187854,1
unrepresented,Complete quadratic,47.5,Estimated xi^2 coefficient,0.00012299435123303725,1
unrepresented,Complete quadratic,47.600000000000001,Estimated xi^2 coefficient,0.00012300935046341584,1
unrepresented,Complete quadratic,47.700000000000003,Estimated xi^2 coefficient,0.00012302412606867143,1
unrepresented,Complete quadratic,47.800000000000004,Estimated xi^2 coefficient,0.00012303868301304915,1
unrepresented,Complete quadratic,47.900000000000006,Estimated xi^2 coefficient,0.00012305302611492286,1
unrepresented,Complete quadratic,48,Estimated xi^2 coefficient,0.0001230671600521393,1
unrepresented,Complete quadratic,48.100000000000001,Estimated xi^2 coefficient,0.00012308108936708549,1
unrepresented,Complete quadratic,48.200000000000003,Estimated xi^2 coefficient,0.00012309481847157125,1
unrepresented,Complete quadratic,48.300000000000004,Estimated xi^2 coefficient,0.00012310835165146359,1
unrepresented,Complete quadratic,48.400000000000006,Estimated xi^2 coefficient,0.00012312169307118255,1
unrepresented,Complete quadratic,48.5,Estimated xi^2 coefficient,0.00012313484677794632,1
unrepresented,Complete quadratic,48.600000000000001,Estimated xi^2 coefficient,0.00012314781670587658,1
unrepresented,Complete quadratic,48.700000000000003,Estimated xi^2 coefficient,0.00012316060667992565,1
unrepresented,Complete quadratic,48.800000000000004,Estimated xi^2 coefficient,0.00012317322041961604,1
unrepresented,Complete quadratic,48.900000000000006,Estimated xi^2 coefficient,0.00012318566154267689,1
unrepresented,Complete quadratic,49,Estimated xi^2 coefficient,0.00012319793356848632,1
unrepresented,Complete quadratic,49.100000000000001,Estimated xi^2 coefficient,0.0001232100399213924,1
unrepresented,Complete quadratic,49.200000000000003,Estimated xi^2 coefficient,0.00012322198393389876,1
unrepresented,Complete quadratic,49.300000000000004,Estimated xi^2 coefficient,0.00012323376884973086,1
unrepresented,Complete quadratic,49.400000000000006,Estimated xi^2 coefficient,0.0001232453978267639,1
unrepresented,Complete quadratic,49.5,Estimated xi^2 coefficient,0.000123256873939847,1
unrepresented,Complete quadratic,49.600000000000001,Estimated xi^2 coefficient,0.0001232682001835114,1
unrepresented,Complete quadratic,49.700000000000003,Estimated xi^2 coefficient,0.00012327937947458593,1
unrepresented,Complete quadratic,49.800000000000004,Estimated xi^2 coefficient,0.00012329041465469485,1
unrepresented,Complete quadratic,49.900000000000006,Estimated xi^2 coefficient,0.00012330130849266024,1
unrepresented,Complete quadratic,50,Estimated xi^2 coefficient,0.00012331206368682319,1
unrepresented,Complete quadratic,50.100000000000001,Estimated xi^2 coefficient,0.0011706647244141986,1
unrepresented,Complete quadratic,50.200000000000003,Estimated xi^2 coefficient,0.0033170050815933276,1
unrepresented,Complete quadratic,50.300000000000004,Estimated xi^2 coefficient,0.0067464392984569882,1
unrepresented,Complete quadratic,50.400000000000006,Estimated xi^2 coefficient,0.010425304785277706,1
unrepresented,Complete quadratic,50.5,Estimated xi^2 coefficient,0.014049710727339005,1
unrepresented,Complete quadratic,50.600000000000001,Estimated xi^2 coefficient,0.017588815862941601,1
unrepresented,Complete quadratic,50.700000000000003,Estimated xi^2 coefficient,0.021069433365195924,1
unrepresented,Complete quadratic,50.800000000000004,Estimated xi^2 coefficient,0.024507650531413926,1
unrepresented,Complete quadratic,50.900000000000006,Estimated xi^2 coefficient,0.027910146618733703,1
unrepresented,Complete quadratic,51,Estimated xi^2 coefficient,0.031280824150170451,1
unrepresented,Complete quadratic,51.100000000000001,Estimated xi^2 coefficient,0.034617928070564734,1
unrepresented,Complete quadratic,51.200000000000003,Estimated xi^2 coefficient,0.037919927939029194,1
unrepresented,Complete quadratic,51.300000000000004,Estimated xi^2 coefficient,0.041185423137725545,1
unrepresented,Complete quadratic,51.400000000000006,Estimated xi^2 coefficient,0.044413142966534536,1
unrepresented,Complete quadratic,51.5,Estimated xi^2 coefficient,0.047601944042134865,1
unrepresented,Complete quadratic,51.600000000000001,Estimated xi^2 coefficient,0.050750807965233527,1
unrepresented,Complete quadratic,51.700000000000003,Estimated xi^2 coefficient,0.053858837291921459,1
unrepresented,Complete quadratic,51.800000000000004,Estimated xi^2 coefficient,0.056925250259214452,1
unrepresented,Complete quadratic,51.900000000000006,Estimated xi^2 coefficient,0.059949375182033436,1
unrepresented,Complete quadratic,52,Estimated xi^2 coefficient,0.062930645007825872,1
unrepresented,Complete quadratic,52.100000000000001,Estimated xi^2 coefficient,0.065868592102218071,1
unrepresented,Complete quadratic,52.200000000000003,Estimated xi^2 coefficient,0.068762843007104474,1
unrepresented,Complete quadratic,52.300000000000004,Estimated xi^2 coefficient,0.071613113170734932,1
unrepresented,Complete quadratic,52.400000000000006,Estimated xi^2 coefficient,0.074419201692577833,1
unrepresented,Complete quadratic,52.5,Estimated xi^2 coefficient,0.077180986124625151,1
unrepresented,Complete quadratic,52.600000000000001,Estimated xi^2 coefficient,0.079898417360840635,1
unrepresented,Complete quadratic,52.700000000000003,Estimated xi^2 coefficient,0.082571514639731725,1
unrepresented,Complete quadratic,52.800000000000004,Estimated xi^2 coefficient,0.085200360680822027,1
unrepresented,Complete quadratic,52.900000000000006,Estimated xi^2 coefficient,0.087785096972299914,1
unrepresented,Complete quadratic,53,Estimated xi^2 coefficient,0.090325919223724252,1
unrepresented,Complete quadratic,53.100000000000001,Estimated xi^2 coefficient,0.092823072994535474,1
unrepresented,Complete quadratic,53.200000000000003,Estimated xi^2 coefficient,0.095276849506293435,1
unrepresented,Complete quadratic,53.300000000000004,Estimated xi^2 coefficient,0.097641722322997893,1
unrepresented,Complete quadratic,53.400000000000006,Estimated xi^2 coefficient,0.099922759104962761,1
unrepresented,Complete quadratic,53.5,Estimated xi^2 coefficient,0.10212438705682372,1
unrepresented,Complete quadratic,53.600000000000001,Estimated xi^2 coefficient,0.10425096724296783,1
unrepresented,Complete quadratic,53.700000000000003,Estimated xi^2 coefficient,0.10630665659982201,1
unrepresented,Complete quadratic,53.800000000000004,Estimated xi^2 coefficient,0.10829528462064276,1
unrepresented,Complete quadratic,53.900000000000006,Estimated xi^2 coefficient,0.11022036641464365,1
unrepresented,Complete quadratic,54,Estimated xi^2 coefficient,0.11208515478164545,1
unrepresented,Complete quadratic,54.100000000000001,Estimated xi^2 coefficient,0.11389267547390002,1
unrepresented,Complete quadratic,54.200000000000003,Estimated xi^2 coefficient,0.11564574672500867,1
unrepresented,Complete quadratic,54.300000000000004,Estimated xi^2 coefficient,0.11734699501027392,1
unrepresented,Complete quadratic,54.400000000000006,Estimated xi^2 coefficient,0.1189988710553683,1
unrepresented,Complete quadratic,54.5,Estimated xi^2 coefficient,0.12060366514398933,1
unrepresented,Complete quadratic,54.600000000000001,Estimated xi^2 coefficient,0.12216352074854707,1
unrepresented,Complete quadratic,54.700000000000003,Estimated xi^2 coefficient,0.12368044653498558,1
unrepresented,Complete quadratic,54.800000000000004,Estimated xi^2 coefficient,0.1251563271191688,1
unrepresented,Complete quadratic,54.900000000000006,Estimated xi^2 coefficient,0.12659293281471426,1
unrepresented,Complete quadratic,55,Estimated xi^2 coefficient,0.12799192847627067,1
unrepresented,Complete quadratic,55.100000000000001,Estimated xi^2 coefficient,0.1293548815138349,1
unrepresented,Complete quadratic,55.200000000000003,Estimated xi^2 coefficient,0.13068326916323877,1
unrepresented,Complete quadratic,55.300000000000004,Estimated xi^2 coefficient,0.13197848509713134,1
unrepresented,Complete quadratic,55.400000000000006,Estimated xi^2 coefficient,0.13324184544910156,1
unrepresented,Complete quadratic,55.5,Estimated xi^2 coefficient,0.13447459431196651,1
unrepresented,Complete quadratic,55.600000000000001,Estimated xi^2 coefficient,0.13567790876341151,1
unrepresented,Complete quadratic,55.700000000000003,Estimated xi^2 coefficient,0.13685290346636622,1
unrepresented,Complete quadratic,55.800000000000004,Estimated xi^2 coefficient,0.13800063488639008,1
unrepresented,Complete quadratic,55.900000000000006,Estimated xi^2 coefficient,0.13912210516352777,1
unrepresented,Complete quadratic,56,Estimated xi^2 coefficient,0.1402182656718233,1
unrepresented,Complete quadratic,56.100000000000001,Estimated xi^2 coefficient,0.14129002029601001,1
unrepresented,Complete quadratic,56.200000000000003,Estimated xi^2 coefficient,0.14233822845171598,1
unrepresented,Complete quadratic,56.300000000000004,Estimated xi^2 coefficient,0.14336370787272695,1
unrepresented,Complete quadratic,56.400000000000006,Estimated xi^2 coefficient,0.14436723718637764,1
unrepresented,Complete quadratic,56.5,Estimated xi^2 coefficient,0.14534955829595766,1
unrepresented,Complete quadratic,56.600000000000001,Estimated xi^2 coefficient,0.14631137858709006,1
unrepresented,Complete quadratic,56.700000000000003,Estimated xi^2 coefficient,0.14725337297333663,1
unrepresented,Complete quadratic,56.800000000000004,Estimated xi^2 coefficient,0.14817618579476952,1
unrepresented,Complete quadratic,56.900000000000006,Estimated xi^2 coefficient,0.14908043258190665,1
unrepresented,Complete quadratic,57,Estimated xi^2 coefficient,0.14996670169620935,1
unrepresented,Complete quadratic,57.100000000000001,Estimated xi^2 coefficient,0.15083555585727587,1
unrepresented,Complete quadratic,57.200000000000003,Estimated xi^2 coefficient,0.15168753356591091,1
unrepresented,Complete quadratic,57.300000000000004,Estimated xi^2 coefficient,0.15252315043139983,1
unrepresented,Complete quadratic,57.400000000000006,Estimated xi^2 coefficient,0.15334290041055312,1
unrepresented,Complete quadratic,57.5,Estimated xi^2 coefficient,0.15414725696540257,1
unrepresented,Complete quadratic,57.600000000000001,Estimated xi^2 coefficient,0.15493667414581613,1
unrepresented,Complete quadratic,57.700000000000003,Estimated xi^2 coefficient,0.15571158760274528,1
unrepresented,Complete quadratic,57.800000000000004,Estimated xi^2 coefficient,0.15647241553731825,1
unrepresented,Complete quadratic,57.900000000000006,Estimated xi^2 coefficient,0.15721955959054817,1
unrepresented,Complete quadratic,58,Estimated xi^2 coefficient,0.15795340567801616,1
unrepresented,Complete quadratic,58.100000000000001,Estimated xi^2 coefficient,0.15867432477352283,1
unrepresented,Complete quadratic,58.200000000000003,Estimated xi^2 coefficient,0.15938267364536921,1
unrepresented,Complete quadratic,58.300000000000004,Estimated xi^2 coefficient,0.16007879554862878,1
unrepresented,Complete quadratic,58.400000000000006,Estimated xi^2 coefficient,0.16076302087649724,1
unrepresented,Complete quadratic,58.5,Estimated xi^2 coefficient,0.16143566777355975,1
unrepresented,Complete quadratic,58.600000000000001,Estimated xi^2 coefficient,0.16209704271358891,1
unrepresented,Complete quadratic,58.700000000000003,Estimated xi^2 coefficient,0.16274744104428121,1
unrepresented,Complete quadratic,58.800000000000004,Estimated xi^2 coefficient,0.16338714750115282,1
unrepresented,Complete quadratic,58.900000000000006,Estimated xi^2 coefficient,0.16401643669264407,1
unrepresented,Complete quadratic,59,Estimated xi^2 coefficient,0.16463557355832623,1
unrepresented,Complete quadratic,59.100000000000001,Estimated xi^2 coefficient,0.16524481380196143,1
unrepresented,Complete quadratic,59.200000000000003,Estimated xi^2 coefficient,0.16565925998821482,1
unrepresented,Complete quadratic,59.300000000000004,Estimated xi^2 coefficient,0.16622894915775505,1
unrepresented,Complete quadratic,59.400000000000006,Estimated xi^2 coefficient,0.16679050247185587,1
unrepresented,Complete quadratic,59.5,Estimated xi^2 coefficient,0.16706824478938875,1
unrepresented,Complete quadratic,59.600000000000001,Estimated xi^2 coefficient,0.16654903946423635,1
unrepresented,Complete quadratic,59.700000000000003,Estimated xi^2 coefficient,0.16003463820096928,1
unrepresented,Complete quadratic,59.800000000000004,Estimated xi^2 coefficient,0.15346409000620709,1
unrepresented,Complete quadratic,59.900000000000006,Estimated xi^2 coefficient,0.15050439366688029,1
unrepresented,Complete quadratic,60,Estimated xi^2 coefficient,0.14965602279057821,1
unrepresented,Complete quadratic,60.100000000000001,Estimated xi^2 coefficient,0.14963140155374968,1
unrepresented,Complete quadratic,60.200000000000003,Estimated xi^2 coefficient,0.15046662385922135,1
unrepresented,Complete quadratic,60.300000000000004,Estimated xi^2 coefficient,0.15111622572012059,1
unrepresented,Complete quadratic,60.400000000000006,Estimated xi^2 coefficient,0.15115188325385046,1
unrepresented,Complete quadratic,60.5,Estimated xi^2 coefficient,0.15081379216160021,1
unrepresented,Complete quadratic,60.600000000000001,Estimated xi^2 coefficient,0.15031804073671262,1
unrepresented,Complete quadratic,60.700000000000003,Estimated xi^2 coefficient,0.14977027446227151,1
unrepresented,Complete quadratic,60.800000000000004,Estimated xi^2 coefficient,0.14921363705552496,1
unrepresented,Complete quadratic,60.900000000000006,Estimated xi^2 coefficient,0.14865315874586144,1
unrepresented,Complete quadratic,61,Estimated xi^2 coefficient,0.14809425610897578,1
unrepresented,Complete quadratic,61.100000000000001,Estimated xi^2 coefficient,0.14753839083200621,1
unrepresented,Complete quadratic,61.200000000000003,Estimated xi^2 coefficient,0.14698595957653551,1
unrepresented,Complete quadratic,61.300000000000004,Estimated xi^2 coefficient,0.14643723718617521,1
unrepresented,Complete quadratic,61.400000000000006,Estimated xi^2 coefficient,0.14589255888781527,1
unrepresented,Complete quadratic,61.5,Estimated xi^2 coefficient,0.14535231141418539,1
unrepresented,Complete quadratic,61.600000000000001,Estimated xi^2 coefficient,0.14481690647551057,1
unrepresented,Complete quadratic,61.700000000000003,Estimated xi^2 coefficient,0.14428676278178693,1
unrepresented,Complete quadratic,61.800000000000004,Estimated xi^2 coefficient,0.1437622960285328,1
unrepresented,Complete quadratic,61.900000000000006,Estimated xi^2 coefficient,0.14324391363697095,1
unrepresented,Complete quadratic,62,Estimated xi^2 coefficient,0.14273201174346853,1
unrepresented,Complete quadratic,62.100000000000001,Estimated xi^2 coefficient,0.14222697341331153,1
unrepresented,Complete quadratic,62.200000000000003,Estimated xi^2 coefficient,0.14172916737864508,1
unrepresented,Complete quadratic,62.300000000000004,Estimated xi^2 coefficient,0.14123894703503856,1
unrepresented,Complete quadratic,62.400000000000006,Estimated xi^2 coefficient,0.14075664958591119,1
unrepresented,Complete quadratic,62.5,Estimated xi^2 coefficient,0.14028259529138271,1
unrepresented,Complete quadratic,62.600000000000001,Estimated xi^2 coefficient,0.13981708680667185,1
unrepresented,Complete quadratic,62.700000000000003,Estimated xi^2 coefficient,0.13936040860614304,1
unrepresented,Complete quadratic,62.800000000000004,Estimated xi^2 coefficient,0.13891282649263442,1
unrepresented,Complete quadratic,62.900000000000006,Estimated xi^2 coefficient,0.13847458719240913,1
unrepresented,Complete quadratic,63,Estimated xi^2 coefficient,0.13804591803581323,1
unrepresented,Complete quadratic,63.100000000000001,Estimated xi^2 coefficient,0.13762702672317637,1
unrepresented,Complete quadratic,63.200000000000003,Estimated xi^2 coefficient,0.13721810117489289,1
unrepresented,Complete quadratic,63.300000000000004,Estimated xi^2 coefficient,0.1368270101262726,1
unrepresented,Complete quadratic,63.400000000000006,Estimated xi^2 coefficient,0.13645309879884768,1
unrepresented,Complete quadratic,63.5,Estimated xi^2 coefficient,0.13609594837343511,1
unrepresented,Complete quadratic,63.600000000000001,Estimated xi^2 coefficient,0.13575492955194807,1
unrepresented,Complete quadratic,63.700000000000003,Estimated xi^2 coefficient,0.13542933354632219,1
unrepresented,Complete quadratic,63.800000000000004,Estimated xi^2 coefficient,0.13511845156872307,1
unrepresented,Complete quadratic,63.900000000000006,Estimated xi^2 coefficient,0.13482160230796061,1
unrepresented,Complete quadratic,64,Estimated xi^2 coefficient,0.13453813874233317,1
unrepresented,Complete quadratic,64.100000000000009,Estimated xi^2 coefficient,0.13426744829506676,1
unrepresented,Complete quadratic,64.200000000000003,Estimated xi^2 coefficient,0.13400895123731735,1
unrepresented,Complete quadratic,64.299999999999997,Estimated xi^2 coefficient,0.13376209873932687,1
unrepresented,Complete quadratic,64.400000000000006,Estimated xi^2 coefficient,0.13352637094826689,1
unrepresented,Complete quadratic,64.5,Estimated xi^2 coefficient,0.13330127518071011,1
unrepresented,Complete quadratic,64.600000000000009,Estimated xi^2 coefficient,0.13308634424172938,1
unrepresented,Complete quadratic,64.700000000000003,Estimated xi^2 coefficient,0.13288113486476447,1
unrepresented,Complete quadratic,64.799999999999997,Estimated xi^2 coefficient,0.13268522626312806,1
unrepresented,Complete quadratic,64.900000000000006,Estimated xi^2 coefficient,0.13249821878408755,1
unrepresented,Complete quadratic,65,Estimated xi^2 coefficient,0.13231973265716671,1
unrepresented,Complete quadratic,65.100000000000009,Estimated xi^2 coefficient,0.13214940682906665,1
unrepresented,Complete quadratic,65.200000000000003,Estimated xi^2 coefficient,0.13198689787830109,1
unrepresented,Complete quadratic,65.299999999999997,Estimated xi^2 coefficient,0.13183187900326643,1
unrepresented,Complete quadratic,65.400000000000006,Estimated xi^2 coefficient,0.13168403907802881,1
unrepresented,Complete quadratic,65.5,Estimated xi^2 coefficient,0.13154308177061566,1
unrepresented,Complete quadratic,65.600000000000009,Estimated xi^2 coefficient,0.13140872471905554,1
unrepresented,Complete quadratic,65.700000000000003,Estimated xi^2 coefficient,0.13128069876081577,1
unrepresented,Complete quadratic,65.799999999999997,Estimated xi^2 coefficient,0.13115874721166576,1
unrepresented,Complete quadratic,65.900000000000006,Estimated xi^2 coefficient,0.13104262519032364,1
unrepresented,Complete quadratic,66,Estimated xi^2 coefficient,0.13093209898555014,1
unrepresented,Complete quadratic,66.100000000000009,Estimated xi^2 coefficient,0.13082694546262827,1
unrepresented,Complete quadratic,66.200000000000003,Estimated xi^2 coefficient,0.13072695150641769,1
unrepresented,Complete quadratic,66.299999999999997,Estimated xi^2 coefficient,0.13063191349839984,1
unrepresented,Complete quadratic,66.400000000000006,Estimated xi^2 coefficient,0.13054163682533634,1
unrepresented,Complete quadratic,66.5,Estimated xi^2 coefficient,0.13045593541735204,1
unrepresented,Complete quadratic,66.600000000000009,Estimated xi^2 coefficient,0.13037463131342419,1
unrepresented,Complete quadratic,66.700000000000003,Estimated xi^2 coefficient,0.13029755425241732,1
unrepresented,Complete quadratic,66.799999999999997,Estimated xi^2 coefficient,0.13022454128794508,1
unrepresented,Complete quadratic,66.900000000000006,Estimated xi^2 coefficient,0.13015543642547212,1
unrepresented,Complete quadratic,67,Estimated xi^2 coefficient,0.13009009028018689,1
unrepresented,Complete quadratic,67.100000000000009,Estimated xi^2 coefficient,0.13002835975428814,1
unrepresented,Complete quadratic,67.200000000000003,Estimated xi^2 coefficient,0.12997010773242584,1
unrepresented,Complete quadratic,67.299999999999997,Estimated xi^2 coefficient,0.12991520279413124,1
unrepresented,Complete quadratic,67.400000000000006,Estimated xi^2 coefficient,0.12986351894215387,1
unrepresented,Complete quadratic,67.5,Estimated xi^2 coefficient,0.12981493534570246,1
unrepresented,Complete quadratic,67.600000000000009,Estimated xi^2 coefficient,0.12976933609765673,1
unrepresented,Complete quadratic,67.700000000000003,Estimated xi^2 coefficient,0.12972660998488394,1
unrepresented,Complete quadratic,67.799999999999997,Estimated xi^2 coefficient,0.12968665027085427,1
unrepresented,Complete quadratic,67.900000000000006,Estimated xi^2 coefficient,0.12964935448980483,1
unrepresented,Complete quadratic,68,Estimated xi^2 coefficient,0.12961462425175402,1
unrepresented,Complete quadratic,68.100000000000009,Estimated xi^2 coefficient,0.1295823650577152,1
unrepresented,Complete quadratic,68.200000000000003,Estimated xi^2 coefficient,0.12955248612450299,1
unrepresented,Complete quadratic,68.299999999999997,Estimated xi^2 coefficient,0.12952490021856594,1
unrepresented,Complete quadratic,68.400000000000006,Estimated xi^2 coefficient,0.12949952349831675,1
unrepresented,Complete quadratic,68.5,Estimated xi^2 coefficient,0.12947627536446685,1
unrepresented,Complete quadratic,68.600000000000009,Estimated xi^2 coefficient,0.12945507831790323,1
unrepresented,Complete quadratic,68.700000000000003,Estimated xi^2 coefficient,0.12943585782467673,1
unrepresented,Complete quadratic,68.799999999999997,Estimated xi^2 coefficient,0.12941854218769727,1
unrepresented,Complete quadratic,68.900000000000006,Estimated xi^2 coefficient,0.12940306242475882,1
unrepresented,Complete quadratic,69,Estimated xi^2 coefficient,0.12938935215253955,1
unrepresented,Complete quadratic,69.100000000000009,Estimated xi^2 coefficient,0.12937734747624557,1
unrepresented,Complete quadratic,69.200000000000003,Estimated xi^2 coefficient,0.1293669868845872,1
unrepresented,Complete quadratic,69.299999999999997,Estimated xi^2 coefficient,0.12935821114979598,1
unrepresented,Complete quadratic,69.400000000000006,Estimated xi^2 coefficient,0.12935096323240858,1
unrepresented,Complete quadratic,69.5,Estimated xi^2 coefficient,0.12934518819056023,1
unrepresented,Complete quadratic,69.600000000000009,Estimated xi^2 coefficient,0.12934083309354624,1
unrepresented,Complete quadratic,69.700000000000003,Estimated xi^2 coefficient,0.12933784693942463,1
unrepresented,Complete quadratic,69.799999999999997,Estimated xi^2 coefficient,0.12933618057644622,1
unrepresented,Complete quadratic,69.900000000000006,Estimated xi^2 coefficient,0.12933578662811107,1
unrepresented,Complete quadratic,70,Estimated xi^2 coefficient,0.12933661942166283,1
unrepresented,Complete quadratic,70.100000000000009,Estimated xi^2 coefficient,0.1293386349198424,1
unrepresented,Complete quadratic,70.200000000000003,Estimated xi^2 coefficient,0.1293417906557334,1
unrepresented,Complete quadratic,70.299999999999997,Estimated xi^2 coefficient,0.12934604567054184,1
unrepresented,Complete quadratic,70.400000000000006,Estimated xi^2 coefficient,0.12935136045416021,1
unrepresented,Complete quadratic,70.5,Estimated xi^2 coefficient,0.12935769688837642,1
unrepresented,Complete quadratic,70.600000000000009,Estimated xi^2 coefficient,0.12936501819259419,1
unrepresented,Complete quadratic,70.700000000000003,Estimated xi^2 coefficient,0.1293732888719403,1
unrepresented,Complete quadratic,70.799999999999997,Estimated xi^2 coefficient,0.12938247466764047,1
unrepresented,Complete quadratic,70.900000000000006,Estimated xi^2 coefficient,0.1293925425095519,1
unrepresented,Complete quadratic,71,Estimated xi^2 coefficient,0.12940346047074766,1
unrepresented,Complete quadratic,71.100000000000009,Estimated xi^2 coefficient,0.12941519772405244,1
unrepresented,Complete quadratic,71.200000000000003,Estimated xi^2 coefficient,0.12942772450043599,1
unrepresented,Complete quadratic,71.299999999999997,Estimated xi^2 coefficient,0.12944101204917477,1
unrepresented,Complete quadratic,71.400000000000006,Estimated xi^2 coefficient,0.12945503259969746,1
unrepresented,Complete quadratic,71.5,Estimated xi^2 coefficient,0.12946975932503432,1
unrepresented,Complete quadratic,71.600000000000009,Estimated xi^2 coefficient,0.12948516630679499,1
unrepresented,Complete quadratic,71.700000000000003,Estimated xi^2 coefficient,0.12950122850160256,1
unrepresented,Complete quadratic,71.799999999999997,Estimated xi^2 coefficient,0.12951792170891654,1
unrepresented,Complete quadratic,71.900000000000006,Estimated xi^2 coefficient,0.12953522254017982,1
unrepresented,Complete quadratic,72,Estimated xi^2 coefficient,0.1295531083892289,1
unrepresented,Complete quadratic,72.100000000000009,Estimated xi^2 coefficient,0.12957155740390924,1
unrepresented,Complete quadratic,72.200000000000003,Estimated xi^2 coefficient,0.12959054845884088,1
unrepresented,Complete quadratic,72.299999999999997,Estimated xi^2 coefficient,0.12961006112928203,1
unrepresented,Complete quadratic,72.400000000000006,Estimated xi^2 coefficient,0.12963007566604129,1
unrepresented,Complete quadratic,72.5,Estimated xi^2 coefficient,0.12965057297139121,1
unrepresented,Complete quadratic,72.600000000000009,Estimated xi^2 coefficient,0.12967153457593861,1
unrepresented,Complete quadratic,72.700000000000003,Estimated xi^2 coefficient,0.12969294261640929,1
unrepresented,Complete quadratic,72.799999999999997,Estimated xi^2 coefficient,0.12971477981430651,1
unrepresented,Complete quadratic,72.900000000000006,Estimated xi^2 coefficient,0.12973702945540497,1
unrepresented,Complete quadratic,73,Estimated xi^2 coefficient,0.12975967537004385,1
unrepresented,Complete quadratic,73.100000000000009,Estimated xi^2 coefficient,0.12978270191418406,1
unrepresented,Complete quadratic,73.200000000000003,Estimated xi^2 coefficient,0.12980609395119663,1
unrepresented,Complete quadratic,73.299999999999997,Estimated xi^2 coefficient,0.12982983683435073,1
unrepresented,Complete quadratic,73.400000000000006,Estimated xi^2 coefficient,0.12985391638997171,1
unrepresented,Complete quadratic,73.5,Estimated xi^2 coefficient,0.12987831890123983,1
unrepresented,Complete quadratic,73.600000000000009,Estimated xi^2 coefficient,0.12990303109260357,1
unrepresented,Complete quadratic,73.700000000000003,Estimated xi^2 coefficient,0.12992804011478043,1
unrepresented,Complete quadratic,73.799999999999997,Estimated xi^2 coefficient,0.12995333353032174,1
unrepresented,Complete quadratic,73.900000000000006,Estimated xi^2 coefficient,0.12997889929971665,1
unrepresented,Complete quadratic,74,Estimated xi^2 coefficient,0.13000472576801403,1
unrepresented,Complete quadratic,74.100000000000009,Estimated xi^2 coefficient,0.13003080165194017,1
unrepresented,Complete quadratic,74.200000000000003,Estimated xi^2 coefficient,0.13005711602749193,1
unrepresented,Complete quadratic,74.299999999999997,Estimated xi^2 coefficient,0.13008365831798596,1
unrepresented,Complete quadratic,74.400000000000006,Estimated xi^2 coefficient,0.13011041828254541,1
unrepresented,Complete quadratic,74.5,Estimated xi^2 coefficient,0.13013738600500624,1
unrepresented,Complete quadratic,74.600000000000009,Estimated xi^2 coefficient,0.13016455188322626,1
unrepresented,Complete quadratic,74.700000000000003,Estimated xi^2 coefficient,0.13019190661878038,1
unrepresented,Complete quadratic,74.799999999999997,Estimated xi^2 coefficient,0.13021944120702725,1
unrepresented,Complete quadratic,74.900000000000006,Estimated xi^2 coefficient,0.13024714692753175,1
unrepresented,Complete quadratic,75,Estimated xi^2 coefficient,0.13027501533482957,1
unrepresented,Complete quadratic,75.100000000000009,Estimated xi^2 coefficient,0.13030303824952036,1
unrepresented,Complete quadratic,75.200000000000003,Estimated xi^2 coefficient,0.1303312077496763,1
unrepresented,Complete quadratic,75.299999999999997,Estimated xi^2 coefficient,0.13035951616255409,1
unrepresented,Complete quadratic,75.400000000000006,Estimated xi^2 coefficient,0.13038795605659659,1
unrepresented,Complete quadratic,75.5,Estimated xi^2 coefficient,0.13041652023372174,1
unrepresented,Complete quadratic,75.600000000000009,Estimated xi^2 coefficient,0.13044520172186733,1
unrepresented,Complete quadratic,75.700000000000003,Estimated xi^2 coefficient,0.13047399376780577,1
unrepresented,Complete quadratic,75.799999999999997,Estimated xi^2 coefficient,0.13050288983020439,1
unrepresented,Complete quadratic,75.900000000000006,Estimated xi^2 coefficient,0.13053188357292475,1
unrepresented,Complete quadratic,76,Estimated xi^2 coefficient,0.13056096885855228,1
unrepresented,Complete quadratic,76.100000000000009,Estimated xi^2 coefficient,0.13059013974214753,1
unrepresented,Complete quadratic,76.200000000000003,Estimated xi^2 coefficient,0.13061939046521054,1
unrepresented,Complete quadratic,76.299999999999997,Estimated xi^2 coefficient,0.13064871544985049,1
unrepresented,Complete quadratic,76.400000000000006,Estimated xi^2 coefficient,0.13067810929315271,1
unrepresented,Complete quadratic,76.5,Estimated xi^2 coefficient,0.13070756676173595,1
unrepresented,Complete quadratic,76.600000000000009,Estimated xi^2 coefficient,0.13073708278649246,1
unrepresented,Complete quadratic,76.700000000000003,Estimated xi^2 coefficient,0.13076665245750452,1
unrepresented,Complete quadratic,76.800000000000011,Estimated xi^2 coefficient,0.13079627101913074,1
unrepresented,Complete quadratic,76.900000000000006,Estimated xi^2 coefficient,0.13082593386525579,1
unrepresented,Complete quadratic,77,Estimated xi^2 coefficient,0.13085563653469781,1
unrepresented,Complete quadratic,77.100000000000009,Estimated xi^2 coefficient,0.13088537470676756,1
unrepresented,Complete quadratic,77.200000000000003,Estimated xi^2 coefficient,0.13091514419697386,1
unrepresented,Complete quadratic,77.300000000000011,Estimated xi^2 coefficient,0.13094494095287021,1
unrepresented,Complete quadratic,77.400000000000006,Estimated xi^2 coefficient,0.13097476105003703,1
unrepresented,Complete quadratic,77.5,Estimated xi^2 coefficient,0.13100460068819539,1
unrepresented,Complete quadratic,77.600000000000009,Estimated xi^2 coefficient,0.13103445618744675,1
unrepresented,Complete quadratic,77.700000000000003,Estimated xi^2 coefficient,0.13106432398463463,1
unrepresented,Complete quadratic,77.800000000000011,Estimated xi^2 coefficient,0.13109420062982416,1
unrepresented,Complete quadratic,77.900000000000006,Estimated xi^2 coefficient,0.13112408278289447,1
unrepresented,Complete quadratic,78,Estimated xi^2 coefficient,0.13115396721024095,1
unrepresented,Complete quadratic,78.100000000000009,Estimated xi^2 coefficient,0.13118385078158287,1
unrepresented,Complete quadratic,78.200000000000003,Estimated xi^2 coefficient,0.13121373046687274,1
unrepresented,Complete quadratic,78.300000000000011,Estimated xi^2 coefficient,0.13124360333330432,1
unrepresented,Complete quadratic,78.400000000000006,Estimated xi^2 coefficient,0.13127346654241509,1
unrepresented,Complete quadratic,78.5,Estimated xi^2 coefficient,0.13130331734728073,1
unrepresented,Complete quadratic,78.600000000000009,Estimated xi^2 coefficient,0.13133315308979782,1
unrepresented,Complete quadratic,78.700000000000003,Estimated xi^2 coefficient,0.13136297119805193,1
unrepresented,Complete quadratic,78.800000000000011,Estimated xi^2 coefficient,0.13139276918376841,1
unrepresented,Complete quadratic,78.900000000000006,Estimated xi^2 coefficient,0.1314225446398426,1
unrepresented,Complete quadratic,79,Estimated xi^2 coefficient,0.1314522952379471,1
unrepresented,Complete quadratic,79.100000000000009,Estimated xi^2 coefficient,0.13148201872621346,1
unrepresented,Complete quadratic,79.200000000000003,Estimated xi^2 coefficient,0.13151553495562046,1
unrepresented,Complete quadratic,79.300000000000011,Estimated xi^2 coefficient,0.13155606128486561,1
unrepresented,Complete quadratic,79.400000000000006,Estimated xi^2 coefficient,0.13162799728402688,1
unrepresented,Complete quadratic,79.5,Estimated xi^2 coefficient,0.13192099906105356,1
unrepresented,Complete quadratic,79.600000000000009,Estimated xi^2 coefficient,0.13210533146771092,1
unrepresented,Complete quadratic,79.700000000000003,Estimated xi^2 coefficient,0.12991309198204951,1
unrepresented,Complete quadratic,79.800000000000011,Estimated xi^2 coefficient,0.12805245636207646,1
unrepresented,Complete quadratic,79.900000000000006,Estimated xi^2 coefficient,0.12785152985193249,1
unrepresented,Complete quadratic,80,Estimated xi^2 coefficient,0.12918332148016734,1
unrepresented,Complete quadratic,80.100000000000009,Estimated xi^2 coefficient,0.12990758777494099,1
unrepresented,Complete quadratic,80.200000000000003,Estimated xi^2 coefficient,0.12720445539691158,1
unrepresented,Complete quadratic,80.300000000000011,Estimated xi^2 coefficient,0.12771278471255695,1
unrepresented,Complete quadratic,80.400000000000006,Estimated xi^2 coefficient,0.12846131690736734,1
unrepresented,Complete quadratic,80.5,Estimated xi^2 coefficient,0.12860472398997475,1
unrepresented,Complete quadratic,80.600000000000009,Estimated xi^2 coefficient,0.12854574954105097,1
unrepresented,Complete quadratic,80.700000000000003,Estimated xi^2 coefficient,0.12852909945725341,1
unrepresented,Complete quadratic,80.800000000000011,Estimated xi^2 coefficient,0.1285499436984677,1
unrepresented,Complete quadratic,80.900000000000006,Estimated xi^2 coefficient,0.12856959510908994,1
unrepresented,Complete quadratic,81,Estimated xi^2 coefficient,0.12857881491156609,1
unrepresented,Complete quadratic,81.100000000000009,Estimated xi^2 coefficient,0.1285811734974559,1
unrepresented,Complete quadratic,81.200000000000003,Estimated xi^2 coefficient,0.12857944728534376,1
unrepresented,Complete quadratic,81.300000000000011,Estimated xi^2 coefficient,0.12857370403216259,1
unrepresented,Complete quadratic,81.400000000000006,Estimated xi^2 coefficient,0.12856338695158145,1
unrepresented,Complete quadratic,81.5,Estimated xi^2 coefficient,0.12854824670409873,1
unrepresented,Complete quadratic,81.600000000000009,Estimated xi^2 coefficient,0.12852823089199836,1
unrepresented,Complete quadratic,81.700000000000003,Estimated xi^2 coefficient,0.12850376912295861,1
unrepresented,Complete quadratic,81.800000000000011,Estimated xi^2 coefficient,0.12847494708923851,1
unrepresented,Complete quadratic,81.900000000000006,Estimated xi^2 coefficient,0.12844163756535718,1
unrepresented,Complete quadratic,82,Estimated xi^2 coefficient,0.12840395912740799,1
unrepresented,Complete quadratic,82.100000000000009,Estimated xi^2 coefficient,0.12836212878341979,1
unrepresented,Complete quadratic,82.200000000000003,Estimated xi^2 coefficient,0.12831634046591495,1
unrepresented,Complete quadratic,82.300000000000011,Estimated xi^2 coefficient,0.12826675764315015,1
unrepresented,Complete quadratic,82.400000000000006,Estimated xi^2 coefficient,0.12821353339029068,1
unrepresented,Complete quadratic,82.5,Estimated xi^2 coefficient,0.12815681765447789,1
unrepresented,Complete quadratic,82.600000000000009,Estimated xi^2 coefficient,0.12809675588924177,1
unrepresented,Complete quadratic,82.700000000000003,Estimated xi^2 coefficient,0.12803348757425265,1
unrepresented,Complete quadratic,82.800000000000011,Estimated xi^2 coefficient,0.12796714628804406,1
unrepresented,Complete quadratic,82.900000000000006,Estimated xi^2 coefficient,0.12789786023373001,1
unrepresented,Complete quadratic,83,Estimated xi^2 coefficient,0.12782575259014226,1
unrepresented,Complete quadratic,83.100000000000009,Estimated xi^2 coefficient,0.12775094171568854,1
unrepresented,Complete quadratic,83.200000000000003,Estimated xi^2 coefficient,0.12767354133294989,1
unrepresented,Complete quadratic,83.300000000000011,Estimated xi^2 coefficient,0.12759366072650824,1
unrepresented,Complete quadratic,83.400000000000006,Estimated xi^2 coefficient,0.12751140493922294,1
unrepresented,Complete quadratic,83.5,Estimated xi^2 coefficient,0.12742687495681473,1
unrepresented,Complete quadratic,83.600000000000009,Estimated xi^2 coefficient,0.12734016788118513,1
unrepresented,Complete quadratic,83.700000000000003,Estimated xi^2 coefficient,0.12725137709504156,1
unrepresented,Complete quadratic,83.800000000000011,Estimated xi^2 coefficient,0.1271605924189752,1
unrepresented,Complete quadratic,83.900000000000006,Estimated xi^2 coefficient,0.1270679002611417,1
unrepresented,Complete quadratic,84,Estimated xi^2 coefficient,0.12697338375978703,1
unrepresented,Complete quadratic,84.100000000000009,Estimated xi^2 coefficient,0.12687712291899017,1
unrepresented,Complete quadratic,84.200000000000003,Estimated xi^2 coefficient,0.1267791947380168,1
unrepresented,Complete quadratic,84.300000000000011,Estimated xi^2 coefficient,0.12667967333463792,1
unrepresented,Complete quadratic,84.400000000000006,Estimated xi^2 coefficient,0.12657863006272946,1
unrepresented,Complete quadratic,84.5,Estimated xi^2 coefficient,0.1264761336244494,1
unrepresented,Complete quadratic,84.600000000000009,Estimated xi^2 coefficient,0.1263722501772751,1
unrepresented,Complete quadratic,84.700000000000003,Estimated xi^2 coefficient,0.12626704343616699,1
unrepresented,Complete quadratic,84.800000000000011,Estimated xi^2 coefficient,0.12616057477111065,1
unrepresented,Complete quadratic,84.900000000000006,Estimated xi^2 coefficient,0.12605290330027236,1
unrepresented,Complete quadratic,85,Estimated xi^2 coefficient,0.12594408597899165,1
unrepresented,Complete quadratic,85.100000000000009,Estimated xi^2 coefficient,0.12583417768481983,1
unrepresented,Complete quadratic,85.200000000000003,Estimated xi^2 coefficient,0.12572323129880394,1
unrepresented,Complete quadratic,85.300000000000011,Estimated xi^2 coefficient,0.12561129778320204,1
unrepresented,Complete quadratic,85.400000000000006,Estimated xi^2 coefficient,0.12549842625580648,1
unrepresented,Complete quadratic,85.5,Estimated xi^2 coefficient,0.12538466406104273,1
unrepresented,Complete quadratic,85.600000000000009,Estimated xi^2 coefficient,0.12527005683800022,1
unrepresented,Complete quadratic,85.700000000000003,Estimated xi^2 coefficient,0.12515464858554518,1
unrepresented,Complete quadratic,85.800000000000011,Estimated xi^2 coefficient,0.12503848172465568,1
unrepresented,Complete quadratic,85.900000000000006,Estimated xi^2 coefficient,0.12492159715811216,1
unrepresented,Complete quadratic,86,Estimated xi^2 coefficient,0.12480403432766983,1
unrepresented,Complete quadratic,86.100000000000009,Estimated xi^2 coefficient,0.12468583126883212,1
unrepresented,Complete quadratic,86.200000000000003,Estimated xi^2 coefficient,0.12456702466333811,1
unrepresented,Complete quadratic,86.300000000000011,Estimated xi^2 coefficient,0.12444764988947153,1
unrepresented,Complete quadratic,86.400000000000006,Estimated xi^2 coefficient,0.12432774107029178,1
unrepresented,Complete quadratic,86.5,Estimated xi^2 coefficient,0.1242073311198843,1
unrepresented,Complete quadratic,86.600000000000009,Estimated xi^2 coefficient,0.124086451787721,1
unrepresented,Complete quadratic,86.700000000000003,Estimated xi^2 coefficient,0.12396513370121678,1
unrepresented,Complete quadratic,86.800000000000011,Estimated xi^2 coefficient,0.1238434064065653,1
unrepresented,Complete quadratic,86.900000000000006,Estimated xi^2 coefficient,0.12372129840793089,1
unrepresented,Complete quadratic,87,Estimated xi^2 coefficient,0.12359883720507139,1
unrepresented,Complete quadratic,87.100000000000009,Estimated xi^2 coefficient,0.12347604932946164,1
unrepresented,Complete quadratic,87.200000000000003,Estimated xi^2 coefficient,0.12335296037898466,1
unrepresented,Complete quadratic,87.300000000000011,Estimated xi^2 coefficient,0.12322959505125372,1
unrepresented,Complete quadratic,87.400000000000006,Estimated xi^2 coefficient,0.12310597717562612,1
unrepresented,Complete quadratic,87.5,Estimated xi^2 coefficient,0.12298212974396544,1
unrepresented,Complete quadratic,87.600000000000009,Estimated xi^2 coefficient,0.12285807494020697,1
unrepresented,Complete quadratic,87.700000000000003,Estimated xi^2 coefficient,0.1227338341687786,1
unrepresented,Complete quadratic,87.800000000000011,Estimated xi^2 coefficient,0.12260942808152683,1
unrepresented,Complete quadratic,87.900000000000006,Estimated xi^2 coefficient,0.12248487660562916,1
unrepresented,Complete quadratic,88,Estimated xi^2 coefficient,0.12236019896659678,1
unrepresented,Complete quadratic,88.100000000000009,Estimated xi^2 coefficient,0.12223541371354459,1
unrepresented,Complete quadratic,88.200000000000003,Estimated xi^2 coefficient,0.12211053874289528,1
unrepresented,Complete quadratic,88.300000000000011,Estimated xi^2 coefficient,0.12198559132075007,1
unrepresented,Complete quadratic,88.400000000000006,Estimated xi^2 coefficient,0.12186058810442987,1
unrepresented,Complete quadratic,88.5,Estimated xi^2 coefficient,0.1217355451633263,1
unrepresented,Complete quadratic,88.600000000000009,Estimated xi^2 coefficient,0.12161047799901163,1
unrepresented,Complete quadratic,88.700000000000003,Estimated xi^2 coefficient,0.12148540156458604,1
unrepresented,Complete quadratic,88.800000000000011,Estimated xi^2 coefficient,0.12136033028329637,1
unrepresented,Complete quadratic,88.900000000000006,Estimated xi^2 coefficient,0.12123527806647051,1
unrepresented,Complete quadratic,89,Estimated xi^2 coefficient,0.12111025833079904,1
unrepresented,Complete quadratic,89.100000000000009,Estimated xi^2 coefficient,0.12098528401498869,1
unrepresented,Complete quadratic,89.200000000000003,Estimated xi^2 coefficient,0.12086036759581049,1
unrepresented,Complete quadratic,89.300000000000011,Estimated xi^2 coefficient,0.12073552110356735,1
unrepresented,Complete quadratic,89.400000000000006,Estimated xi^2 coefficient,0.12061075613700463,1
unrepresented,Complete quadratic,89.5,Estimated xi^2 coefficient,0.12048608387768595,1
unrepresented,Complete quadratic,89.600000000000009,Estimated xi^2 coefficient,0.12036151510400638,1
unrepresented,Complete quadratic,89.700000000000003,Estimated xi^2 coefficient,0.12023706020394556,1
unrepresented,Complete quadratic,89.800000000000011,Estimated xi^2 coefficient,0.12011272918880966,1
unrepresented,Complete quadratic,89.900000000000006,Estimated xi^2 coefficient,0.11998853170532468,1
unrepresented,Complete quadratic,90,Estimated xi^2 coefficient,0.11986447704751148,1
unrepresented,Complete quadratic,90.100000000000009,Estimated xi^2 coefficient,0.11974057416831581,1
unrepresented,Complete quadratic,90.200000000000003,Estimated xi^2 coefficient,0.11961683169083401,1
unrepresented,Complete quadratic,90.300000000000011,Estimated xi^2 coefficient,0.11949325791910327,1
unrepresented,Complete quadratic,90.400000000000006,Estimated xi^2 coefficient,0.11936986084850189,1
unrepresented,Complete quadratic,90.5,Estimated xi^2 coefficient,0.11924664817579654,1
unrepresented,Complete quadratic,90.600000000000009,Estimated xi^2 coefficient,0.11912362730884996,1
unrepresented,Complete quadratic,90.700000000000003,Estimated xi^2 coefficient,0.11900080537599567,1
unrepresented,Complete quadratic,90.800000000000011,Estimated xi^2 coefficient,0.1188781892350905,1
unrepresented,Complete quadratic,90.900000000000006,Estimated xi^2 coefficient,0.11875578548225743,1
unrepresented,Complete quadratic,91,Estimated xi^2 coefficient,0.11863360046033176,1
unrepresented,Complete quadratic,91.100000000000009,Estimated xi^2 coefficient,0.11851164026702138,1
unrepresented,Complete quadratic,91.200000000000003,Estimated xi^2 coefficient,0.11838991076279144,1
unrepresented,Complete quadratic,91.300000000000011,Estimated xi^2 coefficient,0.11826841757848383,1
unrepresented,Complete quadratic,91.400000000000006,Estimated xi^2 coefficient,0.11814716612268057,1
unrepresented,Complete quadratic,91.5,Estimated xi^2 coefficient,0.11802616158882147,1
unrepresented,Complete quadratic,91.600000000000009,Estimated xi^2 coefficient,0.11790540896208425,1
unrepresented,Complete quadratic,91.700000000000003,Estimated xi^2 coefficient,0.11778491302603587,1
unrepresented,Complete quadratic,91.800000000000011,Estimated xi^2 coefficient,0.11766467836906387,1
unrepresented,Complete quadratic,91.900000000000006,Estimated xi^2 coefficient,0.11754470939059475,1
unrepresented,Complete quadratic,92,Estimated xi^2 coefficient,0.11742501030710795,1
unrepresented,Complete quadratic,92.100000000000009,Estimated xi^2 coefficient,0.11730558515795228,1
unrepresented,Complete quadratic,92.200000000000003,Estimated xi^2 coefficient,0.11718643781097166,1
unrepresented,Complete quadratic,92.300000000000011,Estimated xi^2 coefficient,0.11706757196794733,1
unrepresented,Complete quadratic,92.400000000000006,Estimated xi^2 coefficient,0.11694899116986301,1
unrepresented,Complete quadratic,92.5,Estimated xi^2 coefficient,0.11683069880199917,1
unrepresented,Complete quadratic,92.600000000000009,Estimated xi^2 coefficient,0.11671269809886187,1
unrepresented,Complete quadratic,92.700000000000003,Estimated xi^2 coefficient,0.11659499214895297,1
unrepresented,Complete quadratic,92.800000000000011,Estimated xi^2 coefficient,0.11647758389938656,1
unrepresented,Complete quadratic,92.900000000000006,Estimated xi^2 coefficient,0.1163604761603573,1
unrepresented,Complete quadratic,93,Estimated xi^2 coefficient,0.11624367160946537,1
unrepresented,Complete quadratic,93.100000000000009,Estimated xi^2 coefficient,0.11612717279590343,1
unrepresented,Complete quadratic,93.200000000000003,Estimated xi^2 coefficient,0.11601098214451032,1
unrepresented,Complete quadratic,93.300000000000011,Estimated xi^2 coefficient,0.11589510195969552,1
unrepresented,Complete quadratic,93.400000000000006,Estimated xi^2 coefficient,0.11577953442923958,1
unrepresented,Complete quadratic,93.5,Estimated xi^2 coefficient,0.11566428162797421,1
unrepresented,Complete quadratic,93.600000000000009,Estimated xi^2 coefficient,0.11554934552134614,1
unrepresented,Complete quadratic,93.700000000000003,Estimated xi^2 coefficient,0.11543472796886901,1
unrepresented,Complete quadratic,93.800000000000011,Estimated xi^2 coefficient,0.11532043072746695,1
unrepresented,Complete quadratic,93.900000000000006,Estimated xi^2 coefficient,0.1152064554547132,1
unrepresented,Complete quadratic,94,Estimated xi^2 coefficient,0.11509280371196756,1
unrepresented,Complete quadratic,94.100000000000009,Estimated xi^2 coefficient,0.11497947696741609,1
unrepresented,Complete quadratic,94.200000000000003,Estimated xi^2 coefficient,0.11486647659901619,1
unrepresented,Complete quadratic,94.300000000000011,Estimated xi^2 coefficient,0.11475380389735033,1
unrepresented,Complete quadratic,94.400000000000006,Estimated xi^2 coefficient,0.11464146006839114,1
unrepresented,Complete quadratic,94.5,Estimated xi^2 coefficient,0.11452944623618133,1
unrepresented,Complete quadratic,94.600000000000009,Estimated xi^2 coefficient,0.11441776344543075,1
unrepresented,Complete quadratic,94.700000000000003,Estimated xi^2 coefficient,0.11430641266403353,1
unrepresented,Complete quadratic,94.800000000000011,Estimated xi^2 coefficient,0.11419539478550794,1
unrepresented,Complete quadratic,94.900000000000006,Estimated xi^2 coefficient,0.11408471063136136,1
unrepresented,Complete quadratic,95,Estimated xi^2 coefficient,0.11397436095338295,1
unrepresented,Complete quadratic,95.100000000000009,Estimated xi^2 coefficient,0.11386434643586636,1
unrepresented,Complete quadratic,95.200000000000003,Estimated xi^2 coefficient,0.11375466769776432,1
unrepresented,Complete quadratic,95.300000000000011,Estimated xi^2 coefficient,0.11364532529477817,1
unrepresented,Complete quadratic,95.400000000000006,Estimated xi^2 coefficient,0.11353631972138356,1
unrepresented,Complete quadratic,95.5,Estimated xi^2 coefficient,0.11342765141279497,1
unrepresented,Complete quadratic,95.600000000000009,Estimated xi^2 coefficient,0.11331932074687041,1
unrepresented,Complete quadratic,95.700000000000003,Estimated xi^2 coefficient,0.11321132804595904,1
unrepresented,Complete quadratic,95.800000000000011,Estimated xi^2 coefficient,0.11310367357869262,1
unrepresented,Complete quadratic,95.900000000000006,Estimated xi^2 coefficient,0.11299635756172327,1
unrepresented,Complete quadratic,96,Estimated xi^2 coefficient,0.11288938016140884,1
unrepresented,Complete quadratic,96.100000000000009,Estimated xi^2 coefficient,0.11278274149544781,1
unrepresented,Complete quadratic,96.200000000000003,Estimated xi^2 coefficient,0.11267644163446497,1
unrepresented,Complete quadratic,96.300000000000011,Estimated xi^2 coefficient,0.11257048060354981,1
unrepresented,Complete quadratic,96.400000000000006,Estimated xi^2 coefficient,0.11246485838374899,1
unrepresented,Complete quadratic,96.5,Estimated xi^2 coefficient,0.11235957491351393,1
unrepresented,Complete quadratic,96.600000000000009,Estimated xi^2 coefficient,0.11225463009010553,1
unrepresented,Complete quadratic,96.700000000000003,Estimated xi^2 coefficient,0.11215002377095702,1
unrepresented,Complete quadratic,96.800000000000011,Estimated xi^2 coefficient,0.11204575577499634,1
unrepresented,Complete quadratic,96.900000000000006,Estimated xi^2 coefficient,0.11194182588392894,1
unrepresented,Complete quadratic,97,Estimated xi^2 coefficient,0.11183823384348301,1
unrepresented,Complete quadratic,97.100000000000009,Estimated xi^2 coefficient,0.11173497936461738,1
unrepresented,Complete quadratic,97.200000000000003,Estimated xi^2 coefficient,0.11163206212469404,1
unrepresented,Complete quadratic,97.300000000000011,Estimated xi^2 coefficient,0.1115294817686157,1
unrepresented,Complete quadratic,97.400000000000006,Estimated xi^2 coefficient,0.11142723790992999,1
unrepresented,Complete quadratic,97.5,Estimated xi^2 coefficient,0.11132533013190087,1
unrepresented,Complete quadratic,97.600000000000009,Estimated xi^2 coefficient,0.11122375798854862,1
unrepresented,Complete quadratic,97.700000000000003,Estimated xi^2 coefficient,0.11112252100565925,1
unrepresented,Complete quadratic,97.800000000000011,Estimated xi^2 coefficient,0.11102161868176405,1
unrepresented,Complete quadratic,97.900000000000006,Estimated xi^2 coefficient,0.11092105048909034,1
unrepresented,Complete quadratic,98,Estimated xi^2 coefficient,0.11082081587448454,1
unrepresented,Complete quadratic,98.100000000000009,Estimated xi^2 coefficient,0.11072091426030793,1
unrepresented,Complete quadratic,98.200000000000003,Estimated xi^2 coefficient,0.11062134504530624,1
unrepresented,Complete quadratic,98.300000000000011,Estimated xi^2 coefficient,0.11052210760545352,1
unrepresented,Complete quadratic,98.400000000000006,Estimated xi^2 coefficient,0.11042320129477166,1
unrepresented,Complete quadratic,98.5,Estimated xi^2 coefficient,0.11032462544612572,1
unrepresented,Complete quadratic,98.600000000000009,Estimated xi^2 coefficient,0.11022637937199592,1
unrepresented,Complete quadratic,98.700000000000003,Estimated xi^2 coefficient,0.11012846236522716,1
unrepresented,Complete quadratic,98.800000000000011,Estimated xi^2 coefficient,0.11003087369975674,1
unrepresented,Complete quadratic,98.900000000000006,Estimated xi^2 coefficient,0.10993361263132048,1
unrepresented,Complete quadratic,99,Estimated xi^2 coefficient,0.10983667839813849,1
unrepresented,Complete quadratic,99.100000000000009,Estimated xi^2 coefficient,0.10974007022158089,1
unrepresented,Complete quadratic,99.200000000000003,Estimated xi^2 coefficient,0.10966427092360558,1
unrepresented,Complete quadratic,99.300000000000011,Estimated xi^2 coefficient,0.10955828397933434,1
unrepresented,Complete quadratic,99.400000000000006,Estimated xi^2 coefficient,0.10940960993053563,1
unrepresented,Complete quadratic,99.5,Estimated xi^2 coefficient,0.10914416150483208,1
unrepresented,Complete quadratic,99.600000000000009,Estimated xi^2 coefficient,0.10878925831176572,1
unrepresented,Complete quadratic,99.700000000000003,Estimated xi^2 coefficient,0.10882278944787302,1
unrepresented,Complete quadratic,99.800000000000011,Estimated xi^2 coefficient,0.10565080532696605,1
unrepresented,Complete quadratic,99.900000000000006,Estimated xi^2 coefficient,0.098894484115914241,1
unrepresented,Complete quadratic,100,Estimated xi^2 coefficient,0.093271723422686623,1
unrepresented,Complete quadratic,100.10000000000001,Estimated xi^2 coefficient,0.093282944288910777,1
unrepresented,Complete quadratic,100.2,Estimated xi^2 coefficient,0.092182714498744794,1
unrepresented,Complete quadratic,100.30000000000001,Estimated xi^2 coefficient,0.091005194094456995,1
unrepresented,Complete quadratic,100.40000000000001,Estimated xi^2 coefficient,0.089869266260633393,1
unrepresented,Complete quadratic,100.5,Estimated xi^2 coefficient,0.088806283819227338,1
unrepresented,Complete quadratic,100.60000000000001,Estimated xi^2 coefficient,0.087800846683464454,1
unrepresented,Complete quadratic,100.7,Estimated xi^2 coefficient,0.086840444829386132,1
unrepresented,Complete quadratic,100.80000000000001,Estimated xi^2 coefficient,0.085920598755593949,1
unrepresented,Complete quadratic,100.90000000000001,Estimated xi^2 coefficient,0.085039319802612881,1
unrepresented,Complete quadratic,101,Estimated xi^2 coefficient,0.084194676274841423,1
unrepresented,Complete quadratic,101.10000000000001,Estimated xi^2 coefficient,0.083384548690081745,1
unrepresented,Complete quadratic,101.2,Estimated xi^2 coefficient,0.082606856365356945,1
unrepresented,Complete quadratic,101.30000000000001,Estimated xi^2 coefficient,0.081859676251811189,1
unrepresented,Complete quadratic,101.40000000000001,Estimated xi^2 coefficient,0.081141249150580116,1
unrepresented,Complete quadratic,101.5,Estimated xi^2 coefficient,0.080449955526048167,1
unrepresented,Complete quadratic,101.60000000000001,Estimated xi^2 coefficient,0.079784295896106167,1
unrepresented,Complete quadratic,101.7,Estimated xi^2 coefficient,0.079142878435898081,1
unrepresented,Complete quadratic,101.80000000000001,Estimated xi^2 coefficient,0.078524409751799543,1
unrepresented,Complete quadratic,101.90000000000001,Estimated xi^2 coefficient,0.077927686657332268,1
unrepresented,Complete quadratic,102,Estimated xi^2 coefficient,0.077351588542139887,1
unrepresented,Complete quadratic,102.10000000000001,Estimated xi^2 coefficient,0.076795070401929177,1
unrepresented,Complete quadratic,102.2,Estimated xi^2 coefficient,0.076257156552280089,1
unrepresented,Complete quadratic,102.30000000000001,Estimated xi^2 coefficient,0.075736934969832193,1
unrepresented,Complete quadratic,102.40000000000001,Estimated xi^2 coefficient,0.07523355218486924,1
unrepresented,Complete quadratic,102.5,Estimated xi^2 coefficient,0.074746208658872063,1
unrepresented,Complete quadratic,102.60000000000001,Estimated xi^2 coefficient,0.074274154592758143,1
unrepresented,Complete quadratic,102.7,Estimated xi^2 coefficient,0.073816686119811598,1
unrepresented,Complete quadratic,102.80000000000001,Estimated xi^2 coefficient,0.07337314184297615,1
unrepresented,Complete quadratic,102.90000000000001,Estimated xi^2 coefficient,0.072942899680789722,1
unrepresented,Complete quadratic,103,Estimated xi^2 coefficient,0.072525373990326825,1
unrepresented,Complete quadratic,103.10000000000001,Estimated xi^2 coefficient,0.07212001293915557,1
unrepresented,Complete quadratic,103.2,Estimated xi^2 coefficient,0.071726296101511169,1
unrepresented,Complete quadratic,103.30000000000001,Estimated xi^2 coefficient,0.071343732256675826,1
unrepresented,Complete quadratic,103.40000000000001,Estimated xi^2 coefficient,0.070971857369992106,1
unrepresented,Complete quadratic,103.5,Estimated xi^2 coefficient,0.070610232739072659,1
unrepresented,Complete quadratic,103.60000000000001,Estimated xi^2 coefficient,0.070258443289646408,1
unrepresented,Complete quadratic,103.7,Estimated xi^2 coefficient,0.069916096007134471,1
unrepresented,Complete quadratic,103.80000000000001,Estimated xi^2 coefficient,0.06958281849150709,1
unrepresented,Complete quadratic,103.90000000000001,Estimated xi^2 coefficient,0.069258257624261216,1
unrepresented,Complete quadratic,104,Estimated xi^2 coefficient,0.068942078337498436,1
unrepresented,Complete quadratic,104.10000000000001,Estimated xi^2 coefficient,0.06863396247609399,1
unrepresented,Complete quadratic,104.2,Estimated xi^2 coefficient,0.068333607744844704,1
unrepresented,Complete quadratic,104.30000000000001,Estimated xi^2 coefficient,0.068040726733281834,1
unrepresented,Complete quadratic,104.40000000000001,Estimated xi^2 coefficient,0.067755046011546,1
unrepresented,Complete quadratic,104.5,Estimated xi^2 coefficient,0.067476305291354899,1
unrepresented,Complete quadratic,104.60000000000001,Estimated xi^2 coefficient,0.067204256646661076,1
unrepresented,Complete quadratic,104.7,Estimated xi^2 coefficient,0.06693866378910357,1
unrepresented,Complete quadratic,104.80000000000001,Estimated xi^2 coefficient,0.066679301393810966,1
unrepresented,Complete quadratic,104.90000000000001,Estimated xi^2 coefficient,0.066425954471520471,1
unrepresented,Complete quadratic,105,Estimated xi^2 coefficient,0.066178417783342727,1
unrepresented,Complete quadratic,105.10000000000001,Estimated xi^2 coefficient,0.065936495294831629,1
unrepresented,Complete quadratic,105.2,Estimated xi^2 coefficient,0.065699999666312958,1
unrepresented,Complete quadratic,105.30000000000001,Estimated xi^2 coefficient,0.065468751776693951,1
unrepresented,Complete quadratic,105.40000000000001,Estimated xi^2 coefficient,0.065242580278215279,1
unrepresented,Complete quadratic,105.5,Estimated xi^2 coefficient,0.065021321179825453,1
unrepresented,Complete quadratic,105.60000000000001,Estimated xi^2 coefficient,0.064804817457053784,1
unrepresented,Complete quadratic,105.7,Estimated xi^2 coefficient,0.064592918686436671,1
unrepresented,Complete quadratic,105.80000000000001,Estimated xi^2 coefficient,0.06438548070271316,1
unrepresented,Complete quadratic,105.90000000000001,Estimated xi^2 coefficient,0.064182365277152584,1
unrepresented,Complete quadratic,106,Estimated xi^2 coefficient,0.06398343981551019,1
unrepresented,Complete quadratic,106.10000000000001,Estimated xi^2 coefficient,0.063788577074227804,1
unrepresented,Complete quadratic,106.2,Estimated xi^2 coefficient,0.063597654893606748,1
unrepresented,Complete quadratic,106.30000000000001,Estimated xi^2 coefficient,0.063410555946780786,1
unrepresented,Complete quadratic,106.40000000000001,Estimated xi^2 coefficient,0.063227167503408524,1
unrepresented,Complete quadratic,106.5,Estimated xi^2 coefficient,0.063047381207088193,1
unrepresented,Complete quadratic,106.60000000000001,Estimated xi^2 coefficient,0.062871092865574366,1
unrepresented,Complete quadratic,106.7,Estimated xi^2 coefficient,0.062698202252945978,1
unrepresented,Complete quadratic,106.80000000000001,Estimated xi^2 coefficient,0.062528612922938778,1
unrepresented,Complete quadratic,106.90000000000001,Estimated xi^2 coefficient,0.062362232032714446,1
unrepresented,Complete quadratic,107,Estimated xi^2 coefficient,0.062198970176392081,1
unrepresented,Complete quadratic,107.10000000000001,Estimated xi^2 coefficient,0.062038741227716812,1
unrepresented,Complete quadratic,107.2,Estimated xi^2 coefficient,0.061881462191286235,1
unrepresented,Complete quadratic,107.30000000000001,Estimated xi^2 coefficient,0.061727053061796516,1
unrepresented,Complete quadratic,107.40000000000001,Estimated xi^2 coefficient,0.061575436690808401,1
unrepresented,Complete quadratic,107.5,Estimated xi^2 coefficient,0.061426538660568832,1
unrepresented,Complete quadratic,107.60000000000001,Estimated xi^2 coefficient,0.061280287164456174,1
unrepresented,Complete quadratic,107.7,Estimated xi^2 coefficient,0.061136612893647045,1
unrepresented,Complete quadratic,107.80000000000001,Estimated xi^2 coefficient,0.060995448929630401,1
unrepresented,Complete quadratic,107.90000000000001,Estimated xi^2 coefficient,0.060856730642220122,1
unrepresented,Complete quadratic,108,Estimated xi^2 coefficient,0.060720395592740756,1
unrepresented,Complete quadratic,108.10000000000001,Estimated xi^2 coefficient,0.060586383442083017,1
unrepresented,Complete quadratic,108.2,Estimated xi^2 coefficient,0.060454635863345783,1
unrepresented,Complete quadratic,108.30000000000001,Estimated xi^2 coefficient,0.060325096458799889,1
unrepresented,Complete quadratic,108.40000000000001,Estimated xi^2 coefficient,0.060197710680926567,1
unrepresented,Complete quadratic,108.5,Estimated xi^2 coefficient,0.060072425757299146,1
unrepresented,Complete quadratic,108.60000000000001,Estimated xi^2 coefficient,0.059949190619091597,1
unrepresented,Complete quadratic,108.7,Estimated xi^2 coefficient,0.059827955833011509,1
unrepresented,Complete quadratic,108.80000000000001,Estimated xi^2 coefficient,0.059708673536467596,1
unrepresented,Complete quadratic,108.90000000000001,Estimated xi^2 coefficient,0.059591297375793925,1
unrepresented,Complete quadratic,109,Estimated xi^2 coefficient,0.059475782447364206,1
unrepresented,Complete quadratic,109.10000000000001,Estimated xi^2 coefficient,0.059362085241439599,1
unrepresented,Complete quadratic,109.2,Estimated xi^2 coefficient,0.059250163588603223,1
unrepresented,Complete quadratic,109.30000000000001,Estimated xi^2 coefficient,0.059139976608643625,1
unrepresented,Complete quadratic,109.40000000000001,Estimated xi^2 coefficient,0.059031484661757339,1
unrepresented,Complete quadratic,109.5,Estimated xi^2 coefficient,0.058924649301949156,1
unrepresented,Complete quadratic,109.60000000000001,Estimated xi^2 coefficient,0.058819433232515227,1
unrepresented,Complete quadratic,109.7,Estimated xi^2 coefficient,0.058715800263501365,1
unrepresented,Complete quadratic,109.80000000000001,Estimated xi^2 coefficient,0.058613715271035233,1
unrepresented,Complete quadratic,109.90000000000001,Estimated xi^2 coefficient,0.058513144158436635,1
unrepresented,Complete quadratic,110,Estimated xi^2 coefficient,0.058414053819016147,1
unrepresented,Complete quadratic,110.10000000000001,Estimated xi^2 coefficient,0.058316412100477034,1
unrepresented,Complete quadratic,110.2,Estimated xi^2 coefficient,0.05822018777084069,1
unrepresented,Complete quadratic,110.30000000000001,Estimated xi^2 coefficient,0.058125350485819863,1
unrepresented,Complete quadratic,110.40000000000001,Estimated xi^2 coefficient,0.058031870757568681,1
unrepresented,Complete quadratic,110.5,Estimated xi^2 coefficient,0.057939719924741992,1
unrepresented,Complete quadratic,110.60000000000001,Estimated xi^2 coefficient,0.057848870123800758,1
unrepresented,Complete quadratic,110.7,Estimated xi^2 coefficient,0.057759294261503134,1
unrepresented,Complete quadratic,110.80000000000001,Estimated xi^2 coefficient,0.057670965988524836,1
unrepresented,Complete quadratic,110.90000000000001,Estimated xi^2 coefficient,0.057583859674154851,1
unrepresented,Complete quadratic,111,Estimated xi^2 coefficient,0.057497950382015911,1
unrepresented,Complete quadratic,111.10000000000001,Estimated xi^2 coefficient,0.057413213846761492,1
unrepresented,Complete quadratic,111.2,Estimated xi^2 coefficient,0.057329626451704065,1
unrepresented,Complete quadratic,111.30000000000001,Estimated xi^2 coefficient,0.05724716520733128,1
unrepresented,Complete quadratic,111.40000000000001,Estimated xi^2 coefficient,0.057165807730669427,1
unrepresented,Complete quadratic,111.5,Estimated xi^2 coefficient,0.057085532225455406,1
unrepresented,Complete quadratic,111.60000000000001,Estimated xi^2 coefficient,0.057006317463080491,1
unrepresented,Complete quadratic,111.7,Estimated xi^2 coefficient,0.056928142764271168,1
unrepresented,Complete quadratic,111.80000000000001,Estimated xi^2 coefficient,0.056850987981473915,1
unrepresented,Complete quadratic,111.90000000000001,Estimated xi^2 coefficient,0.056774833481912729,1
unrepresented,Complete quadratic,112,Estimated xi^2 coefficient,0.056699660131289457,1
unrepresented,Complete quadratic,112.10000000000001,Estimated xi^2 coefficient,0.056625449278098899,1
unrepresented,Complete quadratic,112.2,Estimated xi^2 coefficient,0.056552182738531555,1
unrepresented,Complete quadratic,112.30000000000001,Estimated xi^2 coefficient,0.056479842781938773,1
unrepresented,Complete quadratic,112.40000000000001,Estimated xi^2 coefficient,0.056408412116835858,1
unrepresented,Complete quadratic,112.5,Estimated xi^2 coefficient,0.056337873877420071,1
unrepresented,Complete quadratic,112.60000000000001,Estimated xi^2 coefficient,0.056268211610581736,1
unrepresented,Complete quadratic,112.7,Estimated xi^2 coefficient,0.05619940926338729,1
unrepresented,Complete quadratic,112.80000000000001,Estimated xi^2 coefficient,0.05613145117101468,1
unrepresented,Complete quadratic,112.90000000000001,Estimated xi^2 coefficient,0.056064322045121982,1
unrepresented,Complete quadratic,113,Estimated xi^2 coefficient,0.055998006962631262,1
unrepresented,Complete quadratic,113.10000000000001,Estimated xi^2 coefficient,0.055932491354910574,1
unrepresented,Complete quadratic,113.2,Estimated xi^2 coefficient,0.055867760997337569,1
unrepresented,Complete quadratic,113.30000000000001,Estimated xi^2 coefficient,0.055803801999229276,1
unrepresented,Complete quadratic,113.40000000000001,Estimated xi^2 coefficient,0.055740600794123005,1
unrepresented,Complete quadratic,113.5,Estimated xi^2 coefficient,0.055678144130394354,1
unrepresented,Complete quadratic,113.60000000000001,Estimated xi^2 coefficient,0.055616419062198642,1
unrepresented,Complete quadratic,113.7,Estimated xi^2 coefficient,0.055555412940722873,1
unrepresented,Complete quadratic,113.80000000000001,Estimated xi^2 coefficient,0.055495113405735923,1
unrepresented,Complete quadratic,113.90000000000001,Estimated xi^2 coefficient,0.055435508377425093,1
unrepresented,Complete quadratic,114,Estimated xi^2 coefficient,0.055376586048507946,1
unrepresented,Complete quadratic,114.10000000000001,Estimated xi^2 coefficient,0.055318334876608435,1
unrepresented,Complete quadratic,114.2,Estimated xi^2 coefficient,0.055260743576887261,1
unrepresented,Complete quadratic,114.30000000000001,Estimated xi^2 coefficient,0.055203801114916476,1
unrepresented,Complete quadratic,114.40000000000001,Estimated xi^2 coefficient,0.055147496699789057,1
unrepresented,Complete quadratic,114.5,Estimated xi^2 coefficient,0.055091819777454476,1
unrepresented,Complete quadratic,114.60000000000001,Estimated xi^2 coefficient,0.055036760024271526,1
unrepresented,Complete quadratic,114.7,Estimated xi^2 coefficient,0.054982307340770378,1
unrepresented,Complete quadratic,114.80000000000001,Estimated xi^2 coefficient,0.054928451845615865,1
unrepresented,Complete quadratic,114.90000000000001,Estimated xi^2 coefficient,0.054875183869764553,1
unrepresented,Complete quadratic,115,Estimated xi^2 coefficient,0.054822493950808307,1
unrepresented,Complete quadratic,115.10000000000001,Estimated xi^2 coefficient,0.054770372827497513,1
unrepresented,Complete quadratic,115.2,Estimated xi^2 coefficient,0.054718811434437326,1
unrepresented,Complete quadratic,115.30000000000001,Estimated xi^2 coefficient,0.054667800896950558,1
unrepresented,Complete quadratic,115.40000000000001,Estimated xi^2 coefficient,0.054617332526101237,1
unrepresented,Complete quadratic,115.5,Estimated xi^2 coefficient,0.054567397813872882,1
unrepresented,Complete quadratic,115.60000000000001,Estimated xi^2 coefficient,0.054517988428496041,1
unrepresented,Complete quadratic,115.7,Estimated xi^2 coefficient,0.054469096209919625,1
unrepresented,Complete quadratic,115.80000000000001,Estimated xi^2 coefficient,0.054420713165420992,1
unrepresented,Complete quadratic,115.90000000000001,Estimated xi^2 coefficient,0.054372831465349776,1
unrepresented,Complete quadratic,116,Estimated xi^2 coefficient,0.054325443439000823,1
unrepresented,Complete quadratic,116.10000000000001,Estimated xi^2 coefficient,0.05427854157061162,1
unrepresented,Complete quadratic,116.2,Estimated xi^2 coefficient,0.054232118495479861,1
unrepresented,Complete quadratic,116.30000000000001,Estimated xi^2 coefficient,0.054186166996197042,1
unrepresented,Complete quadratic,116.40000000000001,Estimated xi^2 coefficient,0.054140679998993982,1
unrepresented,Complete quadratic,116.5,Estimated xi^2 coefficient,0.054095650570194456,1
unrepresented,Complete quadratic,116.60000000000001,Estimated xi^2 coefficient,0.054051071912773203,1
unrepresented,Complete quadratic,116.7,Estimated xi^2 coefficient,0.05400693736301479,1
unrepresented,Complete quadratic,116.80000000000001,Estimated xi^2 coefficient,0.053963240387269837,1
unrepresented,Complete quadratic,116.90000000000001,Estimated xi^2 coefficient,0.053919974578805409,1
unrepresented,Complete quadratic,117,Estimated xi^2 coefficient,0.053877133654746293,1
unrepresented,Complete quadratic,117.10000000000001,Estimated xi^2 coefficient,0.05383471145310418,1
unrepresented,Complete quadratic,117.2,Estimated xi^2 coefficient,0.053792701929891856,1
unrepresented,Complete quadratic,117.30000000000001,Estimated xi^2 coefficient,0.053751099156319489,1
unrepresented,Complete quadratic,117.40000000000001,Estimated xi^2 coefficient,0.053709897316070364,1
unrepresented,Complete quadratic,117.5,Estimated xi^2 coefficient,0.053669090702653459,1
unrepresented,Complete quadratic,117.60000000000001,Estimated xi^2 coefficient,0.053628673716830333,1
unrepresented,Complete quadratic,117.7,Estimated xi^2 coefficient,0.053588640864113836,1
unrepresented,Complete quadratic,117.80000000000001,Estimated xi^2 coefficient,0.053548986752336519,1
unrepresented,Complete quadratic,117.90000000000001,Estimated xi^2 coefficient,0.053509706089286214,1
unrepresented,Complete quadratic,118,Estimated xi^2 coefficient,0.053470793680406838,1
unrepresented,Complete quadratic,118.10000000000001,Estimated xi^2 coefficient,0.053432244426562296,1
unrepresented,Complete quadratic,118.2,Estimated xi^2 coefficient,0.053394053321861382,1
unrepresented,Complete quadratic,118.30000000000001,Estimated xi^2 coefficient,0.053356215451541844,1
unrepresented,Complete quadratic,118.40000000000001,Estimated xi^2 coefficient,0.05331872598991174,1
unrepresented,Complete quadratic,118.5,Estimated xi^2 coefficient,0.053281580198346203,1
unrepresented,Complete quadratic,118.60000000000001,Estimated xi^2 coefficient,0.053244773423337964,1
unrepresented,Complete quadratic,118.7,Estimated xi^2 coefficient,0.053208301094599973,1
unrepresented,Complete quadratic,118.80000000000001,Estimated xi^2 coefficient,0.053172158723218399,1
unrepresented,Complete quadratic,118.90000000000001,Estimated xi^2 coefficient,0.053136341899854597,1
unrepresented,Complete quadratic,119,Estimated xi^2 coefficient,0.053100846292994344,1
unrepresented,Complete quadratic,119.10000000000001,Estimated xi^2 coefficient,0.0530656676472432,1
unrepresented,Complete quadratic,119.2,Estimated xi^2 coefficient,0.053030801781666213,1
unrepresented,Complete quadratic,119.30000000000001,Estimated xi^2 coefficient,0.052996244588170947,1
unrepresented,Complete quadratic,119.40000000000001,Estimated xi^2 coefficient,0.052961992029932362,1
unrepresented,Complete quadratic,119.5,Estimated xi^2 coefficient,0.052928040139858315,1
unrepresented,Complete quadratic,119.60000000000001,Estimated xi^2 coefficient,0.052894385019094443,1
unrepresented,Complete quadratic,119.7,Estimated xi^2 coefficient,0.052861022835567338,1
unrepresented,Complete quadratic,119.80000000000001,Estimated xi^2 coefficient,0.052827949822564821,1
unrepresented,Complete quadratic,119.90000000000001,Estimated xi^2 coefficient,0.052795162277352162,1
unrepresented,Affine,45,Common-grid prediction RMSE,1.1232343663570905e-05,1
unrepresented,Affine,46,Common-grid prediction RMSE,1.1283145965600953e-05,1
unrepresented,Affine,47,Common-grid prediction RMSE,1.1333705173362235e-05,1
unrepresented,Affine,48,Common-grid prediction RMSE,1.1383592318223331e-05,1
unrepresented,Affine,49,Common-grid prediction RMSE,1.1432509864461517e-05,1
unrepresented,Affine,50,Common-grid prediction RMSE,0.036068127398450799,2
unrepresented,Affine,51,Common-grid prediction RMSE,0.033992419806168454,2
unrepresented,Affine,52,Common-grid prediction RMSE,0.031340729164601559,2
unrepresented,Affine,53,Common-grid prediction RMSE,0.028426344452482089,2
unrepresented,Affine,54,Common-grid prediction RMSE,0.025468426076666738,2
unrepresented,Affine,55,Common-grid prediction RMSE,0.022773835597345266,2
unrepresented,Affine,56,Common-grid prediction RMSE,0.020681888184753253,2
unrepresented,Affine,57,Common-grid prediction RMSE,0.019505770266634324,2
unrepresented,Affine,58,Common-grid prediction RMSE,0.019159089930182147,2
unrepresented,Affine,59,Common-grid prediction RMSE,0.019308919252927572,2
unrepresented,Affine,60,Common-grid prediction RMSE,0.019349947103736945,2
unrepresented,Affine,61,Common-grid prediction RMSE,0.017642819553308389,2
unrepresented,Affine,62,Common-grid prediction RMSE,0.017821385032714548,2
unrepresented,Affine,63,Common-grid prediction RMSE,0.018437428784537389,2
unrepresented,Affine,64,Common-grid prediction RMSE,0.019217463028875018,2
unrepresented,Affine,65,Common-grid prediction RMSE,0.020031937951568036,2
unrepresented,Affine,66,Common-grid prediction RMSE,0.020822741283333713,2
unrepresented,Affine,67,Common-grid prediction RMSE,0.021565927156344915,2
unrepresented,Affine,68,Common-grid prediction RMSE,0.022253660982308764,2
unrepresented,Affine,69,Common-grid prediction RMSE,0.02288557339053824,2
unrepresented,Affine,70,Common-grid prediction RMSE,0.023464599455397781,2
unrepresented,Affine,71,Common-grid prediction RMSE,0.023994966106708177,2
unrepresented,Affine,72,Common-grid prediction RMSE,0.024481223808818134,2
unrepresented,Affine,73,Common-grid prediction RMSE,0.024927793534895645,2
unrepresented,Affine,74,Common-grid prediction RMSE,0.025338770424911138,2
unrepresented,Affine,75,Common-grid prediction RMSE,0.025717855156848077,2
unrepresented,Affine,76,Common-grid prediction RMSE,0.026068347701134229,2
unrepresented,Affine,77,Common-grid prediction RMSE,0.02639317003617999,2
unrepresented,Affine,78,Common-grid prediction RMSE,0.026694900717110483,2
unrepresented,Affine,79,Common-grid prediction RMSE,0.026975812651440452,2
unrepresented,Affine,80,Common-grid prediction RMSE,0.023680205871756666,2
unrepresented,Affine,81,Common-grid prediction RMSE,0.021797470543311319,2
unrepresented,Affine,82,Common-grid prediction RMSE,0.022531917986216524,2
unrepresented,Affine,83,Common-grid prediction RMSE,0.023237864472508238,2
unrepresented,Affine,84,Common-grid prediction RMSE,0.023910168417931036,2
unrepresented,Affine,85,Common-grid prediction RMSE,0.024546990167120877,2
unrepresented,Affine,86,Common-grid prediction RMSE,0.025148370639313342,2
unrepresented,Affine,87,Common-grid prediction RMSE,0.025715403617085547,2
unrepresented,Affine,88,Common-grid prediction RMSE,0.026249740352865203,2
unrepresented,Affine,89,Common-grid prediction RMSE,0.026753293337782744,2
unrepresented,Affine,90,Common-grid prediction RMSE,0.027228060395258359,2
unrepresented,Affine,91,Common-grid prediction RMSE,0.02767602197820334,2
unrepresented,Affine,92,Common-grid prediction RMSE,0.028099083209381859,2
unrepresented,Affine,93,Common-grid prediction RMSE,0.028499043300486877,2
unrepresented,Affine,94,Common-grid prediction RMSE,0.028877581660168374,2
unrepresented,Affine,95,Common-grid prediction RMSE,0.029236254063176315,2
unrepresented,Affine,96,Common-grid prediction RMSE,0.029576494751122943,2
unrepresented,Affine,97,Common-grid prediction RMSE,0.029899621887736694,2
unrepresented,Affine,98,Common-grid prediction RMSE,0.030206844763485775,2
unrepresented,Affine,99,Common-grid prediction RMSE,0.030499271757432219,2
unrepresented,Affine,100,Common-grid prediction RMSE,0.029688576662164998,2
unrepresented,Affine,101,Common-grid prediction RMSE,0.029413274594096653,2
unrepresented,Affine,102,Common-grid prediction RMSE,0.029410430426697009,2
unrepresented,Affine,103,Common-grid prediction RMSE,0.029407708395154476,2
unrepresented,Affine,104,Common-grid prediction RMSE,0.029405099541129812,2
unrepresented,Affine,105,Common-grid prediction RMSE,0.029402597133492973,2
unrepresented,Affine,106,Common-grid prediction RMSE,0.0294001949513919,2
unrepresented,Affine,107,Common-grid prediction RMSE,0.029397887237662231,2
unrepresented,Affine,108,Common-grid prediction RMSE,0.029395668657290631,2
unrepresented,Affine,109,Common-grid prediction RMSE,0.02939353426019007,2
unrepresented,Affine,110,Common-grid prediction RMSE,0.029391479447783014,2
unrepresented,Affine,111,Common-grid prediction RMSE,0.029389499942948757,2
unrepresented,Affine,112,Common-grid prediction RMSE,0.029387591762954888,2
unrepresented,Affine,113,Common-grid prediction RMSE,0.029385751195034466,2
unrepresented,Affine,114,Common-grid prediction RMSE,0.029383974774317385,2
unrepresented,Affine,115,Common-grid prediction RMSE,0.029382259263858037,2
unrepresented,Affine,116,Common-grid prediction RMSE,0.029380601636535129,2
unrepresented,Affine,117,Common-grid prediction RMSE,0.0293789990586216,2
unrepresented,Affine,118,Common-grid prediction RMSE,0.02937744887485343,2
unrepresented,Affine,119,Common-grid prediction RMSE,0.029375948594839073,2
unrepresented,Augmented affine,45,Common-grid prediction RMSE,2.3127113406651651e-05,1
unrepresented,Augmented affine,46,Common-grid prediction RMSE,2.3274549515081124e-05,1
unrepresented,Augmented affine,47,Common-grid prediction RMSE,2.3401150765901464e-05,1
unrepresented,Augmented affine,48,Common-grid prediction RMSE,2.3511033833215766e-05,1
unrepresented,Augmented affine,49,Common-grid prediction RMSE,2.3607299866088608e-05,1
unrepresented,Augmented affine,50,Common-grid prediction RMSE,0.036071499330642159,2
unrepresented,Augmented affine,51,Common-grid prediction RMSE,0.035277456042307379,2
unrepresented,Augmented affine,52,Common-grid prediction RMSE,0.03473952621790112,2
unrepresented,Augmented affine,53,Common-grid prediction RMSE,0.034644396208396308,2
unrepresented,Augmented affine,54,Common-grid prediction RMSE,0.034922534710321466,2
unrepresented,Augmented affine,55,Common-grid prediction RMSE,0.035411140689962671,2
unrepresented,Augmented affine,56,Common-grid prediction RMSE,0.035936930272402912,2
unrepresented,Augmented affine,57,Common-grid prediction RMSE,0.036444831952701429,2
unrepresented,Augmented affine,58,Common-grid prediction RMSE,0.036916804694844145,2
unrepresented,Augmented affine,59,Common-grid prediction RMSE,0.037348698318454457,2
unrepresented,Augmented affine,60,Common-grid prediction RMSE,0.036551941203821714,2
unrepresented,Augmented affine,61,Common-grid prediction RMSE,0.03501503810570214,2
unrepresented,Augmented affine,62,Common-grid prediction RMSE,0.032969757881633782,2
unrepresented,Augmented affine,63,Common-grid prediction RMSE,0.031403900519140666,2
unrepresented,Augmented affine,64,Common-grid prediction RMSE,0.030389384920581585,2
unrepresented,Augmented affine,65,Common-grid prediction RMSE,0.029746088027119325,2
unrepresented,Augmented affine,66,Common-grid prediction RMSE,0.029353984754908812,2
unrepresented,Augmented affine,67,Common-grid prediction RMSE,0.029133372089621159,2
unrepresented,Augmented affine,68,Common-grid prediction RMSE,0.02903050714285868,2
unrepresented,Augmented affine,69,Common-grid prediction RMSE,0.029008692262459886,2
unrepresented,Augmented affine,70,Common-grid prediction RMSE,0.029042595559382545,2
unrepresented,Augmented affine,71,Common-grid prediction RMSE,0.029114564964664073,2
unrepresented,Augmented affine,72,Common-grid prediction RMSE,0.02921220023219016,2
unrepresented,Augmented affine,73,Common-grid prediction RMSE,0.029326732528490454,2
unrepresented,Augmented affine,74,Common-grid prediction RMSE,0.029451929838839399,2
unrepresented,Augmented affine,75,Common-grid prediction RMSE,0.029583349068246126,2
unrepresented,Augmented affine,76,Common-grid prediction RMSE,0.029717819453736374,2
unrepresented,Augmented affine,77,Common-grid prediction RMSE,0.029853082064347971,2
unrepresented,Augmented affine,78,Common-grid prediction RMSE,0.029987535784308589,2
unrepresented,Augmented affine,79,Common-grid prediction RMSE,0.030120056705016131,2
unrepresented,Augmented affine,80,Common-grid prediction RMSE,0.027459298158873924,2
unrepresented,Augmented affine,81,Common-grid prediction RMSE,0.02535772973767763,2
unrepresented,Augmented affine,82,Common-grid prediction RMSE,0.025015590117317209,2
unrepresented,Augmented affine,83,Common-grid prediction RMSE,0.024911512680603015,2
unrepresented,Augmented affine,84,Common-grid prediction RMSE,0.02498374859039456,2
unrepresented,Augmented affine,85,Common-grid prediction RMSE,0.025184269986900491,2
unrepresented,Augmented affine,86,Common-grid prediction RMSE,0.025476115831655634,2
unrepresented,Augmented affine,87,Common-grid prediction RMSE,0.025831241821424641,2
unrepresented,Augmented affine,88,Common-grid prediction RMSE,0.026228606539200314,2
unrepresented,Augmented affine,89,Common-grid prediction RMSE,0.026652564368377412,2
unrepresented,Augmented affine,90,Common-grid prediction RMSE,0.027091571701258574,2
unrepresented,Augmented affine,91,Common-grid prediction RMSE,0.027537175369789259,2
unrepresented,Augmented affine,92,Common-grid prediction RMSE,0.027983237087404203,2
unrepresented,Augmented affine,93,Common-grid prediction RMSE,0.028425346306310509,2
unrepresented,Augmented affine,94,Common-grid prediction RMSE,0.028860379123761125,2
unrepresented,Augmented affine,95,Common-grid prediction RMSE,0.029286168311636648,2
unrepresented,Augmented affine,96,Common-grid prediction RMSE,0.029701256938954902,2
unrepresented,Augmented affine,97,Common-grid prediction RMSE,0.03010471447040124,2
unrepresented,Augmented affine,98,Common-grid prediction RMSE,0.030495999410756678,2
unrepresented,Augmented affine,99,Common-grid prediction RMSE,0.03087485659562959,2
unrepresented,Augmented affine,100,Common-grid prediction RMSE,0.030191234182724135,2
unrepresented,Augmented affine,101,Common-grid prediction RMSE,0.030035401155234516,2
unrepresented,Augmented affine,102,Common-grid prediction RMSE,0.030057464075602579,2
unrepresented,Augmented affine,103,Common-grid prediction RMSE,0.030095117707106045,2
unrepresented,Augmented affine,104,Common-grid prediction RMSE,0.030137019332525612,2
unrepresented,Augmented affine,105,Common-grid prediction RMSE,0.030178497518257137,2
unrepresented,Augmented affine,106,Common-grid prediction RMSE,0.030217674511401393,2
unrepresented,Augmented affine,107,Common-grid prediction RMSE,0.030253898123730541,2
unrepresented,Augmented affine,108,Common-grid prediction RMSE,0.030287062944425399,2
unrepresented,Augmented affine,109,Common-grid prediction RMSE,0.03031730246140904,2
unrepresented,Augmented affine,110,Common-grid prediction RMSE,0.03034484532957199,2
unrepresented,Augmented affine,111,Common-grid prediction RMSE,0.030369947629119064,2
unrepresented,Augmented affine,112,Common-grid prediction RMSE,0.030392861463223265,2
unrepresented,Augmented affine,113,Common-grid prediction RMSE,0.030413821286091085,2
unrepresented,Augmented affine,114,Common-grid prediction RMSE,0.030433038934505972,2
unrepresented,Augmented affine,115,Common-grid prediction RMSE,0.030450702876931631,2
unrepresented,Augmented affine,116,Common-grid prediction RMSE,0.030466979417238197,2
unrepresented,Augmented affine,117,Common-grid prediction RMSE,0.030482014706543489,2
unrepresented,Augmented affine,118,Common-grid prediction RMSE,0.030495936988059361,2
unrepresented,Augmented affine,119,Common-grid prediction RMSE,0.030508858795752568,2
unrepresented,Complete quadratic,45,Common-grid prediction RMSE,6.5233914865399207e-05,1
unrepresented,Complete quadratic,46,Common-grid prediction RMSE,6.5334080089778662e-05,1
unrepresented,Complete quadratic,47,Common-grid prediction RMSE,6.5418504808612503e-05,1
unrepresented,Complete quadratic,48,Common-grid prediction RMSE,6.5490629098719392e-05,1
unrepresented,Complete quadratic,49,Common-grid prediction RMSE,6.5552958668859139e-05,1
unrepresented,Complete quadratic,50,Common-grid prediction RMSE,0.03607411816967189,2
unrepresented,Complete quadratic,51,Common-grid prediction RMSE,0.03870332146459101,2
unrepresented,Complete quadratic,52,Common-grid prediction RMSE,0.04723689372603801,2
unrepresented,Complete quadratic,53,Common-grid prediction RMSE,0.057482981171297645,2
unrepresented,Complete quadratic,54,Common-grid prediction RMSE,0.0666676131157177,2
unrepresented,Complete quadratic,55,Common-grid prediction RMSE,0.07374495870501202,2
unrepresented,Complete quadratic,56,Common-grid prediction RMSE,0.079331456287282637,2
unrepresented,Complete quadratic,57,Common-grid prediction RMSE,0.083856153921492094,2
unrepresented,Complete quadratic,58,Common-grid prediction RMSE,0.087601005922487138,2
unrepresented,Complete quadratic,59,Common-grid prediction RMSE,0.090756200976336493,2
unrepresented,Complete quadratic,60,Common-grid prediction RMSE,0.080862302366417907,2
unrepresented,Complete quadratic,61,Common-grid prediction RMSE,0.080009222785186587,2
unrepresented,Complete quadratic,62,Common-grid prediction RMSE,0.07712885805645299,2
unrepresented,Complete quadratic,63,Common-grid prediction RMSE,0.074757317363343678,2
unrepresented,Complete quadratic,64,Common-grid prediction RMSE,0.073142788975742168,2
unrepresented,Complete quadratic,65,Common-grid prediction RMSE,0.072268106698999704,2
unrepresented,Complete quadratic,66,Common-grid prediction RMSE,0.071849018915436574,2
unrepresented,Complete quadratic,67,Common-grid prediction RMSE,0.071713542054560431,2
unrepresented,Complete quadratic,68,Common-grid prediction RMSE,0.071756709470560537,2
unrepresented,Complete quadratic,69,Common-grid prediction RMSE,0.071912572994728099,2
unrepresented,Complete quadratic,70,Common-grid prediction RMSE,0.07213875578584697,2
unrepresented,Complete quadratic,71,Common-grid prediction RMSE,0.072407555574154764,2
unrepresented,Complete quadratic,72,Common-grid prediction RMSE,0.07270063646549689,2
unrepresented,Complete quadratic,73,Common-grid prediction RMSE,0.073005766446722839,2
unrepresented,Complete quadratic,74,Common-grid prediction RMSE,0.073314760781579322,2
unrepresented,Complete quadratic,75,Common-grid prediction RMSE,0.07362215697801941,2
unrepresented,Complete quadratic,76,Common-grid prediction RMSE,0.073924344808425413,2
unrepresented,Complete quadratic,77,Common-grid prediction RMSE,0.074218985660904901,2
unrepresented,Complete quadratic,78,Common-grid prediction RMSE,0.074504619451922285,2
unrepresented,Complete quadratic,79,Common-grid prediction RMSE,0.074780395234702993,2
unrepresented,Complete quadratic,80,Common-grid prediction RMSE,0.073709298508259677,2
unrepresented,Complete quadratic,81,Common-grid prediction RMSE,0.074206574137099066,2
unrepresented,Complete quadratic,82,Common-grid prediction RMSE,0.073637699521144934,2
unrepresented,Complete quadratic,83,Common-grid prediction RMSE,0.073072607908778564,2
unrepresented,Complete quadratic,84,Common-grid prediction RMSE,0.072523854884389699,2
unrepresented,Complete quadratic,85,Common-grid prediction RMSE,0.07199382182133407,2
unrepresented,Complete quadratic,86,Common-grid prediction RMSE,0.071484155962155266,2
unrepresented,Complete quadratic,87,Common-grid prediction RMSE,0.07099577110468519,2
unrepresented,Complete quadratic,88,Common-grid prediction RMSE,0.070528979056174515,2
unrepresented,Complete quadratic,89,Common-grid prediction RMSE,0.070083638776631138,2
unrepresented,Complete quadratic,90,Common-grid prediction RMSE,0.0696592875540335,2
unrepresented,Complete quadratic,91,Common-grid prediction RMSE,0.069255245711692393,2
unrepresented,Complete quadratic,92,Common-grid prediction RMSE,0.068870696124847017,2
unrepresented,Complete quadratic,93,Common-grid prediction RMSE,0.06850474277093048,2
unrepresented,Complete quadratic,94,Common-grid prediction RMSE,0.068156452857294894,2
unrepresented,Complete quadratic,95,Common-grid prediction RMSE,0.067824886499076573,2
unrepresented,Complete quadratic,96,Common-grid prediction RMSE,0.067509117146278941,2
unrepresented,Complete quadratic,97,Common-grid prediction RMSE,0.067208245230022806,2
unrepresented,Complete quadratic,98,Common-grid prediction RMSE,0.066921406891316412,2
unrepresented,Complete quadratic,99,Common-grid prediction RMSE,0.066647779178605149,2
unrepresented,Complete quadratic,100,Common-grid prediction RMSE,0.054416400444259064,2
unrepresented,Complete quadratic,101,Common-grid prediction RMSE,0.050726731885531146,2
unrepresented,Complete quadratic,102,Common-grid prediction RMSE,0.048067650465633348,2
unrepresented,Complete quadratic,103,Common-grid prediction RMSE,0.046259752234275121,2
unrepresented,Complete quadratic,104,Common-grid prediction RMSE,0.04495804875240543,2
unrepresented,Complete quadratic,105,Common-grid prediction RMSE,0.043979852156473417,2
unrepresented,Complete quadratic,106,Common-grid prediction RMSE,0.043220006655190164,2
unrepresented,Complete quadratic,107,Common-grid prediction RMSE,0.042613990149382754,2
unrepresented,Complete quadratic,108,Common-grid prediction RMSE,0.042120155862279754,2
unrepresented,Complete quadratic,109,Common-grid prediction RMSE,0.041710492158717839,2
unrepresented,Complete quadratic,110,Common-grid prediction RMSE,0.041365503783284949,2
unrepresented,Complete quadratic,111,Common-grid prediction RMSE,0.041071226284440591,2
unrepresented,Complete quadratic,112,Common-grid prediction RMSE,0.040817407784909568,2
unrepresented,Complete quadratic,113,Common-grid prediction RMSE,0.040596360212141622,2
unrepresented,Complete quadratic,114,Common-grid prediction RMSE,0.040402210136556663,2
unrepresented,Complete quadratic,115,Common-grid prediction RMSE,0.040230396540642761,2
unrepresented,Complete quadratic,116,Common-grid prediction RMSE,0.040077325859886236,2
unrepresented,Complete quadratic,117,Common-grid prediction RMSE,0.039940129897581535,2
unrepresented,Complete quadratic,118,Common-grid prediction RMSE,0.039816492643857351,2
unrepresented,Complete quadratic,119,Common-grid prediction RMSE,0.039704524234460796,2
