campaign,model,trial,noise,fittingTransitions,evaluationQueries,finiteQueries,predictionRMS,parameterScaledPercent,runId,configuration,descriptiveModel
"P06","A",0,0,200,600,600,0.017839580097310584,NaN,"R_double_A_000","R_double","Affine"
"P06","A",1,1,200,600,600,0.017954743640245508,NaN,"R_double_A_001","R_double","Affine"
"P06","A",2,1,200,600,600,0.017800615837127106,NaN,"R_double_A_002","R_double","Affine"
"P06","A",3,1,200,600,600,0.017797298736078736,NaN,"R_double_A_003","R_double","Affine"
"P06","A",4,1,200,600,600,0.017921246951377191,NaN,"R_double_A_004","R_double","Affine"
"P06","A",5,1,200,600,600,0.017804524892880817,NaN,"R_double_A_005","R_double","Affine"
"P06","A",6,1,200,600,600,0.017865241586995421,NaN,"R_double_A_006","R_double","Affine"
"P06","A",7,1,200,600,600,0.017879810759921164,NaN,"R_double_A_007","R_double","Affine"
"P06","A",8,1,200,600,600,0.017867741113204917,NaN,"R_double_A_008","R_double","Affine"
"P06","A",9,1,200,600,600,0.017834737748571462,NaN,"R_double_A_009","R_double","Affine"
"P06","A",10,1,200,600,600,0.017860694399553657,NaN,"R_double_A_010","R_double","Affine"
"P06","A",11,1,200,600,600,0.017801122608580602,NaN,"R_double_A_011","R_double","Affine"
"P06","A",12,1,200,600,600,0.017785277180997414,NaN,"R_double_A_012","R_double","Affine"
"P06","A",13,1,200,600,600,0.017820091698010406,NaN,"R_double_A_013","R_double","Affine"
"P06","A",14,1,200,600,600,0.017841980260789717,NaN,"R_double_A_014","R_double","Affine"
"P06","A",15,1,200,600,600,0.017915366427026454,NaN,"R_double_A_015","R_double","Affine"
"P06","A",16,1,200,600,600,0.017914070506008947,NaN,"R_double_A_016","R_double","Affine"
"P06","A",17,1,200,600,600,0.017804000849906805,NaN,"R_double_A_017","R_double","Affine"
"P06","A",18,1,200,600,600,0.017836924056647354,NaN,"R_double_A_018","R_double","Affine"
"P06","A",19,1,200,600,600,0.017924633935890069,NaN,"R_double_A_019","R_double","Affine"
"P06","A",20,1,200,600,600,0.01781449876584619,NaN,"R_double_A_020","R_double","Affine"
"P06","A",21,1,200,600,600,0.017953545888485804,NaN,"R_double_A_021","R_double","Affine"
"P06","A",22,1,200,600,600,0.017865130896673614,NaN,"R_double_A_022","R_double","Affine"
"P06","A",23,1,200,600,600,0.017905389171869939,NaN,"R_double_A_023","R_double","Affine"
"P06","A",24,1,200,600,600,0.017831396776881288,NaN,"R_double_A_024","R_double","Affine"
"P06","A",25,1,200,600,600,0.017872869289625549,NaN,"R_double_A_025","R_double","Affine"
"P06","A",26,1,200,600,600,0.017849027538302326,NaN,"R_double_A_026","R_double","Affine"
"P06","A",27,1,200,600,600,0.01780061315213588,NaN,"R_double_A_027","R_double","Affine"
"P06","A",28,1,200,600,600,0.017858788901337658,NaN,"R_double_A_028","R_double","Affine"
"P06","A",29,1,200,600,600,0.017918412898297355,NaN,"R_double_A_029","R_double","Affine"
"P06","A",30,1,200,600,600,0.017874100690145153,NaN,"R_double_A_030","R_double","Affine"
"P06","A",31,1,200,600,600,0.017871923077739996,NaN,"R_double_A_031","R_double","Affine"
"P06","A",32,1,200,600,600,0.017805092373536648,NaN,"R_double_A_032","R_double","Affine"
"P06","A",33,1,200,600,600,0.017914500570651196,NaN,"R_double_A_033","R_double","Affine"
"P06","A",34,1,200,600,600,0.017788683524828163,NaN,"R_double_A_034","R_double","Affine"
"P06","A",35,1,200,600,600,0.017847669350491945,NaN,"R_double_A_035","R_double","Affine"
"P06","A",36,1,200,600,600,0.017777935662177693,NaN,"R_double_A_036","R_double","Affine"
"P06","A",37,1,200,600,600,0.017855521947586477,NaN,"R_double_A_037","R_double","Affine"
"P06","A",38,1,200,600,600,0.017779493280633912,NaN,"R_double_A_038","R_double","Affine"
"P06","A",39,1,200,600,600,0.017857068903248507,NaN,"R_double_A_039","R_double","Affine"
"P06","A",40,1,200,600,600,0.017870056186452769,NaN,"R_double_A_040","R_double","Affine"
"P06","K",0,0,200,600,600,2.8249906561004068e-17,NaN,"R_double_K_000","R_double","Known-model reference"
"P06","K",1,1,200,600,600,2.8249906561004068e-17,NaN,"R_double_K_001","R_double","Known-model reference"
"P06","K",2,1,200,600,600,2.8249906561004068e-17,NaN,"R_double_K_002","R_double","Known-model reference"
"P06","K",3,1,200,600,600,2.8249906561004068e-17,NaN,"R_double_K_003","R_double","Known-model reference"
"P06","K",4,1,200,600,600,2.8249906561004068e-17,NaN,"R_double_K_004","R_double","Known-model reference"
"P06","K",5,1,200,600,600,2.8249906561004068e-17,NaN,"R_double_K_005","R_double","Known-model reference"
"P06","K",6,1,200,600,600,2.8249906561004068e-17,NaN,"R_double_K_006","R_double","Known-model reference"
"P06","K",7,1,200,600,600,2.8249906561004068e-17,NaN,"R_double_K_007","R_double","Known-model reference"
"P06","K",8,1,200,600,600,2.8249906561004068e-17,NaN,"R_double_K_008","R_double","Known-model reference"
"P06","K",9,1,200,600,600,2.8249906561004068e-17,NaN,"R_double_K_009","R_double","Known-model reference"
"P06","K",10,1,200,600,600,2.8249906561004068e-17,NaN,"R_double_K_010","R_double","Known-model reference"
"P06","K",11,1,200,600,600,2.8249906561004068e-17,NaN,"R_double_K_011","R_double","Known-model reference"
"P06","K",12,1,200,600,600,2.8249906561004068e-17,NaN,"R_double_K_012","R_double","Known-model reference"
"P06","K",13,1,200,600,600,2.8249906561004068e-17,NaN,"R_double_K_013","R_double","Known-model reference"
"P06","K",14,1,200,600,600,2.8249906561004068e-17,NaN,"R_double_K_014","R_double","Known-model reference"
"P06","K",15,1,200,600,600,2.8249906561004068e-17,NaN,"R_double_K_015","R_double","Known-model reference"
"P06","K",16,1,200,600,600,2.8249906561004068e-17,NaN,"R_double_K_016","R_double","Known-model reference"
"P06","K",17,1,200,600,600,2.8249906561004068e-17,NaN,"R_double_K_017","R_double","Known-model reference"
"P06","K",18,1,200,600,600,2.8249906561004068e-17,NaN,"R_double_K_018","R_double","Known-model reference"
"P06","K",19,1,200,600,600,2.8249906561004068e-17,NaN,"R_double_K_019","R_double","Known-model reference"
"P06","K",20,1,200,600,600,2.8249906561004068e-17,NaN,"R_double_K_020","R_double","Known-model reference"
"P06","K",21,1,200,600,600,2.8249906561004068e-17,NaN,"R_double_K_021","R_double","Known-model reference"
"P06","K",22,1,200,600,600,2.8249906561004068e-17,NaN,"R_double_K_022","R_double","Known-model reference"
"P06","K",23,1,200,600,600,2.8249906561004068e-17,NaN,"R_double_K_023","R_double","Known-model reference"
"P06","K",24,1,200,600,600,2.8249906561004068e-17,NaN,"R_double_K_024","R_double","Known-model reference"
"P06","K",25,1,200,600,600,2.8249906561004068e-17,NaN,"R_double_K_025","R_double","Known-model reference"
"P06","K",26,1,200,600,600,2.8249906561004068e-17,NaN,"R_double_K_026","R_double","Known-model reference"
"P06","K",27,1,200,600,600,2.8249906561004068e-17,NaN,"R_double_K_027","R_double","Known-model reference"
"P06","K",28,1,200,600,600,2.8249906561004068e-17,NaN,"R_double_K_028","R_double","Known-model reference"
"P06","K",29,1,200,600,600,2.8249906561004068e-17,NaN,"R_double_K_029","R_double","Known-model reference"
"P06","K",30,1,200,600,600,2.8249906561004068e-17,NaN,"R_double_K_030","R_double","Known-model reference"
"P06","K",31,1,200,600,600,2.8249906561004068e-17,NaN,"R_double_K_031","R_double","Known-model reference"
"P06","K",32,1,200,600,600,2.8249906561004068e-17,NaN,"R_double_K_032","R_double","Known-model reference"
"P06","K",33,1,200,600,600,2.8249906561004068e-17,NaN,"R_double_K_033","R_double","Known-model reference"
"P06","K",34,1,200,600,600,2.8249906561004068e-17,NaN,"R_double_K_034","R_double","Known-model reference"
"P06","K",35,1,200,600,600,2.8249906561004068e-17,NaN,"R_double_K_035","R_double","Known-model reference"
"P06","K",36,1,200,600,600,2.8249906561004068e-17,NaN,"R_double_K_036","R_double","Known-model reference"
"P06","K",37,1,200,600,600,2.8249906561004068e-17,NaN,"R_double_K_037","R_double","Known-model reference"
"P06","K",38,1,200,600,600,2.8249906561004068e-17,NaN,"R_double_K_038","R_double","Known-model reference"
"P06","K",39,1,200,600,600,2.8249906561004068e-17,NaN,"R_double_K_039","R_double","Known-model reference"
"P06","K",40,1,200,600,600,2.8249906561004068e-17,NaN,"R_double_K_040","R_double","Known-model reference"
"P06","P2",0,0,200,600,600,0.00012383922521795135,0.096700695179609469,"R_double_P2_000","R_double","Complete quadratic"
"P06","P2",1,1,200,600,600,0.0012139575494383354,0.28806699273898112,"R_double_P2_001","R_double","Complete quadratic"
"P06","P2",2,1,200,600,600,0.00066954069995666776,0.47077812158107385,"R_double_P2_002","R_double","Complete quadratic"
"P06","P2",3,1,200,600,600,0.0010335874064655887,0.29193397138325711,"R_double_P2_003","R_double","Complete quadratic"
"P06","P2",4,1,200,600,600,0.0010169356483132543,0.2973799020560568,"R_double_P2_004","R_double","Complete quadratic"
"P06","P2",5,1,200,600,600,0.00068652529798572854,0.34420771106545112,"R_double_P2_005","R_double","Complete quadratic"
"P06","P2",6,1,200,600,600,0.00099703173625458551,0.61126893872995647,"R_double_P2_006","R_double","Complete quadratic"
"P06","P2",7,1,200,600,600,0.00078862379569327506,0.26298497141098004,"R_double_P2_007","R_double","Complete quadratic"
"P06","P2",8,1,200,600,600,0.00093837231426196544,0.77347948107034348,"R_double_P2_008","R_double","Complete quadratic"
"P06","P2",9,1,200,600,600,0.0011209473877904022,0.75509032882791205,"R_double_P2_009","R_double","Complete quadratic"
"P06","P2",10,1,200,600,600,0.00092170581074008627,0.42455537268112947,"R_double_P2_010","R_double","Complete quadratic"
"P06","P2",11,1,200,600,600,0.0016435846480897644,0.9332733982693755,"R_double_P2_011","R_double","Complete quadratic"
"P06","P2",12,1,200,600,600,0.0010021408840396812,0.47226065296111841,"R_double_P2_012","R_double","Complete quadratic"
"P06","P2",13,1,200,600,600,0.00086990257935239427,0.68807773595303445,"R_double_P2_013","R_double","Complete quadratic"
"P06","P2",14,1,200,600,600,0.00093919166593800247,0.37139789418363456,"R_double_P2_014","R_double","Complete quadratic"
"P06","P2",15,1,200,600,600,0.00072130675486252211,0.19104093991898916,"R_double_P2_015","R_double","Complete quadratic"
"P06","P2",16,1,200,600,600,0.00091459339209304076,0.61984031713926491,"R_double_P2_016","R_double","Complete quadratic"
"P06","P2",17,1,200,600,600,0.00060849401027559353,0.40794010699573768,"R_double_P2_017","R_double","Complete quadratic"
"P06","P2",18,1,200,600,600,0.00075427014712603729,0.34152111174613092,"R_double_P2_018","R_double","Complete quadratic"
"P06","P2",19,1,200,600,600,0.0018631099373355297,1.7041772760264122,"R_double_P2_019","R_double","Complete quadratic"
"P06","P2",20,1,200,600,600,0.0010984525850687788,0.45464721442244399,"R_double_P2_020","R_double","Complete quadratic"
"P06","P2",21,1,200,600,600,0.0011565400708381914,0.66208411970262437,"R_double_P2_021","R_double","Complete quadratic"
"P06","P2",22,1,200,600,600,0.00027204766444193716,0.075869289712373819,"R_double_P2_022","R_double","Complete quadratic"
"P06","P2",23,1,200,600,600,0.00098472084188014819,0.50238855947822381,"R_double_P2_023","R_double","Complete quadratic"
"P06","P2",24,1,200,600,600,0.0007519796583963528,0.32772077811148509,"R_double_P2_024","R_double","Complete quadratic"
"P06","P2",25,1,200,600,600,0.00091209552673722613,0.43831834854681873,"R_double_P2_025","R_double","Complete quadratic"
"P06","P2",26,1,200,600,600,0.001000707806879293,0.41961983596524399,"R_double_P2_026","R_double","Complete quadratic"
"P06","P2",27,1,200,600,600,0.00048111065578929698,0.28722230099440232,"R_double_P2_027","R_double","Complete quadratic"
"P06","P2",28,1,200,600,600,0.001035496987113158,0.55766905855588844,"R_double_P2_028","R_double","Complete quadratic"
"P06","P2",29,1,200,600,600,0.00099120027754201956,0.67645088610495974,"R_double_P2_029","R_double","Complete quadratic"
"P06","P2",30,1,200,600,600,0.0012514923569143051,0.77882759489261499,"R_double_P2_030","R_double","Complete quadratic"
"P06","P2",31,1,200,600,600,0.00061827176177417953,0.586383631538827,"R_double_P2_031","R_double","Complete quadratic"
"P06","P2",32,1,200,600,600,0.00084524512708974335,0.25666197932312235,"R_double_P2_032","R_double","Complete quadratic"
"P06","P2",33,1,200,600,600,0.00072775120786800407,0.26570981271606586,"R_double_P2_033","R_double","Complete quadratic"
"P06","P2",34,1,200,600,600,0.00096179572487939727,0.25827647449062557,"R_double_P2_034","R_double","Complete quadratic"
"P06","P2",35,1,200,600,600,0.0012612836128885632,0.97474211975192337,"R_double_P2_035","R_double","Complete quadratic"
"P06","P2",36,1,200,600,600,0.00088445440095531486,0.77164425809649617,"R_double_P2_036","R_double","Complete quadratic"
"P06","P2",37,1,200,600,600,0.0016198369644014447,1.5719060117346053,"R_double_P2_037","R_double","Complete quadratic"
"P06","P2",38,1,200,600,600,0.0012270984650145143,0.97647589433877591,"R_double_P2_038","R_double","Complete quadratic"
"P06","P2",39,1,200,600,600,0.00032668975228331584,0.13257614866675416,"R_double_P2_039","R_double","Complete quadratic"
"P06","P2",40,1,200,600,600,0.0014711276127362277,0.69718899241826293,"R_double_P2_040","R_double","Complete quadratic"
"P06","R",0,0,200,600,600,3.953594316954122e-05,0.006038254842292712,"R_double_R_000","R_double","Relaxed"
"P06","R",1,1,200,600,600,0.0011802222251939992,0.39157612821764187,"R_double_R_001","R_double","Relaxed"
"P06","R",2,1,200,600,600,0.00036318675350380605,0.093499754824698744,"R_double_R_002","R_double","Relaxed"
"P06","R",3,1,200,600,600,0.00091665061071154348,0.37847157194985115,"R_double_R_003","R_double","Relaxed"
"P06","R",4,1,200,600,600,0.00096724542111147234,0.39519462683095979,"R_double_R_004","R_double","Relaxed"
"P06","R",5,1,200,600,600,0.00054501893776756779,0.13778558288883086,"R_double_R_005","R_double","Relaxed"
"P06","R",6,1,200,600,600,0.0007232626142355458,0.19607825671800255,"R_double_R_006","R_double","Relaxed"
"P06","R",7,1,200,600,600,0.0007478374210539917,0.17897714509607995,"R_double_R_007","R_double","Relaxed"
"P06","R",8,1,200,600,600,0.0004280460008438846,0.13186317797916053,"R_double_R_008","R_double","Relaxed"
"P06","R",9,1,200,600,600,0.00065198293093605487,0.273674764099194,"R_double_R_009","R_double","Relaxed"
"P06","R",10,1,200,600,600,0.00074587606196793341,0.18560321113918213,"R_double_R_010","R_double","Relaxed"
"P06","R",11,1,200,600,600,0.0010064843212349032,0.31355146170336295,"R_double_R_011","R_double","Relaxed"
"P06","R",12,1,200,600,600,0.00074000324618885764,0.25539231115482031,"R_double_R_012","R_double","Relaxed"
"P06","R",13,1,200,600,600,0.00039108091794732577,0.093124594317481407,"R_double_R_013","R_double","Relaxed"
"P06","R",14,1,200,600,600,0.0004931974992470414,0.12168384871589769,"R_double_R_014","R_double","Relaxed"
"P06","R",15,1,200,600,600,0.00072116509862053899,0.19314608369727257,"R_double_R_015","R_double","Relaxed"
"P06","R",16,1,200,600,600,0.00054124782402027662,0.029408963038958791,"R_double_R_016","R_double","Relaxed"
"P06","R",17,1,200,600,600,0.00051038635963137409,0.14554672329841603,"R_double_R_017","R_double","Relaxed"
"P06","R",18,1,200,600,600,0.00069725513321157017,0.1354666140642283,"R_double_R_018","R_double","Relaxed"
"P06","R",19,1,200,600,600,0.0010168396125924276,0.29024347374885251,"R_double_R_019","R_double","Relaxed"
"P06","R",20,1,200,600,600,0.00052505581782096434,0.17476425727206465,"R_double_R_020","R_double","Relaxed"
"P06","R",21,1,200,600,600,0.001073404434405507,0.2950015716020748,"R_double_R_021","R_double","Relaxed"
"P06","R",22,1,200,600,600,0.00023937655044399981,0.042544020954091363,"R_double_R_022","R_double","Relaxed"
"P06","R",23,1,200,600,600,0.00079231520839256702,0.25017062489563091,"R_double_R_023","R_double","Relaxed"
"P06","R",24,1,200,600,600,0.0004398886332146587,0.16983378040699412,"R_double_R_024","R_double","Relaxed"
"P06","R",25,1,200,600,600,0.00084350839695611747,0.1893609904063927,"R_double_R_025","R_double","Relaxed"
"P06","R",26,1,200,600,600,0.00063538385313032864,0.13388076276672567,"R_double_R_026","R_double","Relaxed"
"P06","R",27,1,200,600,600,0.0003549238332230403,0.052893837012195917,"R_double_R_027","R_double","Relaxed"
"P06","R",28,1,200,600,600,0.00045036239840763077,0.16957681300169528,"R_double_R_028","R_double","Relaxed"
"P06","R",29,1,200,600,600,0.00067463989194555961,0.22831284465520163,"R_double_R_029","R_double","Relaxed"
"P06","R",30,1,200,600,600,0.00087558070288886966,0.25679085593841705,"R_double_R_030","R_double","Relaxed"
"P06","R",31,1,200,600,600,0.00040618433469701525,0.14525461257150876,"R_double_R_031","R_double","Relaxed"
"P06","R",32,1,200,600,600,0.00068560922962301418,0.12503528195827585,"R_double_R_032","R_double","Relaxed"
"P06","R",33,1,200,600,600,0.00071946821880277171,0.1802864000555072,"R_double_R_033","R_double","Relaxed"
"P06","R",34,1,200,600,600,0.00082892247456734631,0.23797377232600869,"R_double_R_034","R_double","Relaxed"
"P06","R",35,1,200,600,600,0.0003339335648129641,0.070294868544203457,"R_double_R_035","R_double","Relaxed"
"P06","R",36,1,200,600,600,0.0005137556288393395,0.12700557947940694,"R_double_R_036","R_double","Relaxed"
"P06","R",37,1,200,600,600,0.00036560530771073289,0.097944168424457217,"R_double_R_037","R_double","Relaxed"
"P06","R",38,1,200,600,600,0.00087556756895824949,0.27736380374264363,"R_double_R_038","R_double","Relaxed"
"P06","R",39,1,200,600,600,0.00017622661744472247,0.052570939629511711,"R_double_R_039","R_double","Relaxed"
"P06","R",40,1,200,600,600,0.00050371525914901882,0.19092544511896506,"R_double_R_040","R_double","Relaxed"
"P06","S",0,0,200,600,600,2.7737726636439226e-05,0.0035800977161859911,"R_double_S_000","R_double","Shared"
"P06","S",1,1,200,600,600,0.00077286899569429287,0.19403238785603377,"R_double_S_001","R_double","Shared"
"P06","S",2,1,200,600,600,0.00026420898353353672,0.036005475275347004,"R_double_S_002","R_double","Shared"
"P06","S",3,1,200,600,600,0.00052173990129516872,0.091705396379293716,"R_double_S_003","R_double","Shared"
"P06","S",4,1,200,600,600,0.00067795425650812879,0.18669259477355726,"R_double_S_004","R_double","Shared"
"P06","S",5,1,200,600,600,0.00050209749433879089,0.1393046967092004,"R_double_S_005","R_double","Shared"
"P06","S",6,1,200,600,600,0.00058906987985146871,0.10573795504577377,"R_double_S_006","R_double","Shared"
"P06","S",7,1,200,600,600,0.0007137965504524777,0.18551575115069505,"R_double_S_007","R_double","Shared"
"P06","S",8,1,200,600,600,0.00034557455183700905,0.10111421795794028,"R_double_S_008","R_double","Shared"
"P06","S",9,1,200,600,600,0.0002683738458489501,0.036512925545002399,"R_double_S_009","R_double","Shared"
"P06","S",10,1,200,600,600,0.00073507473302663847,0.19845198213005574,"R_double_S_010","R_double","Shared"
"P06","S",11,1,200,600,600,0.000925313320452559,0.23547908365907028,"R_double_S_011","R_double","Shared"
"P06","S",12,1,200,600,600,0.00067046106157968093,0.19624530437215465,"R_double_S_012","R_double","Shared"
"P06","S",13,1,200,600,600,0.00036129256961965839,0.073130949474997861,"R_double_S_013","R_double","Shared"
"P06","S",14,1,200,600,600,0.00049118237180762511,0.13730568071435384,"R_double_S_014","R_double","Shared"
"P06","S",15,1,200,600,600,0.00069345468210475563,0.20879826920848035,"R_double_S_015","R_double","Shared"
"P06","S",16,1,200,600,600,0.00053922615573583185,0.030674923244774468,"R_double_S_016","R_double","Shared"
"P06","S",17,1,200,600,600,0.0004571934086234228,0.08500145698693834,"R_double_S_017","R_double","Shared"
"P06","S",18,1,200,600,600,0.00065206089628927727,0.087494380607564259,"R_double_S_018","R_double","Shared"
"P06","S",19,1,200,600,600,0.00089934490003464463,0.2684109286143766,"R_double_S_019","R_double","Shared"
"P06","S",20,1,200,600,600,0.00030676620974477698,0.038245488206561616,"R_double_S_020","R_double","Shared"
"P06","S",21,1,200,600,600,0.00089938638079847485,0.23640989404285823,"R_double_S_021","R_double","Shared"
"P06","S",22,1,200,600,600,0.00023538227915431234,0.048659907660969476,"R_double_S_022","R_double","Shared"
"P06","S",23,1,200,600,600,0.0006005639140904158,0.17617783555712346,"R_double_S_023","R_double","Shared"
"P06","S",24,1,200,600,600,0.00028881214122275885,0.082375197335500888,"R_double_S_024","R_double","Shared"
"P06","S",25,1,200,600,600,0.00083959519901444376,0.21552083300982844,"R_double_S_025","R_double","Shared"
"P06","S",26,1,200,600,600,0.00060868539284229686,0.12959415394005108,"R_double_S_026","R_double","Shared"
"P06","S",27,1,200,600,600,0.00034837181587736387,0.051102838248727751,"R_double_S_027","R_double","Shared"
"P06","S",28,1,200,600,600,0.00026499662460597603,0.047713981551619565,"R_double_S_028","R_double","Shared"
"P06","S",29,1,200,600,600,0.00040356690255505181,0.10126434164624708,"R_double_S_029","R_double","Shared"
"P06","S",30,1,200,600,600,0.00085111756481575404,0.25206257527307463,"R_double_S_030","R_double","Shared"
"P06","S",31,1,200,600,600,0.0002235580978766141,0.061208460814515121,"R_double_S_031","R_double","Shared"
"P06","S",32,1,200,600,600,0.00066630672360203981,0.12404143669033588,"R_double_S_032","R_double","Shared"
"P06","S",33,1,200,600,600,0.00071776728810741869,0.20183680787568081,"R_double_S_033","R_double","Shared"
"P06","S",34,1,200,600,600,0.00058617554235934361,0.090143910044642728,"R_double_S_034","R_double","Shared"
"P06","S",35,1,200,600,600,0.00032831954999421351,0.077050104871693906,"R_double_S_035","R_double","Shared"
"P06","S",36,1,200,600,600,0.00047978319660053881,0.058535720415901916,"R_double_S_036","R_double","Shared"
"P06","S",37,1,200,600,600,0.00036001730201791032,0.10426785079200873,"R_double_S_037","R_double","Shared"
"P06","S",38,1,200,600,600,0.00078559346054415426,0.18706322640519973,"R_double_S_038","R_double","Shared"
"P06","S",39,1,200,600,600,0.00012340058709618484,0.0098872138631691513,"R_double_S_039","R_double","Shared"
"P06","S",40,1,200,600,600,0.00025010939961554458,0.066503459863391623,"R_double_S_040","R_double","Shared"
"P06","W",0,0,200,600,600,0.036170045006181796,NaN,"R_double_W_000","R_double","Incorrectly shared"
"P06","W",1,1,200,600,600,0.036282834819916024,NaN,"R_double_W_001","R_double","Incorrectly shared"
"P06","W",2,1,200,600,600,0.036131635914702163,NaN,"R_double_W_002","R_double","Incorrectly shared"
"P06","W",3,1,200,600,600,0.036141927132429717,NaN,"R_double_W_003","R_double","Incorrectly shared"
"P06","W",4,1,200,600,600,0.036229440036683436,NaN,"R_double_W_004","R_double","Incorrectly shared"
"P06","W",5,1,200,600,600,0.036130203673766778,NaN,"R_double_W_005","R_double","Incorrectly shared"
"P06","W",6,1,200,600,600,0.036189548952421664,NaN,"R_double_W_006","R_double","Incorrectly shared"
"P06","W",7,1,200,600,600,0.036206087040190918,NaN,"R_double_W_007","R_double","Incorrectly shared"
"P06","W",8,1,200,600,600,0.03619959655907054,NaN,"R_double_W_008","R_double","Incorrectly shared"
"P06","W",9,1,200,600,600,0.036170286877456236,NaN,"R_double_W_009","R_double","Incorrectly shared"
"P06","W",10,1,200,600,600,0.036179249657043673,NaN,"R_double_W_010","R_double","Incorrectly shared"
"P06","W",11,1,200,600,600,0.036134675424873794,NaN,"R_double_W_011","R_double","Incorrectly shared"
"P06","W",12,1,200,600,600,0.036114430817572672,NaN,"R_double_W_012","R_double","Incorrectly shared"
"P06","W",13,1,200,600,600,0.036149737344050893,NaN,"R_double_W_013","R_double","Incorrectly shared"
"P06","W",14,1,200,600,600,0.036162799345011071,NaN,"R_double_W_014","R_double","Incorrectly shared"
"P06","W",15,1,200,600,600,0.036240560642008569,NaN,"R_double_W_015","R_double","Incorrectly shared"
"P06","W",16,1,200,600,600,0.036247598990164311,NaN,"R_double_W_016","R_double","Incorrectly shared"
"P06","W",17,1,200,600,600,0.036134920286276281,NaN,"R_double_W_017","R_double","Incorrectly shared"
"P06","W",18,1,200,600,600,0.036166089989380125,NaN,"R_double_W_018","R_double","Incorrectly shared"
"P06","W",19,1,200,600,600,0.036244666590186624,NaN,"R_double_W_019","R_double","Incorrectly shared"
"P06","W",20,1,200,600,600,0.036140569893737658,NaN,"R_double_W_020","R_double","Incorrectly shared"
"P06","W",21,1,200,600,600,0.036269344289874807,NaN,"R_double_W_021","R_double","Incorrectly shared"
"P06","W",22,1,200,600,600,0.036201949319013674,NaN,"R_double_W_022","R_double","Incorrectly shared"
"P06","W",23,1,200,600,600,0.036231508430107896,NaN,"R_double_W_023","R_double","Incorrectly shared"
"P06","W",24,1,200,600,600,0.03615273297296568,NaN,"R_double_W_024","R_double","Incorrectly shared"
"P06","W",25,1,200,600,600,0.0361891742596194,NaN,"R_double_W_025","R_double","Incorrectly shared"
"P06","W",26,1,200,600,600,0.036180252035521075,NaN,"R_double_W_026","R_double","Incorrectly shared"
"P06","W",27,1,200,600,600,0.036127809720667058,NaN,"R_double_W_027","R_double","Incorrectly shared"
"P06","W",28,1,200,600,600,0.036193943055948266,NaN,"R_double_W_028","R_double","Incorrectly shared"
"P06","W",29,1,200,600,600,0.036250830799754157,NaN,"R_double_W_029","R_double","Incorrectly shared"
"P06","W",30,1,200,600,600,0.036178988597381605,NaN,"R_double_W_030","R_double","Incorrectly shared"
"P06","W",31,1,200,600,600,0.036199669934524996,NaN,"R_double_W_031","R_double","Incorrectly shared"
"P06","W",32,1,200,600,600,0.036130119065033481,NaN,"R_double_W_032","R_double","Incorrectly shared"
"P06","W",33,1,200,600,600,0.0362267120951714,NaN,"R_double_W_033","R_double","Incorrectly shared"
"P06","W",34,1,200,600,600,0.036104606781231556,NaN,"R_double_W_034","R_double","Incorrectly shared"
"P06","W",35,1,200,600,600,0.036168797784216215,NaN,"R_double_W_035","R_double","Incorrectly shared"
"P06","W",36,1,200,600,600,0.036105164197259697,NaN,"R_double_W_036","R_double","Incorrectly shared"
"P06","W",37,1,200,600,600,0.036184695609150871,NaN,"R_double_W_037","R_double","Incorrectly shared"
"P06","W",38,1,200,600,600,0.0361089902977531,NaN,"R_double_W_038","R_double","Incorrectly shared"
"P06","W",39,1,200,600,600,0.03618699164384373,NaN,"R_double_W_039","R_double","Incorrectly shared"
"P06","W",40,1,200,600,600,0.036204393005631247,NaN,"R_double_W_040","R_double","Incorrectly shared"
"P06","A",0,0,200,600,600,0.017839580097310584,NaN,"R_half_A_000","R_half","Affine"
"P06","A",1,1,200,600,600,0.017954743640245508,NaN,"R_half_A_001","R_half","Affine"
"P06","A",2,1,200,600,600,0.017800615837127106,NaN,"R_half_A_002","R_half","Affine"
"P06","A",3,1,200,600,600,0.017797298736078736,NaN,"R_half_A_003","R_half","Affine"
"P06","A",4,1,200,600,600,0.017921246951377191,NaN,"R_half_A_004","R_half","Affine"
"P06","A",5,1,200,600,600,0.017804524892880817,NaN,"R_half_A_005","R_half","Affine"
"P06","A",6,1,200,600,600,0.017865241586995421,NaN,"R_half_A_006","R_half","Affine"
"P06","A",7,1,200,600,600,0.017879810759921164,NaN,"R_half_A_007","R_half","Affine"
"P06","A",8,1,200,600,600,0.017867741113204917,NaN,"R_half_A_008","R_half","Affine"
"P06","A",9,1,200,600,600,0.017834737748571462,NaN,"R_half_A_009","R_half","Affine"
"P06","A",10,1,200,600,600,0.017860694399553657,NaN,"R_half_A_010","R_half","Affine"
"P06","A",11,1,200,600,600,0.017801122608580602,NaN,"R_half_A_011","R_half","Affine"
"P06","A",12,1,200,600,600,0.017785277180997414,NaN,"R_half_A_012","R_half","Affine"
"P06","A",13,1,200,600,600,0.017820091698010406,NaN,"R_half_A_013","R_half","Affine"
"P06","A",14,1,200,600,600,0.017841980260789717,NaN,"R_half_A_014","R_half","Affine"
"P06","A",15,1,200,600,600,0.017915366427026454,NaN,"R_half_A_015","R_half","Affine"
"P06","A",16,1,200,600,600,0.017914070506008947,NaN,"R_half_A_016","R_half","Affine"
"P06","A",17,1,200,600,600,0.017804000849906805,NaN,"R_half_A_017","R_half","Affine"
"P06","A",18,1,200,600,600,0.017836924056647354,NaN,"R_half_A_018","R_half","Affine"
"P06","A",19,1,200,600,600,0.017924633935890069,NaN,"R_half_A_019","R_half","Affine"
"P06","A",20,1,200,600,600,0.01781449876584619,NaN,"R_half_A_020","R_half","Affine"
"P06","A",21,1,200,600,600,0.017953545888485804,NaN,"R_half_A_021","R_half","Affine"
"P06","A",22,1,200,600,600,0.017865130896673614,NaN,"R_half_A_022","R_half","Affine"
"P06","A",23,1,200,600,600,0.017905389171869939,NaN,"R_half_A_023","R_half","Affine"
"P06","A",24,1,200,600,600,0.017831396776881288,NaN,"R_half_A_024","R_half","Affine"
"P06","A",25,1,200,600,600,0.017872869289625549,NaN,"R_half_A_025","R_half","Affine"
"P06","A",26,1,200,600,600,0.017849027538302326,NaN,"R_half_A_026","R_half","Affine"
"P06","A",27,1,200,600,600,0.01780061315213588,NaN,"R_half_A_027","R_half","Affine"
"P06","A",28,1,200,600,600,0.017858788901337658,NaN,"R_half_A_028","R_half","Affine"
"P06","A",29,1,200,600,600,0.017918412898297355,NaN,"R_half_A_029","R_half","Affine"
"P06","A",30,1,200,600,600,0.017874100690145153,NaN,"R_half_A_030","R_half","Affine"
"P06","A",31,1,200,600,600,0.017871923077739996,NaN,"R_half_A_031","R_half","Affine"
"P06","A",32,1,200,600,600,0.017805092373536648,NaN,"R_half_A_032","R_half","Affine"
"P06","A",33,1,200,600,600,0.017914500570651196,NaN,"R_half_A_033","R_half","Affine"
"P06","A",34,1,200,600,600,0.017788683524828163,NaN,"R_half_A_034","R_half","Affine"
"P06","A",35,1,200,600,600,0.017847669350491945,NaN,"R_half_A_035","R_half","Affine"
"P06","A",36,1,200,600,600,0.017777935662177693,NaN,"R_half_A_036","R_half","Affine"
"P06","A",37,1,200,600,600,0.017855521947586477,NaN,"R_half_A_037","R_half","Affine"
"P06","A",38,1,200,600,600,0.017779493280633912,NaN,"R_half_A_038","R_half","Affine"
"P06","A",39,1,200,600,600,0.017857068903248507,NaN,"R_half_A_039","R_half","Affine"
"P06","A",40,1,200,600,600,0.017870056186452769,NaN,"R_half_A_040","R_half","Affine"
"P06","K",0,0,200,600,600,2.8249906561004068e-17,NaN,"R_half_K_000","R_half","Known-model reference"
"P06","K",1,1,200,600,600,2.8249906561004068e-17,NaN,"R_half_K_001","R_half","Known-model reference"
"P06","K",2,1,200,600,600,2.8249906561004068e-17,NaN,"R_half_K_002","R_half","Known-model reference"
"P06","K",3,1,200,600,600,2.8249906561004068e-17,NaN,"R_half_K_003","R_half","Known-model reference"
"P06","K",4,1,200,600,600,2.8249906561004068e-17,NaN,"R_half_K_004","R_half","Known-model reference"
"P06","K",5,1,200,600,600,2.8249906561004068e-17,NaN,"R_half_K_005","R_half","Known-model reference"
"P06","K",6,1,200,600,600,2.8249906561004068e-17,NaN,"R_half_K_006","R_half","Known-model reference"
"P06","K",7,1,200,600,600,2.8249906561004068e-17,NaN,"R_half_K_007","R_half","Known-model reference"
"P06","K",8,1,200,600,600,2.8249906561004068e-17,NaN,"R_half_K_008","R_half","Known-model reference"
"P06","K",9,1,200,600,600,2.8249906561004068e-17,NaN,"R_half_K_009","R_half","Known-model reference"
"P06","K",10,1,200,600,600,2.8249906561004068e-17,NaN,"R_half_K_010","R_half","Known-model reference"
"P06","K",11,1,200,600,600,2.8249906561004068e-17,NaN,"R_half_K_011","R_half","Known-model reference"
"P06","K",12,1,200,600,600,2.8249906561004068e-17,NaN,"R_half_K_012","R_half","Known-model reference"
"P06","K",13,1,200,600,600,2.8249906561004068e-17,NaN,"R_half_K_013","R_half","Known-model reference"
"P06","K",14,1,200,600,600,2.8249906561004068e-17,NaN,"R_half_K_014","R_half","Known-model reference"
"P06","K",15,1,200,600,600,2.8249906561004068e-17,NaN,"R_half_K_015","R_half","Known-model reference"
"P06","K",16,1,200,600,600,2.8249906561004068e-17,NaN,"R_half_K_016","R_half","Known-model reference"
"P06","K",17,1,200,600,600,2.8249906561004068e-17,NaN,"R_half_K_017","R_half","Known-model reference"
"P06","K",18,1,200,600,600,2.8249906561004068e-17,NaN,"R_half_K_018","R_half","Known-model reference"
"P06","K",19,1,200,600,600,2.8249906561004068e-17,NaN,"R_half_K_019","R_half","Known-model reference"
"P06","K",20,1,200,600,600,2.8249906561004068e-17,NaN,"R_half_K_020","R_half","Known-model reference"
"P06","K",21,1,200,600,600,2.8249906561004068e-17,NaN,"R_half_K_021","R_half","Known-model reference"
"P06","K",22,1,200,600,600,2.8249906561004068e-17,NaN,"R_half_K_022","R_half","Known-model reference"
"P06","K",23,1,200,600,600,2.8249906561004068e-17,NaN,"R_half_K_023","R_half","Known-model reference"
"P06","K",24,1,200,600,600,2.8249906561004068e-17,NaN,"R_half_K_024","R_half","Known-model reference"
"P06","K",25,1,200,600,600,2.8249906561004068e-17,NaN,"R_half_K_025","R_half","Known-model reference"
"P06","K",26,1,200,600,600,2.8249906561004068e-17,NaN,"R_half_K_026","R_half","Known-model reference"
"P06","K",27,1,200,600,600,2.8249906561004068e-17,NaN,"R_half_K_027","R_half","Known-model reference"
"P06","K",28,1,200,600,600,2.8249906561004068e-17,NaN,"R_half_K_028","R_half","Known-model reference"
"P06","K",29,1,200,600,600,2.8249906561004068e-17,NaN,"R_half_K_029","R_half","Known-model reference"
"P06","K",30,1,200,600,600,2.8249906561004068e-17,NaN,"R_half_K_030","R_half","Known-model reference"
"P06","K",31,1,200,600,600,2.8249906561004068e-17,NaN,"R_half_K_031","R_half","Known-model reference"
"P06","K",32,1,200,600,600,2.8249906561004068e-17,NaN,"R_half_K_032","R_half","Known-model reference"
"P06","K",33,1,200,600,600,2.8249906561004068e-17,NaN,"R_half_K_033","R_half","Known-model reference"
"P06","K",34,1,200,600,600,2.8249906561004068e-17,NaN,"R_half_K_034","R_half","Known-model reference"
"P06","K",35,1,200,600,600,2.8249906561004068e-17,NaN,"R_half_K_035","R_half","Known-model reference"
"P06","K",36,1,200,600,600,2.8249906561004068e-17,NaN,"R_half_K_036","R_half","Known-model reference"
"P06","K",37,1,200,600,600,2.8249906561004068e-17,NaN,"R_half_K_037","R_half","Known-model reference"
"P06","K",38,1,200,600,600,2.8249906561004068e-17,NaN,"R_half_K_038","R_half","Known-model reference"
"P06","K",39,1,200,600,600,2.8249906561004068e-17,NaN,"R_half_K_039","R_half","Known-model reference"
"P06","K",40,1,200,600,600,2.8249906561004068e-17,NaN,"R_half_K_040","R_half","Known-model reference"
"P06","P2",0,0,200,600,600,0.00012383922521795135,0.096700695179609469,"R_half_P2_000","R_half","Complete quadratic"
"P06","P2",1,1,200,600,600,0.0012139575494383354,0.28806699273898112,"R_half_P2_001","R_half","Complete quadratic"
"P06","P2",2,1,200,600,600,0.00066954069995666776,0.47077812158107385,"R_half_P2_002","R_half","Complete quadratic"
"P06","P2",3,1,200,600,600,0.0010335874064655887,0.29193397138325711,"R_half_P2_003","R_half","Complete quadratic"
"P06","P2",4,1,200,600,600,0.0010169356483132543,0.2973799020560568,"R_half_P2_004","R_half","Complete quadratic"
"P06","P2",5,1,200,600,600,0.00068652529798572854,0.34420771106545112,"R_half_P2_005","R_half","Complete quadratic"
"P06","P2",6,1,200,600,600,0.00099703173625458551,0.61126893872995647,"R_half_P2_006","R_half","Complete quadratic"
"P06","P2",7,1,200,600,600,0.00078862379569327506,0.26298497141098004,"R_half_P2_007","R_half","Complete quadratic"
"P06","P2",8,1,200,600,600,0.00093837231426196544,0.77347948107034348,"R_half_P2_008","R_half","Complete quadratic"
"P06","P2",9,1,200,600,600,0.0011209473877904022,0.75509032882791205,"R_half_P2_009","R_half","Complete quadratic"
"P06","P2",10,1,200,600,600,0.00092170581074008627,0.42455537268112947,"R_half_P2_010","R_half","Complete quadratic"
"P06","P2",11,1,200,600,600,0.0016435846480897644,0.9332733982693755,"R_half_P2_011","R_half","Complete quadratic"
"P06","P2",12,1,200,600,600,0.0010021408840396812,0.47226065296111841,"R_half_P2_012","R_half","Complete quadratic"
"P06","P2",13,1,200,600,600,0.00086990257935239427,0.68807773595303445,"R_half_P2_013","R_half","Complete quadratic"
"P06","P2",14,1,200,600,600,0.00093919166593800247,0.37139789418363456,"R_half_P2_014","R_half","Complete quadratic"
"P06","P2",15,1,200,600,600,0.00072130675486252211,0.19104093991898916,"R_half_P2_015","R_half","Complete quadratic"
"P06","P2",16,1,200,600,600,0.00091459339209304076,0.61984031713926491,"R_half_P2_016","R_half","Complete quadratic"
"P06","P2",17,1,200,600,600,0.00060849401027559353,0.40794010699573768,"R_half_P2_017","R_half","Complete quadratic"
"P06","P2",18,1,200,600,600,0.00075427014712603729,0.34152111174613092,"R_half_P2_018","R_half","Complete quadratic"
"P06","P2",19,1,200,600,600,0.0018631099373355297,1.7041772760264122,"R_half_P2_019","R_half","Complete quadratic"
"P06","P2",20,1,200,600,600,0.0010984525850687788,0.45464721442244399,"R_half_P2_020","R_half","Complete quadratic"
"P06","P2",21,1,200,600,600,0.0011565400708381914,0.66208411970262437,"R_half_P2_021","R_half","Complete quadratic"
"P06","P2",22,1,200,600,600,0.00027204766444193716,0.075869289712373819,"R_half_P2_022","R_half","Complete quadratic"
"P06","P2",23,1,200,600,600,0.00098472084188014819,0.50238855947822381,"R_half_P2_023","R_half","Complete quadratic"
"P06","P2",24,1,200,600,600,0.0007519796583963528,0.32772077811148509,"R_half_P2_024","R_half","Complete quadratic"
"P06","P2",25,1,200,600,600,0.00091209552673722613,0.43831834854681873,"R_half_P2_025","R_half","Complete quadratic"
"P06","P2",26,1,200,600,600,0.001000707806879293,0.41961983596524399,"R_half_P2_026","R_half","Complete quadratic"
"P06","P2",27,1,200,600,600,0.00048111065578929698,0.28722230099440232,"R_half_P2_027","R_half","Complete quadratic"
"P06","P2",28,1,200,600,600,0.001035496987113158,0.55766905855588844,"R_half_P2_028","R_half","Complete quadratic"
"P06","P2",29,1,200,600,600,0.00099120027754201956,0.67645088610495974,"R_half_P2_029","R_half","Complete quadratic"
"P06","P2",30,1,200,600,600,0.0012514923569143051,0.77882759489261499,"R_half_P2_030","R_half","Complete quadratic"
"P06","P2",31,1,200,600,600,0.00061827176177417953,0.586383631538827,"R_half_P2_031","R_half","Complete quadratic"
"P06","P2",32,1,200,600,600,0.00084524512708974335,0.25666197932312235,"R_half_P2_032","R_half","Complete quadratic"
"P06","P2",33,1,200,600,600,0.00072775120786800407,0.26570981271606586,"R_half_P2_033","R_half","Complete quadratic"
"P06","P2",34,1,200,600,600,0.00096179572487939727,0.25827647449062557,"R_half_P2_034","R_half","Complete quadratic"
"P06","P2",35,1,200,600,600,0.0012612836128885632,0.97474211975192337,"R_half_P2_035","R_half","Complete quadratic"
"P06","P2",36,1,200,600,600,0.00088445440095531486,0.77164425809649617,"R_half_P2_036","R_half","Complete quadratic"
"P06","P2",37,1,200,600,600,0.0016198369644014447,1.5719060117346053,"R_half_P2_037","R_half","Complete quadratic"
"P06","P2",38,1,200,600,600,0.0012270984650145143,0.97647589433877591,"R_half_P2_038","R_half","Complete quadratic"
"P06","P2",39,1,200,600,600,0.00032668975228331584,0.13257614866675416,"R_half_P2_039","R_half","Complete quadratic"
"P06","P2",40,1,200,600,600,0.0014711276127362277,0.69718899241826293,"R_half_P2_040","R_half","Complete quadratic"
"P06","R",0,0,200,600,600,3.953594316954122e-05,0.006038254842292712,"R_half_R_000","R_half","Relaxed"
"P06","R",1,1,200,600,600,0.0011802222251939992,0.39157612821764187,"R_half_R_001","R_half","Relaxed"
"P06","R",2,1,200,600,600,0.00036318675350380605,0.093499754824698744,"R_half_R_002","R_half","Relaxed"
"P06","R",3,1,200,600,600,0.00091665061071154348,0.37847157194985115,"R_half_R_003","R_half","Relaxed"
"P06","R",4,1,200,600,600,0.00096724542111147234,0.39519462683095979,"R_half_R_004","R_half","Relaxed"
"P06","R",5,1,200,600,600,0.00054501893776756779,0.13778558288883086,"R_half_R_005","R_half","Relaxed"
"P06","R",6,1,200,600,600,0.0007232626142355458,0.19607825671800255,"R_half_R_006","R_half","Relaxed"
"P06","R",7,1,200,600,600,0.0007478374210539917,0.17897714509607995,"R_half_R_007","R_half","Relaxed"
"P06","R",8,1,200,600,600,0.0004280460008438846,0.13186317797916053,"R_half_R_008","R_half","Relaxed"
"P06","R",9,1,200,600,600,0.00065198293093605487,0.273674764099194,"R_half_R_009","R_half","Relaxed"
"P06","R",10,1,200,600,600,0.00074587606196793341,0.18560321113918213,"R_half_R_010","R_half","Relaxed"
"P06","R",11,1,200,600,600,0.0010064843212349032,0.31355146170336295,"R_half_R_011","R_half","Relaxed"
"P06","R",12,1,200,600,600,0.00074000324618885764,0.25539231115482031,"R_half_R_012","R_half","Relaxed"
"P06","R",13,1,200,600,600,0.00039108091794732577,0.093124594317481407,"R_half_R_013","R_half","Relaxed"
"P06","R",14,1,200,600,600,0.0004931974992470414,0.12168384871589769,"R_half_R_014","R_half","Relaxed"
"P06","R",15,1,200,600,600,0.00072116509862053899,0.19314608369727257,"R_half_R_015","R_half","Relaxed"
"P06","R",16,1,200,600,600,0.00054124782402027662,0.029408963038958791,"R_half_R_016","R_half","Relaxed"
"P06","R",17,1,200,600,600,0.00051038635963137409,0.14554672329841603,"R_half_R_017","R_half","Relaxed"
"P06","R",18,1,200,600,600,0.00069725513321157017,0.1354666140642283,"R_half_R_018","R_half","Relaxed"
"P06","R",19,1,200,600,600,0.0010168396125924276,0.29024347374885251,"R_half_R_019","R_half","Relaxed"
"P06","R",20,1,200,600,600,0.00052505581782096434,0.17476425727206465,"R_half_R_020","R_half","Relaxed"
"P06","R",21,1,200,600,600,0.001073404434405507,0.2950015716020748,"R_half_R_021","R_half","Relaxed"
"P06","R",22,1,200,600,600,0.00023937655044399981,0.042544020954091363,"R_half_R_022","R_half","Relaxed"
"P06","R",23,1,200,600,600,0.00079231520839256702,0.25017062489563091,"R_half_R_023","R_half","Relaxed"
"P06","R",24,1,200,600,600,0.0004398886332146587,0.16983378040699412,"R_half_R_024","R_half","Relaxed"
"P06","R",25,1,200,600,600,0.00084350839695611747,0.1893609904063927,"R_half_R_025","R_half","Relaxed"
"P06","R",26,1,200,600,600,0.00063538385313032864,0.13388076276672567,"R_half_R_026","R_half","Relaxed"
"P06","R",27,1,200,600,600,0.0003549238332230403,0.052893837012195917,"R_half_R_027","R_half","Relaxed"
"P06","R",28,1,200,600,600,0.00045036239840763077,0.16957681300169528,"R_half_R_028","R_half","Relaxed"
"P06","R",29,1,200,600,600,0.00067463989194555961,0.22831284465520163,"R_half_R_029","R_half","Relaxed"
"P06","R",30,1,200,600,600,0.00087558070288886966,0.25679085593841705,"R_half_R_030","R_half","Relaxed"
"P06","R",31,1,200,600,600,0.00040618433469701525,0.14525461257150876,"R_half_R_031","R_half","Relaxed"
"P06","R",32,1,200,600,600,0.00068560922962301418,0.12503528195827585,"R_half_R_032","R_half","Relaxed"
"P06","R",33,1,200,600,600,0.00071946821880277171,0.1802864000555072,"R_half_R_033","R_half","Relaxed"
"P06","R",34,1,200,600,600,0.00082892247456734631,0.23797377232600869,"R_half_R_034","R_half","Relaxed"
"P06","R",35,1,200,600,600,0.0003339335648129641,0.070294868544203457,"R_half_R_035","R_half","Relaxed"
"P06","R",36,1,200,600,600,0.0005137556288393395,0.12700557947940694,"R_half_R_036","R_half","Relaxed"
"P06","R",37,1,200,600,600,0.00036560530771073289,0.097944168424457217,"R_half_R_037","R_half","Relaxed"
"P06","R",38,1,200,600,600,0.00087556756895824949,0.27736380374264363,"R_half_R_038","R_half","Relaxed"
"P06","R",39,1,200,600,600,0.00017622661744472247,0.052570939629511711,"R_half_R_039","R_half","Relaxed"
"P06","R",40,1,200,600,600,0.00050371525914901882,0.19092544511896506,"R_half_R_040","R_half","Relaxed"
"P06","S",0,0,200,600,600,2.7737726636439226e-05,0.0035800977161859911,"R_half_S_000","R_half","Shared"
"P06","S",1,1,200,600,600,0.00077286899569429287,0.19403238785603377,"R_half_S_001","R_half","Shared"
"P06","S",2,1,200,600,600,0.00026420898353353672,0.036005475275347004,"R_half_S_002","R_half","Shared"
"P06","S",3,1,200,600,600,0.00052173990129516872,0.091705396379293716,"R_half_S_003","R_half","Shared"
"P06","S",4,1,200,600,600,0.00067795425650812879,0.18669259477355726,"R_half_S_004","R_half","Shared"
"P06","S",5,1,200,600,600,0.00050209749433879089,0.1393046967092004,"R_half_S_005","R_half","Shared"
"P06","S",6,1,200,600,600,0.00058906987985146871,0.10573795504577377,"R_half_S_006","R_half","Shared"
"P06","S",7,1,200,600,600,0.0007137965504524777,0.18551575115069505,"R_half_S_007","R_half","Shared"
"P06","S",8,1,200,600,600,0.00034557455183700905,0.10111421795794028,"R_half_S_008","R_half","Shared"
"P06","S",9,1,200,600,600,0.0002683738458489501,0.036512925545002399,"R_half_S_009","R_half","Shared"
"P06","S",10,1,200,600,600,0.00073507473302663847,0.19845198213005574,"R_half_S_010","R_half","Shared"
"P06","S",11,1,200,600,600,0.000925313320452559,0.23547908365907028,"R_half_S_011","R_half","Shared"
"P06","S",12,1,200,600,600,0.00067046106157968093,0.19624530437215465,"R_half_S_012","R_half","Shared"
"P06","S",13,1,200,600,600,0.00036129256961965839,0.073130949474997861,"R_half_S_013","R_half","Shared"
"P06","S",14,1,200,600,600,0.00049118237180762511,0.13730568071435384,"R_half_S_014","R_half","Shared"
"P06","S",15,1,200,600,600,0.00069345468210475563,0.20879826920848035,"R_half_S_015","R_half","Shared"
"P06","S",16,1,200,600,600,0.00053922615573583185,0.030674923244774468,"R_half_S_016","R_half","Shared"
"P06","S",17,1,200,600,600,0.0004571934086234228,0.08500145698693834,"R_half_S_017","R_half","Shared"
"P06","S",18,1,200,600,600,0.00065206089628927727,0.087494380607564259,"R_half_S_018","R_half","Shared"
"P06","S",19,1,200,600,600,0.00089934490003464463,0.2684109286143766,"R_half_S_019","R_half","Shared"
"P06","S",20,1,200,600,600,0.00030676620974477698,0.038245488206561616,"R_half_S_020","R_half","Shared"
"P06","S",21,1,200,600,600,0.00089938638079847485,0.23640989404285823,"R_half_S_021","R_half","Shared"
"P06","S",22,1,200,600,600,0.00023538227915431234,0.048659907660969476,"R_half_S_022","R_half","Shared"
"P06","S",23,1,200,600,600,0.0006005639140904158,0.17617783555712346,"R_half_S_023","R_half","Shared"
"P06","S",24,1,200,600,600,0.00028881214122275885,0.082375197335500888,"R_half_S_024","R_half","Shared"
"P06","S",25,1,200,600,600,0.00083959519901444376,0.21552083300982844,"R_half_S_025","R_half","Shared"
"P06","S",26,1,200,600,600,0.00060868539284229686,0.12959415394005108,"R_half_S_026","R_half","Shared"
"P06","S",27,1,200,600,600,0.00034837181587736387,0.051102838248727751,"R_half_S_027","R_half","Shared"
"P06","S",28,1,200,600,600,0.00026499662460597603,0.047713981551619565,"R_half_S_028","R_half","Shared"
"P06","S",29,1,200,600,600,0.00040356690255505181,0.10126434164624708,"R_half_S_029","R_half","Shared"
"P06","S",30,1,200,600,600,0.00085111756481575404,0.25206257527307463,"R_half_S_030","R_half","Shared"
"P06","S",31,1,200,600,600,0.0002235580978766141,0.061208460814515121,"R_half_S_031","R_half","Shared"
"P06","S",32,1,200,600,600,0.00066630672360203981,0.12404143669033588,"R_half_S_032","R_half","Shared"
"P06","S",33,1,200,600,600,0.00071776728810741869,0.20183680787568081,"R_half_S_033","R_half","Shared"
"P06","S",34,1,200,600,600,0.00058617554235934361,0.090143910044642728,"R_half_S_034","R_half","Shared"
"P06","S",35,1,200,600,600,0.00032831954999421351,0.077050104871693906,"R_half_S_035","R_half","Shared"
"P06","S",36,1,200,600,600,0.00047978319660053881,0.058535720415901916,"R_half_S_036","R_half","Shared"
"P06","S",37,1,200,600,600,0.00036001730201791032,0.10426785079200873,"R_half_S_037","R_half","Shared"
"P06","S",38,1,200,600,600,0.00078559346054415426,0.18706322640519973,"R_half_S_038","R_half","Shared"
"P06","S",39,1,200,600,600,0.00012340058709618484,0.0098872138631691513,"R_half_S_039","R_half","Shared"
"P06","S",40,1,200,600,600,0.00025010939961554458,0.066503459863391623,"R_half_S_040","R_half","Shared"
"P06","W",0,0,200,600,600,0.036170045006181796,NaN,"R_half_W_000","R_half","Incorrectly shared"
"P06","W",1,1,200,600,600,0.036282834819916024,NaN,"R_half_W_001","R_half","Incorrectly shared"
"P06","W",2,1,200,600,600,0.036131635914702163,NaN,"R_half_W_002","R_half","Incorrectly shared"
"P06","W",3,1,200,600,600,0.036141927132429717,NaN,"R_half_W_003","R_half","Incorrectly shared"
"P06","W",4,1,200,600,600,0.036229440036683436,NaN,"R_half_W_004","R_half","Incorrectly shared"
"P06","W",5,1,200,600,600,0.036130203673766778,NaN,"R_half_W_005","R_half","Incorrectly shared"
"P06","W",6,1,200,600,600,0.036189548952421664,NaN,"R_half_W_006","R_half","Incorrectly shared"
"P06","W",7,1,200,600,600,0.036206087040190918,NaN,"R_half_W_007","R_half","Incorrectly shared"
"P06","W",8,1,200,600,600,0.03619959655907054,NaN,"R_half_W_008","R_half","Incorrectly shared"
"P06","W",9,1,200,600,600,0.036170286877456236,NaN,"R_half_W_009","R_half","Incorrectly shared"
"P06","W",10,1,200,600,600,0.036179249657043673,NaN,"R_half_W_010","R_half","Incorrectly shared"
"P06","W",11,1,200,600,600,0.036134675424873794,NaN,"R_half_W_011","R_half","Incorrectly shared"
"P06","W",12,1,200,600,600,0.036114430817572672,NaN,"R_half_W_012","R_half","Incorrectly shared"
"P06","W",13,1,200,600,600,0.036149737344050893,NaN,"R_half_W_013","R_half","Incorrectly shared"
"P06","W",14,1,200,600,600,0.036162799345011071,NaN,"R_half_W_014","R_half","Incorrectly shared"
"P06","W",15,1,200,600,600,0.036240560642008569,NaN,"R_half_W_015","R_half","Incorrectly shared"
"P06","W",16,1,200,600,600,0.036247598990164311,NaN,"R_half_W_016","R_half","Incorrectly shared"
"P06","W",17,1,200,600,600,0.036134920286276281,NaN,"R_half_W_017","R_half","Incorrectly shared"
"P06","W",18,1,200,600,600,0.036166089989380125,NaN,"R_half_W_018","R_half","Incorrectly shared"
"P06","W",19,1,200,600,600,0.036244666590186624,NaN,"R_half_W_019","R_half","Incorrectly shared"
"P06","W",20,1,200,600,600,0.036140569893737658,NaN,"R_half_W_020","R_half","Incorrectly shared"
"P06","W",21,1,200,600,600,0.036269344289874807,NaN,"R_half_W_021","R_half","Incorrectly shared"
"P06","W",22,1,200,600,600,0.036201949319013674,NaN,"R_half_W_022","R_half","Incorrectly shared"
"P06","W",23,1,200,600,600,0.036231508430107896,NaN,"R_half_W_023","R_half","Incorrectly shared"
"P06","W",24,1,200,600,600,0.03615273297296568,NaN,"R_half_W_024","R_half","Incorrectly shared"
"P06","W",25,1,200,600,600,0.0361891742596194,NaN,"R_half_W_025","R_half","Incorrectly shared"
"P06","W",26,1,200,600,600,0.036180252035521075,NaN,"R_half_W_026","R_half","Incorrectly shared"
"P06","W",27,1,200,600,600,0.036127809720667058,NaN,"R_half_W_027","R_half","Incorrectly shared"
"P06","W",28,1,200,600,600,0.036193943055948266,NaN,"R_half_W_028","R_half","Incorrectly shared"
"P06","W",29,1,200,600,600,0.036250830799754157,NaN,"R_half_W_029","R_half","Incorrectly shared"
"P06","W",30,1,200,600,600,0.036178988597381605,NaN,"R_half_W_030","R_half","Incorrectly shared"
"P06","W",31,1,200,600,600,0.036199669934524996,NaN,"R_half_W_031","R_half","Incorrectly shared"
"P06","W",32,1,200,600,600,0.036130119065033481,NaN,"R_half_W_032","R_half","Incorrectly shared"
"P06","W",33,1,200,600,600,0.0362267120951714,NaN,"R_half_W_033","R_half","Incorrectly shared"
"P06","W",34,1,200,600,600,0.036104606781231556,NaN,"R_half_W_034","R_half","Incorrectly shared"
"P06","W",35,1,200,600,600,0.036168797784216215,NaN,"R_half_W_035","R_half","Incorrectly shared"
"P06","W",36,1,200,600,600,0.036105164197259697,NaN,"R_half_W_036","R_half","Incorrectly shared"
"P06","W",37,1,200,600,600,0.036184695609150871,NaN,"R_half_W_037","R_half","Incorrectly shared"
"P06","W",38,1,200,600,600,0.0361089902977531,NaN,"R_half_W_038","R_half","Incorrectly shared"
"P06","W",39,1,200,600,600,0.03618699164384373,NaN,"R_half_W_039","R_half","Incorrectly shared"
"P06","W",40,1,200,600,600,0.036204393005631247,NaN,"R_half_W_040","R_half","Incorrectly shared"
"P06","A",0,0,200,600,600,0.017839580097310584,NaN,"baseline_A_000","baseline","Affine"
"P06","A",1,1,200,600,600,0.017954743640245508,NaN,"baseline_A_001","baseline","Affine"
"P06","A",2,1,200,600,600,0.017800615837127106,NaN,"baseline_A_002","baseline","Affine"
"P06","A",3,1,200,600,600,0.017797298736078736,NaN,"baseline_A_003","baseline","Affine"
"P06","A",4,1,200,600,600,0.017921246951377191,NaN,"baseline_A_004","baseline","Affine"
"P06","A",5,1,200,600,600,0.017804524892880817,NaN,"baseline_A_005","baseline","Affine"
"P06","A",6,1,200,600,600,0.017865241586995421,NaN,"baseline_A_006","baseline","Affine"
"P06","A",7,1,200,600,600,0.017879810759921164,NaN,"baseline_A_007","baseline","Affine"
"P06","A",8,1,200,600,600,0.017867741113204917,NaN,"baseline_A_008","baseline","Affine"
"P06","A",9,1,200,600,600,0.017834737748571462,NaN,"baseline_A_009","baseline","Affine"
"P06","A",10,1,200,600,600,0.017860694399553657,NaN,"baseline_A_010","baseline","Affine"
"P06","A",11,1,200,600,600,0.017801122608580602,NaN,"baseline_A_011","baseline","Affine"
"P06","A",12,1,200,600,600,0.017785277180997414,NaN,"baseline_A_012","baseline","Affine"
"P06","A",13,1,200,600,600,0.017820091698010406,NaN,"baseline_A_013","baseline","Affine"
"P06","A",14,1,200,600,600,0.017841980260789717,NaN,"baseline_A_014","baseline","Affine"
"P06","A",15,1,200,600,600,0.017915366427026454,NaN,"baseline_A_015","baseline","Affine"
"P06","A",16,1,200,600,600,0.017914070506008947,NaN,"baseline_A_016","baseline","Affine"
"P06","A",17,1,200,600,600,0.017804000849906805,NaN,"baseline_A_017","baseline","Affine"
"P06","A",18,1,200,600,600,0.017836924056647354,NaN,"baseline_A_018","baseline","Affine"
"P06","A",19,1,200,600,600,0.017924633935890069,NaN,"baseline_A_019","baseline","Affine"
"P06","A",20,1,200,600,600,0.01781449876584619,NaN,"baseline_A_020","baseline","Affine"
"P06","A",21,1,200,600,600,0.017953545888485804,NaN,"baseline_A_021","baseline","Affine"
"P06","A",22,1,200,600,600,0.017865130896673614,NaN,"baseline_A_022","baseline","Affine"
"P06","A",23,1,200,600,600,0.017905389171869939,NaN,"baseline_A_023","baseline","Affine"
"P06","A",24,1,200,600,600,0.017831396776881288,NaN,"baseline_A_024","baseline","Affine"
"P06","A",25,1,200,600,600,0.017872869289625549,NaN,"baseline_A_025","baseline","Affine"
"P06","A",26,1,200,600,600,0.017849027538302326,NaN,"baseline_A_026","baseline","Affine"
"P06","A",27,1,200,600,600,0.01780061315213588,NaN,"baseline_A_027","baseline","Affine"
"P06","A",28,1,200,600,600,0.017858788901337658,NaN,"baseline_A_028","baseline","Affine"
"P06","A",29,1,200,600,600,0.017918412898297355,NaN,"baseline_A_029","baseline","Affine"
"P06","A",30,1,200,600,600,0.017874100690145153,NaN,"baseline_A_030","baseline","Affine"
"P06","A",31,1,200,600,600,0.017871923077739996,NaN,"baseline_A_031","baseline","Affine"
"P06","A",32,1,200,600,600,0.017805092373536648,NaN,"baseline_A_032","baseline","Affine"
"P06","A",33,1,200,600,600,0.017914500570651196,NaN,"baseline_A_033","baseline","Affine"
"P06","A",34,1,200,600,600,0.017788683524828163,NaN,"baseline_A_034","baseline","Affine"
"P06","A",35,1,200,600,600,0.017847669350491945,NaN,"baseline_A_035","baseline","Affine"
"P06","A",36,1,200,600,600,0.017777935662177693,NaN,"baseline_A_036","baseline","Affine"
"P06","A",37,1,200,600,600,0.017855521947586477,NaN,"baseline_A_037","baseline","Affine"
"P06","A",38,1,200,600,600,0.017779493280633912,NaN,"baseline_A_038","baseline","Affine"
"P06","A",39,1,200,600,600,0.017857068903248507,NaN,"baseline_A_039","baseline","Affine"
"P06","A",40,1,200,600,600,0.017870056186452769,NaN,"baseline_A_040","baseline","Affine"
"P06","K",0,0,200,600,600,2.8249906561004068e-17,NaN,"baseline_K_000","baseline","Known-model reference"
"P06","K",1,1,200,600,600,2.8249906561004068e-17,NaN,"baseline_K_001","baseline","Known-model reference"
"P06","K",2,1,200,600,600,2.8249906561004068e-17,NaN,"baseline_K_002","baseline","Known-model reference"
"P06","K",3,1,200,600,600,2.8249906561004068e-17,NaN,"baseline_K_003","baseline","Known-model reference"
"P06","K",4,1,200,600,600,2.8249906561004068e-17,NaN,"baseline_K_004","baseline","Known-model reference"
"P06","K",5,1,200,600,600,2.8249906561004068e-17,NaN,"baseline_K_005","baseline","Known-model reference"
"P06","K",6,1,200,600,600,2.8249906561004068e-17,NaN,"baseline_K_006","baseline","Known-model reference"
"P06","K",7,1,200,600,600,2.8249906561004068e-17,NaN,"baseline_K_007","baseline","Known-model reference"
"P06","K",8,1,200,600,600,2.8249906561004068e-17,NaN,"baseline_K_008","baseline","Known-model reference"
"P06","K",9,1,200,600,600,2.8249906561004068e-17,NaN,"baseline_K_009","baseline","Known-model reference"
"P06","K",10,1,200,600,600,2.8249906561004068e-17,NaN,"baseline_K_010","baseline","Known-model reference"
"P06","K",11,1,200,600,600,2.8249906561004068e-17,NaN,"baseline_K_011","baseline","Known-model reference"
"P06","K",12,1,200,600,600,2.8249906561004068e-17,NaN,"baseline_K_012","baseline","Known-model reference"
"P06","K",13,1,200,600,600,2.8249906561004068e-17,NaN,"baseline_K_013","baseline","Known-model reference"
"P06","K",14,1,200,600,600,2.8249906561004068e-17,NaN,"baseline_K_014","baseline","Known-model reference"
"P06","K",15,1,200,600,600,2.8249906561004068e-17,NaN,"baseline_K_015","baseline","Known-model reference"
"P06","K",16,1,200,600,600,2.8249906561004068e-17,NaN,"baseline_K_016","baseline","Known-model reference"
"P06","K",17,1,200,600,600,2.8249906561004068e-17,NaN,"baseline_K_017","baseline","Known-model reference"
"P06","K",18,1,200,600,600,2.8249906561004068e-17,NaN,"baseline_K_018","baseline","Known-model reference"
"P06","K",19,1,200,600,600,2.8249906561004068e-17,NaN,"baseline_K_019","baseline","Known-model reference"
"P06","K",20,1,200,600,600,2.8249906561004068e-17,NaN,"baseline_K_020","baseline","Known-model reference"
"P06","K",21,1,200,600,600,2.8249906561004068e-17,NaN,"baseline_K_021","baseline","Known-model reference"
"P06","K",22,1,200,600,600,2.8249906561004068e-17,NaN,"baseline_K_022","baseline","Known-model reference"
"P06","K",23,1,200,600,600,2.8249906561004068e-17,NaN,"baseline_K_023","baseline","Known-model reference"
"P06","K",24,1,200,600,600,2.8249906561004068e-17,NaN,"baseline_K_024","baseline","Known-model reference"
"P06","K",25,1,200,600,600,2.8249906561004068e-17,NaN,"baseline_K_025","baseline","Known-model reference"
"P06","K",26,1,200,600,600,2.8249906561004068e-17,NaN,"baseline_K_026","baseline","Known-model reference"
"P06","K",27,1,200,600,600,2.8249906561004068e-17,NaN,"baseline_K_027","baseline","Known-model reference"
"P06","K",28,1,200,600,600,2.8249906561004068e-17,NaN,"baseline_K_028","baseline","Known-model reference"
"P06","K",29,1,200,600,600,2.8249906561004068e-17,NaN,"baseline_K_029","baseline","Known-model reference"
"P06","K",30,1,200,600,600,2.8249906561004068e-17,NaN,"baseline_K_030","baseline","Known-model reference"
"P06","K",31,1,200,600,600,2.8249906561004068e-17,NaN,"baseline_K_031","baseline","Known-model reference"
"P06","K",32,1,200,600,600,2.8249906561004068e-17,NaN,"baseline_K_032","baseline","Known-model reference"
"P06","K",33,1,200,600,600,2.8249906561004068e-17,NaN,"baseline_K_033","baseline","Known-model reference"
"P06","K",34,1,200,600,600,2.8249906561004068e-17,NaN,"baseline_K_034","baseline","Known-model reference"
"P06","K",35,1,200,600,600,2.8249906561004068e-17,NaN,"baseline_K_035","baseline","Known-model reference"
"P06","K",36,1,200,600,600,2.8249906561004068e-17,NaN,"baseline_K_036","baseline","Known-model reference"
"P06","K",37,1,200,600,600,2.8249906561004068e-17,NaN,"baseline_K_037","baseline","Known-model reference"
"P06","K",38,1,200,600,600,2.8249906561004068e-17,NaN,"baseline_K_038","baseline","Known-model reference"
"P06","K",39,1,200,600,600,2.8249906561004068e-17,NaN,"baseline_K_039","baseline","Known-model reference"
"P06","K",40,1,200,600,600,2.8249906561004068e-17,NaN,"baseline_K_040","baseline","Known-model reference"
"P06","P2",0,0,200,600,600,0.00012383922521795135,0.096700695179609469,"baseline_P2_000","baseline","Complete quadratic"
"P06","P2",1,1,200,600,600,0.0012139575494383354,0.28806699273898112,"baseline_P2_001","baseline","Complete quadratic"
"P06","P2",2,1,200,600,600,0.00066954069995666776,0.47077812158107385,"baseline_P2_002","baseline","Complete quadratic"
"P06","P2",3,1,200,600,600,0.0010335874064655887,0.29193397138325711,"baseline_P2_003","baseline","Complete quadratic"
"P06","P2",4,1,200,600,600,0.0010169356483132543,0.2973799020560568,"baseline_P2_004","baseline","Complete quadratic"
"P06","P2",5,1,200,600,600,0.00068652529798572854,0.34420771106545112,"baseline_P2_005","baseline","Complete quadratic"
"P06","P2",6,1,200,600,600,0.00099703173625458551,0.61126893872995647,"baseline_P2_006","baseline","Complete quadratic"
"P06","P2",7,1,200,600,600,0.00078862379569327506,0.26298497141098004,"baseline_P2_007","baseline","Complete quadratic"
"P06","P2",8,1,200,600,600,0.00093837231426196544,0.77347948107034348,"baseline_P2_008","baseline","Complete quadratic"
"P06","P2",9,1,200,600,600,0.0011209473877904022,0.75509032882791205,"baseline_P2_009","baseline","Complete quadratic"
"P06","P2",10,1,200,600,600,0.00092170581074008627,0.42455537268112947,"baseline_P2_010","baseline","Complete quadratic"
"P06","P2",11,1,200,600,600,0.0016435846480897644,0.9332733982693755,"baseline_P2_011","baseline","Complete quadratic"
"P06","P2",12,1,200,600,600,0.0010021408840396812,0.47226065296111841,"baseline_P2_012","baseline","Complete quadratic"
"P06","P2",13,1,200,600,600,0.00086990257935239427,0.68807773595303445,"baseline_P2_013","baseline","Complete quadratic"
"P06","P2",14,1,200,600,600,0.00093919166593800247,0.37139789418363456,"baseline_P2_014","baseline","Complete quadratic"
"P06","P2",15,1,200,600,600,0.00072130675486252211,0.19104093991898916,"baseline_P2_015","baseline","Complete quadratic"
"P06","P2",16,1,200,600,600,0.00091459339209304076,0.61984031713926491,"baseline_P2_016","baseline","Complete quadratic"
"P06","P2",17,1,200,600,600,0.00060849401027559353,0.40794010699573768,"baseline_P2_017","baseline","Complete quadratic"
"P06","P2",18,1,200,600,600,0.00075427014712603729,0.34152111174613092,"baseline_P2_018","baseline","Complete quadratic"
"P06","P2",19,1,200,600,600,0.0018631099373355297,1.7041772760264122,"baseline_P2_019","baseline","Complete quadratic"
"P06","P2",20,1,200,600,600,0.0010984525850687788,0.45464721442244399,"baseline_P2_020","baseline","Complete quadratic"
"P06","P2",21,1,200,600,600,0.0011565400708381914,0.66208411970262437,"baseline_P2_021","baseline","Complete quadratic"
"P06","P2",22,1,200,600,600,0.00027204766444193716,0.075869289712373819,"baseline_P2_022","baseline","Complete quadratic"
"P06","P2",23,1,200,600,600,0.00098472084188014819,0.50238855947822381,"baseline_P2_023","baseline","Complete quadratic"
"P06","P2",24,1,200,600,600,0.0007519796583963528,0.32772077811148509,"baseline_P2_024","baseline","Complete quadratic"
"P06","P2",25,1,200,600,600,0.00091209552673722613,0.43831834854681873,"baseline_P2_025","baseline","Complete quadratic"
"P06","P2",26,1,200,600,600,0.001000707806879293,0.41961983596524399,"baseline_P2_026","baseline","Complete quadratic"
"P06","P2",27,1,200,600,600,0.00048111065578929698,0.28722230099440232,"baseline_P2_027","baseline","Complete quadratic"
"P06","P2",28,1,200,600,600,0.001035496987113158,0.55766905855588844,"baseline_P2_028","baseline","Complete quadratic"
"P06","P2",29,1,200,600,600,0.00099120027754201956,0.67645088610495974,"baseline_P2_029","baseline","Complete quadratic"
"P06","P2",30,1,200,600,600,0.0012514923569143051,0.77882759489261499,"baseline_P2_030","baseline","Complete quadratic"
"P06","P2",31,1,200,600,600,0.00061827176177417953,0.586383631538827,"baseline_P2_031","baseline","Complete quadratic"
"P06","P2",32,1,200,600,600,0.00084524512708974335,0.25666197932312235,"baseline_P2_032","baseline","Complete quadratic"
"P06","P2",33,1,200,600,600,0.00072775120786800407,0.26570981271606586,"baseline_P2_033","baseline","Complete quadratic"
"P06","P2",34,1,200,600,600,0.00096179572487939727,0.25827647449062557,"baseline_P2_034","baseline","Complete quadratic"
"P06","P2",35,1,200,600,600,0.0012612836128885632,0.97474211975192337,"baseline_P2_035","baseline","Complete quadratic"
"P06","P2",36,1,200,600,600,0.00088445440095531486,0.77164425809649617,"baseline_P2_036","baseline","Complete quadratic"
"P06","P2",37,1,200,600,600,0.0016198369644014447,1.5719060117346053,"baseline_P2_037","baseline","Complete quadratic"
"P06","P2",38,1,200,600,600,0.0012270984650145143,0.97647589433877591,"baseline_P2_038","baseline","Complete quadratic"
"P06","P2",39,1,200,600,600,0.00032668975228331584,0.13257614866675416,"baseline_P2_039","baseline","Complete quadratic"
"P06","P2",40,1,200,600,600,0.0014711276127362277,0.69718899241826293,"baseline_P2_040","baseline","Complete quadratic"
"P06","R",0,0,200,600,600,3.953594316954122e-05,0.006038254842292712,"baseline_R_000","baseline","Relaxed"
"P06","R",1,1,200,600,600,0.0011802222251939992,0.39157612821764187,"baseline_R_001","baseline","Relaxed"
"P06","R",2,1,200,600,600,0.00036318675350380605,0.093499754824698744,"baseline_R_002","baseline","Relaxed"
"P06","R",3,1,200,600,600,0.00091665061071154348,0.37847157194985115,"baseline_R_003","baseline","Relaxed"
"P06","R",4,1,200,600,600,0.00096724542111147234,0.39519462683095979,"baseline_R_004","baseline","Relaxed"
"P06","R",5,1,200,600,600,0.00054501893776756779,0.13778558288883086,"baseline_R_005","baseline","Relaxed"
"P06","R",6,1,200,600,600,0.0007232626142355458,0.19607825671800255,"baseline_R_006","baseline","Relaxed"
"P06","R",7,1,200,600,600,0.0007478374210539917,0.17897714509607995,"baseline_R_007","baseline","Relaxed"
"P06","R",8,1,200,600,600,0.0004280460008438846,0.13186317797916053,"baseline_R_008","baseline","Relaxed"
"P06","R",9,1,200,600,600,0.00065198293093605487,0.273674764099194,"baseline_R_009","baseline","Relaxed"
"P06","R",10,1,200,600,600,0.00074587606196793341,0.18560321113918213,"baseline_R_010","baseline","Relaxed"
"P06","R",11,1,200,600,600,0.0010064843212349032,0.31355146170336295,"baseline_R_011","baseline","Relaxed"
"P06","R",12,1,200,600,600,0.00074000324618885764,0.25539231115482031,"baseline_R_012","baseline","Relaxed"
"P06","R",13,1,200,600,600,0.00039108091794732577,0.093124594317481407,"baseline_R_013","baseline","Relaxed"
"P06","R",14,1,200,600,600,0.0004931974992470414,0.12168384871589769,"baseline_R_014","baseline","Relaxed"
"P06","R",15,1,200,600,600,0.00072116509862053899,0.19314608369727257,"baseline_R_015","baseline","Relaxed"
"P06","R",16,1,200,600,600,0.00054124782402027662,0.029408963038958791,"baseline_R_016","baseline","Relaxed"
"P06","R",17,1,200,600,600,0.00051038635963137409,0.14554672329841603,"baseline_R_017","baseline","Relaxed"
"P06","R",18,1,200,600,600,0.00069725513321157017,0.1354666140642283,"baseline_R_018","baseline","Relaxed"
"P06","R",19,1,200,600,600,0.0010168396125924276,0.29024347374885251,"baseline_R_019","baseline","Relaxed"
"P06","R",20,1,200,600,600,0.00052505581782096434,0.17476425727206465,"baseline_R_020","baseline","Relaxed"
"P06","R",21,1,200,600,600,0.001073404434405507,0.2950015716020748,"baseline_R_021","baseline","Relaxed"
"P06","R",22,1,200,600,600,0.00023937655044399981,0.042544020954091363,"baseline_R_022","baseline","Relaxed"
"P06","R",23,1,200,600,600,0.00079231520839256702,0.25017062489563091,"baseline_R_023","baseline","Relaxed"
"P06","R",24,1,200,600,600,0.0004398886332146587,0.16983378040699412,"baseline_R_024","baseline","Relaxed"
"P06","R",25,1,200,600,600,0.00084350839695611747,0.1893609904063927,"baseline_R_025","baseline","Relaxed"
"P06","R",26,1,200,600,600,0.00063538385313032864,0.13388076276672567,"baseline_R_026","baseline","Relaxed"
"P06","R",27,1,200,600,600,0.0003549238332230403,0.052893837012195917,"baseline_R_027","baseline","Relaxed"
"P06","R",28,1,200,600,600,0.00045036239840763077,0.16957681300169528,"baseline_R_028","baseline","Relaxed"
"P06","R",29,1,200,600,600,0.00067463989194555961,0.22831284465520163,"baseline_R_029","baseline","Relaxed"
"P06","R",30,1,200,600,600,0.00087558070288886966,0.25679085593841705,"baseline_R_030","baseline","Relaxed"
"P06","R",31,1,200,600,600,0.00040618433469701525,0.14525461257150876,"baseline_R_031","baseline","Relaxed"
"P06","R",32,1,200,600,600,0.00068560922962301418,0.12503528195827585,"baseline_R_032","baseline","Relaxed"
"P06","R",33,1,200,600,600,0.00071946821880277171,0.1802864000555072,"baseline_R_033","baseline","Relaxed"
"P06","R",34,1,200,600,600,0.00082892247456734631,0.23797377232600869,"baseline_R_034","baseline","Relaxed"
"P06","R",35,1,200,600,600,0.0003339335648129641,0.070294868544203457,"baseline_R_035","baseline","Relaxed"
"P06","R",36,1,200,600,600,0.0005137556288393395,0.12700557947940694,"baseline_R_036","baseline","Relaxed"
"P06","R",37,1,200,600,600,0.00036560530771073289,0.097944168424457217,"baseline_R_037","baseline","Relaxed"
"P06","R",38,1,200,600,600,0.00087556756895824949,0.27736380374264363,"baseline_R_038","baseline","Relaxed"
"P06","R",39,1,200,600,600,0.00017622661744472247,0.052570939629511711,"baseline_R_039","baseline","Relaxed"
"P06","R",40,1,200,600,600,0.00050371525914901882,0.19092544511896506,"baseline_R_040","baseline","Relaxed"
"P06","S",0,0,200,600,600,2.7737726636439226e-05,0.0035800977161859911,"baseline_S_000","baseline","Shared"
"P06","S",1,1,200,600,600,0.00077286899569429287,0.19403238785603377,"baseline_S_001","baseline","Shared"
"P06","S",2,1,200,600,600,0.00026420898353353672,0.036005475275347004,"baseline_S_002","baseline","Shared"
"P06","S",3,1,200,600,600,0.00052173990129516872,0.091705396379293716,"baseline_S_003","baseline","Shared"
"P06","S",4,1,200,600,600,0.00067795425650812879,0.18669259477355726,"baseline_S_004","baseline","Shared"
"P06","S",5,1,200,600,600,0.00050209749433879089,0.1393046967092004,"baseline_S_005","baseline","Shared"
"P06","S",6,1,200,600,600,0.00058906987985146871,0.10573795504577377,"baseline_S_006","baseline","Shared"
"P06","S",7,1,200,600,600,0.0007137965504524777,0.18551575115069505,"baseline_S_007","baseline","Shared"
"P06","S",8,1,200,600,600,0.00034557455183700905,0.10111421795794028,"baseline_S_008","baseline","Shared"
"P06","S",9,1,200,600,600,0.0002683738458489501,0.036512925545002399,"baseline_S_009","baseline","Shared"
"P06","S",10,1,200,600,600,0.00073507473302663847,0.19845198213005574,"baseline_S_010","baseline","Shared"
"P06","S",11,1,200,600,600,0.000925313320452559,0.23547908365907028,"baseline_S_011","baseline","Shared"
"P06","S",12,1,200,600,600,0.00067046106157968093,0.19624530437215465,"baseline_S_012","baseline","Shared"
"P06","S",13,1,200,600,600,0.00036129256961965839,0.073130949474997861,"baseline_S_013","baseline","Shared"
"P06","S",14,1,200,600,600,0.00049118237180762511,0.13730568071435384,"baseline_S_014","baseline","Shared"
"P06","S",15,1,200,600,600,0.00069345468210475563,0.20879826920848035,"baseline_S_015","baseline","Shared"
"P06","S",16,1,200,600,600,0.00053922615573583185,0.030674923244774468,"baseline_S_016","baseline","Shared"
"P06","S",17,1,200,600,600,0.0004571934086234228,0.08500145698693834,"baseline_S_017","baseline","Shared"
"P06","S",18,1,200,600,600,0.00065206089628927727,0.087494380607564259,"baseline_S_018","baseline","Shared"
"P06","S",19,1,200,600,600,0.00089934490003464463,0.2684109286143766,"baseline_S_019","baseline","Shared"
"P06","S",20,1,200,600,600,0.00030676620974477698,0.038245488206561616,"baseline_S_020","baseline","Shared"
"P06","S",21,1,200,600,600,0.00089938638079847485,0.23640989404285823,"baseline_S_021","baseline","Shared"
"P06","S",22,1,200,600,600,0.00023538227915431234,0.048659907660969476,"baseline_S_022","baseline","Shared"
"P06","S",23,1,200,600,600,0.0006005639140904158,0.17617783555712346,"baseline_S_023","baseline","Shared"
"P06","S",24,1,200,600,600,0.00028881214122275885,0.082375197335500888,"baseline_S_024","baseline","Shared"
"P06","S",25,1,200,600,600,0.00083959519901444376,0.21552083300982844,"baseline_S_025","baseline","Shared"
"P06","S",26,1,200,600,600,0.00060868539284229686,0.12959415394005108,"baseline_S_026","baseline","Shared"
"P06","S",27,1,200,600,600,0.00034837181587736387,0.051102838248727751,"baseline_S_027","baseline","Shared"
"P06","S",28,1,200,600,600,0.00026499662460597603,0.047713981551619565,"baseline_S_028","baseline","Shared"
"P06","S",29,1,200,600,600,0.00040356690255505181,0.10126434164624708,"baseline_S_029","baseline","Shared"
"P06","S",30,1,200,600,600,0.00085111756481575404,0.25206257527307463,"baseline_S_030","baseline","Shared"
"P06","S",31,1,200,600,600,0.0002235580978766141,0.061208460814515121,"baseline_S_031","baseline","Shared"
"P06","S",32,1,200,600,600,0.00066630672360203981,0.12404143669033588,"baseline_S_032","baseline","Shared"
"P06","S",33,1,200,600,600,0.00071776728810741869,0.20183680787568081,"baseline_S_033","baseline","Shared"
"P06","S",34,1,200,600,600,0.00058617554235934361,0.090143910044642728,"baseline_S_034","baseline","Shared"
"P06","S",35,1,200,600,600,0.00032831954999421351,0.077050104871693906,"baseline_S_035","baseline","Shared"
"P06","S",36,1,200,600,600,0.00047978319660053881,0.058535720415901916,"baseline_S_036","baseline","Shared"
"P06","S",37,1,200,600,600,0.00036001730201791032,0.10426785079200873,"baseline_S_037","baseline","Shared"
"P06","S",38,1,200,600,600,0.00078559346054415426,0.18706322640519973,"baseline_S_038","baseline","Shared"
"P06","S",39,1,200,600,600,0.00012340058709618484,0.0098872138631691513,"baseline_S_039","baseline","Shared"
"P06","S",40,1,200,600,600,0.00025010939961554458,0.066503459863391623,"baseline_S_040","baseline","Shared"
"P06","W",0,0,200,600,600,0.036170045006181796,NaN,"baseline_W_000","baseline","Incorrectly shared"
"P06","W",1,1,200,600,600,0.036282834819916024,NaN,"baseline_W_001","baseline","Incorrectly shared"
"P06","W",2,1,200,600,600,0.036131635914702163,NaN,"baseline_W_002","baseline","Incorrectly shared"
"P06","W",3,1,200,600,600,0.036141927132429717,NaN,"baseline_W_003","baseline","Incorrectly shared"
"P06","W",4,1,200,600,600,0.036229440036683436,NaN,"baseline_W_004","baseline","Incorrectly shared"
"P06","W",5,1,200,600,600,0.036130203673766778,NaN,"baseline_W_005","baseline","Incorrectly shared"
"P06","W",6,1,200,600,600,0.036189548952421664,NaN,"baseline_W_006","baseline","Incorrectly shared"
"P06","W",7,1,200,600,600,0.036206087040190918,NaN,"baseline_W_007","baseline","Incorrectly shared"
"P06","W",8,1,200,600,600,0.03619959655907054,NaN,"baseline_W_008","baseline","Incorrectly shared"
"P06","W",9,1,200,600,600,0.036170286877456236,NaN,"baseline_W_009","baseline","Incorrectly shared"
"P06","W",10,1,200,600,600,0.036179249657043673,NaN,"baseline_W_010","baseline","Incorrectly shared"
"P06","W",11,1,200,600,600,0.036134675424873794,NaN,"baseline_W_011","baseline","Incorrectly shared"
"P06","W",12,1,200,600,600,0.036114430817572672,NaN,"baseline_W_012","baseline","Incorrectly shared"
"P06","W",13,1,200,600,600,0.036149737344050893,NaN,"baseline_W_013","baseline","Incorrectly shared"
"P06","W",14,1,200,600,600,0.036162799345011071,NaN,"baseline_W_014","baseline","Incorrectly shared"
"P06","W",15,1,200,600,600,0.036240560642008569,NaN,"baseline_W_015","baseline","Incorrectly shared"
"P06","W",16,1,200,600,600,0.036247598990164311,NaN,"baseline_W_016","baseline","Incorrectly shared"
"P06","W",17,1,200,600,600,0.036134920286276281,NaN,"baseline_W_017","baseline","Incorrectly shared"
"P06","W",18,1,200,600,600,0.036166089989380125,NaN,"baseline_W_018","baseline","Incorrectly shared"
"P06","W",19,1,200,600,600,0.036244666590186624,NaN,"baseline_W_019","baseline","Incorrectly shared"
"P06","W",20,1,200,600,600,0.036140569893737658,NaN,"baseline_W_020","baseline","Incorrectly shared"
"P06","W",21,1,200,600,600,0.036269344289874807,NaN,"baseline_W_021","baseline","Incorrectly shared"
"P06","W",22,1,200,600,600,0.036201949319013674,NaN,"baseline_W_022","baseline","Incorrectly shared"
"P06","W",23,1,200,600,600,0.036231508430107896,NaN,"baseline_W_023","baseline","Incorrectly shared"
"P06","W",24,1,200,600,600,0.03615273297296568,NaN,"baseline_W_024","baseline","Incorrectly shared"
"P06","W",25,1,200,600,600,0.0361891742596194,NaN,"baseline_W_025","baseline","Incorrectly shared"
"P06","W",26,1,200,600,600,0.036180252035521075,NaN,"baseline_W_026","baseline","Incorrectly shared"
"P06","W",27,1,200,600,600,0.036127809720667058,NaN,"baseline_W_027","baseline","Incorrectly shared"
"P06","W",28,1,200,600,600,0.036193943055948266,NaN,"baseline_W_028","baseline","Incorrectly shared"
"P06","W",29,1,200,600,600,0.036250830799754157,NaN,"baseline_W_029","baseline","Incorrectly shared"
"P06","W",30,1,200,600,600,0.036178988597381605,NaN,"baseline_W_030","baseline","Incorrectly shared"
"P06","W",31,1,200,600,600,0.036199669934524996,NaN,"baseline_W_031","baseline","Incorrectly shared"
"P06","W",32,1,200,600,600,0.036130119065033481,NaN,"baseline_W_032","baseline","Incorrectly shared"
"P06","W",33,1,200,600,600,0.0362267120951714,NaN,"baseline_W_033","baseline","Incorrectly shared"
"P06","W",34,1,200,600,600,0.036104606781231556,NaN,"baseline_W_034","baseline","Incorrectly shared"
"P06","W",35,1,200,600,600,0.036168797784216215,NaN,"baseline_W_035","baseline","Incorrectly shared"
"P06","W",36,1,200,600,600,0.036105164197259697,NaN,"baseline_W_036","baseline","Incorrectly shared"
"P06","W",37,1,200,600,600,0.036184695609150871,NaN,"baseline_W_037","baseline","Incorrectly shared"
"P06","W",38,1,200,600,600,0.0361089902977531,NaN,"baseline_W_038","baseline","Incorrectly shared"
"P06","W",39,1,200,600,600,0.03618699164384373,NaN,"baseline_W_039","baseline","Incorrectly shared"
"P06","W",40,1,200,600,600,0.036204393005631247,NaN,"baseline_W_040","baseline","Incorrectly shared"
"P06","A",0,0,100,600,600,0.020936803946187684,NaN,"fit_100_A_000","fit_100","Affine"
"P06","A",1,1,100,600,600,0.020691739569799257,NaN,"fit_100_A_001","fit_100","Affine"
"P06","A",2,1,100,600,600,0.021209599721902738,NaN,"fit_100_A_002","fit_100","Affine"
"P06","A",3,1,100,600,600,0.020547802718537223,NaN,"fit_100_A_003","fit_100","Affine"
"P06","A",4,1,100,600,600,0.021231181776417109,NaN,"fit_100_A_004","fit_100","Affine"
"P06","A",5,1,100,600,600,0.020799127146000705,NaN,"fit_100_A_005","fit_100","Affine"
"P06","A",6,1,100,600,600,0.021074030615462914,NaN,"fit_100_A_006","fit_100","Affine"
"P06","A",7,1,100,600,600,0.020308596967196828,NaN,"fit_100_A_007","fit_100","Affine"
"P06","A",8,1,100,600,600,0.020485483270611608,NaN,"fit_100_A_008","fit_100","Affine"
"P06","A",9,1,100,600,600,0.020764026235903531,NaN,"fit_100_A_009","fit_100","Affine"
"P06","A",10,1,100,600,600,0.020800917624249494,NaN,"fit_100_A_010","fit_100","Affine"
"P06","A",11,1,100,600,600,0.020472698197943458,NaN,"fit_100_A_011","fit_100","Affine"
"P06","A",12,1,100,600,600,0.021027188018774786,NaN,"fit_100_A_012","fit_100","Affine"
"P06","A",13,1,100,600,600,0.020991678683569669,NaN,"fit_100_A_013","fit_100","Affine"
"P06","A",14,1,100,600,600,0.020784255713993359,NaN,"fit_100_A_014","fit_100","Affine"
"P06","A",15,1,100,600,600,0.021446787068308729,NaN,"fit_100_A_015","fit_100","Affine"
"P06","A",16,1,100,600,600,0.020919863893853193,NaN,"fit_100_A_016","fit_100","Affine"
"P06","A",17,1,100,600,600,0.020781570501687274,NaN,"fit_100_A_017","fit_100","Affine"
"P06","A",18,1,100,600,600,0.020708286498736347,NaN,"fit_100_A_018","fit_100","Affine"
"P06","A",19,1,100,600,600,0.021500077410794512,NaN,"fit_100_A_019","fit_100","Affine"
"P06","A",20,1,100,600,600,0.020933146555334483,NaN,"fit_100_A_020","fit_100","Affine"
"P06","A",21,1,100,600,600,0.021576057212467827,NaN,"fit_100_A_021","fit_100","Affine"
"P06","A",22,1,100,600,600,0.0209196243788527,NaN,"fit_100_A_022","fit_100","Affine"
"P06","A",23,1,100,600,600,0.021207887848726445,NaN,"fit_100_A_023","fit_100","Affine"
"P06","A",24,1,100,600,600,0.020783200578784248,NaN,"fit_100_A_024","fit_100","Affine"
"P06","A",25,1,100,600,600,0.020556006721933306,NaN,"fit_100_A_025","fit_100","Affine"
"P06","A",26,1,100,600,600,0.020760299351567278,NaN,"fit_100_A_026","fit_100","Affine"
"P06","A",27,1,100,600,600,0.020312477685490739,NaN,"fit_100_A_027","fit_100","Affine"
"P06","A",28,1,100,600,600,0.020789598725032901,NaN,"fit_100_A_028","fit_100","Affine"
"P06","A",29,1,100,600,600,0.020693104040664791,NaN,"fit_100_A_029","fit_100","Affine"
"P06","A",30,1,100,600,600,0.020800698918560317,NaN,"fit_100_A_030","fit_100","Affine"
"P06","A",31,1,100,600,600,0.021297389547053694,NaN,"fit_100_A_031","fit_100","Affine"
"P06","A",32,1,100,600,600,0.020825613354360454,NaN,"fit_100_A_032","fit_100","Affine"
"P06","A",33,1,100,600,600,0.021021008656588683,NaN,"fit_100_A_033","fit_100","Affine"
"P06","A",34,1,100,600,600,0.020899227065185731,NaN,"fit_100_A_034","fit_100","Affine"
"P06","A",35,1,100,600,600,0.020854553013477824,NaN,"fit_100_A_035","fit_100","Affine"
"P06","A",36,1,100,600,600,0.020909939510269697,NaN,"fit_100_A_036","fit_100","Affine"
"P06","A",37,1,100,600,600,0.020858446120933023,NaN,"fit_100_A_037","fit_100","Affine"
"P06","A",38,1,100,600,600,0.020789243031037234,NaN,"fit_100_A_038","fit_100","Affine"
"P06","A",39,1,100,600,600,0.021217581085475112,NaN,"fit_100_A_039","fit_100","Affine"
"P06","A",40,1,100,600,600,0.020843472844606647,NaN,"fit_100_A_040","fit_100","Affine"
"P06","P2",0,0,100,600,600,0.00036943193467852997,0.19321940580095756,"fit_100_P2_000","fit_100","Complete quadratic"
"P06","P2",1,1,100,600,600,0.0012941713692357776,0.99742004925126038,"fit_100_P2_001","fit_100","Complete quadratic"
"P06","P2",2,1,100,600,600,0.00070483245386704797,0.58141846360704674,"fit_100_P2_002","fit_100","Complete quadratic"
"P06","P2",3,1,100,600,600,0.0018207271920973539,0.67953438113496722,"fit_100_P2_003","fit_100","Complete quadratic"
"P06","P2",4,1,100,600,600,0.0011340096566495412,0.63099817930935576,"fit_100_P2_004","fit_100","Complete quadratic"
"P06","P2",5,1,100,600,600,0.0010916490036873862,0.22408315584504873,"fit_100_P2_005","fit_100","Complete quadratic"
"P06","P2",6,1,100,600,600,0.00091102763706514035,0.59471717478092256,"fit_100_P2_006","fit_100","Complete quadratic"
"P06","P2",7,1,100,600,600,0.0021745529428198285,0.88496474025937466,"fit_100_P2_007","fit_100","Complete quadratic"
"P06","P2",8,1,100,600,600,0.0015044778723959209,0.89779007653582765,"fit_100_P2_008","fit_100","Complete quadratic"
"P06","P2",9,1,100,600,600,0.00081412427617013174,0.2209440947744962,"fit_100_P2_009","fit_100","Complete quadratic"
"P06","P2",10,1,100,600,600,0.0020747067745198388,1.2827528164864854,"fit_100_P2_010","fit_100","Complete quadratic"
"P06","P2",11,1,100,600,600,0.0017454485328375325,0.66653535428149047,"fit_100_P2_011","fit_100","Complete quadratic"
"P06","P2",12,1,100,600,600,0.0017896479230580199,1.0279611877189652,"fit_100_P2_012","fit_100","Complete quadratic"
"P06","P2",13,1,100,600,600,0.0009514616047279587,0.79118710963148309,"fit_100_P2_013","fit_100","Complete quadratic"
"P06","P2",14,1,100,600,600,0.00062183525440890047,0.17588050746243344,"fit_100_P2_014","fit_100","Complete quadratic"
"P06","P2",15,1,100,600,600,0.0022027418855373694,0.42243979311467295,"fit_100_P2_015","fit_100","Complete quadratic"
"P06","P2",16,1,100,600,600,0.0013692684731739274,0.55645177022402104,"fit_100_P2_016","fit_100","Complete quadratic"
"P06","P2",17,1,100,600,600,0.0010175625165992684,0.37078710300783851,"fit_100_P2_017","fit_100","Complete quadratic"
"P06","P2",18,1,100,600,600,0.0011060942365093069,0.31396868334247624,"fit_100_P2_018","fit_100","Complete quadratic"
"P06","P2",19,1,100,600,600,0.0028469824051064055,1.7963413955081007,"fit_100_P2_019","fit_100","Complete quadratic"
"P06","P2",20,1,100,600,600,0.00084751341434606293,0.48025230347968789,"fit_100_P2_020","fit_100","Complete quadratic"
"P06","P2",21,1,100,600,600,0.0014615538347183734,0.5616793136824717,"fit_100_P2_021","fit_100","Complete quadratic"
"P06","P2",22,1,100,600,600,0.0014683167727838297,0.70319620413503159,"fit_100_P2_022","fit_100","Complete quadratic"
"P06","P2",23,1,100,600,600,0.0018256624260186342,0.80795922507681861,"fit_100_P2_023","fit_100","Complete quadratic"
"P06","P2",24,1,100,600,600,0.001111286183330667,0.50375176506402941,"fit_100_P2_024","fit_100","Complete quadratic"
"P06","P2",25,1,100,600,600,0.0011409212062461003,0.24436579033584221,"fit_100_P2_025","fit_100","Complete quadratic"
"P06","P2",26,1,100,600,600,0.001067130984621509,0.68712848195990284,"fit_100_P2_026","fit_100","Complete quadratic"
"P06","P2",27,1,100,600,600,0.002094413940153471,0.82364830192742433,"fit_100_P2_027","fit_100","Complete quadratic"
"P06","P2",28,1,100,600,600,0.0012713349124905571,0.2525121946808343,"fit_100_P2_028","fit_100","Complete quadratic"
"P06","P2",29,1,100,600,600,0.0012772893290253907,0.95772052085093218,"fit_100_P2_029","fit_100","Complete quadratic"
"P06","P2",30,1,100,600,600,0.0010946818928349504,0.43535831634532229,"fit_100_P2_030","fit_100","Complete quadratic"
"P06","P2",31,1,100,600,600,0.0017949262407607437,0.97753363537547311,"fit_100_P2_031","fit_100","Complete quadratic"
"P06","P2",32,1,100,600,600,0.0018079830357045897,1.2430401859573499,"fit_100_P2_032","fit_100","Complete quadratic"
"P06","P2",33,1,100,600,600,0.00070256591645740567,0.67673098701433065,"fit_100_P2_033","fit_100","Complete quadratic"
"P06","P2",34,1,100,600,600,0.001485234554607123,0.56550858000188775,"fit_100_P2_034","fit_100","Complete quadratic"
"P06","P2",35,1,100,600,600,0.0017804026505116371,1.5602830086086568,"fit_100_P2_035","fit_100","Complete quadratic"
"P06","P2",36,1,100,600,600,0.0013358931938670573,0.98566938661704495,"fit_100_P2_036","fit_100","Complete quadratic"
"P06","P2",37,1,100,600,600,0.0014871984791514114,1.4398246534082622,"fit_100_P2_037","fit_100","Complete quadratic"
"P06","P2",38,1,100,600,600,0.0015878038595192772,1.4829918295620941,"fit_100_P2_038","fit_100","Complete quadratic"
"P06","P2",39,1,100,600,600,0.0011485651424083057,0.4134440304420256,"fit_100_P2_039","fit_100","Complete quadratic"
"P06","P2",40,1,100,600,600,0.0020311806803873633,1.0475738673941428,"fit_100_P2_040","fit_100","Complete quadratic"
"P06","R",0,0,100,600,600,0.00015151836279306456,0.034242026076182402,"fit_100_R_000","fit_100","Relaxed"
"P06","R",1,1,100,600,600,0.0012412543762858194,0.47830620626716291,"fit_100_R_001","fit_100","Relaxed"
"P06","R",2,1,100,600,600,0.00051574491976185278,0.07170374947886185,"fit_100_R_002","fit_100","Relaxed"
"P06","R",3,1,100,600,600,0.001417679800893523,0.62742020623080363,"fit_100_R_003","fit_100","Relaxed"
"P06","R",4,1,100,600,600,0.00054599464028536038,0.19141441806003634,"fit_100_R_004","fit_100","Relaxed"
"P06","R",5,1,100,600,600,0.00095037448626652534,0.26551526384430318,"fit_100_R_005","fit_100","Relaxed"
"P06","R",6,1,100,600,600,0.00068360846320302015,0.10422683749455952,"fit_100_R_006","fit_100","Relaxed"
"P06","R",7,1,100,600,600,0.0021024445767012182,0.34791812423179347,"fit_100_R_007","fit_100","Relaxed"
"P06","R",8,1,100,600,600,0.00083074293600639022,0.17830959310652889,"fit_100_R_008","fit_100","Relaxed"
"P06","R",9,1,100,600,600,0.00074677119142126905,0.29943204071546548,"fit_100_R_009","fit_100","Relaxed"
"P06","R",10,1,100,600,600,0.0017144917365361186,0.43207090893506567,"fit_100_R_010","fit_100","Relaxed"
"P06","R",11,1,100,600,600,0.001340477461188773,0.44967309554061069,"fit_100_R_011","fit_100","Relaxed"
"P06","R",12,1,100,600,600,0.0018207954306439021,0.55666620880265127,"fit_100_R_012","fit_100","Relaxed"
"P06","R",13,1,100,600,600,0.00074296903774731895,0.22717360720134511,"fit_100_R_013","fit_100","Relaxed"
"P06","R",14,1,100,600,600,0.00055504863507807448,0.14232881175774786,"fit_100_R_014","fit_100","Relaxed"
"P06","R",15,1,100,600,600,0.0022798814054196211,0.62814169695922628,"fit_100_R_015","fit_100","Relaxed"
"P06","R",16,1,100,600,600,0.00090132939884577095,0.16868620214450092,"fit_100_R_016","fit_100","Relaxed"
"P06","R",17,1,100,600,600,0.00088180749310386034,0.21354105277641913,"fit_100_R_017","fit_100","Relaxed"
"P06","R",18,1,100,600,600,0.0011169089297619324,0.31060286043837199,"fit_100_R_018","fit_100","Relaxed"
"P06","R",19,1,100,600,600,0.0027306744334213962,0.74373936364958304,"fit_100_R_019","fit_100","Relaxed"
"P06","R",20,1,100,600,600,0.00045946116249694584,0.12028957073249577,"fit_100_R_020","fit_100","Relaxed"
"P06","R",21,1,100,600,600,0.0015513265930250728,0.31715055212777832,"fit_100_R_021","fit_100","Relaxed"
"P06","R",22,1,100,600,600,0.00034320551344688789,0.092696986135784962,"fit_100_R_022","fit_100","Relaxed"
"P06","R",23,1,100,600,600,0.00083923379924851079,0.08631726720378731,"fit_100_R_023","fit_100","Relaxed"
"P06","R",24,1,100,600,600,0.001061326223568272,0.27123261863958403,"fit_100_R_024","fit_100","Relaxed"
"P06","R",25,1,100,600,600,0.001161448996508458,0.25036189657429209,"fit_100_R_025","fit_100","Relaxed"
"P06","R",26,1,100,600,600,0.00050830957249246519,0.060167082787532009,"fit_100_R_026","fit_100","Relaxed"
"P06","R",27,1,100,600,600,0.0018583858930910245,0.32968856998321611,"fit_100_R_027","fit_100","Relaxed"
"P06","R",28,1,100,600,600,0.0011390723632859715,0.22884853690589435,"fit_100_R_028","fit_100","Relaxed"
"P06","R",29,1,100,600,600,0.0012775605628519966,0.47391416385548213,"fit_100_R_029","fit_100","Relaxed"
"P06","R",30,1,100,600,600,0.0010581922698490428,0.34983070515242831,"fit_100_R_030","fit_100","Relaxed"
"P06","R",31,1,100,600,600,0.0018984203817171521,0.63217245216626994,"fit_100_R_031","fit_100","Relaxed"
"P06","R",32,1,100,600,600,0.0014672362477022717,0.57954899997316167,"fit_100_R_032","fit_100","Relaxed"
"P06","R",33,1,100,600,600,0.00043284645049447372,0.14672701651062484,"fit_100_R_033","fit_100","Relaxed"
"P06","R",34,1,100,600,600,0.00096713380836069382,0.31895405159070189,"fit_100_R_034","fit_100","Relaxed"
"P06","R",35,1,100,600,600,0.0013315772594264866,0.47704369560560195,"fit_100_R_035","fit_100","Relaxed"
"P06","R",36,1,100,600,600,0.0012419786029364557,0.43170439612453104,"fit_100_R_036","fit_100","Relaxed"
"P06","R",37,1,100,600,600,0.0010156000485647772,0.37345258250453506,"fit_100_R_037","fit_100","Relaxed"
"P06","R",38,1,100,600,600,0.0011566800604652615,0.46999705317837726,"fit_100_R_038","fit_100","Relaxed"
"P06","R",39,1,100,600,600,0.00068077004899454803,0.22333295984970067,"fit_100_R_039","fit_100","Relaxed"
"P06","R",40,1,100,600,600,0.00032893854850098744,0.11323909009806313,"fit_100_R_040","fit_100","Relaxed"
"P06","S",0,0,100,600,600,6.4990919760439373e-05,0.0077276248292414479,"fit_100_S_000","fit_100","Shared"
"P06","S",1,1,100,600,600,0.00094174568391704476,0.21685539174041002,"fit_100_S_001","fit_100","Shared"
"P06","S",2,1,100,600,600,0.00044180457284763452,0.045497242026585054,"fit_100_S_002","fit_100","Shared"
"P06","S",3,1,100,600,600,0.00090709809539174448,0.18287808855478524,"fit_100_S_003","fit_100","Shared"
"P06","S",4,1,100,600,600,0.00054550737940383905,0.07743246170748333,"fit_100_S_004","fit_100","Shared"
"P06","S",5,1,100,600,600,0.00059418255703710748,0.17263186343046757,"fit_100_S_005","fit_100","Shared"
"P06","S",6,1,100,600,600,0.00060121570663310337,0.078689076860182686,"fit_100_S_006","fit_100","Shared"
"P06","S",7,1,100,600,600,0.0019469060299640037,0.36397126924726514,"fit_100_S_007","fit_100","Shared"
"P06","S",8,1,100,600,600,0.00093514430014690402,0.10791405966228304,"fit_100_S_008","fit_100","Shared"
"P06","S",9,1,100,600,600,0.00036409650357119901,0.049215195122237834,"fit_100_S_009","fit_100","Shared"
"P06","S",10,1,100,600,600,0.0017531673700233882,0.48876145295957535,"fit_100_S_010","fit_100","Shared"
"P06","S",11,1,100,600,600,0.001384529866955716,0.2963936301416385,"fit_100_S_011","fit_100","Shared"
"P06","S",12,1,100,600,600,0.0013877885914538369,0.35884041587286841,"fit_100_S_012","fit_100","Shared"
"P06","S",13,1,100,600,600,0.00062869879328295995,0.19088659134669902,"fit_100_S_013","fit_100","Shared"
"P06","S",14,1,100,600,600,0.00056644896091003611,0.14544289262636104,"fit_100_S_014","fit_100","Shared"
"P06","S",15,1,100,600,600,0.0018708784126231389,0.56932337886957785,"fit_100_S_015","fit_100","Shared"
"P06","S",16,1,100,600,600,0.00067696571463620532,0.056629576831691952,"fit_100_S_016","fit_100","Shared"
"P06","S",17,1,100,600,600,0.00085789420415927303,0.23767571447770536,"fit_100_S_017","fit_100","Shared"
"P06","S",18,1,100,600,600,0.0011486216072971727,0.26020229434879039,"fit_100_S_018","fit_100","Shared"
"P06","S",19,1,100,600,600,0.0016861968035526446,0.41459035863895388,"fit_100_S_019","fit_100","Shared"
"P06","S",20,1,100,600,600,0.00039028388783148628,0.054460543678147413,"fit_100_S_020","fit_100","Shared"
"P06","S",21,1,100,600,600,0.0010138348791390965,0.1343395902402004,"fit_100_S_021","fit_100","Shared"
"P06","S",22,1,100,600,600,0.0002563368094493337,0.019263078986581417,"fit_100_S_022","fit_100","Shared"
"P06","S",23,1,100,600,600,0.00081149418973364682,0.089139865464349807,"fit_100_S_023","fit_100","Shared"
"P06","S",24,1,100,600,600,0.00080802877396610672,0.2086399199482685,"fit_100_S_024","fit_100","Shared"
"P06","S",25,1,100,600,600,0.0011983472951365964,0.28483035052236977,"fit_100_S_025","fit_100","Shared"
"P06","S",26,1,100,600,600,0.0004873085196345712,0.066469095179968268,"fit_100_S_026","fit_100","Shared"
"P06","S",27,1,100,600,600,0.001500583896854647,0.28535652882837304,"fit_100_S_027","fit_100","Shared"
"P06","S",28,1,100,600,600,0.0010868168877623645,0.24596414794054619,"fit_100_S_028","fit_100","Shared"
"P06","S",29,1,100,600,600,0.0010628526132624586,0.14887625986357822,"fit_100_S_029","fit_100","Shared"
"P06","S",30,1,100,600,600,0.00032791022492612904,0.066395895475822947,"fit_100_S_030","fit_100","Shared"
"P06","S",31,1,100,600,600,0.0004444156111907094,0.064848925395591839,"fit_100_S_031","fit_100","Shared"
"P06","S",32,1,100,600,600,0.00033620165012290793,0.047192379007001663,"fit_100_S_032","fit_100","Shared"
"P06","S",33,1,100,600,600,0.00038865620895680208,0.11684924608351338,"fit_100_S_033","fit_100","Shared"
"P06","S",34,1,100,600,600,0.00049936188131715557,0.0724734635235601,"fit_100_S_034","fit_100","Shared"
"P06","S",35,1,100,600,600,0.00020229663962679034,0.040948077891173357,"fit_100_S_035","fit_100","Shared"
"P06","S",36,1,100,600,600,0.0010293432342366568,0.31444742220908239,"fit_100_S_036","fit_100","Shared"
"P06","S",37,1,100,600,600,0.00066663263226076199,0.18355224805722878,"fit_100_S_037","fit_100","Shared"
"P06","S",38,1,100,600,600,0.00065409333524580834,0.18387953795480794,"fit_100_S_038","fit_100","Shared"
"P06","S",39,1,100,600,600,0.00069643302692836578,0.19130995870860712,"fit_100_S_039","fit_100","Shared"
"P06","S",40,1,100,600,600,0.00025874386019349464,0.037366276174412988,"fit_100_S_040","fit_100","Shared"
"P06","W",0,0,100,600,600,0.04279994821308674,NaN,"fit_100_W_000","fit_100","Incorrectly shared"
"P06","W",1,1,100,600,600,0.042596855349631729,NaN,"fit_100_W_001","fit_100","Incorrectly shared"
"P06","W",2,1,100,600,600,0.043073500992583412,NaN,"fit_100_W_002","fit_100","Incorrectly shared"
"P06","W",3,1,100,600,600,0.042433187590146471,NaN,"fit_100_W_003","fit_100","Incorrectly shared"
"P06","W",4,1,100,600,600,0.043086611720934212,NaN,"fit_100_W_004","fit_100","Incorrectly shared"
"P06","W",5,1,100,600,600,0.042593007841210694,NaN,"fit_100_W_005","fit_100","Incorrectly shared"
"P06","W",6,1,100,600,600,0.042741379743781935,NaN,"fit_100_W_006","fit_100","Incorrectly shared"
"P06","W",7,1,100,600,600,0.042272306040735064,NaN,"fit_100_W_007","fit_100","Incorrectly shared"
"P06","W",8,1,100,600,600,0.042355975020516565,NaN,"fit_100_W_008","fit_100","Incorrectly shared"
"P06","W",9,1,100,600,600,0.042539474211712683,NaN,"fit_100_W_009","fit_100","Incorrectly shared"
"P06","W",10,1,100,600,600,0.042783265723976983,NaN,"fit_100_W_010","fit_100","Incorrectly shared"
"P06","W",11,1,100,600,600,0.042374547632951676,NaN,"fit_100_W_011","fit_100","Incorrectly shared"
"P06","W",12,1,100,600,600,0.042833152042390979,NaN,"fit_100_W_012","fit_100","Incorrectly shared"
"P06","W",13,1,100,600,600,0.042911797909440115,NaN,"fit_100_W_013","fit_100","Incorrectly shared"
"P06","W",14,1,100,600,600,0.042679592269554707,NaN,"fit_100_W_014","fit_100","Incorrectly shared"
"P06","W",15,1,100,600,600,0.04346112820097689,NaN,"fit_100_W_015","fit_100","Incorrectly shared"
"P06","W",16,1,100,600,600,0.04291898710603418,NaN,"fit_100_W_016","fit_100","Incorrectly shared"
"P06","W",17,1,100,600,600,0.042532364042607906,NaN,"fit_100_W_017","fit_100","Incorrectly shared"
"P06","W",18,1,100,600,600,0.042689186576213622,NaN,"fit_100_W_018","fit_100","Incorrectly shared"
"P06","W",19,1,100,600,600,0.043379226520149722,NaN,"fit_100_W_019","fit_100","Incorrectly shared"
"P06","W",20,1,100,600,600,0.042810464882717551,NaN,"fit_100_W_020","fit_100","Incorrectly shared"
"P06","W",21,1,100,600,600,0.043498791795730914,NaN,"fit_100_W_021","fit_100","Incorrectly shared"
"P06","W",22,1,100,600,600,0.042733784480562614,NaN,"fit_100_W_022","fit_100","Incorrectly shared"
"P06","W",23,1,100,600,600,0.042906143326726057,NaN,"fit_100_W_023","fit_100","Incorrectly shared"
"P06","W",24,1,100,600,600,0.042682053658174193,NaN,"fit_100_W_024","fit_100","Incorrectly shared"
"P06","W",25,1,100,600,600,0.042386137209406004,NaN,"fit_100_W_025","fit_100","Incorrectly shared"
"P06","W",26,1,100,600,600,0.042582591723314953,NaN,"fit_100_W_026","fit_100","Incorrectly shared"
"P06","W",27,1,100,600,600,0.042091215512516843,NaN,"fit_100_W_027","fit_100","Incorrectly shared"
"P06","W",28,1,100,600,600,0.042734269594250883,NaN,"fit_100_W_028","fit_100","Incorrectly shared"
"P06","W",29,1,100,600,600,0.04267880499541124,NaN,"fit_100_W_029","fit_100","Incorrectly shared"
"P06","W",30,1,100,600,600,0.042520865690835324,NaN,"fit_100_W_030","fit_100","Incorrectly shared"
"P06","W",31,1,100,600,600,0.043290857839976556,NaN,"fit_100_W_031","fit_100","Incorrectly shared"
"P06","W",32,1,100,600,600,0.042653216429850607,NaN,"fit_100_W_032","fit_100","Incorrectly shared"
"P06","W",33,1,100,600,600,0.042857242955541427,NaN,"fit_100_W_033","fit_100","Incorrectly shared"
"P06","W",34,1,100,600,600,0.042655729191935166,NaN,"fit_100_W_034","fit_100","Incorrectly shared"
"P06","W",35,1,100,600,600,0.042602427360875869,NaN,"fit_100_W_035","fit_100","Incorrectly shared"
"P06","W",36,1,100,600,600,0.042794430991195696,NaN,"fit_100_W_036","fit_100","Incorrectly shared"
"P06","W",37,1,100,600,600,0.042780479142404203,NaN,"fit_100_W_037","fit_100","Incorrectly shared"
"P06","W",38,1,100,600,600,0.042633068261730654,NaN,"fit_100_W_038","fit_100","Incorrectly shared"
"P06","W",39,1,100,600,600,0.043077275880530029,NaN,"fit_100_W_039","fit_100","Incorrectly shared"
"P06","W",40,1,100,600,600,0.042631322624586208,NaN,"fit_100_W_040","fit_100","Incorrectly shared"
"P06","A",0,0,50,600,600,0.02313833482579427,NaN,"fit_50_A_000","fit_50","Affine"
"P06","A",1,1,50,600,600,0.021576860472917559,NaN,"fit_50_A_001","fit_50","Affine"
"P06","A",2,1,50,600,600,0.024069223208319529,NaN,"fit_50_A_002","fit_50","Affine"
"P06","A",3,1,50,600,600,0.022224596590221361,NaN,"fit_50_A_003","fit_50","Affine"
"P06","A",4,1,50,600,600,0.023819569936789509,NaN,"fit_50_A_004","fit_50","Affine"
"P06","A",5,1,50,600,600,0.02216807861176576,NaN,"fit_50_A_005","fit_50","Affine"
"P06","A",6,1,50,600,600,0.022710376991035341,NaN,"fit_50_A_006","fit_50","Affine"
"P06","A",7,1,50,600,600,0.022184945344329535,NaN,"fit_50_A_007","fit_50","Affine"
"P06","A",8,1,50,600,600,0.022017150365488739,NaN,"fit_50_A_008","fit_50","Affine"
"P06","A",9,1,50,600,600,0.022327985028410907,NaN,"fit_50_A_009","fit_50","Affine"
"P06","A",10,1,50,600,600,0.022973221740016678,NaN,"fit_50_A_010","fit_50","Affine"
"P06","A",11,1,50,600,600,0.021523709755100675,NaN,"fit_50_A_011","fit_50","Affine"
"P06","A",12,1,50,600,600,0.024373911392993348,NaN,"fit_50_A_012","fit_50","Affine"
"P06","A",13,1,50,600,600,0.023489180216292267,NaN,"fit_50_A_013","fit_50","Affine"
"P06","A",14,1,50,600,600,0.023131357011575409,NaN,"fit_50_A_014","fit_50","Affine"
"P06","A",15,1,50,600,600,0.024333368259477024,NaN,"fit_50_A_015","fit_50","Affine"
"P06","A",16,1,50,600,600,0.023485337131407328,NaN,"fit_50_A_016","fit_50","Affine"
"P06","A",17,1,50,600,600,0.02343796452367123,NaN,"fit_50_A_017","fit_50","Affine"
"P06","A",18,1,50,600,600,0.02251663378794146,NaN,"fit_50_A_018","fit_50","Affine"
"P06","A",19,1,50,600,600,0.024124382413824044,NaN,"fit_50_A_019","fit_50","Affine"
"P06","A",20,1,50,600,600,0.022748641372904867,NaN,"fit_50_A_020","fit_50","Affine"
"P06","A",21,1,50,600,600,0.02424306818737124,NaN,"fit_50_A_021","fit_50","Affine"
"P06","A",22,1,50,600,600,0.023431226373159079,NaN,"fit_50_A_022","fit_50","Affine"
"P06","A",23,1,50,600,600,0.023772155412295489,NaN,"fit_50_A_023","fit_50","Affine"
"P06","A",24,1,50,600,600,0.022866645818480719,NaN,"fit_50_A_024","fit_50","Affine"
"P06","A",25,1,50,600,600,0.022263554335504799,NaN,"fit_50_A_025","fit_50","Affine"
"P06","A",26,1,50,600,600,0.022612594426442995,NaN,"fit_50_A_026","fit_50","Affine"
"P06","A",27,1,50,600,600,0.021939407812778044,NaN,"fit_50_A_027","fit_50","Affine"
"P06","A",28,1,50,600,600,0.022930631780404089,NaN,"fit_50_A_028","fit_50","Affine"
"P06","A",29,1,50,600,600,0.022619731979618085,NaN,"fit_50_A_029","fit_50","Affine"
"P06","A",30,1,50,600,600,0.022683376208677424,NaN,"fit_50_A_030","fit_50","Affine"
"P06","A",31,1,50,600,600,0.024443293483319552,NaN,"fit_50_A_031","fit_50","Affine"
"P06","A",32,1,50,600,600,0.022509412840310997,NaN,"fit_50_A_032","fit_50","Affine"
"P06","A",33,1,50,600,600,0.024244807683238306,NaN,"fit_50_A_033","fit_50","Affine"
"P06","A",34,1,50,600,600,0.024128123268257747,NaN,"fit_50_A_034","fit_50","Affine"
"P06","A",35,1,50,600,600,0.023259618479166678,NaN,"fit_50_A_035","fit_50","Affine"
"P06","A",36,1,50,600,600,0.022436595035619011,NaN,"fit_50_A_036","fit_50","Affine"
"P06","A",37,1,50,600,600,0.023043297910709467,NaN,"fit_50_A_037","fit_50","Affine"
"P06","A",38,1,50,600,600,0.02354785997725406,NaN,"fit_50_A_038","fit_50","Affine"
"P06","A",39,1,50,600,600,0.023865711138281797,NaN,"fit_50_A_039","fit_50","Affine"
"P06","A",40,1,50,600,600,0.02310370314090884,NaN,"fit_50_A_040","fit_50","Affine"
"P06","P2",0,0,50,600,600,0.0012383426729297431,0.36593300156126096,"fit_50_P2_000","fit_50","Complete quadratic"
"P06","P2",1,1,50,600,600,0.0035520146694809165,1.883441995363778,"fit_50_P2_001","fit_50","Complete quadratic"
"P06","P2",2,1,50,600,600,0.0019609148117100948,1.1220619638106473,"fit_50_P2_002","fit_50","Complete quadratic"
"P06","P2",3,1,50,600,600,0.0019388247919500539,0.53612099237212529,"fit_50_P2_003","fit_50","Complete quadratic"
"P06","P2",4,1,50,600,600,0.0016363911169473674,0.81792315760586576,"fit_50_P2_004","fit_50","Complete quadratic"
"P06","P2",5,1,50,600,600,0.002453759166838973,0.47662442086041401,"fit_50_P2_005","fit_50","Complete quadratic"
"P06","P2",6,1,50,600,600,0.0042938462798729265,1.2553396445504514,"fit_50_P2_006","fit_50","Complete quadratic"
"P06","P2",7,1,50,600,600,0.0052536637418545236,1.0446798243737838,"fit_50_P2_007","fit_50","Complete quadratic"
"P06","P2",8,1,50,600,600,0.0037764166341838568,0.9830402281915156,"fit_50_P2_008","fit_50","Complete quadratic"
"P06","P2",9,1,50,600,600,0.0028625859318373811,1.0774400743328729,"fit_50_P2_009","fit_50","Complete quadratic"
"P06","P2",10,1,50,600,600,0.0022078695460150195,1.5600011855156415,"fit_50_P2_010","fit_50","Complete quadratic"
"P06","P2",11,1,50,600,600,0.0028956220946455354,0.56957704612214632,"fit_50_P2_011","fit_50","Complete quadratic"
"P06","P2",12,1,50,600,600,0.0040517481617168699,1.2267754608906178,"fit_50_P2_012","fit_50","Complete quadratic"
"P06","P2",13,1,50,600,600,0.0014741756968480668,0.87243486744916832,"fit_50_P2_013","fit_50","Complete quadratic"
"P06","P2",14,1,50,600,600,0.00165180464018938,0.40741500277694342,"fit_50_P2_014","fit_50","Complete quadratic"
"P06","P2",15,1,50,600,600,0.0026172096125709047,0.78498222391871664,"fit_50_P2_015","fit_50","Complete quadratic"
"P06","P2",16,1,50,600,600,0.0031014017152440751,1.3817908649860753,"fit_50_P2_016","fit_50","Complete quadratic"
"P06","P2",17,1,50,600,600,0.0014441352738929151,0.90039754946989647,"fit_50_P2_017","fit_50","Complete quadratic"
"P06","P2",18,1,50,600,600,0.0034176975996260566,0.79537888489969677,"fit_50_P2_018","fit_50","Complete quadratic"
"P06","P2",19,1,50,600,600,0.0038569595384770647,2.5629014642976271,"fit_50_P2_019","fit_50","Complete quadratic"
"P06","P2",20,1,50,600,600,0.0028887133931891794,1.0623774736605442,"fit_50_P2_020","fit_50","Complete quadratic"
"P06","P2",21,1,50,600,600,0.0020128049993326643,0.76634353006461464,"fit_50_P2_021","fit_50","Complete quadratic"
"P06","P2",22,1,50,600,600,0.0027312426564287534,0.96321609082068271,"fit_50_P2_022","fit_50","Complete quadratic"
"P06","P2",23,1,50,600,600,0.003152800630922368,1.4334089326674484,"fit_50_P2_023","fit_50","Complete quadratic"
"P06","P2",24,1,50,600,600,0.004241599574617911,1.2391423321678645,"fit_50_P2_024","fit_50","Complete quadratic"
"P06","P2",25,1,50,600,600,0.0024796501271824754,0.64975501911548328,"fit_50_P2_025","fit_50","Complete quadratic"
"P06","P2",26,1,50,600,600,0.0017624464856446508,0.7037800028894734,"fit_50_P2_026","fit_50","Complete quadratic"
"P06","P2",27,1,50,600,600,0.0055948383551413039,1.5266160679129568,"fit_50_P2_027","fit_50","Complete quadratic"
"P06","P2",28,1,50,600,600,0.0039813437274851338,1.0444708249905574,"fit_50_P2_028","fit_50","Complete quadratic"
"P06","P2",29,1,50,600,600,0.0017294607871914686,0.72982005042053166,"fit_50_P2_029","fit_50","Complete quadratic"
"P06","P2",30,1,50,600,600,0.0033681860798093289,0.65518691149099584,"fit_50_P2_030","fit_50","Complete quadratic"
"P06","P2",31,1,50,600,600,0.0033291173307193412,1.5727227690242553,"fit_50_P2_031","fit_50","Complete quadratic"
"P06","P2",32,1,50,600,600,0.0019818357879549903,1.2534473761740625,"fit_50_P2_032","fit_50","Complete quadratic"
"P06","P2",33,1,50,600,600,0.001969137339971107,0.45787387797870494,"fit_50_P2_033","fit_50","Complete quadratic"
"P06","P2",34,1,50,600,600,0.0023823946628541794,1.0976732803832021,"fit_50_P2_034","fit_50","Complete quadratic"
"P06","P2",35,1,50,600,600,0.0016644070102592578,0.69335367416194227,"fit_50_P2_035","fit_50","Complete quadratic"
"P06","P2",36,1,50,600,600,0.0021898660945541448,1.3746934974073084,"fit_50_P2_036","fit_50","Complete quadratic"
"P06","P2",37,1,50,600,600,0.0018430150399531748,1.5133936284531382,"fit_50_P2_037","fit_50","Complete quadratic"
"P06","P2",38,1,50,600,600,0.0024533710946964328,1.7619125064418097,"fit_50_P2_038","fit_50","Complete quadratic"
"P06","P2",39,1,50,600,600,0.0015931967667395942,0.57102210679595444,"fit_50_P2_039","fit_50","Complete quadratic"
"P06","P2",40,1,50,600,600,0.0030880897935064819,1.2793648526604826,"fit_50_P2_040","fit_50","Complete quadratic"
"P06","R",0,0,50,600,600,0.00051259694491175597,0.1076274730091949,"fit_50_R_000","fit_50","Relaxed"
"P06","R",1,1,50,600,600,0.0027695058501334096,0.75634006323108127,"fit_50_R_001","fit_50","Relaxed"
"P06","R",2,1,50,600,600,0.0010064091326395241,0.20871441878211233,"fit_50_R_002","fit_50","Relaxed"
"P06","R",3,1,50,600,600,0.0014801765914698277,0.29102918371592235,"fit_50_R_003","fit_50","Relaxed"
"P06","R",4,1,50,600,600,0.00071720255607953269,0.29409861695969031,"fit_50_R_004","fit_50","Relaxed"
"P06","R",5,1,50,600,600,0.0023493789820690507,0.35580034061787641,"fit_50_R_005","fit_50","Relaxed"
"P06","R",6,1,50,600,600,0.0044023348315651656,1.3740627674414028,"fit_50_R_006","fit_50","Relaxed"
"P06","R",7,1,50,600,600,0.0046421142194962971,1.1572773428475973,"fit_50_R_007","fit_50","Relaxed"
"P06","R",8,1,50,600,600,0.0020611140126046978,0.2594426478320756,"fit_50_R_008","fit_50","Relaxed"
"P06","R",9,1,50,600,600,0.0026782724826268445,0.561604363159381,"fit_50_R_009","fit_50","Relaxed"
"P06","R",10,1,50,600,600,0.0020160133734860395,0.66134117239295398,"fit_50_R_010","fit_50","Relaxed"
"P06","R",11,1,50,600,600,0.0027358673414943652,0.38065912244239941,"fit_50_R_011","fit_50","Relaxed"
"P06","R",12,1,50,600,600,0.0047874958295396845,1.2474597864670167,"fit_50_R_012","fit_50","Relaxed"
"P06","R",13,1,50,600,600,0.0012408093533845005,0.32487579591274657,"fit_50_R_013","fit_50","Relaxed"
"P06","R",14,1,50,600,600,0.0012714849898933624,0.32233444247559528,"fit_50_R_014","fit_50","Relaxed"
"P06","R",15,1,50,600,600,0.0029725167193591097,0.65905643300079308,"fit_50_R_015","fit_50","Relaxed"
"P06","R",16,1,50,600,600,0.00097813445837103999,0.21916556422457481,"fit_50_R_016","fit_50","Relaxed"
"P06","R",17,1,50,600,600,0.0012435133326722278,0.27852261986311888,"fit_50_R_017","fit_50","Relaxed"
"P06","R",18,1,50,600,600,0.0029744855725555618,0.63179893599581394,"fit_50_R_018","fit_50","Relaxed"
"P06","R",19,1,50,600,600,0.004316271938920699,1.2266757658665057,"fit_50_R_019","fit_50","Relaxed"
"P06","R",20,1,50,600,600,0.0026066258403758796,0.63055792910123809,"fit_50_R_020","fit_50","Relaxed"
"P06","R",21,1,50,600,600,0.0012237190062677288,0.49314131592375215,"fit_50_R_021","fit_50","Relaxed"
"P06","R",22,1,50,600,600,0.00089502749466372183,0.20871205506494342,"fit_50_R_022","fit_50","Relaxed"
"P06","R",23,1,50,600,600,0.0015535336151758063,0.31122296132845312,"fit_50_R_023","fit_50","Relaxed"
"P06","R",24,1,50,600,600,0.0043773713294297297,1.3456601159615285,"fit_50_R_024","fit_50","Relaxed"
"P06","R",25,1,50,600,600,0.002147190716866019,0.2964287451632201,"fit_50_R_025","fit_50","Relaxed"
"P06","R",26,1,50,600,600,0.0013782291582394445,0.22724599952097269,"fit_50_R_026","fit_50","Relaxed"
"P06","R",27,1,50,600,600,0.0053943839836643817,1.3707384719658253,"fit_50_R_027","fit_50","Relaxed"
"P06","R",28,1,50,600,600,0.0027424995310430327,0.79553852922633561,"fit_50_R_028","fit_50","Relaxed"
"P06","R",29,1,50,600,600,0.0012065533463217779,0.12604666257634164,"fit_50_R_029","fit_50","Relaxed"
"P06","R",30,1,50,600,600,0.0031594261521749965,0.83954126271112128,"fit_50_R_030","fit_50","Relaxed"
"P06","R",31,1,50,600,600,0.0039550389087835772,1.003233313341275,"fit_50_R_031","fit_50","Relaxed"
"P06","R",32,1,50,600,600,0.0024036324878172781,0.99808164622718565,"fit_50_R_032","fit_50","Relaxed"
"P06","R",33,1,50,600,600,0.0014667936296351588,0.56295342682318983,"fit_50_R_033","fit_50","Relaxed"
"P06","R",34,1,50,600,600,0.0017620042354822274,0.7908577594890881,"fit_50_R_034","fit_50","Relaxed"
"P06","R",35,1,50,600,600,0.00086853427628628738,0.31179495946507607,"fit_50_R_035","fit_50","Relaxed"
"P06","R",36,1,50,600,600,0.0015484393572883987,0.61209843987497092,"fit_50_R_036","fit_50","Relaxed"
"P06","R",37,1,50,600,600,0.0014459938745627428,0.44243079379829348,"fit_50_R_037","fit_50","Relaxed"
"P06","R",38,1,50,600,600,0.0021660448146705452,0.68869291482580963,"fit_50_R_038","fit_50","Relaxed"
"P06","R",39,1,50,600,600,0.0018849912885735825,0.43133078434014605,"fit_50_R_039","fit_50","Relaxed"
"P06","R",40,1,50,600,600,0.00050208672835917593,0.12886249420354273,"fit_50_R_040","fit_50","Relaxed"
"P06","S",0,0,50,600,600,0.00021457154081236268,0.025936237342209633,"fit_50_S_000","fit_50","Shared"
"P06","S",1,1,50,600,600,0.0033514552867098552,0.45492056478817317,"fit_50_S_001","fit_50","Shared"
"P06","S",2,1,50,600,600,0.0012886785781993715,0.17139578600693378,"fit_50_S_002","fit_50","Shared"
"P06","S",3,1,50,600,600,0.0016720978578792652,0.21470165393781807,"fit_50_S_003","fit_50","Shared"
"P06","S",4,1,50,600,600,0.00069810656709553881,0.10081338249025784,"fit_50_S_004","fit_50","Shared"
"P06","S",5,1,50,600,600,0.0017495871048487986,0.26540213084338926,"fit_50_S_005","fit_50","Shared"
"P06","S",6,1,50,600,600,0.00066361536668156586,0.079749492699821248,"fit_50_S_006","fit_50","Shared"
"P06","S",7,1,50,600,600,0.0020005986851486125,0.32002805658204847,"fit_50_S_007","fit_50","Shared"
"P06","S",8,1,50,600,600,0.0018369160582293539,0.26591819963833896,"fit_50_S_008","fit_50","Shared"
"P06","S",9,1,50,600,600,0.0013858658012130909,0.19145601037706228,"fit_50_S_009","fit_50","Shared"
"P06","S",10,1,50,600,600,0.00185239168002079,0.48228435921479501,"fit_50_S_010","fit_50","Shared"
"P06","S",11,1,50,600,600,0.0028906486013210715,0.37833995971438422,"fit_50_S_011","fit_50","Shared"
"P06","S",12,1,50,600,600,0.0024192468336030316,0.501153794554687,"fit_50_S_012","fit_50","Shared"
"P06","S",13,1,50,600,600,0.0010589828048906398,0.31665795451503287,"fit_50_S_013","fit_50","Shared"
"P06","S",14,1,50,600,600,0.00098199994289091173,0.28687392219940039,"fit_50_S_014","fit_50","Shared"
"P06","S",15,1,50,600,600,0.0018817567706721158,0.42751488277126487,"fit_50_S_015","fit_50","Shared"
"P06","S",16,1,50,600,600,0.00093159093245254708,0.21787965466343082,"fit_50_S_016","fit_50","Shared"
"P06","S",17,1,50,600,600,0.0012588076637669162,0.31312268400460508,"fit_50_S_017","fit_50","Shared"
"P06","S",18,1,50,600,600,0.0018283375744556506,0.33780149789563518,"fit_50_S_018","fit_50","Shared"
"P06","S",19,1,50,600,600,0.0016100435128052295,0.40366029975221046,"fit_50_S_019","fit_50","Shared"
"P06","S",20,1,50,600,600,0.0010197331516835666,0.11631199713938388,"fit_50_S_020","fit_50","Shared"
"P06","S",21,1,50,600,600,0.0014998329535923388,0.17189384323035756,"fit_50_S_021","fit_50","Shared"
"P06","S",22,1,50,600,600,0.00093928302810005295,0.2220451322321261,"fit_50_S_022","fit_50","Shared"
"P06","S",23,1,50,600,600,0.00093446442491893487,0.097480143239516481,"fit_50_S_023","fit_50","Shared"
"P06","S",24,1,50,600,600,0.00078313861459762047,0.13571517295749025,"fit_50_S_024","fit_50","Shared"
"P06","S",25,1,50,600,600,0.0017087987450697332,0.23082181885621314,"fit_50_S_025","fit_50","Shared"
"P06","S",26,1,50,600,600,0.0014578550198257329,0.17748013083936232,"fit_50_S_026","fit_50","Shared"
"P06","S",27,1,50,600,600,0.0019241839433738273,0.24578872840961977,"fit_50_S_027","fit_50","Shared"
"P06","S",28,1,50,600,600,0.0011004567648250979,0.26771424249452669,"fit_50_S_028","fit_50","Shared"
"P06","S",29,1,50,600,600,0.0011258551219448191,0.13234167681749973,"fit_50_S_029","fit_50","Shared"
"P06","S",30,1,50,600,600,0.0011343199660421731,0.16206550578768386,"fit_50_S_030","fit_50","Shared"
"P06","S",31,1,50,600,600,0.0016255471933692826,0.20817241114393653,"fit_50_S_031","fit_50","Shared"
"P06","S",32,1,50,600,600,0.0014494934386869551,0.17425703361004827,"fit_50_S_032","fit_50","Shared"
"P06","S",33,1,50,600,600,0.001632404100772217,0.19810634765820728,"fit_50_S_033","fit_50","Shared"
"P06","S",34,1,50,600,600,0.0015657876416522146,0.17607178805412638,"fit_50_S_034","fit_50","Shared"
"P06","S",35,1,50,600,600,0.00028166086888601217,0.069273169042075269,"fit_50_S_035","fit_50","Shared"
"P06","S",36,1,50,600,600,0.001665097127122683,0.31386803075015268,"fit_50_S_036","fit_50","Shared"
"P06","S",37,1,50,600,600,0.0014289624977694702,0.32238688585504677,"fit_50_S_037","fit_50","Shared"
"P06","S",38,1,50,600,600,0.0012082835966104983,0.35595405338429059,"fit_50_S_038","fit_50","Shared"
"P06","S",39,1,50,600,600,0.00093241451439932317,0.12602685540624239,"fit_50_S_039","fit_50","Shared"
"P06","S",40,1,50,600,600,0.00051751693526537424,0.12955700466206668,"fit_50_S_040","fit_50","Shared"
"P06","W",0,0,50,600,600,0.048826638642412622,NaN,"fit_50_W_000","fit_50","Incorrectly shared"
"P06","W",1,1,50,600,600,0.04737261509010008,NaN,"fit_50_W_001","fit_50","Incorrectly shared"
"P06","W",2,1,50,600,600,0.049744116998181966,NaN,"fit_50_W_002","fit_50","Incorrectly shared"
"P06","W",3,1,50,600,600,0.047769686785066934,NaN,"fit_50_W_003","fit_50","Incorrectly shared"
"P06","W",4,1,50,600,600,0.049682806751085211,NaN,"fit_50_W_004","fit_50","Incorrectly shared"
"P06","W",5,1,50,600,600,0.047678113188388327,NaN,"fit_50_W_005","fit_50","Incorrectly shared"
"P06","W",6,1,50,600,600,0.048075336836325276,NaN,"fit_50_W_006","fit_50","Incorrectly shared"
"P06","W",7,1,50,600,600,0.047782978019103653,NaN,"fit_50_W_007","fit_50","Incorrectly shared"
"P06","W",8,1,50,600,600,0.047446585595309475,NaN,"fit_50_W_008","fit_50","Incorrectly shared"
"P06","W",9,1,50,600,600,0.047815006831518507,NaN,"fit_50_W_009","fit_50","Incorrectly shared"
"P06","W",10,1,50,600,600,0.048956411711563355,NaN,"fit_50_W_010","fit_50","Incorrectly shared"
"P06","W",11,1,50,600,600,0.047100112198509202,NaN,"fit_50_W_011","fit_50","Incorrectly shared"
"P06","W",12,1,50,600,600,0.050006441839165805,NaN,"fit_50_W_012","fit_50","Incorrectly shared"
"P06","W",13,1,50,600,600,0.049236651709720546,NaN,"fit_50_W_013","fit_50","Incorrectly shared"
"P06","W",14,1,50,600,600,0.048776563521055048,NaN,"fit_50_W_014","fit_50","Incorrectly shared"
"P06","W",15,1,50,600,600,0.050151261110242283,NaN,"fit_50_W_015","fit_50","Incorrectly shared"
"P06","W",16,1,50,600,600,0.049393530133292285,NaN,"fit_50_W_016","fit_50","Incorrectly shared"
"P06","W",17,1,50,600,600,0.048801474099364903,NaN,"fit_50_W_017","fit_50","Incorrectly shared"
"P06","W",18,1,50,600,600,0.048378266040195378,NaN,"fit_50_W_018","fit_50","Incorrectly shared"
"P06","W",19,1,50,600,600,0.050078630577378311,NaN,"fit_50_W_019","fit_50","Incorrectly shared"
"P06","W",20,1,50,600,600,0.048519692989872278,NaN,"fit_50_W_020","fit_50","Incorrectly shared"
"P06","W",21,1,50,600,600,0.049906149990802777,NaN,"fit_50_W_021","fit_50","Incorrectly shared"
"P06","W",22,1,50,600,600,0.049068542761950905,NaN,"fit_50_W_022","fit_50","Incorrectly shared"
"P06","W",23,1,50,600,600,0.049369569225543107,NaN,"fit_50_W_023","fit_50","Incorrectly shared"
"P06","W",24,1,50,600,600,0.048521789977759924,NaN,"fit_50_W_024","fit_50","Incorrectly shared"
"P06","W",25,1,50,600,600,0.047948604502756939,NaN,"fit_50_W_025","fit_50","Incorrectly shared"
"P06","W",26,1,50,600,600,0.048306929937865173,NaN,"fit_50_W_026","fit_50","Incorrectly shared"
"P06","W",27,1,50,600,600,0.047281246078519461,NaN,"fit_50_W_027","fit_50","Incorrectly shared"
"P06","W",28,1,50,600,600,0.04860802302142167,NaN,"fit_50_W_028","fit_50","Incorrectly shared"
"P06","W",29,1,50,600,600,0.048359092651327644,NaN,"fit_50_W_029","fit_50","Incorrectly shared"
"P06","W",30,1,50,600,600,0.048255709896401128,NaN,"fit_50_W_030","fit_50","Incorrectly shared"
"P06","W",31,1,50,600,600,0.050376985971526039,NaN,"fit_50_W_031","fit_50","Incorrectly shared"
"P06","W",32,1,50,600,600,0.048280372507367102,NaN,"fit_50_W_032","fit_50","Incorrectly shared"
"P06","W",33,1,50,600,600,0.049882314948355447,NaN,"fit_50_W_033","fit_50","Incorrectly shared"
"P06","W",34,1,50,600,600,0.049503781858465948,NaN,"fit_50_W_034","fit_50","Incorrectly shared"
"P06","W",35,1,50,600,600,0.048759958769426293,NaN,"fit_50_W_035","fit_50","Incorrectly shared"
"P06","W",36,1,50,600,600,0.04826502756776125,NaN,"fit_50_W_036","fit_50","Incorrectly shared"
"P06","W",37,1,50,600,600,0.049086139769860364,NaN,"fit_50_W_037","fit_50","Incorrectly shared"
"P06","W",38,1,50,600,600,0.049390182071819187,NaN,"fit_50_W_038","fit_50","Incorrectly shared"
"P06","W",39,1,50,600,600,0.049559799389766165,NaN,"fit_50_W_039","fit_50","Incorrectly shared"
"P06","W",40,1,50,600,600,0.048714274380919215,NaN,"fit_50_W_040","fit_50","Incorrectly shared"
"P06","A",0,0,200,600,600,0.017842583182070937,NaN,"prior_tenfold_A_000","prior_tenfold","Affine"
"P06","A",1,1,200,600,600,0.017958063527080185,NaN,"prior_tenfold_A_001","prior_tenfold","Affine"
"P06","A",2,1,200,600,600,0.017803378470966785,NaN,"prior_tenfold_A_002","prior_tenfold","Affine"
"P06","A",3,1,200,600,600,0.017799668606788277,NaN,"prior_tenfold_A_003","prior_tenfold","Affine"
"P06","A",4,1,200,600,600,0.017924798971016898,NaN,"prior_tenfold_A_004","prior_tenfold","Affine"
"P06","A",5,1,200,600,600,0.017807010181670191,NaN,"prior_tenfold_A_005","prior_tenfold","Affine"
"P06","A",6,1,200,600,600,0.01786880644702794,NaN,"prior_tenfold_A_006","prior_tenfold","Affine"
"P06","A",7,1,200,600,600,0.017882735749444167,NaN,"prior_tenfold_A_007","prior_tenfold","Affine"
"P06","A",8,1,200,600,600,0.017870843468593474,NaN,"prior_tenfold_A_008","prior_tenfold","Affine"
"P06","A",9,1,200,600,600,0.017837869284470537,NaN,"prior_tenfold_A_009","prior_tenfold","Affine"
"P06","A",10,1,200,600,600,0.017863521305962027,NaN,"prior_tenfold_A_010","prior_tenfold","Affine"
"P06","A",11,1,200,600,600,0.017803255941086359,NaN,"prior_tenfold_A_011","prior_tenfold","Affine"
"P06","A",12,1,200,600,600,0.017787869901777626,NaN,"prior_tenfold_A_012","prior_tenfold","Affine"
"P06","A",13,1,200,600,600,0.01782291182174172,NaN,"prior_tenfold_A_013","prior_tenfold","Affine"
"P06","A",14,1,200,600,600,0.017844889979592764,NaN,"prior_tenfold_A_014","prior_tenfold","Affine"
"P06","A",15,1,200,600,600,0.017919110819481249,NaN,"prior_tenfold_A_015","prior_tenfold","Affine"
"P06","A",16,1,200,600,600,0.017917417985177663,NaN,"prior_tenfold_A_016","prior_tenfold","Affine"
"P06","A",17,1,200,600,600,0.01780637186952853,NaN,"prior_tenfold_A_017","prior_tenfold","Affine"
"P06","A",18,1,200,600,600,0.017839256784096359,NaN,"prior_tenfold_A_018","prior_tenfold","Affine"
"P06","A",19,1,200,600,600,0.017928453630566506,NaN,"prior_tenfold_A_019","prior_tenfold","Affine"
"P06","A",20,1,200,600,600,0.017817056665504663,NaN,"prior_tenfold_A_020","prior_tenfold","Affine"
"P06","A",21,1,200,600,600,0.017957797560136154,NaN,"prior_tenfold_A_021","prior_tenfold","Affine"
"P06","A",22,1,200,600,600,0.017868178942656989,NaN,"prior_tenfold_A_022","prior_tenfold","Affine"
"P06","A",23,1,200,600,600,0.017908642905390525,NaN,"prior_tenfold_A_023","prior_tenfold","Affine"
"P06","A",24,1,200,600,600,0.017834400634606454,NaN,"prior_tenfold_A_024","prior_tenfold","Affine"
"P06","A",25,1,200,600,600,0.01787546985314175,NaN,"prior_tenfold_A_025","prior_tenfold","Affine"
"P06","A",26,1,200,600,600,0.017851638524953237,NaN,"prior_tenfold_A_026","prior_tenfold","Affine"
"P06","A",27,1,200,600,600,0.017803032065541794,NaN,"prior_tenfold_A_027","prior_tenfold","Affine"
"P06","A",28,1,200,600,600,0.01786179262376501,NaN,"prior_tenfold_A_028","prior_tenfold","Affine"
"P06","A",29,1,200,600,600,0.017921864059530123,NaN,"prior_tenfold_A_029","prior_tenfold","Affine"
"P06","A",30,1,200,600,600,0.017877361640241219,NaN,"prior_tenfold_A_030","prior_tenfold","Affine"
"P06","A",31,1,200,600,600,0.017875180547459773,NaN,"prior_tenfold_A_031","prior_tenfold","Affine"
"P06","A",32,1,200,600,600,0.017807863762997152,NaN,"prior_tenfold_A_032","prior_tenfold","Affine"
"P06","A",33,1,200,600,600,0.017918254988469721,NaN,"prior_tenfold_A_033","prior_tenfold","Affine"
"P06","A",34,1,200,600,600,0.017790733916143855,NaN,"prior_tenfold_A_034","prior_tenfold","Affine"
"P06","A",35,1,200,600,600,0.017850457461750204,NaN,"prior_tenfold_A_035","prior_tenfold","Affine"
"P06","A",36,1,200,600,600,0.017780527856695389,NaN,"prior_tenfold_A_036","prior_tenfold","Affine"
"P06","A",37,1,200,600,600,0.017858554202071417,NaN,"prior_tenfold_A_037","prior_tenfold","Affine"
"P06","A",38,1,200,600,600,0.017782333748465089,NaN,"prior_tenfold_A_038","prior_tenfold","Affine"
"P06","A",39,1,200,600,600,0.017860284517472826,NaN,"prior_tenfold_A_039","prior_tenfold","Affine"
"P06","A",40,1,200,600,600,0.017873121470942024,NaN,"prior_tenfold_A_040","prior_tenfold","Affine"
"P06","P2",0,0,200,600,600,1.2737917881911345e-05,0.01010151867088053,"prior_tenfold_P2_000","prior_tenfold","Complete quadratic"
"P06","P2",1,1,200,600,600,0.0012333400092003435,0.26475394194657553,"prior_tenfold_P2_001","prior_tenfold","Complete quadratic"
"P06","P2",2,1,200,600,600,0.00059263971104307788,0.40603880636485812,"prior_tenfold_P2_002","prior_tenfold","Complete quadratic"
"P06","P2",3,1,200,600,600,0.0010813311620705972,0.3705720128478604,"prior_tenfold_P2_003","prior_tenfold","Complete quadratic"
"P06","P2",4,1,200,600,600,0.00099984590395704731,0.34127430941595277,"prior_tenfold_P2_004","prior_tenfold","Complete quadratic"
"P06","P2",5,1,200,600,600,0.00064163769822686621,0.28346404348691651,"prior_tenfold_P2_005","prior_tenfold","Complete quadratic"
"P06","P2",6,1,200,600,600,0.00098096535501593645,0.55157902039782525,"prior_tenfold_P2_006","prior_tenfold","Complete quadratic"
"P06","P2",7,1,200,600,600,0.00081471944407845694,0.35248015174512698,"prior_tenfold_P2_007","prior_tenfold","Complete quadratic"
"P06","P2",8,1,200,600,600,0.0010306220951319055,0.88897831519043402,"prior_tenfold_P2_008","prior_tenfold","Complete quadratic"
"P06","P2",9,1,200,600,600,0.0012399642624288266,0.87553794803739005,"prior_tenfold_P2_009","prior_tenfold","Complete quadratic"
"P06","P2",10,1,200,600,600,0.00088657083692468509,0.37186375531433141,"prior_tenfold_P2_010","prior_tenfold","Complete quadratic"
"P06","P2",11,1,200,600,600,0.0016477772344025963,0.89455389554422127,"prior_tenfold_P2_011","prior_tenfold","Complete quadratic"
"P06","P2",12,1,200,600,600,0.00097033599337870147,0.42193548235639589,"prior_tenfold_P2_012","prior_tenfold","Complete quadratic"
"P06","P2",13,1,200,600,600,0.00083869999518690417,0.63599269686137516,"prior_tenfold_P2_013","prior_tenfold","Complete quadratic"
"P06","P2",14,1,200,600,600,0.00090798764043617498,0.37447001294289167,"prior_tenfold_P2_014","prior_tenfold","Complete quadratic"
"P06","P2",15,1,200,600,600,0.00075078107194891466,0.18166530950967108,"prior_tenfold_P2_015","prior_tenfold","Complete quadratic"
"P06","P2",16,1,200,600,600,0.00086542737516590257,0.55860601998166859,"prior_tenfold_P2_016","prior_tenfold","Complete quadratic"
"P06","P2",17,1,200,600,600,0.00053965632199489376,0.33596504137603411,"prior_tenfold_P2_017","prior_tenfold","Complete quadratic"
"P06","P2",18,1,200,600,600,0.00069747920488241722,0.26642537695750068,"prior_tenfold_P2_018","prior_tenfold","Complete quadratic"
"P06","P2",19,1,200,600,600,0.001861028867410451,1.6878675248547541,"prior_tenfold_P2_019","prior_tenfold","Complete quadratic"
"P06","P2",20,1,200,600,600,0.0011134829108644915,0.48145022667126242,"prior_tenfold_P2_020","prior_tenfold","Complete quadratic"
"P06","P2",21,1,200,600,600,0.0011725599375168266,0.60724922457427688,"prior_tenfold_P2_021","prior_tenfold","Complete quadratic"
"P06","P2",22,1,200,600,600,0.00024237288045852944,0.059293585309132743,"prior_tenfold_P2_022","prior_tenfold","Complete quadratic"
"P06","P2",23,1,200,600,600,0.00096322604185485007,0.44218682591982228,"prior_tenfold_P2_023","prior_tenfold","Complete quadratic"
"P06","P2",24,1,200,600,600,0.00077985851184991502,0.37979004248175652,"prior_tenfold_P2_024","prior_tenfold","Complete quadratic"
"P06","P2",25,1,200,600,600,0.00093526124041351793,0.53810765397999583,"prior_tenfold_P2_025","prior_tenfold","Complete quadratic"
"P06","P2",26,1,200,600,600,0.00098550307363683056,0.46601481145558465,"prior_tenfold_P2_026","prior_tenfold","Complete quadratic"
"P06","P2",27,1,200,600,600,0.00049674499829159839,0.37661541346746369,"prior_tenfold_P2_027","prior_tenfold","Complete quadratic"
"P06","P2",28,1,200,600,600,0.0010973542897154943,0.64571747285613634,"prior_tenfold_P2_028","prior_tenfold","Complete quadratic"
"P06","P2",29,1,200,600,600,0.00096618054754548245,0.61806934096421196,"prior_tenfold_P2_029","prior_tenfold","Complete quadratic"
"P06","P2",30,1,200,600,600,0.001279815859015506,0.87044593026302075,"prior_tenfold_P2_030","prior_tenfold","Complete quadratic"
"P06","P2",31,1,200,600,600,0.00058081722266933975,0.52305984754930812,"prior_tenfold_P2_031","prior_tenfold","Complete quadratic"
"P06","P2",32,1,200,600,600,0.00081316937500266779,0.29168586961233239,"prior_tenfold_P2_032","prior_tenfold","Complete quadratic"
"P06","P2",33,1,200,600,600,0.00078392175776024781,0.35048608505094897,"prior_tenfold_P2_033","prior_tenfold","Complete quadratic"
"P06","P2",34,1,200,600,600,0.00089711618747290427,0.28012563297841631,"prior_tenfold_P2_034","prior_tenfold","Complete quadratic"
"P06","P2",35,1,200,600,600,0.0013130409183857354,1.0784152306192947,"prior_tenfold_P2_035","prior_tenfold","Complete quadratic"
"P06","P2",36,1,200,600,600,0.00082648159228180639,0.71630601618579515,"prior_tenfold_P2_036","prior_tenfold","Complete quadratic"
"P06","P2",37,1,200,600,600,0.0015899551818177532,1.5508497124313938,"prior_tenfold_P2_037","prior_tenfold","Complete quadratic"
"P06","P2",38,1,200,600,600,0.0012110760193847405,0.93068831018454168,"prior_tenfold_P2_038","prior_tenfold","Complete quadratic"
"P06","P2",39,1,200,600,600,0.00039558961428097581,0.15743168989370593,"prior_tenfold_P2_039","prior_tenfold","Complete quadratic"
"P06","P2",40,1,200,600,600,0.0014798343479895204,0.73228405419580389,"prior_tenfold_P2_040","prior_tenfold","Complete quadratic"
"P06","R",0,0,200,600,600,3.9557524687018289e-06,0.00060479399353211547,"prior_tenfold_R_000","prior_tenfold","Relaxed"
"P06","R",1,1,200,600,600,0.0011898588068031037,0.39645873874424259,"prior_tenfold_R_001","prior_tenfold","Relaxed"
"P06","R",2,1,200,600,600,0.00033737919764331519,0.088984882989336378,"prior_tenfold_R_002","prior_tenfold","Relaxed"
"P06","R",3,1,200,600,600,0.00091179903031760729,0.38239505522489908,"prior_tenfold_R_003","prior_tenfold","Relaxed"
"P06","R",4,1,200,600,600,0.00096936787148925192,0.39347812478321603,"prior_tenfold_R_004","prior_tenfold","Relaxed"
"P06","R",5,1,200,600,600,0.00052406934185731508,0.13449252497578237,"prior_tenfold_R_005","prior_tenfold","Relaxed"
"P06","R",6,1,200,600,600,0.00074839762483235072,0.20118219440166796,"prior_tenfold_R_006","prior_tenfold","Relaxed"
"P06","R",7,1,200,600,600,0.00074087210836320117,0.18158479499978161,"prior_tenfold_R_007","prior_tenfold","Relaxed"
"P06","R",8,1,200,600,600,0.00043257494647963227,0.1357761603215156,"prior_tenfold_R_008","prior_tenfold","Relaxed"
"P06","R",9,1,200,600,600,0.00067001447070802141,0.27807785966423454,"prior_tenfold_R_009","prior_tenfold","Relaxed"
"P06","R",10,1,200,600,600,0.00073333233887570642,0.18537390053025415,"prior_tenfold_R_010","prior_tenfold","Relaxed"
"P06","R",11,1,200,600,600,0.00099280100637022485,0.31540080730846842,"prior_tenfold_R_011","prior_tenfold","Relaxed"
"P06","R",12,1,200,600,600,0.00073917743198168213,0.25751951712104243,"prior_tenfold_R_012","prior_tenfold","Relaxed"
"P06","R",13,1,200,600,600,0.00037999699531383836,0.096285635916528126,"prior_tenfold_R_013","prior_tenfold","Relaxed"
"P06","R",14,1,200,600,600,0.00048697295512897663,0.12257964000523991,"prior_tenfold_R_014","prior_tenfold","Relaxed"
"P06","R",15,1,200,600,600,0.00073821447765774165,0.1964952663079666,"prior_tenfold_R_015","prior_tenfold","Relaxed"
"P06","R",16,1,200,600,600,0.00054655437264426114,0.031525782678814035,"prior_tenfold_R_016","prior_tenfold","Relaxed"
"P06","R",17,1,200,600,600,0.00048950494476169984,0.14740541762374779,"prior_tenfold_R_017","prior_tenfold","Relaxed"
"P06","R",18,1,200,600,600,0.00067591898709387025,0.13771827015400334,"prior_tenfold_R_018","prior_tenfold","Relaxed"
"P06","R",19,1,200,600,600,0.0010343273269381534,0.29462157889394569,"prior_tenfold_R_019","prior_tenfold","Relaxed"
"P06","R",20,1,200,600,600,0.00049661349103076837,0.17083829916473556,"prior_tenfold_R_020","prior_tenfold","Relaxed"
"P06","R",21,1,200,600,600,0.0011007047102622079,0.30007524792666507,"prior_tenfold_R_021","prior_tenfold","Relaxed"
"P06","R",22,1,200,600,600,0.0002291854707672765,0.043314399872001183,"prior_tenfold_R_022","prior_tenfold","Relaxed"
"P06","R",23,1,200,600,600,0.00080238555562674499,0.25457405523496013,"prior_tenfold_R_023","prior_tenfold","Relaxed"
"P06","R",24,1,200,600,600,0.00043016372578038339,0.16737338282898959,"prior_tenfold_R_024","prior_tenfold","Relaxed"
"P06","R",25,1,200,600,600,0.00083018014771828652,0.19003269313550575,"prior_tenfold_R_025","prior_tenfold","Relaxed"
"P06","R",26,1,200,600,600,0.00061842868079836481,0.13613807087623306,"prior_tenfold_R_026","prior_tenfold","Relaxed"
"P06","R",27,1,200,600,600,0.00032302295414405951,0.051554311107089232,"prior_tenfold_R_027","prior_tenfold","Relaxed"
"P06","R",28,1,200,600,600,0.00043135872758487837,0.16616761347894499,"prior_tenfold_R_028","prior_tenfold","Relaxed"
"P06","R",29,1,200,600,600,0.00069243862547786912,0.23311900577061609,"prior_tenfold_R_029","prior_tenfold","Relaxed"
"P06","R",30,1,200,600,600,0.00087751389847207063,0.25685994629984521,"prior_tenfold_R_030","prior_tenfold","Relaxed"
"P06","R",31,1,200,600,600,0.00042402807980723093,0.1498347823061115,"prior_tenfold_R_031","prior_tenfold","Relaxed"
"P06","R",32,1,200,600,600,0.00067654366774763837,0.12434084134037057,"prior_tenfold_R_032","prior_tenfold","Relaxed"
"P06","R",33,1,200,600,600,0.00074080734819453181,0.18300815912905102,"prior_tenfold_R_033","prior_tenfold","Relaxed"
"P06","R",34,1,200,600,600,0.00079863217877071933,0.23372854716311955,"prior_tenfold_R_034","prior_tenfold","Relaxed"
"P06","R",35,1,200,600,600,0.00031800744456603885,0.069819270611475248,"prior_tenfold_R_035","prior_tenfold","Relaxed"
"P06","R",36,1,200,600,600,0.00050397904182230061,0.12964757799574522,"prior_tenfold_R_036","prior_tenfold","Relaxed"
"P06","R",37,1,200,600,600,0.00035794117653239717,0.097861510617493125,"prior_tenfold_R_037","prior_tenfold","Relaxed"
"P06","R",38,1,200,600,600,0.00088239126198978973,0.2802235288449777,"prior_tenfold_R_038","prior_tenfold","Relaxed"
"P06","R",39,1,200,600,600,0.0001982052725627674,0.056848887699330719,"prior_tenfold_R_039","prior_tenfold","Relaxed"
"P06","R",40,1,200,600,600,0.00051251812744135131,0.19530644684421777,"prior_tenfold_R_040","prior_tenfold","Relaxed"
"P06","S",0,0,200,600,600,2.7744437400040991e-06,0.00035812622797784641,"prior_tenfold_S_000","prior_tenfold","Shared"
"P06","S",1,1,200,600,600,0.00077088145888804113,0.19509539774045076,"prior_tenfold_S_001","prior_tenfold","Shared"
"P06","S",2,1,200,600,600,0.0002467034473221578,0.033496806083249384,"prior_tenfold_S_002","prior_tenfold","Shared"
"P06","S",3,1,200,600,600,0.00049841670978147503,0.089049379820971983,"prior_tenfold_S_003","prior_tenfold","Shared"
"P06","S",4,1,200,600,600,0.00068931078530972984,0.18850765863025776,"prior_tenfold_S_004","prior_tenfold","Shared"
"P06","S",5,1,200,600,600,0.00048894140806372767,0.13776763610898476,"prior_tenfold_S_005","prior_tenfold","Shared"
"P06","S",6,1,200,600,600,0.00060508501098276819,0.10820089889953605,"prior_tenfold_S_006","prior_tenfold","Shared"
"P06","S",7,1,200,600,600,0.00070533611675527503,0.18620330852843478,"prior_tenfold_S_007","prior_tenfold","Shared"
"P06","S",8,1,200,600,600,0.00034258215825546084,0.10210053440817519,"prior_tenfold_S_008","prior_tenfold","Shared"
"P06","S",9,1,200,600,600,0.00027803249962958081,0.036976755185606031,"prior_tenfold_S_009","prior_tenfold","Shared"
"P06","S",10,1,200,600,600,0.00072709300700459151,0.19923688145546489,"prior_tenfold_S_010","prior_tenfold","Shared"
"P06","S",11,1,200,600,600,0.000909443175813632,0.23382916811394672,"prior_tenfold_S_011","prior_tenfold","Shared"
"P06","S",12,1,200,600,600,0.00066485538494415739,0.19523786847208807,"prior_tenfold_S_012","prior_tenfold","Shared"
"P06","S",13,1,200,600,600,0.00034827321565972653,0.073303671527851166,"prior_tenfold_S_013","prior_tenfold","Shared"
"P06","S",14,1,200,600,600,0.00048682327432519553,0.13827938194429193,"prior_tenfold_S_014","prior_tenfold","Shared"
"P06","S",15,1,200,600,600,0.00070387259489129012,0.2106069514096616,"prior_tenfold_S_015","prior_tenfold","Shared"
"P06","S",16,1,200,600,600,0.00054215243085153127,0.030857130498659058,"prior_tenfold_S_016","prior_tenfold","Shared"
"P06","S",17,1,200,600,600,0.00043469368473390016,0.082442428266208095,"prior_tenfold_S_017","prior_tenfold","Shared"
"P06","S",18,1,200,600,600,0.00063129978176545206,0.085698610606556438,"prior_tenfold_S_018","prior_tenfold","Shared"
"P06","S",19,1,200,600,600,0.0009086687844601178,0.27025509609697629,"prior_tenfold_S_019","prior_tenfold","Shared"
"P06","S",20,1,200,600,600,0.00028278501465966993,0.035709225550512404,"prior_tenfold_S_020","prior_tenfold","Shared"
"P06","S",21,1,200,600,600,0.00091700313183483613,0.23868485024784225,"prior_tenfold_S_021","prior_tenfold","Shared"
"P06","S",22,1,200,600,600,0.00022727561420903675,0.04902132982616237,"prior_tenfold_S_022","prior_tenfold","Shared"
"P06","S",23,1,200,600,600,0.0006016335694191573,0.17743312800026134,"prior_tenfold_S_023","prior_tenfold","Shared"
"P06","S",24,1,200,600,600,0.00028858306548699844,0.083504874950604907,"prior_tenfold_S_024","prior_tenfold","Shared"
"P06","S",25,1,200,600,600,0.00082953121553063251,0.2161487489007132,"prior_tenfold_S_025","prior_tenfold","Shared"
"P06","S",26,1,200,600,600,0.00059269243715789454,0.12954458503110031,"prior_tenfold_S_026","prior_tenfold","Shared"
"P06","S",27,1,200,600,600,0.00032423516820924355,0.048098123867282933,"prior_tenfold_S_027","prior_tenfold","Shared"
"P06","S",28,1,200,600,600,0.00025431574524975928,0.047709400354672152,"prior_tenfold_S_028","prior_tenfold","Shared"
"P06","S",29,1,200,600,600,0.00041191501715950743,0.10283687945447818,"prior_tenfold_S_029","prior_tenfold","Shared"
"P06","S",30,1,200,600,600,0.00085504762000865526,0.2536265474284512,"prior_tenfold_S_030","prior_tenfold","Shared"
"P06","S",31,1,200,600,600,0.0002328678120827346,0.062742999219990117,"prior_tenfold_S_031","prior_tenfold","Shared"
"P06","S",32,1,200,600,600,0.00066154033434505854,0.1249447526927764,"prior_tenfold_S_032","prior_tenfold","Shared"
"P06","S",33,1,200,600,600,0.00073262459709370507,0.20389475328092532,"prior_tenfold_S_033","prior_tenfold","Shared"
"P06","S",34,1,200,600,600,0.00056270277626091416,0.087226888265970276,"prior_tenfold_S_034","prior_tenfold","Shared"
"P06","S",35,1,200,600,600,0.00031738554168543164,0.077372873374090739,"prior_tenfold_S_035","prior_tenfold","Shared"
"P06","S",36,1,200,600,600,0.00046782163859530635,0.056515007547642403,"prior_tenfold_S_036","prior_tenfold","Shared"
"P06","S",37,1,200,600,600,0.00035586265300577958,0.10519250978545523,"prior_tenfold_S_037","prior_tenfold","Shared"
"P06","S",38,1,200,600,600,0.00078601161962207845,0.1864098407039424,"prior_tenfold_S_038","prior_tenfold","Shared"
"P06","S",39,1,200,600,600,0.00013766119388205074,0.011749954019660603,"prior_tenfold_S_039","prior_tenfold","Shared"
"P06","S",40,1,200,600,600,0.00024548817018955204,0.067287944377393438,"prior_tenfold_S_040","prior_tenfold","Shared"
"P06","W",0,0,200,600,600,0.036173301190874037,NaN,"prior_tenfold_W_000","prior_tenfold","Incorrectly shared"
"P06","W",1,1,200,600,600,0.036286328805780685,NaN,"prior_tenfold_W_001","prior_tenfold","Incorrectly shared"
"P06","W",2,1,200,600,600,0.036134813085227133,NaN,"prior_tenfold_W_002","prior_tenfold","Incorrectly shared"
"P06","W",3,1,200,600,600,0.036144932069180333,NaN,"prior_tenfold_W_003","prior_tenfold","Incorrectly shared"
"P06","W",4,1,200,600,600,0.036232915210978607,NaN,"prior_tenfold_W_004","prior_tenfold","Incorrectly shared"
"P06","W",5,1,200,600,600,0.03613315717058567,NaN,"prior_tenfold_W_005","prior_tenfold","Incorrectly shared"
"P06","W",6,1,200,600,600,0.036193027327768343,NaN,"prior_tenfold_W_006","prior_tenfold","Incorrectly shared"
"P06","W",7,1,200,600,600,0.036209376491896136,NaN,"prior_tenfold_W_007","prior_tenfold","Incorrectly shared"
"P06","W",8,1,200,600,600,0.036202921974600219,NaN,"prior_tenfold_W_008","prior_tenfold","Incorrectly shared"
"P06","W",9,1,200,600,600,0.036173577471549506,NaN,"prior_tenfold_W_009","prior_tenfold","Incorrectly shared"
"P06","W",10,1,200,600,600,0.036182407070228018,NaN,"prior_tenfold_W_010","prior_tenfold","Incorrectly shared"
"P06","W",11,1,200,600,600,0.036137547306722702,NaN,"prior_tenfold_W_011","prior_tenfold","Incorrectly shared"
"P06","W",12,1,200,600,600,0.036117448943667668,NaN,"prior_tenfold_W_012","prior_tenfold","Incorrectly shared"
"P06","W",13,1,200,600,600,0.036152914589564634,NaN,"prior_tenfold_W_013","prior_tenfold","Incorrectly shared"
"P06","W",14,1,200,600,600,0.03616595001674671,NaN,"prior_tenfold_W_014","prior_tenfold","Incorrectly shared"
"P06","W",15,1,200,600,600,0.036244282661446317,NaN,"prior_tenfold_W_015","prior_tenfold","Incorrectly shared"
"P06","W",16,1,200,600,600,0.036251182037434354,NaN,"prior_tenfold_W_016","prior_tenfold","Incorrectly shared"
"P06","W",17,1,200,600,600,0.036137851395493019,NaN,"prior_tenfold_W_017","prior_tenfold","Incorrectly shared"
"P06","W",18,1,200,600,600,0.036169023999867628,NaN,"prior_tenfold_W_018","prior_tenfold","Incorrectly shared"
"P06","W",19,1,200,600,600,0.03624841600374825,NaN,"prior_tenfold_W_019","prior_tenfold","Incorrectly shared"
"P06","W",20,1,200,600,600,0.036143547618891707,NaN,"prior_tenfold_W_020","prior_tenfold","Incorrectly shared"
"P06","W",21,1,200,600,600,0.036273321566031913,NaN,"prior_tenfold_W_021","prior_tenfold","Incorrectly shared"
"P06","W",22,1,200,600,600,0.036205292312646749,NaN,"prior_tenfold_W_022","prior_tenfold","Incorrectly shared"
"P06","W",23,1,200,600,600,0.036234920913320486,NaN,"prior_tenfold_W_023","prior_tenfold","Incorrectly shared"
"P06","W",24,1,200,600,600,0.036155971986519313,NaN,"prior_tenfold_W_024","prior_tenfold","Incorrectly shared"
"P06","W",25,1,200,600,600,0.036192166261771318,NaN,"prior_tenfold_W_025","prior_tenfold","Incorrectly shared"
"P06","W",26,1,200,600,600,0.036183317903227284,NaN,"prior_tenfold_W_026","prior_tenfold","Incorrectly shared"
"P06","W",27,1,200,600,600,0.036130681347581829,NaN,"prior_tenfold_W_027","prior_tenfold","Incorrectly shared"
"P06","W",28,1,200,600,600,0.036197282008754397,NaN,"prior_tenfold_W_028","prior_tenfold","Incorrectly shared"
"P06","W",29,1,200,600,600,0.03625435411961575,NaN,"prior_tenfold_W_029","prior_tenfold","Incorrectly shared"
"P06","W",30,1,200,600,600,0.036182262389244726,NaN,"prior_tenfold_W_030","prior_tenfold","Incorrectly shared"
"P06","W",31,1,200,600,600,0.036203079589818429,NaN,"prior_tenfold_W_031","prior_tenfold","Incorrectly shared"
"P06","W",32,1,200,600,600,0.036133175416250551,NaN,"prior_tenfold_W_032","prior_tenfold","Incorrectly shared"
"P06","W",33,1,200,600,600,0.036230289505318758,NaN,"prior_tenfold_W_033","prior_tenfold","Incorrectly shared"
"P06","W",34,1,200,600,600,0.036107294664175463,NaN,"prior_tenfold_W_034","prior_tenfold","Incorrectly shared"
"P06","W",35,1,200,600,600,0.036171870861224996,NaN,"prior_tenfold_W_035","prior_tenfold","Incorrectly shared"
"P06","W",36,1,200,600,600,0.036108168382864507,NaN,"prior_tenfold_W_036","prior_tenfold","Incorrectly shared"
"P06","W",37,1,200,600,600,0.036187984356210498,NaN,"prior_tenfold_W_037","prior_tenfold","Incorrectly shared"
"P06","W",38,1,200,600,600,0.036112142106072817,NaN,"prior_tenfold_W_038","prior_tenfold","Incorrectly shared"
"P06","W",39,1,200,600,600,0.036190415773179468,NaN,"prior_tenfold_W_039","prior_tenfold","Incorrectly shared"
"P06","W",40,1,200,600,600,0.036207698155885433,NaN,"prior_tenfold_W_040","prior_tenfold","Incorrectly shared"
"P06","A",0,0,200,600,600,0.017812000205570156,NaN,"prior_tenth_A_000","prior_tenth","Affine"
"P06","A",1,1,200,600,600,0.0179240812883645,NaN,"prior_tenth_A_001","prior_tenth","Affine"
"P06","A",2,1,200,600,600,0.017775422219323538,NaN,"prior_tenth_A_002","prior_tenth","Affine"
"P06","A",3,1,200,600,600,0.017776029956354335,NaN,"prior_tenth_A_003","prior_tenth","Affine"
"P06","A",4,1,200,600,600,0.017888227132418468,NaN,"prior_tenth_A_004","prior_tenth","Affine"
"P06","A",5,1,200,600,600,0.017782075761318836,NaN,"prior_tenth_A_005","prior_tenth","Affine"
"P06","A",6,1,200,600,600,0.017832096973960734,NaN,"prior_tenth_A_006","prior_tenth","Affine"
"P06","A",7,1,200,600,600,0.017853073069144222,NaN,"prior_tenth_A_007","prior_tenth","Affine"
"P06","A",8,1,200,600,600,0.017839208994231501,NaN,"prior_tenth_A_008","prior_tenth","Affine"
"P06","A",9,1,200,600,600,0.017805893147636861,NaN,"prior_tenth_A_009","prior_tenth","Affine"
"P06","A",10,1,200,600,600,0.017834922761377537,NaN,"prior_tenth_A_010","prior_tenth","Affine"
"P06","A",11,1,200,600,600,0.017782155502501888,NaN,"prior_tenth_A_011","prior_tenth","Affine"
"P06","A",12,1,200,600,600,0.017761756802201049,NaN,"prior_tenth_A_012","prior_tenth","Affine"
"P06","A",13,1,200,600,600,0.017794360209111366,NaN,"prior_tenth_A_013","prior_tenth","Affine"
"P06","A",14,1,200,600,600,0.017815382434873954,NaN,"prior_tenth_A_014","prior_tenth","Affine"
"P06","A",15,1,200,600,600,0.017880457830272194,NaN,"prior_tenth_A_015","prior_tenth","Affine"
"P06","A",16,1,200,600,600,0.017883045955638607,NaN,"prior_tenth_A_016","prior_tenth","Affine"
"P06","A",17,1,200,600,600,0.017782712759029134,NaN,"prior_tenth_A_017","prior_tenth","Affine"
"P06","A",18,1,200,600,600,0.017816049792260372,NaN,"prior_tenth_A_018","prior_tenth","Affine"
"P06","A",19,1,200,600,600,0.017889003223091504,NaN,"prior_tenth_A_019","prior_tenth","Affine"
"P06","A",20,1,200,600,600,0.017791352282041949,NaN,"prior_tenth_A_020","prior_tenth","Affine"
"P06","A",21,1,200,600,600,0.017913595501727862,NaN,"prior_tenth_A_021","prior_tenth","Affine"
"P06","A",22,1,200,600,600,0.017837113112159013,NaN,"prior_tenth_A_022","prior_tenth","Affine"
"P06","A",23,1,200,600,600,0.017875379310638942,NaN,"prior_tenth_A_023","prior_tenth","Affine"
"P06","A",24,1,200,600,600,0.017803833969662581,NaN,"prior_tenth_A_024","prior_tenth","Affine"
"P06","A",25,1,200,600,600,0.017849385249849341,NaN,"prior_tenth_A_025","prior_tenth","Affine"
"P06","A",26,1,200,600,600,0.017825397300464278,NaN,"prior_tenth_A_026","prior_tenth","Affine"
"P06","A",27,1,200,600,600,0.017778854211795252,NaN,"prior_tenth_A_027","prior_tenth","Affine"
"P06","A",28,1,200,600,600,0.017831201084045741,NaN,"prior_tenth_A_028","prior_tenth","Affine"
"P06","A",29,1,200,600,600,0.017886397326878488,NaN,"prior_tenth_A_029","prior_tenth","Affine"
"P06","A",30,1,200,600,600,0.017844031345188159,NaN,"prior_tenth_A_030","prior_tenth","Affine"
"P06","A",31,1,200,600,600,0.017841830598763944,NaN,"prior_tenth_A_031","prior_tenth","Affine"
"P06","A",32,1,200,600,600,0.017779863345792533,NaN,"prior_tenth_A_032","prior_tenth","Affine"
"P06","A",33,1,200,600,600,0.017879494976840632,NaN,"prior_tenth_A_033","prior_tenth","Affine"
"P06","A",34,1,200,600,600,0.017770584865135469,NaN,"prior_tenth_A_034","prior_tenth","Affine"
"P06","A",35,1,200,600,600,0.017822260067088033,NaN,"prior_tenth_A_035","prior_tenth","Affine"
"P06","A",36,1,200,600,600,0.017754454650288135,NaN,"prior_tenth_A_036","prior_tenth","Affine"
"P06","A",37,1,200,600,600,0.017827688235054592,NaN,"prior_tenth_A_037","prior_tenth","Affine"
"P06","A",38,1,200,600,600,0.01775351022734388,NaN,"prior_tenth_A_038","prior_tenth","Affine"
"P06","A",39,1,200,600,600,0.017827365669072504,NaN,"prior_tenth_A_039","prior_tenth","Affine"
"P06","A",40,1,200,600,600,0.017841892628931502,NaN,"prior_tenth_A_040","prior_tenth","Affine"
"P06","P2",0,0,200,600,600,0.0010086366122557438,0.67673965752899645,"prior_tenth_P2_000","prior_tenth","Complete quadratic"
"P06","P2",1,1,200,600,600,0.0013613349334473455,0.73552346305921135,"prior_tenth_P2_001","prior_tenth","Complete quadratic"
"P06","P2",2,1,200,600,600,0.0014048535273568738,0.92175593450544857,"prior_tenth_P2_002","prior_tenth","Complete quadratic"
"P06","P2",3,1,200,600,600,0.0011851766282961289,0.52959430660183526,"prior_tenth_P2_003","prior_tenth","Complete quadratic"
"P06","P2",4,1,200,600,600,0.0014964748727604317,0.58878325874314719,"prior_tenth_P2_004","prior_tenth","Complete quadratic"
"P06","P2",5,1,200,600,600,0.0013501904694402545,0.82982837504068818,"prior_tenth_P2_005","prior_tenth","Complete quadratic"
"P06","P2",6,1,200,600,600,0.0013172377584929321,1.0236642986024058,"prior_tenth_P2_006","prior_tenth","Complete quadratic"
"P06","P2",7,1,200,600,600,0.0011750762292559423,0.47459178559099291,"prior_tenth_P2_007","prior_tenth","Complete quadratic"
"P06","P2",8,1,200,600,600,0.00091672427124825308,0.30998732093347781,"prior_tenth_P2_008","prior_tenth","Complete quadratic"
"P06","P2",9,1,200,600,600,0.00064782977927238256,0.17757791525534486,"prior_tenth_P2_009","prior_tenth","Complete quadratic"
"P06","P2",10,1,200,600,600,0.0014728184320588727,0.87109296310073026,"prior_tenth_P2_010","prior_tenth","Complete quadratic"
"P06","P2",11,1,200,600,600,0.0018395663557500971,1.2384030171906624,"prior_tenth_P2_011","prior_tenth","Complete quadratic"
"P06","P2",12,1,200,600,600,0.0015011656072217671,0.91209709737065248,"prior_tenth_P2_012","prior_tenth","Complete quadratic"
"P06","P2",13,1,200,600,600,0.0013636285467183173,1.0661721466164271,"prior_tenth_P2_013","prior_tenth","Complete quadratic"
"P06","P2",14,1,200,600,600,0.0014738009049022995,0.71837637373061936,"prior_tenth_P2_014","prior_tenth","Complete quadratic"
"P06","P2",15,1,200,600,600,0.00098257759952653854,0.66198683102226297,"prior_tenth_P2_015","prior_tenth","Complete quadratic"
"P06","P2",16,1,200,600,600,0.0014669239983546598,1.037795268368926,"prior_tenth_P2_016","prior_tenth","Complete quadratic"
"P06","P2",17,1,200,600,600,0.001339911657122818,0.89953124986884192,"prior_tenth_P2_017","prior_tenth","Complete quadratic"
"P06","P2",18,1,200,600,600,0.0014400844530352687,0.85556812096735224,"prior_tenth_P2_018","prior_tenth","Complete quadratic"
"P06","P2",19,1,200,600,600,0.0019626381451877824,1.8021197846122496,"prior_tenth_P2_019","prior_tenth","Complete quadratic"
"P06","P2",20,1,200,600,600,0.0014358840232707583,0.70266724579539575,"prior_tenth_P2_020","prior_tenth","Complete quadratic"
"P06","P2",21,1,200,600,600,0.001218251102998207,1.0494286030948903,"prior_tenth_P2_021","prior_tenth","Complete quadratic"
"P06","P2",22,1,200,600,600,0.0010536270536832238,0.65435413378626961,"prior_tenth_P2_022","prior_tenth","Complete quadratic"
"P06","P2",23,1,200,600,600,0.0013798735461295964,0.94180367511353547,"prior_tenth_P2_023","prior_tenth","Complete quadratic"
"P06","P2",24,1,200,600,600,0.0011283080569492855,0.57047653538734011,"prior_tenth_P2_024","prior_tenth","Complete quadratic"
"P06","P2",25,1,200,600,600,0.00130662112962637,0.38276847541905901,"prior_tenth_P2_025","prior_tenth","Complete quadratic"
"P06","P2",26,1,200,600,600,0.001501040313852306,0.63183455007006606,"prior_tenth_P2_026","prior_tenth","Complete quadratic"
"P06","P2",27,1,200,600,600,0.0011179135335985825,0.47049518030457421,"prior_tenth_P2_027","prior_tenth","Complete quadratic"
"P06","P2",28,1,200,600,600,0.0011530916896143389,0.45868539502981021,"prior_tenth_P2_028","prior_tenth","Complete quadratic"
"P06","P2",29,1,200,600,600,0.0013735443629172362,1.0777682888781344,"prior_tenth_P2_029","prior_tenth","Complete quadratic"
"P06","P2",30,1,200,600,600,0.0014743740568420479,0.49973801865846929,"prior_tenth_P2_030","prior_tenth","Complete quadratic"
"P06","P2",31,1,200,600,600,0.0011558896520908694,1.0149762099169746,"prior_tenth_P2_031","prior_tenth","Complete quadratic"
"P06","P2",32,1,200,600,600,0.0014382654840250375,0.62112203908120922,"prior_tenth_P2_032","prior_tenth","Complete quadratic"
"P06","P2",33,1,200,600,600,0.00087860003810823716,0.46467284449544427,"prior_tenth_P2_033","prior_tenth","Complete quadratic"
"P06","P2",34,1,200,600,600,0.0017180529281486017,0.65049811381163258,"prior_tenth_P2_034","prior_tenth","Complete quadratic"
"P06","P2",35,1,200,600,600,0.0013939909727519501,0.55209224660879241,"prior_tenth_P2_035","prior_tenth","Complete quadratic"
"P06","P2",36,1,200,600,600,0.0014796827956666668,1.1458960530537954,"prior_tenth_P2_036","prior_tenth","Complete quadratic"
"P06","P2",37,1,200,600,600,0.0019613235290730927,1.7048802015260478,"prior_tenth_P2_037","prior_tenth","Complete quadratic"
"P06","P2",38,1,200,600,600,0.001532269397989188,1.2886902332893233,"prior_tenth_P2_038","prior_tenth","Complete quadratic"
"P06","P2",39,1,200,600,600,0.00079337910324349869,0.61802070925942509,"prior_tenth_P2_039","prior_tenth","Complete quadratic"
"P06","P2",40,1,200,600,600,0.001687039400341998,0.79552750824864171,"prior_tenth_P2_040","prior_tenth","Complete quadratic"
"P06","R",0,0,200,600,600,0.00039324084923616099,0.059442611246303165,"prior_tenth_R_000","prior_tenth","Relaxed"
"P06","R",1,1,200,600,600,0.0011471517264049545,0.34642857581377556,"prior_tenth_R_001","prior_tenth","Relaxed"
"P06","R",2,1,200,600,600,0.0006690320720119337,0.14065076031446572,"prior_tenth_R_002","prior_tenth","Relaxed"
"P06","R",3,1,200,600,600,0.0010370553213445064,0.34396730001084025,"prior_tenth_R_003","prior_tenth","Relaxed"
"P06","R",4,1,200,600,600,0.0010134426885695402,0.41452471850888983,"prior_tenth_R_004","prior_tenth","Relaxed"
"P06","R",5,1,200,600,600,0.00080920404070410686,0.1752904196155346,"prior_tenth_R_005","prior_tenth","Relaxed"
"P06","R",6,1,200,600,600,0.00054587905422941705,0.14884132697352029,"prior_tenth_R_006","prior_tenth","Relaxed"
"P06","R",7,1,200,600,600,0.00089713051109657619,0.16236098197973367,"prior_tenth_R_007","prior_tenth","Relaxed"
"P06","R",8,1,200,600,600,0.00053466922903433359,0.10306371354687344,"prior_tenth_R_008","prior_tenth","Relaxed"
"P06","R",9,1,200,600,600,0.00057624144943665783,0.23438558037366139,"prior_tenth_R_009","prior_tenth","Relaxed"
"P06","R",10,1,200,600,600,0.00093787602382275955,0.19600649709545764,"prior_tenth_R_010","prior_tenth","Relaxed"
"P06","R",11,1,200,600,600,0.0011944258985580305,0.30125733431677848,"prior_tenth_R_011","prior_tenth","Relaxed"
"P06","R",12,1,200,600,600,0.00083681564400646543,0.24102845709390022,"prior_tenth_R_012","prior_tenth","Relaxed"
"P06","R",13,1,200,600,600,0.00061506739106197714,0.078796167155415611,"prior_tenth_R_013","prior_tenth","Relaxed"
"P06","R",14,1,200,600,600,0.00066544821699434579,0.12576672602344932,"prior_tenth_R_014","prior_tenth","Relaxed"
"P06","R",15,1,200,600,600,0.00064439254247871845,0.16724438199951125,"prior_tenth_R_015","prior_tenth","Relaxed"
"P06","R",16,1,200,600,600,0.00061208562696099251,0.053790061299919478,"prior_tenth_R_016","prior_tenth","Relaxed"
"P06","R",17,1,200,600,600,0.00077983154935083645,0.13909024315760465,"prior_tenth_R_017","prior_tenth","Relaxed"
"P06","R",18,1,200,600,600,0.00095839297125674926,0.12606050848734066,"prior_tenth_R_018","prior_tenth","Relaxed"
"P06","R",19,1,200,600,600,0.00090761817210136952,0.25088369412107558,"prior_tenth_R_019","prior_tenth","Relaxed"
"P06","R",20,1,200,600,600,0.00083562796781775544,0.21585226716660269,"prior_tenth_R_020","prior_tenth","Relaxed"
"P06","R",21,1,200,600,600,0.00084210361380030027,0.24751836877250047,"prior_tenth_R_021","prior_tenth","Relaxed"
"P06","R",22,1,200,600,600,0.00049321179098986358,0.066395336934394839,"prior_tenth_R_022","prior_tenth","Relaxed"
"P06","R",23,1,200,600,600,0.00078315904468978764,0.2112321199928627,"prior_tenth_R_023","prior_tenth","Relaxed"
"P06","R",24,1,200,600,600,0.00064282807290694905,0.19941218327400576,"prior_tenth_R_024","prior_tenth","Relaxed"
"P06","R",25,1,200,600,600,0.0010358949387971146,0.1913065402593073,"prior_tenth_R_025","prior_tenth","Relaxed"
"P06","R",26,1,200,600,600,0.0008693638735298607,0.12425791057747074,"prior_tenth_R_026","prior_tenth","Relaxed"
"P06","R",27,1,200,600,600,0.00069159864822631711,0.085732143583899453,"prior_tenth_R_027","prior_tenth","Relaxed"
"P06","R",28,1,200,600,600,0.00071009504113368868,0.20692776930365556,"prior_tenth_R_028","prior_tenth","Relaxed"
"P06","R",29,1,200,600,600,0.0005979562223070705,0.1849902256725493,"prior_tenth_R_029","prior_tenth","Relaxed"
"P06","R",30,1,200,600,600,0.00093321536496092448,0.26173001346228975,"prior_tenth_R_030","prior_tenth","Relaxed"
"P06","R",31,1,200,600,600,0.00039978657812550955,0.10679806640631015,"prior_tenth_R_031","prior_tenth","Relaxed"
"P06","R",32,1,200,600,600,0.00085439341914153447,0.14269038253332283,"prior_tenth_R_032","prior_tenth","Relaxed"
"P06","R",33,1,200,600,600,0.00058999906173533366,0.16125723860734731,"prior_tenth_R_033","prior_tenth","Relaxed"
"P06","R",34,1,200,600,600,0.0011443182467368535,0.28081933333189774,"prior_tenth_R_034","prior_tenth","Relaxed"
"P06","R",35,1,200,600,600,0.00059375062820970061,0.093280354314091235,"prior_tenth_R_035","prior_tenth","Relaxed"
"P06","R",36,1,200,600,600,0.00070908371496664394,0.11362143000866572,"prior_tenth_R_036","prior_tenth","Relaxed"
"P06","R",37,1,200,600,600,0.00057198585460696279,0.1135305442873388,"prior_tenth_R_037","prior_tenth","Relaxed"
"P06","R",38,1,200,600,600,0.00088821690153445142,0.25485946719665126,"prior_tenth_R_038","prior_tenth","Relaxed"
"P06","R",39,1,200,600,600,0.00029804479540831156,0.038673826004876573,"prior_tenth_R_039","prior_tenth","Relaxed"
"P06","R",40,1,200,600,600,0.00055486157132506367,0.15354891837528586,"prior_tenth_R_040","prior_tenth","Relaxed"
"P06","S",0,0,200,600,600,0.00027670865415815155,0.035685436518475874,"prior_tenth_S_000","prior_tenth","Shared"
"P06","S",1,1,200,600,600,0.00083462832234990709,0.18650007209956243,"prior_tenth_S_001","prior_tenth","Shared"
"P06","S",2,1,200,600,600,0.00047651088280818666,0.064446004028706649,"prior_tenth_S_002","prior_tenth","Shared"
"P06","S",3,1,200,600,600,0.00075965115599142309,0.11954335274100948,"prior_tenth_S_003","prior_tenth","Shared"
"P06","S",4,1,200,600,600,0.00061152616140474096,0.17124034533277638,"prior_tenth_S_004","prior_tenth","Shared"
"P06","S",5,1,200,600,600,0.00067069906611628136,0.15724353850015563,"prior_tenth_S_005","prior_tenth","Shared"
"P06","S",6,1,200,600,600,0.00047474503609528225,0.084434820147689271,"prior_tenth_S_006","prior_tenth","Shared"
"P06","S",7,1,200,600,600,0.00083551846440713367,0.18196167552844797,"prior_tenth_S_007","prior_tenth","Shared"
"P06","S",8,1,200,600,600,0.00045658474017885089,0.097057042452652689,"prior_tenth_S_008","prior_tenth","Shared"
"P06","S",9,1,200,600,600,0.0002962983964439622,0.046018043910110232,"prior_tenth_S_009","prior_tenth","Shared"
"P06","S",10,1,200,600,600,0.00085185094391739891,0.19371931241638188,"prior_tenth_S_010","prior_tenth","Shared"
"P06","S",11,1,200,600,600,0.001101559817326213,0.25339572692613888,"prior_tenth_S_011","prior_tenth","Shared"
"P06","S",12,1,200,600,600,0.00076948931197985888,0.20857441774903729,"prior_tenth_S_012","prior_tenth","Shared"
"P06","S",13,1,200,600,600,0.00053953982769599086,0.079167160219165741,"prior_tenth_S_013","prior_tenth","Shared"
"P06","S",14,1,200,600,600,0.00059398160665997165,0.13188900503607809,"prior_tenth_S_014","prior_tenth","Shared"
"P06","S",15,1,200,600,600,0.00063646606472633977,0.19315893396423844,"prior_tenth_S_015","prior_tenth","Shared"
"P06","S",16,1,200,600,600,0.00057192698543606798,0.044286956275227614,"prior_tenth_S_016","prior_tenth","Shared"
"P06","S",17,1,200,600,600,0.00069060293498010518,0.11222476829891183,"prior_tenth_S_017","prior_tenth","Shared"
"P06","S",18,1,200,600,600,0.00087108350691628112,0.10912131136501614,"prior_tenth_S_018","prior_tenth","Shared"
"P06","S",19,1,200,600,600,0.00084304072639899952,0.25192726223936451,"prior_tenth_S_019","prior_tenth","Shared"
"P06","S",20,1,200,600,600,0.00055045863680726651,0.066854658333935543,"prior_tenth_S_020","prior_tenth","Shared"
"P06","S",21,1,200,600,600,0.00074825360878264273,0.21542878033341109,"prior_tenth_S_021","prior_tenth","Shared"
"P06","S",22,1,200,600,600,0.00040105977431002901,0.056344010000869034,"prior_tenth_S_022","prior_tenth","Shared"
"P06","S",23,1,200,600,600,0.00064574374615583834,0.166910883729362,"prior_tenth_S_023","prior_tenth","Shared"
"P06","S",24,1,200,600,600,0.00039195696757243748,0.078095132095832506,"prior_tenth_S_024","prior_tenth","Shared"
"P06","S",25,1,200,600,600,0.00097036401404108094,0.21215845174114495,"prior_tenth_S_025","prior_tenth","Shared"
"P06","S",26,1,200,600,600,0.00079389878720330289,0.13461983630032245,"prior_tenth_S_026","prior_tenth","Shared"
"P06","S",27,1,200,600,600,0.00059259481044704693,0.081850986305866638,"prior_tenth_S_027","prior_tenth","Shared"
"P06","S",28,1,200,600,600,0.00043984902803453858,0.058618613752992051,"prior_tenth_S_028","prior_tenth","Shared"
"P06","S",29,1,200,600,600,0.00040412033753756284,0.090843722632434246,"prior_tenth_S_029","prior_tenth","Shared"
"P06","S",30,1,200,600,600,0.00085291330740784892,0.23866624403963188,"prior_tenth_S_030","prior_tenth","Shared"
"P06","S",31,1,200,600,600,0.00027602676899807856,0.05495617515210436,"prior_tenth_S_031","prior_tenth","Shared"
"P06","S",32,1,200,600,600,0.00075888085105016673,0.11981249244736736,"prior_tenth_S_032","prior_tenth","Shared"
"P06","S",33,1,200,600,600,0.00060823955884815395,0.18353983706298607,"prior_tenth_S_033","prior_tenth","Shared"
"P06","S",34,1,200,600,600,0.00082483952858416034,0.11993366722410503,"prior_tenth_S_034","prior_tenth","Shared"
"P06","S",35,1,200,600,600,0.00049673033761553559,0.081331155865978791,"prior_tenth_S_035","prior_tenth","Shared"
"P06","S",36,1,200,600,600,0.00064142896084881098,0.08279315090673324,"prior_tenth_S_036","prior_tenth","Shared"
"P06","S",37,1,200,600,600,0.00047742821711130773,0.10067398507769931,"prior_tenth_S_037","prior_tenth","Shared"
"P06","S",38,1,200,600,600,0.00082388655344923188,0.19618924427923526,"prior_tenth_S_038","prior_tenth","Shared"
"P06","S",39,1,200,600,600,0.00021532656723491453,0.028801427556465864,"prior_tenth_S_039","prior_tenth","Shared"
"P06","S",40,1,200,600,600,0.00039219804066150787,0.067438373909253238,"prior_tenth_S_040","prior_tenth","Shared"
"P06","W",0,0,200,600,600,0.036139095502736314,NaN,"prior_tenth_W_000","prior_tenth","Incorrectly shared"
"P06","W",1,1,200,600,600,0.03624957249274794,NaN,"prior_tenth_W_001","prior_tenth","Incorrectly shared"
"P06","W",2,1,200,600,600,0.036101465583142867,NaN,"prior_tenth_W_002","prior_tenth","Incorrectly shared"
"P06","W",3,1,200,600,600,0.036113487210609654,NaN,"prior_tenth_W_003","prior_tenth","Incorrectly shared"
"P06","W",4,1,200,600,600,0.036196322075508616,NaN,"prior_tenth_W_004","prior_tenth","Incorrectly shared"
"P06","W",5,1,200,600,600,0.03610225265724816,NaN,"prior_tenth_W_005","prior_tenth","Incorrectly shared"
"P06","W",6,1,200,600,600,0.036156404893633996,NaN,"prior_tenth_W_006","prior_tenth","Incorrectly shared"
"P06","W",7,1,200,600,600,0.03617485033618173,NaN,"prior_tenth_W_007","prior_tenth","Incorrectly shared"
"P06","W",8,1,200,600,600,0.036167982396437225,NaN,"prior_tenth_W_008","prior_tenth","Incorrectly shared"
"P06","W",9,1,200,600,600,0.036139011218676152,NaN,"prior_tenth_W_009","prior_tenth","Incorrectly shared"
"P06","W",10,1,200,600,600,0.036149307020367179,NaN,"prior_tenth_W_010","prior_tenth","Incorrectly shared"
"P06","W",11,1,200,600,600,0.036107523728240221,NaN,"prior_tenth_W_011","prior_tenth","Incorrectly shared"
"P06","W",12,1,200,600,600,0.036085838253571138,NaN,"prior_tenth_W_012","prior_tenth","Incorrectly shared"
"P06","W",13,1,200,600,600,0.036119586266054618,NaN,"prior_tenth_W_013","prior_tenth","Incorrectly shared"
"P06","W",14,1,200,600,600,0.036132928925005761,NaN,"prior_tenth_W_014","prior_tenth","Incorrectly shared"
"P06","W",15,1,200,600,600,0.036205011879306345,NaN,"prior_tenth_W_015","prior_tenth","Incorrectly shared"
"P06","W",16,1,200,600,600,0.036213401277115156,NaN,"prior_tenth_W_016","prior_tenth","Incorrectly shared"
"P06","W",17,1,200,600,600,0.036107206564395457,NaN,"prior_tenth_W_017","prior_tenth","Incorrectly shared"
"P06","W",18,1,200,600,600,0.036138368179370446,NaN,"prior_tenth_W_018","prior_tenth","Incorrectly shared"
"P06","W",19,1,200,600,600,0.036208861748313621,NaN,"prior_tenth_W_019","prior_tenth","Incorrectly shared"
"P06","W",20,1,200,600,600,0.036112383996760478,NaN,"prior_tenth_W_020","prior_tenth","Incorrectly shared"
"P06","W",21,1,200,600,600,0.036231270855945366,NaN,"prior_tenth_W_021","prior_tenth","Incorrectly shared"
"P06","W",22,1,200,600,600,0.036170145505363745,NaN,"prior_tenth_W_022","prior_tenth","Incorrectly shared"
"P06","W",23,1,200,600,600,0.036199051568019752,NaN,"prior_tenth_W_023","prior_tenth","Incorrectly shared"
"P06","W",24,1,200,600,600,0.03612196832648925,NaN,"prior_tenth_W_024","prior_tenth","Incorrectly shared"
"P06","W",25,1,200,600,600,0.036160908908192645,NaN,"prior_tenth_W_025","prior_tenth","Incorrectly shared"
"P06","W",26,1,200,600,600,0.036151220000293513,NaN,"prior_tenth_W_026","prior_tenth","Incorrectly shared"
"P06","W",27,1,200,600,600,0.036100684590480665,NaN,"prior_tenth_W_027","prior_tenth","Incorrectly shared"
"P06","W",28,1,200,600,600,0.036162169576474876,NaN,"prior_tenth_W_028","prior_tenth","Incorrectly shared"
"P06","W",29,1,200,600,600,0.036217243315432031,NaN,"prior_tenth_W_029","prior_tenth","Incorrectly shared"
"P06","W",30,1,200,600,600,0.036147900175593266,NaN,"prior_tenth_W_030","prior_tenth","Incorrectly shared"
"P06","W",31,1,200,600,600,0.03616721062044357,NaN,"prior_tenth_W_031","prior_tenth","Incorrectly shared"
"P06","W",32,1,200,600,600,0.036101173371920772,NaN,"prior_tenth_W_032","prior_tenth","Incorrectly shared"
"P06","W",33,1,200,600,600,0.036192600291949172,NaN,"prior_tenth_W_033","prior_tenth","Incorrectly shared"
"P06","W",34,1,200,600,600,0.03607930616631274,NaN,"prior_tenth_W_034","prior_tenth","Incorrectly shared"
"P06","W",35,1,200,600,600,0.036139687077621815,NaN,"prior_tenth_W_035","prior_tenth","Incorrectly shared"
"P06","W",36,1,200,600,600,0.03607672356439777,NaN,"prior_tenth_W_036","prior_tenth","Incorrectly shared"
"P06","W",37,1,200,600,600,0.036153447167025649,NaN,"prior_tenth_W_037","prior_tenth","Incorrectly shared"
"P06","W",38,1,200,600,600,0.036079070044046063,NaN,"prior_tenth_W_038","prior_tenth","Incorrectly shared"
"P06","W",39,1,200,600,600,0.036154371209933846,NaN,"prior_tenth_W_039","prior_tenth","Incorrectly shared"
"P06","W",40,1,200,600,600,0.036172986243165464,NaN,"prior_tenth_W_040","prior_tenth","Incorrectly shared"
