kind,sourceStudy,plant,modelId,model,unit,sourceFile,sourceCampaign,trial,scenario,evaluationRange,status,snapshot,fittingTransitions,snapshotTime,inputMode,initialization,squaredUnit,currentTrueGain,horizon,horizonSeconds,attemptedQueries,finiteQueries,failedQueries,modelMeanError,modelMSE,modelRMSE,freezingMeanError,freezingMSE,freezingRMSE,totalMeanError,totalMSE,totalRMSE,initializationMeanError,initializationMSE,initializationRMSE,changeMeanError,changeMSE,changeRMSE,combinedMeanError,combinedMSE,combinedRMSE,meanCrossTerm,meanCombinedCrossTerm,aggregateSquaredResidual,aggregateCombinedSquaredResidual,identityResidualMax,squaredIdentityResidualMax,combinedIdentityResidualMax,combinedSquaredIdentityResidualMax,referenceRefinementRMSE,archiveComparisonMax
commonData,1,A,A,Affine,dimensionless state,study1_candidate_20260917/data/pilot_A_000.mat,pilot,0,stationary,0.5,derived pilot,After 25 initialization transitions,25,NaN,held,clean,(dimensionless state)^2,0.45,1,0.1,29,29,0,0.00524510207002659,0.000218354621452646,0.014776827178141,-1.10065213648184e-17,1.2817395836784e-33,3.58013908064813e-17,0.00524510207002658,0.000218354621452646,0.014776827178141,0,0,0,0,0,0,0.00524510207002658,0.000218354621452646,0.014776827178141,-2.11669208942118e-20,-2.11669208942118e-20,-6.01482420422023e-20,-6.01482420422023e-20,0,8.94886382909983e-21,0,8.94886382909983e-21,0,0
commonData,1,A,A,Affine,dimensionless state,study1_candidate_20260917/data/pilot_A_000.mat,pilot,0,stationary,0.5,derived pilot,After 25 initialization transitions,25,NaN,held,clean,(dimensionless state)^2,0.45,2,0.2,29,29,0,0.00818629797761745,0.000578974622248825,0.0240618914935801,-1.91417762866406e-18,5.56527342550519e-33,7.4600760220692e-17,0.00818629797761745,0.000578974622248825,0.0240618914935801,0,0,0,0,0,0,0.00818629797761745,0.000578974622248825,0.0240618914935801,1.18548904632446e-19,1.18548904632446e-19,-1.01286873839013e-20,-1.01286873839013e-20,0,1.29249865943382e-19,0,1.29249865943382e-19,0,0
commonData,1,A,A,Affine,dimensionless state,study1_candidate_20260917/data/pilot_A_000.mat,pilot,0,stationary,0.5,derived pilot,After 25 initialization transitions,25,NaN,held,clean,(dimensionless state)^2,0.45,5,0.5,29,29,0,0.0112341113168094,0.00145863079793412,0.0381920253185678,2.00988651009727e-17,7.83654253233427e-33,8.8524248273195e-17,0.0112341113168094,0.00145863079793412,0.0381920253185678,0,0,0,0,0,0,0.0112341113168094,0.00145863079793412,0.0381920253185678,7.8501863120868e-22,7.8501863120868e-22,-7.85018631216516e-22,-7.85018631216516e-22,0,1.51081004074576e-18,0,1.51081004074576e-18,0,0
commonData,1,A,A,Affine,dimensionless state,study1_candidate_20260917/data/pilot_A_000.mat,pilot,0,stationary,0.5,derived pilot,After 25 initialization transitions,25,NaN,held,clean,(dimensionless state)^2,0.45,10,1,29,29,0,0.0117769786827007,0.00205122300172098,0.0452904294715891,1.62705098436445e-17,7.35838061510709e-33,8.57810038126571e-17,0.0117769786827008,0.00205122300172098,0.0452904294715891,0,0,0,0,0,0,0.0117769786827008,0.00205122300172098,0.0452904294715891,-5.28745965466709e-19,-5.28745965466709e-19,9.50650964724996e-20,9.50650964724996e-20,0,1.03435846896627e-18,0,1.03435846896627e-18,0,0
commonData,1,A,A,Affine,dimensionless state,study1_candidate_20260917/data/pilot_A_000.mat,pilot,0,stationary,0.5,derived pilot,After 25 initialization transitions,25,NaN,held,clean,(dimensionless state)^2,0.45,20,2,29,29,0,0.0117723513404582,0.00219772733248688,0.0468799246211732,6.69962170032422e-18,4.96757102897122e-33,7.04809976445511e-17,0.0117723513404582,0.00219772733248688,0.0468799246211732,0,0,0,0,0,0,0.0117723513404582,0.00219772733248688,0.0468799246211732,-2.39623723487532e-19,-2.39623723487532e-19,2.39623723487527e-19,2.39623723487527e-19,0,2.64110435468961e-19,0,2.64110435468961e-19,0,0
commonData,1,A,A,Affine,dimensionless state,study1_candidate_20260917/data/pilot_A_000.mat,pilot,0,stationary,0.5,derived pilot,After 25 initialization transitions,25,NaN,rateLimited,clean,(dimensionless state)^2,0.45,1,0.1,29,29,0,0.00524510207002659,0.000218354621452646,0.014776827178141,-1.10065213648184e-17,1.2817395836784e-33,3.58013908064813e-17,0.00524510207002658,0.000218354621452646,0.014776827178141,0,0,0,0,0,0,0.00524510207002658,0.000218354621452646,0.014776827178141,-2.11669208942118e-20,-2.11669208942118e-20,-6.01482420422023e-20,-6.01482420422023e-20,0,8.94886382909983e-21,0,8.94886382909983e-21,0,0
commonData,1,A,A,Affine,dimensionless state,study1_candidate_20260917/data/pilot_A_000.mat,pilot,0,stationary,0.5,derived pilot,After 25 initialization transitions,25,NaN,rateLimited,clean,(dimensionless state)^2,0.45,2,0.2,29,29,0,0.0145093402097971,0.000818185138525519,0.0286039357174064,1.91417762866406e-18,3.3338511451117e-33,5.77395111263656e-17,0.0145093402097971,0.000818185138525519,0.0286039357174064,0,0,0,0,0,0,0.0145093402097971,0.000818185138525519,0.0286039357174064,-4.03334116132611e-19,-4.03334116132611e-19,-1.38766970110145e-19,-1.38766970110145e-19,0,1.29249865943382e-19,0,1.29249865943382e-19,0,0
commonData,1,A,A,Affine,dimensionless state,study1_candidate_20260917/data/pilot_A_000.mat,pilot,0,stationary,0.5,derived pilot,After 25 initialization transitions,25,NaN,rateLimited,clean,(dimensionless state)^2,0.45,5,0.5,29,29,0,0.0125087294373053,0.00168852046897413,0.0410916106884864,1.38777878078145e-17,7.03296486588304e-33,8.38627740173377e-17,0.0125087294373053,0.00168852046897413,0.0410916106884864,0,0,0,0,0,0,0.0125087294373053,0.00168852046897413,0.0410916106884864,-8.6075168933248e-19,-8.6075168933248e-19,-6.61004865593083e-21,-6.61004865593083e-21,0,1.51081004074576e-18,0,1.51081004074576e-18,0,0
commonData,1,A,A,Affine,dimensionless state,study1_candidate_20260917/data/pilot_A_000.mat,pilot,0,stationary,0.5,derived pilot,After 25 initialization transitions,25,NaN,rateLimited,clean,(dimensionless state)^2,0.45,10,1,29,29,0,0.0106732876886662,0.00209907674934055,0.0458156823515764,2.9191208837127e-17,6.91342438657625e-33,8.31470046759127e-17,0.0106732876886662,0.00209907674934055,0.0458156823515764,0,0,0,0,0,0,0.0106732876886662,0.00209907674934055,0.0458156823515764,6.53924425976323e-20,6.53924425976323e-20,-6.53924425976392e-20,-6.53924425976392e-20,0,7.80344652583386e-19,0,7.80344652583386e-19,0,0
commonData,1,A,A,Affine,dimensionless state,study1_candidate_20260917/data/pilot_A_000.mat,pilot,0,stationary,0.5,derived pilot,After 25 initialization transitions,25,NaN,rateLimited,clean,(dimensionless state)^2,0.45,20,2,29,29,0,0.00865078934612919,0.00169045479313416,0.0411151406799753,3.82835525732813e-18,4.64879641748643e-33,6.81820828186294e-17,0.00865078934612919,0.00169045479313416,0.0411151406799753,0,0,0,0,0,0,0.00865078934612919,0.00169045479313416,0.0411151406799753,1.03263262196679e-18,1.03263262196679e-18,5.15695505187054e-20,5.15695505187054e-20,0,2.61029093438292e-19,0,2.61029093438292e-19,0,0
commonData,1,A,A,Affine,dimensionless state,study1_candidate_20260917/data/pilot_A_000.mat,pilot,0,stationary,0.5,derived pilot,After 50 initialization transitions,50,NaN,held,clean,(dimensionless state)^2,0.45,1,0.1,29,29,0,-0.000623829206237401,0.000188324572731357,0.0137231400463362,4.78544407166016e-19,6.64113773926633e-36,2.57704050012147e-18,-0.0006238292062374,0.000188324572731357,0.0137231400463362,0,0,0,0,0,0,-0.0006238292062374,0.000188324572731357,0.0137231400463362,9.73471786229669e-21,9.73471786229669e-21,1.73703364498409e-20,1.73703364498409e-20,0,2.29625227084058e-21,0,2.29625227084058e-21,0,0
commonData,1,A,A,Affine,dimensionless state,study1_candidate_20260917/data/pilot_A_000.mat,pilot,0,stationary,0.5,derived pilot,After 50 initialization transitions,50,NaN,held,clean,(dimensionless state)^2,0.45,2,0.2,29,29,0,-0.00165533410591856,0.000501141838109853,0.0223861974910848,-3.82835525732813e-18,1.58059078194539e-33,3.97566445005786e-17,-0.00165533410591857,0.000501141838109853,0.0223861974910848,0,0,0,0,0,0,-0.00165533410591857,0.000501141838109853,0.0223861974910848,5.69905631218328e-19,5.69905631218328e-19,-2.78045449755774e-20,-2.78045449755774e-20,0,7.47455409594333e-20,0,7.47455409594333e-20,0,0
commonData,1,A,A,Affine,dimensionless state,study1_candidate_20260917/data/pilot_A_000.mat,pilot,0,stationary,0.5,derived pilot,After 50 initialization transitions,50,NaN,held,clean,(dimensionless state)^2,0.45,5,0.5,29,29,0,-0.00434729781682628,0.00130075186155371,0.0360659376913135,0,3.45339162441849e-33,5.87655649544739e-17,-0.00434729781682628,0.00130075186155371,0.0360659376913135,0,0,0,0,0,0,-0.00434729781682628,0.00130075186155371,0.0360659376913135,1.27632532842115e-18,1.27632532842115e-18,2.41557713058556e-19,2.41557713058556e-19,0,7.97343503942826e-19,0,7.97343503942826e-19,0,0
commonData,1,A,A,Affine,dimensionless state,study1_candidate_20260917/data/pilot_A_000.mat,pilot,0,stationary,0.5,derived pilot,After 50 initialization transitions,50,NaN,held,clean,(dimensionless state)^2,0.45,10,1,29,29,0,-0.0060146732852584,0.0018783716930506,0.0433401856600846,0,3.91827126616714e-33,6.25960962534177e-17,-0.0060146732852584,0.0018783716930506,0.0433401856600846,0,0,0,0,0,0,-0.0060146732852584,0.0018783716930506,0.0433401856600846,1.51343538558426e-18,1.51343538558426e-18,-6.46073647595864e-19,-6.46073647595864e-19,0,1.20327728245942e-18,0,1.20327728245942e-18,0,0
commonData,1,A,A,Affine,dimensionless state,study1_candidate_20260917/data/pilot_A_000.mat,pilot,0,stationary,0.5,derived pilot,After 50 initialization transitions,50,NaN,held,clean,(dimensionless state)^2,0.45,20,2,29,29,0,-0.00637614277092716,0.00202708085003053,0.0450231146193878,-1.33992434006484e-17,5.92389486342557e-33,7.69668426234672e-17,-0.00637614277092718,0.00202708085003053,0.0450231146193878,0,0,0,0,0,0,-0.00637614277092718,0.00202708085003053,0.0450231146193878,2.67415987657918e-18,2.67415987657918e-18,-5.05755531608176e-19,-5.05755531608176e-19,0,4.05971469840966e-19,0,4.05971469840966e-19,0,0
commonData,1,A,A,Affine,dimensionless state,study1_candidate_20260917/data/pilot_A_000.mat,pilot,0,stationary,0.5,derived pilot,After 50 initialization transitions,50,NaN,rateLimited,clean,(dimensionless state)^2,0.45,1,0.1,29,29,0,-0.000623829206237401,0.000188324572731357,0.0137231400463362,4.78544407166016e-19,6.64113773926633e-36,2.57704050012147e-18,-0.0006238292062374,0.000188324572731357,0.0137231400463362,0,0,0,0,0,0,-0.0006238292062374,0.000188324572731357,0.0137231400463362,9.73471786229669e-21,9.73471786229669e-21,1.73703364498409e-20,1.73703364498409e-20,0,2.29625227084058e-21,0,2.29625227084058e-21,0,0
commonData,1,A,A,Affine,dimensionless state,study1_candidate_20260917/data/pilot_A_000.mat,pilot,0,stationary,0.5,derived pilot,After 50 initialization transitions,50,NaN,rateLimited,clean,(dimensionless state)^2,0.45,2,0.2,29,29,0,0.00481137679506838,0.000629044241223684,0.0250807543990145,5.74253288599219e-18,1.79310718960191e-33,4.23450964056278e-17,0.00481137679506839,0.000629044241223685,0.0250807543990145,0,0,0,0,0,0,0.00481137679506839,0.000629044241223685,0.0250807543990145,9.09551663549024e-19,9.09551663549024e-19,-4.21899255606225e-20,-4.21899255606225e-20,0,7.47455409594333e-20,0,7.47455409594333e-20,0,0
commonData,1,A,A,Affine,dimensionless state,study1_candidate_20260917/data/pilot_A_000.mat,pilot,0,stationary,0.5,derived pilot,After 50 initialization transitions,50,NaN,rateLimited,clean,(dimensionless state)^2,0.45,5,0.5,29,29,0,-0.00305247716761388,0.00152171889307207,0.0390092154890619,9.57088814332031e-19,3.2940043186761e-33,5.7393417032584e-17,-0.00305247716761387,0.00152171889307207,0.0390092154890619,0,0,0,0,0,0,-0.00305247716761387,0.00152171889307207,0.0390092154890619,1.55793144983979e-18,1.55793144983979e-18,-4.00484083600823e-20,-4.00484083600823e-20,0,7.97343503942826e-19,0,7.97343503942826e-19,0,0
commonData,1,A,A,Affine,dimensionless state,study1_candidate_20260917/data/pilot_A_000.mat,pilot,0,stationary,0.5,derived pilot,After 50 initialization transitions,50,NaN,rateLimited,clean,(dimensionless state)^2,0.45,10,1,29,29,0,-0.00777500099438891,0.00202908906348501,0.0450454111257186,6.69962170032422e-18,3.06820563554104e-33,5.53913859326614e-17,-0.0077750009943889,0.00202908906348501,0.0450454111257186,0,0,0,0,0,0,-0.0077750009943889,0.00202908906348501,0.0450454111257186,-8.69397494688258e-19,-8.69397494688258e-19,8.69397494688255e-19,8.69397494688255e-19,0,1.20327728245942e-18,0,1.20327728245942e-18,0,0
commonData,1,A,A,Affine,dimensionless state,study1_candidate_20260917/data/pilot_A_000.mat,pilot,0,stationary,0.5,derived pilot,After 50 initialization transitions,50,NaN,rateLimited,clean,(dimensionless state)^2,0.45,20,2,29,29,0,-0.0099714833607856,0.0017214601423034,0.0414904825508622,-5.38362458061768e-18,7.10643245212368e-33,8.42996586714542e-17,-0.0099714833607856,0.0017214601423034,0.0414904825508622,0,0,0,0,0,0,-0.0099714833607856,0.0017214601423034,0.0414904825508622,5.59828965097825e-19,5.59828965097825e-19,3.07532772890571e-19,3.07532772890571e-19,0,2.51803399800953e-19,0,2.51803399800953e-19,0,0
commonData,1,A,A,Affine,dimensionless state,study1_candidate_20260917/data/pilot_A_000.mat,pilot,0,stationary,0.5,derived pilot,After 100 initialization transitions,100,NaN,held,clean,(dimensionless state)^2,0.45,1,0.1,29,29,0,-3.27228500162196e-06,0.000179656006683468,0.0134035818602144,-4.78544407166016e-19,3.32056886963317e-36,1.82224281302827e-18,-3.27228500162244e-06,0.000179656006683468,0.0134035818602144,0,0,0,0,0,0,-3.27228500162244e-06,0.000179656006683468,0.0134035818602144,-1.57133664357725e-20,-1.57133664357725e-20,-1.13916878763651e-20,-1.13916878763651e-20,0,2.77222667135649e-21,0,2.77222667135649e-21,0,0
commonData,1,A,A,Affine,dimensionless state,study1_candidate_20260917/data/pilot_A_000.mat,pilot,0,stationary,0.5,derived pilot,After 100 initialization transitions,100,NaN,held,clean,(dimensionless state)^2,0.45,2,0.2,29,29,0,-0.00030251596459581,0.000466906223521818,0.0216080129470948,-3.1105386465791e-18,2.3227379243084e-33,4.81947914645182e-17,-0.000302515964595813,0.000466906223521818,0.0216080129470948,0,0,0,0,0,0,-0.000302515964595813,0.000466906223521818,0.0216080129470948,-2.9864059612247e-19,-2.9864059612247e-19,-8.08301642474586e-20,-8.08301642474586e-20,0,1.96440156463679e-19,0,1.96440156463679e-19,0,0
commonData,1,A,A,Affine,dimensionless state,study1_candidate_20260917/data/pilot_A_000.mat,pilot,0,stationary,0.5,derived pilot,After 100 initialization transitions,100,NaN,held,clean,(dimensionless state)^2,0.45,5,0.5,29,29,0,-0.0011954860639345,0.00113758389007772,0.0337280875544066,-2.29701315439688e-17,7.79669570589867e-33,8.82988998000466e-17,-0.00119548606393452,0.00113758389007772,0.0337280875544066,0,0,0,0,0,0,-0.00119548606393452,0.00113758389007772,0.0337280875544066,-4.10761900443481e-19,-4.10761900443481e-19,-2.39759403047829e-19,-2.39759403047829e-19,0,8.64409066658165e-20,0,8.64409066658165e-20,0,0
commonData,1,A,A,Affine,dimensionless state,study1_candidate_20260917/data/pilot_A_000.mat,pilot,0,stationary,0.5,derived pilot,After 100 initialization transitions,100,NaN,held,clean,(dimensionless state)^2,0.45,10,1,29,29,0,-0.00165042915068326,0.00158901817609733,0.0398624908416086,-3.97191857947793e-17,1.09512361320502e-32,1.04648153983002e-16,-0.00165042915068331,0.00158901817609733,0.0398624908416086,0,0,0,0,0,0,-0.00165042915068331,0.00158901817609733,0.0398624908416086,1.37347283816735e-19,1.37347283816735e-19,2.96333585177456e-19,2.96333585177456e-19,0,1.31328241033799e-19,0,1.31328241033799e-19,0,0
commonData,1,A,A,Affine,dimensionless state,study1_candidate_20260917/data/pilot_A_000.mat,pilot,0,stationary,0.5,derived pilot,After 100 initialization transitions,100,NaN,held,clean,(dimensionless state)^2,0.45,20,2,29,29,0,-0.00170437969504892,0.00170849039702061,0.041333889207533,-4.97686183452656e-17,1.27377021839128e-32,1.12861429124005e-16,-0.00170437969504897,0.00170849039702061,0.041333889207533,0,0,0,0,0,0,-0.00170437969504897,0.00170849039702061,0.041333889207533,-4.4165014985922e-21,-4.4165014985922e-21,4.38097370492781e-19,4.38097370492781e-19,0,1.53217488454677e-19,0,1.53217488454677e-19,0,0
commonData,1,A,A,Affine,dimensionless state,study1_candidate_20260917/data/pilot_A_000.mat,pilot,0,stationary,0.5,derived pilot,After 100 initialization transitions,100,NaN,rateLimited,clean,(dimensionless state)^2,0.45,1,0.1,29,29,0,-3.27228500162196e-06,0.000179656006683468,0.0134035818602144,-4.78544407166016e-19,3.32056886963317e-36,1.82224281302827e-18,-3.27228500162244e-06,0.000179656006683468,0.0134035818602144,0,0,0,0,0,0,-3.27228500162244e-06,0.000179656006683468,0.0134035818602144,-1.57133664357725e-20,-1.57133664357725e-20,-1.13916878763651e-20,-1.13916878763651e-20,0,2.77222667135649e-21,0,2.77222667135649e-21,0,0
commonData,1,A,A,Affine,dimensionless state,study1_candidate_20260917/data/pilot_A_000.mat,pilot,0,stationary,0.5,derived pilot,After 100 initialization transitions,100,NaN,rateLimited,clean,(dimensionless state)^2,0.45,2,0.2,29,29,0,0.00630248044832077,0.000517129248828919,0.02274047600269,-1.24421545863164e-17,1.9524944953443e-33,4.41870399024907e-17,0.00630248044832076,0.000517129248828918,0.02274047600269,0,0,0,0,0,0,0.00630248044832076,0.000517129248828918,0.02274047600269,-4.47203810137895e-19,-4.47203810137895e-19,1.35229411436913e-20,1.35229411436913e-20,0,1.96440156463679e-19,0,1.96440156463679e-19,0,0
commonData,1,A,A,Affine,dimensionless state,study1_candidate_20260917/data/pilot_A_000.mat,pilot,0,stationary,0.5,derived pilot,After 100 initialization transitions,100,NaN,rateLimited,clean,(dimensionless state)^2,0.45,5,0.5,29,29,0,0.000443504100179686,0.00130294472018831,0.0360963255773813,-1.12457935684014e-17,6.45020502926242e-33,8.03131684673343e-17,0.000443504100179675,0.0013029447201883,0.0360963255773812,0,0,0,0,0,0,0.000443504100179675,0.0013029447201883,0.0360963255773812,-2.77266095446414e-18,-2.77266095446414e-18,-2.63105128495283e-19,-2.63105128495283e-19,0,1.1452306987619e-19,0,1.1452306987619e-19,0,0
commonData,1,A,A,Affine,dimensionless state,study1_candidate_20260917/data/pilot_A_000.mat,pilot,0,stationary,0.5,derived pilot,After 100 initialization transitions,100,NaN,rateLimited,clean,(dimensionless state)^2,0.45,10,1,29,29,0,-0.00543990895783987,0.00233643895874921,0.0483367247416415,-7.89598271823926e-18,1.36691217518449e-32,1.16915019359554e-16,-0.00543990895783988,0.00233643895874921,0.0483367247416414,0,0,0,0,0,0,-0.00543990895783988,0.00233643895874921,0.0483367247416414,-4.50116846444705e-18,-4.50116846444705e-18,1.64359774505017e-19,1.64359774505017e-19,0,8.53124888182932e-19,0,8.53124888182932e-19,0,0
commonData,1,A,A,Affine,dimensionless state,study1_candidate_20260917/data/pilot_A_000.mat,pilot,0,stationary,0.5,derived pilot,After 100 initialization transitions,100,NaN,rateLimited,clean,(dimensionless state)^2,0.45,20,2,29,29,0,-0.00821850129910392,0.00188156117736297,0.0433769659769211,6.46034949674121e-18,7.25378269571365e-33,8.51691416870785e-17,-0.00821850129910391,0.00188156117736297,0.0433769659769211,0,0,0,0,0,0,-0.00821850129910391,0.00188156117736297,0.0433769659769211,-7.29223583410752e-19,-7.29223583410752e-19,-1.38138154577659e-19,-1.38138154577659e-19,0,7.66710920421863e-19,0,7.66710920421863e-19,0,0
commonData,1,A,A,Affine,dimensionless state,study1_candidate_20260917/data/pilot_A_000.mat,pilot,0,stationary,0.5,derived pilot,After 200 initialization transitions,200,NaN,held,clean,(dimensionless state)^2,0.45,1,0.1,29,29,0,0.00372041723480501,0.000185646753808912,0.0136252249085625,9.57088814332031e-19,1.66028443481658e-35,4.07465880144164e-18,0.00372041723480501,0.000185646753808912,0.0136252249085625,0,0,0,0,0,0,0.00372041723480501,0.000185646753808912,0.0136252249085625,3.78152075335804e-20,3.78152075335804e-20,-1.07101532214428e-20,-1.07101532214428e-20,0,1.78813618863513e-20,0,1.78813618863513e-20,0,0
commonData,1,A,A,Affine,dimensionless state,study1_candidate_20260917/data/pilot_A_000.mat,pilot,0,stationary,0.5,derived pilot,After 200 initialization transitions,200,NaN,held,clean,(dimensionless state)^2,0.45,2,0.2,29,29,0,0.00583596431571802,0.000487371989026864,0.022076503097793,-6.93889390390723e-18,1.93091079769169e-33,4.39421300996172e-17,0.00583596431571802,0.000487371989026864,0.022076503097793,0,0,0,0,0,0,0.00583596431571802,0.000487371989026864,0.022076503097793,4.02763932741163e-19,4.02763932741163e-19,8.51270448773119e-20,8.51270448773119e-20,0,1.89091769994204e-19,0,1.89091769994204e-19,0,0
commonData,1,A,A,Affine,dimensionless state,study1_candidate_20260917/data/pilot_A_000.mat,pilot,0,stationary,0.5,derived pilot,After 200 initialization transitions,200,NaN,held,clean,(dimensionless state)^2,0.45,5,0.5,29,29,0,0.00818129923098598,0.00120805379956207,0.0347570683395777,-2.39272203583008e-17,5.76450755768317e-33,7.59243541802179e-17,0.00818129923098595,0.00120805379956207,0.0347570683395777,0,0,0,0,0,0,0.00818129923098595,0.00120805379956207,0.0347570683395777,6.12933906296745e-19,6.12933906296745e-19,3.7587397194552e-20,3.7587397194552e-20,0,2.96000963402006e-19,0,2.96000963402006e-19,0,0
commonData,1,A,A,Affine,dimensionless state,study1_candidate_20260917/data/pilot_A_000.mat,pilot,0,stationary,0.5,derived pilot,After 200 initialization transitions,200,NaN,held,clean,(dimensionless state)^2,0.45,10,1,29,29,0,0.00879812348623049,0.00169557299059811,0.0411773358851457,-3.73264637589492e-17,9.11164097827341e-33,9.54549159460811e-17,0.00879812348623046,0.00169557299059811,0.0411773358851457,0,0,0,0,0,0,0.00879812348623046,0.00169557299059811,0.0411773358851457,7.34457470488636e-19,7.34457470488636e-19,5.6658513649396e-19,5.6658513649396e-19,0,5.25089789560982e-20,0,5.25089789560982e-20,0,0
commonData,1,A,A,Affine,dimensionless state,study1_candidate_20260917/data/pilot_A_000.mat,pilot,0,stationary,0.5,derived pilot,After 200 initialization transitions,200,NaN,held,clean,(dimensionless state)^2,0.45,20,2,29,29,0,0.00887968816984824,0.00182189300157228,0.0426836385699752,-4.01977302019453e-17,8.55378540817503e-33,9.2486676922544e-17,0.0088796881698482,0.00182189300157228,0.0426836385699752,0,0,0,0,0,0,0.0088796881698482,0.00182189300157228,0.0426836385699752,-1.00782406552087e-19,-1.00782406552087e-19,-1.16058027945022e-19,-1.16058027945022e-19,0,7.80820234960443e-19,0,7.80820234960443e-19,0,0
commonData,1,A,A,Affine,dimensionless state,study1_candidate_20260917/data/pilot_A_000.mat,pilot,0,stationary,0.5,derived pilot,After 200 initialization transitions,200,NaN,rateLimited,clean,(dimensionless state)^2,0.45,1,0.1,29,29,0,0.00372041723480501,0.000185646753808912,0.0136252249085625,9.57088814332031e-19,1.66028443481658e-35,4.07465880144164e-18,0.00372041723480501,0.000185646753808912,0.0136252249085625,0,0,0,0,0,0,0.00372041723480501,0.000185646753808912,0.0136252249085625,3.78152075335804e-20,3.78152075335804e-20,-1.07101532214428e-20,-1.07101532214428e-20,0,1.78813618863513e-20,0,1.78813618863513e-20,0,0
commonData,1,A,A,Affine,dimensionless state,study1_candidate_20260917/data/pilot_A_000.mat,pilot,0,stationary,0.5,derived pilot,After 200 initialization transitions,200,NaN,rateLimited,clean,(dimensionless state)^2,0.45,2,0.2,29,29,0,0.0122386645927321,0.000638726745329917,0.0252730438477425,-2.87126644299609e-18,1.44776802716006e-33,3.80495470033489e-17,0.0122386645927321,0.000638726745329918,0.0252730438477426,0,0,0,0,0,0,0.0122386645927321,0.000638726745329918,0.0252730438477426,4.51150959433206e-19,4.51150959433206e-19,-1.74700904390052e-20,-1.74700904390052e-20,0,1.89091769994204e-19,0,1.89091769994204e-19,0,0
commonData,1,A,A,Affine,dimensionless state,study1_candidate_20260917/data/pilot_A_000.mat,pilot,0,stationary,0.5,derived pilot,After 200 initialization transitions,200,NaN,rateLimited,clean,(dimensionless state)^2,0.45,5,0.5,29,29,0,0.00970029696362578,0.00138798224294844,0.0372556337075138,-1.45956044185635e-17,6.54318095761215e-33,8.08899311262666e-17,0.00970029696362576,0.00138798224294844,0.0372556337075138,0,0,0,0,0,0,0.00970029696362576,0.00138798224294844,0.0372556337075138,1.36545055350043e-18,1.36545055350043e-18,1.52432487979273e-19,1.52432487979273e-19,0,2.96000963402006e-19,0,2.96000963402006e-19,0,0
commonData,1,A,A,Affine,dimensionless state,study1_candidate_20260917/data/pilot_A_000.mat,pilot,0,stationary,0.5,derived pilot,After 200 initialization transitions,200,NaN,rateLimited,clean,(dimensionless state)^2,0.45,10,1,29,29,0,0.00632651270401323,0.00215678556728945,0.046441205489193,-1.84239596758916e-17,3.74062083164176e-33,6.11606150364903e-17,0.00632651270401321,0.00215678556728945,0.046441205489193,0,0,0,0,0,0,0.00632651270401321,0.00215678556728945,0.046441205489193,-4.50529084405608e-19,-4.50529084405608e-19,4.50529084405604e-19,4.50529084405604e-19,0,2.08479131015843e-19,0,2.08479131015843e-19,0,0
commonData,1,A,A,Affine,dimensionless state,study1_candidate_20260917/data/pilot_A_000.mat,pilot,0,stationary,0.5,derived pilot,After 200 initialization transitions,200,NaN,rateLimited,clean,(dimensionless state)^2,0.45,20,2,29,29,0,0.00372850276372276,0.00164508968975294,0.0405597052473627,-4.06762746091113e-18,5.88570832142479e-33,7.67183701692416e-17,0.00372850276372276,0.00164508968975294,0.0405597052473627,0,0,0,0,0,0,0.00372850276372276,0.00164508968975294,0.0405597052473627,-9.9261829637284e-19,-9.9261829637284e-19,1.2525655838443e-19,1.2525655838443e-19,0,3.00767446976416e-19,0,3.00767446976416e-19,0,0
commonData,1,A,S,Shared,dimensionless state,study1_candidate_20260917/data/pilot_S_000.mat,pilot,0,stationary,0.5,derived pilot,After 25 initialization transitions,25,NaN,held,clean,(dimensionless state)^2,0.45,1,0.1,29,29,0,7.53443591359869e-06,2.88214113424913e-08,0.000169768699537021,0,3.32056886963317e-36,1.82224281302827e-18,7.53443591359869e-06,2.88214113424913e-08,0.000169768699537021,0,0,0,0,0,0,7.53443591359869e-06,2.88214113424913e-08,0.000169768699537021,-1.03996733090055e-23,-1.03996733090055e-23,-6.14393894205834e-24,-6.14393894205834e-24,0,6.41782263425963e-25,0,6.41782263425963e-25,0,0
commonData,1,A,S,Shared,dimensionless state,study1_candidate_20260917/data/pilot_S_000.mat,pilot,0,stationary,0.5,derived pilot,After 25 initialization transitions,25,NaN,held,clean,(dimensionless state)^2,0.45,2,0.2,29,29,0,1.0604160368491e-05,7.57898384754174e-08,0.000275299543180546,-7.65671051465625e-18,1.15223739776271e-33,3.39446225161322e-17,1.06041603684834e-05,7.57898384754228e-08,0.000275299543180556,0,0,0,0,0,0,1.06041603684834e-05,7.57898384754228e-08,0.000275299543180556,5.45735188048831e-21,5.45735188048831e-21,8.65760726094435e-24,8.65760726094435e-24,0,7.42503024506941e-24,0,7.42503024506941e-24,0,0
commonData,1,A,S,Shared,dimensionless state,study1_candidate_20260917/data/pilot_S_000.mat,pilot,0,stationary,0.5,derived pilot,After 25 initialization transitions,25,NaN,held,clean,(dimensionless state)^2,0.45,5,0.5,29,29,0,1.07323235301707e-05,1.70792503546954e-07,0.000413270496826175,9.57088814332032e-18,1.05461267299549e-32,1.0269433640642e-16,1.07323235301803e-05,1.70792503546938e-07,0.000413270496826156,0,0,0,0,0,0,1.07323235301803e-05,1.70792503546938e-07,0.000413270496826156,-1.59326621652699e-20,-1.59326621652699e-20,-2.86149345638268e-23,-2.86149345638268e-23,0,2.08556521397656e-23,0,2.08556521397656e-23,0,0
commonData,1,A,S,Shared,dimensionless state,study1_candidate_20260917/data/pilot_S_000.mat,pilot,0,stationary,0.5,derived pilot,After 25 initialization transitions,25,NaN,held,clean,(dimensionless state)^2,0.45,10,1,29,29,0,8.20370251747639e-06,2.15057605711568e-07,0.000463743038450787,8.13525492182227e-18,1.20669472722469e-32,1.0984965758821e-16,8.20370251748453e-06,2.15057605711556e-07,0.000463743038450774,0,0,0,0,0,0,8.20370251748453e-06,2.15057605711556e-07,0.000463743038450774,-1.20252626391637e-20,-1.20252626391637e-20,6.09222591846308e-23,6.09222591846308e-23,0,3.64753581776992e-23,0,3.64753581776992e-23,0,0
commonData,1,A,S,Shared,dimensionless state,study1_candidate_20260917/data/pilot_S_000.mat,pilot,0,stationary,0.5,derived pilot,After 25 initialization transitions,25,NaN,held,clean,(dimensionless state)^2,0.45,20,2,29,29,0,7.21055238113875e-06,2.24513166609629e-07,0.000473828203687401,7.65671051465625e-18,2.30978770571683e-32,1.51979857406066e-16,7.2105523811464e-06,2.24513166609587e-07,0.000473828203687357,0,0,0,0,0,0,7.2105523811464e-06,2.24513166609587e-07,0.000473828203687357,-4.18962291369044e-20,-4.18962291369044e-20,2.10378069968343e-23,2.10378069968343e-23,0,3.07053791306125e-23,0,3.07053791306125e-23,0,0
commonData,1,A,S,Shared,dimensionless state,study1_candidate_20260917/data/pilot_S_000.mat,pilot,0,stationary,0.5,derived pilot,After 25 initialization transitions,25,NaN,rateLimited,clean,(dimensionless state)^2,0.45,1,0.1,29,29,0,7.53443591359869e-06,2.88214113424913e-08,0.000169768699537021,0,3.32056886963317e-36,1.82224281302827e-18,7.53443591359869e-06,2.88214113424913e-08,0.000169768699537021,0,0,0,0,0,0,7.53443591359869e-06,2.88214113424913e-08,0.000169768699537021,-1.03996733090055e-23,-1.03996733090055e-23,-6.14393894205834e-24,-6.14393894205834e-24,0,6.41782263425963e-25,0,6.41782263425963e-25,0,0
commonData,1,A,S,Shared,dimensionless state,study1_candidate_20260917/data/pilot_S_000.mat,pilot,0,stationary,0.5,derived pilot,After 25 initialization transitions,25,NaN,rateLimited,clean,(dimensionless state)^2,0.45,2,0.2,29,29,0,2.6960123848168e-05,6.29219931660085e-08,0.000250842566495418,-0.00202283837091672,9.05851747942432e-06,0.00300973711134782,-0.00199587824706856,9.26030207811656e-06,0.00304307444505003,0,0,0,0,0,0,-0.00199587824706856,9.26030207811656e-06,0.00304307444505003,1.38862605526224e-07,1.38862605526224e-07,1.85288457211878e-21,1.85288457211878e-21,0,3.3881317890172e-21,0,3.3881317890172e-21,0,0
commonData,1,A,S,Shared,dimensionless state,study1_candidate_20260917/data/pilot_S_000.mat,pilot,0,stationary,0.5,derived pilot,After 25 initialization transitions,25,NaN,rateLimited,clean,(dimensionless state)^2,0.45,5,0.5,29,29,0,2.54145786403683e-05,1.71492037789178e-07,0.000414115971424887,-0.0333569895765117,0.00266983515246631,0.0516704475736984,-0.0333315749978714,0.00267484411822469,0.0517188951759866,0,0,0,0,0,0,-0.0333315749978714,0.00267484411822469,0.0517188951759866,4.83747372058987e-06,4.83747372058987e-06,-4.85349878776714e-19,-4.85349878776714e-19,0,1.16551733542192e-18,0,1.16551733542192e-18,0,0
commonData,1,A,S,Shared,dimensionless state,study1_candidate_20260917/data/pilot_S_000.mat,pilot,0,stationary,0.5,derived pilot,After 25 initialization transitions,25,NaN,rateLimited,clean,(dimensionless state)^2,0.45,10,1,29,29,0,-5.64904240390611e-05,2.47203988426004e-07,0.000497196126720637,-0.0676049378681196,0.0128362545206641,0.11329719555516,-0.0676614282921586,0.0128186428733034,0.113219445650045,0,0,0,0,0,0,-0.0676614282921586,0.0128186428733034,0.113219445650045,-1.78588513490842e-05,-1.78588513490842e-05,1.92445885616177e-18,1.92445885616177e-18,0,1.17635935714677e-17,0,1.17635935714677e-17,0,0
commonData,1,A,S,Shared,dimensionless state,study1_candidate_20260917/data/pilot_S_000.mat,pilot,0,stationary,0.5,derived pilot,After 25 initialization transitions,25,NaN,rateLimited,clean,(dimensionless state)^2,0.45,20,2,29,29,0,-6.6847759638519e-05,2.52128125263383e-07,0.000502123615520504,-0.088054862982652,0.0133120948708779,0.115378051946104,-0.0881217107422905,0.0133311381894754,0.115460548194937,0,0,0,0,0,0,-0.0881217107422905,0.0133311381894754,0.115460548194937,1.87911904722279e-05,1.87911904722279e-05,9.82558218814988e-19,9.82558218814988e-19,0,5.20417042793042e-18,0,5.20417042793042e-18,0,0
commonData,1,A,S,Shared,dimensionless state,study1_candidate_20260917/data/pilot_S_000.mat,pilot,0,stationary,0.5,derived pilot,After 50 initialization transitions,50,NaN,held,clean,(dimensionless state)^2,0.45,1,0.1,29,29,0,-2.52883657166605e-05,2.00398426654885e-08,0.000141562151246329,2.51235813762158e-18,3.29151389202388e-34,1.81425298457075e-17,-2.5288365716658e-05,2.00398426654867e-08,0.000141562151246323,0,0,0,0,0,0,-2.5288365716658e-05,2.00398426654867e-08,0.000141562151246323,-1.78451483176814e-21,-1.78451483176814e-21,-2.1952913467252e-24,-2.1952913467252e-24,0,6.28533434222963e-25,0,6.28533434222963e-25,0,0
commonData,1,A,S,Shared,dimensionless state,study1_candidate_20260917/data/pilot_S_000.mat,pilot,0,stationary,0.5,derived pilot,After 50 initialization transitions,50,NaN,held,clean,(dimensionless state)^2,0.45,2,0.2,29,29,0,-4.21590688640242e-05,5.2628641791136e-08,0.000229409332397651,7.29780220928174e-18,6.09033837801593e-33,7.80406200514574e-17,-4.21590688640169e-05,5.26286417911296e-08,0.000229409332397637,0,0,0,0,0,0,-4.21590688640169e-05,5.26286417911296e-08,0.000229409332397637,-6.41071758364603e-21,-6.41071758364603e-21,5.030920029292e-24,5.030920029292e-24,0,2.75917148990643e-23,0,2.75917148990643e-23,0,0
commonData,1,A,S,Shared,dimensionless state,study1_candidate_20260917/data/pilot_S_000.mat,pilot,0,stationary,0.5,derived pilot,After 50 initialization transitions,50,NaN,held,clean,(dimensionless state)^2,0.45,5,0.5,29,29,0,-6.60676956458346e-05,1.19076076996058e-07,0.000345074016692155,1.05279769576523e-17,1.87678552511667e-32,1.36995822020844e-16,-6.60676956458241e-05,1.19076076996035e-07,0.000345074016692122,0,0,0,0,0,0,-6.60676956458241e-05,1.19076076996035e-07,0.000345074016692122,-2.25806545619598e-20,-2.25806545619598e-20,1.93256169361608e-24,1.93256169361608e-24,0,5.24078752732922e-23,0,5.24078752732922e-23,0,0
commonData,1,A,S,Shared,dimensionless state,study1_candidate_20260917/data/pilot_S_000.mat,pilot,0,stationary,0.5,derived pilot,After 50 initialization transitions,50,NaN,held,clean,(dimensionless state)^2,0.45,10,1,29,29,0,-7.50590373318349e-05,1.51064263844147e-07,0.000388669864852096,-2.77555756156289e-17,1.73864986013993e-32,1.31857872731966e-16,-7.50590373318626e-05,1.51064263844159e-07,0.000388669864852112,0,0,0,0,0,0,-7.50590373318626e-05,1.51064263844159e-07,0.000388669864852112,1.20742181203387e-20,1.20742181203387e-20,4.8940937221133e-23,4.8940937221133e-23,0,6.14555215261793e-23,0,6.14555215261793e-23,0,0
commonData,1,A,S,Shared,dimensionless state,study1_candidate_20260917/data/pilot_S_000.mat,pilot,0,stationary,0.5,derived pilot,After 50 initialization transitions,50,NaN,held,clean,(dimensionless state)^2,0.45,20,2,29,29,0,-7.66153559354695e-05,1.58148080710283e-07,0.00039767836339218,-4.11548190162774e-17,1.75326036316631e-32,1.32410738354799e-16,-7.66153559355106e-05,1.58148080710308e-07,0.000397678363392212,0,0,0,0,0,0,-7.66153559355106e-05,1.58148080710308e-07,0.000397678363392212,2.4751723289013e-20,2.4751723289013e-20,-2.89491410456258e-23,-2.89491410456258e-23,0,1.11065050850488e-22,0,1.11065050850488e-22,0,0
commonData,1,A,S,Shared,dimensionless state,study1_candidate_20260917/data/pilot_S_000.mat,pilot,0,stationary,0.5,derived pilot,After 50 initialization transitions,50,NaN,rateLimited,clean,(dimensionless state)^2,0.45,1,0.1,29,29,0,-2.52883657166605e-05,2.00398426654885e-08,0.000141562151246329,2.51235813762158e-18,3.29151389202388e-34,1.81425298457075e-17,-2.5288365716658e-05,2.00398426654867e-08,0.000141562151246323,0,0,0,0,0,0,-2.5288365716658e-05,2.00398426654867e-08,0.000141562151246323,-1.78451483176814e-21,-1.78451483176814e-21,-2.1952913467252e-24,-2.1952913467252e-24,0,6.28533434222963e-25,0,6.28533434222963e-25,0,0
commonData,1,A,S,Shared,dimensionless state,study1_candidate_20260917/data/pilot_S_000.mat,pilot,0,stationary,0.5,derived pilot,After 50 initialization transitions,50,NaN,rateLimited,clean,(dimensionless state)^2,0.45,2,0.2,29,29,0,-3.07435286760703e-05,4.31062168562661e-08,0.000207620367151843,-0.00202326676753656,9.06384176161603e-06,0.00301062149092443,-0.00205401029621263,9.45935214950048e-06,0.00307560598085979,0,0,0,0,0,0,-0.00205401029621263,9.45935214950048e-06,0.00307560598085979,3.52404171028187e-07,3.52404171028187e-07,2.59403840096629e-21,2.59403840096629e-21,0,4.34104385467829e-21,0,4.34104385467829e-21,0,0
commonData,1,A,S,Shared,dimensionless state,study1_candidate_20260917/data/pilot_S_000.mat,pilot,0,stationary,0.5,derived pilot,After 50 initialization transitions,50,NaN,rateLimited,clean,(dimensionless state)^2,0.45,5,0.5,29,29,0,-5.14690581825874e-05,1.09037859405966e-07,0.000330208811823619,-0.0333688791067691,0.0026716426049521,0.0516879348102834,-0.0334203481649516,0.00268010875362448,0.0517697667912893,0,0,0,0,0,0,-0.0334203481649516,0.00268010875362448,0.0517697667912893,8.35711081296995e-06,8.35711081296995e-06,-8.33480420098232e-19,-8.33480420098232e-19,0,1.59919820441612e-18,0,1.59919820441612e-18,0,0
commonData,1,A,S,Shared,dimensionless state,study1_candidate_20260917/data/pilot_S_000.mat,pilot,0,stationary,0.5,derived pilot,After 50 initialization transitions,50,NaN,rateLimited,clean,(dimensionless state)^2,0.45,10,1,29,29,0,-0.000121336158096253,1.72450145672416e-07,0.000415271171251287,-0.067628679062213,0.0128466337277353,0.113342991524555,-0.0677500152203093,0.012843022453609,0.113327059670712,0,0,0,0,0,0,-0.0677500152203093,0.012843022453609,0.113327059670712,-3.78372427195319e-06,-3.78372427195319e-06,1.48696633890492e-18,1.48696633890492e-18,0,3.55076211489003e-18,0,3.55076211489003e-18,0,0
commonData,1,A,S,Shared,dimensionless state,study1_candidate_20260917/data/pilot_S_000.mat,pilot,0,stationary,0.5,derived pilot,After 50 initialization transitions,50,NaN,rateLimited,clean,(dimensionless state)^2,0.45,20,2,29,29,0,-0.000132337307365657,1.75401386569984e-07,0.000418809487201501,-0.0880870595668045,0.0133213796296842,0.115418281176268,-0.0882193968741702,0.0133507881050401,0.115545610496635,0,0,0,0,0,0,-0.0882193968741702,0.0133507881050401,0.115545610496635,2.92330739693452e-05,2.92330739693452e-05,-2.34119906621089e-18,-2.34119906621089e-18,1.38777878078145e-17,7.48099499014998e-18,1.38777878078145e-17,7.48099499014998e-18,0,0
commonData,1,A,S,Shared,dimensionless state,study1_candidate_20260917/data/pilot_S_000.mat,pilot,0,stationary,0.5,derived pilot,After 100 initialization transitions,100,NaN,held,clean,(dimensionless state)^2,0.45,1,0.1,29,29,0,-2.090597964395e-05,5.08579359806583e-09,7.13147502138641e-05,-5.9818050895752e-19,1.03767777176036e-35,3.22130062515184e-18,-2.09059796439506e-05,5.08579359806582e-09,7.1314750213864e-05,0,0,0,0,0,0,-2.09059796439506e-05,5.08579359806582e-09,7.1314750213864e-05,-1.14669049729256e-23,-1.14669049729256e-23,7.13557009725827e-25,7.13557009725827e-25,0,7.13271152132289e-28,0,7.13271152132289e-28,0,0
commonData,1,A,S,Shared,dimensionless state,study1_candidate_20260917/data/pilot_S_000.mat,pilot,0,stationary,0.5,derived pilot,After 100 initialization transitions,100,NaN,held,clean,(dimensionless state)^2,0.45,2,0.2,29,29,0,-3.47723955103828e-05,1.35024369274651e-08,0.000116199986779109,-5.38362458061768e-18,1.46810651148656e-33,3.831587805971e-17,-3.47723955103882e-05,1.35024369274661e-08,0.000116199986779113,0,0,0,0,0,0,-3.47723955103882e-05,1.35024369274661e-08,0.000116199986779113,9.60148575254876e-22,9.60148575254876e-22,-2.27342591993787e-24,-2.27342591993787e-24,0,2.39635241570357e-24,0,2.39635241570357e-24,0,0
commonData,1,A,S,Shared,dimensionless state,study1_candidate_20260917/data/pilot_S_000.mat,pilot,0,stationary,0.5,derived pilot,After 100 initialization transitions,100,NaN,held,clean,(dimensionless state)^2,0.45,5,0.5,29,29,0,-5.42503884187557e-05,3.11648254513597e-08,0.000176535620913627,7.89598271823926e-18,4.49438996504849e-33,6.70402115528322e-17,-5.42503884187478e-05,3.11648254513576e-08,0.000176535620913621,0,0,0,0,0,0,-5.42503884187478e-05,3.11648254513576e-08,0.000176535620913621,-2.16074223383356e-21,-2.16074223383356e-21,3.45519629076572e-24,3.45519629076572e-24,0,6.69635824362541e-24,0,6.69635824362541e-24,0,0
commonData,1,A,S,Shared,dimensionless state,study1_candidate_20260917/data/pilot_S_000.mat,pilot,0,stationary,0.5,derived pilot,After 100 initialization transitions,100,NaN,held,clean,(dimensionless state)^2,0.45,10,1,29,29,0,-6.1487562960956e-05,3.9918538234314e-08,0.000199796241792267,9.57088814332032e-18,8.22172852121172e-33,9.06737476958558e-17,-6.14875629609465e-05,3.99185382343114e-08,0.00019979624179226,0,0,0,0,0,0,-6.14875629609465e-05,3.99185382343114e-08,0.00019979624179226,-2.64664618692819e-21,-2.64664618692819e-21,-3.31773249721607e-25,-3.31773249721607e-25,0,3.74781140211833e-23,0,3.74781140211833e-23,0,0
commonData,1,A,S,Shared,dimensionless state,study1_candidate_20260917/data/pilot_S_000.mat,pilot,0,stationary,0.5,derived pilot,After 100 initialization transitions,100,NaN,held,clean,(dimensionless state)^2,0.45,20,2,29,29,0,-6.27022916458815e-05,4.18595744938586e-08,0.000204596125314872,1.86632318794746e-17,7.89631277198767e-33,8.88611994741668e-17,-6.27022916458628e-05,4.18595744938526e-08,0.000204596125314857,0,0,0,0,0,0,-6.27022916458628e-05,4.18595744938526e-08,0.000204596125314857,-5.99019343752017e-21,-5.99019343752017e-21,8.02324752877961e-24,8.02324752877961e-24,0,1.96938952548362e-23,0,1.96938952548362e-23,0,0
commonData,1,A,S,Shared,dimensionless state,study1_candidate_20260917/data/pilot_S_000.mat,pilot,0,stationary,0.5,derived pilot,After 100 initialization transitions,100,NaN,rateLimited,clean,(dimensionless state)^2,0.45,1,0.1,29,29,0,-2.090597964395e-05,5.08579359806583e-09,7.13147502138641e-05,-5.9818050895752e-19,1.03767777176036e-35,3.22130062515184e-18,-2.09059796439506e-05,5.08579359806582e-09,7.1314750213864e-05,0,0,0,0,0,0,-2.09059796439506e-05,5.08579359806582e-09,7.1314750213864e-05,-1.14669049729256e-23,-1.14669049729256e-23,7.13557009725827e-25,7.13557009725827e-25,0,7.13271152132289e-28,0,7.13271152132289e-28,0,0
commonData,1,A,S,Shared,dimensionless state,study1_candidate_20260917/data/pilot_S_000.mat,pilot,0,stationary,0.5,derived pilot,After 100 initialization transitions,100,NaN,rateLimited,clean,(dimensionless state)^2,0.45,2,0.2,29,29,0,-2.8955705665559e-05,1.0995380386027e-08,0.000104858859358792,-0.00202266308161705,9.06047467389095e-06,0.00301006223754442,-0.00205161878728261,9.29814089294903e-06,0.00304928530855167,0,0,0,0,0,0,-0.00205161878728261,9.29814089294903e-06,0.00304928530855167,2.26670838672058e-07,2.26670838672058e-07,-1.16467030247466e-21,-1.16467030247466e-21,0,4.76456032830544e-21,0,4.76456032830544e-21,0,0
commonData,1,A,S,Shared,dimensionless state,study1_candidate_20260917/data/pilot_S_000.mat,pilot,0,stationary,0.5,derived pilot,After 100 initialization transitions,100,NaN,rateLimited,clean,(dimensionless state)^2,0.45,5,0.5,29,29,0,-4.73621805777468e-05,2.89497012674718e-08,0.000170146117403459,-0.0333794199335049,0.00267323197177043,0.0517033071647301,-0.0334267821140826,0.00267893440138445,0.0517584234824096,0,0,0,0,0,0,-0.0334267821140826,0.00267893440138445,0.0517584234824096,5.67347991275393e-06,5.67347991275393e-06,1.60936259978317e-20,1.60936259978317e-20,0,2.43945488809238e-18,0,2.43945488809238e-18,0,0
commonData,1,A,S,Shared,dimensionless state,study1_candidate_20260917/data/pilot_S_000.mat,pilot,0,stationary,0.5,derived pilot,After 100 initialization transitions,100,NaN,rateLimited,clean,(dimensionless state)^2,0.45,10,1,29,29,0,-8.55692346911302e-05,4.69623449057404e-08,0.000216707971486377,-0.0676653082519885,0.0128603490580014,0.11340347903835,-0.0677508774866796,0.0128617531388258,0.113409669512021,0,0,0,0,0,0,-0.0677508774866796,0.0128617531388258,0.113409669512021,1.35711847954287e-06,1.35711847954287e-06,-2.01869127154381e-18,-2.01869127154381e-18,0,1.78215732102305e-18,0,1.78215732102305e-18,0,0
commonData,1,A,S,Shared,dimensionless state,study1_candidate_20260917/data/pilot_S_000.mat,pilot,0,stationary,0.5,derived pilot,After 100 initialization transitions,100,NaN,rateLimited,clean,(dimensionless state)^2,0.45,20,2,29,29,0,-9.12290973733064e-05,4.83188261527874e-08,0.000219815436566196,-0.0881437870098347,0.0133382600147954,0.115491385024146,-0.0882350161072081,0.0133573235025775,0.11557388763288,0,0,0,0,0,0,-0.0882350161072081,0.0133573235025775,0.11557388763288,1.90151689559001e-05,1.90151689559001e-05,1.82959116606929e-19,1.82959116606929e-19,0,4.27921044952873e-18,0,4.27921044952873e-18,0,0
commonData,1,A,S,Shared,dimensionless state,study1_candidate_20260917/data/pilot_S_000.mat,pilot,0,stationary,0.5,derived pilot,After 200 initialization transitions,200,NaN,held,clean,(dimensionless state)^2,0.45,1,0.1,29,29,0,-2.85402485393972e-06,6.34650842181444e-10,2.51922774314162e-05,-4.78544407166016e-19,2.98851198266985e-35,5.4667284390848e-18,-2.8540248539402e-06,6.34650842181415e-10,2.51922774314157e-05,0,0,0,0,0,0,-2.8540248539402e-06,6.34650842181415e-10,2.51922774314157e-05,-2.87796717972685e-23,-2.87796717972685e-23,-1.71649642117339e-25,-1.71649642117339e-25,0,3.50768272620286e-26,0,3.50768272620286e-26,0,0
commonData,1,A,S,Shared,dimensionless state,study1_candidate_20260917/data/pilot_S_000.mat,pilot,0,stationary,0.5,derived pilot,After 200 initialization transitions,200,NaN,held,clean,(dimensionless state)^2,0.45,2,0.2,29,29,0,-5.02496959735418e-06,1.69295838052133e-09,4.11455754671305e-05,-6.2210772931582e-18,3.48327674424519e-33,5.90192912889098e-17,-5.0249695973604e-06,1.69295838052072e-09,4.11455754671231e-05,0,0,0,0,0,0,-5.0249695973604e-06,1.69295838052072e-09,4.11455754671231e-05,-6.074994837448e-22,-6.074994837448e-22,3.48914127394493e-25,3.48914127394493e-25,0,5.41546552635563e-25,0,5.41546552635563e-25,0,0
commonData,1,A,S,Shared,dimensionless state,study1_candidate_20260917/data/pilot_S_000.mat,pilot,0,stationary,0.5,derived pilot,After 200 initialization transitions,200,NaN,held,clean,(dimensionless state)^2,0.45,5,0.5,29,29,0,-8.67833242393392e-06,3.92371285892469e-09,6.26395470842877e-05,-3.23017474837061e-17,1.43398766635108e-32,1.19749224062249e-16,-8.67833242396622e-06,3.92371285892202e-09,6.26395470842664e-05,0,0,0,0,0,0,-8.67833242396622e-06,3.92371285892202e-09,6.26395470842664e-05,-2.67092191246716e-21,-2.67092191246716e-21,7.82895131650077e-25,7.82895131650077e-25,0,1.39286369578661e-24,0,1.39286369578661e-24,0,0
commonData,1,A,S,Shared,dimensionless state,study1_candidate_20260917/data/pilot_S_000.mat,pilot,0,stationary,0.5,derived pilot,After 200 initialization transitions,200,NaN,held,clean,(dimensionless state)^2,0.45,10,1,29,29,0,-1.04136594364674e-05,5.01994918216927e-09,7.08515997149625e-05,-3.73264637589492e-17,1.08117722395256e-32,1.03979672241865e-16,-1.04136594365047e-05,5.01994918216621e-09,7.08515997149409e-05,0,0,0,0,0,0,-1.04136594365047e-05,5.01994918216621e-09,7.08515997149409e-05,-3.06295866692553e-21,-3.06295866692553e-21,-9.18321981697124e-25,-9.18321981697124e-25,0,3.46888686427735e-24,0,3.46888686427735e-24,0,0
commonData,1,A,S,Shared,dimensionless state,study1_candidate_20260917/data/pilot_S_000.mat,pilot,0,stationary,0.5,derived pilot,After 200 initialization transitions,200,NaN,held,clean,(dimensionless state)^2,0.45,20,2,29,29,0,-1.07823885118083e-05,5.26014560461378e-09,7.25268612626644e-05,-3.87620969804473e-17,1.10840588868355e-32,1.05280857171831e-16,-1.07823885118471e-05,5.26014560461216e-09,7.25268612626533e-05,0,0,0,0,0,0,-1.07823885118471e-05,5.26014560461216e-09,7.25268612626533e-05,-1.61209172785431e-21,-1.61209172785431e-21,7.43894589930831e-25,7.43894589930831e-25,0,7.4137089940698e-25,0,7.4137089940698e-25,0,0
commonData,1,A,S,Shared,dimensionless state,study1_candidate_20260917/data/pilot_S_000.mat,pilot,0,stationary,0.5,derived pilot,After 200 initialization transitions,200,NaN,rateLimited,clean,(dimensionless state)^2,0.45,1,0.1,29,29,0,-2.85402485393972e-06,6.34650842181444e-10,2.51922774314162e-05,-4.78544407166016e-19,2.98851198266985e-35,5.4667284390848e-18,-2.8540248539402e-06,6.34650842181415e-10,2.51922774314157e-05,0,0,0,0,0,0,-2.8540248539402e-06,6.34650842181415e-10,2.51922774314157e-05,-2.87796717972685e-23,-2.87796717972685e-23,-1.71649642117339e-25,-1.71649642117339e-25,0,3.50768272620286e-26,0,3.50768272620286e-26,0,0
commonData,1,A,S,Shared,dimensionless state,study1_candidate_20260917/data/pilot_S_000.mat,pilot,0,stationary,0.5,derived pilot,After 200 initialization transitions,200,NaN,rateLimited,clean,(dimensionless state)^2,0.45,2,0.2,29,29,0,-2.47232540226345e-06,1.37642800591443e-09,3.71002426665167e-05,-0.00202219257608337,9.0572505370632e-06,0.0030095266300638,-0.00202466490148563,9.10380215508034e-06,0.0030172507610539,0,0,0,0,0,0,-0.00202466490148563,9.10380215508034e-06,0.0030172507610539,4.51751900112306e-08,4.51751900112306e-08,2.5146290621612e-22,2.5146290621612e-22,0,5.9292306307801e-21,0,5.9292306307801e-21,0,0
commonData,1,A,S,Shared,dimensionless state,study1_candidate_20260917/data/pilot_S_000.mat,pilot,0,stationary,0.5,derived pilot,After 200 initialization transitions,200,NaN,rateLimited,clean,(dimensionless state)^2,0.45,5,0.5,29,29,0,-6.67799102587195e-06,4.03036356849397e-09,6.34851444709231e-05,-0.033385313226133,0.00267415266104704,0.0517122099803039,-0.0333919912171588,0.00267562350471613,0.0517264294603458,0,0,0,0,0,0,-0.0333919912171588,0.00267562350471613,0.0517264294603458,1.46681330551869e-06,1.46681330551869e-06,4.25634055995286e-20,4.25634055995286e-20,0,1.25530282783087e-18,0,1.25530282783087e-18,0,0
commonData,1,A,S,Shared,dimensionless state,study1_candidate_20260917/data/pilot_S_000.mat,pilot,0,stationary,0.5,derived pilot,After 200 initialization transitions,200,NaN,rateLimited,clean,(dimensionless state)^2,0.45,10,1,29,29,0,-2.07640096860058e-05,6.11416837895929e-09,7.81931479028648e-05,-0.0676878822094836,0.0128680230823925,0.113437309040688,-0.0677086462191696,0.0128668988700787,0.113432353718323,0,0,0,0,0,0,-0.0677086462191696,0.0128668988700787,0.113432353718323,-1.13032648222497e-06,-1.13032648222497e-06,3.2788645388214e-18,3.2788645388214e-18,0,7.07780730725693e-18,0,7.07780730725693e-18,0,0
commonData,1,A,S,Shared,dimensionless state,study1_candidate_20260917/data/pilot_S_000.mat,pilot,0,stationary,0.5,derived pilot,After 200 initialization transitions,200,NaN,rateLimited,clean,(dimensionless state)^2,0.45,20,2,29,29,0,-2.23996238462509e-05,6.33632655887479e-09,7.96010462172124e-05,-0.0881785679583822,0.0133486316908258,0.115536278678283,-0.0882009675822284,0.0133536395857451,0.115557949037464,0,0,0,0,0,0,-0.0882009675822284,0.0133536395857451,0.115557949037464,5.00155859272969e-06,5.00155859272969e-06,-1.0545560193316e-18,-1.0545560193316e-18,0,3.76760254938713e-18,0,3.76760254938713e-18,0,0
commonData,1,A,W,Incorrectly shared,dimensionless state,study1_candidate_20260917/data/pilot_W_000.mat,pilot,0,stationary,0.5,derived pilot,After 25 initialization transitions,25,NaN,held,clean,(dimensionless state)^2,0.45,1,0.1,29,29,0,0.0122425333823786,0.000952334868507526,0.0308599233393009,4.54617186807715e-18,4.33334237487128e-34,2.08166817117217e-17,0.0122425333823786,0.000952334868507526,0.0308599233393009,0,0,0,0,0,0,0.0122425333823786,0.000952334868507526,0.0308599233393009,1.81459310200609e-19,1.81459310200609e-19,1.43801341545042e-19,1.43801341545042e-19,0,2.69556813681557e-19,0,2.69556813681557e-19,0,0
commonData,1,A,W,Incorrectly shared,dimensionless state,study1_candidate_20260917/data/pilot_W_000.mat,pilot,0,stationary,0.5,derived pilot,After 25 initialization transitions,25,NaN,held,clean,(dimensionless state)^2,0.45,2,0.2,29,29,0,0.0190985522521254,0.00256772246222632,0.0506726993777352,-8.85307153257129e-18,3.13295672849889e-33,5.59728213376715e-17,0.0190985522521254,0.00256772246222632,0.0506726993777352,0,0,0,0,0,0,0.0190985522521254,0.00256772246222632,0.0506726993777352,5.46950215011038e-19,5.46950215011038e-19,-1.1326934601684e-19,-1.1326934601684e-19,0,5.53831030070132e-19,0,5.53831030070132e-19,0,0
commonData,1,A,W,Incorrectly shared,dimensionless state,study1_candidate_20260917/data/pilot_W_000.mat,pilot,0,stationary,0.5,derived pilot,After 25 initialization transitions,25,NaN,held,clean,(dimensionless state)^2,0.45,5,0.5,29,29,0,0.0252165792832107,0.0069053825510216,0.0830986314629886,-1.81846874723086e-17,1.2618161704606e-32,1.1233059113441e-16,0.0252165792832107,0.0069053825510216,0.0830986314629886,0,0,0,0,0,0,0.0252165792832107,0.0069053825510216,0.0830986314629886,-1.23077711598819e-18,-1.23077711598819e-18,-3.10603157395384e-18,-3.10603157395384e-18,0,2.28151666971583e-18,0,2.28151666971583e-18,0,0
commonData,1,A,W,Incorrectly shared,dimensionless state,study1_candidate_20260917/data/pilot_W_000.mat,pilot,0,stationary,0.5,derived pilot,After 25 initialization transitions,25,NaN,held,clean,(dimensionless state)^2,0.45,10,1,29,29,0,0.0239827583522467,0.010924019018447,0.104518032025326,-4.11548190162774e-17,2.20751418453213e-32,1.48577056927782e-16,0.0239827583522467,0.010924019018447,0.104518032025326,0,0,0,0,0,0,0.0239827583522467,0.010924019018447,0.104518032025326,2.82677570541808e-18,2.82677570541808e-18,-2.8267757054181e-18,-2.8267757054181e-18,0,4.63529575525416e-18,0,4.63529575525416e-18,0,0
commonData,1,A,W,Incorrectly shared,dimensionless state,study1_candidate_20260917/data/pilot_W_000.mat,pilot,0,stationary,0.5,derived pilot,After 25 initialization transitions,25,NaN,held,clean,(dimensionless state)^2,0.45,20,2,29,29,0,0.0221244880766403,0.012717038447687,0.112769847245117,-4.11548190162774e-17,2.47315969410278e-32,1.57262827588174e-16,0.0221244880766402,0.012717038447687,0.112769847245117,0,0,0,0,0,0,0.0221244880766402,0.012717038447687,0.112769847245117,-2.41839943796073e-18,-2.41839943796073e-18,6.83675961983893e-19,6.83675961983893e-19,0,1.13875558132252e-17,0,1.13875558132252e-17,0,0
commonData,1,A,W,Incorrectly shared,dimensionless state,study1_candidate_20260917/data/pilot_W_000.mat,pilot,0,stationary,0.5,derived pilot,After 25 initialization transitions,25,NaN,rateLimited,clean,(dimensionless state)^2,0.45,1,0.1,29,29,0,0.0122425333823786,0.000952334868507526,0.0308599233393009,4.54617186807715e-18,4.33334237487128e-34,2.08166817117217e-17,0.0122425333823786,0.000952334868507526,0.0308599233393009,0,0,0,0,0,0,0.0122425333823786,0.000952334868507526,0.0308599233393009,1.81459310200609e-19,1.81459310200609e-19,1.43801341545042e-19,1.43801341545042e-19,0,2.69556813681557e-19,0,2.69556813681557e-19,0,0
commonData,1,A,W,Incorrectly shared,dimensionless state,study1_candidate_20260917/data/pilot_W_000.mat,pilot,0,stationary,0.5,derived pilot,After 25 initialization transitions,25,NaN,rateLimited,clean,(dimensionless state)^2,0.45,2,0.2,29,29,0,0.0327869815927691,0.00393058840634124,0.0626944049045945,0.00176472053539835,7.40866021081557e-06,0.00272188541471083,0.0345517021281675,0.00416398782882353,0.064528968911827,0,0,0,0,0,0,0.0345517021281675,0.00416398782882353,0.064528968911827,0.000225990762271469,0.000225990762271469,-8.13151629364128e-20,-8.13151629364128e-20,0,7.58941520739853e-19,0,7.58941520739853e-19,0,0
commonData,1,A,W,Incorrectly shared,dimensionless state,study1_candidate_20260917/data/pilot_W_000.mat,pilot,0,stationary,0.5,derived pilot,After 25 initialization transitions,25,NaN,rateLimited,clean,(dimensionless state)^2,0.45,5,0.5,29,29,0,0.0305009860989905,0.00893081960962052,0.0945030137594591,0.0322230972652428,0.00266915917094401,0.0516639058816115,0.0627240833642333,0.0152878006282247,0.123643845897095,0,0,0,0,0,0,0.0627240833642333,0.0152878006282247,0.123643845897095,0.00368782184766012,0.00368782184766012,8.67361737988404e-19,8.67361737988404e-19,6.93889390390723e-18,3.46944695195361e-18,6.93889390390723e-18,3.46944695195361e-18,0,0
commonData,1,A,W,Incorrectly shared,dimensionless state,study1_candidate_20260917/data/pilot_W_000.mat,pilot,0,stationary,0.5,derived pilot,After 25 initialization transitions,25,NaN,rateLimited,clean,(dimensionless state)^2,0.45,10,1,29,29,0,0.0263442231262753,0.00918144516205867,0.0958198578691216,0.0698045634470065,0.0120360592770033,0.109708975371222,0.0961487865732818,0.021108312428754,0.145287000205641,0,0,0,0,0,0,0.0961487865732818,0.021108312428754,0.145287000205641,-0.000109192010308033,-0.000109192010308033,3.45589442479755e-18,3.45589442479755e-18,0,3.46944695195361e-18,0,3.46944695195361e-18,0,0
commonData,1,A,W,Incorrectly shared,dimensionless state,study1_candidate_20260917/data/pilot_W_000.mat,pilot,0,stationary,0.5,derived pilot,After 25 initialization transitions,25,NaN,rateLimited,clean,(dimensionless state)^2,0.45,20,2,29,29,0,0.0232771260840315,0.00862395346398858,0.0928652435736244,0.106014338578985,0.0227591691738526,0.15086142374329,0.129291464663017,0.035899274929304,0.189471039816918,0,0,0,0,0,0,0.129291464663017,0.035899274929304,0.189471039816918,0.0045161522914628,0.0045161522914628,1.73472347597681e-18,1.73472347597681e-18,2.77555756156289e-17,2.77555756156289e-17,2.77555756156289e-17,2.77555756156289e-17,0,0
commonData,1,A,W,Incorrectly shared,dimensionless state,study1_candidate_20260917/data/pilot_W_000.mat,pilot,0,stationary,0.5,derived pilot,After 50 initialization transitions,50,NaN,held,clean,(dimensionless state)^2,0.45,1,0.1,29,29,0,-1.2102564144359e-05,0.000778771221705333,0.0279064727564293,-2.39272203583008e-19,1.4112417695941e-34,1.18795697295571e-17,-1.2102564144359e-05,0.000778771221705333,0.0279064727564293,0,0,0,0,0,0,-1.2102564144359e-05,0.000778771221705333,0.0279064727564293,2.400477755978e-19,2.400477755978e-19,-1.31627558349249e-19,-1.31627558349249e-19,0,7.74205516066305e-20,0,7.74205516066305e-20,0,0
commonData,1,A,W,Incorrectly shared,dimensionless state,study1_candidate_20260917/data/pilot_W_000.mat,pilot,0,stationary,0.5,derived pilot,After 50 initialization transitions,50,NaN,held,clean,(dimensionless state)^2,0.45,2,0.2,29,29,0,-0.00176492698341753,0.00212960048592777,0.0461475945844176,9.81016034690332e-18,2.39579043944033e-33,4.89468123521883e-17,-0.00176492698341752,0.00212960048592776,0.0461475945844175,0,0,0,0,0,0,-0.00176492698341752,0.00212960048592776,0.0461475945844175,-1.60455141596619e-18,-1.60455141596619e-18,-1.30172060010619e-19,-1.30172060010619e-19,0,1.28192268441517e-18,0,1.28192268441517e-18,0,0
commonData,1,A,W,Incorrectly shared,dimensionless state,study1_candidate_20260917/data/pilot_W_000.mat,pilot,0,stationary,0.5,derived pilot,After 50 initialization transitions,50,NaN,held,clean,(dimensionless state)^2,0.45,5,0.5,29,29,0,-0.00903544718611894,0.00615751988516959,0.0784698660962894,1.53134210293125e-17,9.77575475220004e-33,9.88724165386891e-17,-0.00903544718611892,0.00615751988516959,0.0784698660962894,0,0,0,0,0,0,-0.00903544718611892,0.00615751988516959,0.0784698660962894,-2.69985221139559e-18,-2.69985221139559e-18,-7.69594740558036e-19,-7.69594740558036e-19,0,1.59621217331826e-18,0,1.59621217331826e-18,0,0
commonData,1,A,W,Incorrectly shared,dimensionless state,study1_candidate_20260917/data/pilot_W_000.mat,pilot,0,stationary,0.5,derived pilot,After 50 initialization transitions,50,NaN,held,clean,(dimensionless state)^2,0.45,10,1,29,29,0,-0.0164206597257463,0.0104599276177789,0.102273787540009,4.11548190162774e-17,1.59121660232821e-32,1.26143434324907e-16,-0.0164206597257463,0.0104599276177789,0.102273787540009,0,0,0,0,0,0,-0.0164206597257463,0.0104599276177789,0.102273787540009,-3.23612091898756e-18,-3.23612091898756e-18,1.50139744301073e-18,1.50139744301073e-18,0,6.3873612703233e-18,0,6.3873612703233e-18,0,0
commonData,1,A,W,Incorrectly shared,dimensionless state,study1_candidate_20260917/data/pilot_W_000.mat,pilot,0,stationary,0.5,derived pilot,After 50 initialization transitions,50,NaN,held,clean,(dimensionless state)^2,0.45,20,2,29,29,0,-0.0197067447281291,0.0125413325625912,0.111988091164156,4.40260854592735e-17,1.84357983642033e-32,1.35778490064529e-16,-0.019706744728129,0.0125413325625912,0.111988091164156,0,0,0,0,0,0,-0.019706744728129,0.0125413325625912,0.111988091164156,1.41430499256068e-18,1.41430499256068e-18,3.2041848341611e-19,3.2041848341611e-19,0,7.98007425189014e-18,0,7.98007425189014e-18,0,0
commonData,1,A,W,Incorrectly shared,dimensionless state,study1_candidate_20260917/data/pilot_W_000.mat,pilot,0,stationary,0.5,derived pilot,After 50 initialization transitions,50,NaN,rateLimited,clean,(dimensionless state)^2,0.45,1,0.1,29,29,0,-1.2102564144359e-05,0.000778771221705333,0.0279064727564293,-2.39272203583008e-19,1.4112417695941e-34,1.18795697295571e-17,-1.2102564144359e-05,0.000778771221705333,0.0279064727564293,0,0,0,0,0,0,-1.2102564144359e-05,0.000778771221705333,0.0279064727564293,2.400477755978e-19,2.400477755978e-19,-1.31627558349249e-19,-1.31627558349249e-19,0,7.74205516066305e-20,0,7.74205516066305e-20,0,0
commonData,1,A,W,Incorrectly shared,dimensionless state,study1_candidate_20260917/data/pilot_W_000.mat,pilot,0,stationary,0.5,derived pilot,After 50 initialization transitions,50,NaN,rateLimited,clean,(dimensionless state)^2,0.45,2,0.2,29,29,0,0.0119411633331801,0.00293459976177003,0.0541719462616033,0.00179157488015963,7.50760674895495e-06,0.00274000123156085,0.0137327382133397,0.00310707447021469,0.0557411380419766,0,0,0,0,0,0,0.0137327382133397,0.00310707447021469,0.0557411380419766,0.000164967101695704,0.000164967101695704,1.32814766129474e-18,1.32814766129474e-18,0,1.28192268441517e-18,0,1.28192268441517e-18,0,0
commonData,1,A,W,Incorrectly shared,dimensionless state,study1_candidate_20260917/data/pilot_W_000.mat,pilot,0,stationary,0.5,derived pilot,After 50 initialization transitions,50,NaN,rateLimited,clean,(dimensionless state)^2,0.45,5,0.5,29,29,0,-0.00368981208392451,0.00786382904046423,0.0886782331830322,0.0316487205701071,0.00248604729177574,0.049860277694531,0.0279589084861826,0.0119343223482865,0.10924432410101,0,0,0,0,0,0,0.0279589084861826,0.0119343223482865,0.10924432410101,0.0015844460160465,0.0015844460160465,6.50521303491303e-19,6.50521303491303e-19,6.93889390390723e-18,3.46944695195361e-18,6.93889390390723e-18,3.46944695195361e-18,0,0
commonData,1,A,W,Incorrectly shared,dimensionless state,study1_candidate_20260917/data/pilot_W_000.mat,pilot,0,stationary,0.5,derived pilot,After 50 initialization transitions,50,NaN,rateLimited,clean,(dimensionless state)^2,0.45,10,1,29,29,0,-0.0141242979473506,0.00855242948597853,0.092479346267037,0.0675050346005344,0.0119313082885338,0.109230528189393,0.0533807366531838,0.0147444823320945,0.12142686001085,0,0,0,0,0,0,0.0533807366531838,0.0147444823320945,0.12142686001085,-0.00573925544241781,-0.00573925544241781,8.67361737988404e-19,8.67361737988404e-19,6.93889390390723e-18,6.93889390390723e-18,6.93889390390723e-18,6.93889390390723e-18,0,0
commonData,1,A,W,Incorrectly shared,dimensionless state,study1_candidate_20260917/data/pilot_W_000.mat,pilot,0,stationary,0.5,derived pilot,After 50 initialization transitions,50,NaN,rateLimited,clean,(dimensionless state)^2,0.45,20,2,29,29,0,-0.0183941318876397,0.00834891182856919,0.0913723800093288,0.102791333963914,0.0209805620642091,0.144846684684908,0.0843972020762748,0.0250906502832242,0.158400284984668,0,0,0,0,0,0,0.0843972020762748,0.0250906502832242,0.158400284984668,-0.00423882360955412,-0.00423882360955412,5.20417042793042e-18,5.20417042793042e-18,1.38777878078145e-17,2.08166817117217e-17,1.38777878078145e-17,2.08166817117217e-17,0,0
commonData,1,A,W,Incorrectly shared,dimensionless state,study1_candidate_20260917/data/pilot_W_000.mat,pilot,0,stationary,0.5,derived pilot,After 100 initialization transitions,100,NaN,held,clean,(dimensionless state)^2,0.45,1,0.1,29,29,0,0.00098967489033269,0.000708281165837519,0.0266135522964808,-4.78544407166016e-19,6.64113773926633e-36,2.57704050012147e-18,0.00098967489033269,0.000708281165837519,0.0266135522964808,0,0,0,0,0,0,0.00098967489033269,0.000708281165837519,0.0266135522964808,-4.29106604842739e-20,-4.29106604842739e-20,4.29106604842739e-20,4.29106604842739e-20,0,5.66334529386632e-20,0,5.66334529386632e-20,0,0
commonData,1,A,W,Incorrectly shared,dimensionless state,study1_candidate_20260917/data/pilot_W_000.mat,pilot,0,stationary,0.5,derived pilot,After 100 initialization transitions,100,NaN,held,clean,(dimensionless state)^2,0.45,2,0.2,29,29,0,0.000969356145518233,0.00182993017555501,0.0427776831485182,-9.57088814332031e-19,1.84623629151604e-33,4.29678518373451e-17,0.000969356145518233,0.00182993017555502,0.0427776831485182,0,0,0,0,0,0,0.000969356145518233,0.00182993017555502,0.0427776831485182,1.26633063956037e-18,1.26633063956037e-18,3.47119674222309e-20,3.47119674222309e-20,0,8.71608170079428e-19,0,8.71608170079428e-19,0,0
commonData,1,A,W,Incorrectly shared,dimensionless state,study1_candidate_20260917/data/pilot_W_000.mat,pilot,0,stationary,0.5,derived pilot,After 100 initialization transitions,100,NaN,held,clean,(dimensionless state)^2,0.45,5,0.5,29,29,0,-0.000844898960886528,0.00449740720904246,0.0670627110176919,-1.91417762866406e-17,8.34126900051851e-33,9.13305480138957e-17,-0.000844898960886546,0.00449740720904247,0.067062711017692,0,0,0,0,0,0,-0.000844898960886546,0.00449740720904247,0.067062711017692,5.94519550415923e-18,5.94519550415923e-18,9.93698399747988e-19,9.93698399747988e-19,0,2.8230940888585e-18,0,2.8230940888585e-18,0,0
commonData,1,A,W,Incorrectly shared,dimensionless state,study1_candidate_20260917/data/pilot_W_000.mat,pilot,0,stationary,0.5,derived pilot,After 100 initialization transitions,100,NaN,held,clean,(dimensionless state)^2,0.45,10,1,29,29,0,-0.00319163067566705,0.00663822170698736,0.081475282797836,-1.24421545863164e-17,1.51683585964843e-32,1.23159890372167e-16,-0.00319163067566706,0.00663822170698737,0.0814752827978361,0,0,0,0,0,0,-0.00319163067566706,0.00663822170698737,0.0814752827978361,1.14096951112437e-17,1.14096951112437e-17,-1.33992517394515e-19,-1.33992517394515e-19,0,5.57657110447822e-18,0,5.57657110447822e-18,0,0
commonData,1,A,W,Incorrectly shared,dimensionless state,study1_candidate_20260917/data/pilot_W_000.mat,pilot,0,stationary,0.5,derived pilot,After 100 initialization transitions,100,NaN,held,clean,(dimensionless state)^2,0.45,20,2,29,29,0,-0.00427768865651369,0.0074213222924356,0.0861470968311504,-2.67984868012969e-17,1.61512469818957e-32,1.27087556361336e-16,-0.00427768865651371,0.00742132229243561,0.0861470968311504,0,0,0,0,0,0,-0.00427768865651371,0.00742132229243561,0.0861470968311504,1.50795784551529e-17,1.50795784551529e-17,-3.34428909350012e-19,-3.34428909350012e-19,0,6.61594638400029e-18,0,6.61594638400029e-18,0,0
commonData,1,A,W,Incorrectly shared,dimensionless state,study1_candidate_20260917/data/pilot_W_000.mat,pilot,0,stationary,0.5,derived pilot,After 100 initialization transitions,100,NaN,rateLimited,clean,(dimensionless state)^2,0.45,1,0.1,29,29,0,0.00098967489033269,0.000708281165837519,0.0266135522964808,-4.78544407166016e-19,6.64113773926633e-36,2.57704050012147e-18,0.00098967489033269,0.000708281165837519,0.0266135522964808,0,0,0,0,0,0,0.00098967489033269,0.000708281165837519,0.0266135522964808,-4.29106604842739e-20,-4.29106604842739e-20,4.29106604842739e-20,4.29106604842739e-20,0,5.66334529386632e-20,0,5.66334529386632e-20,0,0
commonData,1,A,W,Incorrectly shared,dimensionless state,study1_candidate_20260917/data/pilot_W_000.mat,pilot,0,stationary,0.5,derived pilot,After 100 initialization transitions,100,NaN,rateLimited,clean,(dimensionless state)^2,0.45,2,0.2,29,29,0,0.0145969005886263,0.00227084696808851,0.0476534045802449,0.00195289309786021,8.56980088793369e-06,0.00292742222577026,0.0165497936864865,0.00242748303048672,0.0492694939134423,0,0,0,0,0,0,0.0165497936864865,0.00242748303048672,0.0492694939134423,0.000148066261510282,0.000148066261510282,-2.16840434497101e-19,-2.16840434497101e-19,0,8.71608170079428e-19,0,8.71608170079428e-19,0,0
commonData,1,A,W,Incorrectly shared,dimensionless state,study1_candidate_20260917/data/pilot_W_000.mat,pilot,0,stationary,0.5,derived pilot,After 100 initialization transitions,100,NaN,rateLimited,clean,(dimensionless state)^2,0.45,5,0.5,29,29,0,0.00382753487126303,0.00606658192212984,0.0778882656253806,0.0307137922837593,0.00236140557122643,0.0485942956655041,0.0345413271550223,0.00972172908964969,0.0985988290480657,0,0,0,0,0,0,0.0345413271550223,0.00972172908964969,0.0985988290480657,0.00129374159629342,0.00129374159629342,-1.73472347597681e-18,-1.73472347597681e-18,1.38777878078145e-17,8.67361737988404e-18,1.38777878078145e-17,8.67361737988404e-18,0,0
commonData,1,A,W,Incorrectly shared,dimensionless state,study1_candidate_20260917/data/pilot_W_000.mat,pilot,0,stationary,0.5,derived pilot,After 100 initialization transitions,100,NaN,rateLimited,clean,(dimensionless state)^2,0.45,10,1,29,29,0,-0.00823275825877453,0.00843744471119344,0.0918555643997327,0.0631465167773619,0.0102655623211536,0.101319111332234,0.0549137585185873,0.0161061399183882,0.126909967766083,0,0,0,0,0,0,0.0549137585185873,0.0161061399183882,0.126909967766083,-0.00259686711395891,-0.00259686711395891,8.67361737988404e-19,8.67361737988404e-19,0,1.04083408558608e-17,0,1.04083408558608e-17,0,0
commonData,1,A,W,Incorrectly shared,dimensionless state,study1_candidate_20260917/data/pilot_W_000.mat,pilot,0,stationary,0.5,derived pilot,After 100 initialization transitions,100,NaN,rateLimited,clean,(dimensionless state)^2,0.45,20,2,29,29,0,-0.0131121655881993,0.00764361851272645,0.0874277902770421,0.0916298691550769,0.016454075443012,0.128273440130886,0.0785177035668776,0.0209995290784235,0.14491214261898,0,0,0,0,0,0,0.0785177035668776,0.0209995290784235,0.14491214261898,-0.00309816487731499,-0.00309816487731499,7.80625564189563e-18,7.80625564189563e-18,2.77555756156289e-17,1.90819582357449e-17,2.77555756156289e-17,1.90819582357449e-17,0,0
commonData,1,A,W,Incorrectly shared,dimensionless state,study1_candidate_20260917/data/pilot_W_000.mat,pilot,0,stationary,0.5,derived pilot,After 200 initialization transitions,200,NaN,held,clean,(dimensionless state)^2,0.45,1,0.1,29,29,0,0.00865244236643108,0.000770193919480382,0.0277523678175463,-7.17816610749024e-19,8.30142217408291e-36,2.88121886952083e-18,0.00865244236643107,0.000770193919480382,0.0277523678175463,0,0,0,0,0,0,0.00865244236643107,0.000770193919480382,0.0277523678175463,-6.58383163252485e-20,-6.58383163252485e-20,6.58383163252485e-20,6.58383163252485e-20,0,3.28951362948812e-19,0,3.28951362948812e-19,0,0
commonData,1,A,W,Incorrectly shared,dimensionless state,study1_candidate_20260917/data/pilot_W_000.mat,pilot,0,stationary,0.5,derived pilot,After 200 initialization transitions,200,NaN,held,clean,(dimensionless state)^2,0.45,2,0.2,29,29,0,0.0135597792394239,0.00202966878431115,0.0450518455150413,-5.26398847882617e-18,1.35811266767996e-33,3.68525802038333e-17,0.0135597792394239,0.00202966878431115,0.0450518455150414,0,0,0,0,0,0,0.0135597792394239,0.00202966878431115,0.0450518455150414,5.68853693621349e-20,5.68853693621349e-20,8.10476368626267e-19,8.10476368626267e-19,0,4.67508441808721e-19,0,4.67508441808721e-19,0,0
commonData,1,A,W,Incorrectly shared,dimensionless state,study1_candidate_20260917/data/pilot_W_000.mat,pilot,0,stationary,0.5,derived pilot,After 200 initialization transitions,200,NaN,held,clean,(dimensionless state)^2,0.45,5,0.5,29,29,0,0.0182339887596703,0.00517923816267207,0.0719669240878897,1.10065213648184e-17,5.21329312532407e-33,7.22031379188195e-17,0.0182339887596703,0.00517923816267207,0.0719669240878897,0,0,0,0,0,0,0.0182339887596703,0.00517923816267207,0.0719669240878897,5.80635484538902e-21,5.80635484538902e-21,-8.73168092833798e-19,-8.73168092833798e-19,0,1.22218647260066e-18,0,1.22218647260066e-18,0,0
commonData,1,A,W,Incorrectly shared,dimensionless state,study1_candidate_20260917/data/pilot_W_000.mat,pilot,0,stationary,0.5,derived pilot,After 200 initialization transitions,200,NaN,held,clean,(dimensionless state)^2,0.45,10,1,29,29,0,0.0178736523408259,0.00780219099268996,0.0883300118458611,5.74253288599219e-18,9.08507642731634e-33,9.53156672710019e-17,0.0178736523408259,0.00780219099268997,0.0883300118458611,0,0,0,0,0,0,0.0178736523408259,0.00780219099268997,0.0883300118458611,1.73327788913661e-18,1.73327788913661e-18,1.736169062817e-18,1.736169062817e-18,0,2.21176819119511e-18,0,2.21176819119511e-18,0,0
commonData,1,A,W,Incorrectly shared,dimensionless state,study1_candidate_20260917/data/pilot_W_000.mat,pilot,0,stationary,0.5,derived pilot,After 200 initialization transitions,200,NaN,held,clean,(dimensionless state)^2,0.45,20,2,29,29,0,0.0169081328205464,0.00879802923120765,0.0937978103753368,8.61379932898828e-18,1.5859036921368e-32,1.25932668205545e-16,0.0169081328205464,0.00879802923120765,0.0937978103753369,0,0,0,0,0,0,0.0169081328205464,0.00879802923120765,0.0937978103753369,8.16503799850208e-18,8.16503799850208e-18,-2.96086757057168e-18,-2.96086757057168e-18,0,1.47309396601646e-18,0,1.47309396601646e-18,0,0
commonData,1,A,W,Incorrectly shared,dimensionless state,study1_candidate_20260917/data/pilot_W_000.mat,pilot,0,stationary,0.5,derived pilot,After 200 initialization transitions,200,NaN,rateLimited,clean,(dimensionless state)^2,0.45,1,0.1,29,29,0,0.00865244236643108,0.000770193919480382,0.0277523678175463,-7.17816610749024e-19,8.30142217408291e-36,2.88121886952083e-18,0.00865244236643107,0.000770193919480382,0.0277523678175463,0,0,0,0,0,0,0.00865244236643107,0.000770193919480382,0.0277523678175463,-6.58383163252485e-20,-6.58383163252485e-20,6.58383163252485e-20,6.58383163252485e-20,0,3.28951362948812e-19,0,3.28951362948812e-19,0,0
commonData,1,A,W,Incorrectly shared,dimensionless state,study1_candidate_20260917/data/pilot_W_000.mat,pilot,0,stationary,0.5,derived pilot,After 200 initialization transitions,200,NaN,rateLimited,clean,(dimensionless state)^2,0.45,2,0.2,29,29,0,0.0271761392769352,0.00295019709410201,0.0543157168239729,0.0018967349578012,8.21490933255341e-06,0.00286616631278672,0.0290728742347364,0.00315972800053743,0.0562114579115097,0,0,0,0,0,0,0.0290728742347364,0.00315972800053743,0.0562114579115097,0.000201315997102868,0.000201315997102868,-1.13841228110978e-18,-1.13841228110978e-18,0,9.75781955236954e-19,0,9.75781955236954e-19,0,0
commonData,1,A,W,Incorrectly shared,dimensionless state,study1_candidate_20260917/data/pilot_W_000.mat,pilot,0,stationary,0.5,derived pilot,After 200 initialization transitions,200,NaN,rateLimited,clean,(dimensionless state)^2,0.45,5,0.5,29,29,0,0.0230028161225591,0.0069375329430833,0.0832918540019569,0.0315803026202179,0.00254322227109801,0.0504303705231085,0.054583118742777,0.012196279199169,0.11043676561349,0,0,0,0,0,0,0.054583118742777,0.012196279199169,0.11043676561349,0.00271552398498764,0.00271552398498764,2.16840434497101e-18,2.16840434497101e-18,2.08166817117217e-17,6.07153216591882e-18,2.08166817117217e-17,6.07153216591882e-18,0,0
commonData,1,A,W,Incorrectly shared,dimensionless state,study1_candidate_20260917/data/pilot_W_000.mat,pilot,0,stationary,0.5,derived pilot,After 200 initialization transitions,200,NaN,rateLimited,clean,(dimensionless state)^2,0.45,10,1,29,29,0,0.0153006881070237,0.00841496115145182,0.0917330973610497,0.0663043138400284,0.0109605364239091,0.104692580558075,0.0816050019470521,0.0189949509147773,0.137822171346911,0,0,0,0,0,0,0.0816050019470521,0.0189949509147773,0.137822171346911,-0.000380546660583618,-0.000380546660583618,-3.68628738645072e-18,-3.68628738645072e-18,6.93889390390723e-18,6.93889390390723e-18,6.93889390390723e-18,6.93889390390723e-18,0,0
commonData,1,A,W,Incorrectly shared,dimensionless state,study1_candidate_20260917/data/pilot_W_000.mat,pilot,0,stationary,0.5,derived pilot,After 200 initialization transitions,200,NaN,rateLimited,clean,(dimensionless state)^2,0.45,20,2,29,29,0,0.0111151614818482,0.00746681083983445,0.0864107102148481,0.0974085610138417,0.0188780156424888,0.137397291248732,0.10852372249569,0.0277745987523232,0.16665712931742,0,0,0,0,0,0,0.10852372249569,0.0277745987523232,0.16665712931742,0.00142977226999997,0.00142977226999997,3.68628738645072e-18,3.68628738645072e-18,1.38777878078145e-17,2.42861286636753e-17,1.38777878078145e-17,2.42861286636753e-17,0,0
commonData,1,A,R,Relaxed,dimensionless state,study1_candidate_20260917/data/pilot_R_000.mat,pilot,0,stationary,0.5,derived pilot,After 25 initialization transitions,25,NaN,held,clean,(dimensionless state)^2,0.45,1,0.1,29,29,0,-1.15246473220799e-05,6.40102586573808e-08,0.000253002487452951,-9.57088814332031e-19,2.65645509570653e-35,5.15408100024295e-18,-1.15246473220808e-05,6.40102586573811e-08,0.000253002487452952,0,0,0,0,0,0,-1.15246473220808e-05,6.40102586573811e-08,0.000253002487452952,3.35465908766041e-22,3.35465908766041e-22,-4.59366374485697e-24,-4.59366374485697e-24,0,8.67350592367867e-25,0,8.67350592367867e-25,0,0
commonData,1,A,R,Relaxed,dimensionless state,study1_candidate_20260917/data/pilot_R_000.mat,pilot,0,stationary,0.5,derived pilot,After 25 initialization transitions,25,NaN,held,clean,(dimensionless state)^2,0.45,2,0.2,29,29,0,-2.04179592196665e-05,1.6856913656988e-07,0.000410571719154985,4.78544407166016e-19,1.07918488263078e-33,3.28509494935957e-17,-2.0417959219666e-05,1.68569136569878e-07,0.000410571719154982,0,0,0,0,0,0,-2.0417959219666e-05,1.68569136569878e-07,0.000410571719154982,-2.4011578643384e-21,-2.4011578643384e-21,-6.05316386204936e-23,-6.05316386204936e-23,0,3.58136916486846e-23,0,3.58136916486846e-23,0,0
commonData,1,A,R,Relaxed,dimensionless state,study1_candidate_20260917/data/pilot_R_000.mat,pilot,0,stationary,0.5,derived pilot,After 25 initialization transitions,25,NaN,held,clean,(dimensionless state)^2,0.45,5,0.5,29,29,0,-3.70331068144448e-05,3.80034886948252e-07,0.000616469696699077,1.74668708615596e-17,7.5194282052843e-33,8.67146366266059e-17,-3.70331068144273e-05,3.80034886948224e-07,0.000616469696699055,0,0,0,0,0,0,-3.70331068144273e-05,3.80034886948224e-07,0.000616469696699055,-2.70898389732279e-20,-2.70898389732279e-20,-6.81548981206585e-23,-6.81548981206585e-23,0,1.01423359401027e-22,0,1.01423359401027e-22,0,0
commonData,1,A,R,Relaxed,dimensionless state,study1_candidate_20260917/data/pilot_R_000.mat,pilot,0,stationary,0.5,derived pilot,After 25 initialization transitions,25,NaN,held,clean,(dimensionless state)^2,0.45,10,1,29,29,0,-4.66981355325303e-05,4.707645066023e-07,0.000686122807230819,1.33992434006484e-17,8.42096265338971e-33,9.17658032896226e-17,-4.66981355325169e-05,4.70764506602283e-07,0.000686122807230807,0,0,0,0,0,0,-4.66981355325169e-05,4.70764506602283e-07,0.000686122807230807,-1.71720334787251e-20,-1.71720334787251e-20,1.96162968171272e-23,1.96162968171272e-23,0,1.07227151916947e-22,0,1.07227151916947e-22,0,0
commonData,1,A,R,Relaxed,dimensionless state,study1_candidate_20260917/data/pilot_R_000.mat,pilot,0,stationary,0.5,derived pilot,After 25 initialization transitions,25,NaN,held,clean,(dimensionless state)^2,0.45,20,2,29,29,0,-4.89801268890895e-05,4.84374676319909e-07,0.000695970312815072,1.72275986579766e-17,9.12492325375194e-33,9.55244641636473e-17,-4.89801268890722e-05,4.84374676319898e-07,0.000695970312815064,0,0,0,0,0,0,-4.89801268890722e-05,4.84374676319898e-07,0.000695970312815064,-1.14458028903734e-20,-1.14458028903734e-20,-9.50210159756141e-23,-9.50210159756141e-23,0,1.38478494820671e-22,0,1.38478494820671e-22,0,0
commonData,1,A,R,Relaxed,dimensionless state,study1_candidate_20260917/data/pilot_R_000.mat,pilot,0,stationary,0.5,derived pilot,After 25 initialization transitions,25,NaN,rateLimited,clean,(dimensionless state)^2,0.45,1,0.1,29,29,0,-1.15246473220799e-05,6.40102586573808e-08,0.000253002487452951,-9.57088814332031e-19,2.65645509570653e-35,5.15408100024295e-18,-1.15246473220808e-05,6.40102586573811e-08,0.000253002487452952,0,0,0,0,0,0,-1.15246473220808e-05,6.40102586573811e-08,0.000253002487452952,3.35465908766041e-22,3.35465908766041e-22,-4.59366374485697e-24,-4.59366374485697e-24,0,8.67350592367867e-25,0,8.67350592367867e-25,0,0
commonData,1,A,R,Relaxed,dimensionless state,study1_candidate_20260917/data/pilot_R_000.mat,pilot,0,stationary,0.5,derived pilot,After 25 initialization transitions,25,NaN,rateLimited,clean,(dimensionless state)^2,0.45,2,0.2,29,29,0,-2.73258768073924e-05,1.53536522048824e-07,0.000391837366835814,-0.00203315127002405,9.14941973760484e-06,0.00302480077651485,-0.00206047714683145,1.00509470746309e-05,0.00317032286599187,0,0,0,0,0,0,-0.00206047714683145,1.00509470746309e-05,0.00317032286599187,7.47990814977271e-07,7.47990814977271e-07,-2.85873619698326e-21,-2.85873619698326e-21,0,3.3881317890172e-21,0,3.3881317890172e-21,0,0
commonData,1,A,R,Relaxed,dimensionless state,study1_candidate_20260917/data/pilot_R_000.mat,pilot,0,stationary,0.5,derived pilot,After 25 initialization transitions,25,NaN,rateLimited,clean,(dimensionless state)^2,0.45,5,0.5,29,29,0,-2.4547485635366e-05,3.99179487513784e-07,0.000631806526963582,-0.0335060132889061,0.00269365235263609,0.0519004080199384,-0.0335305607745415,0.00271063756944491,0.0520637836643181,0,0,0,0,0,0,-0.0335305607745415,0.00271063756944491,0.0520637836643181,1.65860373213088e-05,1.65860373213088e-05,-1.15196480826585e-19,-1.15196480826585e-19,0,3.02221355580334e-18,0,3.02221355580334e-18,0,0
commonData,1,A,R,Relaxed,dimensionless state,study1_candidate_20260917/data/pilot_R_000.mat,pilot,0,stationary,0.5,derived pilot,After 25 initialization transitions,25,NaN,rateLimited,clean,(dimensionless state)^2,0.45,10,1,29,29,0,-0.000129421437194516,4.56693012609538e-07,0.000675790657385508,-0.0678949501887785,0.0129512028026945,0.113803351456337,-0.068024371625973,0.0129195509036699,0.113664202384347,0,0,0,0,0,0,-0.068024371625973,0.0129195509036699,0.113664202384347,-3.21085920372306e-05,-3.21085920372306e-05,-6.23416249179165e-19,-6.23416249179165e-19,0,7.31836466427715e-18,0,7.31836466427715e-18,0,0
commonData,1,A,R,Relaxed,dimensionless state,study1_candidate_20260917/data/pilot_R_000.mat,pilot,0,stationary,0.5,derived pilot,After 25 initialization transitions,25,NaN,rateLimited,clean,(dimensionless state)^2,0.45,20,2,29,29,0,-0.000133496510480325,4.9642618026981e-07,0.000704575177159833,-0.0884153862166239,0.0134208955903877,0.115848589073789,-0.0885488827271042,0.0134520320799753,0.115982895635414,0,0,0,0,0,0,-0.0885488827271042,0.0134520320799753,0.115982895635414,3.06400634073482e-05,3.06400634073482e-05,7.86046575051991e-19,7.86046575051991e-19,0,5.28548559086683e-18,0,5.28548559086683e-18,0,0
commonData,1,A,R,Relaxed,dimensionless state,study1_candidate_20260917/data/pilot_R_000.mat,pilot,0,stationary,0.5,derived pilot,After 50 initialization transitions,50,NaN,held,clean,(dimensionless state)^2,0.45,1,0.1,29,29,0,-3.1014498449373e-05,3.92813062566858e-08,0.000198195121677315,0,0,0,-3.1014498449373e-05,3.92813062566858e-08,0.000198195121677315,0,0,0,0,0,0,-3.1014498449373e-05,3.92813062566858e-08,0.000198195121677315,0,0,0,0,0,0,0,0,0,0
commonData,1,A,R,Relaxed,dimensionless state,study1_candidate_20260917/data/pilot_R_000.mat,pilot,0,stationary,0.5,derived pilot,After 50 initialization transitions,50,NaN,held,clean,(dimensionless state)^2,0.45,2,0.2,29,29,0,-5.10505955700666e-05,1.02459059930964e-07,0.000320092267840016,9.57088814332032e-18,3.41022422911326e-33,5.83971251784988e-17,-5.1050595570057e-05,1.0245905993095e-07,0.000320092267839993,0,0,0,0,0,0,-5.1050595570057e-05,1.0245905993095e-07,0.000320092267839993,-1.46843485765678e-20,-1.46843485765678e-20,2.00906772243467e-23,2.00906772243467e-23,0,4.79402813694749e-23,0,4.79402813694749e-23,0,0
commonData,1,A,R,Relaxed,dimensionless state,study1_candidate_20260917/data/pilot_R_000.mat,pilot,0,stationary,0.5,derived pilot,After 50 initialization transitions,50,NaN,held,clean,(dimensionless state)^2,0.45,5,0.5,29,29,0,-7.86893354742471e-05,2.28391966630202e-07,0.000477903721088466,2.67984868012969e-17,1.0572691280912e-32,1.02823593016934e-16,-7.86893354742203e-05,2.28391966630161e-07,0.000477903721088423,0,0,0,0,0,0,-7.86893354742203e-05,2.28391966630161e-07,0.000477903721088423,-4.13098450043628e-20,-4.13098450043628e-20,1.6988825705093e-23,1.6988825705093e-23,0,3.56527972362962e-23,0,3.56527972362962e-23,0,0
commonData,1,A,R,Relaxed,dimensionless state,study1_candidate_20260917/data/pilot_R_000.mat,pilot,0,stationary,0.5,derived pilot,After 50 initialization transitions,50,NaN,held,clean,(dimensionless state)^2,0.45,10,1,29,29,0,-8.9043515243066e-05,2.83997036000153e-07,0.000532913722848411,3.92406413876133e-17,1.87147261492525e-32,1.36801776849764e-16,-8.90435152430267e-05,2.83997036000101e-07,0.000532913722848362,0,0,0,0,0,0,-8.90435152430267e-05,2.83997036000101e-07,0.000532913722848362,-5.21317395611391e-20,-5.21317395611391e-20,-1.37262542225061e-23,-1.37262542225061e-23,0,4.59046129845623e-23,0,4.59046129845623e-23,0,0
commonData,1,A,R,Relaxed,dimensionless state,study1_candidate_20260917/data/pilot_R_000.mat,pilot,0,stationary,0.5,derived pilot,After 50 initialization transitions,50,NaN,held,clean,(dimensionless state)^2,0.45,20,2,29,29,0,-9.08040721620999e-05,2.93695287075687e-07,0.000541936607986291,4.64188074951035e-17,2.11653059750418e-32,1.45483009231462e-16,-9.08040721620535e-05,2.93695287075616e-07,0.000541936607986226,0,0,0,0,0,0,-9.08040721620535e-05,2.93695287075616e-07,0.000541936607986226,-7.07235949389257e-20,-7.07235949389257e-20,4.92834023738935e-23,4.92834023738935e-23,0,9.49489138591195e-23,0,9.49489138591195e-23,0,0
commonData,1,A,R,Relaxed,dimensionless state,study1_candidate_20260917/data/pilot_R_000.mat,pilot,0,stationary,0.5,derived pilot,After 50 initialization transitions,50,NaN,rateLimited,clean,(dimensionless state)^2,0.45,1,0.1,29,29,0,-3.1014498449373e-05,3.92813062566858e-08,0.000198195121677315,0,0,0,-3.1014498449373e-05,3.92813062566858e-08,0.000198195121677315,0,0,0,0,0,0,-3.1014498449373e-05,3.92813062566858e-08,0.000198195121677315,0,0,0,0,0,0,0,0,0,0
commonData,1,A,R,Relaxed,dimensionless state,study1_candidate_20260917/data/pilot_R_000.mat,pilot,0,stationary,0.5,derived pilot,After 50 initialization transitions,50,NaN,rateLimited,clean,(dimensionless state)^2,0.45,2,0.2,29,29,0,-4.98278098440683e-05,9.06393516370755e-08,0.00030106370029792,-0.00202837847044571,9.1083082856039e-06,0.00301799739655353,-0.00207820628028978,9.85129517315064e-06,0.00313867729675267,0,0,0,0,0,0,-0.00207820628028978,9.85129517315064e-06,0.00313867729675267,6.52347535909667e-07,6.52347535909667e-07,-1.27054942088145e-21,-1.27054942088145e-21,0,5.0821976835258e-21,0,5.0821976835258e-21,0,0
commonData,1,A,R,Relaxed,dimensionless state,study1_candidate_20260917/data/pilot_R_000.mat,pilot,0,stationary,0.5,derived pilot,After 50 initialization transitions,50,NaN,rateLimited,clean,(dimensionless state)^2,0.45,5,0.5,29,29,0,-6.19020378778418e-05,2.14122119642739e-07,0.000462733313737771,-0.0334376957952388,0.0026826805380261,0.0517945995063781,-0.0334995978331167,0.00269622396809677,0.0519251766303859,0,0,0,0,0,0,-0.0334995978331167,0.00269622396809677,0.0519251766303859,1.33293079510292e-05,1.33293079510292e-05,-1.0842021724855e-19,-1.0842021724855e-19,0,1.34170018845081e-18,0,1.34170018845081e-18,0,0
commonData,1,A,R,Relaxed,dimensionless state,study1_candidate_20260917/data/pilot_R_000.mat,pilot,0,stationary,0.5,derived pilot,After 50 initialization transitions,50,NaN,rateLimited,clean,(dimensionless state)^2,0.45,10,1,29,29,0,-0.000145593984678056,2.82623444741324e-07,0.000531623404997677,-0.0677571943153252,0.0128973232599697,0.113566382613737,-0.0679027883000032,0.012883964926435,0.113507554490593,0,0,0,0,0,0,-0.0679027883000032,0.012883964926435,0.113507554490593,-1.36409569794365e-05,-1.36409569794365e-05,1.01982766849418e-18,1.01982766849418e-18,0,1.48535697630514e-17,0,1.48535697630514e-17,0,0
commonData,1,A,R,Relaxed,dimensionless state,study1_candidate_20260917/data/pilot_R_000.mat,pilot,0,stationary,0.5,derived pilot,After 50 initialization transitions,50,NaN,rateLimited,clean,(dimensionless state)^2,0.45,20,2,29,29,0,-0.000155403589791881,2.98521861986395e-07,0.000546371542072238,-0.0882428034077318,0.0133682814951947,0.115621284784397,-0.0883982069975237,0.0134027425466739,0.115770214419228,0,0,0,0,0,0,-0.0883982069975237,0.0134027425466739,0.115770214419228,3.41625296172079e-05,3.41625296172079e-05,4.05220561966457e-18,4.05220561966457e-18,1.38777878078145e-17,4.02510056535244e-18,1.38777878078145e-17,4.02510056535244e-18,0,0
commonData,1,A,R,Relaxed,dimensionless state,study1_candidate_20260917/data/pilot_R_000.mat,pilot,0,stationary,0.5,derived pilot,After 100 initialization transitions,100,NaN,held,clean,(dimensionless state)^2,0.45,1,0.1,29,29,0,-2.80737892076608e-05,9.37121082556454e-09,9.68050144649777e-05,0,0,0,-2.80737892076608e-05,9.37121082556454e-09,9.68050144649777e-05,0,0,0,0,0,0,-2.80737892076608e-05,9.37121082556454e-09,9.68050144649777e-05,0,0,0,0,0,0,0,0,0,0
commonData,1,A,R,Relaxed,dimensionless state,study1_candidate_20260917/data/pilot_R_000.mat,pilot,0,stationary,0.5,derived pilot,After 100 initialization transitions,100,NaN,held,clean,(dimensionless state)^2,0.45,2,0.2,29,29,0,-4.67809856137927e-05,2.48892041682604e-08,0.000157763126770042,1.38777878078145e-17,2.5535174607479e-33,5.05323407408355e-17,-4.67809856137788e-05,2.48892041682562e-08,0.000157763126770029,0,0,0,0,0,0,-4.67809856137788e-05,2.48892041682562e-08,0.000157763126770029,-4.28794228884719e-21,-4.28794228884719e-21,3.14671581995239e-24,3.14671581995239e-24,0,1.87091170213662e-23,0,1.87091170213662e-23,0,0
commonData,1,A,R,Relaxed,dimensionless state,study1_candidate_20260917/data/pilot_R_000.mat,pilot,0,stationary,0.5,derived pilot,After 100 initialization transitions,100,NaN,held,clean,(dimensionless state)^2,0.45,5,0.5,29,29,0,-7.31213475800952e-05,5.76230831900928e-08,0.000240048085162312,1.10065213648184e-17,7.57421759163325e-33,8.70299809929501e-17,-7.31213475800842e-05,5.76230831900923e-08,0.000240048085162311,0,0,0,0,0,0,-7.31213475800842e-05,5.76230831900923e-08,0.000240048085162311,-5.14970537076505e-22,-5.14970537076505e-22,5.42727973626529e-24,5.42727973626529e-24,0,1.36601967006976e-23,0,1.36601967006976e-23,0,0
commonData,1,A,R,Relaxed,dimensionless state,study1_candidate_20260917/data/pilot_R_000.mat,pilot,0,stationary,0.5,derived pilot,After 100 initialization transitions,100,NaN,held,clean,(dimensionless state)^2,0.45,10,1,29,29,0,-8.28615155660656e-05,7.4352956489139e-08,0.000272677385364351,2.9669753244293e-17,1.55269800344047e-32,1.2460730329481e-16,-8.28615155660359e-05,7.43529564891246e-08,0.000272677385364325,0,0,0,0,0,0,-8.28615155660359e-05,7.43529564891246e-08,0.000272677385364325,-1.43932458812704e-20,-1.43932458812704e-20,2.01555575334264e-23,2.01555575334264e-23,0,1.6469162060994e-23,0,1.6469162060994e-23,0,0
commonData,1,A,R,Relaxed,dimensionless state,study1_candidate_20260917/data/pilot_R_000.mat,pilot,0,stationary,0.5,derived pilot,After 100 initialization transitions,100,NaN,held,clean,(dimensionless state)^2,0.45,20,2,29,29,0,-8.44946195046125e-05,7.8351404753988e-08,0.000279913209323869,4.16333634234434e-17,1.19208422419831e-32,1.09182609613359e-16,-8.44946195045708e-05,7.83514047539607e-08,0.00027991320932382,0,0,0,0,0,0,-8.44946195045708e-05,7.83514047539607e-08,0.00027991320932382,-2.72812338705669e-20,-2.72812338705669e-20,4.12599100632803e-24,4.12599100632803e-24,0,5.07605602154213e-23,0,5.07605602154213e-23,0,0
commonData,1,A,R,Relaxed,dimensionless state,study1_candidate_20260917/data/pilot_R_000.mat,pilot,0,stationary,0.5,derived pilot,After 100 initialization transitions,100,NaN,rateLimited,clean,(dimensionless state)^2,0.45,1,0.1,29,29,0,-2.80737892076608e-05,9.37121082556454e-09,9.68050144649777e-05,0,0,0,-2.80737892076608e-05,9.37121082556454e-09,9.68050144649777e-05,0,0,0,0,0,0,-2.80737892076608e-05,9.37121082556454e-09,9.68050144649777e-05,0,0,0,0,0,0,0,0,0,0
commonData,1,A,R,Relaxed,dimensionless state,study1_candidate_20260917/data/pilot_R_000.mat,pilot,0,stationary,0.5,derived pilot,After 100 initialization transitions,100,NaN,rateLimited,clean,(dimensionless state)^2,0.45,2,0.2,29,29,0,-3.62602587557221e-05,1.96927789656409e-08,0.000140330962248682,-0.0020220090439422,9.05398521107088e-06,0.00300898408288759,-0.00205826930269792,9.34519541494549e-06,0.0030569912356671,0,0,0,0,0,0,-0.00205826930269792,9.34519541494549e-06,0.0030569912356671,2.71517424908975e-07,2.71517424908975e-07,6.35274710440725e-22,6.35274710440725e-22,0,6.35274710440725e-21,0,6.35274710440725e-21,0,0
commonData,1,A,R,Relaxed,dimensionless state,study1_candidate_20260917/data/pilot_R_000.mat,pilot,0,stationary,0.5,derived pilot,After 100 initialization transitions,100,NaN,rateLimited,clean,(dimensionless state)^2,0.45,5,0.5,29,29,0,-6.296794319915e-05,5.282214207209e-08,0.00022983068131146,-0.0333611879810471,0.0026703430196596,0.0516753618241769,-0.0334241559242463,0.0026775180226618,0.0517447390819762,0,0,0,0,0,0,-0.0334241559242463,0.0026775180226618,0.0517447390819762,7.12218086012662e-06,7.12218086012662e-06,-2.33781093442187e-19,-2.33781093442187e-19,0,2.44961928345944e-18,0,2.44961928345944e-18,0,0
commonData,1,A,R,Relaxed,dimensionless state,study1_candidate_20260917/data/pilot_R_000.mat,pilot,0,stationary,0.5,derived pilot,After 100 initialization transitions,100,NaN,rateLimited,clean,(dimensionless state)^2,0.45,10,1,29,29,0,-0.000116366142941444,9.11039508928952e-08,0.000301834310330842,-0.0676226741118146,0.0128442335803328,0.11333240304667,-0.067739040254756,0.0128473124651701,0.113345985659705,0,0,0,0,0,0,-0.067739040254756,0.0128473124651701,0.113345985659705,2.98778088639518e-06,2.98778088639518e-06,-3.74303859391675e-18,-3.74303859391675e-18,0,7.34546971858929e-18,0,7.34546971858929e-18,0,0
commonData,1,A,R,Relaxed,dimensionless state,study1_candidate_20260917/data/pilot_R_000.mat,pilot,0,stationary,0.5,derived pilot,After 100 initialization transitions,100,NaN,rateLimited,clean,(dimensionless state)^2,0.45,20,2,29,29,0,-0.000125088727567712,9.21485923941837e-08,0.000303559866244179,-0.0880862654100063,0.0133210505553745,0.115416855594729,-0.0882113541375741,0.0133474293334263,0.115531075185105,0,0,0,0,0,0,-0.0882113541375741,0.0133474293334263,0.115531075185105,2.62866294593585e-05,2.62866294593585e-05,4.99749438880037e-18,4.99749438880037e-18,0,4.17417836406919e-18,0,4.17417836406919e-18,0,0
commonData,1,A,R,Relaxed,dimensionless state,study1_candidate_20260917/data/pilot_R_000.mat,pilot,0,stationary,0.5,derived pilot,After 200 initialization transitions,200,NaN,held,clean,(dimensionless state)^2,0.45,1,0.1,29,29,0,-4.43475616498336e-06,1.12327643800191e-09,3.35153164687716e-05,-1.43563322149805e-18,3.32056886963317e-35,5.76243773904167e-18,-4.43475616498479e-06,1.12327643800194e-09,3.35153164687719e-05,0,0,0,0,0,0,-4.43475616498479e-06,1.12327643800194e-09,3.35153164687719e-05,2.43599030063471e-23,2.43599030063471e-23,4.19250639340465e-26,4.19250639340465e-26,0,3.04698841977698e-26,0,3.04698841977698e-26,0,0
commonData,1,A,R,Relaxed,dimensionless state,study1_candidate_20260917/data/pilot_R_000.mat,pilot,0,stationary,0.5,derived pilot,After 200 initialization transitions,200,NaN,held,clean,(dimensionless state)^2,0.45,2,0.2,29,29,0,-7.71347257023923e-06,3.00195039706334e-09,5.47900574654138e-05,-1.43563322149805e-18,1.25517503272134e-33,3.54284494823205e-17,-7.71347257024067e-06,3.00195039706325e-09,5.47900574654129e-05,0,0,0,0,0,0,-7.71347257024067e-06,3.00195039706325e-09,5.47900574654129e-05,-9.17459185326921e-23,-9.17459185326921e-23,-4.84719768225612e-25,-4.84719768225612e-25,0,1.40246006852059e-24,0,1.40246006852059e-24,0,0
commonData,1,A,R,Relaxed,dimensionless state,study1_candidate_20260917/data/pilot_R_000.mat,pilot,0,stationary,0.5,derived pilot,After 200 initialization transitions,200,NaN,held,clean,(dimensionless state)^2,0.45,5,0.5,29,29,0,-1.31101684553247e-05,6.95887885027456e-09,8.34198948109775e-05,-1.24421545863164e-17,3.99796491903833e-33,6.32294624288261e-17,-1.31101684553372e-05,6.95887885027574e-09,8.34198948109846e-05,0,0,0,0,0,0,-1.31101684553372e-05,6.95887885027574e-09,8.34198948109846e-05,1.1773001185964e-21,1.1773001185964e-21,6.05073675115132e-25,6.05073675115132e-25,0,7.53128871199299e-25,0,7.53128871199299e-25,0,0
commonData,1,A,R,Relaxed,dimensionless state,study1_candidate_20260917/data/pilot_R_000.mat,pilot,0,stationary,0.5,derived pilot,After 200 initialization transitions,200,NaN,held,clean,(dimensionless state)^2,0.45,10,1,29,29,0,-1.5651054179158e-05,8.84087390864941e-09,9.40259214719505e-05,-4.78544407166016e-18,4.6355141420079e-33,6.80846101700516e-17,-1.56510541791627e-05,8.84087390864944e-09,9.40259214719507e-05,0,0,0,0,0,0,-1.56510541791627e-05,8.84087390864944e-09,9.40259214719507e-05,2.555841359219e-23,2.555841359219e-23,9.11366004871351e-25,9.11366004871351e-25,0,2.77561137212535e-24,0,2.77561137212535e-24,0,0
commonData,1,A,R,Relaxed,dimensionless state,study1_candidate_20260917/data/pilot_R_000.mat,pilot,0,stationary,0.5,derived pilot,After 200 initialization transitions,200,NaN,held,clean,(dimensionless state)^2,0.45,20,2,29,29,0,-1.61820770342239e-05,9.21234460860063e-09,9.59809596149186e-05,4.30689966449414e-18,5.00077671766755e-33,7.07161701286739e-17,-1.61820770342196e-05,9.21234460859861e-09,9.5980959614908e-05,0,0,0,0,0,0,-1.61820770342196e-05,9.21234460859861e-09,9.5980959614908e-05,-2.01795861713434e-21,-2.01795861713434e-21,-5.32516117536382e-24,-5.32516117536382e-24,0,1.60343218017571e-24,0,1.60343218017571e-24,0,0
commonData,1,A,R,Relaxed,dimensionless state,study1_candidate_20260917/data/pilot_R_000.mat,pilot,0,stationary,0.5,derived pilot,After 200 initialization transitions,200,NaN,rateLimited,clean,(dimensionless state)^2,0.45,1,0.1,29,29,0,-4.43475616498336e-06,1.12327643800191e-09,3.35153164687716e-05,-1.43563322149805e-18,3.32056886963317e-35,5.76243773904167e-18,-4.43475616498479e-06,1.12327643800194e-09,3.35153164687719e-05,0,0,0,0,0,0,-4.43475616498479e-06,1.12327643800194e-09,3.35153164687719e-05,2.43599030063471e-23,2.43599030063471e-23,4.19250639340465e-26,4.19250639340465e-26,0,3.04698841977698e-26,0,3.04698841977698e-26,0,0
commonData,1,A,R,Relaxed,dimensionless state,study1_candidate_20260917/data/pilot_R_000.mat,pilot,0,stationary,0.5,derived pilot,After 200 initialization transitions,200,NaN,rateLimited,clean,(dimensionless state)^2,0.45,2,0.2,29,29,0,-5.53146226459927e-06,2.51898716634091e-09,5.01895125134815e-05,-0.00202262258038843,9.06089291251982e-06,0.0030101317101615,-0.00202815404265303,9.14302063030071e-06,0.00302374281814785,0,0,0,0,0,0,-0.00202815404265303,9.14302063030071e-06,0.00302374281814785,7.96087306145535e-08,7.96087306145535e-08,3.83811804224605e-22,3.83811804224605e-22,0,2.5410988417629e-21,0,2.5410988417629e-21,0,0
commonData,1,A,R,Relaxed,dimensionless state,study1_candidate_20260917/data/pilot_R_000.mat,pilot,0,stationary,0.5,derived pilot,After 200 initialization transitions,200,NaN,rateLimited,clean,(dimensionless state)^2,0.45,5,0.5,29,29,0,-1.0903234032959e-05,7.3223985290141e-09,8.55710145377165e-05,-0.0333901816359323,0.00267493203721886,0.0517197451387656,-0.0334010848699653,0.00267726163445021,0.0517422615900215,0,0,0,0,0,0,-0.0334010848699653,0.00267726163445021,0.0517422615900215,2.3222748328166e-06,2.3222748328166e-06,4.07846364102946e-19,4.07846364102946e-19,0,3.12724564126288e-18,0,3.12724564126288e-18,0,0
commonData,1,A,R,Relaxed,dimensionless state,study1_candidate_20260917/data/pilot_R_000.mat,pilot,0,stationary,0.5,derived pilot,After 200 initialization transitions,200,NaN,rateLimited,clean,(dimensionless state)^2,0.45,10,1,29,29,0,-2.91692908895738e-05,1.02970651808533e-08,0.000101474455804667,-0.06769649241304,0.0128715524642784,0.113452864504509,-0.0677256617039295,0.0128697323090318,0.113444842584543,0,0,0,0,0,0,-0.0677256617039295,0.0128697323090318,0.113444842584543,-1.83045231178249e-06,-1.83045231178249e-06,-5.64759217581805e-19,-5.64759217581805e-19,0,1.31730563956989e-17,0,1.31730563956989e-17,0,0
commonData,1,A,R,Relaxed,dimensionless state,study1_candidate_20260917/data/pilot_R_000.mat,pilot,0,stationary,0.5,derived pilot,After 200 initialization transitions,200,NaN,rateLimited,clean,(dimensionless state)^2,0.45,20,2,29,29,0,-3.08386437953428e-05,1.09225138867065e-08,0.000104510831432472,-0.0881887001543559,0.0133517278595838,0.115549677020681,-0.0882195387981512,0.0133584377057491,0.11557870783907,0,0,0,0,0,0,-0.0882195387981512,0.0133584377057491,0.11557870783907,6.69892365144547e-06,6.69892365144547e-06,4.41981791877294e-18,4.41981791877294e-18,0,7.39629169542455e-18,0,7.39629169542455e-18,0,0
commonData,1,A,P2,Complete quadratic,dimensionless state,study1_candidate_20260917/data/pilot_P2_000.mat,pilot,0,stationary,0.5,derived pilot,After 25 initialization transitions,25,NaN,held,clean,(dimensionless state)^2,0.45,1,0.1,29,29,0,-0.000644268524457191,1.19739860206466e-06,0.00109425710053198,1.43563322149805e-18,1.09578772697894e-34,1.04679879966446e-17,-0.000644268524457189,1.19739860206467e-06,0.00109425710053199,0,0,0,0,0,0,-0.000644268524457189,1.19739860206467e-06,0.00109425710053199,5.38503447365072e-21,5.38503447365072e-21,1.20679683502123e-22,1.20679683502123e-22,0,1.45680009149784e-22,0,1.45680009149784e-22,0,0
commonData,1,A,P2,Complete quadratic,dimensionless state,study1_candidate_20260917/data/pilot_P2_000.mat,pilot,0,stationary,0.5,derived pilot,After 25 initialization transitions,25,NaN,held,clean,(dimensionless state)^2,0.45,2,0.2,29,29,0,-0.00135966643777656,3.72801039280509e-06,0.00193080563309855,-7.10941670396202e-05,9.16871841301083e-09,9.57534250719567e-05,-0.00143076060481618,3.94276212943232e-06,0.00198563897258095,0,0,0,0,0,0,-0.00143076060481618,3.94276212943232e-06,0.00198563897258095,2.05583018214219e-07,2.05583018214219e-07,-1.56171699650012e-21,-1.56171699650012e-21,0,5.29395592033938e-22,0,5.29395592033938e-22,0,0
commonData,1,A,P2,Complete quadratic,dimensionless state,study1_candidate_20260917/data/pilot_P2_000.mat,pilot,0,stationary,0.5,derived pilot,After 25 initialization transitions,25,NaN,held,clean,(dimensionless state)^2,0.45,5,0.5,29,29,0,-0.00269446054116388,1.20269673049126e-05,0.00346799182595816,-0.000697898451241306,8.92443969669636e-07,0.00094469252652365,-0.00339235899240518,1.74274789361524e-05,0.00417462320888393,0,0,0,0,0,0,-0.00339235899240518,1.74274789361524e-05,0.00417462320888393,4.50806766157013e-06,4.50806766157013e-06,1.6940658945086e-21,1.6940658945086e-21,0,3.3881317890172e-21,0,3.3881317890172e-21,0,0
commonData,1,A,P2,Complete quadratic,dimensionless state,study1_candidate_20260917/data/pilot_P2_000.mat,pilot,0,stationary,0.5,derived pilot,After 25 initialization transitions,25,NaN,held,clean,(dimensionless state)^2,0.45,10,1,29,29,0,-0.0032504263720404,1.78963961259715e-05,0.00423041323347631,-0.00148712439585468,4.1999930842987e-06,0.00204938846593287,-0.00473755076789508,3.44964328014554e-05,0.00587336639427981,0,0,0,0,0,0,-0.00473755076789508,3.44964328014554e-05,0.00587336639427981,1.24000435911852e-05,1.24000435911852e-05,5.0821976835258e-21,5.0821976835258e-21,0,6.7762635780344e-21,0,6.7762635780344e-21,0,0
commonData,1,A,P2,Complete quadratic,dimensionless state,study1_candidate_20260917/data/pilot_P2_000.mat,pilot,0,stationary,0.5,derived pilot,After 25 initialization transitions,25,NaN,held,clean,(dimensionless state)^2,0.45,20,2,29,29,0,-0.00332746639639339,1.92193069224328e-05,0.00438398299750727,-0.00177036659528149,6.10793220945678e-06,0.00247142311421108,-0.00509783299167488,4.08192224981353e-05,0.00638899229128783,0,0,0,0,0,0,-0.00509783299167488,4.08192224981353e-05,0.00638899229128783,1.54919833662457e-05,1.54919833662457e-05,-1.35525271560688e-20,-1.35525271560688e-20,0,1.35525271560688e-20,0,1.35525271560688e-20,0,0
commonData,1,A,P2,Complete quadratic,dimensionless state,study1_candidate_20260917/data/pilot_P2_000.mat,pilot,0,stationary,0.5,derived pilot,After 25 initialization transitions,25,NaN,rateLimited,clean,(dimensionless state)^2,0.45,1,0.1,29,29,0,-0.000644268524457191,1.19739860206466e-06,0.00109425710053198,1.43563322149805e-18,1.09578772697894e-34,1.04679879966446e-17,-0.000644268524457189,1.19739860206467e-06,0.00109425710053199,0,0,0,0,0,0,-0.000644268524457189,1.19739860206467e-06,0.00109425710053199,5.38503447365072e-21,5.38503447365072e-21,1.20679683502123e-22,1.20679683502123e-22,0,1.45680009149784e-22,0,1.45680009149784e-22,0,0
commonData,1,A,P2,Complete quadratic,dimensionless state,study1_candidate_20260917/data/pilot_P2_000.mat,pilot,0,stationary,0.5,derived pilot,After 25 initialization transitions,25,NaN,rateLimited,clean,(dimensionless state)^2,0.45,2,0.2,29,29,0,-0.000776425119869929,2.52360378937949e-06,0.00158858546807513,-0.00227908437942835,1.09649842339545e-05,0.00331134175734769,-0.00305550949929827,1.51127295611459e-05,0.00388750942907485,0,0,0,0,0,0,-0.00305550949929827,1.51127295611459e-05,0.00388750942907485,1.62414153781187e-06,1.62414153781187e-06,5.71747239396653e-21,5.71747239396653e-21,0,3.3881317890172e-21,0,3.3881317890172e-21,0,0
commonData,1,A,P2,Complete quadratic,dimensionless state,study1_candidate_20260917/data/pilot_P2_000.mat,pilot,0,stationary,0.5,derived pilot,After 25 initialization transitions,25,NaN,rateLimited,clean,(dimensionless state)^2,0.45,5,0.5,29,29,0,-0.00167897232772492,7.68026147286831e-06,0.00277132846715584,-0.0357911488234728,0.0030264577878489,0.0550132510205396,-0.0374701211511977,0.00310232075710105,0.0556984807432038,0,0,0,0,0,0,-0.0374701211511977,0.00310232075710105,0.0556984807432038,6.81827077792775e-05,6.81827077792775e-05,-1.21972744404619e-19,-1.21972744404619e-19,0,4.01154803819637e-18,0,4.01154803819637e-18,0,0
commonData,1,A,P2,Complete quadratic,dimensionless state,study1_candidate_20260917/data/pilot_P2_000.mat,pilot,0,stationary,0.5,derived pilot,After 25 initialization transitions,25,NaN,rateLimited,clean,(dimensionless state)^2,0.45,10,1,29,29,0,-0.0021052222855559,1.07938019298048e-05,0.00328539220334571,-0.074577786549147,0.0147193672994594,0.121323399636919,-0.0766830088347029,0.0148158102691567,0.121720213067332,0,0,0,0,0,0,-0.0766830088347029,0.0148158102691567,0.121720213067332,8.56491677674474e-05,8.56491677674474e-05,-1.45012040569936e-18,-1.45012040569936e-18,0,1.49619899803e-17,0,1.49619899803e-17,0,0
commonData,1,A,P2,Complete quadratic,dimensionless state,study1_candidate_20260917/data/pilot_P2_000.mat,pilot,0,stationary,0.5,derived pilot,After 25 initialization transitions,25,NaN,rateLimited,clean,(dimensionless state)^2,0.45,20,2,29,29,0,-0.00196417170230025,9.76788743272306e-06,0.00312536196827232,-0.0950415507986807,0.0151123629295264,0.122932351029037,-0.097005722500981,0.0155177254036891,0.124570162573905,0,0,0,0,0,0,-0.097005722500981,0.0155177254036891,0.124570162573905,0.000395594586730073,0.000395594586730073,-4.82469966756049e-18,-4.82469966756049e-18,0,5.20417042793042e-18,0,5.20417042793042e-18,0,0
commonData,1,A,P2,Complete quadratic,dimensionless state,study1_candidate_20260917/data/pilot_P2_000.mat,pilot,0,stationary,0.5,derived pilot,After 50 initialization transitions,50,NaN,held,clean,(dimensionless state)^2,0.45,1,0.1,29,29,0,-3.77756233281452e-05,1.89835141812089e-07,0.000435700748004968,4.18726356270264e-19,3.4243366468092e-36,1.85049632445169e-18,-3.77756233281448e-05,1.89835141812089e-07,0.000435700748004968,0,0,0,0,0,0,-3.77756233281448e-05,1.89835141812089e-07,0.000435700748004968,-1.70697657334405e-22,-1.70697657334405e-22,1.18789797242204e-23,1.18789797242204e-23,0,4.92905068704268e-24,0,4.92905068704268e-24,0,0
commonData,1,A,P2,Complete quadratic,dimensionless state,study1_candidate_20260917/data/pilot_P2_000.mat,pilot,0,stationary,0.5,derived pilot,After 50 initialization transitions,50,NaN,held,clean,(dimensionless state)^2,0.45,2,0.2,29,29,0,-0.000210541153340865,4.77116291593254e-07,0.000690736050596213,-3.43899775630993e-05,2.14291133182268e-09,4.62915902926512e-05,-0.000244931130903964,4.94427421802696e-07,0.000703155332627647,0,0,0,0,0,0,-0.000244931130903964,4.94427421802696e-07,0.000703155332627647,1.51682188776194e-08,1.51682188776194e-08,4.96308367531817e-23,4.96308367531817e-23,0,1.31625114972501e-22,0,1.31625114972501e-22,0,0
commonData,1,A,P2,Complete quadratic,dimensionless state,study1_candidate_20260917/data/pilot_P2_000.mat,pilot,0,stationary,0.5,derived pilot,After 50 initialization transitions,50,NaN,held,clean,(dimensionless state)^2,0.45,5,0.5,29,29,0,-0.000632924276627442,1.40986591420285e-06,0.00118737774705561,-0.00033723948553547,2.0766906194897e-07,0.000455707210771313,-0.000970163762162912,2.19401354286577e-06,0.00148122028843308,0,0,0,0,0,0,-0.000970163762162912,2.19401354286577e-06,0.00148122028843308,5.76478566713951e-07,5.76478566713951e-07,-6.35274710440725e-22,-6.35274710440725e-22,0,4.2351647362715e-22,0,4.2351647362715e-22,0,0
commonData,1,A,P2,Complete quadratic,dimensionless state,study1_candidate_20260917/data/pilot_P2_000.mat,pilot,0,stationary,0.5,derived pilot,After 50 initialization transitions,50,NaN,held,clean,(dimensionless state)^2,0.45,10,1,29,29,0,-0.000833055369574307,2.19805645816542e-06,0.00148258438483798,-0.000717412060541482,9.71004586925461e-07,0.000985395649942429,-0.00155046743011579,4.96478634529877e-06,0.00222818005226211,0,0,0,0,0,0,-0.00155046743011579,4.96478634529877e-06,0.00222818005226211,1.79572530020789e-06,1.79572530020789e-06,0,0,0,1.6940658945086e-21,0,1.6940658945086e-21,0,0
commonData,1,A,P2,Complete quadratic,dimensionless state,study1_candidate_20260917/data/pilot_P2_000.mat,pilot,0,stationary,0.5,derived pilot,After 50 initialization transitions,50,NaN,held,clean,(dimensionless state)^2,0.45,20,2,29,29,0,-0.000862482640706544,2.39604618757868e-06,0.0015479167250142,-0.000852541440948806,1.40412840283331e-06,0.00118495924100085,-0.00171502408165535,6.11054116649394e-06,0.00247195088270255,0,0,0,0,0,0,-0.00171502408165535,6.11054116649394e-06,0.00247195088270255,2.31036657608194e-06,2.31036657608194e-06,4.2351647362715e-22,4.2351647362715e-22,0,1.6940658945086e-21,0,1.6940658945086e-21,0,0
commonData,1,A,P2,Complete quadratic,dimensionless state,study1_candidate_20260917/data/pilot_P2_000.mat,pilot,0,stationary,0.5,derived pilot,After 50 initialization transitions,50,NaN,rateLimited,clean,(dimensionless state)^2,0.45,1,0.1,29,29,0,-3.77756233281452e-05,1.89835141812089e-07,0.000435700748004968,4.18726356270264e-19,3.4243366468092e-36,1.85049632445169e-18,-3.77756233281448e-05,1.89835141812089e-07,0.000435700748004968,0,0,0,0,0,0,-3.77756233281448e-05,1.89835141812089e-07,0.000435700748004968,-1.70697657334405e-22,-1.70697657334405e-22,1.18789797242204e-23,1.18789797242204e-23,0,4.92905068704268e-24,0,4.92905068704268e-24,0,0
commonData,1,A,P2,Complete quadratic,dimensionless state,study1_candidate_20260917/data/pilot_P2_000.mat,pilot,0,stationary,0.5,derived pilot,After 50 initialization transitions,50,NaN,rateLimited,clean,(dimensionless state)^2,0.45,2,0.2,29,29,0,5.33009608533287e-05,4.73160994191471e-07,0.000687866988735083,-0.00208836980818208,9.47254398096931e-06,0.00307774982429848,-0.00203506884732876,8.80676119115891e-06,0.00296761877456639,0,0,0,0,0,0,-0.00203506884732876,8.80676119115891e-06,0.00296761877456639,-1.13894378400187e-06,-1.13894378400187e-06,1.27054942088145e-21,1.27054942088145e-21,0,2.96461531539005e-21,0,2.96461531539005e-21,0,0
commonData,1,A,P2,Complete quadratic,dimensionless state,study1_candidate_20260917/data/pilot_P2_000.mat,pilot,0,stationary,0.5,derived pilot,After 50 initialization transitions,50,NaN,rateLimited,clean,(dimensionless state)^2,0.45,5,0.5,29,29,0,-0.000341699771960328,1.03032867440995e-06,0.00101505106985312,-0.0341917159428981,0.00277561086807806,0.0526840665484173,-0.0345334157148585,0.00279234298883733,0.0528426247345581,0,0,0,0,0,0,-0.0345334157148585,0.00279234298883733,0.0528426247345581,1.57017920848639e-05,1.57017920848639e-05,-1.01643953670516e-18,-1.01643953670516e-18,0,1.21972744404619e-18,0,1.21972744404619e-18,0,0
commonData,1,A,P2,Complete quadratic,dimensionless state,study1_candidate_20260917/data/pilot_P2_000.mat,pilot,0,stationary,0.5,derived pilot,After 50 initialization transitions,50,NaN,rateLimited,clean,(dimensionless state)^2,0.45,10,1,29,29,0,-0.000552957537177413,1.45766390624516e-06,0.00120733752788736,-0.0703009141574418,0.013518725587337,0.116270054559792,-0.0708538716946192,0.0135094565674481,0.116230187849147,0,0,0,0,0,0,-0.0708538716946192,0.0135094565674481,0.116230187849147,-1.07266837952195e-05,-1.07266837952195e-05,-1.42640348317624e-18,-1.42640348317624e-18,0,7.15573433840433e-18,0,7.15573433840433e-18,0,0
commonData,1,A,P2,Complete quadratic,dimensionless state,study1_candidate_20260917/data/pilot_P2_000.mat,pilot,0,stationary,0.5,derived pilot,After 50 initialization transitions,50,NaN,rateLimited,clean,(dimensionless state)^2,0.45,20,2,29,29,0,-0.000550344728292678,1.60184898775689e-06,0.00126564172962055,-0.0906701812637233,0.0139760705922564,0.118220432211426,-0.091220525992016,0.0140892123363885,0.118697987920556,0,0,0,0,0,0,-0.091220525992016,0.0140892123363885,0.118697987920556,0.000111539895144326,0.000111539895144326,-5.82758667710959e-19,-5.82758667710959e-19,0,7.2099444470286e-18,0,7.2099444470286e-18,0,0
commonData,1,A,P2,Complete quadratic,dimensionless state,study1_candidate_20260917/data/pilot_P2_000.mat,pilot,0,stationary,0.5,derived pilot,After 100 initialization transitions,100,NaN,held,clean,(dimensionless state)^2,0.45,1,0.1,29,29,0,-2.50601998604077e-05,3.1131695805702e-08,0.000176441763212971,-1.97399567955982e-18,1.1964424708397e-34,1.09382012727857e-17,-2.50601998604097e-05,3.11316958057032e-08,0.000176441763212974,0,0,0,0,0,0,-2.50601998604097e-05,3.11316958057032e-08,0.000176441763212974,1.15213349162414e-21,1.15213349162414e-21,-7.31552385087081e-24,-7.31552385087081e-24,0,2.67497580404509e-24,0,2.67497580404509e-24,0,0
commonData,1,A,P2,Complete quadratic,dimensionless state,study1_candidate_20260917/data/pilot_P2_000.mat,pilot,0,stationary,0.5,derived pilot,After 100 initialization transitions,100,NaN,held,clean,(dimensionless state)^2,0.45,2,0.2,29,29,0,-0.00011318453186015,7.64646913780337e-08,0.000276522497055906,-1.6176577492488e-05,4.74712542153139e-10,2.17878989843706e-05,-0.000129361109352638,7.96667823261644e-08,0.00028225304661981,0,0,0,0,0,0,-0.000129361109352638,7.96667823261644e-08,0.00028225304661981,2.72737840597764e-09,2.72737840597764e-09,-1.28212994945719e-23,-1.28212994945719e-23,0,2.15066959263787e-23,0,2.15066959263787e-23,0,0
commonData,1,A,P2,Complete quadratic,dimensionless state,study1_candidate_20260917/data/pilot_P2_000.mat,pilot,0,stationary,0.5,derived pilot,After 100 initialization transitions,100,NaN,held,clean,(dimensionless state)^2,0.45,5,0.5,29,29,0,-0.000325556070036707,2.41335098732138e-07,0.000491258688200156,-0.000158609302294346,4.59251825347303e-08,0.000214301615800559,-0.000484165372331053,4.10131150981559e-07,0.000640414827265546,0,0,0,0,0,0,-0.000484165372331053,4.10131150981559e-07,0.000640414827265546,1.2287086971469e-07,1.2287086971469e-07,-2.64697796016969e-23,-2.64697796016969e-23,0,1.05879118406788e-22,0,1.05879118406788e-22,0,0
commonData,1,A,P2,Complete quadratic,dimensionless state,study1_candidate_20260917/data/pilot_P2_000.mat,pilot,0,stationary,0.5,derived pilot,After 100 initialization transitions,100,NaN,held,clean,(dimensionless state)^2,0.45,10,1,29,29,0,-0.000427176985395916,3.91143082106171e-07,0.000625414328350551,-0.000337224742942324,2.14089863834832e-07,0.000462698458863689,-0.00076440172833824,9.95102591767532e-07,0.000997548290443892,0,0,0,0,0,0,-0.00076440172833824,9.95102591767532e-07,0.000997548290443892,3.89869645826529e-07,3.89869645826529e-07,2.11758236813575e-22,2.11758236813575e-22,0,4.2351647362715e-22,0,4.2351647362715e-22,0,0
commonData,1,A,P2,Complete quadratic,dimensionless state,study1_candidate_20260917/data/pilot_P2_000.mat,pilot,0,stationary,0.5,derived pilot,After 100 initialization transitions,100,NaN,held,clean,(dimensionless state)^2,0.45,20,2,29,29,0,-0.000442817517833882,4.29150632688785e-07,0.000655095895796017,-0.000400435042111457,3.08742348654155e-07,0.000555645884223176,-0.000843252559945339,1.24005710338997e-06,0.00111357851244983,0,0,0,0,0,0,-0.000843252559945339,1.24005710338997e-06,0.00111357851244983,5.02164122047025e-07,5.02164122047025e-07,-2.11758236813575e-22,-2.11758236813575e-22,0,4.2351647362715e-22,0,4.2351647362715e-22,0,0
commonData,1,A,P2,Complete quadratic,dimensionless state,study1_candidate_20260917/data/pilot_P2_000.mat,pilot,0,stationary,0.5,derived pilot,After 100 initialization transitions,100,NaN,rateLimited,clean,(dimensionless state)^2,0.45,1,0.1,29,29,0,-2.50601998604077e-05,3.1131695805702e-08,0.000176441763212971,-1.97399567955982e-18,1.1964424708397e-34,1.09382012727857e-17,-2.50601998604097e-05,3.11316958057032e-08,0.000176441763212974,0,0,0,0,0,0,-2.50601998604097e-05,3.11316958057032e-08,0.000176441763212974,1.15213349162414e-21,1.15213349162414e-21,-7.31552385087081e-24,-7.31552385087081e-24,0,2.67497580404509e-24,0,2.67497580404509e-24,0,0
commonData,1,A,P2,Complete quadratic,dimensionless state,study1_candidate_20260917/data/pilot_P2_000.mat,pilot,0,stationary,0.5,derived pilot,After 100 initialization transitions,100,NaN,rateLimited,clean,(dimensionless state)^2,0.45,2,0.2,29,29,0,2.21829210675873e-05,9.36804718353923e-08,0.000306072657771635,-0.00204256791718768,9.16141982368921e-06,0.00302678374247141,-0.0020203849961201,8.51092324678615e-06,0.0029173486673324,0,0,0,0,0,0,-0.0020203849961201,8.51092324678615e-06,0.0029173486673324,-7.44177048738453e-07,-7.44177048738453e-07,6.35274710440725e-22,6.35274710440725e-22,0,3.59989002583078e-21,0,3.59989002583078e-21,0,0
commonData,1,A,P2,Complete quadratic,dimensionless state,study1_candidate_20260917/data/pilot_P2_000.mat,pilot,0,stationary,0.5,derived pilot,After 100 initialization transitions,100,NaN,rateLimited,clean,(dimensionless state)^2,0.45,5,0.5,29,29,0,-0.000213096263429556,1.86951465859413e-07,0.000432378845295897,-0.033660375657605,0.00270389574730733,0.0519989975606005,-0.0338734719210346,0.00271378687610773,0.0520940195810203,0,0,0,0,0,0,-0.0338734719210346,0.00271378687610773,0.0520940195810203,9.70417733453596e-06,9.70417733453596e-06,-3.150962563786e-19,-3.150962563786e-19,0,9.38512505557765e-19,0,9.38512505557765e-19,0,0
commonData,1,A,P2,Complete quadratic,dimensionless state,study1_candidate_20260917/data/pilot_P2_000.mat,pilot,0,stationary,0.5,derived pilot,After 100 initialization transitions,100,NaN,rateLimited,clean,(dimensionless state)^2,0.45,10,1,29,29,0,-0.000329620961784257,2.93527108823527e-07,0.000541781421630095,-0.0687201866057162,0.0131014790938623,0.114461692691757,-0.0690498075675004,0.0131158231698136,0.114524334400221,0,0,0,0,0,0,-0.0690498075675004,0.0131158231698136,0.114524334400221,1.40505488425015e-05,1.40505488425015e-05,-7.03037346221069e-19,-7.03037346221069e-19,0,2.7376104855259e-18,0,2.7376104855259e-18,0,0
commonData,1,A,P2,Complete quadratic,dimensionless state,study1_candidate_20260917/data/pilot_P2_000.mat,pilot,0,stationary,0.5,derived pilot,After 100 initialization transitions,100,NaN,rateLimited,clean,(dimensionless state)^2,0.45,20,2,29,29,0,-0.00033645896892352,3.516461514608e-07,0.000592997598191426,-0.0891195696198715,0.0135758706620251,0.11651553828578,-0.0894560285887951,0.0136415216083233,0.116796924652678,0,0,0,0,0,0,-0.0894560285887951,0.0136415216083233,0.116796924652678,6.52993001466653e-05,6.52993001466653e-05,4.87890977618477e-19,4.87890977618477e-19,0,5.09575021068187e-18,0,5.09575021068187e-18,0,0
commonData,1,A,P2,Complete quadratic,dimensionless state,study1_candidate_20260917/data/pilot_P2_000.mat,pilot,0,stationary,0.5,derived pilot,After 200 initialization transitions,200,NaN,held,clean,(dimensionless state)^2,0.45,1,0.1,29,29,0,-1.29631775599566e-05,8.15093352014339e-09,9.02825205681775e-05,7.17816610749024e-19,8.30142217408291e-36,2.88121886952083e-18,-1.29631775599559e-05,8.15093352014331e-09,9.0282520568177e-05,0,0,0,0,0,0,-1.29631775599559e-05,8.15093352014331e-09,9.0282520568177e-05,-8.48821169668595e-23,-8.48821169668595e-23,5.09694486442376e-25,5.09694486442376e-25,0,4.11980882648074e-25,0,4.11980882648074e-25,0,0
commonData,1,A,P2,Complete quadratic,dimensionless state,study1_candidate_20260917/data/pilot_P2_000.mat,pilot,0,stationary,0.5,derived pilot,After 200 initialization transitions,200,NaN,held,clean,(dimensionless state)^2,0.45,2,0.2,29,29,0,-5.76848111021517e-05,1.92719113092305e-08,0.000138823309675394,-8.43889986681251e-06,1.29245101057825e-10,1.13686015436299e-05,-6.61237109689642e-05,2.02208499719935e-08,0.000142200035063264,0,0,0,0,0,0,-6.61237109689642e-05,2.02208499719935e-08,0.000142200035063264,8.1969356170518e-10,8.1969356170518e-10,6.72084247699335e-24,6.72084247699335e-24,0,5.04063185774501e-24,0,5.04063185774501e-24,0,0
commonData,1,A,P2,Complete quadratic,dimensionless state,study1_candidate_20260917/data/pilot_P2_000.mat,pilot,0,stationary,0.5,derived pilot,After 200 initialization transitions,200,NaN,held,clean,(dimensionless state)^2,0.45,5,0.5,29,29,0,-0.000164237715263779,5.91425111799322e-08,0.000243192333719491,-8.2698499305232e-05,1.24831719485315e-08,0.000111728116195215,-0.000246936214569011,1.04535682600773e-07,0.00032331978380664,0,0,0,0,0,0,-0.000246936214569011,1.04535682600773e-07,0.00032331978380664,3.29099994723089e-08,3.29099994723089e-08,-1.32348898008484e-23,-1.32348898008484e-23,0,2.64697796016969e-23,0,2.64697796016969e-23,0,0
commonData,1,A,P2,Complete quadratic,dimensionless state,study1_candidate_20260917/data/pilot_P2_000.mat,pilot,0,stationary,0.5,derived pilot,After 200 initialization transitions,200,NaN,held,clean,(dimensionless state)^2,0.45,10,1,29,29,0,-0.000214146964289893,9.74955821722294e-08,0.000312242825653736,-0.000175723076751784,5.80826479644995e-08,0.000241003418989232,-0.000389870041041677,2.57436022898579e-07,0.000507381535827408,0,0,0,0,0,0,-0.000389870041041677,2.57436022898579e-07,0.000507381535827408,1.0185779276185e-07,1.0185779276185e-07,-1.32348898008484e-23,-1.32348898008484e-23,0,5.29395592033938e-23,0,5.29395592033938e-23,0,0
commonData,1,A,P2,Complete quadratic,dimensionless state,study1_candidate_20260917/data/pilot_P2_000.mat,pilot,0,stationary,0.5,derived pilot,After 200 initialization transitions,200,NaN,held,clean,(dimensionless state)^2,0.45,20,2,29,29,0,-0.000221481750159262,1.08265569326238e-07,0.000329037337282926,-0.000208563932268969,8.36463372688493e-08,0.000289216765193253,-0.000430045682428231,3.21820655006398e-07,0.000567292389342919,0,0,0,0,0,0,-0.000430045682428231,3.21820655006398e-07,0.000567292389342919,1.29908748411311e-07,1.29908748411311e-07,-7.94093388050907e-23,-7.94093388050907e-23,0,1.05879118406788e-22,0,1.05879118406788e-22,0,0
commonData,1,A,P2,Complete quadratic,dimensionless state,study1_candidate_20260917/data/pilot_P2_000.mat,pilot,0,stationary,0.5,derived pilot,After 200 initialization transitions,200,NaN,rateLimited,clean,(dimensionless state)^2,0.45,1,0.1,29,29,0,-1.29631775599566e-05,8.15093352014339e-09,9.02825205681775e-05,7.17816610749024e-19,8.30142217408291e-36,2.88121886952083e-18,-1.29631775599559e-05,8.15093352014331e-09,9.0282520568177e-05,0,0,0,0,0,0,-1.29631775599559e-05,8.15093352014331e-09,9.0282520568177e-05,-8.48821169668595e-23,-8.48821169668595e-23,5.09694486442376e-25,5.09694486442376e-25,0,4.11980882648074e-25,0,4.11980882648074e-25,0,0
commonData,1,A,P2,Complete quadratic,dimensionless state,study1_candidate_20260917/data/pilot_P2_000.mat,pilot,0,stationary,0.5,derived pilot,After 200 initialization transitions,200,NaN,rateLimited,clean,(dimensionless state)^2,0.45,2,0.2,29,29,0,7.77408595296448e-06,2.2549245826916e-08,0.000150164063034123,-0.00203587679708265,9.13749277671104e-06,0.0030228286052489,-0.00202810271112969,8.82407709055797e-06,0.00297053481557749,0,0,0,0,0,0,-0.00202810271112969,8.82407709055797e-06,0.00297053481557749,-3.35964931979982e-07,-3.35964931979982e-07,-5.29395592033938e-22,-5.29395592033938e-22,0,4.2351647362715e-21,0,4.2351647362715e-21,0,0
commonData,1,A,P2,Complete quadratic,dimensionless state,study1_candidate_20260917/data/pilot_P2_000.mat,pilot,0,stationary,0.5,derived pilot,After 200 initialization transitions,200,NaN,rateLimited,clean,(dimensionless state)^2,0.45,5,0.5,29,29,0,-9.85288337458727e-05,4.07539369578927e-08,0.000201876043546263,-0.033565916380038,0.00269584154209616,0.0519214940279665,-0.0336644452137839,0.00269916948194852,0.0519535319487378,0,0,0,0,0,0,-0.0336644452137839,0.00269916948194852,0.0519535319487378,3.28718591539904e-06,3.28718591539904e-06,6.06052073760452e-19,6.06052073760452e-19,0,6.67461962436389e-19,0,6.67461962436389e-19,0,0
commonData,1,A,P2,Complete quadratic,dimensionless state,study1_candidate_20260917/data/pilot_P2_000.mat,pilot,0,stationary,0.5,derived pilot,After 200 initialization transitions,200,NaN,rateLimited,clean,(dimensionless state)^2,0.45,10,1,29,29,0,-0.000141377573386864,6.29858989261834e-08,0.000250969916376811,-0.0683028947952856,0.0130162119095951,0.114088614285542,-0.0684442723686725,0.0130204079178846,0.114107002054583,0,0,0,0,0,0,-0.0684442723686725,0.0130204079178846,0.114107002054583,4.13302239062706e-06,4.13302239062706e-06,2.14045225771162e-18,2.14045225771162e-18,0,5.59719371545642e-18,0,5.59719371545642e-18,0,0
commonData,1,A,P2,Complete quadratic,dimensionless state,study1_candidate_20260917/data/pilot_P2_000.mat,pilot,0,stationary,0.5,derived pilot,After 200 initialization transitions,200,NaN,rateLimited,clean,(dimensionless state)^2,0.45,20,2,29,29,0,-0.000141831959652526,6.6795706359178e-08,0.000258448653235373,-0.0887638226465447,0.0134935366668665,0.11616168329904,-0.0889056546061973,0.0135209376693439,0.116279566860837,0,0,0,0,0,0,-0.0889056546061973,0.0135209376693439,0.116279566860837,2.73342067710648e-05,2.73342067710648e-05,-2.37846851589008e-18,-2.37846851589008e-18,0,5.33969569949111e-18,0,5.33969569949111e-18,0,0
commonData,1,A,K,Known-model reference,dimensionless state,study1_candidate_20260917/data/pilot_K_000.mat,pilot,0,stationary,0.5,derived pilot,After 25 initialization transitions,25,NaN,held,clean,(dimensionless state)^2,0.45,1,0.1,29,29,0,8.13525492182227e-18,1.2817395836784e-33,3.58013908064813e-17,-9.57088814332031e-19,1.32822754785327e-35,3.64448562605653e-18,7.17816610749024e-18,1.2817395836784e-33,3.58013908064813e-17,0,0,0,0,0,0,7.17816610749024e-18,1.2817395836784e-33,3.58013908064813e-17,-1.32822754785327e-35,-1.32822754785327e-35,0,0,0,0,0,0,0,0
commonData,1,A,K,Known-model reference,dimensionless state,study1_candidate_20260917/data/pilot_K_000.mat,pilot,0,stationary,0.5,derived pilot,After 25 initialization transitions,25,NaN,held,clean,(dimensionless state)^2,0.45,2,0.2,29,29,0,2.39272203583008e-18,4.05109402095246e-34,2.01273297308721e-17,5.26398847882617e-18,5.42580953298059e-33,7.36600945762398e-17,7.65671051465625e-18,6.22938719943182e-33,7.89264670400989e-17,0,0,0,0,0,0,7.65671051465625e-18,6.22938719943182e-33,7.89264670400989e-17,3.9846826435598e-34,3.9846826435598e-34,2.56585412168851e-49,2.56585412168851e-49,0,0,0,0,0,0
commonData,1,A,K,Known-model reference,dimensionless state,study1_candidate_20260917/data/pilot_K_000.mat,pilot,0,stationary,0.5,derived pilot,After 25 initialization transitions,25,NaN,held,clean,(dimensionless state)^2,0.45,5,0.5,29,29,0,9.57088814332032e-18,1.221969344025e-33,3.4956678103404e-17,2.39272203583008e-17,1.27111376329558e-32,1.12743681122073e-16,3.34981085016211e-17,1.62176583592884e-32,1.27348570307202e-16,0,0,0,0,0,0,3.34981085016211e-17,1.62176583592884e-32,1.27348570307202e-16,2.28455138230762e-33,2.28455138230762e-33,-6.84227765783602e-49,-6.84227765783602e-49,0,0,0,0,0,0
commonData,1,A,K,Known-model reference,dimensionless state,study1_candidate_20260917/data/pilot_K_000.mat,pilot,0,stationary,0.5,derived pilot,After 25 initialization transitions,25,NaN,held,clean,(dimensionless state)^2,0.45,10,1,29,29,0,1.91417762866406e-17,3.08148791101958e-33,5.55111512312578e-17,1.86632318794746e-17,1.80971003395008e-32,1.34525463535722e-16,3.78050081661152e-17,1.75126802184453e-32,1.32335483595464e-16,0,0,0,0,0,0,3.78050081661152e-17,1.75126802184453e-32,1.32335483595464e-16,-3.66590803207501e-33,-3.66590803207501e-33,-1.3684555315672e-48,-1.3684555315672e-48,0,0,0,0,0,0
commonData,1,A,K,Known-model reference,dimensionless state,study1_candidate_20260917/data/pilot_K_000.mat,pilot,0,stationary,0.5,derived pilot,After 25 initialization transitions,25,NaN,held,clean,(dimensionless state)^2,0.45,20,2,29,29,0,2.48843091726328e-17,3.82529533781741e-33,6.18489720029153e-17,1.67490542508106e-17,1.74064220146171e-32,1.31933399920631e-16,4.16333634234434e-17,2.15504919639192e-32,1.46800858185227e-16,0,0,0,0,0,0,4.16333634234434e-17,2.15504919639192e-32,1.46800858185227e-16,3.18774611484784e-34,3.18774611484784e-34,1.32569129620573e-48,1.32569129620573e-48,0,0,0,0,0,0
commonData,1,A,K,Known-model reference,dimensionless state,study1_candidate_20260917/data/pilot_K_000.mat,pilot,0,stationary,0.5,derived pilot,After 25 initialization transitions,25,NaN,rateLimited,clean,(dimensionless state)^2,0.45,1,0.1,29,29,0,8.13525492182227e-18,1.2817395836784e-33,3.58013908064813e-17,-9.57088814332031e-19,1.32822754785327e-35,3.64448562605653e-18,7.17816610749024e-18,1.2817395836784e-33,3.58013908064813e-17,0,0,0,0,0,0,7.17816610749024e-18,1.2817395836784e-33,3.58013908064813e-17,-1.32822754785327e-35,-1.32822754785327e-35,0,0,0,0,0,0,0,0
commonData,1,A,K,Known-model reference,dimensionless state,study1_candidate_20260917/data/pilot_K_000.mat,pilot,0,stationary,0.5,derived pilot,After 25 initialization transitions,25,NaN,rateLimited,clean,(dimensionless state)^2,0.45,2,0.2,29,29,0,3.34981085016211e-18,4.31673953052311e-34,2.07767647397835e-17,-0.00202209124097347,9.0570548388741e-06,0.00300949411677014,-0.00202209124097347,9.05705483887409e-06,0.00300949411677014,0,0,0,0,0,0,-0.00202209124097347,9.05705483887409e-06,0.00300949411677014,-1.20906723498589e-20,-1.20906723498589e-20,2.32211088298657e-22,2.32211088298657e-22,0,3.54067130990421e-22,0,3.54067130990421e-22,0,0
commonData,1,A,K,Known-model reference,dimensionless state,study1_candidate_20260917/data/pilot_K_000.mat,pilot,0,stationary,0.5,derived pilot,After 25 initialization transitions,25,NaN,rateLimited,clean,(dimensionless state)^2,0.45,5,0.5,29,29,0,1.81846874723086e-17,2.15172862752229e-33,4.63867290021865e-17,-0.0333906345328838,0.00267498119031515,0.0517202203235364,-0.0333906345328838,0.00267498119031514,0.0517202203235364,0,0,0,0,0,0,-0.0333906345328838,0.00267498119031514,0.0517202203235364,-2.14445559354665e-18,-2.14445559354665e-18,4.09732117569845e-19,4.09732117569845e-19,0,1.49064093406289e-18,0,1.49064093406289e-18,0,0
commonData,1,A,K,Known-model reference,dimensionless state,study1_candidate_20260917/data/pilot_K_000.mat,pilot,0,stationary,0.5,derived pilot,After 25 initialization transitions,25,NaN,rateLimited,clean,(dimensionless state)^2,0.45,10,1,29,29,0,2.65592145977139e-17,5.63334508733266e-33,7.5055613296626e-17,-0.0677031418475701,0.0128736034000898,0.113461902857698,-0.0677031418475701,0.0128736034000898,0.113461902857698,0,0,0,0,0,0,-0.0677031418475701,0.0128736034000898,0.113461902857698,-1.36901302545136e-18,-1.36901302545136e-18,1.36901302545136e-18,1.36901302545136e-18,0,6.38399928823288e-18,0,6.38399928823288e-18,0,0
commonData,1,A,K,Known-model reference,dimensionless state,study1_candidate_20260917/data/pilot_K_000.mat,pilot,0,stationary,0.5,derived pilot,After 25 initialization transitions,25,NaN,rateLimited,clean,(dimensionless state)^2,0.45,20,2,29,29,0,2.34486759511348e-17,2.76935443727406e-33,5.26246561725021e-17,-0.0882008650892207,0.0133552062201972,0.115564727405023,-0.0882008650892207,0.0133552062201972,0.115564727405023,0,0,0,0,0,0,-0.0882008650892207,0.0133552062201972,0.115564727405023,-3.29833390520093e-18,-3.29833390520093e-18,-1.71113046752689e-19,-1.71113046752689e-19,0,6.26044998022103e-18,0,6.26044998022103e-18,0,0
commonData,1,A,K,Known-model reference,dimensionless state,study1_candidate_20260917/data/pilot_K_000.mat,pilot,0,stationary,0.5,derived pilot,After 50 initialization transitions,50,NaN,held,clean,(dimensionless state)^2,0.45,1,0.1,29,29,0,8.13525492182227e-18,1.2817395836784e-33,3.58013908064813e-17,-9.57088814332031e-19,1.32822754785327e-35,3.64448562605653e-18,7.17816610749024e-18,1.2817395836784e-33,3.58013908064813e-17,0,0,0,0,0,0,7.17816610749024e-18,1.2817395836784e-33,3.58013908064813e-17,-1.32822754785327e-35,-1.32822754785327e-35,0,0,0,0,0,0,0,0
commonData,1,A,K,Known-model reference,dimensionless state,study1_candidate_20260917/data/pilot_K_000.mat,pilot,0,stationary,0.5,derived pilot,After 50 initialization transitions,50,NaN,held,clean,(dimensionless state)^2,0.45,2,0.2,29,29,0,2.39272203583008e-18,4.05109402095246e-34,2.01273297308721e-17,5.26398847882617e-18,5.42580953298059e-33,7.36600945762398e-17,7.65671051465625e-18,6.22938719943182e-33,7.89264670400989e-17,0,0,0,0,0,0,7.65671051465625e-18,6.22938719943182e-33,7.89264670400989e-17,3.9846826435598e-34,3.9846826435598e-34,2.56585412168851e-49,2.56585412168851e-49,0,0,0,0,0,0
commonData,1,A,K,Known-model reference,dimensionless state,study1_candidate_20260917/data/pilot_K_000.mat,pilot,0,stationary,0.5,derived pilot,After 50 initialization transitions,50,NaN,held,clean,(dimensionless state)^2,0.45,5,0.5,29,29,0,9.57088814332032e-18,1.221969344025e-33,3.4956678103404e-17,2.39272203583008e-17,1.27111376329558e-32,1.12743681122073e-16,3.34981085016211e-17,1.62176583592884e-32,1.27348570307202e-16,0,0,0,0,0,0,3.34981085016211e-17,1.62176583592884e-32,1.27348570307202e-16,2.28455138230762e-33,2.28455138230762e-33,-6.84227765783602e-49,-6.84227765783602e-49,0,0,0,0,0,0
commonData,1,A,K,Known-model reference,dimensionless state,study1_candidate_20260917/data/pilot_K_000.mat,pilot,0,stationary,0.5,derived pilot,After 50 initialization transitions,50,NaN,held,clean,(dimensionless state)^2,0.45,10,1,29,29,0,1.91417762866406e-17,3.08148791101958e-33,5.55111512312578e-17,1.86632318794746e-17,1.80971003395008e-32,1.34525463535722e-16,3.78050081661152e-17,1.75126802184453e-32,1.32335483595464e-16,0,0,0,0,0,0,3.78050081661152e-17,1.75126802184453e-32,1.32335483595464e-16,-3.66590803207501e-33,-3.66590803207501e-33,-1.3684555315672e-48,-1.3684555315672e-48,0,0,0,0,0,0
commonData,1,A,K,Known-model reference,dimensionless state,study1_candidate_20260917/data/pilot_K_000.mat,pilot,0,stationary,0.5,derived pilot,After 50 initialization transitions,50,NaN,held,clean,(dimensionless state)^2,0.45,20,2,29,29,0,2.48843091726328e-17,3.82529533781741e-33,6.18489720029153e-17,1.67490542508106e-17,1.74064220146171e-32,1.31933399920631e-16,4.16333634234434e-17,2.15504919639192e-32,1.46800858185227e-16,0,0,0,0,0,0,4.16333634234434e-17,2.15504919639192e-32,1.46800858185227e-16,3.18774611484784e-34,3.18774611484784e-34,1.32569129620573e-48,1.32569129620573e-48,0,0,0,0,0,0
commonData,1,A,K,Known-model reference,dimensionless state,study1_candidate_20260917/data/pilot_K_000.mat,pilot,0,stationary,0.5,derived pilot,After 50 initialization transitions,50,NaN,rateLimited,clean,(dimensionless state)^2,0.45,1,0.1,29,29,0,8.13525492182227e-18,1.2817395836784e-33,3.58013908064813e-17,-9.57088814332031e-19,1.32822754785327e-35,3.64448562605653e-18,7.17816610749024e-18,1.2817395836784e-33,3.58013908064813e-17,0,0,0,0,0,0,7.17816610749024e-18,1.2817395836784e-33,3.58013908064813e-17,-1.32822754785327e-35,-1.32822754785327e-35,0,0,0,0,0,0,0,0
commonData,1,A,K,Known-model reference,dimensionless state,study1_candidate_20260917/data/pilot_K_000.mat,pilot,0,stationary,0.5,derived pilot,After 50 initialization transitions,50,NaN,rateLimited,clean,(dimensionless state)^2,0.45,2,0.2,29,29,0,3.34981085016211e-18,4.31673953052311e-34,2.07767647397835e-17,-0.00202209124097347,9.0570548388741e-06,0.00300949411677014,-0.00202209124097347,9.05705483887409e-06,0.00300949411677014,0,0,0,0,0,0,-0.00202209124097347,9.05705483887409e-06,0.00300949411677014,-1.20906723498589e-20,-1.20906723498589e-20,2.32211088298657e-22,2.32211088298657e-22,0,3.54067130990421e-22,0,3.54067130990421e-22,0,0
commonData,1,A,K,Known-model reference,dimensionless state,study1_candidate_20260917/data/pilot_K_000.mat,pilot,0,stationary,0.5,derived pilot,After 50 initialization transitions,50,NaN,rateLimited,clean,(dimensionless state)^2,0.45,5,0.5,29,29,0,1.81846874723086e-17,2.15172862752229e-33,4.63867290021865e-17,-0.0333906345328838,0.00267498119031515,0.0517202203235364,-0.0333906345328838,0.00267498119031514,0.0517202203235364,0,0,0,0,0,0,-0.0333906345328838,0.00267498119031514,0.0517202203235364,-2.14445559354665e-18,-2.14445559354665e-18,4.09732117569845e-19,4.09732117569845e-19,0,1.49064093406289e-18,0,1.49064093406289e-18,0,0
commonData,1,A,K,Known-model reference,dimensionless state,study1_candidate_20260917/data/pilot_K_000.mat,pilot,0,stationary,0.5,derived pilot,After 50 initialization transitions,50,NaN,rateLimited,clean,(dimensionless state)^2,0.45,10,1,29,29,0,2.65592145977139e-17,5.63334508733266e-33,7.5055613296626e-17,-0.0677031418475701,0.0128736034000898,0.113461902857698,-0.0677031418475701,0.0128736034000898,0.113461902857698,0,0,0,0,0,0,-0.0677031418475701,0.0128736034000898,0.113461902857698,-1.36901302545136e-18,-1.36901302545136e-18,1.36901302545136e-18,1.36901302545136e-18,0,6.38399928823288e-18,0,6.38399928823288e-18,0,0
commonData,1,A,K,Known-model reference,dimensionless state,study1_candidate_20260917/data/pilot_K_000.mat,pilot,0,stationary,0.5,derived pilot,After 50 initialization transitions,50,NaN,rateLimited,clean,(dimensionless state)^2,0.45,20,2,29,29,0,2.34486759511348e-17,2.76935443727406e-33,5.26246561725021e-17,-0.0882008650892207,0.0133552062201972,0.115564727405023,-0.0882008650892207,0.0133552062201972,0.115564727405023,0,0,0,0,0,0,-0.0882008650892207,0.0133552062201972,0.115564727405023,-3.29833390520093e-18,-3.29833390520093e-18,-1.71113046752689e-19,-1.71113046752689e-19,0,6.26044998022103e-18,0,6.26044998022103e-18,0,0
commonData,1,A,K,Known-model reference,dimensionless state,study1_candidate_20260917/data/pilot_K_000.mat,pilot,0,stationary,0.5,derived pilot,After 100 initialization transitions,100,NaN,held,clean,(dimensionless state)^2,0.45,1,0.1,29,29,0,8.13525492182227e-18,1.2817395836784e-33,3.58013908064813e-17,-9.57088814332031e-19,1.32822754785327e-35,3.64448562605653e-18,7.17816610749024e-18,1.2817395836784e-33,3.58013908064813e-17,0,0,0,0,0,0,7.17816610749024e-18,1.2817395836784e-33,3.58013908064813e-17,-1.32822754785327e-35,-1.32822754785327e-35,0,0,0,0,0,0,0,0
commonData,1,A,K,Known-model reference,dimensionless state,study1_candidate_20260917/data/pilot_K_000.mat,pilot,0,stationary,0.5,derived pilot,After 100 initialization transitions,100,NaN,held,clean,(dimensionless state)^2,0.45,2,0.2,29,29,0,2.39272203583008e-18,4.05109402095246e-34,2.01273297308721e-17,5.26398847882617e-18,5.42580953298059e-33,7.36600945762398e-17,7.65671051465625e-18,6.22938719943182e-33,7.89264670400989e-17,0,0,0,0,0,0,7.65671051465625e-18,6.22938719943182e-33,7.89264670400989e-17,3.9846826435598e-34,3.9846826435598e-34,2.56585412168851e-49,2.56585412168851e-49,0,0,0,0,0,0
commonData,1,A,K,Known-model reference,dimensionless state,study1_candidate_20260917/data/pilot_K_000.mat,pilot,0,stationary,0.5,derived pilot,After 100 initialization transitions,100,NaN,held,clean,(dimensionless state)^2,0.45,5,0.5,29,29,0,9.57088814332032e-18,1.221969344025e-33,3.4956678103404e-17,2.39272203583008e-17,1.27111376329558e-32,1.12743681122073e-16,3.34981085016211e-17,1.62176583592884e-32,1.27348570307202e-16,0,0,0,0,0,0,3.34981085016211e-17,1.62176583592884e-32,1.27348570307202e-16,2.28455138230762e-33,2.28455138230762e-33,-6.84227765783602e-49,-6.84227765783602e-49,0,0,0,0,0,0
commonData,1,A,K,Known-model reference,dimensionless state,study1_candidate_20260917/data/pilot_K_000.mat,pilot,0,stationary,0.5,derived pilot,After 100 initialization transitions,100,NaN,held,clean,(dimensionless state)^2,0.45,10,1,29,29,0,1.91417762866406e-17,3.08148791101958e-33,5.55111512312578e-17,1.86632318794746e-17,1.80971003395008e-32,1.34525463535722e-16,3.78050081661152e-17,1.75126802184453e-32,1.32335483595464e-16,0,0,0,0,0,0,3.78050081661152e-17,1.75126802184453e-32,1.32335483595464e-16,-3.66590803207501e-33,-3.66590803207501e-33,-1.3684555315672e-48,-1.3684555315672e-48,0,0,0,0,0,0
commonData,1,A,K,Known-model reference,dimensionless state,study1_candidate_20260917/data/pilot_K_000.mat,pilot,0,stationary,0.5,derived pilot,After 100 initialization transitions,100,NaN,held,clean,(dimensionless state)^2,0.45,20,2,29,29,0,2.48843091726328e-17,3.82529533781741e-33,6.18489720029153e-17,1.67490542508106e-17,1.74064220146171e-32,1.31933399920631e-16,4.16333634234434e-17,2.15504919639192e-32,1.46800858185227e-16,0,0,0,0,0,0,4.16333634234434e-17,2.15504919639192e-32,1.46800858185227e-16,3.18774611484784e-34,3.18774611484784e-34,1.32569129620573e-48,1.32569129620573e-48,0,0,0,0,0,0
commonData,1,A,K,Known-model reference,dimensionless state,study1_candidate_20260917/data/pilot_K_000.mat,pilot,0,stationary,0.5,derived pilot,After 100 initialization transitions,100,NaN,rateLimited,clean,(dimensionless state)^2,0.45,1,0.1,29,29,0,8.13525492182227e-18,1.2817395836784e-33,3.58013908064813e-17,-9.57088814332031e-19,1.32822754785327e-35,3.64448562605653e-18,7.17816610749024e-18,1.2817395836784e-33,3.58013908064813e-17,0,0,0,0,0,0,7.17816610749024e-18,1.2817395836784e-33,3.58013908064813e-17,-1.32822754785327e-35,-1.32822754785327e-35,0,0,0,0,0,0,0,0
commonData,1,A,K,Known-model reference,dimensionless state,study1_candidate_20260917/data/pilot_K_000.mat,pilot,0,stationary,0.5,derived pilot,After 100 initialization transitions,100,NaN,rateLimited,clean,(dimensionless state)^2,0.45,2,0.2,29,29,0,3.34981085016211e-18,4.31673953052311e-34,2.07767647397835e-17,-0.00202209124097347,9.0570548388741e-06,0.00300949411677014,-0.00202209124097347,9.05705483887409e-06,0.00300949411677014,0,0,0,0,0,0,-0.00202209124097347,9.05705483887409e-06,0.00300949411677014,-1.20906723498589e-20,-1.20906723498589e-20,2.32211088298657e-22,2.32211088298657e-22,0,3.54067130990421e-22,0,3.54067130990421e-22,0,0
commonData,1,A,K,Known-model reference,dimensionless state,study1_candidate_20260917/data/pilot_K_000.mat,pilot,0,stationary,0.5,derived pilot,After 100 initialization transitions,100,NaN,rateLimited,clean,(dimensionless state)^2,0.45,5,0.5,29,29,0,1.81846874723086e-17,2.15172862752229e-33,4.63867290021865e-17,-0.0333906345328838,0.00267498119031515,0.0517202203235364,-0.0333906345328838,0.00267498119031514,0.0517202203235364,0,0,0,0,0,0,-0.0333906345328838,0.00267498119031514,0.0517202203235364,-2.14445559354665e-18,-2.14445559354665e-18,4.09732117569845e-19,4.09732117569845e-19,0,1.49064093406289e-18,0,1.49064093406289e-18,0,0
commonData,1,A,K,Known-model reference,dimensionless state,study1_candidate_20260917/data/pilot_K_000.mat,pilot,0,stationary,0.5,derived pilot,After 100 initialization transitions,100,NaN,rateLimited,clean,(dimensionless state)^2,0.45,10,1,29,29,0,2.65592145977139e-17,5.63334508733266e-33,7.5055613296626e-17,-0.0677031418475701,0.0128736034000898,0.113461902857698,-0.0677031418475701,0.0128736034000898,0.113461902857698,0,0,0,0,0,0,-0.0677031418475701,0.0128736034000898,0.113461902857698,-1.36901302545136e-18,-1.36901302545136e-18,1.36901302545136e-18,1.36901302545136e-18,0,6.38399928823288e-18,0,6.38399928823288e-18,0,0
commonData,1,A,K,Known-model reference,dimensionless state,study1_candidate_20260917/data/pilot_K_000.mat,pilot,0,stationary,0.5,derived pilot,After 100 initialization transitions,100,NaN,rateLimited,clean,(dimensionless state)^2,0.45,20,2,29,29,0,2.34486759511348e-17,2.76935443727406e-33,5.26246561725021e-17,-0.0882008650892207,0.0133552062201972,0.115564727405023,-0.0882008650892207,0.0133552062201972,0.115564727405023,0,0,0,0,0,0,-0.0882008650892207,0.0133552062201972,0.115564727405023,-3.29833390520093e-18,-3.29833390520093e-18,-1.71113046752689e-19,-1.71113046752689e-19,0,6.26044998022103e-18,0,6.26044998022103e-18,0,0
commonData,1,A,K,Known-model reference,dimensionless state,study1_candidate_20260917/data/pilot_K_000.mat,pilot,0,stationary,0.5,derived pilot,After 200 initialization transitions,200,NaN,held,clean,(dimensionless state)^2,0.45,1,0.1,29,29,0,8.13525492182227e-18,1.2817395836784e-33,3.58013908064813e-17,-9.57088814332031e-19,1.32822754785327e-35,3.64448562605653e-18,7.17816610749024e-18,1.2817395836784e-33,3.58013908064813e-17,0,0,0,0,0,0,7.17816610749024e-18,1.2817395836784e-33,3.58013908064813e-17,-1.32822754785327e-35,-1.32822754785327e-35,0,0,0,0,0,0,0,0
commonData,1,A,K,Known-model reference,dimensionless state,study1_candidate_20260917/data/pilot_K_000.mat,pilot,0,stationary,0.5,derived pilot,After 200 initialization transitions,200,NaN,held,clean,(dimensionless state)^2,0.45,2,0.2,29,29,0,2.39272203583008e-18,4.05109402095246e-34,2.01273297308721e-17,5.26398847882617e-18,5.42580953298059e-33,7.36600945762398e-17,7.65671051465625e-18,6.22938719943182e-33,7.89264670400989e-17,0,0,0,0,0,0,7.65671051465625e-18,6.22938719943182e-33,7.89264670400989e-17,3.9846826435598e-34,3.9846826435598e-34,2.56585412168851e-49,2.56585412168851e-49,0,0,0,0,0,0
commonData,1,A,K,Known-model reference,dimensionless state,study1_candidate_20260917/data/pilot_K_000.mat,pilot,0,stationary,0.5,derived pilot,After 200 initialization transitions,200,NaN,held,clean,(dimensionless state)^2,0.45,5,0.5,29,29,0,9.57088814332032e-18,1.221969344025e-33,3.4956678103404e-17,2.39272203583008e-17,1.27111376329558e-32,1.12743681122073e-16,3.34981085016211e-17,1.62176583592884e-32,1.27348570307202e-16,0,0,0,0,0,0,3.34981085016211e-17,1.62176583592884e-32,1.27348570307202e-16,2.28455138230762e-33,2.28455138230762e-33,-6.84227765783602e-49,-6.84227765783602e-49,0,0,0,0,0,0
commonData,1,A,K,Known-model reference,dimensionless state,study1_candidate_20260917/data/pilot_K_000.mat,pilot,0,stationary,0.5,derived pilot,After 200 initialization transitions,200,NaN,held,clean,(dimensionless state)^2,0.45,10,1,29,29,0,1.91417762866406e-17,3.08148791101958e-33,5.55111512312578e-17,1.86632318794746e-17,1.80971003395008e-32,1.34525463535722e-16,3.78050081661152e-17,1.75126802184453e-32,1.32335483595464e-16,0,0,0,0,0,0,3.78050081661152e-17,1.75126802184453e-32,1.32335483595464e-16,-3.66590803207501e-33,-3.66590803207501e-33,-1.3684555315672e-48,-1.3684555315672e-48,0,0,0,0,0,0
commonData,1,A,K,Known-model reference,dimensionless state,study1_candidate_20260917/data/pilot_K_000.mat,pilot,0,stationary,0.5,derived pilot,After 200 initialization transitions,200,NaN,held,clean,(dimensionless state)^2,0.45,20,2,29,29,0,2.48843091726328e-17,3.82529533781741e-33,6.18489720029153e-17,1.67490542508106e-17,1.74064220146171e-32,1.31933399920631e-16,4.16333634234434e-17,2.15504919639192e-32,1.46800858185227e-16,0,0,0,0,0,0,4.16333634234434e-17,2.15504919639192e-32,1.46800858185227e-16,3.18774611484784e-34,3.18774611484784e-34,1.32569129620573e-48,1.32569129620573e-48,0,0,0,0,0,0
commonData,1,A,K,Known-model reference,dimensionless state,study1_candidate_20260917/data/pilot_K_000.mat,pilot,0,stationary,0.5,derived pilot,After 200 initialization transitions,200,NaN,rateLimited,clean,(dimensionless state)^2,0.45,1,0.1,29,29,0,8.13525492182227e-18,1.2817395836784e-33,3.58013908064813e-17,-9.57088814332031e-19,1.32822754785327e-35,3.64448562605653e-18,7.17816610749024e-18,1.2817395836784e-33,3.58013908064813e-17,0,0,0,0,0,0,7.17816610749024e-18,1.2817395836784e-33,3.58013908064813e-17,-1.32822754785327e-35,-1.32822754785327e-35,0,0,0,0,0,0,0,0
commonData,1,A,K,Known-model reference,dimensionless state,study1_candidate_20260917/data/pilot_K_000.mat,pilot,0,stationary,0.5,derived pilot,After 200 initialization transitions,200,NaN,rateLimited,clean,(dimensionless state)^2,0.45,2,0.2,29,29,0,3.34981085016211e-18,4.31673953052311e-34,2.07767647397835e-17,-0.00202209124097347,9.0570548388741e-06,0.00300949411677014,-0.00202209124097347,9.05705483887409e-06,0.00300949411677014,0,0,0,0,0,0,-0.00202209124097347,9.05705483887409e-06,0.00300949411677014,-1.20906723498589e-20,-1.20906723498589e-20,2.32211088298657e-22,2.32211088298657e-22,0,3.54067130990421e-22,0,3.54067130990421e-22,0,0
commonData,1,A,K,Known-model reference,dimensionless state,study1_candidate_20260917/data/pilot_K_000.mat,pilot,0,stationary,0.5,derived pilot,After 200 initialization transitions,200,NaN,rateLimited,clean,(dimensionless state)^2,0.45,5,0.5,29,29,0,1.81846874723086e-17,2.15172862752229e-33,4.63867290021865e-17,-0.0333906345328838,0.00267498119031515,0.0517202203235364,-0.0333906345328838,0.00267498119031514,0.0517202203235364,0,0,0,0,0,0,-0.0333906345328838,0.00267498119031514,0.0517202203235364,-2.14445559354665e-18,-2.14445559354665e-18,4.09732117569845e-19,4.09732117569845e-19,0,1.49064093406289e-18,0,1.49064093406289e-18,0,0
commonData,1,A,K,Known-model reference,dimensionless state,study1_candidate_20260917/data/pilot_K_000.mat,pilot,0,stationary,0.5,derived pilot,After 200 initialization transitions,200,NaN,rateLimited,clean,(dimensionless state)^2,0.45,10,1,29,29,0,2.65592145977139e-17,5.63334508733266e-33,7.5055613296626e-17,-0.0677031418475701,0.0128736034000898,0.113461902857698,-0.0677031418475701,0.0128736034000898,0.113461902857698,0,0,0,0,0,0,-0.0677031418475701,0.0128736034000898,0.113461902857698,-1.36901302545136e-18,-1.36901302545136e-18,1.36901302545136e-18,1.36901302545136e-18,0,6.38399928823288e-18,0,6.38399928823288e-18,0,0
commonData,1,A,K,Known-model reference,dimensionless state,study1_candidate_20260917/data/pilot_K_000.mat,pilot,0,stationary,0.5,derived pilot,After 200 initialization transitions,200,NaN,rateLimited,clean,(dimensionless state)^2,0.45,20,2,29,29,0,2.34486759511348e-17,2.76935443727406e-33,5.26246561725021e-17,-0.0882008650892207,0.0133552062201972,0.115564727405023,-0.0882008650892207,0.0133552062201972,0.115564727405023,0,0,0,0,0,0,-0.0882008650892207,0.0133552062201972,0.115564727405023,-3.29833390520093e-18,-3.29833390520093e-18,-1.71113046752689e-19,-1.71113046752689e-19,0,6.26044998022103e-18,0,6.26044998022103e-18,0,0
commonData,1,A,A,Affine,dimensionless state,study1_candidate_20260917/data/confirmation_A_000.mat,confirmation,0,stationary,0.5,derived pilot,After 25 initialization transitions,25,NaN,held,clean,(dimensionless state)^2,0.45,1,0.1,29,29,0,-0.0127422036414423,0.000530080370746644,0.0230234743413466,2.39272203583008e-19,4.98085330444975e-36,2.23178253968655e-18,-0.0127422036414423,0.000530080370746644,0.0230234743413466,0,0,0,0,0,0,-0.0127422036414423,0.000530080370746644,0.0230234743413466,2.28930298204793e-22,2.28930298204793e-22,-2.28930298204798e-22,-2.28930298204798e-22,0,1.1650728300077e-21,0,1.1650728300077e-21,0,0
commonData,1,A,A,Affine,dimensionless state,study1_candidate_20260917/data/confirmation_A_000.mat,confirmation,0,stationary,0.5,derived pilot,After 25 initialization transitions,25,NaN,held,clean,(dimensionless state)^2,0.45,2,0.2,29,29,0,-0.0228756034520724,0.0014997317680036,0.0387263704470688,-1.43563322149805e-18,5.81099552185804e-34,2.41060065582378e-17,-0.0228756034520724,0.0014997317680036,0.0387263704470688,0,0,0,0,0,0,-0.0228756034520724,0.0014997317680036,0.0387263704470688,8.01664251949561e-19,8.01664251949561e-19,2.82537920535943e-19,2.82537920535943e-19,0,3.17103543325409e-19,0,3.17103543325409e-19,0,0
commonData,1,A,A,Affine,dimensionless state,study1_candidate_20260917/data/confirmation_A_000.mat,confirmation,0,stationary,0.5,derived pilot,After 25 initialization transitions,25,NaN,held,clean,(dimensionless state)^2,0.45,5,0.5,29,29,0,-0.0408647378238795,0.0040608455368706,0.0637247639216545,9.57088814332031e-19,4.15735222478072e-33,6.44775327131918e-17,-0.0408647378238794,0.0040608455368706,0.0637247639216545,0,0,0,0,0,0,-0.0408647378238794,0.0040608455368706,0.0637247639216545,2.80924872471326e-18,2.80924872471326e-18,6.60198227240345e-19,6.60198227240345e-19,0,9.31057173585287e-19,0,9.31057173585287e-19,0,0
commonData,1,A,A,Affine,dimensionless state,study1_candidate_20260917/data/confirmation_A_000.mat,confirmation,0,stationary,0.5,derived pilot,After 25 initialization transitions,25,NaN,held,clean,(dimensionless state)^2,0.45,10,1,29,29,0,-0.0500096334903116,0.005741446122465,0.0757723308501527,3.44551973159531e-17,5.96374168986116e-33,7.72252658775686e-17,-0.0500096334903115,0.005741446122465,0.0757723308501527,0,0,0,0,0,0,-0.0500096334903115,0.005741446122465,0.0757723308501527,-1.04629937436356e-18,-1.04629937436356e-18,1.04629937436355e-18,1.04629937436355e-18,0,2.18497369298564e-18,0,2.18497369298564e-18,0,0
commonData,1,A,A,Affine,dimensionless state,study1_candidate_20260917/data/confirmation_A_000.mat,confirmation,0,stationary,0.5,derived pilot,After 25 initialization transitions,25,NaN,held,clean,(dimensionless state)^2,0.45,20,2,29,29,0,-0.0519966142995541,0.00612981391539291,0.0782931281492374,2.87126644299609e-17,8.75301954035302e-33,9.35575733992338e-17,-0.0519966142995541,0.00612981391539291,0.0782931281492374,0,0,0,0,0,0,-0.0519966142995541,0.00612981391539291,0.0782931281492374,1.20623556972914e-18,1.20623556972914e-18,-3.38873831740746e-19,-3.38873831740746e-19,0,5.58453416969305e-18,0,5.58453416969305e-18,0,0
commonData,1,A,A,Affine,dimensionless state,study1_candidate_20260917/data/confirmation_A_000.mat,confirmation,0,stationary,0.5,derived pilot,After 25 initialization transitions,25,NaN,rateLimited,clean,(dimensionless state)^2,0.45,1,0.1,29,29,0,-0.0127422036414423,0.000530080370746644,0.0230234743413466,2.39272203583008e-19,4.98085330444975e-36,2.23178253968655e-18,-0.0127422036414423,0.000530080370746644,0.0230234743413466,0,0,0,0,0,0,-0.0127422036414423,0.000530080370746644,0.0230234743413466,2.28930298204793e-22,2.28930298204793e-22,-2.28930298204798e-22,-2.28930298204798e-22,0,1.1650728300077e-21,0,1.1650728300077e-21,0,0
commonData,1,A,A,Affine,dimensionless state,study1_candidate_20260917/data/confirmation_A_000.mat,confirmation,0,stationary,0.5,derived pilot,After 25 initialization transitions,25,NaN,rateLimited,clean,(dimensionless state)^2,0.45,2,0.2,29,29,0,-0.0190595273946264,0.00134753462807234,0.0367087813482325,-4.78544407166016e-19,9.89529523150683e-34,3.1456788188731e-17,-0.0190595273946264,0.00134753462807234,0.0367087813482325,0,0,0,0,0,0,-0.0190595273946264,0.00134753462807234,0.0367087813482325,8.35050650455139e-19,8.35050650455139e-19,3.23110875332637e-20,3.23110875332637e-20,0,3.17103543325409e-19,0,3.17103543325409e-19,0,0
commonData,1,A,A,Affine,dimensionless state,study1_candidate_20260917/data/confirmation_A_000.mat,confirmation,0,stationary,0.5,derived pilot,After 25 initialization transitions,25,NaN,rateLimited,clean,(dimensionless state)^2,0.45,5,0.5,29,29,0,-0.0419822575303988,0.00465022121933192,0.0681925305244784,5.74253288599219e-18,5.61508195854968e-33,7.49338505520014e-17,-0.0419822575303988,0.00465022121933192,0.0681925305244784,0,0,0,0,0,0,-0.0419822575303988,0.00465022121933192,0.0681925305244784,1.04543925904862e-18,1.04543925904862e-18,-1.78077521060219e-19,-1.78077521060219e-19,0,1.41289356588512e-18,0,1.41289356588512e-18,0,0
commonData,1,A,A,Affine,dimensionless state,study1_candidate_20260917/data/confirmation_A_000.mat,confirmation,0,stationary,0.5,derived pilot,After 25 initialization transitions,25,NaN,rateLimited,clean,(dimensionless state)^2,0.45,10,1,29,29,0,-0.0196339154980647,0.00211873336113306,0.0460297008586093,4.30689966449414e-18,5.82427779733657e-33,7.631695615875e-17,-0.0196339154980647,0.00211873336113306,0.0460297008586093,0,0,0,0,0,0,-0.0196339154980647,0.00211873336113306,0.0460297008586093,9.24849519167375e-19,9.24849519167375e-19,8.09873956809427e-19,8.09873956809427e-19,0,9.60539154791632e-19,0,9.60539154791632e-19,0,0
commonData,1,A,A,Affine,dimensionless state,study1_candidate_20260917/data/confirmation_A_000.mat,confirmation,0,stationary,0.5,derived pilot,After 25 initialization transitions,25,NaN,rateLimited,clean,(dimensionless state)^2,0.45,20,2,29,29,0,-0.0401525496035757,0.00391523457326355,0.0625718353036216,1.90221401848491e-17,6.75445215194256e-33,8.21854740933126e-17,-0.0401525496035757,0.00391523457326355,0.0625718353036216,0,0,0,0,0,0,-0.0401525496035757,0.00391523457326355,0.0625718353036216,-2.85310894780129e-18,-2.85310894780129e-18,-1.48369974214073e-18,-1.48369974214073e-18,0,2.01635255156812e-18,0,2.01635255156812e-18,0,0
commonData,1,A,A,Affine,dimensionless state,study1_candidate_20260917/data/confirmation_A_000.mat,confirmation,0,stationary,0.5,derived pilot,After 50 initialization transitions,50,NaN,held,clean,(dimensionless state)^2,0.45,1,0.1,29,29,0,-0.0132260157458732,0.000584739877026833,0.0241813952663372,-1.19636101791504e-19,4.15071108704146e-37,6.44260125030368e-19,-0.0132260157458732,0.000584739877026833,0.0241813952663372,0,0,0,0,0,0,-0.0132260157458732,0.000584739877026833,0.0241813952663372,3.20811651849232e-22,3.20811651849232e-22,-3.20811651849232e-22,-3.20811651849232e-22,0,1.97933720643997e-22,0,1.97933720643997e-22,0,0
commonData,1,A,A,Affine,dimensionless state,study1_candidate_20260917/data/confirmation_A_000.mat,confirmation,0,stationary,0.5,derived pilot,After 50 initialization transitions,50,NaN,held,clean,(dimensionless state)^2,0.45,2,0.2,29,29,0,-0.0237360800095644,0.00165698542666912,0.0407060858677068,-2.05774095081387e-17,3.00843539588765e-33,5.48492059731738e-17,-0.0237360800095645,0.00165698542666912,0.0407060858677068,0,0,0,0,0,0,-0.0237360800095645,0.00165698542666912,0.0407060858677068,1.41297234431695e-18,1.41297234431695e-18,-3.28770171831451e-19,-3.28770171831451e-19,0,3.25919224236178e-19,0,3.25919224236178e-19,0,0
commonData,1,A,A,Affine,dimensionless state,study1_candidate_20260917/data/confirmation_A_000.mat,confirmation,0,stationary,0.5,derived pilot,After 50 initialization transitions,50,NaN,held,clean,(dimensionless state)^2,0.45,5,0.5,29,29,0,-0.0423893558177244,0.00449241579063058,0.0670254861275215,-1.57919654364785e-17,3.03499994684471e-33,5.50908336009242e-17,-0.0423893558177244,0.00449241579063058,0.0670254861275215,0,0,0,0,0,0,-0.0423893558177244,0.00449241579063058,0.0670254861275215,3.76119879738253e-18,3.76119879738253e-18,-2.91751845428919e-19,-2.91751845428919e-19,0,1.59173044734129e-18,0,1.59173044734129e-18,0,0
commonData,1,A,A,Affine,dimensionless state,study1_candidate_20260917/data/confirmation_A_000.mat,confirmation,0,stationary,0.5,derived pilot,After 50 initialization transitions,50,NaN,held,clean,(dimensionless state)^2,0.45,10,1,29,29,0,-0.0518781030538039,0.00634698420022728,0.0796679621945188,-1.38777878078145e-17,8.18852283251538e-33,9.0490457135078e-17,-0.051878103053804,0.00634698420022729,0.0796679621945189,0,0,0,0,0,0,-0.051878103053804,0.00634698420022729,0.0796679621945189,7.68305677637185e-18,7.68305677637185e-18,-7.44162872464631e-19,-7.44162872464631e-19,0,2.20467862207505e-18,0,2.20467862207505e-18,0,0
commonData,1,A,A,Affine,dimensionless state,study1_candidate_20260917/data/confirmation_A_000.mat,confirmation,0,stationary,0.5,derived pilot,After 50 initialization transitions,50,NaN,held,clean,(dimensionless state)^2,0.45,20,2,29,29,0,-0.0539412494863566,0.00677006038749348,0.0822803766854131,-1.86632318794746e-17,5.2265754008026e-33,7.2295057927929e-17,-0.0539412494863566,0.00677006038749349,0.0822803766854132,0,0,0,0,0,0,-0.0539412494863566,0.00677006038749349,0.0822803766854132,6.75785907254094e-18,6.75785907254094e-18,1.81034831366281e-19,1.81034831366281e-19,0,3.60475990137787e-18,0,3.60475990137787e-18,0,0
commonData,1,A,A,Affine,dimensionless state,study1_candidate_20260917/data/confirmation_A_000.mat,confirmation,0,stationary,0.5,derived pilot,After 50 initialization transitions,50,NaN,rateLimited,clean,(dimensionless state)^2,0.45,1,0.1,29,29,0,-0.0132260157458732,0.000584739877026833,0.0241813952663372,-1.19636101791504e-19,4.15071108704146e-37,6.44260125030368e-19,-0.0132260157458732,0.000584739877026833,0.0241813952663372,0,0,0,0,0,0,-0.0132260157458732,0.000584739877026833,0.0241813952663372,3.20811651849232e-22,3.20811651849232e-22,-3.20811651849232e-22,-3.20811651849232e-22,0,1.97933720643997e-22,0,1.97933720643997e-22,0,0
commonData,1,A,A,Affine,dimensionless state,study1_candidate_20260917/data/confirmation_A_000.mat,confirmation,0,stationary,0.5,derived pilot,After 50 initialization transitions,50,NaN,rateLimited,clean,(dimensionless state)^2,0.45,2,0.2,29,29,0,-0.019895167943805,0.00148747416407745,0.0385677866110754,-1.10065213648184e-17,2.0521115614333e-33,4.53002379842898e-17,-0.019895167943805,0.00148747416407745,0.0385677866110755,0,0,0,0,0,0,-0.019895167943805,0.00148747416407745,0.0385677866110755,1.21126070430823e-18,1.21126070430823e-18,-1.27058531822732e-19,-1.27058531822732e-19,0,3.25919224236178e-19,0,3.25919224236178e-19,0,0
commonData,1,A,A,Affine,dimensionless state,study1_candidate_20260917/data/confirmation_A_000.mat,confirmation,0,stationary,0.5,derived pilot,After 50 initialization transitions,50,NaN,rateLimited,clean,(dimensionless state)^2,0.45,5,0.5,29,29,0,-0.0433040208486903,0.00510065798712282,0.0714188909681662,-2.65592145977139e-17,5.24068781849854e-33,7.23925950529372e-17,-0.0433040208486903,0.00510065798712283,0.0714188909681663,0,0,0,0,0,0,-0.0433040208486903,0.00510065798712283,0.0714188909681663,5.34328014185659e-18,5.34328014185659e-18,1.59561376205063e-18,1.59561376205063e-18,0,1.59173044734129e-18,0,1.59173044734129e-18,0,0
commonData,1,A,A,Affine,dimensionless state,study1_candidate_20260917/data/confirmation_A_000.mat,confirmation,0,stationary,0.5,derived pilot,After 50 initialization transitions,50,NaN,rateLimited,clean,(dimensionless state)^2,0.45,10,1,29,29,0,-0.0193770143936621,0.00227648927580206,0.0477125693691093,-1.75865069633511e-17,7.37373824612915e-33,8.58704736573006e-17,-0.0193770143936621,0.00227648927580207,0.0477125693691093,0,0,0,0,0,0,-0.0193770143936621,0.00227648927580207,0.0477125693691093,3.01574399634599e-18,3.01574399634599e-18,8.8738382460182e-19,8.8738382460182e-19,0,2.41404252090733e-18,0,2.41404252090733e-18,0,0
commonData,1,A,A,Affine,dimensionless state,study1_candidate_20260917/data/confirmation_A_000.mat,confirmation,0,stationary,0.5,derived pilot,After 50 initialization transitions,50,NaN,rateLimited,clean,(dimensionless state)^2,0.45,20,2,29,29,0,-0.0419557028795148,0.00445130092784061,0.066718070474502,-1.97399567955981e-17,1.05241279611936e-32,1.02587172498289e-16,-0.0419557028795148,0.00445130092784062,0.066718070474502,0,0,0,0,0,0,-0.0419557028795148,0.00445130092784062,0.066718070474502,2.47694701500756e-18,2.47694701500756e-18,9.92499936946044e-19,9.92499936946044e-19,0,3.02130325954532e-18,0,3.02130325954532e-18,0,0
commonData,1,A,A,Affine,dimensionless state,study1_candidate_20260917/data/confirmation_A_000.mat,confirmation,0,stationary,0.5,derived pilot,After 100 initialization transitions,100,NaN,held,clean,(dimensionless state)^2,0.45,1,0.1,29,29,0,-0.00614867277867983,0.000455697885984127,0.0213470814394878,-9.33161593973731e-18,8.81611034887605e-34,2.96919355193899e-17,-0.00614867277867984,0.000455697885984127,0.0213470814394879,0,0,0,0,0,0,-0.00614867277867984,0.000455697885984127,0.0213470814394879,2.69488527193748e-19,2.69488527193748e-19,5.57721245519023e-20,5.57721245519023e-20,0,2.81738562305422e-20,0,2.81738562305422e-20,0,0
commonData,1,A,A,Affine,dimensionless state,study1_candidate_20260917/data/confirmation_A_000.mat,confirmation,0,stationary,0.5,derived pilot,After 100 initialization transitions,100,NaN,held,clean,(dimensionless state)^2,0.45,2,0.2,29,29,0,-0.0119430928750109,0.00125290956616706,0.0353964626222319,-2.08166817117217e-17,2.84738780571044e-33,5.33609202104915e-17,-0.011943092875011,0.00125290956616706,0.0353964626222319,0,0,0,0,0,0,-0.011943092875011,0.00125290956616706,0.0353964626222319,8.5648396019254e-19,8.5648396019254e-19,4.44558646790062e-19,4.44558646790062e-19,0,8.11860916082678e-19,0,8.11860916082678e-19,0,0
commonData,1,A,A,Affine,dimensionless state,study1_candidate_20260917/data/confirmation_A_000.mat,confirmation,0,stationary,0.5,derived pilot,After 100 initialization transitions,100,NaN,held,clean,(dimensionless state)^2,0.45,5,0.5,29,29,0,-0.0239677355675385,0.00331728847199489,0.0575959067295141,-1.67490542508106e-17,5.98366510307896e-33,7.73541537545267e-17,-0.0239677355675385,0.00331728847199489,0.0575959067295141,0,0,0,0,0,0,-0.0239677355675385,0.00331728847199489,0.0575959067295141,-5.61294498129692e-19,-5.61294498129692e-19,-3.06067239858718e-19,-3.06067239858718e-19,0,1.66406162004899e-18,0,1.66406162004899e-18,0,0
commonData,1,A,A,Affine,dimensionless state,study1_candidate_20260917/data/confirmation_A_000.mat,confirmation,0,stationary,0.5,derived pilot,After 100 initialization transitions,100,NaN,held,clean,(dimensionless state)^2,0.45,10,1,29,29,0,-0.0310414991559704,0.00471666822121656,0.0686780039111254,-1.91417762866406e-18,7.10601738101497e-33,8.42971967565646e-17,-0.0310414991559704,0.00471666822121656,0.0686780039111254,0,0,0,0,0,0,-0.0310414991559704,0.00471666822121656,0.0686780039111254,-1.16434351998116e-18,-1.16434351998116e-18,-5.70379955995653e-19,-5.70379955995653e-19,0,6.49793630266984e-19,0,6.49793630266984e-19,0,0
commonData,1,A,A,Affine,dimensionless state,study1_candidate_20260917/data/confirmation_A_000.mat,confirmation,0,stationary,0.5,derived pilot,After 100 initialization transitions,100,NaN,held,clean,(dimensionless state)^2,0.45,20,2,29,29,0,-0.0327478651831612,0.00504860915569173,0.0710535653974642,-4.78544407166016e-18,4.66207869296496e-33,6.82794163197443e-17,-0.0327478651831612,0.00504860915569173,0.0710535653974642,0,0,0,0,0,0,-0.0327478651831612,0.00504860915569173,0.0710535653974642,-8.66292757434931e-19,-8.66292757434931e-19,-1.06898055347682e-21,-1.06898055347682e-21,0,2.45573916942537e-18,0,2.45573916942537e-18,0,0
commonData,1,A,A,Affine,dimensionless state,study1_candidate_20260917/data/confirmation_A_000.mat,confirmation,0,stationary,0.5,derived pilot,After 100 initialization transitions,100,NaN,rateLimited,clean,(dimensionless state)^2,0.45,1,0.1,29,29,0,-0.00614867277867983,0.000455697885984127,0.0213470814394878,-9.33161593973731e-18,8.81611034887605e-34,2.96919355193899e-17,-0.00614867277867984,0.000455697885984127,0.0213470814394879,0,0,0,0,0,0,-0.00614867277867984,0.000455697885984127,0.0213470814394879,2.69488527193748e-19,2.69488527193748e-19,5.57721245519023e-20,5.57721245519023e-20,0,2.81738562305422e-20,0,2.81738562305422e-20,0,0
commonData,1,A,A,Affine,dimensionless state,study1_candidate_20260917/data/confirmation_A_000.mat,confirmation,0,stationary,0.5,derived pilot,After 100 initialization transitions,100,NaN,rateLimited,clean,(dimensionless state)^2,0.45,2,0.2,29,29,0,-0.00814290442645462,0.00117138878280101,0.0342255574505516,-1.77061430651426e-17,3.08812904875884e-33,5.55709370872837e-17,-0.00814290442645463,0.00117138878280101,0.0342255574505516,0,0,0,0,0,0,-0.00814290442645463,0.00117138878280101,0.0342255574505516,8.91430212619212e-19,8.91430212619212e-19,-2.40684746308114e-20,-2.40684746308114e-20,0,8.11860916082678e-19,0,8.11860916082678e-19,0,0
commonData,1,A,A,Affine,dimensionless state,study1_candidate_20260917/data/confirmation_A_000.mat,confirmation,0,stationary,0.5,derived pilot,After 100 initialization transitions,100,NaN,rateLimited,clean,(dimensionless state)^2,0.45,5,0.5,29,29,0,-0.0249558727768635,0.00382763248629444,0.0618678631140145,-7.29780220928174e-18,6.06875468036331e-33,7.79022122944099e-17,-0.0249558727768635,0.00382763248629444,0.0618678631140145,0,0,0,0,0,0,-0.0249558727768635,0.00382763248629444,0.0618678631140145,-7.64965383682377e-19,-7.64965383682377e-19,-1.02396354306033e-19,-1.02396354306033e-19,0,1.66406162004899e-18,0,1.66406162004899e-18,0,0
commonData,1,A,A,Affine,dimensionless state,study1_candidate_20260917/data/confirmation_A_000.mat,confirmation,0,stationary,0.5,derived pilot,After 100 initialization transitions,100,NaN,rateLimited,clean,(dimensionless state)^2,0.45,10,1,29,29,0,0.001014573487226,0.0018881029417832,0.0434523065185635,2.05774095081387e-17,3.81865420007814e-33,6.17952603366807e-17,0.00101457348722602,0.00188810294178319,0.0434523065185635,0,0,0,0,0,0,0.00101457348722602,0.00188810294178319,0.0434523065185635,-3.53082695437352e-18,-3.53082695437352e-18,-1.55460432077197e-19,-1.55460432077197e-19,0,2.45692001287685e-19,0,2.45692001287685e-19,0,0
commonData,1,A,A,Affine,dimensionless state,study1_candidate_20260917/data/confirmation_A_000.mat,confirmation,0,stationary,0.5,derived pilot,After 100 initialization transitions,100,NaN,rateLimited,clean,(dimensionless state)^2,0.45,20,2,29,29,0,-0.0202334236710497,0.00313328303494566,0.0559757361268761,2.59610340887564e-17,7.1587314118204e-33,8.46092867941835e-17,-0.0202334236710497,0.00313328303494566,0.0559757361268761,0,0,0,0,0,0,-0.0202334236710497,0.00313328303494566,0.0559757361268761,-2.38110038245661e-18,-2.38110038245661e-18,-2.20984831508608e-19,-2.20984831508608e-19,0,5.12626706472159e-19,0,5.12626706472159e-19,0,0
commonData,1,A,A,Affine,dimensionless state,study1_candidate_20260917/data/confirmation_A_000.mat,confirmation,0,stationary,0.5,derived pilot,After 200 initialization transitions,200,NaN,held,clean,(dimensionless state)^2,0.45,1,0.1,29,29,0,0.000266393943212234,0.000297894861772883,0.0172596309859998,-3.82835525732813e-18,2.49042665222487e-34,1.57810856794609e-17,0.00026639394321223,0.000297894861772883,0.0172596309859998,0,0,0,0,0,0,0.00026639394321223,0.000297894861772883,0.0172596309859998,-6.78881350533499e-20,-6.78881350533499e-20,1.36780264290744e-20,1.36780264290744e-20,0,4.12483773967044e-20,0,4.12483773967044e-20,0,0
commonData,1,A,A,Affine,dimensionless state,study1_candidate_20260917/data/confirmation_A_000.mat,confirmation,0,stationary,0.5,derived pilot,After 200 initialization transitions,200,NaN,held,clean,(dimensionless state)^2,0.45,2,0.2,29,29,0,-0.00117209236657216,0.000782651630162166,0.0279759116055611,-3.20624752801231e-17,6.91342438657625e-33,8.31470046759127e-17,-0.00117209236657219,0.000782651630162167,0.0279759116055611,0,0,0,0,0,0,-0.00117209236657219,0.000782651630162167,0.0279759116055611,1.82112449124437e-19,1.82112449124437e-19,3.47279853726566e-20,3.47279853726566e-20,0,1.54956048046537e-19,0,1.54956048046537e-19,0,0
commonData,1,A,A,Affine,dimensionless state,study1_candidate_20260917/data/confirmation_A_000.mat,confirmation,0,stationary,0.5,derived pilot,After 200 initialization transitions,200,NaN,held,clean,(dimensionless state)^2,0.45,5,0.5,29,29,0,-0.00686902456203947,0.0019482689733682,0.0441391999629378,-4.78544407166016e-17,1.41854702110729e-32,1.19102771634723e-16,-0.00686902456203951,0.0019482689733682,0.0441391999629378,0,0,0,0,0,0,-0.00686902456203951,0.0019482689733682,0.0441391999629378,6.66364129760089e-19,6.66364129760089e-19,-2.32683260765902e-19,-2.32683260765902e-19,0,3.63322326036363e-19,0,3.63322326036363e-19,0,0
commonData,1,A,A,Affine,dimensionless state,study1_candidate_20260917/data/confirmation_A_000.mat,confirmation,0,stationary,0.5,derived pilot,After 200 initialization transitions,200,NaN,held,clean,(dimensionless state)^2,0.45,10,1,29,29,0,-0.0114794533804262,0.00274658406298881,0.052407862606567,-3.1583930872957e-17,1.85154920170745e-32,1.3607164295721e-16,-0.0114794533804262,0.0027465840629888,0.052407862606567,0,0,0,0,0,0,-0.0114794533804262,0.0027465840629888,0.052407862606567,-3.10199013213024e-18,-3.10199013213024e-18,-3.67456819823392e-19,-3.67456819823392e-19,0,2.3994458515929e-19,0,2.3994458515929e-19,0,0
commonData,1,A,A,Affine,dimensionless state,study1_candidate_20260917/data/confirmation_A_000.mat,confirmation,0,stationary,0.5,derived pilot,After 200 initialization transitions,200,NaN,held,clean,(dimensionless state)^2,0.45,20,2,29,29,0,-0.0127811443207876,0.00295703081632077,0.0543785878477988,-3.63693749446172e-17,1.85951856699457e-32,1.36364165637259e-16,-0.0127811443207876,0.00295703081632077,0.0543785878477988,0,0,0,0,0,0,-0.0127811443207876,0.00295703081632077,0.0543785878477988,4.80458319408759e-19,4.80458319408759e-19,-4.67774504145756e-20,-4.67774504145756e-20,0,7.15201822231088e-19,0,7.15201822231088e-19,0,0
commonData,1,A,A,Affine,dimensionless state,study1_candidate_20260917/data/confirmation_A_000.mat,confirmation,0,stationary,0.5,derived pilot,After 200 initialization transitions,200,NaN,rateLimited,clean,(dimensionless state)^2,0.45,1,0.1,29,29,0,0.000266393943212234,0.000297894861772883,0.0172596309859998,-3.82835525732813e-18,2.49042665222487e-34,1.57810856794609e-17,0.00026639394321223,0.000297894861772883,0.0172596309859998,0,0,0,0,0,0,0.00026639394321223,0.000297894861772883,0.0172596309859998,-6.78881350533499e-20,-6.78881350533499e-20,1.36780264290744e-20,1.36780264290744e-20,0,4.12483773967044e-20,0,4.12483773967044e-20,0,0
commonData,1,A,A,Affine,dimensionless state,study1_candidate_20260917/data/confirmation_A_000.mat,confirmation,0,stationary,0.5,derived pilot,After 200 initialization transitions,200,NaN,rateLimited,clean,(dimensionless state)^2,0.45,2,0.2,29,29,0,0.00250699089747431,0.000814426213923354,0.0285381536530196,-2.58413979869648e-17,4.11750539834513e-33,6.4167790972926e-17,0.00250699089747429,0.000814426213923354,0.0285381536530196,0,0,0,0,0,0,0.00250699089747429,0.000814426213923354,0.0285381536530196,-6.68537272203328e-20,-6.68537272203328e-20,6.68537272203286e-20,6.68537272203286e-20,0,1.54956048046537e-19,0,1.54956048046537e-19,0,0
commonData,1,A,A,Affine,dimensionless state,study1_candidate_20260917/data/confirmation_A_000.mat,confirmation,0,stationary,0.5,derived pilot,After 200 initialization transitions,200,NaN,rateLimited,clean,(dimensionless state)^2,0.45,5,0.5,29,29,0,-0.00875031014120174,0.00233071264085213,0.0482774547884634,-3.42159251123701e-17,1.08200736616997e-32,1.04019583068284e-16,-0.00875031014120177,0.00233071264085213,0.0482774547884635,0,0,0,0,0,0,-0.00875031014120177,0.00233071264085213,0.0482774547884635,9.10992701842554e-19,9.10992701842554e-19,3.90049905140041e-19,3.90049905140041e-19,0,3.63322326036363e-19,0,3.63322326036363e-19,0,0
commonData,1,A,A,Affine,dimensionless state,study1_candidate_20260917/data/confirmation_A_000.mat,confirmation,0,stationary,0.5,derived pilot,After 200 initialization transitions,200,NaN,rateLimited,clean,(dimensionless state)^2,0.45,10,1,29,29,0,0.0113398894670764,0.0016022950871022,0.0400286783082105,-5.35969736025938e-17,1.12235227793601e-32,1.05941128837483e-16,0.0113398894670764,0.0016022950871022,0.0400286783082105,0,0,0,0,0,0,0.0113398894670764,0.0016022950871022,0.0400286783082105,-2.37992335771341e-18,-2.37992335771341e-18,-5.3214217547093e-21,-5.3214217547093e-21,0,3.24445950347804e-19,0,3.24445950347804e-19,0,0
commonData,1,A,A,Affine,dimensionless state,study1_candidate_20260917/data/confirmation_A_000.mat,confirmation,0,stationary,0.5,derived pilot,After 200 initialization transitions,200,NaN,rateLimited,clean,(dimensionless state)^2,0.45,20,2,29,29,0,-0.000672760537537596,0.00154237508138214,0.0392730834208639,-2.45254008672583e-17,1.05050346901932e-32,1.02494071488029e-16,-0.00067276053753762,0.00154237508138214,0.0392730834208639,0,0,0,0,0,0,-0.00067276053753762,0.00154237508138214,0.0392730834208639,7.69750536437737e-19,7.69750536437737e-19,9.76112015506563e-20,9.76112015506563e-20,0,2.55321478363391e-19,0,2.55321478363391e-19,0,0
commonData,1,A,S,Shared,dimensionless state,study1_candidate_20260917/data/confirmation_S_000.mat,confirmation,0,stationary,0.5,derived pilot,After 25 initialization transitions,25,NaN,held,clean,(dimensionless state)^2,0.45,1,0.1,29,29,0,0.000196360045803229,2.34584491072188e-07,0.000484339231399014,7.17816610749024e-19,2.19987687613197e-34,1.48319819179096e-17,0.000196360045803229,2.34584491072192e-07,0.000484339231399019,0,0,0,0,0,0,0.000196360045803229,2.34584491072192e-07,0.000484339231399019,4.04560164059003e-21,4.04560164059003e-21,-2.219514113232e-23,-2.219514113232e-23,0,8.63352452399064e-23,0,8.63352452399064e-23,0,0
commonData,1,A,S,Shared,dimensionless state,study1_candidate_20260917/data/confirmation_S_000.mat,confirmation,0,stationary,0.5,derived pilot,After 25 initialization transitions,25,NaN,held,clean,(dimensionless state)^2,0.45,2,0.2,29,29,0,0.000303884963061947,6.19934274947715e-07,0.000787359050845112,1.07672491612354e-17,1.89438454012572e-33,4.35245280287532e-17,0.000303884963061957,6.19934274947704e-07,0.000787359050845104,0,0,0,0,0,0,0.000303884963061957,6.19934274947704e-07,0.000787359050845104,-1.1724151251577e-20,-1.1724151251577e-20,7.744822682848e-23,7.744822682848e-23,0,1.6616268263588e-22,0,1.6616268263588e-22,0,0
commonData,1,A,S,Shared,dimensionless state,study1_candidate_20260917/data/confirmation_S_000.mat,confirmation,0,stationary,0.5,derived pilot,After 25 initialization transitions,25,NaN,held,clean,(dimensionless state)^2,0.45,5,0.5,29,29,0,0.000389995953610791,1.46962038272498e-06,0.00121227900366417,7.17816610749024e-18,1.20403827212899e-32,1.09728677752399e-16,0.000389995953610798,1.46962038272493e-06,0.00121227900366415,0,0,0,0,0,0,0.000389995953610798,1.46962038272493e-06,0.00121227900366415,-4.94013423913046e-20,-4.94013423913046e-20,-3.61843259897552e-22,-3.61843259897552e-22,0,3.65574545968396e-22,0,3.65574545968396e-22,0,0
commonData,1,A,S,Shared,dimensionless state,study1_candidate_20260917/data/confirmation_S_000.mat,confirmation,0,stationary,0.5,derived pilot,After 25 initialization transitions,25,NaN,held,clean,(dimensionless state)^2,0.45,10,1,29,29,0,0.000362484206967327,1.9795296583504e-06,0.00140695758939294,1.62705098436445e-17,1.67622316539082e-32,1.29469037433312e-16,0.000362484206967343,1.97952965835031e-06,0.00140695758939291,0,0,0,0,0,0,0.000362484206967343,1.97952965835031e-06,0.00140695758939291,-8.80383552415751e-20,-8.80383552415751e-20,-4.76587746516078e-22,-4.76587746516078e-22,0,3.05852209434752e-22,0,3.05852209434752e-22,0,0
commonData,1,A,S,Shared,dimensionless state,study1_candidate_20260917/data/confirmation_S_000.mat,confirmation,0,stationary,0.5,derived pilot,After 25 initialization transitions,25,NaN,held,clean,(dimensionless state)^2,0.45,20,2,29,29,0,0.000338073712849796,2.12796868583251e-06,0.00145875586916814,1.24421545863164e-17,1.15157328398878e-32,1.07311382620334e-16,0.000338073712849808,2.12796868583238e-06,0.0014587558691681,0,0,0,0,0,0,0.000338073712849808,2.12796868583238e-06,0.0014587558691681,-1.28205012611273e-19,-1.28205012611273e-19,-9.67511845019671e-22,-9.67511845019671e-22,0,3.59866801350658e-22,0,3.59866801350658e-22,0,0
commonData,1,A,S,Shared,dimensionless state,study1_candidate_20260917/data/confirmation_S_000.mat,confirmation,0,stationary,0.5,derived pilot,After 25 initialization transitions,25,NaN,rateLimited,clean,(dimensionless state)^2,0.45,1,0.1,29,29,0,0.000196360045803229,2.34584491072188e-07,0.000484339231399014,7.17816610749024e-19,2.19987687613197e-34,1.48319819179096e-17,0.000196360045803229,2.34584491072192e-07,0.000484339231399019,0,0,0,0,0,0,0.000196360045803229,2.34584491072192e-07,0.000484339231399019,4.04560164059003e-21,4.04560164059003e-21,-2.219514113232e-23,-2.219514113232e-23,0,8.63352452399064e-23,0,8.63352452399064e-23,0,0
commonData,1,A,S,Shared,dimensionless state,study1_candidate_20260917/data/confirmation_S_000.mat,confirmation,0,stationary,0.5,derived pilot,After 25 initialization transitions,25,NaN,rateLimited,clean,(dimensionless state)^2,0.45,2,0.2,29,29,0,0.000308157484361686,5.95372880502664e-07,0.000771604095701069,-0.00176513608433792,8.30512010935428e-06,0.00288186052912945,-0.00145697859997623,7.63943249175628e-06,0.00276395233167222,0,0,0,0,0,0,-0.00145697859997623,7.63943249175628e-06,0.00276395233167222,-1.26106049810066e-06,-1.26106049810066e-06,-4.2351647362715e-22,-4.2351647362715e-22,0,6.24686798600047e-21,0,6.24686798600047e-21,0,0
commonData,1,A,S,Shared,dimensionless state,study1_candidate_20260917/data/confirmation_S_000.mat,confirmation,0,stationary,0.5,derived pilot,After 25 initialization transitions,25,NaN,rateLimited,clean,(dimensionless state)^2,0.45,5,0.5,29,29,0,0.000366643863108897,1.43256035842187e-06,0.00119689613518545,-0.0237256613733342,0.00191496594628692,0.0437603238823357,-0.0233590175102253,0.00189241110585748,0.0435018517520516,0,0,0,0,0,0,-0.0233590175102253,0.00189241110585748,0.0435018517520516,-2.39874007878638e-05,-2.39874007878638e-05,-7.79270311473956e-20,-7.79270311473956e-20,0,6.50521303491303e-19,0,6.50521303491303e-19,0,0
commonData,1,A,S,Shared,dimensionless state,study1_candidate_20260917/data/confirmation_S_000.mat,confirmation,0,stationary,0.5,derived pilot,After 25 initialization transitions,25,NaN,rateLimited,clean,(dimensionless state)^2,0.45,10,1,29,29,0,0.000165821526944171,9.71568569935442e-07,0.000985681779244925,-0.0321161370416964,0.0042589026133416,0.0652602682598041,-0.0319503155147523,0.00425035625587083,0.0651947563525689,0,0,0,0,0,0,-0.0319503155147523,0.00425035625587083,0.0651947563525689,-9.51792604070444e-06,-9.51792604070444e-06,5.65818008765873e-19,5.65818008765873e-19,0,5.63785129692462e-18,0,5.63785129692462e-18,0,0
commonData,1,A,S,Shared,dimensionless state,study1_candidate_20260917/data/confirmation_S_000.mat,confirmation,0,stationary,0.5,derived pilot,After 25 initialization transitions,25,NaN,rateLimited,clean,(dimensionless state)^2,0.45,20,2,29,29,0,0.000470807102948883,1.32686689222569e-06,0.00115189708404253,-0.0617300492291025,0.0142987934230368,0.119577562372867,-0.0612592421261536,0.0142173586188637,0.119236565779394,0,0,0,0,0,0,-0.0612592421261536,0.0142173586188637,0.119236565779394,-8.27616710653179e-05,-8.27616710653179e-05,1.12485975395371e-18,1.12485975395371e-18,0,2.28766658394441e-17,0,2.28766658394441e-17,0,0
commonData,1,A,S,Shared,dimensionless state,study1_candidate_20260917/data/confirmation_S_000.mat,confirmation,0,stationary,0.5,derived pilot,After 50 initialization transitions,50,NaN,held,clean,(dimensionless state)^2,0.45,1,0.1,29,29,0,0.000100285670620072,5.37224548745068e-08,0.000231781049429212,4.06762746091113e-18,4.39145233008986e-34,2.09557923498251e-17,0.000100285670620076,5.37224548745081e-08,0.000231781049429215,0,0,0,0,0,0,0.000100285670620076,5.37224548745081e-08,0.000231781049429215,1.26275773675622e-21,1.26275773675622e-21,-5.44320567606052e-24,-5.44320567606052e-24,0,7.57931497374074e-24,0,7.57931497374074e-24,0,0
commonData,1,A,S,Shared,dimensionless state,study1_candidate_20260917/data/confirmation_S_000.mat,confirmation,0,stationary,0.5,derived pilot,After 50 initialization transitions,50,NaN,held,clean,(dimensionless state)^2,0.45,2,0.2,29,29,0,0.000155865040219466,1.41924823267564e-07,0.000376729111255773,4.30689966449414e-18,1.62707874612025e-33,4.03370641732917e-17,0.000155865040219471,1.4192482326757e-07,0.000376729111255781,0,0,0,0,0,0,0.000155865040219471,1.4192482326757e-07,0.000376729111255781,5.89331513687662e-21,5.89331513687662e-21,-1.70240653015358e-23,-1.70240653015358e-23,0,3.97632385622612e-23,0,3.97632385622612e-23,0,0
commonData,1,A,S,Shared,dimensionless state,study1_candidate_20260917/data/confirmation_S_000.mat,confirmation,0,stationary,0.5,derived pilot,After 50 initialization transitions,50,NaN,held,clean,(dimensionless state)^2,0.45,5,0.5,29,29,0,0.000202962573671413,3.3448893595198e-07,0.000578350184535269,-1.69883264543936e-17,8.13041287729681e-33,9.01688021285456e-17,0.000202962573671396,3.3448893595201e-07,0.000578350184535295,0,0,0,0,0,0,0.000202962573671396,3.3448893595201e-07,0.000578350184535295,3.06503441190654e-20,3.06503441190654e-20,-5.12788995119399e-23,-5.12788995119399e-23,0,6.0817780781723e-23,0,6.0817780781723e-23,0,0
commonData,1,A,S,Shared,dimensionless state,study1_candidate_20260917/data/confirmation_S_000.mat,confirmation,0,stationary,0.5,derived pilot,After 50 initialization transitions,50,NaN,held,clean,(dimensionless state)^2,0.45,10,1,29,29,0,0.000192325648255757,4.47187047136558e-07,0.0006687204551504,-5.26398847882617e-18,9.30423397271213e-33,9.64584572378811e-17,0.000192325648255752,4.4718704713655e-07,0.000668720455150394,0,0,0,0,0,0,0.000192325648255752,4.4718704713655e-07,0.000668720455150394,-8.1701958143722e-21,-8.1701958143722e-21,1.75036970402546e-23,1.75036970402546e-23,0,4.13123829434763e-23,0,4.13123829434763e-23,0,0
commonData,1,A,S,Shared,dimensionless state,study1_candidate_20260917/data/confirmation_S_000.mat,confirmation,0,stationary,0.5,derived pilot,After 50 initialization transitions,50,NaN,held,clean,(dimensionless state)^2,0.45,20,2,29,29,0,0.000181227368611535,4.79333323191277e-07,0.000692339023305257,-2.29701315439688e-17,8.32798672503998e-33,9.12578036391408e-17,0.000181227368611512,4.79333323191302e-07,0.000692339023305275,0,0,0,0,0,0,0.000181227368611512,4.79333323191302e-07,0.000692339023305275,2.47445399795645e-20,2.47445399795645e-20,3.11737276154429e-23,3.11737276154429e-23,0,7.16545619282997e-23,0,7.16545619282997e-23,0,0
commonData,1,A,S,Shared,dimensionless state,study1_candidate_20260917/data/confirmation_S_000.mat,confirmation,0,stationary,0.5,derived pilot,After 50 initialization transitions,50,NaN,rateLimited,clean,(dimensionless state)^2,0.45,1,0.1,29,29,0,0.000100285670620072,5.37224548745068e-08,0.000231781049429212,4.06762746091113e-18,4.39145233008986e-34,2.09557923498251e-17,0.000100285670620076,5.37224548745081e-08,0.000231781049429215,0,0,0,0,0,0,0.000100285670620076,5.37224548745081e-08,0.000231781049429215,1.26275773675622e-21,1.26275773675622e-21,-5.44320567606052e-24,-5.44320567606052e-24,0,7.57931497374074e-24,0,7.57931497374074e-24,0,0
commonData,1,A,S,Shared,dimensionless state,study1_candidate_20260917/data/confirmation_S_000.mat,confirmation,0,stationary,0.5,derived pilot,After 50 initialization transitions,50,NaN,rateLimited,clean,(dimensionless state)^2,0.45,2,0.2,29,29,0,0.000157833546345018,1.36376477353024e-07,0.000369291859310524,-0.00176353859441097,8.30047715206211e-06,0.00288105486793676,-0.00160570504806595,7.79392130380066e-06,0.00279175953545442,0,0,0,0,0,0,-0.00160570504806595,7.79392130380066e-06,0.00279175953545442,-6.42932325614477e-07,-6.42932325614477e-07,-6.35274710440725e-22,-6.35274710440725e-22,0,2.96461531539005e-21,0,2.96461531539005e-21,0,0
commonData,1,A,S,Shared,dimensionless state,study1_candidate_20260917/data/confirmation_S_000.mat,confirmation,0,stationary,0.5,derived pilot,After 50 initialization transitions,50,NaN,rateLimited,clean,(dimensionless state)^2,0.45,5,0.5,29,29,0,0.000191253800239401,3.26803881385057e-07,0.000571667631920031,-0.0237417609278918,0.00191714627289021,0.0437852289349982,-0.0235505071276524,0.00190523901107647,0.0436490436444656,0,0,0,0,0,0,-0.0235505071276524,0.00190523901107647,0.0436490436444656,-1.2234065695124e-05,-1.2234065695124e-05,-7.6232965252887e-20,-7.6232965252887e-20,0,2.90024081139872e-18,0,2.90024081139872e-18,0,0
commonData,1,A,S,Shared,dimensionless state,study1_candidate_20260917/data/confirmation_S_000.mat,confirmation,0,stationary,0.5,derived pilot,After 50 initialization transitions,50,NaN,rateLimited,clean,(dimensionless state)^2,0.45,10,1,29,29,0,9.79303392068313e-05,2.19098941872799e-07,0.000468080059255678,-0.0321076420912555,0.00425975872555684,0.0652668271448585,-0.0320097117520486,0.00425423529922845,0.0652244992255858,0,0,0,0,0,0,-0.0320097117520486,0.00425423529922845,0.0652244992255858,-5.74252527026905e-06,-5.74252527026905e-06,3.76082628580909e-19,3.76082628580909e-19,0,1.97189270120801e-18,0,1.97189270120801e-18,0,0
commonData,1,A,S,Shared,dimensionless state,study1_candidate_20260917/data/confirmation_S_000.mat,confirmation,0,stationary,0.5,derived pilot,After 50 initialization transitions,50,NaN,rateLimited,clean,(dimensionless state)^2,0.45,20,2,29,29,0,0.000243958508574936,3.05568839835954e-07,0.000552782814345702,-0.0618480040060644,0.014348932070045,0.119787027970665,-0.0616040454974895,0.014307326599429,0.119613237559348,0,0,0,0,0,0,-0.0616040454974895,0.014307326599429,0.119613237559348,-4.19110394558233e-05,-4.19110394558233e-05,5.83436294068762e-18,5.83436294068762e-18,0,1.70761842166467e-17,0,1.70761842166467e-17,0,0
commonData,1,A,S,Shared,dimensionless state,study1_candidate_20260917/data/confirmation_S_000.mat,confirmation,0,stationary,0.5,derived pilot,After 100 initialization transitions,100,NaN,held,clean,(dimensionless state)^2,0.45,1,0.1,29,29,0,3.3143135888567e-05,4.73342741858275e-09,6.87999085652209e-05,4.78544407166016e-19,6.64113773926633e-36,2.57704050012147e-18,3.31431358885675e-05,4.7334274185828e-09,6.87999085652212e-05,0,0,0,0,0,0,3.31431358885675e-05,4.7334274185828e-09,6.87999085652212e-05,5.13188951037918e-23,5.13188951037918e-23,-8.6087773806376e-25,-8.6087773806376e-25,0,2.63554279018275e-25,0,2.63554279018275e-25,0,0
commonData,1,A,S,Shared,dimensionless state,study1_candidate_20260917/data/confirmation_S_000.mat,confirmation,0,stationary,0.5,derived pilot,After 100 initialization transitions,100,NaN,held,clean,(dimensionless state)^2,0.45,2,0.2,29,29,0,5.16006333600706e-05,1.25829036413185e-08,0.000112173542519252,-1.67490542508106e-17,1.46769144037786e-33,3.83104612394299e-17,5.16006333600539e-05,1.2582903641319e-08,0.000112173542519255,0,0,0,0,0,0,5.16006333600539e-05,1.2582903641319e-08,0.000112173542519255,5.44282766493842e-22,5.44282766493842e-22,-1.65228466052345e-24,-1.65228466052345e-24,0,1.34112459855868e-24,0,1.34112459855868e-24,0,0
commonData,1,A,S,Shared,dimensionless state,study1_candidate_20260917/data/confirmation_S_000.mat,confirmation,0,stationary,0.5,derived pilot,After 100 initialization transitions,100,NaN,held,clean,(dimensionless state)^2,0.45,5,0.5,29,29,0,6.82491872638095e-05,2.9378174013647e-08,0.000171400624309385,-1.96203206938066e-17,6.24931061264962e-33,7.90525813155372e-17,6.82491872637898e-05,2.93781740136514e-08,0.000171400624309398,0,0,0,0,0,0,6.82491872637898e-05,2.93781740136514e-08,0.000171400624309398,4.47952700515998e-21,4.47952700515998e-21,4.83192420971945e-25,4.83192420971945e-25,0,1.2775340005255e-23,0,1.2775340005255e-23,0,0
commonData,1,A,S,Shared,dimensionless state,study1_candidate_20260917/data/confirmation_S_000.mat,confirmation,0,stationary,0.5,derived pilot,After 100 initialization transitions,100,NaN,held,clean,(dimensionless state)^2,0.45,10,1,29,29,0,6.66458365831808e-05,3.83730452772221e-08,0.000195890390977256,-2.67984868012969e-17,1.17282492475443e-32,1.08297041730346e-16,6.6645836583154e-05,3.83730452772247e-08,0.000195890390977262,0,0,0,0,0,0,6.6645836583154e-05,3.83730452772247e-08,0.000195890390977262,2.59036586045577e-21,2.59036586045577e-21,-9.56234930204909e-24,-9.56234930204909e-24,0,8.44094235327821e-24,0,8.44094235327821e-24,0,0
commonData,1,A,S,Shared,dimensionless state,study1_candidate_20260917/data/confirmation_S_000.mat,confirmation,0,stationary,0.5,derived pilot,After 100 initialization transitions,100,NaN,held,clean,(dimensionless state)^2,0.45,20,2,29,29,0,6.39719952080681e-05,4.07023176751919e-08,0.00020174815408125,-3.78050081661152e-17,1.58391135081502e-32,1.25853539911082e-16,6.39719952080303e-05,4.07023176752023e-08,0.000201748154081276,0,0,0,0,0,0,6.39719952080303e-05,4.07023176752023e-08,0.000201748154081276,1.04151702291183e-20,1.04151702291183e-20,1.39229339344193e-23,1.39229339344193e-23,0,8.1349186301954e-24,0,8.1349186301954e-24,0,0
commonData,1,A,S,Shared,dimensionless state,study1_candidate_20260917/data/confirmation_S_000.mat,confirmation,0,stationary,0.5,derived pilot,After 100 initialization transitions,100,NaN,rateLimited,clean,(dimensionless state)^2,0.45,1,0.1,29,29,0,3.3143135888567e-05,4.73342741858275e-09,6.87999085652209e-05,4.78544407166016e-19,6.64113773926633e-36,2.57704050012147e-18,3.31431358885675e-05,4.7334274185828e-09,6.87999085652212e-05,0,0,0,0,0,0,3.31431358885675e-05,4.7334274185828e-09,6.87999085652212e-05,5.13188951037918e-23,5.13188951037918e-23,-8.6087773806376e-25,-8.6087773806376e-25,0,2.63554279018275e-25,0,2.63554279018275e-25,0,0
commonData,1,A,S,Shared,dimensionless state,study1_candidate_20260917/data/confirmation_S_000.mat,confirmation,0,stationary,0.5,derived pilot,After 100 initialization transitions,100,NaN,rateLimited,clean,(dimensionless state)^2,0.45,2,0.2,29,29,0,5.20039286859741e-05,1.21445661283383e-08,0.000110202387126315,-0.00176236572739299,8.29626275414816e-06,0.00288032337666245,-0.00171036179870701,8.08632406978045e-06,0.00284364626312424,0,0,0,0,0,0,-0.00171036179870701,8.08632406978045e-06,0.00284364626312424,-2.22083250496055e-07,-2.22083250496055e-07,-1.05879118406788e-22,-1.05879118406788e-22,0,3.25578289100872e-21,0,3.25578289100872e-21,0,0
commonData,1,A,S,Shared,dimensionless state,study1_candidate_20260917/data/confirmation_S_000.mat,confirmation,0,stationary,0.5,derived pilot,After 100 initialization transitions,100,NaN,rateLimited,clean,(dimensionless state)^2,0.45,5,0.5,29,29,0,6.26648744193113e-05,2.97532018075704e-08,0.000172491164433342,-0.0237505521002032,0.00191831084148099,0.0437985255628656,-0.0236878872257839,0.00191433990423108,0.043753170219209,0,0,0,0,0,0,-0.0236878872257839,0.00191433990423108,0.043753170219209,-4.00069045171968e-06,-4.00069045171968e-06,3.43895376585246e-19,3.43895376585246e-19,0,1.38235776991902e-18,0,1.38235776991902e-18,0,0
commonData,1,A,S,Shared,dimensionless state,study1_candidate_20260917/data/confirmation_S_000.mat,confirmation,0,stationary,0.5,derived pilot,After 100 initialization transitions,100,NaN,rateLimited,clean,(dimensionless state)^2,0.45,10,1,29,29,0,3.26020648670129e-05,1.87887896368188e-08,0.000137072205923808,-0.032098968866234,0.00425974326934686,0.0652667087368963,-0.032066366801367,0.00425784801978782,0.0652521878544147,0,0,0,0,0,0,-0.032066366801367,0.00425784801978782,0.0652521878544147,-1.91403834867393e-06,-1.91403834867393e-06,3.06625926906057e-19,3.06625926906057e-19,0,4.38424253498826e-18,0,4.38424253498826e-18,0,0
commonData,1,A,S,Shared,dimensionless state,study1_candidate_20260917/data/confirmation_S_000.mat,confirmation,0,stationary,0.5,derived pilot,After 100 initialization transitions,100,NaN,rateLimited,clean,(dimensionless state)^2,0.45,20,2,29,29,0,8.23356448060877e-05,2.8517138066111e-08,0.000168870181104039,-0.0619217605002564,0.0143804354420127,0.119918453300619,-0.0618394248554503,0.0143663755579423,0.119859816276942,0,0,0,0,0,0,-0.0618394248554503,0.0143663755579423,0.119859816276942,-1.40884012084869e-05,-1.40884012084869e-05,-3.42201310690737e-19,-3.42201310690737e-19,0,6.42389787197661e-18,0,6.42389787197661e-18,0,0
commonData,1,A,S,Shared,dimensionless state,study1_candidate_20260917/data/confirmation_S_000.mat,confirmation,0,stationary,0.5,derived pilot,After 200 initialization transitions,200,NaN,held,clean,(dimensionless state)^2,0.45,1,0.1,29,29,0,2.99555051528914e-06,7.48411309761888e-10,2.73571071161022e-05,4.06762746091113e-18,1.30664385020065e-33,3.61475289639645e-17,2.9955505152932e-06,7.48411309761591e-10,2.73571071160967e-05,0,0,0,0,0,0,2.9955505152932e-06,7.48411309761591e-10,2.73571071160967e-05,-2.96989984392583e-22,-2.96989984392583e-22,3.21444847389738e-26,3.21444847389738e-26,0,6.43839058335993e-26,0,6.43839058335993e-26,0,0
commonData,1,A,S,Shared,dimensionless state,study1_candidate_20260917/data/confirmation_S_000.mat,confirmation,0,stationary,0.5,derived pilot,After 200 initialization transitions,200,NaN,held,clean,(dimensionless state)^2,0.45,2,0.2,29,29,0,3.52348953134267e-06,2.08887793374477e-09,4.57042441546162e-05,1.91417762866406e-18,3.12465530632481e-33,5.58986163185173e-17,3.52348953134459e-06,2.08887793374515e-09,4.57042441546204e-05,0,0,0,0,0,0,3.52348953134459e-06,2.08887793374515e-09,4.57042441546204e-05,3.81922061372269e-22,3.81922061372269e-22,-5.91798988448169e-25,-5.91798988448169e-25,0,9.54879530019604e-25,0,9.54879530019604e-25,0,0
commonData,1,A,S,Shared,dimensionless state,study1_candidate_20260917/data/confirmation_S_000.mat,confirmation,0,stationary,0.5,derived pilot,After 200 initialization transitions,200,NaN,held,clean,(dimensionless state)^2,0.45,5,0.5,29,29,0,4.57806807431372e-07,5.41187014132854e-09,7.35654140294782e-05,-2.41664925618838e-17,1.21881480359885e-32,1.10399945815152e-16,4.57806807407206e-07,5.4118701413375e-09,7.35654140295391e-05,0,0,0,0,0,0,4.57806807407206e-07,5.4118701413375e-09,7.35654140295391e-05,8.95839413138818e-21,8.95839413138818e-21,-2.80974510786961e-26,-2.80974510786961e-26,0,2.76135823328982e-24,0,2.76135823328982e-24,0,0
commonData,1,A,S,Shared,dimensionless state,study1_candidate_20260917/data/confirmation_S_000.mat,confirmation,0,stationary,0.5,derived pilot,After 200 initialization transitions,200,NaN,held,clean,(dimensionless state)^2,0.45,10,1,29,29,0,-3.86670951705036e-06,7.57771535694116e-09,8.70500738479937e-05,-1.48348766221465e-17,1.60781944667638e-32,1.26799820452411e-16,-3.86670951706519e-06,7.57771535695557e-09,8.70500738480765e-05,0,0,0,0,0,0,-3.86670951706519e-06,7.57771535695557e-09,8.70500738480765e-05,1.44077279413873e-20,1.44077279413873e-20,-1.55039317983298e-24,-1.55039317983298e-24,0,1.40290248082146e-24,0,1.40290248082146e-24,0,0
commonData,1,A,S,Shared,dimensionless state,study1_candidate_20260917/data/confirmation_S_000.mat,confirmation,0,stationary,0.5,derived pilot,After 200 initialization transitions,200,NaN,held,clean,(dimensionless state)^2,0.45,20,2,29,29,0,-5.55491100475827e-06,8.20945309223356e-09,9.06060323170238e-05,-1.77061430651426e-17,1.98769252536241e-32,1.40985549804312e-16,-5.55491100477597e-06,8.20945309225098e-09,9.06060323171199e-05,0,0,0,0,0,0,-5.55491100477597e-06,8.20945309225098e-09,9.06060323171199e-05,1.74171572647083e-20,1.74171572647083e-20,-4.22868116457391e-26,-4.22868116457391e-26,0,1.07346800382535e-24,0,1.07346800382535e-24,0,0
commonData,1,A,S,Shared,dimensionless state,study1_candidate_20260917/data/confirmation_S_000.mat,confirmation,0,stationary,0.5,derived pilot,After 200 initialization transitions,200,NaN,rateLimited,clean,(dimensionless state)^2,0.45,1,0.1,29,29,0,2.99555051528914e-06,7.48411309761888e-10,2.73571071161022e-05,4.06762746091113e-18,1.30664385020065e-33,3.61475289639645e-17,2.9955505152932e-06,7.48411309761591e-10,2.73571071160967e-05,0,0,0,0,0,0,2.9955505152932e-06,7.48411309761591e-10,2.73571071160967e-05,-2.96989984392583e-22,-2.96989984392583e-22,3.21444847389738e-26,3.21444847389738e-26,0,6.43839058335993e-26,0,6.43839058335993e-26,0,0
commonData,1,A,S,Shared,dimensionless state,study1_candidate_20260917/data/confirmation_S_000.mat,confirmation,0,stationary,0.5,derived pilot,After 200 initialization transitions,200,NaN,rateLimited,clean,(dimensionless state)^2,0.45,2,0.2,29,29,0,3.63882432772295e-06,2.02357204467922e-09,4.4984131031723e-05,-0.00176222014445838,8.29683737206113e-06,0.00288042312378948,-0.00175858132013065,8.26427369882122e-06,0.00287476498149348,0,0,0,0,0,0,-0.00175858132013065,8.26427369882122e-06,0.00287476498149348,-3.45872452845896e-08,-3.45872452845896e-08,2.58080351116545e-22,2.58080351116545e-22,0,2.32934060494933e-21,0,2.32934060494933e-21,0,0
commonData,1,A,S,Shared,dimensionless state,study1_candidate_20260917/data/confirmation_S_000.mat,confirmation,0,stationary,0.5,derived pilot,After 200 initialization transitions,200,NaN,rateLimited,clean,(dimensionless state)^2,0.45,5,0.5,29,29,0,-2.89935014395531e-06,5.94383661324623e-09,7.70962814488885e-05,-0.0237535412311641,0.0019187951006171,0.0438040534724482,-0.0237564405813081,0.00191843196056526,0.0437999082255347,0,0,0,0,0,0,-0.0237564405813081,0.00191843196056526,0.0437999082255347,-3.69083888452754e-07,-3.69083888452754e-07,8.23210145612773e-20,8.23210145612773e-20,0,7.08119543904595e-19,0,7.08119543904595e-19,0,0
commonData,1,A,S,Shared,dimensionless state,study1_candidate_20260917/data/confirmation_S_000.mat,confirmation,0,stationary,0.5,derived pilot,After 200 initialization transitions,200,NaN,rateLimited,clean,(dimensionless state)^2,0.45,10,1,29,29,0,-2.29561205891488e-05,4.68269708651823e-09,6.84302351780135e-05,-0.0320969812707127,0.00425998321640693,0.0652685469150872,-0.0321199373913018,0.00426156495123334,0.0652806629196835,0,0,0,0,0,0,-0.0321199373913018,0.00426156495123334,0.0652806629196835,1.57705212931987e-06,1.57705212931987e-06,9.44441736188545e-20,9.44441736188545e-20,6.93889390390723e-18,1.61783292925571e-18,6.93889390390723e-18,1.61783292925571e-18,0,0
commonData,1,A,S,Shared,dimensionless state,study1_candidate_20260917/data/confirmation_S_000.mat,confirmation,0,stationary,0.5,derived pilot,After 200 initialization transitions,200,NaN,rateLimited,clean,(dimensionless state)^2,0.45,20,2,29,29,0,3.12609844211649e-06,5.27654072673867e-09,7.26398012575659e-05,-0.0619403263510086,0.0143892695491405,0.119955281455801,-0.0619372002525665,0.0143868245262929,0.119945089629767,0,0,0,0,0,0,-0.0619372002525665,0.0143868245262929,0.119945089629767,-2.45029938830928e-06,-2.45029938830928e-06,-2.80198498951723e-18,-2.80198498951723e-18,5.55111512312578e-17,4.2744670650241e-17,5.55111512312578e-17,4.2744670650241e-17,0,0
commonData,1,A,W,Incorrectly shared,dimensionless state,study1_candidate_20260917/data/confirmation_W_000.mat,confirmation,0,stationary,0.5,derived pilot,After 25 initialization transitions,25,NaN,held,clean,(dimensionless state)^2,0.45,1,0.1,29,29,0,-0.0265504560734715,0.00237917704517912,0.0487768084767661,-1.91417762866406e-18,1.06258203828261e-34,1.03081620004859e-17,-0.0265504560734715,0.00237917704517912,0.0487768084767661,0,0,0,0,0,0,-0.0265504560734715,0.00237917704517912,0.0487768084767661,-2.04485304636027e-20,-2.04485304636027e-20,2.04485304636026e-20,2.04485304636026e-20,0,8.43203664644752e-23,0,8.43203664644752e-23,0,0
commonData,1,A,W,Incorrectly shared,dimensionless state,study1_candidate_20260917/data/confirmation_W_000.mat,confirmation,0,stationary,0.5,derived pilot,After 25 initialization transitions,25,NaN,held,clean,(dimensionless state)^2,0.45,2,0.2,29,29,0,-0.0494579951091718,0.00724114137456796,0.0850948962897774,-2.39272203583008e-19,3.023377955801e-33,5.49852521663855e-17,-0.0494579951091718,0.00724114137456796,0.0850948962897773,0,0,0,0,0,0,-0.0494579951091718,0.00724114137456796,0.0850948962897773,-2.06346155826213e-18,-2.06346155826213e-18,-1.40598539369149e-18,-1.40598539369149e-18,0,4.07284517371568e-18,0,4.07284517371568e-18,0,0
commonData,1,A,W,Incorrectly shared,dimensionless state,study1_candidate_20260917/data/confirmation_W_000.mat,confirmation,0,stationary,0.5,derived pilot,After 25 initialization transitions,25,NaN,held,clean,(dimensionless state)^2,0.45,5,0.5,29,29,0,-0.0961058088602737,0.0237985442578452,0.15426776804584,1.62705098436445e-17,2.23407873548919e-32,1.49468349007045e-16,-0.0961058088602737,0.0237985442578452,0.15426776804584,0,0,0,0,0,0,-0.0961058088602737,0.0237985442578452,0.15426776804584,-1.07784776930154e-17,-1.07784776930154e-17,3.83958378910814e-18,3.83958378910814e-18,0,7.6372279467032e-18,0,7.6372279467032e-18,0,0
commonData,1,A,W,Incorrectly shared,dimensionless state,study1_candidate_20260917/data/confirmation_W_000.mat,confirmation,0,stationary,0.5,derived pilot,After 25 initialization transitions,25,NaN,held,clean,(dimensionless state)^2,0.45,10,1,29,29,0,-0.126977220970165,0.0408735698685165,0.202172129306976,1.33992434006484e-17,2.45456450843284e-32,1.56670498449224e-16,-0.126977220970165,0.0408735698685165,0.202172129306976,0,0,0,0,0,0,-0.126977220970165,0.0408735698685165,0.202172129306976,-1.62831282925741e-17,-1.62831282925741e-17,2.40534048475957e-18,2.40534048475957e-18,0,4.32005169502267e-17,0,4.32005169502267e-17,0,0
commonData,1,A,W,Incorrectly shared,dimensionless state,study1_candidate_20260917/data/confirmation_W_000.mat,confirmation,0,stationary,0.5,derived pilot,After 25 initialization transitions,25,NaN,held,clean,(dimensionless state)^2,0.45,20,2,29,29,0,-0.137441338438277,0.0485843574793996,0.220418596038083,9.57088814332032e-18,4.04843756585675e-32,2.01207295241916e-16,-0.137441338438277,0.0485843574793996,0.220418596038083,0,0,0,0,0,0,-0.137441338438277,0.0485843574793996,0.220418596038083,7.59466479486847e-18,7.59466479486847e-18,-1.45335586987757e-17,-1.45335586987757e-17,0,1.66665705395799e-17,0,1.66665705395799e-17,0,0
commonData,1,A,W,Incorrectly shared,dimensionless state,study1_candidate_20260917/data/confirmation_W_000.mat,confirmation,0,stationary,0.5,derived pilot,After 25 initialization transitions,25,NaN,rateLimited,clean,(dimensionless state)^2,0.45,1,0.1,29,29,0,-0.0265504560734715,0.00237917704517912,0.0487768084767661,-1.91417762866406e-18,1.06258203828261e-34,1.03081620004859e-17,-0.0265504560734715,0.00237917704517912,0.0487768084767661,0,0,0,0,0,0,-0.0265504560734715,0.00237917704517912,0.0487768084767661,-2.04485304636027e-20,-2.04485304636027e-20,2.04485304636026e-20,2.04485304636026e-20,0,8.43203664644752e-23,0,8.43203664644752e-23,0,0
commonData,1,A,W,Incorrectly shared,dimensionless state,study1_candidate_20260917/data/confirmation_W_000.mat,confirmation,0,stationary,0.5,derived pilot,After 25 initialization transitions,25,NaN,rateLimited,clean,(dimensionless state)^2,0.45,2,0.2,29,29,0,-0.0409705061529725,0.00647880788297121,0.0804910422529812,0.00168051179555978,1.00168207160412e-05,0.00316493613143159,-0.0392899943574127,0.0065166153390057,0.0807255556748029,0,0,0,0,0,0,-0.0392899943574127,0.0065166153390057,0.0807255556748029,2.77906353184446e-05,2.77906353184446e-05,3.69306365002875e-19,3.69306365002875e-19,0,4.07284517371568e-18,0,4.07284517371568e-18,0,0
commonData,1,A,W,Incorrectly shared,dimensionless state,study1_candidate_20260917/data/confirmation_W_000.mat,confirmation,0,stationary,0.5,derived pilot,After 25 initialization transitions,25,NaN,rateLimited,clean,(dimensionless state)^2,0.45,5,0.5,29,29,0,-0.0980131091338923,0.0269016274371404,0.164017155923216,0.0286205176462782,0.00253404405270417,0.0503392893543818,-0.069392591487614,0.0264319822570964,0.162579156896253,0,0,0,0,0,0,-0.069392591487614,0.0264319822570964,0.162579156896253,-0.00300368923274812,-0.00300368923274812,8.23993651088983e-18,8.23993651088983e-18,0,7.6372279467032e-18,0,7.6372279467032e-18,0,0
commonData,1,A,W,Incorrectly shared,dimensionless state,study1_candidate_20260917/data/confirmation_W_000.mat,confirmation,0,stationary,0.5,derived pilot,After 25 initialization transitions,25,NaN,rateLimited,clean,(dimensionless state)^2,0.45,10,1,29,29,0,-0.0474159201309014,0.0127176300014947,0.112772470051404,0.0333248255052068,0.00576471348284645,0.0759257102887188,-0.0140910946256945,0.0175103144016339,0.13232654458435,0,0,0,0,0,0,-0.0140910946256945,0.0175103144016339,0.13232654458435,-0.000972029082707257,-0.000972029082707257,1.19262238973405e-18,1.19262238973405e-18,0,1.04083408558608e-17,0,1.04083408558608e-17,0,0
commonData,1,A,W,Incorrectly shared,dimensionless state,study1_candidate_20260917/data/confirmation_W_000.mat,confirmation,0,stationary,0.5,derived pilot,After 25 initialization transitions,25,NaN,rateLimited,clean,(dimensionless state)^2,0.45,20,2,29,29,0,-0.0968280976374487,0.0242603686996421,0.155757403354197,0.0753573048326387,0.0169558725628659,0.13021471715158,-0.02147079280481,0.0240150942998723,0.154968042834232,0,0,0,0,0,0,-0.02147079280481,0.0240150942998723,0.154968042834232,-0.0172011469626358,-0.0172011469626358,3.46944695195361e-18,3.46944695195361e-18,6.93889390390723e-18,2.77555756156289e-17,6.93889390390723e-18,2.77555756156289e-17,0,0
commonData,1,A,W,Incorrectly shared,dimensionless state,study1_candidate_20260917/data/confirmation_W_000.mat,confirmation,0,stationary,0.5,derived pilot,After 50 initialization transitions,50,NaN,held,clean,(dimensionless state)^2,0.45,1,0.1,29,29,0,-0.0275750668067621,0.00262273776609639,0.0512126719288926,-7.17816610749024e-19,4.48276797400477e-35,6.69534761905965e-18,-0.0275750668067621,0.00262273776609639,0.0512126719288926,0,0,0,0,0,0,-0.0275750668067621,0.00262273776609639,0.0512126719288926,-1.81961124412001e-20,-1.81961124412001e-20,1.81961124412e-20,1.81961124412e-20,0,1.12086248598434e-20,0,1.12086248598434e-20,0,0
commonData,1,A,W,Incorrectly shared,dimensionless state,study1_candidate_20260917/data/confirmation_W_000.mat,confirmation,0,stationary,0.5,derived pilot,After 50 initialization transitions,50,NaN,held,clean,(dimensionless state)^2,0.45,2,0.2,29,29,0,-0.0516881557400109,0.00810072140206675,0.0900040077000283,-3.58908305374512e-18,2.85070837458007e-33,5.339202538376e-17,-0.0516881557400109,0.00810072140206676,0.0900040077000283,0,0,0,0,0,0,-0.0516881557400109,0.00810072140206676,0.0900040077000283,2.36562290614825e-18,2.36562290614825e-18,1.10382404580536e-18,1.10382404580536e-18,0,2.24781505957512e-18,0,2.24781505957512e-18,0,0
commonData,1,A,W,Incorrectly shared,dimensionless state,study1_candidate_20260917/data/confirmation_W_000.mat,confirmation,0,stationary,0.5,derived pilot,After 50 initialization transitions,50,NaN,held,clean,(dimensionless state)^2,0.45,5,0.5,29,29,0,-0.101841558107704,0.0274659424697104,0.165728520387139,-2.67984868012969e-17,1.16219910437161e-32,1.07805338660551e-16,-0.101841558107704,0.0274659424697104,0.165728520387139,0,0,0,0,0,0,-0.101841558107704,0.0274659424697104,0.165728520387139,1.36448555552208e-17,1.36448555552208e-17,7.17182615650083e-18,7.17182615650083e-18,0,1.67603125633311e-17,0,1.67603125633311e-17,0,0
commonData,1,A,W,Incorrectly shared,dimensionless state,study1_candidate_20260917/data/confirmation_W_000.mat,confirmation,0,stationary,0.5,derived pilot,After 50 initialization transitions,50,NaN,held,clean,(dimensionless state)^2,0.45,10,1,29,29,0,-0.136359040711545,0.0485234473209445,0.22028038342291,-3.78050081661152e-17,1.40194417675912e-32,1.18403723622153e-16,-0.136359040711545,0.0485234473209445,0.220280383422911,0,0,0,0,0,0,-0.136359040711545,0.0485234473209445,0.220280383422911,2.11507748352473e-17,2.11507748352473e-17,-3.34093123525644e-19,-3.34093123525644e-19,0,2.74283446970675e-17,0,2.74283446970675e-17,0,0
commonData,1,A,W,Incorrectly shared,dimensionless state,study1_candidate_20260917/data/confirmation_W_000.mat,confirmation,0,stationary,0.5,derived pilot,After 50 initialization transitions,50,NaN,held,clean,(dimensionless state)^2,0.45,20,2,29,29,0,-0.14887362528101,0.0588055365406753,0.242498528945384,-8.13525492182227e-18,2.08730959145141e-32,1.44475243258193e-16,-0.14887362528101,0.0588055365406753,0.242498528945384,0,0,0,0,0,0,-0.14887362528101,0.0588055365406753,0.242498528945384,1.78959982002653e-19,1.78959982002653e-19,-1.78959982002673e-19,-1.78959982002673e-19,0,3.87536472793421e-17,0,3.87536472793421e-17,0,0
commonData,1,A,W,Incorrectly shared,dimensionless state,study1_candidate_20260917/data/confirmation_W_000.mat,confirmation,0,stationary,0.5,derived pilot,After 50 initialization transitions,50,NaN,rateLimited,clean,(dimensionless state)^2,0.45,1,0.1,29,29,0,-0.0275750668067621,0.00262273776609639,0.0512126719288926,-7.17816610749024e-19,4.48276797400477e-35,6.69534761905965e-18,-0.0275750668067621,0.00262273776609639,0.0512126719288926,0,0,0,0,0,0,-0.0275750668067621,0.00262273776609639,0.0512126719288926,-1.81961124412001e-20,-1.81961124412001e-20,1.81961124412e-20,1.81961124412e-20,0,1.12086248598434e-20,0,1.12086248598434e-20,0,0
commonData,1,A,W,Incorrectly shared,dimensionless state,study1_candidate_20260917/data/confirmation_W_000.mat,confirmation,0,stationary,0.5,derived pilot,After 50 initialization transitions,50,NaN,rateLimited,clean,(dimensionless state)^2,0.45,2,0.2,29,29,0,-0.0430698088453261,0.00724120255488183,0.0850952557718809,0.001638145646491,1.0025893974601e-05,0.00316636921008921,-0.0414316631988351,0.00728179527136649,0.0853334358347681,0,0,0,0,0,0,-0.0414316631988351,0.00728179527136649,0.0853334358347681,3.05668225100552e-05,3.05668225100552e-05,1.35525271560688e-20,1.35525271560688e-20,0,2.24781505957512e-18,0,2.24781505957512e-18,0,0
commonData,1,A,W,Incorrectly shared,dimensionless state,study1_candidate_20260917/data/confirmation_W_000.mat,confirmation,0,stationary,0.5,derived pilot,After 50 initialization transitions,50,NaN,rateLimited,clean,(dimensionless state)^2,0.45,5,0.5,29,29,0,-0.103118485381737,0.0306764903703915,0.175147053558978,0.0289308781024134,0.00257439784167308,0.0507385242362554,-0.0741876072793238,0.0298866476038374,0.172877550896111,0,0,0,0,0,0,-0.0741876072793238,0.0298866476038374,0.172877550896111,-0.00336424060822717,-0.00336424060822717,1.0842021724855e-17,1.0842021724855e-17,0,1.67603125633311e-17,0,1.67603125633311e-17,0,0
commonData,1,A,W,Incorrectly shared,dimensionless state,study1_candidate_20260917/data/confirmation_W_000.mat,confirmation,0,stationary,0.5,derived pilot,After 50 initialization transitions,50,NaN,rateLimited,clean,(dimensionless state)^2,0.45,10,1,29,29,0,-0.0490867443483677,0.014743201659662,0.121421586464936,0.0324177650722213,0.00585728506099463,0.0765329018200318,-0.0166689792761463,0.0198545785871932,0.140906275897113,0,0,0,0,0,0,-0.0166689792761463,0.0198545785871932,0.140906275897113,-0.00074590813346345,-0.00074590813346345,1.13841228110978e-17,1.13841228110978e-17,0,6.93889390390723e-18,0,6.93889390390723e-18,0,0
commonData,1,A,W,Incorrectly shared,dimensionless state,study1_candidate_20260917/data/confirmation_W_000.mat,confirmation,0,stationary,0.5,derived pilot,After 50 initialization transitions,50,NaN,rateLimited,clean,(dimensionless state)^2,0.45,20,2,29,29,0,-0.103641993914527,0.0288003371667385,0.169706620868894,0.078096079306059,0.0181432677607268,0.134696947852306,-0.0255459146084683,0.0281363919755526,0.167739059182865,0,0,0,0,0,0,-0.0255459146084683,0.0281363919755526,0.167739059182865,-0.0188072129519127,-0.0188072129519127,1.04083408558608e-17,1.04083408558608e-17,5.55111512312578e-17,2.77555756156289e-17,5.55111512312578e-17,2.77555756156289e-17,0,0
commonData,1,A,W,Incorrectly shared,dimensionless state,study1_candidate_20260917/data/confirmation_W_000.mat,confirmation,0,stationary,0.5,derived pilot,After 100 initialization transitions,100,NaN,held,clean,(dimensionless state)^2,0.45,1,0.1,29,29,0,-0.0115840425191027,0.00194764741917828,0.0441321585601507,-4.78544407166016e-19,6.64113773926633e-36,2.57704050012147e-18,-0.0115840425191027,0.00194764741917828,0.0441321585601507,0,0,0,0,0,0,-0.0115840425191027,0.00194764741917828,0.0441321585601507,-2.05021513741906e-20,-2.05021513741906e-20,2.05021513741906e-20,2.05021513741906e-20,0,1.74880501549931e-21,0,1.74880501549931e-21,0,0
commonData,1,A,W,Incorrectly shared,dimensionless state,study1_candidate_20260917/data/confirmation_W_000.mat,confirmation,0,stationary,0.5,derived pilot,After 100 initialization transitions,100,NaN,held,clean,(dimensionless state)^2,0.45,2,0.2,29,29,0,-0.0244050851691688,0.00578071178227666,0.0760309922484026,9.57088814332031e-19,2.25798683135055e-33,4.75182789182284e-17,-0.0244050851691688,0.00578071178227666,0.0760309922484027,0,0,0,0,0,0,-0.0244050851691688,0.00578071178227666,0.0760309922484027,1.24261440182328e-18,1.24261440182328e-18,4.92109074153529e-19,4.92109074153529e-19,0,1.89185615907002e-18,0,1.89185615907002e-18,0,0
commonData,1,A,W,Incorrectly shared,dimensionless state,study1_candidate_20260917/data/confirmation_W_000.mat,confirmation,0,stationary,0.5,derived pilot,After 100 initialization transitions,100,NaN,held,clean,(dimensionless state)^2,0.45,5,0.5,29,29,0,-0.0571990723616593,0.0192315597390611,0.138677899245197,1.62705098436445e-17,9.37728648784406e-33,9.68363903077973e-17,-0.0571990723616593,0.0192315597390611,0.138677899245197,0,0,0,0,0,0,-0.0571990723616593,0.0192315597390611,0.138677899245197,-1.94409979805875e-18,-1.94409979805875e-18,-1.52534715389488e-18,-1.52534715389488e-18,0,3.76036534438514e-18,0,3.76036534438514e-18,0,0
commonData,1,A,W,Incorrectly shared,dimensionless state,study1_candidate_20260917/data/confirmation_W_000.mat,confirmation,0,stationary,0.5,derived pilot,After 100 initialization transitions,100,NaN,held,clean,(dimensionless state)^2,0.45,10,1,29,29,0,-0.0846357607637698,0.0354033254332217,0.188157714253819,-2.29701315439688e-17,3.67653385245784e-32,1.91742896933833e-16,-0.0846357607637698,0.0354033254332217,0.188157714253819,0,0,0,0,0,0,-0.0846357607637698,0.0354033254332217,0.188157714253819,2.89994902776683e-17,2.89994902776683e-17,5.69497924186782e-18,5.69497924186782e-18,0,4.70321301773339e-17,0,4.70321301773339e-17,0,0
commonData,1,A,W,Incorrectly shared,dimensionless state,study1_candidate_20260917/data/confirmation_W_000.mat,confirmation,0,stationary,0.5,derived pilot,After 100 initialization transitions,100,NaN,held,clean,(dimensionless state)^2,0.45,20,2,29,29,0,-0.0965125336013918,0.0445953546207183,0.211176122278818,-4.78544407166016e-18,3.89170671521007e-32,1.9727409143651e-16,-0.0965125336013918,0.0445953546207183,0.211176122278818,0,0,0,0,0,0,-0.0965125336013918,0.0445953546207183,0.211176122278818,2.2433437065339e-17,2.2433437065339e-17,-1.6167553536174e-18,-1.6167553536174e-18,0,2.05297426294955e-17,0,2.05297426294955e-17,0,0
commonData,1,A,W,Incorrectly shared,dimensionless state,study1_candidate_20260917/data/confirmation_W_000.mat,confirmation,0,stationary,0.5,derived pilot,After 100 initialization transitions,100,NaN,rateLimited,clean,(dimensionless state)^2,0.45,1,0.1,29,29,0,-0.0115840425191027,0.00194764741917828,0.0441321585601507,-4.78544407166016e-19,6.64113773926633e-36,2.57704050012147e-18,-0.0115840425191027,0.00194764741917828,0.0441321585601507,0,0,0,0,0,0,-0.0115840425191027,0.00194764741917828,0.0441321585601507,-2.05021513741906e-20,-2.05021513741906e-20,2.05021513741906e-20,2.05021513741906e-20,0,1.74880501549931e-21,0,1.74880501549931e-21,0,0
commonData,1,A,W,Incorrectly shared,dimensionless state,study1_candidate_20260917/data/confirmation_W_000.mat,confirmation,0,stationary,0.5,derived pilot,After 100 initialization transitions,100,NaN,rateLimited,clean,(dimensionless state)^2,0.45,2,0.2,29,29,0,-0.0161448445178977,0.00546805286034669,0.0739462836141661,0.00149418830839495,7.72946491314216e-06,0.00278019152454326,-0.0146506562095027,0.00557961215824698,0.0746968015262165,0,0,0,0,0,0,-0.0146506562095027,0.00557961215824698,0.0746968015262165,0.00010382983298715,0.00010382983298715,-9.48676900924816e-19,-9.48676900924816e-19,0,1.89185615907002e-18,0,1.89185615907002e-18,0,0
commonData,1,A,W,Incorrectly shared,dimensionless state,study1_candidate_20260917/data/confirmation_W_000.mat,confirmation,0,stationary,0.5,derived pilot,After 100 initialization transitions,100,NaN,rateLimited,clean,(dimensionless state)^2,0.45,5,0.5,29,29,0,-0.057914635208343,0.0213535241984801,0.146128451023338,0.0269756003590489,0.00218867214331221,0.0467832463956084,-0.0309390348492941,0.0231913747922988,0.152287145853807,0,0,0,0,0,0,-0.0309390348492941,0.0231913747922988,0.152287145853807,-0.000350821549493484,-0.000350821549493484,-4.11996825544492e-18,-4.11996825544492e-18,0,3.76036534438514e-18,0,3.76036534438514e-18,0,0
commonData,1,A,W,Incorrectly shared,dimensionless state,study1_candidate_20260917/data/confirmation_W_000.mat,confirmation,0,stationary,0.5,derived pilot,After 100 initialization transitions,100,NaN,rateLimited,clean,(dimensionless state)^2,0.45,10,1,29,29,0,-0.00397377250358902,0.0114873153479338,0.107178894134684,0.03261219749417,0.00554987553583445,0.0744974867752896,0.028638424990581,0.0197064877505523,0.140379798228065,0,0,0,0,0,0,0.028638424990581,0.0197064877505523,0.140379798228065,0.00266929686678399,0.00266929686678399,-1.73472347597681e-18,-1.73472347597681e-18,2.77555756156289e-17,1.38777878078145e-17,2.77555756156289e-17,1.38777878078145e-17,0,0
commonData,1,A,W,Incorrectly shared,dimensionless state,study1_candidate_20260917/data/confirmation_W_000.mat,confirmation,0,stationary,0.5,derived pilot,After 100 initialization transitions,100,NaN,rateLimited,clean,(dimensionless state)^2,0.45,20,2,29,29,0,-0.0451598382321465,0.0180202903493509,0.134239675019537,0.0762963678083274,0.0163049858837313,0.127690978082758,0.0311365295761809,0.0277874657689045,0.166695728106345,0,0,0,0,0,0,0.0311365295761809,0.0277874657689045,0.166695728106345,-0.00653781046417768,-0.00653781046417768,8.67361737988404e-19,8.67361737988404e-19,0,1.04083408558608e-17,0,1.04083408558608e-17,0,0
commonData,1,A,W,Incorrectly shared,dimensionless state,study1_candidate_20260917/data/confirmation_W_000.mat,confirmation,0,stationary,0.5,derived pilot,After 200 initialization transitions,200,NaN,held,clean,(dimensionless state)^2,0.45,1,0.1,29,29,0,0.000965883190230603,0.00125077913791489,0.035366356016911,-2.39272203583008e-19,1.82631287829824e-35,4.27353820422638e-18,0.000965883190230603,0.00125077913791489,0.035366356016911,0,0,0,0,0,0,0.000965883190230603,0.00125077913791489,0.035366356016911,-4.58041006055857e-21,-4.58041006055857e-21,-2.12260024436542e-19,-2.12260024436542e-19,0,3.90383044985232e-19,0,3.90383044985232e-19,0,0
commonData,1,A,W,Incorrectly shared,dimensionless state,study1_candidate_20260917/data/confirmation_W_000.mat,confirmation,0,stationary,0.5,derived pilot,After 200 initialization transitions,200,NaN,held,clean,(dimensionless state)^2,0.45,2,0.2,29,29,0,-0.00166457640001166,0.0032915460442497,0.0573719970390582,-2.15344983224707e-18,1.82465259386342e-33,4.27159524517881e-17,-0.00166457640001166,0.0032915460442497,0.0573719970390582,0,0,0,0,0,0,-0.00166457640001166,0.0032915460442497,0.0573719970390582,-5.53506691878144e-19,-5.53506691878144e-19,1.1982582288394e-19,1.1982582288394e-19,0,1.23653880629397e-18,0,1.23653880629397e-18,0,0
commonData,1,A,W,Incorrectly shared,dimensionless state,study1_candidate_20260917/data/confirmation_W_000.mat,confirmation,0,stationary,0.5,derived pilot,After 200 initialization transitions,200,NaN,held,clean,(dimensionless state)^2,0.45,5,0.5,29,29,0,-0.0139397144892763,0.00855154900780426,0.0924745857401062,-6.69962170032422e-18,6.45518588256687e-33,8.03441714287158e-17,-0.0139397144892763,0.00855154900780426,0.0924745857401062,0,0,0,0,0,0,-0.0139397144892763,0.00855154900780426,0.0924745857401062,-3.3285044336676e-18,-3.3285044336676e-18,-1.40942518286021e-19,-1.40942518286021e-19,0,4.36631733745692e-18,0,4.36631733745692e-18,0,0
commonData,1,A,W,Incorrectly shared,dimensionless state,study1_candidate_20260917/data/confirmation_W_000.mat,confirmation,0,stationary,0.5,derived pilot,After 200 initialization transitions,200,NaN,held,clean,(dimensionless state)^2,0.45,10,1,29,29,0,-0.0260188271744448,0.013384591435425,0.115691795022054,-1.05279769576523e-17,9.74919020124297e-33,9.8737987630106e-17,-0.0260188271744449,0.013384591435425,0.115691795022054,0,0,0,0,0,0,-0.0260188271744449,0.013384591435425,0.115691795022054,-6.85350176571624e-18,-6.85350176571624e-18,-8.53921381910013e-20,-8.53921381910013e-20,0,1.20949278039833e-17,0,1.20949278039833e-17,0,0
commonData,1,A,W,Incorrectly shared,dimensionless state,study1_candidate_20260917/data/confirmation_W_000.mat,confirmation,0,stationary,0.5,derived pilot,After 200 initialization transitions,200,NaN,held,clean,(dimensionless state)^2,0.45,20,2,29,29,0,-0.0307178450612868,0.0154804723743926,0.12442054643182,-2.77555756156289e-17,9.58980289550058e-33,9.7927539004616e-17,-0.0307178450612868,0.0154804723743926,0.12442054643182,0,0,0,0,0,0,-0.0307178450612868,0.0154804723743926,0.12442054643182,-2.31760343022201e-19,-2.31760343022201e-19,1.966483818999e-18,1.966483818999e-18,0,1.00808660134845e-17,0,1.00808660134845e-17,0,0
commonData,1,A,W,Incorrectly shared,dimensionless state,study1_candidate_20260917/data/confirmation_W_000.mat,confirmation,0,stationary,0.5,derived pilot,After 200 initialization transitions,200,NaN,rateLimited,clean,(dimensionless state)^2,0.45,1,0.1,29,29,0,0.000965883190230603,0.00125077913791489,0.035366356016911,-2.39272203583008e-19,1.82631287829824e-35,4.27353820422638e-18,0.000965883190230603,0.00125077913791489,0.035366356016911,0,0,0,0,0,0,0.000965883190230603,0.00125077913791489,0.035366356016911,-4.58041006055857e-21,-4.58041006055857e-21,-2.12260024436542e-19,-2.12260024436542e-19,0,3.90383044985232e-19,0,3.90383044985232e-19,0,0
commonData,1,A,W,Incorrectly shared,dimensionless state,study1_candidate_20260917/data/confirmation_W_000.mat,confirmation,0,stationary,0.5,derived pilot,After 200 initialization transitions,200,NaN,rateLimited,clean,(dimensionless state)^2,0.45,2,0.2,29,29,0,0.00578483327344793,0.00354476413288331,0.0595379218052101,0.0015523803705611,6.88028045457113e-06,0.00262302887032742,0.00733721364400903,0.00368824611060845,0.0607309320742606,0,0,0,0,0,0,0.00733721364400903,0.00368824611060845,0.0607309320742606,0.00013660169727057,0.00013660169727057,4.87890977618477e-19,4.87890977618477e-19,0,1.51788304147971e-18,0,1.51788304147971e-18,0,0
commonData,1,A,W,Incorrectly shared,dimensionless state,study1_candidate_20260917/data/confirmation_W_000.mat,confirmation,0,stationary,0.5,derived pilot,After 200 initialization transitions,200,NaN,rateLimited,clean,(dimensionless state)^2,0.45,5,0.5,29,29,0,-0.0170442681413728,0.0101271921889034,0.100633951472172,0.0243552505318163,0.00183087890603712,0.0427887707937155,0.00731098239044351,0.0136514008247966,0.116839209278378,0,0,0,0,0,0,0.00731098239044351,0.0136514008247966,0.116839209278378,0.00169332972985611,0.00169332972985611,-8.67361737988404e-19,-8.67361737988404e-19,6.93889390390723e-18,6.93889390390723e-18,6.93889390390723e-18,6.93889390390723e-18,0,0
commonData,1,A,W,Incorrectly shared,dimensionless state,study1_candidate_20260917/data/confirmation_W_000.mat,confirmation,0,stationary,0.5,derived pilot,After 200 initialization transitions,200,NaN,rateLimited,clean,(dimensionless state)^2,0.45,10,1,29,29,0,0.0193220383073814,0.00669045962191846,0.0817952298237401,0.0345523711658044,0.00503659072053084,0.0709689419431545,0.0538744094731858,0.0147290201483566,0.12136317459739,0,0,0,0,0,0,0.0538744094731858,0.0147290201483566,0.12136317459739,0.00300196980590732,0.00300196980590732,-2.16840434497101e-18,-2.16840434497101e-18,2.77555756156289e-17,1.38777878078145e-17,2.77555756156289e-17,1.38777878078145e-17,0,0
commonData,1,A,W,Incorrectly shared,dimensionless state,study1_candidate_20260917/data/confirmation_W_000.mat,confirmation,0,stationary,0.5,derived pilot,After 200 initialization transitions,200,NaN,rateLimited,clean,(dimensionless state)^2,0.45,20,2,29,29,0,0.00539741271211337,0.0069281011768562,0.0832352159656969,0.0633263211267765,0.0112257856885338,0.105951808330645,0.0687237338388898,0.0192670516551504,0.138805805552759,0,0,0,0,0,0,0.0687237338388898,0.0192670516551504,0.138805805552759,0.00111316478976045,0.00111316478976045,4.77048955893622e-18,4.77048955893622e-18,5.55111512312578e-17,2.08166817117217e-17,5.55111512312578e-17,2.08166817117217e-17,0,0
commonData,1,A,R,Relaxed,dimensionless state,study1_candidate_20260917/data/confirmation_R_000.mat,confirmation,0,stationary,0.5,derived pilot,After 25 initialization transitions,25,NaN,held,clean,(dimensionless state)^2,0.45,1,0.1,29,29,0,0.000562659561532234,1.08848480752387e-06,0.00104330475294799,0,0,0,0.000562659561532234,1.08848480752387e-06,0.00104330475294799,0,0,0,0,0,0,0.000562659561532234,1.08848480752387e-06,0.00104330475294799,0,0,0,0,0,0,0,0,0,0
commonData,1,A,R,Relaxed,dimensionless state,study1_candidate_20260917/data/confirmation_R_000.mat,confirmation,0,stationary,0.5,derived pilot,After 25 initialization transitions,25,NaN,held,clean,(dimensionless state)^2,0.45,2,0.2,29,29,0,0.000925623898724328,2.77994577079889e-06,0.00166731693771727,1.22028823827334e-17,2.13346549873931e-33,4.61894522454998e-17,0.00092562389872434,2.7799457707989e-06,0.00166731693771727,0,0,0,0,0,0,0.00092562389872434,2.7799457707989e-06,0.00166731693771727,1.13565876702626e-20,1.13565876702626e-20,7.83571176683201e-23,7.83571176683201e-23,0,7.97374119235604e-22,0,7.97374119235604e-22,0,0
commonData,1,A,R,Relaxed,dimensionless state,study1_candidate_20260917/data/confirmation_R_000.mat,confirmation,0,stationary,0.5,derived pilot,After 25 initialization transitions,25,NaN,held,clean,(dimensionless state)^2,0.45,5,0.5,29,29,0,0.00139406731837613,5.99964590659558e-06,0.00244941746270324,6.2210772931582e-18,1.04465096638659e-32,1.02208168283489e-16,0.00139406731837614,5.99964590659563e-06,0.00244941746270325,0,0,0,0,0,0,0.00139406731837614,5.99964590659563e-06,0.00244941746270325,4.81671016965884e-20,4.81671016965884e-20,-1.58028959761234e-21,-1.58028959761234e-21,0,1.41308983815044e-21,0,1.41308983815044e-21,0,0
commonData,1,A,R,Relaxed,dimensionless state,study1_candidate_20260917/data/confirmation_R_000.mat,confirmation,0,stationary,0.5,derived pilot,After 25 initialization transitions,25,NaN,held,clean,(dimensionless state)^2,0.45,10,1,29,29,0,0.00152539307008864,7.28014571395271e-06,0.00269817451510326,9.0923437361543e-18,8.66668474974256e-33,9.30950307467727e-17,0.00152539307008865,7.28014571395275e-06,0.00269817451510327,0,0,0,0,0,0,0.00152539307008865,7.28014571395275e-06,0.00269817451510327,3.84046498905866e-20,3.84046498905866e-20,-2.88167264151734e-22,-2.88167264151734e-22,0,5.60605134665698e-21,0,5.60605134665698e-21,0,0
commonData,1,A,R,Relaxed,dimensionless state,study1_candidate_20260917/data/confirmation_R_000.mat,confirmation,0,stationary,0.5,derived pilot,After 25 initialization transitions,25,NaN,held,clean,(dimensionless state)^2,0.45,20,2,29,29,0,0.00153434445864665,7.44364458814479e-06,0.00272830434302055,1.67490542508106e-17,4.81482486096809e-33,6.93889390390723e-17,0.00153434445864667,7.44364458814487e-06,0.00272830434302056,0,0,0,0,0,0,0.00153434445864667,7.44364458814487e-06,0.00272830434302056,8.31693812419548e-20,8.31693812419548e-20,-1.00718535829249e-21,-1.00718535829249e-21,0,1.41285230690952e-21,0,1.41285230690952e-21,0,0
commonData,1,A,R,Relaxed,dimensionless state,study1_candidate_20260917/data/confirmation_R_000.mat,confirmation,0,stationary,0.5,derived pilot,After 25 initialization transitions,25,NaN,rateLimited,clean,(dimensionless state)^2,0.45,1,0.1,29,29,0,0.000562659561532234,1.08848480752387e-06,0.00104330475294799,0,0,0,0.000562659561532234,1.08848480752387e-06,0.00104330475294799,0,0,0,0,0,0,0.000562659561532234,1.08848480752387e-06,0.00104330475294799,0,0,0,0,0,0,0,0,0,0
commonData,1,A,R,Relaxed,dimensionless state,study1_candidate_20260917/data/confirmation_R_000.mat,confirmation,0,stationary,0.5,derived pilot,After 25 initialization transitions,25,NaN,rateLimited,clean,(dimensionless state)^2,0.45,2,0.2,29,29,0,0.000847773634012566,2.54540559813703e-06,0.00159543273068376,-0.00180890428976733,8.70042870892897e-06,0.00294964891282488,-0.000961130655754762,9.26220664398946e-06,0.00304338736344709,0,0,0,0,0,0,-0.000961130655754762,9.26220664398946e-06,0.00304338736344709,-1.98362766307653e-06,-1.98362766307653e-06,-2.5410988417629e-21,-2.5410988417629e-21,0,3.3881317890172e-21,0,3.3881317890172e-21,0,0
commonData,1,A,R,Relaxed,dimensionless state,study1_candidate_20260917/data/confirmation_R_000.mat,confirmation,0,stationary,0.5,derived pilot,After 25 initialization transitions,25,NaN,rateLimited,clean,(dimensionless state)^2,0.45,5,0.5,29,29,0,0.00138584668426182,6.20427521067104e-06,0.00249083825461852,-0.024234268248441,0.00200046907510852,0.0447266036616746,-0.0228484215641792,0.0019529744122097,0.0441924700849556,0,0,0,0,0,0,-0.0228484215641792,0.0019529744122097,0.0441924700849556,-5.36989381094993e-05,-5.36989381094993e-05,-2.84603070277445e-19,-2.84603070277445e-19,0,5.96311194867027e-19,0,5.96311194867027e-19,0,0
commonData,1,A,R,Relaxed,dimensionless state,study1_candidate_20260917/data/confirmation_R_000.mat,confirmation,0,stationary,0.5,derived pilot,After 25 initialization transitions,25,NaN,rateLimited,clean,(dimensionless state)^2,0.45,10,1,29,29,0,0.00063633030750993,2.87938227426202e-06,0.00169687426589657,-0.0328364275003994,0.00444864032900472,0.0666981283770746,-0.0322000971928895,0.00443033153000062,0.0665607356479826,0,0,0,0,0,0,-0.0322000971928895,0.00443033153000062,0.0665607356479826,-2.11881812783607e-05,-2.11881812783607e-05,-2.42929049272533e-18,-2.42929049272533e-18,0,3.84891771232354e-18,0,3.84891771232354e-18,0,0
commonData,1,A,R,Relaxed,dimensionless state,study1_candidate_20260917/data/confirmation_R_000.mat,confirmation,0,stationary,0.5,derived pilot,After 25 initialization transitions,25,NaN,rateLimited,clean,(dimensionless state)^2,0.45,20,2,29,29,0,0.00147198098486695,6.31606189299349e-06,0.00251317764851462,-0.0630572112051129,0.0149554375504866,0.122292426382367,-0.061585230220246,0.0147052085663591,0.121265034393097,0,0,0,0,0,0,-0.061585230220246,0.0147052085663591,0.121265034393097,-0.000256545046020477,-0.000256545046020477,-6.50521303491303e-19,-6.50521303491303e-19,0,3.38271077815477e-17,0,3.38271077815477e-17,0,0
commonData,1,A,R,Relaxed,dimensionless state,study1_candidate_20260917/data/confirmation_R_000.mat,confirmation,0,stationary,0.5,derived pilot,After 50 initialization transitions,50,NaN,held,clean,(dimensionless state)^2,0.45,1,0.1,29,29,0,0.000303671142257676,3.07895657787336e-07,0.000554883463249119,0,0,0,0.000303671142257676,3.07895657787336e-07,0.000554883463249119,0,0,0,0,0,0,0.000303671142257676,3.07895657787336e-07,0.000554883463249119,0,0,0,0,0,0,0,0,0,0
commonData,1,A,R,Relaxed,dimensionless state,study1_candidate_20260917/data/confirmation_R_000.mat,confirmation,0,stationary,0.5,derived pilot,After 50 initialization transitions,50,NaN,held,clean,(dimensionless state)^2,0.45,2,0.2,29,29,0,0.000500730837591275,7.88730164106005e-07,0.000888104815945733,-3.82835525732813e-18,2.27126910682908e-33,4.76578336355009e-17,0.000500730837591271,7.88730164105992e-07,0.000888104815945726,0,0,0,0,0,0,0.000500730837591271,7.88730164105992e-07,0.000888104815945726,-1.3514385657909e-20,-1.3514385657909e-20,2.79495857058326e-22,2.79495857058326e-22,0,6.68615491422352e-23,0,6.68615491422352e-23,0,0
commonData,1,A,R,Relaxed,dimensionless state,study1_candidate_20260917/data/confirmation_R_000.mat,confirmation,0,stationary,0.5,derived pilot,After 50 initialization transitions,50,NaN,held,clean,(dimensionless state)^2,0.45,5,0.5,29,29,0,0.00075858403965102,1.70785520963645e-06,0.0013068493446593,4.78544407166016e-18,2.93538288075572e-33,5.41791738655705e-17,0.000758584039651025,1.70785520963643e-06,0.0013068493446593,0,0,0,0,0,0,0.000758584039651025,1.70785520963643e-06,0.0013068493446593,-2.07909383593024e-20,-2.07909383593024e-20,-1.73127085244492e-22,-1.73127085244492e-22,0,9.7746978543753e-22,0,9.7746978543753e-22,0,0
commonData,1,A,R,Relaxed,dimensionless state,study1_candidate_20260917/data/confirmation_R_000.mat,confirmation,0,stationary,0.5,derived pilot,After 50 initialization transitions,50,NaN,held,clean,(dimensionless state)^2,0.45,10,1,29,29,0,0.000834543618363984,2.07183597960326e-06,0.00143938736259676,2.44057647654668e-17,5.186728574367e-33,7.20189459404052e-17,0.000834543618364009,2.07183597960327e-06,0.00143938736259677,0,0,0,0,0,0,0.000834543618364009,2.07183597960327e-06,0.00143938736259677,1.17006997230656e-20,1.17006997230656e-20,5.81278012116519e-22,5.81278012116519e-22,0,3.86088360831065e-22,0,3.86088360831065e-22,0,0
commonData,1,A,R,Relaxed,dimensionless state,study1_candidate_20260917/data/confirmation_R_000.mat,confirmation,0,stationary,0.5,derived pilot,After 50 initialization transitions,50,NaN,held,clean,(dimensionless state)^2,0.45,20,2,29,29,0,0.000841342234045552,2.11727641031443e-06,0.00145508639273221,2.44057647654668e-17,6.34228654099935e-33,7.96384739996903e-17,0.000841342234045576,2.11727641031445e-06,0.00145508639273221,0,0,0,0,0,0,0.000841342234045576,2.11727641031445e-06,0.00145508639273221,1.15203429552681e-20,1.15203429552681e-20,-8.5398167341406e-23,-8.5398167341406e-23,0,3.52498347294509e-22,0,3.52498347294509e-22,0,0
commonData,1,A,R,Relaxed,dimensionless state,study1_candidate_20260917/data/confirmation_R_000.mat,confirmation,0,stationary,0.5,derived pilot,After 50 initialization transitions,50,NaN,rateLimited,clean,(dimensionless state)^2,0.45,1,0.1,29,29,0,0.000303671142257676,3.07895657787336e-07,0.000554883463249119,0,0,0,0.000303671142257676,3.07895657787336e-07,0.000554883463249119,0,0,0,0,0,0,0.000303671142257676,3.07895657787336e-07,0.000554883463249119,0,0,0,0,0,0,0,0,0,0
commonData,1,A,R,Relaxed,dimensionless state,study1_candidate_20260917/data/confirmation_R_000.mat,confirmation,0,stationary,0.5,derived pilot,After 50 initialization transitions,50,NaN,rateLimited,clean,(dimensionless state)^2,0.45,2,0.2,29,29,0,0.000457324355048837,7.20875543666673e-07,0.000849043899728791,-0.00178760450169159,8.51625416403581e-06,0.00291826218219608,-0.00133028014664275,8.19537760044107e-06,0.00286275699290755,0,0,0,0,0,0,-0.00133028014664275,8.19537760044107e-06,0.00286275699290755,-1.04175210726142e-06,-1.04175210726142e-06,-2.5410988417629e-21,-2.5410988417629e-21,0,5.50571415715295e-21,0,5.50571415715295e-21,0,0
commonData,1,A,R,Relaxed,dimensionless state,study1_candidate_20260917/data/confirmation_R_000.mat,confirmation,0,stationary,0.5,derived pilot,After 50 initialization transitions,50,NaN,rateLimited,clean,(dimensionless state)^2,0.45,5,0.5,29,29,0,0.000753309971568107,1.77927512302804e-06,0.00133389471961922,-0.0240206301544187,0.00196384364767606,0.0443152755568107,-0.0232673201828506,0.00193705966292329,0.0440120399768437,0,0,0,0,0,0,-0.0232673201828506,0.00193705966292329,0.0440120399768437,-2.85632598758002e-05,-2.85632598758002e-05,-2.87991202066462e-19,-2.87991202066462e-19,0,4.40457132572236e-19,0,4.40457132572236e-19,0,0
commonData,1,A,R,Relaxed,dimensionless state,study1_candidate_20260917/data/confirmation_R_000.mat,confirmation,0,stationary,0.5,derived pilot,After 50 initialization transitions,50,NaN,rateLimited,clean,(dimensionless state)^2,0.45,10,1,29,29,0,0.000346454071832594,8.13373907067883e-07,0.00090187244500976,-0.0325031275015684,0.00436349376937317,0.0660567465848355,-0.0321566734297358,0.0043530807638505,0.0659778808681402,0,0,0,0,0,0,-0.0321566734297358,0.0043530807638505,0.0659778808681402,-1.1226379429744e-05,-1.1226379429744e-05,7.18283939271647e-19,7.18283939271647e-19,6.93889390390723e-18,2.54787510534094e-18,6.93889390390723e-18,2.54787510534094e-18,0,0
commonData,1,A,R,Relaxed,dimensionless state,study1_candidate_20260917/data/confirmation_R_000.mat,confirmation,0,stationary,0.5,derived pilot,After 50 initialization transitions,50,NaN,rateLimited,clean,(dimensionless state)^2,0.45,20,2,29,29,0,0.000799351635804955,1.80840863054261e-06,0.00134477084685184,-0.0625743319160536,0.0147074152353284,0.12127413258947,-0.0617749802802487,0.0145712392498749,0.120711388236052,0,0,0,0,0,0,-0.0617749802802487,0.0145712392498749,0.120711388236052,-0.000137984394083979,-0.000137984394083979,-7.91467585914418e-18,-7.91467585914418e-18,0,2.27682456221956e-17,0,2.27682456221956e-17,0,0
commonData,1,A,R,Relaxed,dimensionless state,study1_candidate_20260917/data/confirmation_R_000.mat,confirmation,0,stationary,0.5,derived pilot,After 100 initialization transitions,100,NaN,held,clean,(dimensionless state)^2,0.45,1,0.1,29,29,0,7.12268582183971e-05,2.53578606282805e-08,0.000159241516660325,0,0,0,7.12268582183971e-05,2.53578606282805e-08,0.000159241516660325,0,0,0,0,0,0,7.12268582183971e-05,2.53578606282805e-08,0.000159241516660325,0,0,0,0,0,0,0,0,0,0
commonData,1,A,R,Relaxed,dimensionless state,study1_candidate_20260917/data/confirmation_R_000.mat,confirmation,0,stationary,0.5,derived pilot,After 100 initialization transitions,100,NaN,held,clean,(dimensionless state)^2,0.45,2,0.2,29,29,0,0.00011761746144034,6.54137864175923e-08,0.000255761190209915,-2.39272203583008e-18,5.94381827664337e-34,2.43799472449047e-17,0.000117617461440338,6.54137864175919e-08,0.000255761190209914,0,0,0,0,0,0,0.000117617461440338,6.54137864175919e-08,0.000255761190209914,-4.18067959962598e-22,-4.18067959962598e-22,-1.8683403465995e-23,-1.8683403465995e-23,0,3.19766806304775e-23,0,3.19766806304775e-23,0,0
commonData,1,A,R,Relaxed,dimensionless state,study1_candidate_20260917/data/confirmation_R_000.mat,confirmation,0,stationary,0.5,derived pilot,After 100 initialization transitions,100,NaN,held,clean,(dimensionless state)^2,0.45,5,0.5,29,29,0,0.000178657533351892,1.429920268602e-07,0.000378142865674073,-2.00988651009727e-17,4.34330408148018e-33,6.59037486147805e-17,0.000178657533351872,1.42992026860202e-07,0.000378142865674076,0,0,0,0,0,0,0.000178657533351872,1.42992026860202e-07,0.000378142865674076,1.73037891796855e-21,1.73037891796855e-21,-3.63130234642933e-23,-3.63130234642933e-23,0,2.64265816155048e-23,0,2.64265816155048e-23,0,0
commonData,1,A,R,Relaxed,dimensionless state,study1_candidate_20260917/data/confirmation_R_000.mat,confirmation,0,stationary,0.5,derived pilot,After 100 initialization transitions,100,NaN,held,clean,(dimensionless state)^2,0.45,10,1,29,29,0,0.000197080105488344,1.73848355545599e-07,0.000416951262794105,3.34981085016211e-18,5.65160821611565e-33,7.5177178825197e-17,0.000197080105488348,1.73848355545603e-07,0.00041695126279411,0,0,0,0,0,0,0.000197080105488348,1.73848355545603e-07,0.00041695126279411,3.91680644676324e-21,3.91680644676324e-21,2.71907138839463e-23,2.71907138839463e-23,0,3.04611574579021e-23,0,3.04611574579021e-23,0,0
commonData,1,A,R,Relaxed,dimensionless state,study1_candidate_20260917/data/confirmation_R_000.mat,confirmation,0,stationary,0.5,derived pilot,After 100 initialization transitions,100,NaN,held,clean,(dimensionless state)^2,0.45,20,2,29,29,0,0.000199094280854071,1.77636257504055e-07,0.000421469165543643,-1.29206989934824e-17,6.19618151073549e-33,7.87158275744814e-17,0.000199094280854058,1.77636257504056e-07,0.000421469165543645,0,0,0,0,0,0,0.000199094280854058,1.77636257504056e-07,0.000421469165543645,1.50590992453397e-21,1.50590992453397e-21,2.93372923582558e-23,2.93372923582558e-23,0,5.01962185562607e-23,0,5.01962185562607e-23,0,0
commonData,1,A,R,Relaxed,dimensionless state,study1_candidate_20260917/data/confirmation_R_000.mat,confirmation,0,stationary,0.5,derived pilot,After 100 initialization transitions,100,NaN,rateLimited,clean,(dimensionless state)^2,0.45,1,0.1,29,29,0,7.12268582183971e-05,2.53578606282805e-08,0.000159241516660325,0,0,0,7.12268582183971e-05,2.53578606282805e-08,0.000159241516660325,0,0,0,0,0,0,7.12268582183971e-05,2.53578606282805e-08,0.000159241516660325,0,0,0,0,0,0,0,0,0,0
commonData,1,A,R,Relaxed,dimensionless state,study1_candidate_20260917/data/confirmation_R_000.mat,confirmation,0,stationary,0.5,derived pilot,After 100 initialization transitions,100,NaN,rateLimited,clean,(dimensionless state)^2,0.45,2,0.2,29,29,0,0.00010318292291415,6.01201265144407e-08,0.000245194058888956,-0.00177001828697729,8.3653206300218e-06,0.00289228640179734,-0.00166683536406314,8.23580638986245e-06,0.00286980946926141,0,0,0,0,0,0,-0.00166683536406314,8.23580638986245e-06,0.00286980946926141,-1.89634366673784e-07,-1.89634366673784e-07,5.55865371635635e-22,5.55865371635635e-22,0,3.59989002583078e-21,0,3.59989002583078e-21,0,0
commonData,1,A,R,Relaxed,dimensionless state,study1_candidate_20260917/data/confirmation_R_000.mat,confirmation,0,stationary,0.5,derived pilot,After 100 initialization transitions,100,NaN,rateLimited,clean,(dimensionless state)^2,0.45,5,0.5,29,29,0,0.000173959827497542,1.55687617196815e-07,0.000394572702042114,-0.0238397871094812,0.00193328253375272,0.0439691088578416,-0.0236658272819837,0.0019275443218538,0.0439038076008653,0,0,0,0,0,0,-0.0236658272819837,0.0019275443218538,0.0439038076008653,-5.89389951611626e-06,-5.89389951611626e-06,6.26804380968182e-20,6.26804380968182e-20,0,1.65340831304039e-18,0,1.65340831304039e-18,0,0
commonData,1,A,R,Relaxed,dimensionless state,study1_candidate_20260917/data/confirmation_R_000.mat,confirmation,0,stationary,0.5,derived pilot,After 100 initialization transitions,100,NaN,rateLimited,clean,(dimensionless state)^2,0.45,10,1,29,29,0,2.90255357037081e-05,7.32581247562478e-08,0.000270662381494451,-0.0322217249935626,0.00429258823720082,0.0655178467076019,-0.0321926994578589,0.00429448141812314,0.0655322929411381,0,0,0,0,0,0,-0.0321926994578589,0.00429448141812314,0.0655322929411381,1.81992279756453e-06,1.81992279756453e-06,5.2304284492953e-19,5.2304284492953e-19,0,2.66984784974555e-18,0,2.66984784974555e-18,0,0
commonData,1,A,R,Relaxed,dimensionless state,study1_candidate_20260917/data/confirmation_R_000.mat,confirmation,0,stationary,0.5,derived pilot,After 100 initialization transitions,100,NaN,rateLimited,clean,(dimensionless state)^2,0.45,20,2,29,29,0,0.000183810427739536,1.54658935252283e-07,0.00039326700249612,-0.0621579925758935,0.0144978192922831,0.120406890551509,-0.061974182148154,0.0144623308894071,0.120259431602711,0,0,0,0,0,0,-0.061974182148154,0.0144623308894071,0.120259431602711,-3.56430618112795e-05,-3.56430618112795e-05,-7.11507675693612e-19,-7.11507675693612e-19,5.55111512312578e-17,2.72676846380104e-17,5.55111512312578e-17,2.72676846380104e-17,0,0
commonData,1,A,R,Relaxed,dimensionless state,study1_candidate_20260917/data/confirmation_R_000.mat,confirmation,0,stationary,0.5,derived pilot,After 200 initialization transitions,200,NaN,held,clean,(dimensionless state)^2,0.45,1,0.1,29,29,0,3.95309141272464e-06,1.48402707616984e-09,3.85230719980876e-05,0,0,0,3.95309141272464e-06,1.48402707616984e-09,3.85230719980876e-05,0,0,0,0,0,0,3.95309141272464e-06,1.48402707616984e-09,3.85230719980876e-05,0,0,0,0,0,0,0,0,0,0
commonData,1,A,R,Relaxed,dimensionless state,study1_candidate_20260917/data/confirmation_R_000.mat,confirmation,0,stationary,0.5,derived pilot,After 200 initialization transitions,200,NaN,held,clean,(dimensionless state)^2,0.45,2,0.2,29,29,0,5.49268466996047e-06,4.0167133137522e-09,6.33775458167339e-05,7.41743831107324e-18,1.44278717385561e-33,3.79840384089898e-17,5.49268466996789e-06,4.0167133137507e-09,6.3377545816722e-05,0,0,0,0,0,0,5.49268466996789e-06,4.0167133137507e-09,6.3377545816722e-05,-1.50386149402042e-21,-1.50386149402042e-21,4.71403975705829e-26,4.71403975705829e-26,0,1.24388567448405e-24,0,1.24388567448405e-24,0,0
commonData,1,A,R,Relaxed,dimensionless state,study1_candidate_20260917/data/confirmation_R_000.mat,confirmation,0,stationary,0.5,derived pilot,After 200 initialization transitions,200,NaN,held,clean,(dimensionless state)^2,0.45,5,0.5,29,29,0,4.62487665767175e-06,9.64763174097588e-09,9.82223586612329e-05,1.10065213648184e-17,4.33666294374091e-33,6.58533442107606e-17,4.62487665768276e-06,9.64763174097169e-09,9.82223586612116e-05,0,0,0,0,0,0,4.62487665768276e-06,9.64763174097169e-09,9.82223586612116e-05,-4.18712462292935e-21,-4.18712462292935e-21,-1.71799904352339e-24,-1.71799904352339e-24,0,1.3083055844224e-24,0,1.3083055844224e-24,0,0
commonData,1,A,R,Relaxed,dimensionless state,study1_candidate_20260917/data/confirmation_R_000.mat,confirmation,0,stationary,0.5,derived pilot,After 200 initialization transitions,200,NaN,held,clean,(dimensionless state)^2,0.45,10,1,29,29,0,1.70074501830431e-06,1.25711132874834e-08,0.000112120976126162,-1.48348766221465e-17,8.98545936122735e-33,9.4791662931016e-17,1.70074501828947e-06,1.25711132874782e-08,0.000112120976126139,0,0,0,0,0,0,1.70074501828947e-06,1.25711132874782e-08,0.000112120976126139,-5.15984628474329e-21,-5.15984628474329e-21,-3.4150988216972e-24,-3.4150988216972e-24,0,5.07457796922558e-24,0,5.07457796922558e-24,0,0
commonData,1,A,R,Relaxed,dimensionless state,study1_candidate_20260917/data/confirmation_R_000.mat,confirmation,0,stationary,0.5,derived pilot,After 200 initialization transitions,200,NaN,held,clean,(dimensionless state)^2,0.45,20,2,29,29,0,4.83276536274599e-07,1.31829753101957e-08,0.000114817138573454,-1.62705098436445e-17,5.59183797646225e-33,7.4778593036124e-17,4.83276536258329e-07,1.31829753101935e-08,0.000114817138573444,0,0,0,0,0,0,4.83276536258329e-07,1.31829753101935e-08,0.000114817138573444,-2.19191685153082e-21,-2.19191685153082e-21,-1.1177174029371e-25,-1.1177174029371e-25,0,3.72881660342189e-24,0,3.72881660342189e-24,0,0
commonData,1,A,R,Relaxed,dimensionless state,study1_candidate_20260917/data/confirmation_R_000.mat,confirmation,0,stationary,0.5,derived pilot,After 200 initialization transitions,200,NaN,rateLimited,clean,(dimensionless state)^2,0.45,1,0.1,29,29,0,3.95309141272464e-06,1.48402707616984e-09,3.85230719980876e-05,0,0,0,3.95309141272464e-06,1.48402707616984e-09,3.85230719980876e-05,0,0,0,0,0,0,3.95309141272464e-06,1.48402707616984e-09,3.85230719980876e-05,0,0,0,0,0,0,0,0,0,0
commonData,1,A,R,Relaxed,dimensionless state,study1_candidate_20260917/data/confirmation_R_000.mat,confirmation,0,stationary,0.5,derived pilot,After 200 initialization transitions,200,NaN,rateLimited,clean,(dimensionless state)^2,0.45,2,0.2,29,29,0,3.4355133940896e-06,3.88628762806592e-09,6.23400964714197e-05,-0.00176326071488233,8.30629063273404e-06,0.00288206360664265,-0.00175982520148824,8.30378990886483e-06,0.0028816297313959,0,0,0,0,0,0,-0.00175982520148824,8.30378990886483e-06,0.0028816297313959,-6.38701149727336e-09,-6.38701149727336e-09,5.84816693074991e-22,5.84816693074991e-22,0,6.18069353699622e-21,0,6.18069353699622e-21,0,0
commonData,1,A,R,Relaxed,dimensionless state,study1_candidate_20260917/data/confirmation_R_000.mat,confirmation,0,stationary,0.5,derived pilot,After 200 initialization transitions,200,NaN,rateLimited,clean,(dimensionless state)^2,0.45,5,0.5,29,29,0,8.07100862185521e-07,1.10909377197848e-08,0.000105313521068213,-0.0237657218303857,0.00192085299067794,0.0438275368995103,-0.0237649147295235,0.00192077079184463,0.0438265991361938,0,0,0,0,0,0,-0.0237649147295235,0.00192077079184463,0.0438265991361938,-9.32897710319909e-08,-9.32897710319909e-08,1.13833287177097e-19,1.13833287177097e-19,0,8.86843495775252e-19,0,8.86843495775252e-19,0,0
commonData,1,A,R,Relaxed,dimensionless state,study1_candidate_20260917/data/confirmation_R_000.mat,confirmation,0,stationary,0.5,derived pilot,After 200 initialization transitions,200,NaN,rateLimited,clean,(dimensionless state)^2,0.45,10,1,29,29,0,-3.92201477286752e-05,8.70720609643515e-09,9.33124112668575e-05,-0.032113067473441,0.00426445078205418,0.0653027624381556,-0.0321522876211697,0.00426759947482873,0.0653268664090719,0,0,0,0,0,0,-0.0321522876211697,0.00426759947482873,0.0653268664090719,3.13998556844964e-06,3.13998556844964e-06,2.21922632180627e-19,2.21922632180627e-19,6.93889390390723e-18,4.15046144154607e-18,6.93889390390723e-18,4.15046144154607e-18,0,0
commonData,1,A,R,Relaxed,dimensionless state,study1_candidate_20260917/data/confirmation_R_000.mat,confirmation,0,stationary,0.5,derived pilot,After 200 initialization transitions,200,NaN,rateLimited,clean,(dimensionless state)^2,0.45,20,2,29,29,0,4.72568764384341e-06,1.07238230095042e-08,0.000103555893166465,-0.0619734958162556,0.014405948196273,0.120024781592274,-0.0619687701286118,0.0144018167210296,0.120007569432222,0,0,0,0,0,0,-0.0619687701286118,0.0144018167210296,0.120007569432222,-4.14219906638147e-06,-4.14219906638147e-06,1.39336919823332e-18,1.39336919823332e-18,0,3.0533843682623e-17,0,3.0533843682623e-17,0,0
commonData,1,A,P2,Complete quadratic,dimensionless state,study1_candidate_20260917/data/confirmation_P2_000.mat,confirmation,0,stationary,0.5,derived pilot,After 25 initialization transitions,25,NaN,held,clean,(dimensionless state)^2,0.45,1,0.1,29,29,0,0.00137149762470257,9.86929165071641e-06,0.00314154287742765,-1.10663394157141e-18,1.72513929555161e-35,4.15347962021196e-18,0.00137149762470257,9.86929165071642e-06,0.00314154287742765,0,0,0,0,0,0,0.00137149762470257,9.86929165071642e-06,0.00314154287742765,1.80867263909589e-21,1.80867263909589e-21,3.27352504442989e-21,3.27352504442989e-21,0,5.01004345411514e-23,0,5.01004345411514e-23,0,0
commonData,1,A,P2,Complete quadratic,dimensionless state,study1_candidate_20260917/data/confirmation_P2_000.mat,confirmation,0,stationary,0.5,derived pilot,After 25 initialization transitions,25,NaN,held,clean,(dimensionless state)^2,0.45,2,0.2,29,29,0,0.00192507730308627,2.18769594221654e-05,0.00467728119981741,-0.000135182728034514,3.30430657779447e-08,0.00018177751725102,0.00178989457505175,2.16667667896853e-05,0.00465475743618132,0,0,0,0,0,0,0.00178989457505175,2.16667667896853e-05,0.00465475743618132,-2.4323569825808e-07,-2.4323569825808e-07,1.6940658945086e-21,1.6940658945086e-21,0,7.76226286819761e-21,0,7.76226286819761e-21,0,0
commonData,1,A,P2,Complete quadratic,dimensionless state,study1_candidate_20260917/data/confirmation_P2_000.mat,confirmation,0,stationary,0.5,derived pilot,After 25 initialization transitions,25,NaN,held,clean,(dimensionless state)^2,0.45,5,0.5,29,29,0,0.00257864913868918,4.43481918209065e-05,0.00665944380717388,-0.00126359643448526,2.91310157817667e-06,0.00170678105748121,0.00131505270420391,4.56289340082468e-05,0.00675491924513142,0,0,0,0,0,0,0.00131505270420391,4.56289340082468e-05,0.00675491924513142,-1.63235939083636e-06,-1.63235939083636e-06,2.75285707857648e-21,2.75285707857648e-21,0,1.10114283143059e-20,0,1.10114283143059e-20,0,0
commonData,1,A,P2,Complete quadratic,dimensionless state,study1_candidate_20260917/data/confirmation_P2_000.mat,confirmation,0,stationary,0.5,derived pilot,After 25 initialization transitions,25,NaN,held,clean,(dimensionless state)^2,0.45,10,1,29,29,0,0.0031182613358831,6.25672415381636e-05,0.00790994573547528,-0.00260250901460403,1.27497613061349e-05,0.00357068079028844,0.000515752321279074,7.17422548997969e-05,0.00847007998190082,0,0,0,0,0,0,0.000515752321279074,7.17422548997969e-05,0.00847007998190082,-3.57474794450159e-06,-3.57474794450159e-06,2.37169225231204e-20,2.37169225231204e-20,0,4.15046144154607e-20,0,4.15046144154607e-20,0,0
commonData,1,A,P2,Complete quadratic,dimensionless state,study1_candidate_20260917/data/confirmation_P2_000.mat,confirmation,0,stationary,0.5,derived pilot,After 25 initialization transitions,25,NaN,held,clean,(dimensionless state)^2,0.45,20,2,29,29,0,0.00338840775609819,7.06196901970987e-05,0.00840355223682811,-0.00307760942317439,1.82177610220307e-05,0.00426822691782322,0.000310798332923799,8.31670729714474e-05,0.00911959829002612,0,0,0,0,0,0,0.000310798332923799,8.31670729714474e-05,0.00911959829002612,-5.67037824768207e-06,-5.67037824768207e-06,-1.01643953670516e-20,-1.01643953670516e-20,0,2.03287907341032e-20,0,2.03287907341032e-20,0,0
commonData,1,A,P2,Complete quadratic,dimensionless state,study1_candidate_20260917/data/confirmation_P2_000.mat,confirmation,0,stationary,0.5,derived pilot,After 25 initialization transitions,25,NaN,rateLimited,clean,(dimensionless state)^2,0.45,1,0.1,29,29,0,0.00137149762470257,9.86929165071641e-06,0.00314154287742765,-1.10663394157141e-18,1.72513929555161e-35,4.15347962021196e-18,0.00137149762470257,9.86929165071642e-06,0.00314154287742765,0,0,0,0,0,0,0.00137149762470257,9.86929165071642e-06,0.00314154287742765,1.80867263909589e-21,1.80867263909589e-21,3.27352504442989e-21,3.27352504442989e-21,0,5.01004345411514e-23,0,5.01004345411514e-23,0,0
commonData,1,A,P2,Complete quadratic,dimensionless state,study1_candidate_20260917/data/confirmation_P2_000.mat,confirmation,0,stationary,0.5,derived pilot,After 25 initialization transitions,25,NaN,rateLimited,clean,(dimensionless state)^2,0.45,2,0.2,29,29,0,0.00227602469060937,2.21050457391913e-05,0.00470160033809673,-0.00207022532277774,1.05220957914732e-05,0.00324377801205218,0.000205799367831625,2.48159847729058e-05,0.00498156449048949,0,0,0,0,0,0,0.000205799367831625,2.48159847729058e-05,0.00498156449048949,-7.8111567577587e-06,-7.8111567577587e-06,3.3881317890172e-21,3.3881317890172e-21,0,1.35525271560688e-20,0,1.35525271560688e-20,0,0
commonData,1,A,P2,Complete quadratic,dimensionless state,study1_candidate_20260917/data/confirmation_P2_000.mat,confirmation,0,stationary,0.5,derived pilot,After 25 initialization transitions,25,NaN,rateLimited,clean,(dimensionless state)^2,0.45,5,0.5,29,29,0,0.00315066641565999,4.62827932657704e-05,0.00680314583599164,-0.0275267964089741,0.00244933630710136,0.0494907699182521,-0.0243761299933141,0.00236218408536476,0.0486023053503099,0,0,0,0,0,0,-0.0243761299933141,0.00236218408536476,0.0486023053503099,-0.000133435015002369,-0.000133435015002369,7.04731412115578e-19,7.04731412115578e-19,0,5.42101086242752e-19,0,5.42101086242752e-19,0,0
commonData,1,A,P2,Complete quadratic,dimensionless state,study1_candidate_20260917/data/confirmation_P2_000.mat,confirmation,0,stationary,0.5,derived pilot,After 25 initialization transitions,25,NaN,rateLimited,clean,(dimensionless state)^2,0.45,10,1,29,29,0,0.00122564457119114,3.12244702657077e-05,0.00558788602833914,-0.0408755781385875,0.00544226934969619,0.0737717381501628,-0.0396499335673963,0.00538136168497314,0.0733577649943967,0,0,0,0,0,0,-0.0396499335673963,0.00538136168497314,0.0733577649943967,-9.21321349887561e-05,-9.21321349887561e-05,7.04731412115578e-19,7.04731412115578e-19,0,5.42101086242752e-18,0,5.42101086242752e-18,0,0
commonData,1,A,P2,Complete quadratic,dimensionless state,study1_candidate_20260917/data/confirmation_P2_000.mat,confirmation,0,stationary,0.5,derived pilot,After 25 initialization transitions,25,NaN,rateLimited,clean,(dimensionless state)^2,0.45,20,2,29,29,0,0.00292466585118989,3.42810637009679e-05,0.00585500330494936,-0.0728900525900838,0.0186241705314609,0.136470401668131,-0.0699653867388939,0.0180742968639063,0.134440681580786,0,0,0,0,0,0,-0.0699653867388939,0.0180742968639063,0.134440681580786,-0.000584154731255597,-0.000584154731255597,2.81892564846231e-18,2.81892564846231e-18,0,2.12503625807159e-17,0,2.12503625807159e-17,0,0
commonData,1,A,P2,Complete quadratic,dimensionless state,study1_candidate_20260917/data/confirmation_P2_000.mat,confirmation,0,stationary,0.5,derived pilot,After 50 initialization transitions,50,NaN,held,clean,(dimensionless state)^2,0.45,1,0.1,29,29,0,0.000688983666816587,2.18492938228435e-06,0.00147815066291781,-4.39662674083777e-18,4.31907430550958e-34,2.07823826966726e-17,0.000688983666816583,2.18492938228434e-06,0.0014781506629178,0,0,0,0,0,0,0.000688983666816583,2.18492938228434e-06,0.0014781506629178,-4.73031295700603e-21,-4.73031295700603e-21,7.16317471069507e-23,7.16317471069507e-23,0,2.33308055599471e-23,0,2.33308055599471e-23,0,0
commonData,1,A,P2,Complete quadratic,dimensionless state,study1_candidate_20260917/data/confirmation_P2_000.mat,confirmation,0,stationary,0.5,derived pilot,After 50 initialization transitions,50,NaN,held,clean,(dimensionless state)^2,0.45,2,0.2,29,29,0,0.000989118880918378,4.84686779325533e-06,0.00220156030879359,-5.83394373448956e-05,6.19435512311839e-09,7.8704225573462e-05,0.000930779443573482,4.78920293794791e-06,0.00218842476177453,0,0,0,0,0,0,0.000930779443573482,4.78920293794791e-06,0.00218842476177453,-6.38592104305291e-08,-6.38592104305291e-08,-8.20563167652603e-22,-8.20563167652603e-22,0,1.36981109438781e-21,0,1.36981109438781e-21,0,0
commonData,1,A,P2,Complete quadratic,dimensionless state,study1_candidate_20260917/data/confirmation_P2_000.mat,confirmation,0,stationary,0.5,derived pilot,After 50 initialization transitions,50,NaN,held,clean,(dimensionless state)^2,0.45,5,0.5,29,29,0,0.00133781673023941,9.5080733763768e-06,0.00308351639794193,-0.000550499692735025,5.54984392297996e-07,0.000744972746010212,0.000787317037504387,9.49138423536414e-06,0.00308080902286463,0,0,0,0,0,0,0.000787317037504387,9.49138423536414e-06,0.00308080902286463,-5.71673533310657e-07,-5.71673533310657e-07,-1.37642853928824e-21,-1.37642853928824e-21,0,5.0821976835258e-21,0,5.0821976835258e-21,0,0
commonData,1,A,P2,Complete quadratic,dimensionless state,study1_candidate_20260917/data/confirmation_P2_000.mat,confirmation,0,stationary,0.5,derived pilot,After 50 initialization transitions,50,NaN,held,clean,(dimensionless state)^2,0.45,10,1,29,29,0,0.0015704175294447,1.27354690841242e-05,0.00356867889899388,-0.00113887368535903,2.44786570154736e-06,0.00156456565907199,0.000431543844085672,1.40567363338857e-05,0.00374923143242528,0,0,0,0,0,0,0.000431543844085672,1.40567363338857e-05,0.00374923143242528,-1.1265984517858e-06,-1.1265984517858e-06,-4.65868120989865e-21,-4.65868120989865e-21,0,5.50571415715295e-21,0,5.50571415715295e-21,0,0
commonData,1,A,P2,Complete quadratic,dimensionless state,study1_candidate_20260917/data/confirmation_P2_000.mat,confirmation,0,stationary,0.5,derived pilot,After 50 initialization transitions,50,NaN,held,clean,(dimensionless state)^2,0.45,20,2,29,29,0,0.00167206087041303,1.39035146979429e-05,0.00372874170437466,-0.00134427648920705,3.48481261690256e-06,0.00186676528168449,0.00032778438120598,1.5983732021447e-05,0.00399796598552901,0,0,0,0,0,0,0.00032778438120598,1.5983732021447e-05,0.00399796598552901,-1.40459529339848e-06,-1.40459529339848e-06,-2.32934060494933e-21,-2.32934060494933e-21,0,4.49986253228847e-21,0,4.49986253228847e-21,0,0
commonData,1,A,P2,Complete quadratic,dimensionless state,study1_candidate_20260917/data/confirmation_P2_000.mat,confirmation,0,stationary,0.5,derived pilot,After 50 initialization transitions,50,NaN,rateLimited,clean,(dimensionless state)^2,0.45,1,0.1,29,29,0,0.000688983666816587,2.18492938228435e-06,0.00147815066291781,-4.39662674083777e-18,4.31907430550958e-34,2.07823826966726e-17,0.000688983666816583,2.18492938228434e-06,0.0014781506629178,0,0,0,0,0,0,0.000688983666816583,2.18492938228434e-06,0.0014781506629178,-4.73031295700603e-21,-4.73031295700603e-21,7.16317471069507e-23,7.16317471069507e-23,0,2.33308055599471e-23,0,2.33308055599471e-23,0,0
commonData,1,A,P2,Complete quadratic,dimensionless state,study1_candidate_20260917/data/confirmation_P2_000.mat,confirmation,0,stationary,0.5,derived pilot,After 50 initialization transitions,50,NaN,rateLimited,clean,(dimensionless state)^2,0.45,2,0.2,29,29,0,0.00113452706611783,4.96583621283188e-06,0.00222841562838531,-0.00188532209893565,9.13059833768998e-06,0.0030216879947622,-0.000750795032817822,1.05185065520997e-05,0.00324322471501741,0,0,0,0,0,0,-0.000750795032817822,1.05185065520997e-05,0.00324322471501741,-3.57792799842213e-06,-3.57792799842213e-06,-7.19978005166155e-21,-7.19978005166155e-21,0,6.7762635780344e-21,0,6.7762635780344e-21,0,0
commonData,1,A,P2,Complete quadratic,dimensionless state,study1_candidate_20260917/data/confirmation_P2_000.mat,confirmation,0,stationary,0.5,derived pilot,After 50 initialization transitions,50,NaN,rateLimited,clean,(dimensionless state)^2,0.45,5,0.5,29,29,0,0.00155038427444146,9.77913194262504e-06,0.00312716036407234,-0.0253386096754873,0.00212980109647077,0.0461497681085265,-0.0237882254010458,0.00207618527375976,0.0455651761080736,0,0,0,0,0,0,-0.0237882254010458,0.00207618527375976,0.0455651761080736,-6.33949546536329e-05,-6.33949546536329e-05,-2.16840434497101e-19,-2.16840434497101e-19,0,6.83047368665868e-18,0,6.83047368665868e-18,0,0
commonData,1,A,P2,Complete quadratic,dimensionless state,study1_candidate_20260917/data/confirmation_P2_000.mat,confirmation,0,stationary,0.5,derived pilot,After 50 initialization transitions,50,NaN,rateLimited,clean,(dimensionless state)^2,0.45,10,1,29,29,0,0.00069887408971184,6.33461714105221e-06,0.00251686653222856,-0.0357428586353884,0.00470724035688553,0.0686093314126113,-0.0350439845456766,0.00466922222754903,0.0683317073367045,0,0,0,0,0,0,-0.0350439845456766,0.00466922222754903,0.0683317073367045,-4.43527464775479e-05,-4.43527464775479e-05,2.23616698075135e-18,2.23616698075135e-18,0,4.98732999343332e-18,0,4.98732999343332e-18,0,0
commonData,1,A,P2,Complete quadratic,dimensionless state,study1_candidate_20260917/data/confirmation_P2_000.mat,confirmation,0,stationary,0.5,derived pilot,After 50 initialization transitions,50,NaN,rateLimited,clean,(dimensionless state)^2,0.45,20,2,29,29,0,0.00149814289633501,7.99667695616923e-06,0.00282783962702435,-0.0664223712842173,0.0160263677972741,0.126595291370864,-0.0649242283878822,0.0157690447444233,0.125574857134791,0,0,0,0,0,0,-0.0649242283878822,0.0157690447444233,0.125574857134791,-0.000265319729806954,-0.000265319729806954,6.7762635780344e-18,6.7762635780344e-18,5.55111512312578e-17,4.48859699408999e-17,5.55111512312578e-17,4.48859699408999e-17,0,0
commonData,1,A,P2,Complete quadratic,dimensionless state,study1_candidate_20260917/data/confirmation_P2_000.mat,confirmation,0,stationary,0.5,derived pilot,After 100 initialization transitions,100,NaN,held,clean,(dimensionless state)^2,0.45,1,0.1,29,29,0,0.000109140314664717,1.76363854534825e-07,0.000419956967479794,-5.47335165696131e-18,4.48925346007828e-34,2.11878584573295e-17,0.000109140314664712,1.76363854534825e-07,0.000419956967479794,0,0,0,0,0,0,0.000109140314664712,1.76363854534825e-07,0.000419956967479794,3.54699091481273e-22,3.54699091481273e-22,4.23476025437311e-23,4.23476025437311e-23,0,2.01483648585473e-24,0,2.01483648585473e-24,0,0
commonData,1,A,P2,Complete quadratic,dimensionless state,study1_candidate_20260917/data/confirmation_P2_000.mat,confirmation,0,stationary,0.5,derived pilot,After 100 initialization transitions,100,NaN,held,clean,(dimensionless state)^2,0.45,2,0.2,29,29,0,0.000106877640604055,3.81150856419644e-07,0.000617374162416637,-2.48761737388871e-05,1.13151827330028e-09,3.36380480007428e-05,8.20014668651678e-05,3.81809035628984e-07,0.000617906979754222,0,0,0,0,0,0,8.20014668651678e-05,3.81809035628984e-07,0.000617906979754222,-4.73339063959569e-10,-4.73339063959569e-10,-9.56427583264438e-23,-9.56427583264438e-23,0,1.72467157717306e-22,0,1.72467157717306e-22,0,0
commonData,1,A,P2,Complete quadratic,dimensionless state,study1_candidate_20260917/data/confirmation_P2_000.mat,confirmation,0,stationary,0.5,derived pilot,After 100 initialization transitions,100,NaN,held,clean,(dimensionless state)^2,0.45,5,0.5,29,29,0,5.54974524920389e-05,7.58729316331483e-07,0.0008710506967631,-0.000236194018485522,1.02458601313992e-07,0.000320091551456754,-0.000180696565993483,9.44538139840283e-07,0.000971873520495482,0,0,0,0,0,0,-0.000180696565993483,9.44538139840283e-07,0.000971873520495482,8.33502221948084e-08,8.33502221948084e-08,-1.45583787809333e-22,-1.45583787809333e-22,0,4.2351647362715e-22,0,4.2351647362715e-22,0,0
commonData,1,A,P2,Complete quadratic,dimensionless state,study1_candidate_20260917/data/confirmation_P2_000.mat,confirmation,0,stationary,0.5,derived pilot,After 100 initialization transitions,100,NaN,held,clean,(dimensionless state)^2,0.45,10,1,29,29,0,6.71477326838151e-05,1.03221732824393e-06,0.00101598096844573,-0.000490459486740943,4.54667089926488e-07,0.000674290063642115,-0.000423311754057128,1.74711237692214e-06,0.00132178378599608,0,0,0,0,0,0,-0.000423311754057128,1.74711237692214e-06,0.00132178378599608,2.60227958751718e-07,2.60227958751718e-07,-5.29395592033938e-23,-5.29395592033938e-23,0,8.470329472543e-22,0,8.470329472543e-22,0,0
commonData,1,A,P2,Complete quadratic,dimensionless state,study1_candidate_20260917/data/confirmation_P2_000.mat,confirmation,0,stationary,0.5,derived pilot,After 100 initialization transitions,100,NaN,held,clean,(dimensionless state)^2,0.45,20,2,29,29,0,9.02946880739238e-05,1.11828780690928e-06,0.00105749127982659,-0.000578944458447888,6.47150386088968e-07,0.000804456578125238,-0.000488649770373964,2.08445140487513e-06,0.00144376293236637,0,0,0,0,0,0,-0.000488649770373964,2.08445140487513e-06,0.00144376293236637,3.19013211876882e-07,3.19013211876882e-07,3.17637355220363e-22,3.17637355220363e-22,0,8.470329472543e-22,0,8.470329472543e-22,0,0
commonData,1,A,P2,Complete quadratic,dimensionless state,study1_candidate_20260917/data/confirmation_P2_000.mat,confirmation,0,stationary,0.5,derived pilot,After 100 initialization transitions,100,NaN,rateLimited,clean,(dimensionless state)^2,0.45,1,0.1,29,29,0,0.000109140314664717,1.76363854534825e-07,0.000419956967479794,-5.47335165696131e-18,4.48925346007828e-34,2.11878584573295e-17,0.000109140314664712,1.76363854534825e-07,0.000419956967479794,0,0,0,0,0,0,0.000109140314664712,1.76363854534825e-07,0.000419956967479794,3.54699091481273e-22,3.54699091481273e-22,4.23476025437311e-23,4.23476025437311e-23,0,2.01483648585473e-24,0,2.01483648585473e-24,0,0
commonData,1,A,P2,Complete quadratic,dimensionless state,study1_candidate_20260917/data/confirmation_P2_000.mat,confirmation,0,stationary,0.5,derived pilot,After 100 initialization transitions,100,NaN,rateLimited,clean,(dimensionless state)^2,0.45,2,0.2,29,29,0,0.000220468826155403,4.21761862416315e-07,0.000649431953645888,-0.00181289493184606,8.60976866023503e-06,0.00293424072976895,-0.00159242610569065,7.93684585143604e-06,0.00281724082240692,0,0,0,0,0,0,-0.00159242610569065,7.93684585143604e-06,0.00281724082240692,-1.09468467121529e-06,-1.09468467121529e-06,-2.32934060494933e-21,-2.32934060494933e-21,0,4.87043944671223e-21,0,4.87043944671223e-21,0,0
commonData,1,A,P2,Complete quadratic,dimensionless state,study1_candidate_20260917/data/confirmation_P2_000.mat,confirmation,0,stationary,0.5,derived pilot,After 100 initialization transitions,100,NaN,rateLimited,clean,(dimensionless state)^2,0.45,5,0.5,29,29,0,0.000184641135343696,7.55434572766961e-07,0.000869157392401952,-0.0242866022606479,0.00198431198624171,0.0445456169139199,-0.0241019611253042,0.00197065333287259,0.0443920413235592,0,0,0,0,0,0,-0.0241019611253042,0.00197065333287259,0.0443920413235592,-1.44140879418876e-05,-1.44140879418876e-05,5.0821976835258e-21,5.0821976835258e-21,0,1.12485975395371e-18,0,1.12485975395371e-18,0,0
commonData,1,A,P2,Complete quadratic,dimensionless state,study1_candidate_20260917/data/confirmation_P2_000.mat,confirmation,0,stationary,0.5,derived pilot,After 100 initialization transitions,100,NaN,rateLimited,clean,(dimensionless state)^2,0.45,10,1,29,29,0,-2.23150117460586e-05,7.46822920220814e-07,0.000864189169233689,-0.0336508304741251,0.0044110685831383,0.0664158759871335,-0.0336731454858712,0.00440404171903045,0.0663629544175849,0,0,0,0,0,0,-0.0336731454858712,0.00440404171903045,0.0663629544175849,-7.77368702806603e-06,-7.77368702806603e-06,5.31936690875701e-19,5.31936690875701e-19,6.93889390390723e-18,2.33103467084383e-18,6.93889390390723e-18,2.33103467084383e-18,0,0
commonData,1,A,P2,Complete quadratic,dimensionless state,study1_candidate_20260917/data/confirmation_P2_000.mat,confirmation,0,stationary,0.5,derived pilot,After 100 initialization transitions,100,NaN,rateLimited,clean,(dimensionless state)^2,0.45,20,2,29,29,0,0.00017172110245099,6.03588830564707e-07,0.000776909795642137,-0.0635442501064707,0.0148897159524404,0.122023423785929,-0.0633725290040197,0.0148489405544478,0.121856229034251,0,0,0,0,0,0,-0.0633725290040197,0.0148489405544478,0.121856229034251,-4.13789868231151e-05,-4.13789868231151e-05,-2.79859685772821e-18,-2.79859685772821e-18,5.55111512312578e-17,6.31276714929685e-17,5.55111512312578e-17,6.31276714929685e-17,0,0
commonData,1,A,P2,Complete quadratic,dimensionless state,study1_candidate_20260917/data/confirmation_P2_000.mat,confirmation,0,stationary,0.5,derived pilot,After 200 initialization transitions,200,NaN,held,clean,(dimensionless state)^2,0.45,1,0.1,29,29,0,-4.04217704213166e-06,1.52895893765193e-08,0.000123651079156307,1.58517834873743e-18,3.6967270618963e-35,6.08007159653264e-18,-4.04217704213008e-06,1.52895893765192e-08,0.000123651079156307,0,0,0,0,0,0,-4.04217704213008e-06,1.52895893765192e-08,0.000123651079156307,-1.02483737949068e-22,-1.02483737949068e-22,-8.66580075441268e-26,-8.66580075441268e-26,0,5.88051054390733e-25,0,5.88051054390733e-25,0,0
commonData,1,A,P2,Complete quadratic,dimensionless state,study1_candidate_20260917/data/confirmation_P2_000.mat,confirmation,0,stationary,0.5,derived pilot,After 200 initialization transitions,200,NaN,held,clean,(dimensionless state)^2,0.45,2,0.2,29,29,0,-4.13191279956188e-05,3.38327047279858e-08,0.000183936686737545,-1.10579093897107e-05,2.2383129579356e-10,1.4960992473548e-05,-5.23770373853295e-05,3.52983947541484e-08,0.000187878670301204,0,0,0,0,0,0,-5.23770373853295e-05,3.52983947541484e-08,0.000187878670301204,1.24185873036903e-09,1.24185873036903e-09,-4.54949336904165e-24,-4.54949336904165e-24,0,1.09601431163276e-23,0,1.09601431163276e-23,0,0
commonData,1,A,P2,Complete quadratic,dimensionless state,study1_candidate_20260917/data/confirmation_P2_000.mat,confirmation,0,stationary,0.5,derived pilot,After 200 initialization transitions,200,NaN,held,clean,(dimensionless state)^2,0.45,5,0.5,29,29,0,-0.000116851134855605,7.80450500207397e-08,0.00027936544170806,-0.00010521352553449,2.03393027407254e-08,0.000142615927373928,-0.000222064660390095,1.37014473283211e-07,0.000370154661301476,0,0,0,0,0,0,-0.000222064660390095,1.37014473283211e-07,0.000370154661301476,3.86301205217453e-08,3.86301205217453e-08,7.94093388050907e-23,7.94093388050907e-23,0,5.29395592033938e-23,0,5.29395592033938e-23,0,0
commonData,1,A,P2,Complete quadratic,dimensionless state,study1_candidate_20260917/data/confirmation_P2_000.mat,confirmation,0,stationary,0.5,derived pilot,After 200 initialization transitions,200,NaN,held,clean,(dimensionless state)^2,0.45,10,1,29,29,0,-0.000131336276080919,1.11107754163004e-07,0.000333328297873138,-0.000218817483030075,9.05245445707146e-08,0.0003008729708211,-0.000350153759110994,3.03846804569063e-07,0.00055122300801859,0,0,0,0,0,0,-0.000350153759110994,3.03846804569063e-07,0.00055122300801859,1.02214505835345e-07,1.02214505835345e-07,9.26442286059391e-23,9.26442286059391e-23,0,1.05879118406788e-22,0,1.05879118406788e-22,0,0
commonData,1,A,P2,Complete quadratic,dimensionless state,study1_candidate_20260917/data/confirmation_P2_000.mat,confirmation,0,stationary,0.5,derived pilot,After 200 initialization transitions,200,NaN,held,clean,(dimensionless state)^2,0.45,20,2,29,29,0,-0.000124290734324792,1.20384466138803e-07,0.000346964646814056,-0.000258385296621903,1.28963826869772e-07,0.000359115339229295,-0.000382676030946694,3.71191586569109e-07,0.000609254943819998,0,0,0,0,0,0,-0.000382676030946694,3.71191586569109e-07,0.000609254943819998,1.21843293560534e-07,1.21843293560534e-07,0,0,0,1.05879118406788e-22,0,1.05879118406788e-22,0,0
commonData,1,A,P2,Complete quadratic,dimensionless state,study1_candidate_20260917/data/confirmation_P2_000.mat,confirmation,0,stationary,0.5,derived pilot,After 200 initialization transitions,200,NaN,rateLimited,clean,(dimensionless state)^2,0.45,1,0.1,29,29,0,-4.04217704213166e-06,1.52895893765193e-08,0.000123651079156307,1.58517834873743e-18,3.6967270618963e-35,6.08007159653264e-18,-4.04217704213008e-06,1.52895893765192e-08,0.000123651079156307,0,0,0,0,0,0,-4.04217704213008e-06,1.52895893765192e-08,0.000123651079156307,-1.02483737949068e-22,-1.02483737949068e-22,-8.66580075441268e-26,-8.66580075441268e-26,0,5.88051054390733e-25,0,5.88051054390733e-25,0,0
commonData,1,A,P2,Complete quadratic,dimensionless state,study1_candidate_20260917/data/confirmation_P2_000.mat,confirmation,0,stationary,0.5,derived pilot,After 200 initialization transitions,200,NaN,rateLimited,clean,(dimensionless state)^2,0.45,2,0.2,29,29,0,1.95986741309704e-05,4.02135684485637e-08,0.000200533210338247,-0.00178081121332545,8.39868482303688e-06,0.00289804845077457,-0.00176121253919448,8.08087575772693e-06,0.00284268812178314,0,0,0,0,0,0,-0.00176121253919448,8.08087575772693e-06,0.00284268812178314,-3.58022633758505e-07,-3.58022633758505e-07,-2.11758236813575e-22,-2.11758236813575e-22,0,4.55280209149186e-21,0,4.55280209149186e-21,0,0
commonData,1,A,P2,Complete quadratic,dimensionless state,study1_candidate_20260917/data/confirmation_P2_000.mat,confirmation,0,stationary,0.5,derived pilot,After 200 initialization transitions,200,NaN,rateLimited,clean,(dimensionless state)^2,0.45,5,0.5,29,29,0,-5.96155709231877e-05,6.94272240052437e-08,0.000263490462835458,-0.023938830355661,0.00193913833909625,0.0440356485031872,-0.0239984459265841,0.00193717588934194,0.0440133603504884,0,0,0,0,0,0,-0.0239984459265841,0.00193717588934194,0.0440133603504884,-2.0318769783137e-06,-2.0318769783137e-06,-4.91279109407494e-20,-4.91279109407494e-20,0,1.99222149194211e-18,0,1.99222149194211e-18,0,0
commonData,1,A,P2,Complete quadratic,dimensionless state,study1_candidate_20260917/data/confirmation_P2_000.mat,confirmation,0,stationary,0.5,derived pilot,After 200 initialization transitions,200,NaN,rateLimited,clean,(dimensionless state)^2,0.45,10,1,29,29,0,-9.74208490532049e-05,1.05798394181303e-07,0.000325266650890163,-0.0327283428889921,0.00430799909167127,0.0656353494061795,-0.0328257637380453,0.00430807767285955,0.0656359480228598,0,0,0,0,0,0,-0.0328257637380453,0.00430807767285955,0.0656359480228598,-2.72172058976994e-08,-2.72172058976994e-08,6.67812687016111e-19,6.67812687016111e-19,0,2.43945488809238e-18,0,2.43945488809238e-18,0,0
commonData,1,A,P2,Complete quadratic,dimensionless state,study1_candidate_20260917/data/confirmation_P2_000.mat,confirmation,0,stationary,0.5,derived pilot,After 200 initialization transitions,200,NaN,rateLimited,clean,(dimensionless state)^2,0.45,20,2,29,29,0,-6.29059028724333e-05,5.12963190370378e-08,0.000226486906988103,-0.0625362063728626,0.0145485913061902,0.1206175414531,-0.062599112275735,0.0145519755639382,0.120631569516185,0,0,0,0,0,0,-0.062599112275735,0.0145519755639382,0.120631569516185,3.33296142897005e-06,3.33296142897005e-06,2.82781949440848e-18,2.82781949440848e-18,5.55111512312578e-17,5.34986009485816e-17,5.55111512312578e-17,5.34986009485816e-17,0,0
commonData,1,A,K,Known-model reference,dimensionless state,study1_candidate_20260917/data/confirmation_K_000.mat,confirmation,0,stationary,0.5,derived pilot,After 25 initialization transitions,25,NaN,held,clean,(dimensionless state)^2,0.45,1,0.1,29,29,0,5.74253288599219e-18,1.16884024211087e-33,3.4188305633811e-17,0,0,0,5.74253288599219e-18,1.16884024211087e-33,3.4188305633811e-17,0,0,0,0,0,0,5.74253288599219e-18,1.16884024211087e-33,3.4188305633811e-17,0,0,0,0,0,0,0,0,0,0
commonData,1,A,K,Known-model reference,dimensionless state,study1_candidate_20260917/data/confirmation_K_000.mat,confirmation,0,stationary,0.5,derived pilot,After 25 initialization transitions,25,NaN,held,clean,(dimensionless state)^2,0.45,2,0.2,29,29,0,8.13525492182227e-18,8.83271319322422e-34,2.97198808766526e-17,-2.87126644299609e-18,2.66973737118506e-33,5.16695013638129e-17,5.26398847882617e-18,2.74278988631699e-33,5.2371651552314e-17,0,0,0,0,0,0,5.26398847882617e-18,2.74278988631699e-33,5.2371651552314e-17,-8.10218804190492e-34,-8.10218804190492e-34,-1.71056941445901e-49,-1.71056941445901e-49,0,0,0,0,0,0
commonData,1,A,K,Known-model reference,dimensionless state,study1_candidate_20260917/data/confirmation_K_000.mat,confirmation,0,stationary,0.5,derived pilot,After 25 initialization transitions,25,NaN,held,clean,(dimensionless state)^2,0.45,5,0.5,29,29,0,1.33992434006484e-17,1.00945293636848e-33,3.1771889090334e-17,0,8.71317271391743e-33,9.33443769807128e-17,1.33992434006484e-17,8.60691451008916e-33,9.2773458004373e-17,0,0,0,0,0,0,1.33992434006484e-17,8.60691451008916e-33,9.2773458004373e-17,-1.11571114019674e-33,-1.11571114019674e-33,8.55284707229503e-49,8.55284707229503e-49,0,0,0,0,0,0
commonData,1,A,K,Known-model reference,dimensionless state,study1_candidate_20260917/data/confirmation_K_000.mat,confirmation,0,stationary,0.5,derived pilot,After 25 initialization transitions,25,NaN,held,clean,(dimensionless state)^2,0.45,10,1,29,29,0,1.33992434006484e-17,1.9126476689087e-33,4.37338275126784e-17,8.61379932898828e-18,1.12368050548386e-32,1.06003797360465e-16,2.20130427296367e-17,1.25119035007778e-32,1.11856620281402e-16,0,0,0,0,0,0,2.20130427296367e-17,1.25119035007778e-32,1.11856620281402e-16,-6.37549222969568e-34,-6.37549222969568e-34,1.45398400229015e-48,1.45398400229015e-48,0,0,0,0,0,0
commonData,1,A,K,Known-model reference,dimensionless state,study1_candidate_20260917/data/confirmation_K_000.mat,confirmation,0,stationary,0.5,derived pilot,After 25 initialization transitions,25,NaN,held,clean,(dimensionless state)^2,0.45,20,2,29,29,0,2.58413979869648e-17,3.53308527728969e-33,5.94397617533052e-17,5.74253288599219e-18,8.23501079669025e-33,9.07469602614338e-17,3.1583930872957e-17,1.07055140356973e-32,1.03467453992535e-16,0,0,0,0,0,0,3.1583930872957e-17,1.07055140356973e-32,1.03467453992535e-16,-1.06258203828261e-33,-1.06258203828261e-33,-6.84227765783602e-49,-6.84227765783602e-49,0,0,0,0,0,0
commonData,1,A,K,Known-model reference,dimensionless state,study1_candidate_20260917/data/confirmation_K_000.mat,confirmation,0,stationary,0.5,derived pilot,After 25 initialization transitions,25,NaN,rateLimited,clean,(dimensionless state)^2,0.45,1,0.1,29,29,0,5.74253288599219e-18,1.16884024211087e-33,3.4188305633811e-17,0,0,0,5.74253288599219e-18,1.16884024211087e-33,3.4188305633811e-17,0,0,0,0,0,0,5.74253288599219e-18,1.16884024211087e-33,3.4188305633811e-17,0,0,0,0,0,0,0,0,0,0
commonData,1,A,K,Known-model reference,dimensionless state,study1_candidate_20260917/data/confirmation_K_000.mat,confirmation,0,stationary,0.5,derived pilot,After 25 initialization transitions,25,NaN,rateLimited,clean,(dimensionless state)^2,0.45,2,0.2,29,29,0,7.17816610749024e-18,1.06922317602188e-33,3.26989782106701e-17,-0.001762278208459,8.29837366389219e-06,0.00288068978959766,-0.00176227820845899,8.29837366389217e-06,0.00288068978959765,0,0,0,0,0,0,-0.00176227820845899,8.29837366389217e-06,0.00288068978959765,-2.309866108057e-20,-2.309866108057e-20,-6.18261442550374e-22,-6.18261442550374e-22,0,2.49576982333031e-21,0,2.49576982333031e-21,0,0
commonData,1,A,K,Known-model reference,dimensionless state,study1_candidate_20260917/data/confirmation_K_000.mat,confirmation,0,stationary,0.5,derived pilot,After 25 initialization transitions,25,NaN,rateLimited,clean,(dimensionless state)^2,0.45,5,0.5,29,29,0,1.4954512723938e-17,1.38509228974573e-33,3.72168280451966e-17,-0.0237576908109988,0.00191940378680171,0.0438110007509725,-0.0237576908109988,0.00191940378680171,0.0438110007509725,0,0,0,0,0,0,-0.0237576908109988,0.00191940378680171,0.0438110007509725,-4.58073058617637e-19,-4.58073058617637e-19,-6.26129113867867e-19,-6.26129113867867e-19,0,7.29965294692994e-19,0,7.29965294692994e-19,0,0
commonData,1,A,K,Known-model reference,dimensionless state,study1_candidate_20260917/data/confirmation_K_000.mat,confirmation,0,stationary,0.5,derived pilot,After 25 initialization transitions,25,NaN,rateLimited,clean,(dimensionless state)^2,0.45,10,1,29,29,0,2.35683120529263e-17,2.87934828108066e-33,5.36595590839196e-17,-0.0321007771575897,0.00426093174800838,0.065275812886615,-0.0321007771575897,0.00426093174800838,0.065275812886615,0,0,0,0,0,0,-0.0321007771575897,0.00426093174800838,0.065275812886615,-1.91052679672095e-18,-1.91052679672095e-18,1.75803320744138e-19,1.75803320744138e-19,0,6.28200385809067e-19,0,6.28200385809067e-19,0,0
commonData,1,A,K,Known-model reference,dimensionless state,study1_candidate_20260917/data/confirmation_K_000.mat,confirmation,0,stationary,0.5,derived pilot,After 25 initialization transitions,25,NaN,rateLimited,clean,(dimensionless state)^2,0.45,20,2,29,29,0,1.30403350952739e-17,2.21523450715403e-33,4.7066277812825e-17,-0.0619564040780343,0.0143959995062048,0.119983330117999,-0.0619564040780343,0.0143959995062048,0.119983330117999,0,0,0,0,0,0,-0.0619564040780343,0.0143959995062048,0.119983330117999,-1.19203219572281e-18,-1.19203219572281e-18,-2.2774147562308e-18,-2.2774147562308e-18,0,2.78559052225397e-19,0,2.78559052225397e-19,0,0
commonData,1,A,K,Known-model reference,dimensionless state,study1_candidate_20260917/data/confirmation_K_000.mat,confirmation,0,stationary,0.5,derived pilot,After 50 initialization transitions,50,NaN,held,clean,(dimensionless state)^2,0.45,1,0.1,29,29,0,5.74253288599219e-18,1.16884024211087e-33,3.4188305633811e-17,0,0,0,5.74253288599219e-18,1.16884024211087e-33,3.4188305633811e-17,0,0,0,0,0,0,5.74253288599219e-18,1.16884024211087e-33,3.4188305633811e-17,0,0,0,0,0,0,0,0,0,0
commonData,1,A,K,Known-model reference,dimensionless state,study1_candidate_20260917/data/confirmation_K_000.mat,confirmation,0,stationary,0.5,derived pilot,After 50 initialization transitions,50,NaN,held,clean,(dimensionless state)^2,0.45,2,0.2,29,29,0,8.13525492182227e-18,8.83271319322422e-34,2.97198808766526e-17,-2.87126644299609e-18,2.66973737118506e-33,5.16695013638129e-17,5.26398847882617e-18,2.74278988631699e-33,5.2371651552314e-17,0,0,0,0,0,0,5.26398847882617e-18,2.74278988631699e-33,5.2371651552314e-17,-8.10218804190492e-34,-8.10218804190492e-34,-1.71056941445901e-49,-1.71056941445901e-49,0,0,0,0,0,0
commonData,1,A,K,Known-model reference,dimensionless state,study1_candidate_20260917/data/confirmation_K_000.mat,confirmation,0,stationary,0.5,derived pilot,After 50 initialization transitions,50,NaN,held,clean,(dimensionless state)^2,0.45,5,0.5,29,29,0,1.33992434006484e-17,1.00945293636848e-33,3.1771889090334e-17,0,8.71317271391743e-33,9.33443769807128e-17,1.33992434006484e-17,8.60691451008916e-33,9.2773458004373e-17,0,0,0,0,0,0,1.33992434006484e-17,8.60691451008916e-33,9.2773458004373e-17,-1.11571114019674e-33,-1.11571114019674e-33,8.55284707229503e-49,8.55284707229503e-49,0,0,0,0,0,0
commonData,1,A,K,Known-model reference,dimensionless state,study1_candidate_20260917/data/confirmation_K_000.mat,confirmation,0,stationary,0.5,derived pilot,After 50 initialization transitions,50,NaN,held,clean,(dimensionless state)^2,0.45,10,1,29,29,0,1.33992434006484e-17,1.9126476689087e-33,4.37338275126784e-17,8.61379932898828e-18,1.12368050548386e-32,1.06003797360465e-16,2.20130427296367e-17,1.25119035007778e-32,1.11856620281402e-16,0,0,0,0,0,0,2.20130427296367e-17,1.25119035007778e-32,1.11856620281402e-16,-6.37549222969568e-34,-6.37549222969568e-34,1.45398400229015e-48,1.45398400229015e-48,0,0,0,0,0,0
commonData,1,A,K,Known-model reference,dimensionless state,study1_candidate_20260917/data/confirmation_K_000.mat,confirmation,0,stationary,0.5,derived pilot,After 50 initialization transitions,50,NaN,held,clean,(dimensionless state)^2,0.45,20,2,29,29,0,2.58413979869648e-17,3.53308527728969e-33,5.94397617533052e-17,5.74253288599219e-18,8.23501079669025e-33,9.07469602614338e-17,3.1583930872957e-17,1.07055140356973e-32,1.03467453992535e-16,0,0,0,0,0,0,3.1583930872957e-17,1.07055140356973e-32,1.03467453992535e-16,-1.06258203828261e-33,-1.06258203828261e-33,-6.84227765783602e-49,-6.84227765783602e-49,0,0,0,0,0,0
commonData,1,A,K,Known-model reference,dimensionless state,study1_candidate_20260917/data/confirmation_K_000.mat,confirmation,0,stationary,0.5,derived pilot,After 50 initialization transitions,50,NaN,rateLimited,clean,(dimensionless state)^2,0.45,1,0.1,29,29,0,5.74253288599219e-18,1.16884024211087e-33,3.4188305633811e-17,0,0,0,5.74253288599219e-18,1.16884024211087e-33,3.4188305633811e-17,0,0,0,0,0,0,5.74253288599219e-18,1.16884024211087e-33,3.4188305633811e-17,0,0,0,0,0,0,0,0,0,0
commonData,1,A,K,Known-model reference,dimensionless state,study1_candidate_20260917/data/confirmation_K_000.mat,confirmation,0,stationary,0.5,derived pilot,After 50 initialization transitions,50,NaN,rateLimited,clean,(dimensionless state)^2,0.45,2,0.2,29,29,0,7.17816610749024e-18,1.06922317602188e-33,3.26989782106701e-17,-0.001762278208459,8.29837366389219e-06,0.00288068978959766,-0.00176227820845899,8.29837366389217e-06,0.00288068978959765,0,0,0,0,0,0,-0.00176227820845899,8.29837366389217e-06,0.00288068978959765,-2.309866108057e-20,-2.309866108057e-20,-6.18261442550374e-22,-6.18261442550374e-22,0,2.49576982333031e-21,0,2.49576982333031e-21,0,0
commonData,1,A,K,Known-model reference,dimensionless state,study1_candidate_20260917/data/confirmation_K_000.mat,confirmation,0,stationary,0.5,derived pilot,After 50 initialization transitions,50,NaN,rateLimited,clean,(dimensionless state)^2,0.45,5,0.5,29,29,0,1.4954512723938e-17,1.38509228974573e-33,3.72168280451966e-17,-0.0237576908109988,0.00191940378680171,0.0438110007509725,-0.0237576908109988,0.00191940378680171,0.0438110007509725,0,0,0,0,0,0,-0.0237576908109988,0.00191940378680171,0.0438110007509725,-4.58073058617637e-19,-4.58073058617637e-19,-6.26129113867867e-19,-6.26129113867867e-19,0,7.29965294692994e-19,0,7.29965294692994e-19,0,0
commonData,1,A,K,Known-model reference,dimensionless state,study1_candidate_20260917/data/confirmation_K_000.mat,confirmation,0,stationary,0.5,derived pilot,After 50 initialization transitions,50,NaN,rateLimited,clean,(dimensionless state)^2,0.45,10,1,29,29,0,2.35683120529263e-17,2.87934828108066e-33,5.36595590839196e-17,-0.0321007771575897,0.00426093174800838,0.065275812886615,-0.0321007771575897,0.00426093174800838,0.065275812886615,0,0,0,0,0,0,-0.0321007771575897,0.00426093174800838,0.065275812886615,-1.91052679672095e-18,-1.91052679672095e-18,1.75803320744138e-19,1.75803320744138e-19,0,6.28200385809067e-19,0,6.28200385809067e-19,0,0
commonData,1,A,K,Known-model reference,dimensionless state,study1_candidate_20260917/data/confirmation_K_000.mat,confirmation,0,stationary,0.5,derived pilot,After 50 initialization transitions,50,NaN,rateLimited,clean,(dimensionless state)^2,0.45,20,2,29,29,0,1.30403350952739e-17,2.21523450715403e-33,4.7066277812825e-17,-0.0619564040780343,0.0143959995062048,0.119983330117999,-0.0619564040780343,0.0143959995062048,0.119983330117999,0,0,0,0,0,0,-0.0619564040780343,0.0143959995062048,0.119983330117999,-1.19203219572281e-18,-1.19203219572281e-18,-2.2774147562308e-18,-2.2774147562308e-18,0,2.78559052225397e-19,0,2.78559052225397e-19,0,0
commonData,1,A,K,Known-model reference,dimensionless state,study1_candidate_20260917/data/confirmation_K_000.mat,confirmation,0,stationary,0.5,derived pilot,After 100 initialization transitions,100,NaN,held,clean,(dimensionless state)^2,0.45,1,0.1,29,29,0,5.74253288599219e-18,1.16884024211087e-33,3.4188305633811e-17,0,0,0,5.74253288599219e-18,1.16884024211087e-33,3.4188305633811e-17,0,0,0,0,0,0,5.74253288599219e-18,1.16884024211087e-33,3.4188305633811e-17,0,0,0,0,0,0,0,0,0,0
commonData,1,A,K,Known-model reference,dimensionless state,study1_candidate_20260917/data/confirmation_K_000.mat,confirmation,0,stationary,0.5,derived pilot,After 100 initialization transitions,100,NaN,held,clean,(dimensionless state)^2,0.45,2,0.2,29,29,0,8.13525492182227e-18,8.83271319322422e-34,2.97198808766526e-17,-2.87126644299609e-18,2.66973737118506e-33,5.16695013638129e-17,5.26398847882617e-18,2.74278988631699e-33,5.2371651552314e-17,0,0,0,0,0,0,5.26398847882617e-18,2.74278988631699e-33,5.2371651552314e-17,-8.10218804190492e-34,-8.10218804190492e-34,-1.71056941445901e-49,-1.71056941445901e-49,0,0,0,0,0,0
commonData,1,A,K,Known-model reference,dimensionless state,study1_candidate_20260917/data/confirmation_K_000.mat,confirmation,0,stationary,0.5,derived pilot,After 100 initialization transitions,100,NaN,held,clean,(dimensionless state)^2,0.45,5,0.5,29,29,0,1.33992434006484e-17,1.00945293636848e-33,3.1771889090334e-17,0,8.71317271391743e-33,9.33443769807128e-17,1.33992434006484e-17,8.60691451008916e-33,9.2773458004373e-17,0,0,0,0,0,0,1.33992434006484e-17,8.60691451008916e-33,9.2773458004373e-17,-1.11571114019674e-33,-1.11571114019674e-33,8.55284707229503e-49,8.55284707229503e-49,0,0,0,0,0,0
commonData,1,A,K,Known-model reference,dimensionless state,study1_candidate_20260917/data/confirmation_K_000.mat,confirmation,0,stationary,0.5,derived pilot,After 100 initialization transitions,100,NaN,held,clean,(dimensionless state)^2,0.45,10,1,29,29,0,1.33992434006484e-17,1.9126476689087e-33,4.37338275126784e-17,8.61379932898828e-18,1.12368050548386e-32,1.06003797360465e-16,2.20130427296367e-17,1.25119035007778e-32,1.11856620281402e-16,0,0,0,0,0,0,2.20130427296367e-17,1.25119035007778e-32,1.11856620281402e-16,-6.37549222969568e-34,-6.37549222969568e-34,1.45398400229015e-48,1.45398400229015e-48,0,0,0,0,0,0
commonData,1,A,K,Known-model reference,dimensionless state,study1_candidate_20260917/data/confirmation_K_000.mat,confirmation,0,stationary,0.5,derived pilot,After 100 initialization transitions,100,NaN,held,clean,(dimensionless state)^2,0.45,20,2,29,29,0,2.58413979869648e-17,3.53308527728969e-33,5.94397617533052e-17,5.74253288599219e-18,8.23501079669025e-33,9.07469602614338e-17,3.1583930872957e-17,1.07055140356973e-32,1.03467453992535e-16,0,0,0,0,0,0,3.1583930872957e-17,1.07055140356973e-32,1.03467453992535e-16,-1.06258203828261e-33,-1.06258203828261e-33,-6.84227765783602e-49,-6.84227765783602e-49,0,0,0,0,0,0
commonData,1,A,K,Known-model reference,dimensionless state,study1_candidate_20260917/data/confirmation_K_000.mat,confirmation,0,stationary,0.5,derived pilot,After 100 initialization transitions,100,NaN,rateLimited,clean,(dimensionless state)^2,0.45,1,0.1,29,29,0,5.74253288599219e-18,1.16884024211087e-33,3.4188305633811e-17,0,0,0,5.74253288599219e-18,1.16884024211087e-33,3.4188305633811e-17,0,0,0,0,0,0,5.74253288599219e-18,1.16884024211087e-33,3.4188305633811e-17,0,0,0,0,0,0,0,0,0,0
commonData,1,A,K,Known-model reference,dimensionless state,study1_candidate_20260917/data/confirmation_K_000.mat,confirmation,0,stationary,0.5,derived pilot,After 100 initialization transitions,100,NaN,rateLimited,clean,(dimensionless state)^2,0.45,2,0.2,29,29,0,7.17816610749024e-18,1.06922317602188e-33,3.26989782106701e-17,-0.001762278208459,8.29837366389219e-06,0.00288068978959766,-0.00176227820845899,8.29837366389217e-06,0.00288068978959765,0,0,0,0,0,0,-0.00176227820845899,8.29837366389217e-06,0.00288068978959765,-2.309866108057e-20,-2.309866108057e-20,-6.18261442550374e-22,-6.18261442550374e-22,0,2.49576982333031e-21,0,2.49576982333031e-21,0,0
commonData,1,A,K,Known-model reference,dimensionless state,study1_candidate_20260917/data/confirmation_K_000.mat,confirmation,0,stationary,0.5,derived pilot,After 100 initialization transitions,100,NaN,rateLimited,clean,(dimensionless state)^2,0.45,5,0.5,29,29,0,1.4954512723938e-17,1.38509228974573e-33,3.72168280451966e-17,-0.0237576908109988,0.00191940378680171,0.0438110007509725,-0.0237576908109988,0.00191940378680171,0.0438110007509725,0,0,0,0,0,0,-0.0237576908109988,0.00191940378680171,0.0438110007509725,-4.58073058617637e-19,-4.58073058617637e-19,-6.26129113867867e-19,-6.26129113867867e-19,0,7.29965294692994e-19,0,7.29965294692994e-19,0,0
commonData,1,A,K,Known-model reference,dimensionless state,study1_candidate_20260917/data/confirmation_K_000.mat,confirmation,0,stationary,0.5,derived pilot,After 100 initialization transitions,100,NaN,rateLimited,clean,(dimensionless state)^2,0.45,10,1,29,29,0,2.35683120529263e-17,2.87934828108066e-33,5.36595590839196e-17,-0.0321007771575897,0.00426093174800838,0.065275812886615,-0.0321007771575897,0.00426093174800838,0.065275812886615,0,0,0,0,0,0,-0.0321007771575897,0.00426093174800838,0.065275812886615,-1.91052679672095e-18,-1.91052679672095e-18,1.75803320744138e-19,1.75803320744138e-19,0,6.28200385809067e-19,0,6.28200385809067e-19,0,0
commonData,1,A,K,Known-model reference,dimensionless state,study1_candidate_20260917/data/confirmation_K_000.mat,confirmation,0,stationary,0.5,derived pilot,After 100 initialization transitions,100,NaN,rateLimited,clean,(dimensionless state)^2,0.45,20,2,29,29,0,1.30403350952739e-17,2.21523450715403e-33,4.7066277812825e-17,-0.0619564040780343,0.0143959995062048,0.119983330117999,-0.0619564040780343,0.0143959995062048,0.119983330117999,0,0,0,0,0,0,-0.0619564040780343,0.0143959995062048,0.119983330117999,-1.19203219572281e-18,-1.19203219572281e-18,-2.2774147562308e-18,-2.2774147562308e-18,0,2.78559052225397e-19,0,2.78559052225397e-19,0,0
commonData,1,A,K,Known-model reference,dimensionless state,study1_candidate_20260917/data/confirmation_K_000.mat,confirmation,0,stationary,0.5,derived pilot,After 200 initialization transitions,200,NaN,held,clean,(dimensionless state)^2,0.45,1,0.1,29,29,0,5.74253288599219e-18,1.16884024211087e-33,3.4188305633811e-17,0,0,0,5.74253288599219e-18,1.16884024211087e-33,3.4188305633811e-17,0,0,0,0,0,0,5.74253288599219e-18,1.16884024211087e-33,3.4188305633811e-17,0,0,0,0,0,0,0,0,0,0
commonData,1,A,K,Known-model reference,dimensionless state,study1_candidate_20260917/data/confirmation_K_000.mat,confirmation,0,stationary,0.5,derived pilot,After 200 initialization transitions,200,NaN,held,clean,(dimensionless state)^2,0.45,2,0.2,29,29,0,8.13525492182227e-18,8.83271319322422e-34,2.97198808766526e-17,-2.87126644299609e-18,2.66973737118506e-33,5.16695013638129e-17,5.26398847882617e-18,2.74278988631699e-33,5.2371651552314e-17,0,0,0,0,0,0,5.26398847882617e-18,2.74278988631699e-33,5.2371651552314e-17,-8.10218804190492e-34,-8.10218804190492e-34,-1.71056941445901e-49,-1.71056941445901e-49,0,0,0,0,0,0
commonData,1,A,K,Known-model reference,dimensionless state,study1_candidate_20260917/data/confirmation_K_000.mat,confirmation,0,stationary,0.5,derived pilot,After 200 initialization transitions,200,NaN,held,clean,(dimensionless state)^2,0.45,5,0.5,29,29,0,1.33992434006484e-17,1.00945293636848e-33,3.1771889090334e-17,0,8.71317271391743e-33,9.33443769807128e-17,1.33992434006484e-17,8.60691451008916e-33,9.2773458004373e-17,0,0,0,0,0,0,1.33992434006484e-17,8.60691451008916e-33,9.2773458004373e-17,-1.11571114019674e-33,-1.11571114019674e-33,8.55284707229503e-49,8.55284707229503e-49,0,0,0,0,0,0
commonData,1,A,K,Known-model reference,dimensionless state,study1_candidate_20260917/data/confirmation_K_000.mat,confirmation,0,stationary,0.5,derived pilot,After 200 initialization transitions,200,NaN,held,clean,(dimensionless state)^2,0.45,10,1,29,29,0,1.33992434006484e-17,1.9126476689087e-33,4.37338275126784e-17,8.61379932898828e-18,1.12368050548386e-32,1.06003797360465e-16,2.20130427296367e-17,1.25119035007778e-32,1.11856620281402e-16,0,0,0,0,0,0,2.20130427296367e-17,1.25119035007778e-32,1.11856620281402e-16,-6.37549222969568e-34,-6.37549222969568e-34,1.45398400229015e-48,1.45398400229015e-48,0,0,0,0,0,0
commonData,1,A,K,Known-model reference,dimensionless state,study1_candidate_20260917/data/confirmation_K_000.mat,confirmation,0,stationary,0.5,derived pilot,After 200 initialization transitions,200,NaN,held,clean,(dimensionless state)^2,0.45,20,2,29,29,0,2.58413979869648e-17,3.53308527728969e-33,5.94397617533052e-17,5.74253288599219e-18,8.23501079669025e-33,9.07469602614338e-17,3.1583930872957e-17,1.07055140356973e-32,1.03467453992535e-16,0,0,0,0,0,0,3.1583930872957e-17,1.07055140356973e-32,1.03467453992535e-16,-1.06258203828261e-33,-1.06258203828261e-33,-6.84227765783602e-49,-6.84227765783602e-49,0,0,0,0,0,0
commonData,1,A,K,Known-model reference,dimensionless state,study1_candidate_20260917/data/confirmation_K_000.mat,confirmation,0,stationary,0.5,derived pilot,After 200 initialization transitions,200,NaN,rateLimited,clean,(dimensionless state)^2,0.45,1,0.1,29,29,0,5.74253288599219e-18,1.16884024211087e-33,3.4188305633811e-17,0,0,0,5.74253288599219e-18,1.16884024211087e-33,3.4188305633811e-17,0,0,0,0,0,0,5.74253288599219e-18,1.16884024211087e-33,3.4188305633811e-17,0,0,0,0,0,0,0,0,0,0
commonData,1,A,K,Known-model reference,dimensionless state,study1_candidate_20260917/data/confirmation_K_000.mat,confirmation,0,stationary,0.5,derived pilot,After 200 initialization transitions,200,NaN,rateLimited,clean,(dimensionless state)^2,0.45,2,0.2,29,29,0,7.17816610749024e-18,1.06922317602188e-33,3.26989782106701e-17,-0.001762278208459,8.29837366389219e-06,0.00288068978959766,-0.00176227820845899,8.29837366389217e-06,0.00288068978959765,0,0,0,0,0,0,-0.00176227820845899,8.29837366389217e-06,0.00288068978959765,-2.309866108057e-20,-2.309866108057e-20,-6.18261442550374e-22,-6.18261442550374e-22,0,2.49576982333031e-21,0,2.49576982333031e-21,0,0
commonData,1,A,K,Known-model reference,dimensionless state,study1_candidate_20260917/data/confirmation_K_000.mat,confirmation,0,stationary,0.5,derived pilot,After 200 initialization transitions,200,NaN,rateLimited,clean,(dimensionless state)^2,0.45,5,0.5,29,29,0,1.4954512723938e-17,1.38509228974573e-33,3.72168280451966e-17,-0.0237576908109988,0.00191940378680171,0.0438110007509725,-0.0237576908109988,0.00191940378680171,0.0438110007509725,0,0,0,0,0,0,-0.0237576908109988,0.00191940378680171,0.0438110007509725,-4.58073058617637e-19,-4.58073058617637e-19,-6.26129113867867e-19,-6.26129113867867e-19,0,7.29965294692994e-19,0,7.29965294692994e-19,0,0
commonData,1,A,K,Known-model reference,dimensionless state,study1_candidate_20260917/data/confirmation_K_000.mat,confirmation,0,stationary,0.5,derived pilot,After 200 initialization transitions,200,NaN,rateLimited,clean,(dimensionless state)^2,0.45,10,1,29,29,0,2.35683120529263e-17,2.87934828108066e-33,5.36595590839196e-17,-0.0321007771575897,0.00426093174800838,0.065275812886615,-0.0321007771575897,0.00426093174800838,0.065275812886615,0,0,0,0,0,0,-0.0321007771575897,0.00426093174800838,0.065275812886615,-1.91052679672095e-18,-1.91052679672095e-18,1.75803320744138e-19,1.75803320744138e-19,0,6.28200385809067e-19,0,6.28200385809067e-19,0,0
commonData,1,A,K,Known-model reference,dimensionless state,study1_candidate_20260917/data/confirmation_K_000.mat,confirmation,0,stationary,0.5,derived pilot,After 200 initialization transitions,200,NaN,rateLimited,clean,(dimensionless state)^2,0.45,20,2,29,29,0,1.30403350952739e-17,2.21523450715403e-33,4.7066277812825e-17,-0.0619564040780343,0.0143959995062048,0.119983330117999,-0.0619564040780343,0.0143959995062048,0.119983330117999,0,0,0,0,0,0,-0.0619564040780343,0.0143959995062048,0.119983330117999,-1.19203219572281e-18,-1.19203219572281e-18,-2.2774147562308e-18,-2.2774147562308e-18,0,2.78559052225397e-19,0,2.78559052225397e-19,0,0
commonData,2,B,A,Affine,dimensionless state,study2_pilot_20260918/fits/A.mat,pilot,0,stationary,0.25,derived pilot,After 25 initialization transitions,25,NaN,held,clean,(dimensionless state)^2,NaN,1,0.1,29,29,0,0.00337209044883169,8.64902905427572e-05,0.00930001562056523,-2.39272203583008e-19,4.98085330444975e-36,2.23178253968655e-18,0.00337209044883169,8.64902905427572e-05,0.00930001562056523,0,0,0,0,0,0,0.00337209044883169,8.64902905427572e-05,0.00930001562056523,1.42323277778547e-20,1.42323277778547e-20,-6.79800621785902e-22,-6.79800621785902e-22,0,3.24186572681602e-20,0,3.24186572681602e-20,0,0
commonData,2,B,A,Affine,dimensionless state,study2_pilot_20260918/fits/A.mat,pilot,0,stationary,0.25,derived pilot,After 25 initialization transitions,25,NaN,held,clean,(dimensionless state)^2,NaN,2,0.2,29,29,0,0.00554709540050753,0.000231744457568016,0.0152231553091997,4.78544407166016e-19,2.49042665222487e-34,1.57810856794609e-17,0.00554709540050754,0.000231744457568016,0.0152231553091997,0,0,0,0,0,0,0.00554709540050754,0.000231744457568016,0.0152231553091997,-1.85567053024368e-20,-1.85567053024368e-20,1.85567053024366e-20,1.85567053024366e-20,0,2.1314868816689e-20,0,2.1314868816689e-20,0,0
commonData,2,B,A,Affine,dimensionless state,study2_pilot_20260918/fits/A.mat,pilot,0,stationary,0.25,derived pilot,After 25 initialization transitions,25,NaN,held,clean,(dimensionless state)^2,NaN,5,0.5,29,29,0,0.00843762405264619,0.000525963005306171,0.0229338833455255,3.23017474837061e-18,5.78194054424875e-34,2.40456660216529e-17,0.0084376240526462,0.000525963005306171,0.0229338833455255,0,0,0,0,0,0,0.0084376240526462,0.000525963005306171,0.0229338833455255,1.18784591589183e-19,1.18784591589183e-19,-1.03643743406331e-20,-1.03643743406331e-20,0,1.41910698752983e-19,0,1.41910698752983e-19,0,0
commonData,2,B,A,Affine,dimensionless state,study2_pilot_20260918/fits/A.mat,pilot,0,stationary,0.25,derived pilot,After 25 initialization transitions,25,NaN,held,clean,(dimensionless state)^2,NaN,10,1,29,29,0,0.00937783996499919,0.000642164314909779,0.0253409612072979,2.51235813762158e-18,9.31834639040807e-34,3.05259666356498e-17,0.00937783996499919,0.000642164314909779,0.0253409612072979,0,0,0,0,0,0,0.00937783996499919,0.000642164314909779,0.0253409612072979,2.12355880598959e-20,2.12355880598959e-20,-1.29655805308447e-19,-1.29655805308447e-19,0,1.06528675459133e-19,0,1.06528675459133e-19,0,0
commonData,2,B,A,Affine,dimensionless state,study2_pilot_20260918/fits/A.mat,pilot,0,stationary,0.25,derived pilot,After 25 initialization transitions,25,NaN,held,clean,(dimensionless state)^2,NaN,20,2,29,29,0,0.00949384346188062,0.000656229137700606,0.0256169697212728,5.86216898778369e-18,1.18668829978515e-33,3.44483424824062e-17,0.00949384346188063,0.000656229137700606,0.0256169697212728,0,0,0,0,0,0,0.00949384346188063,0.000656229137700606,0.0256169697212728,7.73090158603543e-20,7.73090158603543e-20,-7.73090158603555e-20,-7.73090158603555e-20,0,1.0450977806643e-19,0,1.0450977806643e-19,0,0
commonData,2,B,A,Affine,dimensionless state,study2_pilot_20260918/fits/A.mat,pilot,0,stationary,0.25,derived pilot,After 25 initialization transitions,25,NaN,rateLimited,clean,(dimensionless state)^2,NaN,1,0.1,29,29,0,0.00337209044883169,8.64902905427572e-05,0.00930001562056523,-2.39272203583008e-19,4.98085330444975e-36,2.23178253968655e-18,0.00337209044883169,8.64902905427572e-05,0.00930001562056523,0,0,0,0,0,0,0.00337209044883169,8.64902905427572e-05,0.00930001562056523,1.42323277778547e-20,1.42323277778547e-20,-6.79800621785902e-22,-6.79800621785902e-22,0,3.24186572681602e-20,0,3.24186572681602e-20,0,0
commonData,2,B,A,Affine,dimensionless state,study2_pilot_20260918/fits/A.mat,pilot,0,stationary,0.25,derived pilot,After 25 initialization transitions,25,NaN,rateLimited,clean,(dimensionless state)^2,NaN,2,0.2,29,29,0,0.00684636842441475,0.000278624248518086,0.0166920414724529,2.39272203583008e-19,2.5734408739657e-34,1.60419477432315e-17,0.00684636842441475,0.000278624248518086,0.0166920414724529,0,0,0,0,0,0,0.00684636842441475,0.000278624248518086,0.0166920414724529,1.77051451822162e-20,1.77051451822162e-20,-1.77051451822164e-20,-1.77051451822164e-20,0,3.58702734063514e-20,0,3.58702734063514e-20,0,0
commonData,2,B,A,Affine,dimensionless state,study2_pilot_20260918/fits/A.mat,pilot,0,stationary,0.25,derived pilot,After 25 initialization transitions,25,NaN,rateLimited,clean,(dimensionless state)^2,NaN,5,0.5,29,29,0,0.0113772312361961,0.000713689287441784,0.0267149637364864,3.82835525732813e-18,6.47510929578467e-34,2.54462360591595e-17,0.0113772312361961,0.000713689287441783,0.0267149637364864,0,0,0,0,0,0,0.0113772312361961,0.000713689287441783,0.0267149637364864,3.16038739792832e-20,3.16038739792832e-20,-1.40024091227834e-19,-1.40024091227834e-19,0,1.87357764277175e-19,0,1.87357764277175e-19,0,0
commonData,2,B,A,Affine,dimensionless state,study2_pilot_20260918/fits/A.mat,pilot,0,stationary,0.25,derived pilot,After 25 initialization transitions,25,NaN,rateLimited,clean,(dimensionless state)^2,NaN,10,1,29,29,0,0.00816804403988646,0.00053748004523494,0.0231836158792139,-9.57088814332031e-19,1.30249313911361e-33,3.60900698130886e-17,0.00816804403988646,0.00053748004523494,0.0231836158792139,0,0,0,0,0,0,0.00816804403988646,0.00053748004523494,0.0231836158792139,4.02020032912072e-19,4.02020032912072e-19,-1.85179598414972e-19,-1.85179598414972e-19,0,8.21140346964205e-20,0,8.21140346964205e-20,0,0
commonData,2,B,A,Affine,dimensionless state,study2_pilot_20260918/fits/A.mat,pilot,0,stationary,0.25,derived pilot,After 25 initialization transitions,25,NaN,rateLimited,clean,(dimensionless state)^2,NaN,20,2,29,29,0,0.00509784801622508,0.000693524763692913,0.0263348583381972,7.17816610749024e-19,1.75076993651409e-33,4.18422028162247e-17,0.00509784801622509,0.000693524763692913,0.0263348583381972,0,0,0,0,0,0,0.00509784801622509,0.000693524763692913,0.0263348583381972,6.8956607326128e-19,6.8956607326128e-19,-3.64305421515631e-19,-3.64305421515631e-19,0,1.34969817097897e-19,0,1.34969817097897e-19,0,0
commonData,2,B,A,Affine,dimensionless state,study2_pilot_20260918/fits/A.mat,pilot,0,stationary,0.25,derived pilot,After 50 initialization transitions,50,NaN,held,clean,(dimensionless state)^2,NaN,1,0.1,29,29,0,0.00469684855727959,0.000105858130372333,0.0102887380359465,2.39272203583008e-19,1.66028443481658e-36,1.28852025006074e-18,0.00469684855727959,0.000105858130372333,0.0102887380359465,0,0,0,0,0,0,0.00469684855727959,0.000105858130372333,0.0102887380359465,9.37718882194138e-21,9.37718882194138e-21,-9.37718882194138e-21,-9.37718882194138e-21,0,8.87932714923916e-22,0,8.87932714923916e-22,0,0
commonData,2,B,A,Affine,dimensionless state,study2_pilot_20260918/fits/A.mat,pilot,0,stationary,0.25,derived pilot,After 50 initialization transitions,50,NaN,held,clean,(dimensionless state)^2,NaN,2,0.2,29,29,0,0.00773111434120526,0.00028135715762293,0.0167737043500513,0,2.49042665222487e-34,1.57810856794609e-17,0.00773111434120526,0.00028135715762293,0.0167737043500513,0,0,0,0,0,0,0.00773111434120526,0.00028135715762293,0.0167737043500513,9.11927680338918e-20,9.11927680338918e-20,7.14375578389336e-20,7.14375578389336e-20,0,4.08210194694767e-20,0,4.08210194694767e-20,0,0
commonData,2,B,A,Affine,dimensionless state,study2_pilot_20260918/fits/A.mat,pilot,0,stationary,0.25,derived pilot,After 50 initialization transitions,50,NaN,held,clean,(dimensionless state)^2,NaN,5,0.5,29,29,0,0.0117745939605011,0.000628699354848942,0.0250738779379844,-7.41743831107324e-18,1.00447208306403e-33,3.16934075647292e-17,0.0117745939605011,0.000628699354848943,0.0250738779379844,0,0,0,0,0,0,0.0117745939605011,0.000628699354848943,0.0250738779379844,3.04946176111868e-19,3.04946176111868e-19,2.03144756337828e-20,2.03144756337828e-20,0,3.50378718097189e-19,0,3.50378718097189e-19,0,0
commonData,2,B,A,Affine,dimensionless state,study2_pilot_20260918/fits/A.mat,pilot,0,stationary,0.25,derived pilot,After 50 initialization transitions,50,NaN,held,clean,(dimensionless state)^2,NaN,10,1,29,29,0,0.0130971789612222,0.000760512503639036,0.0275773911681115,-1.07672491612354e-18,1.59594841296744e-33,3.99493230601901e-17,0.0130971789612222,0.000760512503639036,0.0275773911681115,0,0,0,0,0,0,0.0130971789612222,0.000760512503639036,0.0275773911681115,3.40586784515521e-19,3.40586784515521e-19,-1.53261327698709e-20,-1.53261327698709e-20,0,1.86799144042927e-19,0,1.86799144042927e-19,0,0
commonData,2,B,A,Affine,dimensionless state,study2_pilot_20260918/fits/A.mat,pilot,0,stationary,0.25,derived pilot,After 50 initialization transitions,50,NaN,held,clean,(dimensionless state)^2,NaN,20,2,29,29,0,0.0132618288957249,0.000775351328333839,0.0278451311423351,-9.57088814332031e-19,1.19457465085053e-33,3.4562619270688e-17,0.0132618288957249,0.00077535132833384,0.0278451311423351,0,0,0,0,0,0,0.0132618288957249,0.00077535132833384,0.0278451311423351,4.50590038365216e-19,4.50590038365216e-19,1.99931265126086e-19,1.99931265126086e-19,3.46944695195361e-18,2.3404771520623e-19,3.46944695195361e-18,2.3404771520623e-19,0,0
commonData,2,B,A,Affine,dimensionless state,study2_pilot_20260918/fits/A.mat,pilot,0,stationary,0.25,derived pilot,After 50 initialization transitions,50,NaN,rateLimited,clean,(dimensionless state)^2,NaN,1,0.1,29,29,0,0.00469684855727959,0.000105858130372333,0.0102887380359465,2.39272203583008e-19,1.66028443481658e-36,1.28852025006074e-18,0.00469684855727959,0.000105858130372333,0.0102887380359465,0,0,0,0,0,0,0.00469684855727959,0.000105858130372333,0.0102887380359465,9.37718882194138e-21,9.37718882194138e-21,-9.37718882194138e-21,-9.37718882194138e-21,0,8.87932714923916e-22,0,8.87932714923916e-22,0,0
commonData,2,B,A,Affine,dimensionless state,study2_pilot_20260918/fits/A.mat,pilot,0,stationary,0.25,derived pilot,After 50 initialization transitions,50,NaN,rateLimited,clean,(dimensionless state)^2,NaN,2,0.2,29,29,0,0.00912394802672228,0.000342902328533798,0.0185176221079759,7.17816610749024e-19,2.5734408739657e-34,1.60419477432315e-17,0.00912394802672228,0.000342902328533798,0.0185176221079759,0,0,0,0,0,0,0.00912394802672228,0.000342902328533798,0.0185176221079759,1.14369554063092e-19,1.14369554063092e-19,-6.01594454388166e-20,-6.01594454388166e-20,0,4.13869931096487e-20,0,4.13869931096487e-20,0,0
commonData,2,B,A,Affine,dimensionless state,study2_pilot_20260918/fits/A.mat,pilot,0,stationary,0.25,derived pilot,After 50 initialization transitions,50,NaN,rateLimited,clean,(dimensionless state)^2,NaN,5,0.5,29,29,0,0.0148628806959059,0.000858316458486242,0.0292970383910429,-7.65671051465625e-18,9.46362127845452e-34,3.07629993311031e-17,0.0148628806959059,0.000858316458486242,0.0292970383910429,0,0,0,0,0,0,0.0148628806959059,0.000858316458486242,0.0292970383910429,3.19218687361282e-19,3.19218687361282e-19,-1.02378252864182e-19,-1.02378252864182e-19,0,3.50378718097189e-19,0,3.50378718097189e-19,0,0
commonData,2,B,A,Affine,dimensionless state,study2_pilot_20260918/fits/A.mat,pilot,0,stationary,0.25,derived pilot,After 50 initialization transitions,50,NaN,rateLimited,clean,(dimensionless state)^2,NaN,10,1,29,29,0,0.0117697588151551,0.00065641081381647,0.0256205154869388,-1.79454152687256e-18,1.35105645883199e-33,3.67567199139422e-17,0.0117697588151551,0.00065641081381647,0.0256205154869388,0,0,0,0,0,0,0.0117697588151551,0.00065641081381647,0.0256205154869388,-3.50535490847162e-19,-3.50535490847162e-19,1.3369505635006e-19,1.3369505635006e-19,0,1.22703847417029e-19,0,1.22703847417029e-19,0,0
commonData,2,B,A,Affine,dimensionless state,study2_pilot_20260918/fits/A.mat,pilot,0,stationary,0.25,derived pilot,After 50 initialization transitions,50,NaN,rateLimited,clean,(dimensionless state)^2,NaN,20,2,29,29,0,0.00863073411336431,0.00080010588938748,0.0282861430631233,8.01561882003076e-18,2.00935923723677e-33,4.48258768708072e-17,0.00863073411336432,0.00080010588938748,0.0282861430631233,0,0,0,0,0,0,0.00863073411336432,0.00080010588938748,0.0282861430631233,-6.26837104329916e-19,-6.26837104329916e-19,3.01576452584263e-19,3.01576452584263e-19,3.46944695195361e-18,2.1832715591648e-19,3.46944695195361e-18,2.1832715591648e-19,0,0
commonData,2,B,A,Affine,dimensionless state,study2_pilot_20260918/fits/A.mat,pilot,0,stationary,0.25,derived pilot,After 100 initialization transitions,100,NaN,held,clean,(dimensionless state)^2,NaN,1,0.1,29,29,0,0.0044855297677281,9.15946851983296e-05,0.00957051122972695,-1.43563322149805e-18,3.65262575659648e-35,6.0436956877365e-18,0.0044855297677281,9.15946851983296e-05,0.00957051122972695,0,0,0,0,0,0,0.0044855297677281,9.15946851983296e-05,0.00957051122972695,-5.63726135909433e-21,-5.63726135909433e-21,5.6372613590943e-21,5.6372613590943e-21,0,1.42117284368817e-20,0,1.42117284368817e-20,0,0
commonData,2,B,A,Affine,dimensionless state,study2_pilot_20260918/fits/A.mat,pilot,0,stationary,0.25,derived pilot,After 100 initialization transitions,100,NaN,held,clean,(dimensionless state)^2,NaN,2,0.2,29,29,0,0.00741616275451694,0.000252607424712099,0.015893628431296,-3.58908305374512e-18,1.24521332611244e-34,1.11589126984328e-17,0.00741616275451694,0.000252607424712099,0.015893628431296,0,0,0,0,0,0,0.00741616275451694,0.000252607424712099,0.015893628431296,6.68238398039757e-21,6.68238398039757e-21,-6.6823839803977e-21,-6.6823839803977e-21,0,5.14341306989221e-20,0,5.14341306989221e-20,0,0
commonData,2,B,A,Affine,dimensionless state,study2_pilot_20260918/fits/A.mat,pilot,0,stationary,0.25,derived pilot,After 100 initialization transitions,100,NaN,held,clean,(dimensionless state)^2,NaN,5,0.5,29,29,0,0.0113985325857197,0.000608830434961708,0.0246744895582808,-1.19636101791504e-17,1.19872536193757e-33,3.4622613447537e-17,0.0113985325857197,0.000608830434961708,0.0246744895582808,0,0,0,0,0,0,0.0113985325857197,0.000608830434961708,0.0246744895582808,-1.51020128755503e-19,-1.51020128755503e-19,1.51020128755502e-19,1.51020128755502e-19,0,1.43999382749392e-19,0,1.43999382749392e-19,0,0
commonData,2,B,A,Affine,dimensionless state,study2_pilot_20260918/fits/A.mat,pilot,0,stationary,0.25,derived pilot,After 100 initialization transitions,100,NaN,held,clean,(dimensionless state)^2,NaN,10,1,29,29,0,0.0127541284804639,0.000773051634987396,0.0278038061241154,-6.34071339494971e-18,9.12741368040416e-34,3.02116098220604e-17,0.0127541284804639,0.000773051634987396,0.0278038061241154,0,0,0,0,0,0,0.0127541284804639,0.000773051634987396,0.0278038061241154,-2.77839507449476e-19,-2.77839507449476e-19,-4.74211442961758e-20,-4.74211442961758e-20,3.46944695195361e-18,2.25831634411152e-19,3.46944695195361e-18,2.25831634411152e-19,0,0
commonData,2,B,A,Affine,dimensionless state,study2_pilot_20260918/fits/A.mat,pilot,0,stationary,0.25,derived pilot,After 100 initialization transitions,100,NaN,held,clean,(dimensionless state)^2,NaN,20,2,29,29,0,0.0129341847586971,0.000797950216672493,0.0282480126145627,1.19636101791504e-18,1.29751228580916e-33,3.60209978458282e-17,0.0129341847586971,0.000797950216672493,0.0282480126145627,0,0,0,0,0,0,0.0129341847586971,0.000797950216672493,0.0282480126145627,1.13658401035157e-19,1.13658401035157e-19,-1.13658401035158e-19,-1.13658401035158e-19,3.46944695195361e-18,4.21998698836136e-19,3.46944695195361e-18,4.21998698836136e-19,0,0
commonData,2,B,A,Affine,dimensionless state,study2_pilot_20260918/fits/A.mat,pilot,0,stationary,0.25,derived pilot,After 100 initialization transitions,100,NaN,rateLimited,clean,(dimensionless state)^2,NaN,1,0.1,29,29,0,0.0044855297677281,9.15946851983296e-05,0.00957051122972695,-1.43563322149805e-18,3.65262575659648e-35,6.0436956877365e-18,0.0044855297677281,9.15946851983296e-05,0.00957051122972695,0,0,0,0,0,0,0.0044855297677281,9.15946851983296e-05,0.00957051122972695,-5.63726135909433e-21,-5.63726135909433e-21,5.6372613590943e-21,5.6372613590943e-21,0,1.42117284368817e-20,0,1.42117284368817e-20,0,0
commonData,2,B,A,Affine,dimensionless state,study2_pilot_20260918/fits/A.mat,pilot,0,stationary,0.25,derived pilot,After 100 initialization transitions,100,NaN,rateLimited,clean,(dimensionless state)^2,NaN,2,0.2,29,29,0,0.00858548540877126,0.000288237692172726,0.0169775643769277,-3.34981085016211e-18,1.2618161704606e-34,1.1233059113441e-17,0.00858548540877126,0.000288237692172726,0.0169775643769277,0,0,0,0,0,0,0.00858548540877126,0.000288237692172726,0.0169775643769277,-2.88994754507762e-20,-2.88994754507762e-20,2.88994754507761e-20,2.88994754507761e-20,0,5.14341306989221e-20,0,5.14341306989221e-20,0,0
commonData,2,B,A,Affine,dimensionless state,study2_pilot_20260918/fits/A.mat,pilot,0,stationary,0.25,derived pilot,After 100 initialization transitions,100,NaN,rateLimited,clean,(dimensionless state)^2,NaN,5,0.5,29,29,0,0.0142807055675108,0.000793373221452388,0.0281668816423187,-1.22028823827334e-17,1.19374450863312e-33,3.45506079343493e-17,0.0142807055675108,0.000793373221452388,0.0281668816423187,0,0,0,0,0,0,0.0142807055675108,0.000793373221452388,0.0281668816423187,-2.62544138843158e-19,-2.62544138843158e-19,-1.71136730151045e-19,-1.71136730151045e-19,0,1.43999382749392e-19,0,1.43999382749392e-19,0,0
commonData,2,B,A,Affine,dimensionless state,study2_pilot_20260918/fits/A.mat,pilot,0,stationary,0.25,derived pilot,After 100 initialization transitions,100,NaN,rateLimited,clean,(dimensionless state)^2,NaN,10,1,29,29,0,0.0117381325930479,0.000597210104914882,0.024437882578384,-1.6629418149019e-17,1.84416093597252e-33,4.29436949501614e-17,0.0117381325930479,0.000597210104914882,0.0244378825783839,0,0,0,0,0,0,0.0117381325930479,0.000597210104914882,0.0244378825783839,-7.20445914268022e-19,-7.20445914268022e-19,6.99246107767172e-20,6.99246107767172e-20,3.46944695195361e-18,3.18458453756571e-19,3.46944695195361e-18,3.18458453756571e-19,0,0
commonData,2,B,A,Affine,dimensionless state,study2_pilot_20260918/fits/A.mat,pilot,0,stationary,0.25,derived pilot,After 100 initialization transitions,100,NaN,rateLimited,clean,(dimensionless state)^2,NaN,20,2,29,29,0,0.0085884460898856,0.000755226589215517,0.0274813862316936,-5.02471627524317e-18,1.99981260173657e-33,4.4719264324635e-17,0.0085884460898856,0.000755226589215516,0.0274813862316935,0,0,0,0,0,0,0.0085884460898856,0.000755226589215516,0.0274813862316935,-1.22845348509466e-18,-1.22845348509466e-18,3.58310953606021e-20,3.58310953606021e-20,3.46944695195361e-18,3.39295642685714e-19,3.46944695195361e-18,3.39295642685714e-19,0,0
commonData,2,B,A,Affine,dimensionless state,study2_pilot_20260918/fits/A.mat,pilot,0,stationary,0.25,derived pilot,After 200 initialization transitions,200,NaN,held,clean,(dimensionless state)^2,NaN,1,0.1,29,29,0,0.00281274287046089,6.60318856964729e-05,0.00812600059663257,-7.17816610749024e-19,8.30142217408291e-36,2.88121886952083e-18,0.00281274287046089,6.60318856964729e-05,0.00812600059663257,0,0,0,0,0,0,0.00281274287046089,6.60318856964729e-05,0.00812600059663257,6.13963367295524e-21,6.13963367295524e-21,-6.13963367295525e-21,-6.13963367295525e-21,0,6.6873265274408e-22,0,6.6873265274408e-22,0,0
commonData,2,B,A,Affine,dimensionless state,study2_pilot_20260918/fits/A.mat,pilot,0,stationary,0.25,derived pilot,After 200 initialization transitions,200,NaN,held,clean,(dimensionless state)^2,NaN,2,0.2,29,29,0,0.00466304569063092,0.000182578206108632,0.0135121503140185,1.91417762866406e-18,3.18774611484784e-34,1.78542603174924e-17,0.00466304569063092,0.000182578206108631,0.0135121503140185,0,0,0,0,0,0,0.00466304569063092,0.000182578206108631,0.0135121503140185,-7.25192876851603e-20,-7.25192876851603e-20,-8.79587525125286e-21,-8.79587525125286e-21,0,6.12746743625699e-20,0,6.12746743625699e-20,0,0
commonData,2,B,A,Affine,dimensionless state,study2_pilot_20260918/fits/A.mat,pilot,0,stationary,0.25,derived pilot,After 200 initialization transitions,200,NaN,held,clean,(dimensionless state)^2,NaN,5,0.5,29,29,0,0.00720611186339178,0.000442485590893309,0.0210353414731805,-2.63199423941309e-18,8.31802501843108e-34,2.88409864921973e-17,0.00720611186339177,0.000442485590893309,0.0210353414731805,0,0,0,0,0,0,0.00720611186339177,0.000442485590893309,0.0210353414731805,-8.57993351087646e-21,-8.57993351087646e-21,1.17000150759426e-19,1.17000150759426e-19,0,1.36425066353304e-19,0,1.36425066353304e-19,0,0
commonData,2,B,A,Affine,dimensionless state,study2_pilot_20260918/fits/A.mat,pilot,0,stationary,0.25,derived pilot,After 200 initialization transitions,200,NaN,held,clean,(dimensionless state)^2,NaN,10,1,29,29,0,0.00809069560767687,0.000563912948340892,0.0237468513353011,-3.58908305374512e-19,5.54950072337443e-34,2.35573782993236e-17,0.00809069560767686,0.000563912948340892,0.0237468513353011,0,0,0,0,0,0,0.00809069560767686,0.000563912948340892,0.0237468513353011,-5.25081072630867e-20,-5.25081072630867e-20,5.25081072630862e-20,5.25081072630862e-20,0,7.41162265362896e-20,0,7.41162265362896e-20,0,0
commonData,2,B,A,Affine,dimensionless state,study2_pilot_20260918/fits/A.mat,pilot,0,stationary,0.25,derived pilot,After 200 initialization transitions,200,NaN,held,clean,(dimensionless state)^2,NaN,20,2,29,29,0,0.00821189225362808,0.00058262641859621,0.024137655615163,3.34981085016211e-18,4.44956228530844e-34,2.10939856008969e-17,0.00821189225362808,0.00058262641859621,0.024137655615163,0,0,0,0,0,0,0.00821189225362808,0.00058262641859621,0.024137655615163,1.45127295508217e-19,1.45127295508217e-19,7.17131389888835e-20,7.17131389888835e-20,0,4.79386250315247e-20,0,4.79386250315247e-20,0,0
commonData,2,B,A,Affine,dimensionless state,study2_pilot_20260918/fits/A.mat,pilot,0,stationary,0.25,derived pilot,After 200 initialization transitions,200,NaN,rateLimited,clean,(dimensionless state)^2,NaN,1,0.1,29,29,0,0.00281274287046089,6.60318856964729e-05,0.00812600059663257,-7.17816610749024e-19,8.30142217408291e-36,2.88121886952083e-18,0.00281274287046089,6.60318856964729e-05,0.00812600059663257,0,0,0,0,0,0,0.00281274287046089,6.60318856964729e-05,0.00812600059663257,6.13963367295524e-21,6.13963367295524e-21,-6.13963367295525e-21,-6.13963367295525e-21,0,6.6873265274408e-22,0,6.6873265274408e-22,0,0
commonData,2,B,A,Affine,dimensionless state,study2_pilot_20260918/fits/A.mat,pilot,0,stationary,0.25,derived pilot,After 200 initialization transitions,200,NaN,rateLimited,clean,(dimensionless state)^2,NaN,2,0.2,29,29,0,0.00571498175647976,0.000207042674462538,0.0143889775336032,1.91417762866406e-18,3.18774611484784e-34,1.78542603174924e-17,0.00571498175647976,0.000207042674462538,0.0143889775336032,0,0,0,0,0,0,0.00571498175647976,0.000207042674462538,0.0143889775336032,-6.17342225489854e-20,-6.17342225489854e-20,3.46291682368474e-20,3.46291682368474e-20,0,6.12746743625699e-20,0,6.12746743625699e-20,0,0
commonData,2,B,A,Affine,dimensionless state,study2_pilot_20260918/fits/A.mat,pilot,0,stationary,0.25,derived pilot,After 200 initialization transitions,200,NaN,rateLimited,clean,(dimensionless state)^2,NaN,5,0.5,29,29,0,0.00980439531742143,0.000576081181705079,0.024001691225934,-2.63199423941309e-18,8.31802501843108e-34,2.88409864921973e-17,0.00980439531742143,0.000576081181705079,0.024001691225934,0,0,0,0,0,0,0.00980439531742143,0.000576081181705079,0.024001691225934,5.82924371309047e-20,5.82924371309047e-20,-5.82924371309056e-20,-5.82924371309056e-20,0,1.36425066353304e-19,0,1.36425066353304e-19,0,0
commonData,2,B,A,Affine,dimensionless state,study2_pilot_20260918/fits/A.mat,pilot,0,stationary,0.25,derived pilot,After 200 initialization transitions,200,NaN,rateLimited,clean,(dimensionless state)^2,NaN,10,1,29,29,0,0.00719799292135881,0.000426162344827405,0.0206436998822257,-2.63199423941309e-18,7.68711693320078e-34,2.77256504580159e-17,0.0071979929213588,0.000426162344827405,0.0206436998822257,0,0,0,0,0,0,0.0071979929213588,0.000426162344827405,0.0206436998822257,-1.956425566163e-19,-1.956425566163e-19,8.72223393677487e-20,8.72223393677487e-20,0,1.43472944869859e-19,0,1.43472944869859e-19,0,0
commonData,2,B,A,Affine,dimensionless state,study2_pilot_20260918/fits/A.mat,pilot,0,stationary,0.25,derived pilot,After 200 initialization transitions,200,NaN,rateLimited,clean,(dimensionless state)^2,NaN,20,2,29,29,0,0.0043419534175436,0.000573937742537036,0.0239569977780405,-1.43563322149805e-18,8.49235488408682e-34,2.9141645259125e-17,0.0043419534175436,0.000573937742537036,0.0239569977780405,0,0,0,0,0,0,0.0043419534175436,0.000573937742537036,0.0239569977780405,-1.29955356373341e-19,-1.29955356373341e-19,2.15351391247896e-20,2.15351391247896e-20,0,1.24404478090616e-19,0,1.24404478090616e-19,0,0
commonData,2,B,E,Exact sine,dimensionless state,study2_pilot_20260918/fits/E.mat,pilot,0,stationary,0.25,derived pilot,After 25 initialization transitions,25,NaN,held,clean,(dimensionless state)^2,NaN,1,0.1,29,29,0,-8.18299407807167e-05,8.95415118844829e-09,9.46263768113748e-05,1.19636101791504e-19,1.701791545687e-35,4.12527762179347e-18,-8.18299407807166e-05,8.95415118844825e-09,9.46263768113746e-05,0,0,0,0,0,0,-8.18299407807166e-05,8.95415118844825e-09,9.46263768113746e-05,-4.027059728597e-23,-4.027059728597e-23,5.65927883407609e-25,5.65927883407609e-25,0,3.54206671545447e-25,0,3.54206671545447e-25,0,0
commonData,2,B,E,Exact sine,dimensionless state,study2_pilot_20260918/fits/E.mat,pilot,0,stationary,0.25,derived pilot,After 25 initialization transitions,25,NaN,held,clean,(dimensionless state)^2,NaN,2,0.2,29,29,0,-0.000132917629238726,2.22154357929648e-08,0.000149048434386158,2.51235813762158e-18,5.25064952510744e-34,2.29142958109287e-17,-0.000132917629238723,2.22154357929638e-08,0.000149048434386155,0,0,0,0,0,0,-0.000132917629238723,2.22154357929638e-08,0.000149048434386155,-9.40110557326688e-22,-9.40110557326688e-22,-2.87534098428848e-24,-2.87534098428848e-24,0,4.79367502863146e-24,0,4.79367502863146e-24,0,0
commonData,2,B,E,Exact sine,dimensionless state,study2_pilot_20260918/fits/E.mat,pilot,0,stationary,0.25,derived pilot,After 25 initialization transitions,25,NaN,held,clean,(dimensionless state)^2,NaN,5,0.5,29,29,0,-0.00019686864305027,4.68056323098473e-08,0.000216346093816938,9.57088814332032e-18,1.11903170906638e-33,3.34519313204242e-17,-0.000196868643050261,4.68056323098441e-08,0.00021634609381693,0,0,0,0,0,0,-0.000196868643050261,4.68056323098441e-08,0.00021634609381693,-3.25641340139818e-21,-3.25641340139818e-21,6.30510388343952e-25,6.30510388343952e-25,0,8.43417748910403e-24,0,8.43417748910403e-24,0,0
commonData,2,B,E,Exact sine,dimensionless state,study2_pilot_20260918/fits/E.mat,pilot,0,stationary,0.25,derived pilot,After 25 initialization transitions,25,NaN,held,clean,(dimensionless state)^2,NaN,10,1,29,29,0,-0.00021497989522989,5.86310501729015e-08,0.000242138493785894,1.29206989934824e-17,1.71009296786108e-33,4.13532703405798e-17,-0.000214979895229877,5.86310501728964e-08,0.000242138493785884,0,0,0,0,0,0,-0.000214979895229877,5.86310501728964e-08,0.000242138493785884,-5.05449798313014e-21,-5.05449798313014e-21,1.20049690051721e-23,1.20049690051721e-23,0,1.11580513577085e-23,0,1.11580513577085e-23,0,0
commonData,2,B,E,Exact sine,dimensionless state,study2_pilot_20260918/fits/E.mat,pilot,0,stationary,0.25,derived pilot,After 25 initialization transitions,25,NaN,held,clean,(dimensionless state)^2,NaN,20,2,29,29,0,-0.0002166504114846,6.0892566905926e-08,0.000246764192916894,1.31599711970654e-17,1.82465259386342e-33,4.27159524517881e-17,-0.000216650411484587,6.08925669059201e-08,0.000246764192916882,0,0,0,0,0,0,-0.000216650411484587,6.08925669059201e-08,0.000246764192916882,-5.93387727883778e-21,-5.93387727883778e-21,-8.58824174499421e-24,-8.58824174499421e-24,0,1.02904678464546e-23,0,1.02904678464546e-23,0,0
commonData,2,B,E,Exact sine,dimensionless state,study2_pilot_20260918/fits/E.mat,pilot,0,stationary,0.25,derived pilot,After 25 initialization transitions,25,NaN,rateLimited,clean,(dimensionless state)^2,NaN,1,0.1,29,29,0,-8.18299407807167e-05,8.95415118844829e-09,9.46263768113748e-05,1.19636101791504e-19,1.701791545687e-35,4.12527762179347e-18,-8.18299407807166e-05,8.95415118844825e-09,9.46263768113746e-05,0,0,0,0,0,0,-8.18299407807166e-05,8.95415118844825e-09,9.46263768113746e-05,-4.027059728597e-23,-4.027059728597e-23,5.65927883407609e-25,5.65927883407609e-25,0,3.54206671545447e-25,0,3.54206671545447e-25,0,0
commonData,2,B,E,Exact sine,dimensionless state,study2_pilot_20260918/fits/E.mat,pilot,0,stationary,0.25,derived pilot,After 25 initialization transitions,25,NaN,rateLimited,clean,(dimensionless state)^2,NaN,2,0.2,29,29,0,-0.000133757299547234,2.26298113344609e-08,0.000150432082131641,-7.61088316055514e-05,9.34870798961316e-08,0.000305756569669617,-0.000209866131152785,1.55058751297338e-07,0.000393775000853708,0,0,0,0,0,0,-0.000209866131152785,1.55058751297338e-07,0.000393775000853708,3.89418600667454e-08,3.89418600667454e-08,5.29395592033938e-23,5.29395592033938e-23,0,1.05879118406788e-22,0,1.05879118406788e-22,0,0
commonData,2,B,E,Exact sine,dimensionless state,study2_pilot_20260918/fits/E.mat,pilot,0,stationary,0.25,derived pilot,After 25 initialization transitions,25,NaN,rateLimited,clean,(dimensionless state)^2,NaN,5,0.5,29,29,0,-0.000190217700493708,4.39070931910308e-08,0.000209540194690734,-0.000178560152764348,5.14577251007558e-07,0.000717340401070202,-0.000368777853258056,6.176462241667e-07,0.000785904716977001,0,0,0,0,0,0,-0.000368777853258056,6.176462241667e-07,0.000785904716977001,5.91618799681114e-08,5.91618799681114e-08,-6.61744490042422e-23,-6.61744490042422e-23,0,4.2351647362715e-22,0,4.2351647362715e-22,0,0
commonData,2,B,E,Exact sine,dimensionless state,study2_pilot_20260918/fits/E.mat,pilot,0,stationary,0.25,derived pilot,After 25 initialization transitions,25,NaN,rateLimited,clean,(dimensionless state)^2,NaN,10,1,29,29,0,-0.000212043599201512,5.01659536932101e-08,0.000223977574085465,-0.00100149364191075,1.14326425557615e-05,0.00338121909313217,-0.00121353724111226,1.17681229457305e-05,0.00343046978499017,0,0,0,0,0,0,-0.00121353724111226,1.17681229457305e-05,0.00343046978499017,2.85314436275738e-07,2.85314436275738e-07,-4.76456032830544e-21,-4.76456032830544e-21,0,8.470329472543e-21,0,8.470329472543e-21,0,0
commonData,2,B,E,Exact sine,dimensionless state,study2_pilot_20260918/fits/E.mat,pilot,0,stationary,0.25,derived pilot,After 25 initialization transitions,25,NaN,rateLimited,clean,(dimensionless state)^2,NaN,20,2,29,29,0,-0.000229056562768911,6.17914584672349e-08,0.000248578877757614,-0.000695599151600332,1.71136110556423e-05,0.00413686004786751,-0.000924655714369243,1.75719257506518e-05,0.00419188808899424,0,0,0,0,0,0,-0.000924655714369243,1.75719257506518e-05,0.00419188808899424,3.96523236542211e-07,3.96523236542211e-07,1.32348898008484e-21,1.32348898008484e-21,0,7.19978005166155e-21,0,7.19978005166155e-21,0,0
commonData,2,B,E,Exact sine,dimensionless state,study2_pilot_20260918/fits/E.mat,pilot,0,stationary,0.25,derived pilot,After 50 initialization transitions,50,NaN,held,clean,(dimensionless state)^2,NaN,1,0.1,29,29,0,4.11958319995024e-06,4.38787401359808e-10,2.094725283563e-05,-2.39272203583008e-19,1.66028443481658e-36,1.28852025006074e-18,4.11958319995e-06,4.3878740135981e-10,2.094725283563e-05,0,0,0,0,0,0,4.11958319995e-06,4.3878740135981e-10,2.094725283563e-05,2.32272554876406e-24,2.32272554876406e-24,-4.79788642448931e-26,-4.79788642448931e-26,0,1.24904631354804e-27,0,1.24904631354804e-27,0,0
commonData,2,B,E,Exact sine,dimensionless state,study2_pilot_20260918/fits/E.mat,pilot,0,stationary,0.25,derived pilot,After 50 initialization transitions,50,NaN,held,clean,(dimensionless state)^2,NaN,2,0.2,29,29,0,7.70600303333273e-06,8.89408754807533e-10,2.98229568421297e-05,-3.1105386465791e-18,2.40741243048404e-34,1.55158384577955e-17,7.70600303332962e-06,8.89408754807648e-10,2.98229568421317e-05,0,0,0,0,0,0,7.70600303332962e-06,8.89408754807648e-10,2.98229568421317e-05,1.15270076372171e-22,1.15270076372171e-22,1.2161907873563e-25,1.2161907873563e-25,0,2.33516708700308e-25,0,2.33516708700308e-25,0,0
commonData,2,B,E,Exact sine,dimensionless state,study2_pilot_20260918/fits/E.mat,pilot,0,stationary,0.25,derived pilot,After 50 initialization transitions,50,NaN,held,clean,(dimensionless state)^2,NaN,5,0.5,29,29,0,1.46438824698766e-05,1.60006496426324e-09,4.00008120450478e-05,-1.57919654364785e-17,1.65696386594695e-33,4.07058210327092e-17,1.46438824698608e-05,1.60006496426397e-09,4.0000812045057e-05,0,0,0,0,0,0,1.46438824698608e-05,1.60006496426397e-09,4.0000812045057e-05,7.32915213457384e-22,7.32915213457384e-22,3.80399569218498e-25,3.80399569218498e-25,0,7.87132308947621e-25,0,7.87132308947621e-25,0,0
commonData,2,B,E,Exact sine,dimensionless state,study2_pilot_20260918/fits/E.mat,pilot,0,stationary,0.25,derived pilot,After 50 initialization transitions,50,NaN,held,clean,(dimensionless state)^2,NaN,10,1,29,29,0,1.83901258072773e-05,2.47356618446039e-09,4.97349593792977e-05,-3.1105386465791e-17,3.50652072633262e-33,5.9215882382454e-17,1.83901258072462e-05,2.47356618446179e-09,4.97349593793118e-05,0,0,0,0,0,0,1.83901258072462e-05,2.47356618446179e-09,4.97349593793118e-05,1.40270476935922e-21,1.40270476935922e-21,1.93549527210025e-25,1.93549527210025e-25,0,5.41728368896405e-25,0,5.41728368896405e-25,0,0
commonData,2,B,E,Exact sine,dimensionless state,study2_pilot_20260918/fits/E.mat,pilot,0,stationary,0.25,derived pilot,After 50 initialization transitions,50,NaN,held,clean,(dimensionless state)^2,NaN,20,2,29,29,0,1.91675751674484e-05,2.77876309480381e-09,5.27139743787528e-05,-3.49337417231191e-17,3.97804150582053e-33,6.30717171624535e-17,1.91675751674135e-05,2.77876309480502e-09,5.27139743787643e-05,0,0,0,0,0,0,1.91675751674135e-05,2.77876309480502e-09,5.27139743787643e-05,1.21244541677443e-21,1.21244541677443e-21,-2.12229081943665e-25,-2.12229081943665e-25,0,1.01232411612984e-24,0,1.01232411612984e-24,0,0
commonData,2,B,E,Exact sine,dimensionless state,study2_pilot_20260918/fits/E.mat,pilot,0,stationary,0.25,derived pilot,After 50 initialization transitions,50,NaN,rateLimited,clean,(dimensionless state)^2,NaN,1,0.1,29,29,0,4.11958319995024e-06,4.38787401359808e-10,2.094725283563e-05,-2.39272203583008e-19,1.66028443481658e-36,1.28852025006074e-18,4.11958319995e-06,4.3878740135981e-10,2.094725283563e-05,0,0,0,0,0,0,4.11958319995e-06,4.3878740135981e-10,2.094725283563e-05,2.32272554876406e-24,2.32272554876406e-24,-4.79788642448931e-26,-4.79788642448931e-26,0,1.24904631354804e-27,0,1.24904631354804e-27,0,0
commonData,2,B,E,Exact sine,dimensionless state,study2_pilot_20260918/fits/E.mat,pilot,0,stationary,0.25,derived pilot,After 50 initialization transitions,50,NaN,rateLimited,clean,(dimensionless state)^2,NaN,2,0.2,29,29,0,7.2060027826063e-06,9.32631517426725e-10,3.05390163139995e-05,-7.61058063748344e-05,9.3479648055187e-08,0.000305744416228959,-6.88998035922281e-05,1.01763528039065e-07,0.000319003962419066,0,0,0,0,0,0,-6.88998035922281e-05,1.01763528039065e-07,0.000319003962419066,7.35124846645115e-09,7.35124846645115e-09,3.30872245021211e-24,3.30872245021211e-24,0,5.29395592033938e-23,0,5.29395592033938e-23,0,0
commonData,2,B,E,Exact sine,dimensionless state,study2_pilot_20260918/fits/E.mat,pilot,0,stationary,0.25,derived pilot,After 50 initialization transitions,50,NaN,rateLimited,clean,(dimensionless state)^2,NaN,5,0.5,29,29,0,1.72418616885734e-05,1.6156951430108e-09,4.01957105051124e-05,-0.000178596249997324,5.14785323101247e-07,0.000717485416647089,-0.000161354388308751,5.08059536869665e-07,0.000712782952145788,0,0,0,0,0,0,-0.000161354388308751,5.08059536869665e-07,0.000712782952145788,-8.34148137459341e-09,-8.34148137459341e-09,-3.97046694025453e-23,-3.97046694025453e-23,0,2.77932685817817e-22,0,2.77932685817817e-22,0,0
commonData,2,B,E,Exact sine,dimensionless state,study2_pilot_20260918/fits/E.mat,pilot,0,stationary,0.25,derived pilot,After 50 initialization transitions,50,NaN,rateLimited,clean,(dimensionless state)^2,NaN,10,1,29,29,0,1.98141934476358e-05,1.28549247745201e-09,3.58537651781791e-05,-0.00100175072237929,1.14380441170626e-05,0.00338201775824176,-0.000981936528931654,1.13357868679428e-05,0.00336686603059029,0,0,0,0,0,0,-0.000981936528931654,1.13357868679428e-05,0.00336686603059029,-1.03542741597213e-07,-1.03542741597213e-07,-7.00125670464883e-21,-7.00125670464883e-21,0,1.28113733272213e-20,0,1.28113733272213e-20,0,0
commonData,2,B,E,Exact sine,dimensionless state,study2_pilot_20260918/fits/E.mat,pilot,0,stationary,0.25,derived pilot,After 50 initialization transitions,50,NaN,rateLimited,clean,(dimensionless state)^2,NaN,20,2,29,29,0,1.42530897348441e-05,1.7880248533781e-09,4.22850429038224e-05,-0.000695848025411271,1.71250361211415e-05,0.00413824070362533,-0.000681594935676427,1.71372450110588e-05,0.00413971557127525,0,0,0,0,0,0,-0.000681594935676427,1.71372450110588e-05,0.00413971557127525,1.04208650639627e-08,1.04208650639627e-08,5.73567036744269e-21,5.73567036744269e-21,0,4.18222517706811e-21,0,4.18222517706811e-21,0,0
commonData,2,B,E,Exact sine,dimensionless state,study2_pilot_20260918/fits/E.mat,pilot,0,stationary,0.25,derived pilot,After 100 initialization transitions,100,NaN,held,clean,(dimensionless state)^2,NaN,1,0.1,29,29,0,-1.28045237764274e-05,2.91105899820882e-10,1.70618258056072e-05,4.78544407166016e-19,6.64113773926633e-36,2.57704050012147e-18,-1.28045237764269e-05,2.91105899820873e-10,1.70618258056069e-05,0,0,0,0,0,0,-1.28045237764269e-05,2.91105899820873e-10,1.70618258056069e-05,-9.30825546870964e-24,-9.30825546870964e-24,2.47357748143636e-27,2.47357748143636e-27,0,5.81443546517854e-27,0,5.81443546517854e-27,0,0
commonData,2,B,E,Exact sine,dimensionless state,study2_pilot_20260918/fits/E.mat,pilot,0,stationary,0.25,derived pilot,After 100 initialization transitions,100,NaN,held,clean,(dimensionless state)^2,NaN,2,0.2,29,29,0,-2.06254711122683e-05,6.73502969598288e-10,2.59519357582106e-05,4.78544407166016e-18,3.32056886963317e-34,1.82224281302827e-17,-2.06254711122635e-05,6.73502969597974e-10,2.59519357582045e-05,0,0,0,0,0,0,-2.06254711122635e-05,6.73502969597974e-10,2.59519357582045e-05,-3.14092127912519e-22,-3.14092127912519e-22,-1.33107281394818e-25,-1.33107281394818e-25,0,1.20381737221469e-25,0,1.20381737221469e-25,0,0
commonData,2,B,E,Exact sine,dimensionless state,study2_pilot_20260918/fits/E.mat,pilot,0,stationary,0.25,derived pilot,After 100 initialization transitions,100,NaN,held,clean,(dimensionless state)^2,NaN,5,0.5,29,29,0,-2.99973932658744e-05,1.30470064684207e-09,3.61206401776335e-05,2.15344983224707e-18,9.24778430192837e-34,3.04101698481419e-17,-2.99973932658722e-05,1.30470064684199e-09,3.61206401776323e-05,0,0,0,0,0,0,-2.99973932658722e-05,1.30470064684199e-09,3.61206401776323e-05,-8.24922996410394e-23,-8.24922996410394e-23,-1.89664620498409e-26,-1.89664620498409e-26,0,3.33277467592311e-25,0,3.33277467592311e-25,0,0
commonData,2,B,E,Exact sine,dimensionless state,study2_pilot_20260918/fits/E.mat,pilot,0,stationary,0.25,derived pilot,After 100 initialization transitions,100,NaN,held,clean,(dimensionless state)^2,NaN,10,1,29,29,0,-3.23467473324552e-05,1.66975360375449e-09,4.08626186600234e-05,7.17816610749024e-19,1.05428061610853e-33,3.24696876503075e-17,-3.23467473324545e-05,1.66975360375459e-09,4.08626186600246e-05,0,0,0,0,0,0,-3.23467473324545e-05,1.66975360375459e-09,4.08626186600246e-05,1.01814260121709e-22,1.01814260121709e-22,1.35750374396886e-25,1.35750374396886e-25,0,3.39168757869699e-25,0,3.39168757869699e-25,0,0
commonData,2,B,E,Exact sine,dimensionless state,study2_pilot_20260918/fits/E.mat,pilot,0,stationary,0.25,derived pilot,After 100 initialization transitions,100,NaN,held,clean,(dimensionless state)^2,NaN,20,2,29,29,0,-3.24893498509655e-05,1.76081688086406e-09,4.19620886141772e-05,1.19636101791504e-18,1.42950489837708e-33,3.7808793929152e-17,-3.24893498509643e-05,1.76081688086463e-09,4.19620886141839e-05,0,0,0,0,0,0,-3.24893498509643e-05,1.76081688086463e-09,4.19620886141839e-05,5.69025693183418e-22,5.69025693183418e-22,7.45682516358642e-26,7.45682516358642e-26,0,3.51551065305438e-25,0,3.51551065305438e-25,0,0
commonData,2,B,E,Exact sine,dimensionless state,study2_pilot_20260918/fits/E.mat,pilot,0,stationary,0.25,derived pilot,After 100 initialization transitions,100,NaN,rateLimited,clean,(dimensionless state)^2,NaN,1,0.1,29,29,0,-1.28045237764274e-05,2.91105899820882e-10,1.70618258056072e-05,4.78544407166016e-19,6.64113773926633e-36,2.57704050012147e-18,-1.28045237764269e-05,2.91105899820873e-10,1.70618258056069e-05,0,0,0,0,0,0,-1.28045237764269e-05,2.91105899820873e-10,1.70618258056069e-05,-9.30825546870964e-24,-9.30825546870964e-24,2.47357748143636e-27,2.47357748143636e-27,0,5.81443546517854e-27,0,5.81443546517854e-27,0,0
commonData,2,B,E,Exact sine,dimensionless state,study2_pilot_20260918/fits/E.mat,pilot,0,stationary,0.25,derived pilot,After 100 initialization transitions,100,NaN,rateLimited,clean,(dimensionless state)^2,NaN,2,0.2,29,29,0,-2.09273420821234e-05,7.03038678817328e-10,2.65148765567054e-05,-7.6104041760098e-05,9.34753132045551e-08,0.000305737327136474,-9.70313838422214e-05,1.02083364278711e-07,0.000319504873638432,0,0,0,0,0,0,-9.70313838422214e-05,1.02083364278711e-07,0.000319504873638432,7.90501239533823e-09,7.90501239533823e-09,-2.48154183765908e-23,-2.48154183765908e-23,0,1.7205356741103e-22,0,1.7205356741103e-22,0,0
commonData,2,B,E,Exact sine,dimensionless state,study2_pilot_20260918/fits/E.mat,pilot,0,stationary,0.25,derived pilot,After 100 initialization transitions,100,NaN,rateLimited,clean,(dimensionless state)^2,NaN,5,0.5,29,29,0,-2.86271310946291e-05,1.20359474085008e-09,3.46928629670439e-05,-0.00017860718451227,5.14848360260571e-07,0.000717529344529247,-0.000207234315606899,5.2540240251215e-07,0.000724846468234584,0,0,0,0,0,0,-0.000207234315606899,5.2540240251215e-07,0.000724846468234584,9.35044751072921e-09,9.35044751072921e-09,9.92616735063633e-23,9.92616735063633e-23,0,7.41153828847513e-22,0,7.41153828847513e-22,0,0
commonData,2,B,E,Exact sine,dimensionless state,study2_pilot_20260918/fits/E.mat,pilot,0,stationary,0.25,derived pilot,After 100 initialization transitions,100,NaN,rateLimited,clean,(dimensionless state)^2,NaN,10,1,29,29,0,-3.15341904343767e-05,1.25521012490197e-09,3.5428944733113e-05,-0.00100183112469129,1.14397165996281e-05,0.00338226501025985,-0.00103336531512566,1.14683992884284e-05,0.00338650251563888,0,0,0,0,0,0,-0.00103336531512566,1.14683992884284e-05,0.00338650251563888,2.74274786754859e-08,2.74274786754859e-08,-3.53371557682653e-21,-3.53371557682653e-21,0,7.09390093325477e-21,0,7.09390093325477e-21,0,0
commonData,2,B,E,Exact sine,dimensionless state,study2_pilot_20260918/fits/E.mat,pilot,0,stationary,0.25,derived pilot,After 100 initialization transitions,100,NaN,rateLimited,clean,(dimensionless state)^2,NaN,20,2,29,29,0,-3.50965909319564e-05,1.69260491477467e-09,4.11412799360286e-05,-0.00069592843894699,1.71287066690857e-05,0.00413868417121743,-0.000731025029878947,1.71951719169932e-05,0.00414670615271846,0,0,0,0,0,0,-0.000731025029878947,1.71951719169932e-05,0.00414670615271846,6.47726429926822e-08,6.47726429926822e-08,2.55433373156375e-21,2.55433373156375e-21,0,1.10114283143059e-20,0,1.10114283143059e-20,0,0
commonData,2,B,E,Exact sine,dimensionless state,study2_pilot_20260918/fits/E.mat,pilot,0,stationary,0.25,derived pilot,After 200 initialization transitions,200,NaN,held,clean,(dimensionless state)^2,NaN,1,0.1,29,29,0,-4.38716420292135e-06,6.60137949343357e-11,8.12488737979399e-06,-5.9818050895752e-19,3.86016131094855e-35,6.21301964502653e-18,-4.38716420292195e-06,6.60137949343292e-11,8.1248873797936e-06,0,0,0,0,0,0,-4.38716420292195e-06,6.60137949343292e-11,8.1248873797936e-06,-6.47761068165319e-24,-6.47761068165319e-24,2.33744897291446e-27,2.33744897291446e-27,0,4.6132668672683e-27,0,4.6132668672683e-27,0,0
commonData,2,B,E,Exact sine,dimensionless state,study2_pilot_20260918/fits/E.mat,pilot,0,stationary,0.25,derived pilot,After 200 initialization transitions,200,NaN,held,clean,(dimensionless state)^2,NaN,2,0.2,29,29,0,-6.93928629362397e-06,1.42264715584813e-10,1.19274773353301e-05,-3.94799135911963e-18,2.27874038678576e-34,1.5095497298154e-17,-6.93928629362792e-06,1.42264715584926e-10,1.19274773353348e-05,0,0,0,0,0,0,-6.93928629362792e-06,1.42264715584926e-10,1.19274773353348e-05,1.13400442738953e-22,1.13400442738953e-22,-2.50000311320056e-26,-2.50000311320056e-26,0,3.09791378232927e-26,0,3.09791378232927e-26,0,0
commonData,2,B,E,Exact sine,dimensionless state,study2_pilot_20260918/fits/E.mat,pilot,0,stationary,0.25,derived pilot,After 200 initialization transitions,200,NaN,held,clean,(dimensionless state)^2,NaN,5,0.5,29,29,0,-9.68279730434822e-06,2.59865256787378e-10,1.61203367454708e-05,3.94799135911963e-18,6.97734533731669e-34,2.64146651262451e-17,-9.68279730434428e-06,2.59865256787454e-10,1.61203367454732e-05,0,0,0,0,0,0,-9.68279730434428e-06,2.59865256787454e-10,1.61203367454732e-05,7.60949125783513e-23,7.60949125783513e-23,-4.59950124551015e-26,-4.59950124551015e-26,0,4.95179214526945e-26,0,4.95179214526945e-26,0,0
commonData,2,B,E,Exact sine,dimensionless state,study2_pilot_20260918/fits/E.mat,pilot,0,stationary,0.25,derived pilot,After 200 initialization transitions,200,NaN,held,clean,(dimensionless state)^2,NaN,10,1,29,29,0,-1.0131206210493e-05,3.58942042524323e-10,1.89457658204762e-05,9.33161593973731e-18,1.17382109541532e-33,3.42610725958094e-17,-1.01312062104837e-05,3.58942042524191e-10,1.89457658204727e-05,0,0,0,0,0,0,-1.01312062104837e-05,3.58942042524191e-10,1.89457658204727e-05,-1.32265657424553e-22,-1.32265657424553e-22,-8.32405851049612e-26,-8.32405851049612e-26,0,6.06138871822536e-26,0,6.06138871822536e-26,0,0
commonData,2,B,E,Exact sine,dimensionless state,study2_pilot_20260918/fits/E.mat,pilot,0,stationary,0.25,derived pilot,After 200 initialization transitions,200,NaN,held,clean,(dimensionless state)^2,NaN,20,2,29,29,0,-1.00927992487396e-05,3.90089197506782e-10,1.97506758746829e-05,8.85307153257129e-18,1.18046223315459e-33,3.43578554795638e-17,-1.00927992487308e-05,3.90089197506606e-10,1.97506758746785e-05,0,0,0,0,0,0,-1.00927992487308e-05,3.90089197506606e-10,1.97506758746785e-05,-1.7650964466476e-22,-1.7650964466476e-22,6.16802483616335e-26,6.16802483616335e-26,0,7.91064145966231e-26,0,7.91064145966231e-26,0,0
commonData,2,B,E,Exact sine,dimensionless state,study2_pilot_20260918/fits/E.mat,pilot,0,stationary,0.25,derived pilot,After 200 initialization transitions,200,NaN,rateLimited,clean,(dimensionless state)^2,NaN,1,0.1,29,29,0,-4.38716420292135e-06,6.60137949343357e-11,8.12488737979399e-06,-5.9818050895752e-19,3.86016131094855e-35,6.21301964502653e-18,-4.38716420292195e-06,6.60137949343292e-11,8.1248873797936e-06,0,0,0,0,0,0,-4.38716420292195e-06,6.60137949343292e-11,8.1248873797936e-06,-6.47761068165319e-24,-6.47761068165319e-24,2.33744897291446e-27,2.33744897291446e-27,0,4.6132668672683e-27,0,4.6132668672683e-27,0,0
commonData,2,B,E,Exact sine,dimensionless state,study2_pilot_20260918/fits/E.mat,pilot,0,stationary,0.25,derived pilot,After 200 initialization transitions,200,NaN,rateLimited,clean,(dimensionless state)^2,NaN,2,0.2,29,29,0,-7.06264362075879e-06,1.48027126711045e-10,1.21666399104701e-05,-7.61024518497107e-05,9.34714076085761e-08,0.000305730939894176,-8.31650954704695e-05,9.73765644724765e-08,0.000312052182290841,0,0,0,0,0,0,-8.31650954704695e-05,9.73765644724765e-08,0.000312052182290841,3.75712973718931e-09,3.75712973718931e-09,-5.79026428787119e-24,-5.79026428787119e-24,0,1.52201232709757e-22,0,1.52201232709757e-22,0,0
commonData,2,B,E,Exact sine,dimensionless state,study2_pilot_20260918/fits/E.mat,pilot,0,stationary,0.25,derived pilot,After 200 initialization transitions,200,NaN,rateLimited,clean,(dimensionless state)^2,NaN,5,0.5,29,29,0,-8.73051471550228e-06,2.35556556255803e-10,1.53478518449913e-05,-0.000178610907197401,5.14869822312225e-07,0.000717544299895292,-0.000187341421912903,5.16993229592121e-07,0.000719022412440753,0,0,0,0,0,0,-0.000187341421912903,5.16993229592121e-07,0.000719022412440753,1.88785072364082e-09,1.88785072364082e-09,-1.3400325923359e-22,-1.3400325923359e-22,0,7.61006163548785e-22,0,7.61006163548785e-22,0,0
commonData,2,B,E,Exact sine,dimensionless state,study2_pilot_20260918/fits/E.mat,pilot,0,stationary,0.25,derived pilot,After 200 initialization transitions,200,NaN,rateLimited,clean,(dimensionless state)^2,NaN,10,1,29,29,0,-9.70504369905294e-06,2.01580614681141e-10,1.41979088136648e-05,-0.00100186143636769,1.14403279111873e-05,0.00338235537919766,-0.00101156648006674,1.14398089765294e-05,0.00338227866630314,0,0,0,0,0,0,-0.00101156648006674,1.14398089765294e-05,0.00338227866630314,-7.20515272640055e-10,-7.20515272640055e-10,-3.58251923296716e-21,-3.58251923296716e-21,0,7.6762360844921e-21,0,7.6762360844921e-21,0,0
commonData,2,B,E,Exact sine,dimensionless state,study2_pilot_20260918/fits/E.mat,pilot,0,stationary,0.25,derived pilot,After 200 initialization transitions,200,NaN,rateLimited,clean,(dimensionless state)^2,NaN,20,2,29,29,0,-1.18704088499234e-05,3.33247563456644e-10,1.82550695275763e-05,-0.000695961644917098,1.71301989589659e-05,0.00413886445283799,-0.000707832053767022,1.71582024325721e-05,0.00414224606132617,0,0,0,0,0,0,-0.000707832053767022,1.71582024325721e-05,0.00414224606132617,2.76702260427454e-08,2.76702260427454e-08,5.11528490802792e-21,5.11528490802792e-21,0,6.98802181484798e-21,0,6.98802181484798e-21,0,0
commonData,2,B,O3,Odd cubic,dimensionless state,study2_pilot_20260918/fits/O3.mat,pilot,0,stationary,0.25,derived pilot,After 25 initialization transitions,25,NaN,held,clean,(dimensionless state)^2,NaN,1,0.1,29,29,0,3.69010151683466e-05,3.0312308978301e-07,0.000550566153866191,-1.43563322149805e-18,1.66028443481658e-35,4.07465880144164e-18,3.69010151683451e-05,3.03123089783009e-07,0.00055056615386619,0,0,0,0,0,0,3.69010151683451e-05,3.03123089783009e-07,0.00055056615386619,-1.18095355916412e-21,-1.18095355916412e-21,1.62832566894363e-23,1.62832566894363e-23,0,9.82135132764539e-23,0,9.82135132764539e-23,0,0
commonData,2,B,O3,Odd cubic,dimensionless state,study2_pilot_20260918/fits/O3.mat,pilot,0,stationary,0.25,derived pilot,After 25 initialization transitions,25,NaN,held,clean,(dimensionless state)^2,NaN,2,0.2,29,29,0,6.15313156138131e-05,8.30491029479113e-07,0.000911312805505943,-1.79454152687256e-18,1.4818038580738e-34,1.21729366139556e-17,6.15313156138113e-05,8.30491029479117e-07,0.000911312805505945,0,0,0,0,0,0,6.15313156138113e-05,8.30491029479117e-07,0.000911312805505945,3.4222513231517e-21,3.4222513231517e-21,2.83517821085719e-22,2.83517821085719e-22,0,1.8362095165665e-22,0,1.8362095165665e-22,0,0
commonData,2,B,O3,Odd cubic,dimensionless state,study2_pilot_20260918/fits/O3.mat,pilot,0,stationary,0.25,derived pilot,After 25 initialization transitions,25,NaN,held,clean,(dimensionless state)^2,NaN,5,0.5,29,29,0,9.62059382975349e-05,1.97146905724943e-06,0.00140409011721094,-4.30689966449414e-18,4.15071108704146e-34,2.03732940072082e-17,9.62059382975306e-05,1.97146905724944e-06,0.00140409011721094,0,0,0,0,0,0,9.62059382975306e-05,1.97146905724944e-06,0.00140409011721094,1.22151302732908e-20,1.22151302732908e-20,-3.56669011731023e-22,-3.56669011731023e-22,0,4.80640691258978e-22,0,4.80640691258978e-22,0,0
commonData,2,B,O3,Odd cubic,dimensionless state,study2_pilot_20260918/fits/O3.mat,pilot,0,stationary,0.25,derived pilot,After 25 initialization transitions,25,NaN,held,clean,(dimensionless state)^2,NaN,10,1,29,29,0,0.000108821144238446,2.47650279973862e-06,0.00157369082088529,-9.57088814332031e-19,8.23501079669025e-34,2.8696708516292e-17,0.000108821144238445,2.47650279973863e-06,0.00157369082088529,0,0,0,0,0,0,0.000108821144238445,2.47650279973863e-06,0.00157369082088529,1.31754594989868e-20,1.31754594989868e-20,-4.64488165459783e-23,-4.64488165459783e-23,0,2.87186796645671e-22,0,2.87186796645671e-22,0,0
commonData,2,B,O3,Odd cubic,dimensionless state,study2_pilot_20260918/fits/O3.mat,pilot,0,stationary,0.25,derived pilot,After 25 initialization transitions,25,NaN,held,clean,(dimensionless state)^2,NaN,20,2,29,29,0,0.000110662200492634,2.54919795817215e-06,0.00159662079347982,-1.91417762866406e-18,8.86591888192055e-34,2.97756929086807e-17,0.000110662200492632,2.54919795817216e-06,0.00159662079347983,0,0,0,0,0,0,0.000110662200492632,2.54919795817216e-06,0.00159662079347983,9.46550539029924e-21,9.46550539029924e-21,2.75373503124324e-22,2.75373503124324e-22,0,1.85011608209757e-22,0,1.85011608209757e-22,0,0
commonData,2,B,O3,Odd cubic,dimensionless state,study2_pilot_20260918/fits/O3.mat,pilot,0,stationary,0.25,derived pilot,After 25 initialization transitions,25,NaN,rateLimited,clean,(dimensionless state)^2,NaN,1,0.1,29,29,0,3.69010151683466e-05,3.0312308978301e-07,0.000550566153866191,-1.43563322149805e-18,1.66028443481658e-35,4.07465880144164e-18,3.69010151683451e-05,3.03123089783009e-07,0.00055056615386619,0,0,0,0,0,0,3.69010151683451e-05,3.03123089783009e-07,0.00055056615386619,-1.18095355916412e-21,-1.18095355916412e-21,1.62832566894363e-23,1.62832566894363e-23,0,9.82135132764539e-23,0,9.82135132764539e-23,0,0
commonData,2,B,O3,Odd cubic,dimensionless state,study2_pilot_20260918/fits/O3.mat,pilot,0,stationary,0.25,derived pilot,After 25 initialization transitions,25,NaN,rateLimited,clean,(dimensionless state)^2,NaN,2,0.2,29,29,0,0.000139987494038588,9.3645648087855e-07,0.000967706815558592,-6.77251986489193e-05,7.41014329483495e-08,0.000272215783797247,7.22622953896684e-05,8.27450406821771e-07,0.000909643010648557,0,0,0,0,0,0,7.22622953896684e-05,8.27450406821771e-07,0.000909643010648557,-1.83107507005129e-07,-1.83107507005129e-07,3.17637355220363e-22,3.17637355220363e-22,0,1.8362095165665e-22,0,1.8362095165665e-22,0,0
commonData,2,B,O3,Odd cubic,dimensionless state,study2_pilot_20260918/fits/O3.mat,pilot,0,stationary,0.25,derived pilot,After 25 initialization transitions,25,NaN,rateLimited,clean,(dimensionless state)^2,NaN,5,0.5,29,29,0,0.000283015233654404,2.52138964927185e-06,0.00158788842469232,-0.000158938205391828,4.08115078819339e-07,0.000638838851995822,0.000124077028262576,1.97356774921267e-06,0.00140483726787577,0,0,0,0,0,0,0.000124077028262576,1.97356774921267e-06,0.00140483726787577,-9.55936978878517e-07,-9.55936978878517e-07,0,0,0,1.6940658945086e-21,0,1.6940658945086e-21,0,0
commonData,2,B,O3,Odd cubic,dimensionless state,study2_pilot_20260918/fits/O3.mat,pilot,0,stationary,0.25,derived pilot,After 25 initialization transitions,25,NaN,rateLimited,clean,(dimensionless state)^2,NaN,10,1,29,29,0,4.77140952084862e-05,1.94647882096672e-06,0.00139516265036257,-0.000895404189780143,9.11109883117885e-06,0.0030184596785743,-0.000847690094571657,1.25002600839101e-05,0.00353557068716072,0,0,0,0,0,0,-0.000847690094571657,1.25002600839101e-05,0.00353557068716072,1.44268243176457e-06,1.44268243176457e-06,-3.59989002583078e-21,-3.59989002583078e-21,0,1.01643953670516e-20,0,1.01643953670516e-20,0,0
commonData,2,B,O3,Odd cubic,dimensionless state,study2_pilot_20260918/fits/O3.mat,pilot,0,stationary,0.25,derived pilot,After 25 initialization transitions,25,NaN,rateLimited,clean,(dimensionless state)^2,NaN,20,2,29,29,0,-0.000147792039069178,2.83251033712966e-06,0.0016830063390046,-0.00062253357256632,1.36437430824955e-05,0.00369374377596708,-0.000770325611635498,1.87958411259764e-05,0.00433541706482507,0,0,0,0,0,0,-0.000770325611635498,1.87958411259764e-05,0.00433541706482507,2.31958770635124e-06,2.31958770635124e-06,-3.3881317890172e-21,-3.3881317890172e-21,0,6.7762635780344e-21,0,6.7762635780344e-21,0,0
commonData,2,B,O3,Odd cubic,dimensionless state,study2_pilot_20260918/fits/O3.mat,pilot,0,stationary,0.25,derived pilot,After 50 initialization transitions,50,NaN,held,clean,(dimensionless state)^2,NaN,1,0.1,29,29,0,0.000143641755969219,1.8167952568416e-07,0.000426238812972446,9.57088814332031e-19,9.9617066088995e-36,3.15621713589219e-18,0.00014364175596922,1.8167952568416e-07,0.000426238812972447,0,0,0,0,0,0,0.00014364175596922,1.8167952568416e-07,0.000426238812972447,4.22271112888089e-22,4.22271112888089e-22,-2.52244188626452e-23,-2.52244188626452e-23,0,3.89740569456007e-23,0,3.89740569456007e-23,0,0
commonData,2,B,O3,Odd cubic,dimensionless state,study2_pilot_20260918/fits/O3.mat,pilot,0,stationary,0.25,derived pilot,After 50 initialization transitions,50,NaN,held,clean,(dimensionless state)^2,NaN,2,0.2,29,29,0,0.000235881765216301,4.86502127705779e-07,0.000697497044944119,2.75163034120459e-18,8.01087239799001e-35,8.95034770162032e-18,0.000235881765216304,4.86502127705781e-07,0.000697497044944121,0,0,0,0,0,0,0.000235881765216304,4.86502127705781e-07,0.000697497044944121,1.8462030679845e-21,1.8462030679845e-21,-4.62580550691917e-23,-4.62580550691917e-23,0,1.47610006333743e-22,0,1.47610006333743e-22,0,0
commonData,2,B,O3,Odd cubic,dimensionless state,study2_pilot_20260918/fits/O3.mat,pilot,0,stationary,0.25,derived pilot,After 50 initialization transitions,50,NaN,held,clean,(dimensionless state)^2,NaN,5,0.5,29,29,0,0.000357525941833808,1.10244863321703e-06,0.00104997553934224,-7.17816610749024e-19,6.45850645143651e-34,2.54135917403198e-17,0.000357525941833807,1.10244863321705e-06,0.00104997553934225,0,0,0,0,0,0,0.000357525941833807,1.10244863321705e-06,0.00104997553934225,1.81756709953471e-20,1.81756709953471e-20,-1.76220866193909e-22,-1.76220866193909e-22,0,2.47281862745096e-22,0,2.47281862745096e-22,0,0
commonData,2,B,O3,Odd cubic,dimensionless state,study2_pilot_20260918/fits/O3.mat,pilot,0,stationary,0.25,derived pilot,After 50 initialization transitions,50,NaN,held,clean,(dimensionless state)^2,NaN,10,1,29,29,0,0.000396466596763518,1.3444593501618e-06,0.00115950823634927,-1.91417762866406e-18,1.24521332611244e-33,3.52875803380231e-17,0.000396466596763516,1.34445935016183e-06,0.00115950823634929,0,0,0,0,0,0,0.000396466596763516,1.34445935016183e-06,0.00115950823634929,3.25084933652789e-20,3.25084933652789e-20,-3.21241369616773e-22,-3.21241369616773e-22,0,4.02640307526241e-22,0,4.02640307526241e-22,0,0
commonData,2,B,O3,Odd cubic,dimensionless state,study2_pilot_20260918/fits/O3.mat,pilot,0,stationary,0.25,derived pilot,After 50 initialization transitions,50,NaN,held,clean,(dimensionless state)^2,NaN,20,2,29,29,0,0.000401145116609516,1.37355302454629e-06,0.00117198678514149,-7.17816610749024e-19,1.26015588602579e-33,3.54986744263189e-17,0.000401145116609515,1.37355302454632e-06,0.00117198678514151,0,0,0,0,0,0,0.000401145116609515,1.37355302454632e-06,0.00117198678514151,3.54932210488578e-20,3.54932210488578e-20,8.21627358215467e-23,8.21627358215467e-23,0,6.96456987777164e-22,0,6.96456987777164e-22,0,0
commonData,2,B,O3,Odd cubic,dimensionless state,study2_pilot_20260918/fits/O3.mat,pilot,0,stationary,0.25,derived pilot,After 50 initialization transitions,50,NaN,rateLimited,clean,(dimensionless state)^2,NaN,1,0.1,29,29,0,0.000143641755969219,1.8167952568416e-07,0.000426238812972446,9.57088814332031e-19,9.9617066088995e-36,3.15621713589219e-18,0.00014364175596922,1.8167952568416e-07,0.000426238812972447,0,0,0,0,0,0,0.00014364175596922,1.8167952568416e-07,0.000426238812972447,4.22271112888089e-22,4.22271112888089e-22,-2.52244188626452e-23,-2.52244188626452e-23,0,3.89740569456007e-23,0,3.89740569456007e-23,0,0
commonData,2,B,O3,Odd cubic,dimensionless state,study2_pilot_20260918/fits/O3.mat,pilot,0,stationary,0.25,derived pilot,After 50 initialization transitions,50,NaN,rateLimited,clean,(dimensionless state)^2,NaN,2,0.2,29,29,0,0.000295200725676009,5.79061721724799e-07,0.000760961051384891,-6.89592732651976e-05,7.68265592148661e-08,0.000277176043724681,0.000226241452410812,4.76922224745344e-07,0.000690595558011593,0,0,0,0,0,0,0.000226241452410812,4.76922224745344e-07,0.000690595558011593,-1.78966056194321e-07,-1.78966056194321e-07,7.94093388050907e-23,7.94093388050907e-23,0,2.11758236813575e-22,0,2.11758236813575e-22,0,0
commonData,2,B,O3,Odd cubic,dimensionless state,study2_pilot_20260918/fits/O3.mat,pilot,0,stationary,0.25,derived pilot,After 50 initialization transitions,50,NaN,rateLimited,clean,(dimensionless state)^2,NaN,5,0.5,29,29,0,0.000492018456804286,1.4779459646119e-06,0.00121570800960259,-0.000161894527513826,4.23438525272451e-07,0.000650721542038106,0.00033012392929046,1.08945696917671e-06,0.00104377055389425,0,0,0,0,0,0,0.00033012392929046,1.08945696917671e-06,0.00104377055389425,-8.11927520707646e-07,-8.11927520707646e-07,3.17637355220363e-22,3.17637355220363e-22,0,1.6940658945086e-21,0,1.6940658945086e-21,0,0
commonData,2,B,O3,Odd cubic,dimensionless state,study2_pilot_20260918/fits/O3.mat,pilot,0,stationary,0.25,derived pilot,After 50 initialization transitions,50,NaN,rateLimited,clean,(dimensionless state)^2,NaN,10,1,29,29,0,0.000350729410773685,1.12955641138726e-06,0.00106280591426058,-0.000912135517726825,9.45418207997231e-06,0.00307476536990586,-0.00056140610695314,1.12174682285714e-05,0.00334924890513849,0,0,0,0,0,0,-0.00056140610695314,1.12174682285714e-05,0.00334924890513849,6.33729737211794e-07,6.33729737211794e-07,9.52912065661088e-22,9.52912065661088e-22,0,3.3881317890172e-21,0,3.3881317890172e-21,0,0
commonData,2,B,O3,Odd cubic,dimensionless state,study2_pilot_20260918/fits/O3.mat,pilot,0,stationary,0.25,derived pilot,After 50 initialization transitions,50,NaN,rateLimited,clean,(dimensionless state)^2,NaN,20,2,29,29,0,0.000223162731248132,1.46008276489924e-06,0.00120833884523309,-0.000634264706472746,1.41617584391654e-05,0.0037632111871599,-0.000411101975224615,1.69211990268973e-05,0.00411353850436547,0,0,0,0,0,0,-0.000411101975224615,1.69211990268973e-05,0.00411353850436547,1.29935782283263e-06,1.29935782283263e-06,5.50571415715295e-21,5.50571415715295e-21,0,1.01643953670516e-20,0,1.01643953670516e-20,0,0
commonData,2,B,O3,Odd cubic,dimensionless state,study2_pilot_20260918/fits/O3.mat,pilot,0,stationary,0.25,derived pilot,After 100 initialization transitions,100,NaN,held,clean,(dimensionless state)^2,NaN,1,0.1,29,29,0,3.70007616239908e-05,6.42713835958349e-08,0.000253518014341851,0,0,0,3.70007616239908e-05,6.42713835958349e-08,0.000253518014341851,0,0,0,0,0,0,3.70007616239908e-05,6.42713835958349e-08,0.000253518014341851,0,0,0,0,0,0,0,0,0,0
commonData,2,B,O3,Odd cubic,dimensionless state,study2_pilot_20260918/fits/O3.mat,pilot,0,stationary,0.25,derived pilot,After 100 initialization transitions,100,NaN,held,clean,(dimensionless state)^2,NaN,2,0.2,29,29,0,6.16115186068997e-05,1.77039076497126e-07,0.000420760117521999,5.26398847882617e-18,6.04343534273236e-34,2.458339956705e-17,6.1611518606905e-05,1.77039076497123e-07,0.000420760117521995,0,0,0,0,0,0,6.1611518606905e-05,1.77039076497123e-07,0.000420760117521995,-3.04906792045671e-21,-3.04906792045671e-21,-4.78962929424312e-23,-4.78962929424312e-23,0,2.34944789498079e-23,0,2.34944789498079e-23,0,0
commonData,2,B,O3,Odd cubic,dimensionless state,study2_pilot_20260918/fits/O3.mat,pilot,0,stationary,0.25,derived pilot,After 100 initialization transitions,100,NaN,held,clean,(dimensionless state)^2,NaN,5,0.5,29,29,0,9.60642265049766e-05,4.25063000838959e-07,0.000651968558167462,2.39272203583008e-19,1.73499723438333e-33,4.16532980012787e-17,9.60642265049769e-05,4.25063000838957e-07,0.000651968558167461,0,0,0,0,0,0,9.60642265049769e-05,4.25063000838957e-07,0.000651968558167461,-1.46322080644692e-21,-1.46322080644692e-21,3.38527079535544e-23,3.38527079535544e-23,0,5.02498471510014e-23,0,5.02498471510014e-23,0,0
commonData,2,B,O3,Odd cubic,dimensionless state,study2_pilot_20260918/fits/O3.mat,pilot,0,stationary,0.25,derived pilot,After 100 initialization transitions,100,NaN,held,clean,(dimensionless state)^2,NaN,10,1,29,29,0,0.000108472937286803,5.3798795033191e-07,0.000733476618803838,-9.57088814332031e-19,1.91596823777834e-33,4.37717744417374e-17,0.000108472937286802,5.37987950331909e-07,0.000733476618803837,0,0,0,0,0,0,0.000108472937286802,5.37987950331909e-07,0.000733476618803837,-1.30504267770515e-21,-1.30504267770515e-21,3.44932568217798e-23,3.44932568217798e-23,0,5.86021746377214e-23,0,5.86021746377214e-23,0,0
commonData,2,B,O3,Odd cubic,dimensionless state,study2_pilot_20260918/fits/O3.mat,pilot,0,stationary,0.25,derived pilot,After 100 initialization transitions,100,NaN,held,clean,(dimensionless state)^2,NaN,20,2,29,29,0,0.000110260122918663,5.54860646549883e-07,0.000744889687504051,-7.17816610749024e-19,2.19323573839271e-33,4.68319948154326e-17,0.000110260122918662,5.54860646549881e-07,0.00074488968750405,0,0,0,0,0,0,0.000110260122918662,5.54860646549881e-07,0.00074488968750405,-1.61782894637179e-21,-1.61782894637179e-21,1.35521288674573e-22,1.35521288674573e-22,0,9.07549525602859e-23,0,9.07549525602859e-23,0,0
commonData,2,B,O3,Odd cubic,dimensionless state,study2_pilot_20260918/fits/O3.mat,pilot,0,stationary,0.25,derived pilot,After 100 initialization transitions,100,NaN,rateLimited,clean,(dimensionless state)^2,NaN,1,0.1,29,29,0,3.70007616239908e-05,6.42713835958349e-08,0.000253518014341851,0,0,0,3.70007616239908e-05,6.42713835958349e-08,0.000253518014341851,0,0,0,0,0,0,3.70007616239908e-05,6.42713835958349e-08,0.000253518014341851,0,0,0,0,0,0,0,0,0,0
commonData,2,B,O3,Odd cubic,dimensionless state,study2_pilot_20260918/fits/O3.mat,pilot,0,stationary,0.25,derived pilot,After 100 initialization transitions,100,NaN,rateLimited,clean,(dimensionless state)^2,NaN,2,0.2,29,29,0,9.6697056728946e-05,1.9915256320655e-07,0.000446265126585699,-6.99789854888234e-05,7.91154523062382e-08,0.000281274691904974,2.67180712401226e-05,1.90774343225418e-07,0.000436777223794257,0,0,0,0,0,0,2.67180712401226e-05,1.90774343225418e-07,0.000436777223794257,-8.74936722873695e-08,-8.74936722873695e-08,1.32348898008484e-23,1.32348898008484e-23,0,2.34944789498079e-23,0,2.34944789498079e-23,0,0
commonData,2,B,O3,Odd cubic,dimensionless state,study2_pilot_20260918/fits/O3.mat,pilot,0,stationary,0.25,derived pilot,After 100 initialization transitions,100,NaN,rateLimited,clean,(dimensionless state)^2,NaN,5,0.5,29,29,0,0.00018074057178692,5.42610590850598e-07,0.000736621063268352,-0.000164230296498637,4.35745173200022e-07,0.00066010997053523,1.65102752882831e-05,5.18957903675043e-07,0.000720387328924547,0,0,0,0,0,0,1.65102752882831e-05,5.18957903675043e-07,0.000720387328924547,-4.59397860375576e-07,-4.59397860375576e-07,5.29395592033938e-23,5.29395592033938e-23,0,4.2351647362715e-22,0,4.2351647362715e-22,0,0
commonData,2,B,O3,Odd cubic,dimensionless state,study2_pilot_20260918/fits/O3.mat,pilot,0,stationary,0.25,derived pilot,After 100 initialization transitions,100,NaN,rateLimited,clean,(dimensionless state)^2,NaN,10,1,29,29,0,8.75469587584363e-05,4.16921543684128e-07,0.000645694621074179,-0.000925221699115509,9.72798397007843e-06,0.00311897162059523,-0.000837674740357073,1.0702968582091e-05,0.00327153917630387,0,0,0,0,0,0,-0.000837674740357073,1.0702968582091e-05,0.00327153917630387,5.58063068328474e-07,5.58063068328474e-07,-1.05879118406788e-22,-1.05879118406788e-22,0,5.9292306307801e-21,0,5.9292306307801e-21,0,0
commonData,2,B,O3,Odd cubic,dimensionless state,study2_pilot_20260918/fits/O3.mat,pilot,0,stationary,0.25,derived pilot,After 100 initialization transitions,100,NaN,rateLimited,clean,(dimensionless state)^2,NaN,20,2,29,29,0,7.82413778235344e-06,5.87855830960672e-07,0.000766717569226551,-0.000643269036226182,1.45677262006052e-05,0.0038167690787635,-0.000635444898443828,1.61749754839321e-05,0.0040218124625512,0,0,0,0,0,0,-0.000635444898443828,1.61749754839321e-05,0.0040218124625512,1.01939345236628e-06,1.01939345236628e-06,-3.17637355220363e-21,-3.17637355220363e-21,0,1.35525271560688e-20,0,1.35525271560688e-20,0,0
commonData,2,B,O3,Odd cubic,dimensionless state,study2_pilot_20260918/fits/O3.mat,pilot,0,stationary,0.25,derived pilot,After 200 initialization transitions,200,NaN,held,clean,(dimensionless state)^2,NaN,1,0.1,29,29,0,6.26851553411624e-06,3.40002549182424e-08,0.0001843915803887,2.87126644299609e-18,1.22861048176427e-34,1.10842703041936e-17,6.26851553411911e-06,3.40002549182421e-08,0.000184391580388699,0,0,0,0,0,0,6.26851553411911e-06,3.40002549182421e-08,0.000184391580388699,-2.17813710243556e-22,-2.17813710243556e-22,-7.17941637099037e-24,-7.17941637099037e-24,0,6.1791990579779e-24,0,6.1791990579779e-24,0,0
commonData,2,B,O3,Odd cubic,dimensionless state,study2_pilot_20260918/fits/O3.mat,pilot,0,stationary,0.25,derived pilot,After 200 initialization transitions,200,NaN,held,clean,(dimensionless state)^2,NaN,2,0.2,29,29,0,1.06409934841422e-05,9.336455579298e-08,0.000305556141802092,5.62289678420068e-18,4.7857698833588e-34,2.18764025455713e-17,1.06409934841478e-05,9.33645557929804e-08,0.000305556141802092,0,0,0,0,0,0,1.06409934841478e-05,9.33645557929804e-08,0.000305556141802092,4.4993802847475e-22,4.4993802847475e-22,1.32831145544671e-23,1.32831145544671e-23,0,1.98688325099176e-23,0,1.98688325099176e-23,0,0
commonData,2,B,O3,Odd cubic,dimensionless state,study2_pilot_20260918/fits/O3.mat,pilot,0,stationary,0.25,derived pilot,After 200 initialization transitions,200,NaN,held,clean,(dimensionless state)^2,NaN,5,0.5,29,29,0,1.72220937584609e-05,2.22691787455841e-07,0.000471902307110106,9.0923437361543e-18,1.09910829584858e-33,3.31528022322183e-17,1.722209375847e-05,2.22691787455843e-07,0.000471902307110108,0,0,0,0,0,0,1.722209375847e-05,2.22691787455843e-07,0.000471902307110108,1.7544518344897e-21,1.7544518344897e-21,4.5493178424586e-23,4.5493178424586e-23,0,4.97740560991206e-23,0,4.97740560991206e-23,0,0
commonData,2,B,O3,Odd cubic,dimensionless state,study2_pilot_20260918/fits/O3.mat,pilot,0,stationary,0.25,derived pilot,After 200 initialization transitions,200,NaN,held,clean,(dimensionless state)^2,NaN,10,1,29,29,0,1.98918471632398e-05,2.80620531950102e-07,0.000529736285287408,9.0923437361543e-18,1.62375817725062e-33,4.02958828821335e-17,1.98918471632489e-05,2.80620531950098e-07,0.000529736285287404,0,0,0,0,0,0,1.98918471632489e-05,2.80620531950098e-07,0.000529736285287404,-4.16428940457344e-21,-4.16428940457344e-21,3.50037867071044e-23,3.50037867071044e-23,0,4.28800345284624e-23,0,4.28800345284624e-23,0,0
commonData,2,B,O3,Odd cubic,dimensionless state,study2_pilot_20260918/fits/O3.mat,pilot,0,stationary,0.25,derived pilot,After 200 initialization transitions,200,NaN,held,clean,(dimensionless state)^2,NaN,20,2,29,29,0,2.03335181222042e-05,2.89092993660421e-07,0.000537673686970472,1.29206989934824e-17,2.19821659169716e-33,4.68851425474761e-17,2.03335181222171e-05,2.89092993660416e-07,0.000537673686970467,0,0,0,0,0,0,2.03335181222171e-05,2.89092993660416e-07,0.000537673686970467,-5.31256550918714e-21,-5.31256550918714e-21,1.86095888455675e-23,1.86095888455675e-23,0,5.38007750509911e-23,0,5.38007750509911e-23,0,0
commonData,2,B,O3,Odd cubic,dimensionless state,study2_pilot_20260918/fits/O3.mat,pilot,0,stationary,0.25,derived pilot,After 200 initialization transitions,200,NaN,rateLimited,clean,(dimensionless state)^2,NaN,1,0.1,29,29,0,6.26851553411624e-06,3.40002549182424e-08,0.0001843915803887,2.87126644299609e-18,1.22861048176427e-34,1.10842703041936e-17,6.26851553411911e-06,3.40002549182421e-08,0.000184391580388699,0,0,0,0,0,0,6.26851553411911e-06,3.40002549182421e-08,0.000184391580388699,-2.17813710243556e-22,-2.17813710243556e-22,-7.17941637099037e-24,-7.17941637099037e-24,0,6.1791990579779e-24,0,6.1791990579779e-24,0,0
commonData,2,B,O3,Odd cubic,dimensionless state,study2_pilot_20260918/fits/O3.mat,pilot,0,stationary,0.25,derived pilot,After 200 initialization transitions,200,NaN,rateLimited,clean,(dimensionless state)^2,NaN,2,0.2,29,29,0,3.64282130723952e-05,1.03641075027455e-07,0.000321933339415873,-7.04955064138625e-05,8.02876784990098e-08,0.00028335080465566,-3.40672933414673e-05,1.23124281364445e-07,0.000350890697175694,0,0,0,0,0,0,-3.40672933414673e-05,1.23124281364445e-07,0.000350890697175694,-6.08044721620204e-08,-6.08044721620204e-08,0,0,0,1.98688325099176e-23,0,1.98688325099176e-23,0,0
commonData,2,B,O3,Odd cubic,dimensionless state,study2_pilot_20260918/fits/O3.mat,pilot,0,stationary,0.25,derived pilot,After 200 initialization transitions,200,NaN,rateLimited,clean,(dimensionless state)^2,NaN,5,0.5,29,29,0,7.89811817700588e-05,2.78182492230092e-07,0.000527430082788318,-0.000165451559911772,4.42249920429217e-07,0.000665018736900861,-8.64703781417128e-05,4.00220909274037e-07,0.00063263015204307,0,0,0,0,0,0,-8.64703781417128e-05,4.00220909274037e-07,0.00063263015204307,-3.20211503385271e-07,-3.20211503385271e-07,-5.29395592033938e-23,-5.29395592033938e-23,0,2.11758236813575e-22,0,2.11758236813575e-22,0,0
commonData,2,B,O3,Odd cubic,dimensionless state,study2_pilot_20260918/fits/O3.mat,pilot,0,stationary,0.25,derived pilot,After 200 initialization transitions,200,NaN,rateLimited,clean,(dimensionless state)^2,NaN,10,1,29,29,0,7.24938333455902e-06,2.20797994190962e-07,0.000469891470651428,-0.000932113415196864,9.87335437829149e-06,0.0031421894243173,-0.000924864031862305,1.06335406644101e-05,0.00326091101755478,0,0,0,0,0,0,-0.000924864031862305,1.06335406644101e-05,0.00326091101755478,5.39388291927684e-07,5.39388291927684e-07,-4.2351647362715e-22,-4.2351647362715e-22,0,5.0821976835258e-21,0,5.0821976835258e-21,0,0
commonData,2,B,O3,Odd cubic,dimensionless state,study2_pilot_20260918/fits/O3.mat,pilot,0,stationary,0.25,derived pilot,After 200 initialization transitions,200,NaN,rateLimited,clean,(dimensionless state)^2,NaN,20,2,29,29,0,-4.70144602446733e-05,3.15053835537187e-07,0.000561296566475501,-0.000648075403672644,1.47860735017892e-05,0.00384526637592107,-0.000695089863917317,1.59332710737459e-05,0.00399165016925907,0,0,0,0,0,0,-0.000695089863917317,1.59332710737459e-05,0.00399165016925907,8.32143736419577e-07,8.32143736419577e-07,-3.17637355220363e-22,-3.17637355220363e-22,0,1.01643953670516e-20,0,1.01643953670516e-20,0,0
commonData,2,B,O5,Odd quintic,dimensionless state,study2_pilot_20260918/fits/O5.mat,pilot,0,stationary,0.25,derived pilot,After 25 initialization transitions,25,NaN,held,clean,(dimensionless state)^2,NaN,1,0.1,29,29,0,3.44627066611034e-05,2.12427100016989e-06,0.00145748790738376,-9.57088814332031e-19,3.32056886963317e-35,5.76243773904167e-18,3.44627066611024e-05,2.12427100016989e-06,0.00145748790738376,0,0,0,0,0,0,3.44627066611024e-05,2.12427100016989e-06,0.00145748790738376,-1.50881894653797e-21,-1.50881894653797e-21,2.38269525656486e-22,2.38269525656486e-22,0,4.26812945500261e-22,0,4.26812945500261e-22,0,0
commonData,2,B,O5,Odd quintic,dimensionless state,study2_pilot_20260918/fits/O5.mat,pilot,0,stationary,0.25,derived pilot,After 25 initialization transitions,25,NaN,held,clean,(dimensionless state)^2,NaN,2,0.2,29,29,0,5.6901022616719e-05,5.7841362677112e-06,0.00240502313246904,5.02471627524317e-18,5.79439267750987e-34,2.4071544772843e-17,5.6901022616724e-05,5.78413626771117e-06,0.00240502313246904,0,0,0,0,0,0,5.6901022616724e-05,5.78413626771117e-06,0.00240502313246904,-2.6830866661139e-20,-2.6830866661139e-20,2.26691119076374e-21,2.26691119076374e-21,0,1.75545651798577e-21,0,1.75545651798577e-21,0,0
commonData,2,B,O5,Odd quintic,dimensionless state,study2_pilot_20260918/fits/O5.mat,pilot,0,stationary,0.25,derived pilot,After 25 initialization transitions,25,NaN,held,clean,(dimensionless state)^2,NaN,5,0.5,29,29,0,8.72153270614865e-05,1.3556103771544e-05,0.00368186145469163,3.46944695195361e-18,1.40833627183317e-33,3.7527806648313e-17,8.721532706149e-05,1.3556103771544e-05,0.00368186145469164,0,0,0,0,0,0,8.721532706149e-05,1.3556103771544e-05,0.00368186145469164,3.71683964967575e-20,3.71683964967575e-20,1.01053182430262e-22,1.01053182430262e-22,0,5.33897364375012e-21,0,5.33897364375012e-21,0,0
commonData,2,B,O5,Odd quintic,dimensionless state,study2_pilot_20260918/fits/O5.mat,pilot,0,stationary,0.25,derived pilot,After 25 initialization transitions,25,NaN,held,clean,(dimensionless state)^2,NaN,10,1,29,29,0,9.74194978822564e-05,1.68875261340813e-05,0.00410944353095177,1.91417762866406e-18,2.10856123221706e-33,4.5919072641083e-17,9.74194978822583e-05,1.68875261340814e-05,0.00410944353095178,0,0,0,0,0,0,9.74194978822583e-05,1.68875261340814e-05,0.00410944353095178,8.00054719190343e-20,8.00054719190343e-20,1.30969101737645e-21,1.30969101737645e-21,0,6.0570421783439e-21,0,6.0570421783439e-21,0,0
commonData,2,B,O5,Odd quintic,dimensionless state,study2_pilot_20260918/fits/O5.mat,pilot,0,stationary,0.25,derived pilot,After 25 initialization transitions,25,NaN,held,clean,(dimensionless state)^2,NaN,20,2,29,29,0,9.87529561387626e-05,1.7346109806589e-05,0.00416486612108829,4.78544407166016e-19,2.04879099256366e-33,4.52635724679754e-17,9.87529561387631e-05,1.73461098065891e-05,0.0041648661210883,0,0,0,0,0,0,9.87529561387631e-05,1.73461098065891e-05,0.0041648661210883,7.49925215474118e-20,7.49925215474118e-20,-4.5362218903541e-22,-4.5362218903541e-22,0,5.39124417028018e-21,0,5.39124417028018e-21,0,0
commonData,2,B,O5,Odd quintic,dimensionless state,study2_pilot_20260918/fits/O5.mat,pilot,0,stationary,0.25,derived pilot,After 25 initialization transitions,25,NaN,rateLimited,clean,(dimensionless state)^2,NaN,1,0.1,29,29,0,3.44627066611034e-05,2.12427100016989e-06,0.00145748790738376,-9.57088814332031e-19,3.32056886963317e-35,5.76243773904167e-18,3.44627066611024e-05,2.12427100016989e-06,0.00145748790738376,0,0,0,0,0,0,3.44627066611024e-05,2.12427100016989e-06,0.00145748790738376,-1.50881894653797e-21,-1.50881894653797e-21,2.38269525656486e-22,2.38269525656486e-22,0,4.26812945500261e-22,0,4.26812945500261e-22,0,0
commonData,2,B,O5,Odd quintic,dimensionless state,study2_pilot_20260918/fits/O5.mat,pilot,0,stationary,0.25,derived pilot,After 25 initialization transitions,25,NaN,rateLimited,clean,(dimensionless state)^2,NaN,2,0.2,29,29,0,0.00026554981684131,6.50795405858602e-06,0.0025510691990979,-4.1105610321765e-05,2.7539968122202e-08,0.000165951704185892,0.000224444206519545,6.23875311940906e-06,0.00249774961103171,0,0,0,0,0,0,0.000224444206519545,6.23875311940906e-06,0.00249774961103171,-2.96740907299164e-07,-2.96740907299164e-07,8.99972506457694e-22,8.99972506457694e-22,0,1.75545651798577e-21,0,1.75545651798577e-21,0,0
commonData,2,B,O5,Odd quintic,dimensionless state,study2_pilot_20260918/fits/O5.mat,pilot,0,stationary,0.25,derived pilot,After 25 initialization transitions,25,NaN,rateLimited,clean,(dimensionless state)^2,NaN,5,0.5,29,29,0,0.000577092838431345,1.71423619174443e-05,0.00414033355147195,-9.6479252592341e-05,1.51715199444468e-07,0.000389506353535431,0.000480613585839004,1.57908017093255e-05,0.00397376417384393,0,0,0,0,0,0,0.000480613585839004,1.57908017093255e-05,0.00397376417384393,-1.50327540756326e-06,-1.50327540756326e-06,-4.2351647362715e-22,-4.2351647362715e-22,2.16840434497101e-19,5.33897364375012e-21,2.16840434497101e-19,5.33897364375012e-21,0,0
commonData,2,B,O5,Odd quintic,dimensionless state,study2_pilot_20260918/fits/O5.mat,pilot,0,stationary,0.25,derived pilot,After 25 initialization transitions,25,NaN,rateLimited,clean,(dimensionless state)^2,NaN,10,1,29,29,0,-3.39391116636366e-05,1.36240424425735e-05,0.00369107605483462,-0.000563940233097402,3.52580392277166e-06,0.00187771241748348,-0.000597879344761039,1.98599041796949e-05,0.00445644524028905,0,0,0,0,0,0,-0.000597879344761039,1.98599041796949e-05,0.00445644524028905,2.71005781434977e-06,2.71005781434977e-06,3.3881317890172e-21,3.3881317890172e-21,0,3.3881317890172e-21,0,3.3881317890172e-21,0,0
commonData,2,B,O5,Odd quintic,dimensionless state,study2_pilot_20260918/fits/O5.mat,pilot,0,stationary,0.25,derived pilot,After 25 initialization transitions,25,NaN,rateLimited,clean,(dimensionless state)^2,NaN,20,2,29,29,0,-0.000494599950448426,1.95339910896667e-05,0.00441972749043046,-0.000394929169942687,5.28679996650999e-06,0.00229930423530902,-0.000889529120391114,2.88310026081449e-05,0.00536945086653607,0,0,0,0,0,0,-0.000889529120391114,2.88310026081449e-05,0.00536945086653607,4.0102115519682e-06,4.0102115519682e-06,-4.2351647362715e-21,-4.2351647362715e-21,2.16840434497101e-19,1.35525271560688e-20,2.16840434497101e-19,1.35525271560688e-20,0,0
commonData,2,B,O5,Odd quintic,dimensionless state,study2_pilot_20260918/fits/O5.mat,pilot,0,stationary,0.25,derived pilot,After 50 initialization transitions,50,NaN,held,clean,(dimensionless state)^2,NaN,1,0.1,29,29,0,0.000256768406663262,1.08138313788015e-06,0.00103989573413884,5.68271483509644e-19,3.55404636827925e-36,1.88521785698079e-18,0.000256768406663263,1.08138313788015e-06,0.00103989573413884,0,0,0,0,0,0,0.000256768406663263,1.08138313788015e-06,0.00103989573413884,-5.29893100931763e-22,-5.29893100931763e-22,-3.17139846322541e-22,-3.17139846322541e-22,0,2.29540565909902e-22,0,2.29540565909902e-22,0,0
commonData,2,B,O5,Odd quintic,dimensionless state,study2_pilot_20260918/fits/O5.mat,pilot,0,stationary,0.25,derived pilot,After 50 initialization transitions,50,NaN,held,clean,(dimensionless state)^2,NaN,2,0.2,29,29,0,0.000420131826803213,2.88010724539406e-06,0.00169708787203081,2.39272203583008e-18,1.09578772697894e-34,1.04679879966446e-17,0.000420131826803216,2.88010724539406e-06,0.00169708787203081,0,0,0,0,0,0,0.000420131826803216,2.88010724539406e-06,0.00169708787203081,1.06725487385365e-21,1.06725487385365e-21,2.03294547027694e-22,2.03294547027694e-22,0,7.82326976647719e-22,0,7.82326976647719e-22,0,0
commonData,2,B,O5,Odd quintic,dimensionless state,study2_pilot_20260918/fits/O5.mat,pilot,0,stationary,0.25,derived pilot,After 50 initialization transitions,50,NaN,held,clean,(dimensionless state)^2,NaN,5,0.5,29,29,0,0.000631993455273863,6.45652639683086e-06,0.00254096957810023,7.29780220928174e-18,6.61208276165704e-34,2.57139704473211e-17,0.00063199345527387,6.45652639683086e-06,0.00254096957810023,0,0,0,0,0,0,0.00063199345527387,6.45652639683086e-06,0.00254096957810023,3.47441923040333e-22,3.47441923040333e-22,-2.0415078175496e-21,-2.0415078175496e-21,0,7.66974236804278e-22,0,7.66974236804278e-22,0,0
commonData,2,B,O5,Odd quintic,dimensionless state,study2_pilot_20260918/fits/O5.mat,pilot,0,stationary,0.25,derived pilot,After 50 initialization transitions,50,NaN,held,clean,(dimensionless state)^2,NaN,10,1,29,29,0,0.000697332497867865,7.82133443024515e-06,0.00279666487628481,1.02887047540693e-17,1.14061540671899e-33,3.37729981896632e-17,0.000697332497867876,7.82133443024515e-06,0.00279666487628481,0,0,0,0,0,0,0.000697332497867876,7.82133443024515e-06,0.00279666487628481,1.50468995770196e-21,1.50468995770196e-21,-1.5046899577031e-21,-1.5046899577031e-21,0,1.24578989117685e-21,0,1.24578989117685e-21,0,0
commonData,2,B,O5,Odd quintic,dimensionless state,study2_pilot_20260918/fits/O5.mat,pilot,0,stationary,0.25,derived pilot,After 50 initialization transitions,50,NaN,held,clean,(dimensionless state)^2,NaN,20,2,29,29,0,0.000704646277744567,7.97716469933931e-06,0.0028243874910039,1.12457935684014e-17,9.71266394367701e-34,3.11651471096753e-17,0.000704646277744579,7.9771646993393e-06,0.0028243874910039,0,0,0,0,0,0,0.000704646277744579,7.9771646993393e-06,0.0028243874910039,-1.20619716491542e-20,-1.20619716491542e-20,-1.49055550691558e-21,-1.49055550691558e-21,0,2.30396168989762e-22,0,2.30396168989762e-22,0,0
commonData,2,B,O5,Odd quintic,dimensionless state,study2_pilot_20260918/fits/O5.mat,pilot,0,stationary,0.25,derived pilot,After 50 initialization transitions,50,NaN,rateLimited,clean,(dimensionless state)^2,NaN,1,0.1,29,29,0,0.000256768406663262,1.08138313788015e-06,0.00103989573413884,5.68271483509644e-19,3.55404636827925e-36,1.88521785698079e-18,0.000256768406663263,1.08138313788015e-06,0.00103989573413884,0,0,0,0,0,0,0.000256768406663263,1.08138313788015e-06,0.00103989573413884,-5.29893100931763e-22,-5.29893100931763e-22,-3.17139846322541e-22,-3.17139846322541e-22,0,2.29540565909902e-22,0,2.29540565909902e-22,0,0
commonData,2,B,O5,Odd quintic,dimensionless state,study2_pilot_20260918/fits/O5.mat,pilot,0,stationary,0.25,derived pilot,After 50 initialization transitions,50,NaN,rateLimited,clean,(dimensionless state)^2,NaN,2,0.2,29,29,0,0.000569123480341844,3.41853292475057e-06,0.00184892750662393,-5.22910301301806e-05,4.43641524750346e-08,0.000210627995468396,0.000516832450211663,3.13451931083009e-06,0.00177045737334455,0,0,0,0,0,0,0.000516832450211663,3.13451931083009e-06,0.00177045737334455,-3.2837776639551e-07,-3.2837776639551e-07,-7.41153828847513e-22,-7.41153828847513e-22,0,8.470329472543e-22,0,8.470329472543e-22,0,0
commonData,2,B,O5,Odd quintic,dimensionless state,study2_pilot_20260918/fits/O5.mat,pilot,0,stationary,0.25,derived pilot,After 50 initialization transitions,50,NaN,rateLimited,clean,(dimensionless state)^2,NaN,5,0.5,29,29,0,0.000966754384780421,8.59979763306963e-06,0.00293254115624481,-0.000122826643089437,2.44772689245412e-07,0.000494745075008748,0.000843927741690984,7.36802774450379e-06,0.0027144111229701,0,0,0,0,0,0,0.000843927741690984,7.36802774450379e-06,0.0027144111229701,-1.47654257781125e-06,-1.47654257781125e-06,-1.48230765769503e-21,-1.48230765769503e-21,1.62630325872826e-19,8.470329472543e-22,1.62630325872826e-19,8.470329472543e-22,0,0
commonData,2,B,O5,Odd quintic,dimensionless state,study2_pilot_20260918/fits/O5.mat,pilot,0,stationary,0.25,derived pilot,After 50 initialization transitions,50,NaN,rateLimited,clean,(dimensionless state)^2,NaN,10,1,29,29,0,0.0005969043272903,6.67724404682467e-06,0.00258403638651329,-0.000704660841076832,5.57374366616858e-06,0.00236087773215145,-0.000107756513786531,1.39487121929148e-05,0.0037347974768272,0,0,0,0,0,0,-0.000107756513786531,1.39487121929148e-05,0.0037347974768272,1.69772447992154e-06,1.69772447992154e-06,6.35274710440725e-22,6.35274710440725e-22,0,3.3881317890172e-21,0,3.3881317890172e-21,0,0
commonData,2,B,O5,Odd quintic,dimensionless state,study2_pilot_20260918/fits/O5.mat,pilot,0,stationary,0.25,derived pilot,After 50 initialization transitions,50,NaN,rateLimited,clean,(dimensionless state)^2,NaN,20,2,29,29,0,0.000300853968097562,8.81752097814634e-06,0.00296943108661345,-0.000491842043688027,8.35764469212242e-06,0.00289095913013699,-0.000190988075590464,1.99777815488643e-05,0.00446965116635116,0,0,0,0,0,0,-0.000190988075590464,1.99777815488643e-05,0.00446965116635116,2.8026158785955e-06,2.8026158785955e-06,4.65868120989865e-21,4.65868120989865e-21,1.62630325872826e-19,6.7762635780344e-21,1.62630325872826e-19,6.7762635780344e-21,0,0
commonData,2,B,O5,Odd quintic,dimensionless state,study2_pilot_20260918/fits/O5.mat,pilot,0,stationary,0.25,derived pilot,After 100 initialization transitions,100,NaN,held,clean,(dimensionless state)^2,NaN,1,0.1,29,29,0,5.51665112043079e-05,2.64992556156429e-07,0.000514774276898554,4.66580796986865e-18,2.37835745287475e-34,1.54219241759086e-17,5.51665112043125e-05,2.64992556156429e-07,0.000514774276898553,0,0,0,0,0,0,5.51665112043125e-05,2.64992556156429e-07,0.000514774276898553,-5.49056520859076e-22,-5.49056520859076e-22,1.96609288249004e-23,1.96609288249004e-23,0,2.14744899353104e-23,0,2.14744899353104e-23,0,0
commonData,2,B,O5,Odd quintic,dimensionless state,study2_pilot_20260918/fits/O5.mat,pilot,0,stationary,0.25,derived pilot,After 100 initialization transitions,100,NaN,held,clean,(dimensionless state)^2,NaN,2,0.2,29,29,0,9.13187379925442e-05,7.23736705331384e-07,0.000850727162685772,2.27308593403857e-18,2.32854891983026e-34,1.52595836110631e-17,9.13187379925465e-05,7.23736705331384e-07,0.000850727162685772,0,0,0,0,0,0,9.13187379925465e-05,7.23736705331384e-07,0.000850727162685772,7.93730701628245e-22,7.93730701628245e-22,-5.25768727809645e-23,-5.25768727809645e-23,0,1.27136289026679e-22,0,1.27136289026679e-22,0,0
commonData,2,B,O5,Odd quintic,dimensionless state,study2_pilot_20260918/fits/O5.mat,pilot,0,stationary,0.25,derived pilot,After 100 initialization transitions,100,NaN,held,clean,(dimensionless state)^2,NaN,5,0.5,29,29,0,0.000140701978009509,1.70682800305004e-06,0.00130645627674639,-6.34071339494971e-18,1.13438934008843e-33,3.36806968468354e-17,0.000140701978009503,1.70682800305004e-06,0.00130645627674639,0,0,0,0,0,0,0.000140701978009503,1.70682800305004e-06,0.00130645627674639,-6.01990383961249e-21,-6.01990383961249e-21,5.141896824584e-22,5.141896824584e-22,0,5.13752643764813e-22,0,5.13752643764813e-22,0,0
commonData,2,B,O5,Odd quintic,dimensionless state,study2_pilot_20260918/fits/O5.mat,pilot,0,stationary,0.25,derived pilot,After 100 initialization transitions,100,NaN,held,clean,(dimensionless state)^2,NaN,10,1,29,29,0,0.000157690088894919,2.1348981014939e-06,0.00146112905025323,-2.00988651009727e-17,2.13512578317413e-33,4.62074212997666e-17,0.000157690088894899,2.13489810149393e-06,0.00146112905025324,0,0,0,0,0,0,0.000157690088894899,2.13489810149393e-06,0.00146112905025324,3.08798709911736e-20,3.08798709911736e-20,4.60348057233424e-22,4.60348057233424e-22,0,3.31643866132476e-22,0,3.31643866132476e-22,0,0
commonData,2,B,O5,Odd quintic,dimensionless state,study2_pilot_20260918/fits/O5.mat,pilot,0,stationary,0.25,derived pilot,After 100 initialization transitions,100,NaN,held,clean,(dimensionless state)^2,NaN,20,2,29,29,0,0.000159984598499298,2.19514396661245e-06,0.00148160182458461,-1.31599711970654e-17,2.58174229613979e-33,5.08108482131502e-17,0.000159984598499285,2.19514396661247e-06,0.00148160182458462,0,0,0,0,0,0,0.000159984598499285,2.19514396661247e-06,0.00148160182458462,1.70113891081983e-20,1.70113891081983e-20,3.52786310512297e-22,3.52786310512297e-22,0,7.02943530422475e-22,0,7.02943530422475e-22,0,0
commonData,2,B,O5,Odd quintic,dimensionless state,study2_pilot_20260918/fits/O5.mat,pilot,0,stationary,0.25,derived pilot,After 100 initialization transitions,100,NaN,rateLimited,clean,(dimensionless state)^2,NaN,1,0.1,29,29,0,5.51665112043079e-05,2.64992556156429e-07,0.000514774276898554,4.66580796986865e-18,2.37835745287475e-34,1.54219241759086e-17,5.51665112043125e-05,2.64992556156429e-07,0.000514774276898553,0,0,0,0,0,0,5.51665112043125e-05,2.64992556156429e-07,0.000514774276898553,-5.49056520859076e-22,-5.49056520859076e-22,1.96609288249004e-23,1.96609288249004e-23,0,2.14744899353104e-23,0,2.14744899353104e-23,0,0
commonData,2,B,O5,Odd quintic,dimensionless state,study2_pilot_20260918/fits/O5.mat,pilot,0,stationary,0.25,derived pilot,After 100 initialization transitions,100,NaN,rateLimited,clean,(dimensionless state)^2,NaN,2,0.2,29,29,0,0.000163900823098277,8.18644152933653e-07,0.000904789562789964,-6.17539675584482e-05,6.17236168468907e-08,0.000248442381342014,0.000102146855539829,7.19162409434678e-07,0.000848034438825852,0,0,0,0,0,0,0.000102146855539829,7.19162409434678e-07,0.000848034438825852,-1.61205360345866e-07,-1.61205360345866e-07,5.29395592033938e-23,5.29395592033938e-23,0,2.11758236813575e-22,0,2.11758236813575e-22,0,0
commonData,2,B,O5,Odd quintic,dimensionless state,study2_pilot_20260918/fits/O5.mat,pilot,0,stationary,0.25,derived pilot,After 100 initialization transitions,100,NaN,rateLimited,clean,(dimensionless state)^2,NaN,5,0.5,29,29,0,0.00031227955152743,2.17617090469936e-06,0.00147518504083364,-0.00014493540035649,3.39993477157348e-07,0.000583089596166274,0.00016734415117094,1.70225415053287e-06,0.00130470462194815,0,0,0,0,0,0,0.00016734415117094,1.70225415053287e-06,0.00130470462194815,-8.13910231323833e-07,-8.13910231323833e-07,0,0,0,5.13752643764813e-22,0,5.13752643764813e-22,0,0
commonData,2,B,O5,Odd quintic,dimensionless state,study2_pilot_20260918/fits/O5.mat,pilot,0,stationary,0.25,derived pilot,After 100 initialization transitions,100,NaN,rateLimited,clean,(dimensionless state)^2,NaN,10,1,29,29,0,0.000117880694879313,1.70379439768122e-06,0.00130529475509603,-0.000822902033920745,7.65474770763938e-06,0.00276672147272532,-0.000705021339041433,1.05451451957594e-05,0.00324732893248581,0,0,0,0,0,0,-0.000705021339041433,1.05451451957594e-05,0.00324732893248581,1.18660309043882e-06,1.18660309043882e-06,1.90582413132218e-21,1.90582413132218e-21,0,6.7762635780344e-21,0,6.7762635780344e-21,0,0
commonData,2,B,O5,Odd quintic,dimensionless state,study2_pilot_20260918/fits/O5.mat,pilot,0,stationary,0.25,derived pilot,After 100 initialization transitions,100,NaN,rateLimited,clean,(dimensionless state)^2,NaN,20,2,29,29,0,-3.4629864366175e-05,2.38809802795999e-06,0.00154534721922291,-0.000573026670372666,1.1466540043808e-05,0.00338622799643024,-0.000607656534738841,1.57714354865391e-05,0.00397132666580566,0,0,0,0,0,0,-0.000607656534738841,1.57714354865391e-05,0.00397132666580566,1.91679741477113e-06,1.91679741477113e-06,0,0,0,6.7762635780344e-21,0,6.7762635780344e-21,0,0
commonData,2,B,O5,Odd quintic,dimensionless state,study2_pilot_20260918/fits/O5.mat,pilot,0,stationary,0.25,derived pilot,After 200 initialization transitions,200,NaN,held,clean,(dimensionless state)^2,NaN,1,0.1,29,29,0,7.03648934511165e-06,6.96548815108959e-08,0.000263922112584179,3.31990182471423e-18,2.18768416231379e-34,1.47908220268983e-17,7.03648934511497e-06,6.96548815108943e-08,0.000263922112584176,0,0,0,0,0,0,7.03648934511497e-06,6.96548815108943e-08,0.000263922112584176,-1.6156202053918e-21,-1.6156202053918e-21,1.41985394889241e-23,1.41985394889241e-23,0,1.05028178037163e-23,0,1.05028178037163e-23,0,0
commonData,2,B,O5,Odd quintic,dimensionless state,study2_pilot_20260918/fits/O5.mat,pilot,0,stationary,0.25,derived pilot,After 200 initialization transitions,200,NaN,held,clean,(dimensionless state)^2,NaN,2,0.2,29,29,0,1.19414150604593e-05,1.9091672020843e-07,0.000436940179210416,3.1105386465791e-18,3.9348741105153e-34,1.98365171099044e-17,1.19414150604624e-05,1.9091672020843e-07,0.000436940179210415,0,0,0,0,0,0,1.19414150604624e-05,1.9091672020843e-07,0.000436940179210415,-7.03924794232614e-22,-7.03924794232614e-22,1.57105245881014e-23,1.57105245881014e-23,0,3.84842897606178e-23,0,3.84842897606178e-23,0,0
commonData,2,B,O5,Odd quintic,dimensionless state,study2_pilot_20260918/fits/O5.mat,pilot,0,stationary,0.25,derived pilot,After 200 initialization transitions,200,NaN,held,clean,(dimensionless state)^2,NaN,5,0.5,29,29,0,1.93169102729507e-05,4.53596138112046e-07,0.000673495462577177,0,6.54152067317734e-34,2.5576396683617e-17,1.93169102729507e-05,4.53596138112055e-07,0.000673495462577184,0,0,0,0,0,0,1.93169102729507e-05,4.53596138112055e-07,0.000673495462577184,8.9452209768288e-21,8.9452209768288e-21,-1.04314589862694e-22,-1.04314589862694e-22,0,8.66212007752798e-23,0,8.66212007752798e-23,0,0
commonData,2,B,O5,Odd quintic,dimensionless state,study2_pilot_20260918/fits/O5.mat,pilot,0,stationary,0.25,derived pilot,After 200 initialization transitions,200,NaN,held,clean,(dimensionless state)^2,NaN,10,1,29,29,0,2.23046772645407e-05,5.70115690041998e-07,0.000755060057241805,-4.78544407166016e-19,6.54152067317734e-34,2.5576396683617e-17,2.23046772645402e-05,5.7011569004201e-07,0.000755060057241813,0,0,0,0,0,0,2.23046772645402e-05,5.7011569004201e-07,0.000755060057241813,1.19815775921284e-20,1.19815775921284e-20,-1.23116330568816e-22,-1.23116330568816e-22,0,1.81458121238058e-22,0,1.81458121238058e-22,0,0
commonData,2,B,O5,Odd quintic,dimensionless state,study2_pilot_20260918/fits/O5.mat,pilot,0,stationary,0.25,derived pilot,After 200 initialization transitions,200,NaN,held,clean,(dimensionless state)^2,NaN,20,2,29,29,0,2.27982356595621e-05,5.86936541070552e-07,0.000766117837588026,2.39272203583008e-19,1.67854756359956e-33,4.09700813228332e-17,2.27982356595624e-05,5.8693654107058e-07,0.000766117837588044,0,0,0,0,0,0,2.27982356595624e-05,5.8693654107058e-07,0.000766117837588044,2.77622831920745e-20,2.77622831920745e-20,8.39249489089537e-23,8.39249489089537e-23,0,1.51051740896286e-22,0,1.51051740896286e-22,0,0
commonData,2,B,O5,Odd quintic,dimensionless state,study2_pilot_20260918/fits/O5.mat,pilot,0,stationary,0.25,derived pilot,After 200 initialization transitions,200,NaN,rateLimited,clean,(dimensionless state)^2,NaN,1,0.1,29,29,0,7.03648934511165e-06,6.96548815108959e-08,0.000263922112584179,3.31990182471423e-18,2.18768416231379e-34,1.47908220268983e-17,7.03648934511497e-06,6.96548815108943e-08,0.000263922112584176,0,0,0,0,0,0,7.03648934511497e-06,6.96548815108943e-08,0.000263922112584176,-1.6156202053918e-21,-1.6156202053918e-21,1.41985394889241e-23,1.41985394889241e-23,0,1.05028178037163e-23,0,1.05028178037163e-23,0,0
commonData,2,B,O5,Odd quintic,dimensionless state,study2_pilot_20260918/fits/O5.mat,pilot,0,stationary,0.25,derived pilot,After 200 initialization transitions,200,NaN,rateLimited,clean,(dimensionless state)^2,NaN,2,0.2,29,29,0,4.8969310263286e-05,2.12170072182456e-07,0.000460619226891861,-6.78743155360177e-05,7.44681946401153e-08,0.000272888612148098,-1.89050052727317e-05,2.02291793226844e-07,0.000449768599645244,0,0,0,0,0,0,-1.89050052727317e-05,2.02291793226844e-07,0.000449768599645244,-8.43464735957275e-08,-8.43464735957275e-08,0,0,0,1.05879118406788e-22,0,1.05879118406788e-22,0,0
commonData,2,B,O5,Odd quintic,dimensionless state,study2_pilot_20260918/fits/O5.mat,pilot,0,stationary,0.25,derived pilot,After 200 initialization transitions,200,NaN,rateLimited,clean,(dimensionless state)^2,NaN,5,0.5,29,29,0,0.00010759528944742,5.66340170341621e-07,0.000752555758958512,-0.000159298578570761,4.10188707670098e-07,0.000640459762725262,-5.17032891233406e-05,5.36489280148686e-07,0.000732454285364408,0,0,0,0,0,0,-5.17032891233406e-05,5.36489280148686e-07,0.000732454285364408,-4.40039597863034e-07,-4.40039597863034e-07,-1.05879118406788e-22,-1.05879118406788e-22,0,8.66212007752798e-23,0,8.66212007752798e-23,0,0
commonData,2,B,O5,Odd quintic,dimensionless state,study2_pilot_20260918/fits/O5.mat,pilot,0,stationary,0.25,derived pilot,After 200 initialization transitions,200,NaN,rateLimited,clean,(dimensionless state)^2,NaN,10,1,29,29,0,4.51442777878426e-06,4.51613289669514e-07,0.000672021792555505,-0.000899507146057416,9.18035159357484e-06,0.00302990950253879,-0.000894992718278631,1.03964965535935e-05,0.00322435986725948,0,0,0,0,0,0,-0.000894992718278631,1.03964965535935e-05,0.00322435986725948,7.64531670349193e-07,7.64531670349193e-07,2.32934060494933e-21,2.32934060494933e-21,0,1.01643953670516e-20,0,1.01643953670516e-20,0,0
commonData,2,B,O5,Odd quintic,dimensionless state,study2_pilot_20260918/fits/O5.mat,pilot,0,stationary,0.25,derived pilot,After 200 initialization transitions,200,NaN,rateLimited,clean,(dimensionless state)^2,NaN,20,2,29,29,0,-7.20383021693739e-05,6.42851568589292e-07,0.000801780249562991,-0.000625688732081907,1.37492348071026e-05,0.00370799606352307,-0.000697727034251281,1.55485983259457e-05,0.00394317110026254,0,0,0,0,0,0,-0.000697727034251281,1.55485983259457e-05,0.00394317110026254,1.15651195025383e-06,1.15651195025383e-06,2.75285707857648e-21,2.75285707857648e-21,0,3.3881317890172e-21,0,3.3881317890172e-21,0,0
commonData,2,B,P3,Complete cubic,dimensionless state,study2_pilot_20260918/fits/P3.mat,pilot,0,stationary,0.25,derived pilot,After 25 initialization transitions,25,NaN,held,clean,(dimensionless state)^2,NaN,1,0.1,29,29,0,-0.00426078697528579,4.18842368365905e-05,0.00647180321367936,-1.34590614515442e-19,1.37038320733103e-35,3.701868727185e-18,-0.00426078697528579,4.18842368365905e-05,0.00647180321367936,0,0,0,0,0,0,-0.00426078697528579,4.18842368365905e-05,0.00647180321367936,1.04777536093288e-21,1.04777536093288e-21,-1.04777536093289e-21,-1.04777536093289e-21,0,2.18183856081984e-21,0,2.18183856081984e-21,0,0
commonData,2,B,P3,Complete cubic,dimensionless state,study2_pilot_20260918/fits/P3.mat,pilot,0,stationary,0.25,derived pilot,After 25 initialization transitions,25,NaN,held,clean,(dimensionless state)^2,NaN,2,0.2,29,29,0,-0.00707298797210999,0.000117658989444291,0.0108470728514328,-9.82271652225993e-05,4.00737211702977e-08,0.000200184218084987,-0.00717121513733259,0.000120426670991816,0.0109739086469597,0,0,0,0,0,0,-0.00717121513733259,0.000120426670991816,0.0109739086469597,2.72760782635495e-06,2.72760782635495e-06,6.35274710440725e-21,6.35274710440725e-21,0,3.13402190484091e-20,0,3.13402190484091e-20,0,0
commonData,2,B,P3,Complete cubic,dimensionless state,study2_pilot_20260918/fits/P3.mat,pilot,0,stationary,0.25,derived pilot,After 25 initialization transitions,25,NaN,held,clean,(dimensionless state)^2,NaN,5,0.5,29,29,0,-0.0105336650578271,0.000296107234153698,0.0172077666811733,-0.000860214306134252,2.74597980925192e-06,0.0016570998187351,-0.0113938793639614,0.000330184794126922,0.0181709877036699,0,0,0,0,0,0,-0.0113938793639614,0.000330184794126922,0.0181709877036699,3.13315801639718e-05,3.13315801639718e-05,6.09863722023096e-20,6.09863722023096e-20,0,8.13151629364128e-20,0,8.13151629364128e-20,0,0
commonData,2,B,P3,Complete cubic,dimensionless state,study2_pilot_20260918/fits/P3.mat,pilot,0,stationary,0.25,derived pilot,After 25 initialization transitions,25,NaN,held,clean,(dimensionless state)^2,NaN,10,1,29,29,0,-0.0113371557065651,0.000391717648614859,0.0197918581395194,-0.00164845133648646,9.62921881572478e-06,0.00310309826072665,-0.0129856070430516,0.000461665959816414,0.0214864133772115,0,0,0,0,0,0,-0.0129856070430516,0.000461665959816414,0.0214864133772115,6.03190923858306e-05,6.03190923858306e-05,-4.06575814682064e-20,-4.06575814682064e-20,0,1.35525271560688e-19,0,1.35525271560688e-19,0,0
commonData,2,B,P3,Complete cubic,dimensionless state,study2_pilot_20260918/fits/P3.mat,pilot,0,stationary,0.25,derived pilot,After 25 initialization transitions,25,NaN,held,clean,(dimensionless state)^2,NaN,20,2,29,29,0,-0.0113679057527295,0.000408658309759114,0.0202152989035313,-0.00185229283305594,1.20426477241788e-05,0.00347025182431748,-0.0132201985857855,0.000487622877426789,0.0220821846162645,0,0,0,0,0,0,-0.0132201985857855,0.000487622877426789,0.0220821846162645,6.69219199434955e-05,6.69219199434955e-05,6.7762635780344e-20,6.7762635780344e-20,0,8.13151629364128e-20,0,8.13151629364128e-20,0,0
commonData,2,B,P3,Complete cubic,dimensionless state,study2_pilot_20260918/fits/P3.mat,pilot,0,stationary,0.25,derived pilot,After 25 initialization transitions,25,NaN,rateLimited,clean,(dimensionless state)^2,NaN,1,0.1,29,29,0,-0.00426078697528579,4.18842368365905e-05,0.00647180321367936,-1.34590614515442e-19,1.37038320733103e-35,3.701868727185e-18,-0.00426078697528579,4.18842368365905e-05,0.00647180321367936,0,0,0,0,0,0,-0.00426078697528579,4.18842368365905e-05,0.00647180321367936,1.04777536093288e-21,1.04777536093288e-21,-1.04777536093289e-21,-1.04777536093289e-21,0,2.18183856081984e-21,0,2.18183856081984e-21,0,0
commonData,2,B,P3,Complete cubic,dimensionless state,study2_pilot_20260918/fits/P3.mat,pilot,0,stationary,0.25,derived pilot,After 25 initialization transitions,25,NaN,rateLimited,clean,(dimensionless state)^2,NaN,2,0.2,29,29,0,-0.00669054795171788,0.000109411849160948,0.0104600119101724,-8.50875083229709e-05,4.49694812300601e-08,0.000212060088725012,-0.00677563546004085,0.000111483328595159,0.0105585665975624,0,0,0,0,0,0,-0.00677563546004085,0.000111483328595159,0.0105585665975624,2.02650995298097e-06,2.02650995298097e-06,0,0,0,3.13402190484091e-20,0,3.13402190484091e-20,0,0
commonData,2,B,P3,Complete cubic,dimensionless state,study2_pilot_20260918/fits/P3.mat,pilot,0,stationary,0.25,derived pilot,After 25 initialization transitions,25,NaN,rateLimited,clean,(dimensionless state)^2,NaN,5,0.5,29,29,0,-0.00897253539532783,0.000282682656349244,0.0168131691346172,-0.00145330723324228,1.00537924228175e-05,0.00317077158162134,-0.0104258426285701,0.000310169322059995,0.0176116246286365,0,0,0,0,0,0,-0.0104258426285701,0.000310169322059995,0.0176116246286365,1.7432873287934e-05,1.7432873287934e-05,9.48676900924816e-20,9.48676900924816e-20,0,8.13151629364128e-20,0,8.13151629364128e-20,0,0
commonData,2,B,P3,Complete cubic,dimensionless state,study2_pilot_20260918/fits/P3.mat,pilot,0,stationary,0.25,derived pilot,After 25 initialization transitions,25,NaN,rateLimited,clean,(dimensionless state)^2,NaN,10,1,29,29,0,-0.0116191732692177,0.000276914654648571,0.0166407528269778,-0.00326959672464265,2.95522804575247e-05,0.0054362009213719,-0.0148887699938604,0.000363064607350869,0.0190542543110684,0,0,0,0,0,0,-0.0148887699938604,0.000363064607350869,0.0190542543110684,5.65976722447728e-05,5.65976722447728e-05,-4.06575814682064e-20,-4.06575814682064e-20,0,8.470329472543e-20,0,8.470329472543e-20,0,0
commonData,2,B,P3,Complete cubic,dimensionless state,study2_pilot_20260918/fits/P3.mat,pilot,0,stationary,0.25,derived pilot,After 25 initialization transitions,25,NaN,rateLimited,clean,(dimensionless state)^2,NaN,20,2,29,29,0,-0.0136115307786957,0.000416720209763313,0.0204137260137221,-0.00264945290345237,1.86502631984024e-05,0.00431859504913373,-0.0162609836821481,0.000517903848767593,0.0227575009341446,0,0,0,0,0,0,-0.0162609836821481,0.000517903848767593,0.0227575009341446,8.25333758058779e-05,8.25333758058779e-05,8.13151629364128e-20,8.13151629364128e-20,0,1.6940658945086e-19,0,1.6940658945086e-19,0,0
commonData,2,B,P3,Complete cubic,dimensionless state,study2_pilot_20260918/fits/P3.mat,pilot,0,stationary,0.25,derived pilot,After 50 initialization transitions,50,NaN,held,clean,(dimensionless state)^2,NaN,1,0.1,29,29,0,0.00145123914363929,4.52132383116938e-06,0.00212634047865561,-1.19636101791504e-19,1.05843132719557e-35,3.25335415716699e-18,0.00145123914363929,4.52132383116938e-06,0.00212634047865561,0,0,0,0,0,0,0.00145123914363929,4.52132383116938e-06,0.00212634047865561,5.19364909534856e-23,5.19364909534856e-23,-5.19364909534961e-23,-5.19364909534961e-23,0,4.15695367490371e-22,0,4.15695367490371e-22,0,0
commonData,2,B,P3,Complete cubic,dimensionless state,study2_pilot_20260918/fits/P3.mat,pilot,0,stationary,0.25,derived pilot,After 50 initialization transitions,50,NaN,held,clean,(dimensionless state)^2,NaN,2,0.2,29,29,0,0.00248366106782484,1.30370519466739e-05,0.00361068580004878,1.38375823785021e-05,1.40473852361267e-09,3.74798415633346e-05,0.00249749865020334,1.31764943142275e-05,0.0036299441199869,0,0,0,0,0,0,0.00249749865020334,1.31764943142275e-05,0.0036299441199869,1.3803762902995e-07,1.3803762902995e-07,5.29395592033938e-23,5.29395592033938e-23,0,4.71162076910205e-21,0,4.71162076910205e-21,0,0
commonData,2,B,P3,Complete cubic,dimensionless state,study2_pilot_20260918/fits/P3.mat,pilot,0,stationary,0.25,derived pilot,After 50 initialization transitions,50,NaN,held,clean,(dimensionless state)^2,NaN,5,0.5,29,29,0,0.00400379780028289,3.45074305884564e-05,0.00587430256187545,0.000137240928023639,1.04043044643577e-07,0.000322557040914591,0.00414103872830652,3.65579911419902e-05,0.00604632046305769,0,0,0,0,0,0,0.00414103872830652,3.65579911419902e-05,0.00604632046305769,1.94651750889016e-06,1.94651750889016e-06,-2.5410988417629e-21,-2.5410988417629e-21,0,1.18584612615602e-20,0,1.18584612615602e-20,0,0
commonData,2,B,P3,Complete cubic,dimensionless state,study2_pilot_20260918/fits/P3.mat,pilot,0,stationary,0.25,derived pilot,After 50 initialization transitions,50,NaN,held,clean,(dimensionless state)^2,NaN,10,1,29,29,0,0.00456064486696964,4.65362661865536e-05,0.00682174949602766,0.000283698082027708,3.96597259246213e-07,0.000629759683725636,0.00484434294899735,5.13454623006439e-05,0.00716557480601828,0,0,0,0,0,0,0.00484434294899735,5.13454623006439e-05,0.00716557480601828,4.41259885484407e-06,4.41259885484407e-06,-7.6232965252887e-21,-7.6232965252887e-21,0,2.71050543121376e-20,0,2.71050543121376e-20,0,0
commonData,2,B,P3,Complete cubic,dimensionless state,study2_pilot_20260918/fits/P3.mat,pilot,0,stationary,0.25,derived pilot,After 50 initialization transitions,50,NaN,held,clean,(dimensionless state)^2,NaN,20,2,29,29,0,0.0046385048712831,4.872546899048e-05,0.00698036309875639,0.00032660451327746,5.12735689683558e-07,0.000716055647057935,0.00496510938456056,5.43788847899557e-05,0.00737420401060045,0,0,0,0,0,0,0.00496510938456056,5.43788847899557e-05,0.00737420401060045,5.14068010979224e-06,5.14068010979224e-06,-1.27054942088145e-20,-1.27054942088145e-20,0,1.01643953670516e-20,0,1.01643953670516e-20,0,0
commonData,2,B,P3,Complete cubic,dimensionless state,study2_pilot_20260918/fits/P3.mat,pilot,0,stationary,0.25,derived pilot,After 50 initialization transitions,50,NaN,rateLimited,clean,(dimensionless state)^2,NaN,1,0.1,29,29,0,0.00145123914363929,4.52132383116938e-06,0.00212634047865561,-1.19636101791504e-19,1.05843132719557e-35,3.25335415716699e-18,0.00145123914363929,4.52132383116938e-06,0.00212634047865561,0,0,0,0,0,0,0.00145123914363929,4.52132383116938e-06,0.00212634047865561,5.19364909534856e-23,5.19364909534856e-23,-5.19364909534961e-23,-5.19364909534961e-23,0,4.15695367490371e-22,0,4.15695367490371e-22,0,0
commonData,2,B,P3,Complete cubic,dimensionless state,study2_pilot_20260918/fits/P3.mat,pilot,0,stationary,0.25,derived pilot,After 50 initialization transitions,50,NaN,rateLimited,clean,(dimensionless state)^2,NaN,2,0.2,29,29,0,0.0025352503087988,1.31922279445257e-05,0.0036321106734963,-1.39299734239847e-05,2.5888466752016e-08,0.000160898933346421,0.00252132033537482,1.31936363801797e-05,0.00363230455498705,0,0,0,0,0,0,0.00252132033537482,1.31936363801797e-05,0.00363230455498705,-2.44800310980706e-08,-2.44800310980706e-08,-1.30032792293336e-21,-1.30032792293336e-21,0,4.71162076910205e-21,0,4.71162076910205e-21,0,0
commonData,2,B,P3,Complete cubic,dimensionless state,study2_pilot_20260918/fits/P3.mat,pilot,0,stationary,0.25,derived pilot,After 50 initialization transitions,50,NaN,rateLimited,clean,(dimensionless state)^2,NaN,5,0.5,29,29,0,0.00444335015003239,4.02551126994065e-05,0.00634469169459056,-7.99819903087354e-05,8.71500869459352e-07,0.000933542109098112,0.00436336815972366,3.86110973295212e-05,0.00621378285181589,0,0,0,0,0,0,0.00436336815972366,3.86110973295212e-05,0.00621378285181589,-2.5155162393446e-06,-2.5155162393446e-06,3.3881317890172e-21,3.3881317890172e-21,4.33680868994202e-19,1.18584612615602e-20,4.33680868994202e-19,1.18584612615602e-20,0,0
commonData,2,B,P3,Complete cubic,dimensionless state,study2_pilot_20260918/fits/P3.mat,pilot,0,stationary,0.25,derived pilot,After 50 initialization transitions,50,NaN,rateLimited,clean,(dimensionless state)^2,NaN,10,1,29,29,0,0.00437630612733426,3.43955248386587e-05,0.00586476980269974,-0.000279234747602546,5.38960761217336e-06,0.00232155284500986,0.00409707137973172,3.61088860263028e-05,0.00600906698467431,0,0,0,0,0,0,0.00409707137973172,3.61088860263028e-05,0.00600906698467431,-3.67624642452927e-06,-3.67624642452927e-06,-2.5410988417629e-21,-2.5410988417629e-21,0,1.35525271560688e-20,0,1.35525271560688e-20,0,0
commonData,2,B,P3,Complete cubic,dimensionless state,study2_pilot_20260918/fits/P3.mat,pilot,0,stationary,0.25,derived pilot,After 50 initialization transitions,50,NaN,rateLimited,clean,(dimensionless state)^2,NaN,20,2,29,29,0,0.00379778729905411,3.96761349208416e-05,0.00629889950077326,-4.63281331782105e-05,1.03676163810538e-05,0.00321987831774026,0.0037514591658759,5.18861041371118e-05,0.00720320096464841,0,0,0,0,0,0,0.0037514591658759,5.18861041371118e-05,0.00720320096464841,1.84235283521639e-06,1.84235283521639e-06,-3.81164826264435e-21,-3.81164826264435e-21,0,2.71050543121376e-20,0,2.71050543121376e-20,0,0
commonData,2,B,P3,Complete cubic,dimensionless state,study2_pilot_20260918/fits/P3.mat,pilot,0,stationary,0.25,derived pilot,After 100 initialization transitions,100,NaN,held,clean,(dimensionless state)^2,NaN,1,0.1,29,29,0,0.000304955839884095,6.46101437626826e-07,0.000803804352828987,1.94408665411194e-18,1.1531194238687e-34,1.07383398338323e-17,0.000304955839884097,6.46101437626825e-07,0.000803804352828986,0,0,0,0,0,0,0.000304955839884097,6.46101437626825e-07,0.000803804352828986,-1.47830122310456e-21,-1.47830122310456e-21,-4.00643459057867e-24,-4.00643459057867e-24,0,2.11857794908015e-22,0,2.11857794908015e-22,0,0
commonData,2,B,P3,Complete cubic,dimensionless state,study2_pilot_20260918/fits/P3.mat,pilot,0,stationary,0.25,derived pilot,After 100 initialization transitions,100,NaN,held,clean,(dimensionless state)^2,NaN,2,0.2,29,29,0,0.000523581228398708,1.89318586388681e-06,0.00137593090810796,1.78897912246874e-06,1.44911479536576e-10,1.20379184054626e-05,0.000525370207521177,1.9114956570206e-06,0.00138256849993792,0,0,0,0,0,0,0.000525370207521177,1.9114956570206e-06,0.00138256849993792,1.81648816542609e-08,1.81648816542609e-08,-2.28301849064636e-22,-2.28301849064636e-22,0,4.2351647362715e-22,0,4.2351647362715e-22,0,0
commonData,2,B,P3,Complete cubic,dimensionless state,study2_pilot_20260918/fits/P3.mat,pilot,0,stationary,0.25,derived pilot,After 100 initialization transitions,100,NaN,held,clean,(dimensionless state)^2,NaN,5,0.5,29,29,0,0.000853774965208399,5.11268758970674e-06,0.00226112529279267,1.96037412761555e-05,1.18363015514675e-08,0.00010879476803352,0.000873378706484555,5.41444848573669e-06,0.0023268967501238,0,0,0,0,0,0,0.000873378706484555,5.41444848573669e-06,0.0023268967501238,2.89924594478483e-07,2.89924594478483e-07,2.48815928255951e-21,2.48815928255951e-21,0,2.22346148654254e-21,0,2.22346148654254e-21,0,0
commonData,2,B,P3,Complete cubic,dimensionless state,study2_pilot_20260918/fits/P3.mat,pilot,0,stationary,0.25,derived pilot,After 100 initialization transitions,100,NaN,held,clean,(dimensionless state)^2,NaN,10,1,29,29,0,0.000981417598817681,6.9180453676521e-06,0.00263021774149063,4.25612453229799e-05,4.85325021217033e-08,0.000220300935362752,0.00102397884414066,7.67037845311003e-06,0.00276954480973138,0,0,0,0,0,0,0.00102397884414066,7.67037845311003e-06,0.00276954480973138,7.03800583336234e-07,7.03800583336234e-07,3.17637355220363e-22,3.17637355220363e-22,0,3.3881317890172e-21,0,3.3881317890172e-21,0,0
commonData,2,B,P3,Complete cubic,dimensionless state,study2_pilot_20260918/fits/P3.mat,pilot,0,stationary,0.25,derived pilot,After 100 initialization transitions,100,NaN,held,clean,(dimensionless state)^2,NaN,20,2,29,29,0,0.00100065350178378,7.2424159295581e-06,0.00269117370854393,4.96857515174675e-05,6.42507537026876e-08,0.000253477323843155,0.00105033925330125,8.14173296374236e-06,0.00285337220911369,0,0,0,0,0,0,0.00105033925330125,8.14173296374236e-06,0.00285337220911369,8.35066280481568e-07,8.35066280481568e-07,-8.470329472543e-22,-8.470329472543e-22,0,3.3881317890172e-21,0,3.3881317890172e-21,0,0
commonData,2,B,P3,Complete cubic,dimensionless state,study2_pilot_20260918/fits/P3.mat,pilot,0,stationary,0.25,derived pilot,After 100 initialization transitions,100,NaN,rateLimited,clean,(dimensionless state)^2,NaN,1,0.1,29,29,0,0.000304955839884095,6.46101437626826e-07,0.000803804352828987,1.94408665411194e-18,1.1531194238687e-34,1.07383398338323e-17,0.000304955839884097,6.46101437626825e-07,0.000803804352828986,0,0,0,0,0,0,0.000304955839884097,6.46101437626825e-07,0.000803804352828986,-1.47830122310456e-21,-1.47830122310456e-21,-4.00643459057867e-24,-4.00643459057867e-24,0,2.11857794908015e-22,0,2.11857794908015e-22,0,0
commonData,2,B,P3,Complete cubic,dimensionless state,study2_pilot_20260918/fits/P3.mat,pilot,0,stationary,0.25,derived pilot,After 100 initialization transitions,100,NaN,rateLimited,clean,(dimensionless state)^2,NaN,2,0.2,29,29,0,0.000574440021942803,1.94135997284302e-06,0.00139332694398803,-4.88594847734986e-05,4.95803190298576e-08,0.000222666385046907,0.000525580537169304,1.90178858552136e-06,0.00137905351075343,0,0,0,0,0,0,0.000525580537169304,1.90178858552136e-06,0.00137905351075343,-8.91517063515255e-08,-8.91517063515255e-08,-1.98523347012727e-22,-1.98523347012727e-22,0,4.2351647362715e-22,0,4.2351647362715e-22,0,0
commonData,2,B,P3,Complete cubic,dimensionless state,study2_pilot_20260918/fits/P3.mat,pilot,0,stationary,0.25,derived pilot,After 100 initialization transitions,100,NaN,rateLimited,clean,(dimensionless state)^2,NaN,5,0.5,29,29,0,0.00109022957804169,6.20380255638179e-06,0.00249074337425231,-0.00017522387315663,6.20415158763149e-07,0.000787664369362452,0.000915005704885064,5.45419209387806e-06,0.00233542118126005,0,0,0,0,0,0,0.000915005704885064,5.45419209387806e-06,0.00233542118126005,-1.37002562126688e-06,-1.37002562126688e-06,6.35274710440725e-22,6.35274710440725e-22,0,2.22346148654254e-21,0,2.22346148654254e-21,0,0
commonData,2,B,P3,Complete cubic,dimensionless state,study2_pilot_20260918/fits/P3.mat,pilot,0,stationary,0.25,derived pilot,After 100 initialization transitions,100,NaN,rateLimited,clean,(dimensionless state)^2,NaN,10,1,29,29,0,0.000904104561835284,4.59952902168966e-06,0.00214465125875739,-0.000813077834472114,7.67978786323255e-06,0.00277124301771471,9.10267273631694e-05,1.12904255016265e-05,0.00336012284025845,0,0,0,0,0,0,9.10267273631694e-05,1.12904255016265e-05,0.00336012284025845,-9.8889138329567e-07,-9.8889138329567e-07,-8.470329472543e-22,-8.470329472543e-22,0,5.0821976835258e-21,0,5.0821976835258e-21,0,0
commonData,2,B,P3,Complete cubic,dimensionless state,study2_pilot_20260918/fits/P3.mat,pilot,0,stationary,0.25,derived pilot,After 100 initialization transitions,100,NaN,rateLimited,clean,(dimensionless state)^2,NaN,20,2,29,29,0,0.000616843409386052,6.38418366799073e-06,0.00252669421735016,-0.000520498687736632,1.28014498028023e-05,0.00357791137436387,9.63447216494208e-05,2.09004497488903e-05,0.00457170096888349,0,0,0,0,0,0,9.63447216494208e-05,2.09004497488903e-05,0.00457170096888349,1.71481627809722e-06,1.71481627809722e-06,1.27054942088145e-21,1.27054942088145e-21,0,1.35525271560688e-20,0,1.35525271560688e-20,0,0
commonData,2,B,P3,Complete cubic,dimensionless state,study2_pilot_20260918/fits/P3.mat,pilot,0,stationary,0.25,derived pilot,After 200 initialization transitions,200,NaN,held,clean,(dimensionless state)^2,NaN,1,0.1,29,29,0,3.50567590685451e-05,1.34362657240991e-07,0.000366555121695212,-4.78544407166016e-19,4.25447886421749e-35,6.52263663269501e-18,3.50567590685446e-05,1.34362657240991e-07,0.000366555121695211,0,0,0,0,0,0,3.50567590685446e-05,1.34362657240991e-07,0.000366555121695211,-4.36467970526624e-22,-4.36467970526624e-22,1.29514968994317e-23,1.29514968994317e-23,0,3.03710333225244e-23,0,3.03710333225244e-23,0,0
commonData,2,B,P3,Complete cubic,dimensionless state,study2_pilot_20260918/fits/P3.mat,pilot,0,stationary,0.25,derived pilot,After 200 initialization transitions,200,NaN,held,clean,(dimensionless state)^2,NaN,2,0.2,29,29,0,5.84403137483386e-05,3.8563846259354e-07,0.000620997956996269,-1.87051550529801e-07,3.36617718293568e-11,5.80187657825956e-06,5.82532621978088e-05,3.90864894851829e-07,0.000625191886425143,0,0,0,0,0,0,5.82532621978088e-05,3.90864894851829e-07,0.000625191886425143,5.19277048645999e-09,5.19277048645999e-09,-1.18286827595083e-22,-1.18286827595083e-22,0,1.53855593934863e-22,0,1.53855593934863e-22,0,0
commonData,2,B,P3,Complete cubic,dimensionless state,study2_pilot_20260918/fits/P3.mat,pilot,0,stationary,0.25,derived pilot,After 200 initialization transitions,200,NaN,held,clean,(dimensionless state)^2,NaN,5,0.5,29,29,0,9.23140232616584e-05,9.644914141581e-07,0.000982085237725372,-1.87903229394267e-06,3.13053979126039e-09,5.59512268968285e-05,9.04349909677157e-05,1.04973842468922e-06,0.0010245674329634,0,0,0,0,0,0,9.04349909677157e-05,1.04973842468922e-06,0.0010245674329634,8.21164707398592e-08,8.21164707398592e-08,4.10281583826302e-22,4.10281583826302e-22,0,4.10281583826302e-22,0,4.10281583826302e-22,0,0
commonData,2,B,P3,Complete cubic,dimensionless state,study2_pilot_20260918/fits/P3.mat,pilot,0,stationary,0.25,derived pilot,After 200 initialization transitions,200,NaN,held,clean,(dimensionless state)^2,NaN,10,1,29,29,0,0.00010577119172641,1.22144502987118e-06,0.0011051900424231,-3.95349674180026e-06,1.32544597816187e-08,0.000115128014755831,0.00010181769498461,1.42692880323371e-06,0.00119454125221095,0,0,0,0,0,0,0.00010181769498461,1.42692880323371e-06,0.00119454125221095,1.92229313580917e-07,1.92229313580917e-07,1.05879118406788e-22,1.05879118406788e-22,0,2.11758236813575e-22,0,2.11758236813575e-22,0,0
commonData,2,B,P3,Complete cubic,dimensionless state,study2_pilot_20260918/fits/P3.mat,pilot,0,stationary,0.25,derived pilot,After 200 initialization transitions,200,NaN,held,clean,(dimensionless state)^2,NaN,20,2,29,29,0,0.000108004895319953,1.25554229952798e-06,0.0011205098391036,-4.59425377670775e-06,1.76538262094012e-08,0.000132867701904568,0.000103410641543245,1.49844354954091e-06,0.00122410928823407,0,0,0,0,0,0,0.000103410641543245,1.49844354954091e-06,0.00122410928823407,2.25247423803532e-07,2.25247423803532e-07,2.91167575618666e-22,2.91167575618666e-22,0,4.2351647362715e-22,0,4.2351647362715e-22,0,0
commonData,2,B,P3,Complete cubic,dimensionless state,study2_pilot_20260918/fits/P3.mat,pilot,0,stationary,0.25,derived pilot,After 200 initialization transitions,200,NaN,rateLimited,clean,(dimensionless state)^2,NaN,1,0.1,29,29,0,3.50567590685451e-05,1.34362657240991e-07,0.000366555121695212,-4.78544407166016e-19,4.25447886421749e-35,6.52263663269501e-18,3.50567590685446e-05,1.34362657240991e-07,0.000366555121695211,0,0,0,0,0,0,3.50567590685446e-05,1.34362657240991e-07,0.000366555121695211,-4.36467970526624e-22,-4.36467970526624e-22,1.29514968994317e-23,1.29514968994317e-23,0,3.03710333225244e-23,0,3.03710333225244e-23,0,0
commonData,2,B,P3,Complete cubic,dimensionless state,study2_pilot_20260918/fits/P3.mat,pilot,0,stationary,0.25,derived pilot,After 200 initialization transitions,200,NaN,rateLimited,clean,(dimensionless state)^2,NaN,2,0.2,29,29,0,9.23755463413837e-05,4.09631266261012e-07,0.000640024426300287,-6.05779000860988e-05,6.25949911466227e-08,0.000250189910161507,3.17976462552849e-05,3.93332869451038e-07,0.000627162554248129,0,0,0,0,0,0,3.17976462552849e-05,3.93332869451038e-07,0.000627162554248129,-7.88933879565969e-08,-7.88933879565969e-08,-2.64697796016969e-23,-2.64697796016969e-23,0,1.53855593934863e-22,0,1.53855593934863e-22,0,0
commonData,2,B,P3,Complete cubic,dimensionless state,study2_pilot_20260918/fits/P3.mat,pilot,0,stationary,0.25,derived pilot,After 200 initialization transitions,200,NaN,rateLimited,clean,(dimensionless state)^2,NaN,5,0.5,29,29,0,0.000212029663934914,1.19975271780881e-06,0.00109533224083326,-0.000182684885304775,4.92229800255208e-07,0.000701590906622376,2.93447786301389e-05,1.08102219360146e-06,0.00103972217135226,0,0,0,0,0,0,2.93447786301389e-05,1.08102219360146e-06,0.00103972217135226,-6.10960324462562e-07,-6.10960324462562e-07,1.05879118406788e-22,1.05879118406788e-22,0,8.470329472543e-22,0,8.470329472543e-22,0,0
commonData,2,B,P3,Complete cubic,dimensionless state,study2_pilot_20260918/fits/P3.mat,pilot,0,stationary,0.25,derived pilot,After 200 initialization transitions,200,NaN,rateLimited,clean,(dimensionless state)^2,NaN,10,1,29,29,0,6.13632324940581e-05,9.23652407814847e-07,0.000961068367919186,-0.000911841871913077,8.87795138187318e-06,0.00297958912970785,-0.000850478639419018,1.05189587375203e-05,0.00324329442658547,0,0,0,0,0,0,-0.000850478639419018,1.05189587375203e-05,0.00324329442658547,7.17354947832326e-07,7.17354947832326e-07,0,0,0,1.01643953670516e-20,0,1.01643953670516e-20,0,0
commonData,2,B,P3,Complete cubic,dimensionless state,study2_pilot_20260918/fits/P3.mat,pilot,0,stationary,0.25,derived pilot,After 200 initialization transitions,200,NaN,rateLimited,clean,(dimensionless state)^2,NaN,20,2,29,29,0,-6.74664275571138e-05,1.34997437024635e-06,0.00116188397451998,-0.000619440740369212,1.40937306004324e-05,0.00375416177067962,-0.000686907167926326,1.69736080980306e-05,0.00411990389427115,0,0,0,0,0,0,-0.000686907167926326,1.69736080980306e-05,0.00411990389427115,1.52990312735185e-06,1.52990312735185e-06,-2.5410988417629e-21,-2.5410988417629e-21,0,1.01643953670516e-20,0,1.01643953670516e-20,0,0
commonData,2,B,K,Known-model reference,dimensionless state,study2_pilot_20260918/fits/K.mat,pilot,0,stationary,0.25,derived pilot,After 25 initialization transitions,25,NaN,held,clean,(dimensionless state)^2,NaN,1,0.1,29,29,0,-2.87126644299609e-18,1.19540479306794e-34,1.09334568781696e-17,7.17816610749024e-19,8.30142217408291e-36,2.88121886952083e-18,-2.15344983224707e-18,1.14559626002344e-34,1.07032530570077e-17,0,0,0,0,0,0,-2.15344983224707e-18,1.14559626002344e-34,1.07032530570077e-17,-1.32822754785327e-35,-1.32822754785327e-35,0,0,0,0,0,0,0,0
commonData,2,B,K,Known-model reference,dimensionless state,study2_pilot_20260918/fits/K.mat,pilot,0,stationary,0.25,derived pilot,After 25 initialization transitions,25,NaN,held,clean,(dimensionless state)^2,NaN,2,0.2,29,29,0,-1.91417762866406e-18,1.59387305742392e-34,1.26248685435688e-17,1.43563322149805e-18,2.45722096352854e-34,1.56755253931999e-17,-4.78544407166016e-19,5.11367605923507e-34,2.26134386134331e-17,0,0,0,0,0,0,-4.78544407166016e-19,5.11367605923507e-34,2.26134386134331e-17,1.06258203828261e-34,1.06258203828261e-34,4.27642353614751e-50,4.27642353614751e-50,0,0,0,0,0,0
commonData,2,B,K,Known-model reference,dimensionless state,study2_pilot_20260918/fits/K.mat,pilot,0,stationary,0.25,derived pilot,After 25 initialization transitions,25,NaN,held,clean,(dimensionless state)^2,NaN,5,0.5,29,29,0,-5.26398847882617e-18,1.39463892524593e-34,1.18094831607735e-17,5.14435237703467e-18,1.16593474434995e-33,3.41457866266095e-17,-1.19636101791504e-19,1.02647085182535e-33,3.20385837986849e-17,0,0,0,0,0,0,-1.19636101791504e-19,1.02647085182535e-33,3.20385837986849e-17,-2.78927785049186e-34,-2.78927785049186e-34,4.27642353614751e-50,4.27642353614751e-50,0,0,0,0,0,0
commonData,2,B,K,Known-model reference,dimensionless state,study2_pilot_20260918/fits/K.mat,pilot,0,stationary,0.25,derived pilot,After 25 initialization transitions,25,NaN,held,clean,(dimensionless state)^2,NaN,10,1,29,29,0,9.57088814332031e-19,8.30142217408291e-35,9.11121406514133e-18,4.78544407166016e-19,2.0023030283888e-33,4.47471007819367e-17,1.43563322149805e-18,1.90932710003907e-33,4.3695847629255e-17,0,0,0,0,0,0,1.43563322149805e-18,1.90932710003907e-33,4.3695847629255e-17,-1.75990150090558e-34,-1.75990150090558e-34,2.13821176807376e-50,2.13821176807376e-50,0,0,0,0,0,0
commonData,2,B,K,Known-model reference,dimensionless state,study2_pilot_20260918/fits/K.mat,pilot,0,stationary,0.25,derived pilot,After 25 initialization transitions,25,NaN,held,clean,(dimensionless state)^2,NaN,20,2,29,29,0,3.1105386465791e-18,4.33334237487128e-34,2.08166817117217e-17,-2.15344983224707e-18,1.32656726341845e-33,3.64220711028142e-17,9.57088814332031e-19,1.76322206977521e-33,4.19907379046286e-17,0,0,0,0,0,0,9.57088814332031e-19,1.76322206977521e-33,4.19907379046286e-17,3.32056886963317e-36,3.32056886963317e-36,-1.00228676628457e-49,-1.00228676628457e-49,0,0,0,0,0,0
commonData,2,B,K,Known-model reference,dimensionless state,study2_pilot_20260918/fits/K.mat,pilot,0,stationary,0.25,derived pilot,After 25 initialization transitions,25,NaN,rateLimited,clean,(dimensionless state)^2,NaN,1,0.1,29,29,0,-2.87126644299609e-18,1.19540479306794e-34,1.09334568781696e-17,7.17816610749024e-19,8.30142217408291e-36,2.88121886952083e-18,-2.15344983224707e-18,1.14559626002344e-34,1.07032530570077e-17,0,0,0,0,0,0,-2.15344983224707e-18,1.14559626002344e-34,1.07032530570077e-17,-1.32822754785327e-35,-1.32822754785327e-35,0,0,0,0,0,0,0,0
commonData,2,B,K,Known-model reference,dimensionless state,study2_pilot_20260918/fits/K.mat,pilot,0,stationary,0.25,derived pilot,After 25 initialization transitions,25,NaN,rateLimited,clean,(dimensionless state)^2,NaN,2,0.2,29,29,0,-1.91417762866406e-18,1.59387305742392e-34,1.26248685435688e-17,-7.61013531824319e-05,9.34687087931562e-08,0.000305726526152305,-7.61013531824338e-05,9.34687087931562e-08,0.000305726526152305,0,0,0,0,0,0,-7.61013531824338e-05,9.34687087931562e-08,0.000305726526152305,1.06258203828261e-34,1.06258203828261e-34,-1.06258203828261e-34,-1.06258203828261e-34,0,0,0,0,0,0
commonData,2,B,K,Known-model reference,dimensionless state,study2_pilot_20260918/fits/K.mat,pilot,0,stationary,0.25,derived pilot,After 25 initialization transitions,25,NaN,rateLimited,clean,(dimensionless state)^2,NaN,5,0.5,29,29,0,-1.67490542508106e-18,2.47382380787671e-34,1.57283940943655e-17,-0.000178619388588313,5.14918720959927e-07,0.000717578372695224,-0.000178619388588315,5.14918720959929e-07,0.000717578372695226,0,0,0,0,0,0,-0.000178619388588315,5.14918720959929e-07,0.000717578372695226,2.47428115872158e-21,2.47428115872158e-21,6.68176830413226e-23,6.68176830413226e-23,0,6.93501190125732e-23,0,6.93501190125732e-23,0,0
commonData,2,B,K,Known-model reference,dimensionless state,study2_pilot_20260918/fits/K.mat,pilot,0,stationary,0.25,derived pilot,After 25 initialization transitions,25,NaN,rateLimited,clean,(dimensionless state)^2,NaN,10,1,29,29,0,-1.19636101791504e-19,1.15804839328457e-34,1.07612656936095e-17,-0.00100192300491858,1.1441613928863e-05,0.00338254548067916,-0.00100192300491858,1.1441613928863e-05,0.00338254548067916,0,0,0,0,0,0,-0.00100192300491858,1.1441613928863e-05,0.00338254548067916,-7.72508435693546e-21,-7.72508435693546e-21,-7.45245115607543e-22,-7.45245115607543e-22,0,1.49560594813589e-21,0,1.49560594813589e-21,0,0
commonData,2,B,K,Known-model reference,dimensionless state,study2_pilot_20260918/fits/K.mat,pilot,0,stationary,0.25,derived pilot,After 25 initialization transitions,25,NaN,rateLimited,clean,(dimensionless state)^2,NaN,20,2,29,29,0,5.50326068240918e-18,8.61687621669806e-34,2.93545162056847e-17,-0.000696022447976884,1.71329809632754e-05,0.00413920052223559,-0.000696022447976878,1.71329809632753e-05,0.00413920052223558,0,0,0,0,0,0,-0.000696022447976878,1.71329809632753e-05,0.00413920052223558,-6.87505532158872e-20,-6.87505532158872e-20,-2.40021435347402e-21,-2.40021435347402e-21,0,3.55324591093085e-21,0,3.55324591093085e-21,0,0
commonData,2,B,K,Known-model reference,dimensionless state,study2_pilot_20260918/fits/K.mat,pilot,0,stationary,0.25,derived pilot,After 50 initialization transitions,50,NaN,held,clean,(dimensionless state)^2,NaN,1,0.1,29,29,0,-2.87126644299609e-18,1.19540479306794e-34,1.09334568781696e-17,7.17816610749024e-19,8.30142217408291e-36,2.88121886952083e-18,-2.15344983224707e-18,1.14559626002344e-34,1.07032530570077e-17,0,0,0,0,0,0,-2.15344983224707e-18,1.14559626002344e-34,1.07032530570077e-17,-1.32822754785327e-35,-1.32822754785327e-35,0,0,0,0,0,0,0,0
commonData,2,B,K,Known-model reference,dimensionless state,study2_pilot_20260918/fits/K.mat,pilot,0,stationary,0.25,derived pilot,After 50 initialization transitions,50,NaN,held,clean,(dimensionless state)^2,NaN,2,0.2,29,29,0,-1.91417762866406e-18,1.59387305742392e-34,1.26248685435688e-17,1.43563322149805e-18,2.45722096352854e-34,1.56755253931999e-17,-4.78544407166016e-19,5.11367605923507e-34,2.26134386134331e-17,0,0,0,0,0,0,-4.78544407166016e-19,5.11367605923507e-34,2.26134386134331e-17,1.06258203828261e-34,1.06258203828261e-34,4.27642353614751e-50,4.27642353614751e-50,0,0,0,0,0,0
commonData,2,B,K,Known-model reference,dimensionless state,study2_pilot_20260918/fits/K.mat,pilot,0,stationary,0.25,derived pilot,After 50 initialization transitions,50,NaN,held,clean,(dimensionless state)^2,NaN,5,0.5,29,29,0,-5.26398847882617e-18,1.39463892524593e-34,1.18094831607735e-17,5.14435237703467e-18,1.16593474434995e-33,3.41457866266095e-17,-1.19636101791504e-19,1.02647085182535e-33,3.20385837986849e-17,0,0,0,0,0,0,-1.19636101791504e-19,1.02647085182535e-33,3.20385837986849e-17,-2.78927785049186e-34,-2.78927785049186e-34,4.27642353614751e-50,4.27642353614751e-50,0,0,0,0,0,0
commonData,2,B,K,Known-model reference,dimensionless state,study2_pilot_20260918/fits/K.mat,pilot,0,stationary,0.25,derived pilot,After 50 initialization transitions,50,NaN,held,clean,(dimensionless state)^2,NaN,10,1,29,29,0,9.57088814332031e-19,8.30142217408291e-35,9.11121406514133e-18,4.78544407166016e-19,2.0023030283888e-33,4.47471007819367e-17,1.43563322149805e-18,1.90932710003907e-33,4.3695847629255e-17,0,0,0,0,0,0,1.43563322149805e-18,1.90932710003907e-33,4.3695847629255e-17,-1.75990150090558e-34,-1.75990150090558e-34,2.13821176807376e-50,2.13821176807376e-50,0,0,0,0,0,0
commonData,2,B,K,Known-model reference,dimensionless state,study2_pilot_20260918/fits/K.mat,pilot,0,stationary,0.25,derived pilot,After 50 initialization transitions,50,NaN,held,clean,(dimensionless state)^2,NaN,20,2,29,29,0,3.1105386465791e-18,4.33334237487128e-34,2.08166817117217e-17,-2.15344983224707e-18,1.32656726341845e-33,3.64220711028142e-17,9.57088814332031e-19,1.76322206977521e-33,4.19907379046286e-17,0,0,0,0,0,0,9.57088814332031e-19,1.76322206977521e-33,4.19907379046286e-17,3.32056886963317e-36,3.32056886963317e-36,-1.00228676628457e-49,-1.00228676628457e-49,0,0,0,0,0,0
commonData,2,B,K,Known-model reference,dimensionless state,study2_pilot_20260918/fits/K.mat,pilot,0,stationary,0.25,derived pilot,After 50 initialization transitions,50,NaN,rateLimited,clean,(dimensionless state)^2,NaN,1,0.1,29,29,0,-2.87126644299609e-18,1.19540479306794e-34,1.09334568781696e-17,7.17816610749024e-19,8.30142217408291e-36,2.88121886952083e-18,-2.15344983224707e-18,1.14559626002344e-34,1.07032530570077e-17,0,0,0,0,0,0,-2.15344983224707e-18,1.14559626002344e-34,1.07032530570077e-17,-1.32822754785327e-35,-1.32822754785327e-35,0,0,0,0,0,0,0,0
commonData,2,B,K,Known-model reference,dimensionless state,study2_pilot_20260918/fits/K.mat,pilot,0,stationary,0.25,derived pilot,After 50 initialization transitions,50,NaN,rateLimited,clean,(dimensionless state)^2,NaN,2,0.2,29,29,0,-1.91417762866406e-18,1.59387305742392e-34,1.26248685435688e-17,-7.61013531824319e-05,9.34687087931562e-08,0.000305726526152305,-7.61013531824338e-05,9.34687087931562e-08,0.000305726526152305,0,0,0,0,0,0,-7.61013531824338e-05,9.34687087931562e-08,0.000305726526152305,1.06258203828261e-34,1.06258203828261e-34,-1.06258203828261e-34,-1.06258203828261e-34,0,0,0,0,0,0
commonData,2,B,K,Known-model reference,dimensionless state,study2_pilot_20260918/fits/K.mat,pilot,0,stationary,0.25,derived pilot,After 50 initialization transitions,50,NaN,rateLimited,clean,(dimensionless state)^2,NaN,5,0.5,29,29,0,-1.67490542508106e-18,2.47382380787671e-34,1.57283940943655e-17,-0.000178619388588313,5.14918720959927e-07,0.000717578372695224,-0.000178619388588315,5.14918720959929e-07,0.000717578372695226,0,0,0,0,0,0,-0.000178619388588315,5.14918720959929e-07,0.000717578372695226,2.47428115872158e-21,2.47428115872158e-21,6.68176830413226e-23,6.68176830413226e-23,0,6.93501190125732e-23,0,6.93501190125732e-23,0,0
commonData,2,B,K,Known-model reference,dimensionless state,study2_pilot_20260918/fits/K.mat,pilot,0,stationary,0.25,derived pilot,After 50 initialization transitions,50,NaN,rateLimited,clean,(dimensionless state)^2,NaN,10,1,29,29,0,-1.19636101791504e-19,1.15804839328457e-34,1.07612656936095e-17,-0.00100192300491858,1.1441613928863e-05,0.00338254548067916,-0.00100192300491858,1.1441613928863e-05,0.00338254548067916,0,0,0,0,0,0,-0.00100192300491858,1.1441613928863e-05,0.00338254548067916,-7.72508435693546e-21,-7.72508435693546e-21,-7.45245115607543e-22,-7.45245115607543e-22,0,1.49560594813589e-21,0,1.49560594813589e-21,0,0
commonData,2,B,K,Known-model reference,dimensionless state,study2_pilot_20260918/fits/K.mat,pilot,0,stationary,0.25,derived pilot,After 50 initialization transitions,50,NaN,rateLimited,clean,(dimensionless state)^2,NaN,20,2,29,29,0,5.50326068240918e-18,8.61687621669806e-34,2.93545162056847e-17,-0.000696022447976884,1.71329809632754e-05,0.00413920052223559,-0.000696022447976878,1.71329809632753e-05,0.00413920052223558,0,0,0,0,0,0,-0.000696022447976878,1.71329809632753e-05,0.00413920052223558,-6.87505532158872e-20,-6.87505532158872e-20,-2.40021435347402e-21,-2.40021435347402e-21,0,3.55324591093085e-21,0,3.55324591093085e-21,0,0
commonData,2,B,K,Known-model reference,dimensionless state,study2_pilot_20260918/fits/K.mat,pilot,0,stationary,0.25,derived pilot,After 100 initialization transitions,100,NaN,held,clean,(dimensionless state)^2,NaN,1,0.1,29,29,0,-2.87126644299609e-18,1.19540479306794e-34,1.09334568781696e-17,7.17816610749024e-19,8.30142217408291e-36,2.88121886952083e-18,-2.15344983224707e-18,1.14559626002344e-34,1.07032530570077e-17,0,0,0,0,0,0,-2.15344983224707e-18,1.14559626002344e-34,1.07032530570077e-17,-1.32822754785327e-35,-1.32822754785327e-35,0,0,0,0,0,0,0,0
commonData,2,B,K,Known-model reference,dimensionless state,study2_pilot_20260918/fits/K.mat,pilot,0,stationary,0.25,derived pilot,After 100 initialization transitions,100,NaN,held,clean,(dimensionless state)^2,NaN,2,0.2,29,29,0,-1.91417762866406e-18,1.59387305742392e-34,1.26248685435688e-17,1.43563322149805e-18,2.45722096352854e-34,1.56755253931999e-17,-4.78544407166016e-19,5.11367605923507e-34,2.26134386134331e-17,0,0,0,0,0,0,-4.78544407166016e-19,5.11367605923507e-34,2.26134386134331e-17,1.06258203828261e-34,1.06258203828261e-34,4.27642353614751e-50,4.27642353614751e-50,0,0,0,0,0,0
commonData,2,B,K,Known-model reference,dimensionless state,study2_pilot_20260918/fits/K.mat,pilot,0,stationary,0.25,derived pilot,After 100 initialization transitions,100,NaN,held,clean,(dimensionless state)^2,NaN,5,0.5,29,29,0,-5.26398847882617e-18,1.39463892524593e-34,1.18094831607735e-17,5.14435237703467e-18,1.16593474434995e-33,3.41457866266095e-17,-1.19636101791504e-19,1.02647085182535e-33,3.20385837986849e-17,0,0,0,0,0,0,-1.19636101791504e-19,1.02647085182535e-33,3.20385837986849e-17,-2.78927785049186e-34,-2.78927785049186e-34,4.27642353614751e-50,4.27642353614751e-50,0,0,0,0,0,0
commonData,2,B,K,Known-model reference,dimensionless state,study2_pilot_20260918/fits/K.mat,pilot,0,stationary,0.25,derived pilot,After 100 initialization transitions,100,NaN,held,clean,(dimensionless state)^2,NaN,10,1,29,29,0,9.57088814332031e-19,8.30142217408291e-35,9.11121406514133e-18,4.78544407166016e-19,2.0023030283888e-33,4.47471007819367e-17,1.43563322149805e-18,1.90932710003907e-33,4.3695847629255e-17,0,0,0,0,0,0,1.43563322149805e-18,1.90932710003907e-33,4.3695847629255e-17,-1.75990150090558e-34,-1.75990150090558e-34,2.13821176807376e-50,2.13821176807376e-50,0,0,0,0,0,0
commonData,2,B,K,Known-model reference,dimensionless state,study2_pilot_20260918/fits/K.mat,pilot,0,stationary,0.25,derived pilot,After 100 initialization transitions,100,NaN,held,clean,(dimensionless state)^2,NaN,20,2,29,29,0,3.1105386465791e-18,4.33334237487128e-34,2.08166817117217e-17,-2.15344983224707e-18,1.32656726341845e-33,3.64220711028142e-17,9.57088814332031e-19,1.76322206977521e-33,4.19907379046286e-17,0,0,0,0,0,0,9.57088814332031e-19,1.76322206977521e-33,4.19907379046286e-17,3.32056886963317e-36,3.32056886963317e-36,-1.00228676628457e-49,-1.00228676628457e-49,0,0,0,0,0,0
commonData,2,B,K,Known-model reference,dimensionless state,study2_pilot_20260918/fits/K.mat,pilot,0,stationary,0.25,derived pilot,After 100 initialization transitions,100,NaN,rateLimited,clean,(dimensionless state)^2,NaN,1,0.1,29,29,0,-2.87126644299609e-18,1.19540479306794e-34,1.09334568781696e-17,7.17816610749024e-19,8.30142217408291e-36,2.88121886952083e-18,-2.15344983224707e-18,1.14559626002344e-34,1.07032530570077e-17,0,0,0,0,0,0,-2.15344983224707e-18,1.14559626002344e-34,1.07032530570077e-17,-1.32822754785327e-35,-1.32822754785327e-35,0,0,0,0,0,0,0,0
commonData,2,B,K,Known-model reference,dimensionless state,study2_pilot_20260918/fits/K.mat,pilot,0,stationary,0.25,derived pilot,After 100 initialization transitions,100,NaN,rateLimited,clean,(dimensionless state)^2,NaN,2,0.2,29,29,0,-1.91417762866406e-18,1.59387305742392e-34,1.26248685435688e-17,-7.61013531824319e-05,9.34687087931562e-08,0.000305726526152305,-7.61013531824338e-05,9.34687087931562e-08,0.000305726526152305,0,0,0,0,0,0,-7.61013531824338e-05,9.34687087931562e-08,0.000305726526152305,1.06258203828261e-34,1.06258203828261e-34,-1.06258203828261e-34,-1.06258203828261e-34,0,0,0,0,0,0
commonData,2,B,K,Known-model reference,dimensionless state,study2_pilot_20260918/fits/K.mat,pilot,0,stationary,0.25,derived pilot,After 100 initialization transitions,100,NaN,rateLimited,clean,(dimensionless state)^2,NaN,5,0.5,29,29,0,-1.67490542508106e-18,2.47382380787671e-34,1.57283940943655e-17,-0.000178619388588313,5.14918720959927e-07,0.000717578372695224,-0.000178619388588315,5.14918720959929e-07,0.000717578372695226,0,0,0,0,0,0,-0.000178619388588315,5.14918720959929e-07,0.000717578372695226,2.47428115872158e-21,2.47428115872158e-21,6.68176830413226e-23,6.68176830413226e-23,0,6.93501190125732e-23,0,6.93501190125732e-23,0,0
commonData,2,B,K,Known-model reference,dimensionless state,study2_pilot_20260918/fits/K.mat,pilot,0,stationary,0.25,derived pilot,After 100 initialization transitions,100,NaN,rateLimited,clean,(dimensionless state)^2,NaN,10,1,29,29,0,-1.19636101791504e-19,1.15804839328457e-34,1.07612656936095e-17,-0.00100192300491858,1.1441613928863e-05,0.00338254548067916,-0.00100192300491858,1.1441613928863e-05,0.00338254548067916,0,0,0,0,0,0,-0.00100192300491858,1.1441613928863e-05,0.00338254548067916,-7.72508435693546e-21,-7.72508435693546e-21,-7.45245115607543e-22,-7.45245115607543e-22,0,1.49560594813589e-21,0,1.49560594813589e-21,0,0
commonData,2,B,K,Known-model reference,dimensionless state,study2_pilot_20260918/fits/K.mat,pilot,0,stationary,0.25,derived pilot,After 100 initialization transitions,100,NaN,rateLimited,clean,(dimensionless state)^2,NaN,20,2,29,29,0,5.50326068240918e-18,8.61687621669806e-34,2.93545162056847e-17,-0.000696022447976884,1.71329809632754e-05,0.00413920052223559,-0.000696022447976878,1.71329809632753e-05,0.00413920052223558,0,0,0,0,0,0,-0.000696022447976878,1.71329809632753e-05,0.00413920052223558,-6.87505532158872e-20,-6.87505532158872e-20,-2.40021435347402e-21,-2.40021435347402e-21,0,3.55324591093085e-21,0,3.55324591093085e-21,0,0
commonData,2,B,K,Known-model reference,dimensionless state,study2_pilot_20260918/fits/K.mat,pilot,0,stationary,0.25,derived pilot,After 200 initialization transitions,200,NaN,held,clean,(dimensionless state)^2,NaN,1,0.1,29,29,0,-2.87126644299609e-18,1.19540479306794e-34,1.09334568781696e-17,7.17816610749024e-19,8.30142217408291e-36,2.88121886952083e-18,-2.15344983224707e-18,1.14559626002344e-34,1.07032530570077e-17,0,0,0,0,0,0,-2.15344983224707e-18,1.14559626002344e-34,1.07032530570077e-17,-1.32822754785327e-35,-1.32822754785327e-35,0,0,0,0,0,0,0,0
commonData,2,B,K,Known-model reference,dimensionless state,study2_pilot_20260918/fits/K.mat,pilot,0,stationary,0.25,derived pilot,After 200 initialization transitions,200,NaN,held,clean,(dimensionless state)^2,NaN,2,0.2,29,29,0,-1.91417762866406e-18,1.59387305742392e-34,1.26248685435688e-17,1.43563322149805e-18,2.45722096352854e-34,1.56755253931999e-17,-4.78544407166016e-19,5.11367605923507e-34,2.26134386134331e-17,0,0,0,0,0,0,-4.78544407166016e-19,5.11367605923507e-34,2.26134386134331e-17,1.06258203828261e-34,1.06258203828261e-34,4.27642353614751e-50,4.27642353614751e-50,0,0,0,0,0,0
commonData,2,B,K,Known-model reference,dimensionless state,study2_pilot_20260918/fits/K.mat,pilot,0,stationary,0.25,derived pilot,After 200 initialization transitions,200,NaN,held,clean,(dimensionless state)^2,NaN,5,0.5,29,29,0,-5.26398847882617e-18,1.39463892524593e-34,1.18094831607735e-17,5.14435237703467e-18,1.16593474434995e-33,3.41457866266095e-17,-1.19636101791504e-19,1.02647085182535e-33,3.20385837986849e-17,0,0,0,0,0,0,-1.19636101791504e-19,1.02647085182535e-33,3.20385837986849e-17,-2.78927785049186e-34,-2.78927785049186e-34,4.27642353614751e-50,4.27642353614751e-50,0,0,0,0,0,0
commonData,2,B,K,Known-model reference,dimensionless state,study2_pilot_20260918/fits/K.mat,pilot,0,stationary,0.25,derived pilot,After 200 initialization transitions,200,NaN,held,clean,(dimensionless state)^2,NaN,10,1,29,29,0,9.57088814332031e-19,8.30142217408291e-35,9.11121406514133e-18,4.78544407166016e-19,2.0023030283888e-33,4.47471007819367e-17,1.43563322149805e-18,1.90932710003907e-33,4.3695847629255e-17,0,0,0,0,0,0,1.43563322149805e-18,1.90932710003907e-33,4.3695847629255e-17,-1.75990150090558e-34,-1.75990150090558e-34,2.13821176807376e-50,2.13821176807376e-50,0,0,0,0,0,0
commonData,2,B,K,Known-model reference,dimensionless state,study2_pilot_20260918/fits/K.mat,pilot,0,stationary,0.25,derived pilot,After 200 initialization transitions,200,NaN,held,clean,(dimensionless state)^2,NaN,20,2,29,29,0,3.1105386465791e-18,4.33334237487128e-34,2.08166817117217e-17,-2.15344983224707e-18,1.32656726341845e-33,3.64220711028142e-17,9.57088814332031e-19,1.76322206977521e-33,4.19907379046286e-17,0,0,0,0,0,0,9.57088814332031e-19,1.76322206977521e-33,4.19907379046286e-17,3.32056886963317e-36,3.32056886963317e-36,-1.00228676628457e-49,-1.00228676628457e-49,0,0,0,0,0,0
commonData,2,B,K,Known-model reference,dimensionless state,study2_pilot_20260918/fits/K.mat,pilot,0,stationary,0.25,derived pilot,After 200 initialization transitions,200,NaN,rateLimited,clean,(dimensionless state)^2,NaN,1,0.1,29,29,0,-2.87126644299609e-18,1.19540479306794e-34,1.09334568781696e-17,7.17816610749024e-19,8.30142217408291e-36,2.88121886952083e-18,-2.15344983224707e-18,1.14559626002344e-34,1.07032530570077e-17,0,0,0,0,0,0,-2.15344983224707e-18,1.14559626002344e-34,1.07032530570077e-17,-1.32822754785327e-35,-1.32822754785327e-35,0,0,0,0,0,0,0,0
commonData,2,B,K,Known-model reference,dimensionless state,study2_pilot_20260918/fits/K.mat,pilot,0,stationary,0.25,derived pilot,After 200 initialization transitions,200,NaN,rateLimited,clean,(dimensionless state)^2,NaN,2,0.2,29,29,0,-1.91417762866406e-18,1.59387305742392e-34,1.26248685435688e-17,-7.61013531824319e-05,9.34687087931562e-08,0.000305726526152305,-7.61013531824338e-05,9.34687087931562e-08,0.000305726526152305,0,0,0,0,0,0,-7.61013531824338e-05,9.34687087931562e-08,0.000305726526152305,1.06258203828261e-34,1.06258203828261e-34,-1.06258203828261e-34,-1.06258203828261e-34,0,0,0,0,0,0
commonData,2,B,K,Known-model reference,dimensionless state,study2_pilot_20260918/fits/K.mat,pilot,0,stationary,0.25,derived pilot,After 200 initialization transitions,200,NaN,rateLimited,clean,(dimensionless state)^2,NaN,5,0.5,29,29,0,-1.67490542508106e-18,2.47382380787671e-34,1.57283940943655e-17,-0.000178619388588313,5.14918720959927e-07,0.000717578372695224,-0.000178619388588315,5.14918720959929e-07,0.000717578372695226,0,0,0,0,0,0,-0.000178619388588315,5.14918720959929e-07,0.000717578372695226,2.47428115872158e-21,2.47428115872158e-21,6.68176830413226e-23,6.68176830413226e-23,0,6.93501190125732e-23,0,6.93501190125732e-23,0,0
commonData,2,B,K,Known-model reference,dimensionless state,study2_pilot_20260918/fits/K.mat,pilot,0,stationary,0.25,derived pilot,After 200 initialization transitions,200,NaN,rateLimited,clean,(dimensionless state)^2,NaN,10,1,29,29,0,-1.19636101791504e-19,1.15804839328457e-34,1.07612656936095e-17,-0.00100192300491858,1.1441613928863e-05,0.00338254548067916,-0.00100192300491858,1.1441613928863e-05,0.00338254548067916,0,0,0,0,0,0,-0.00100192300491858,1.1441613928863e-05,0.00338254548067916,-7.72508435693546e-21,-7.72508435693546e-21,-7.45245115607543e-22,-7.45245115607543e-22,0,1.49560594813589e-21,0,1.49560594813589e-21,0,0
commonData,2,B,K,Known-model reference,dimensionless state,study2_pilot_20260918/fits/K.mat,pilot,0,stationary,0.25,derived pilot,After 200 initialization transitions,200,NaN,rateLimited,clean,(dimensionless state)^2,NaN,20,2,29,29,0,5.50326068240918e-18,8.61687621669806e-34,2.93545162056847e-17,-0.000696022447976884,1.71329809632754e-05,0.00413920052223559,-0.000696022447976878,1.71329809632753e-05,0.00413920052223558,0,0,0,0,0,0,-0.000696022447976878,1.71329809632753e-05,0.00413920052223558,-6.87505532158872e-20,-6.87505532158872e-20,-2.40021435347402e-21,-2.40021435347402e-21,0,3.55324591093085e-21,0,3.55324591093085e-21,0,0
commonData,2,B,A,Affine,dimensionless state,study2_pilot_20260918/fits/A.mat,pilot,0,stationary,0.7,derived pilot,After 25 initialization transitions,25,NaN,held,clean,(dimensionless state)^2,NaN,1,0.1,29,29,0,0.0022818640938498,0.000215398641577555,0.014676465568302,6.93889390390723e-18,5.06386752619058e-34,2.25030387418912e-17,0.00228186409384981,0.000215398641577555,0.014676465568302,0,0,0,0,0,0,0.00228186409384981,0.000215398641577555,0.014676465568302,3.74942607875214e-19,3.74942607875214e-19,4.52815249471161e-21,4.52815249471161e-21,0,2.42227415116574e-20,0,2.42227415116574e-20,0,0
commonData,2,B,A,Affine,dimensionless state,study2_pilot_20260918/fits/A.mat,pilot,0,stationary,0.7,derived pilot,After 25 initialization transitions,25,NaN,held,clean,(dimensionless state)^2,NaN,2,0.2,29,29,0,0.00385963478497495,0.000590624095361847,0.024302759007196,7.41743831107324e-18,1.96079591751838e-33,4.42808753020803e-17,0.00385963478497496,0.000590624095361848,0.024302759007196,0,0,0,0,0,0,0.00385963478497496,0.000590624095361848,0.024302759007196,9.755068886832e-19,9.755068886832e-19,1.08695283802303e-19,1.08695283802303e-19,0,1.07512283307889e-19,0,1.07512283307889e-19,0,0
commonData,2,B,A,Affine,dimensionless state,study2_pilot_20260918/fits/A.mat,pilot,0,stationary,0.7,derived pilot,After 25 initialization transitions,25,NaN,held,clean,(dimensionless state)^2,NaN,5,0.5,29,29,0,0.00620656432926406,0.00140544957152247,0.0374893261012047,-1.41170600113975e-17,3.64017362333536e-33,6.03338513882162e-17,0.00620656432926404,0.00140544957152247,0.0374893261012047,0,0,0,0,0,0,0.00620656432926404,0.00140544957152247,0.0374893261012047,-7.99525603291056e-19,-7.99525603291056e-19,1.4900429979975e-19,1.4900429979975e-19,0,3.09381845460773e-19,0,3.09381845460773e-19,0,0
commonData,2,B,A,Affine,dimensionless state,study2_pilot_20260918/fits/A.mat,pilot,0,stationary,0.7,derived pilot,After 25 initialization transitions,25,NaN,held,clean,(dimensionless state)^2,NaN,10,1,29,29,0,0.00714435949228527,0.00176928059857697,0.0420628172924374,-1.48348766221465e-17,3.80205135572997e-33,6.16607764768655e-17,0.00714435949228526,0.00176928059857697,0.0420628172924374,0,0,0,0,0,0,0.00714435949228526,0.00176928059857697,0.0420628172924374,-1.83432624528491e-18,-1.83432624528491e-18,-1.17237665188999e-19,-1.17237665188999e-19,0,4.93164978105135e-19,0,4.93164978105135e-19,0,0
commonData,2,B,A,Affine,dimensionless state,study2_pilot_20260918/fits/A.mat,pilot,0,stationary,0.7,derived pilot,After 25 initialization transitions,25,NaN,held,clean,(dimensionless state)^2,NaN,20,2,29,29,0,0.00729803866668936,0.00182242111298902,0.0426898244665988,-8.9727076343628e-18,4.29059005067475e-33,6.55025957552428e-17,0.00729803866668935,0.00182242111298902,0.0426898244665988,0,0,0,0,0,0,0.00729803866668935,0.00182242111298902,0.0426898244665988,-1.85911583570407e-18,-1.85911583570407e-18,5.58073228721465e-19,5.58073228721465e-19,0,4.98963842357832e-19,0,4.98963842357832e-19,0,0
commonData,2,B,A,Affine,dimensionless state,study2_pilot_20260918/fits/A.mat,pilot,0,stationary,0.7,derived pilot,After 25 initialization transitions,25,NaN,rateLimited,clean,(dimensionless state)^2,NaN,1,0.1,29,29,0,0.0022818640938498,0.000215398641577555,0.014676465568302,6.93889390390723e-18,5.06386752619058e-34,2.25030387418912e-17,0.00228186409384981,0.000215398641577555,0.014676465568302,0,0,0,0,0,0,0.00228186409384981,0.000215398641577555,0.014676465568302,3.74942607875214e-19,3.74942607875214e-19,4.52815249471161e-21,4.52815249471161e-21,0,2.42227415116574e-20,0,2.42227415116574e-20,0,0
commonData,2,B,A,Affine,dimensionless state,study2_pilot_20260918/fits/A.mat,pilot,0,stationary,0.7,derived pilot,After 25 initialization transitions,25,NaN,rateLimited,clean,(dimensionless state)^2,NaN,2,0.2,29,29,0,0.00324451168075595,0.000416826662071882,0.020416333218085,1.29206989934824e-17,1.89936539343017e-33,4.35817093908691e-17,0.00324451168075596,0.000416826662071883,0.020416333218085,0,0,0,0,0,0,0.00324451168075596,0.000416826662071883,0.020416333218085,5.59987026554922e-19,5.59987026554922e-19,9.05342769363789e-20,9.05342769363789e-20,0,4.13264614168995e-20,0,4.13264614168995e-20,0,0
commonData,2,B,A,Affine,dimensionless state,study2_pilot_20260918/fits/A.mat,pilot,0,stationary,0.7,derived pilot,After 25 initialization transitions,25,NaN,rateLimited,clean,(dimensionless state)^2,NaN,5,0.5,29,29,0,0.000624168913607811,0.00120740854932187,0.0347477848117239,-4.06762746091113e-18,3.5745923881601e-33,5.9787894996898e-17,0.000624168913607807,0.00120740854932187,0.0347477848117239,0,0,0,0,0,0,0.000624168913607807,0.00120740854932187,0.0347477848117239,2.94769055677345e-19,2.94769055677345e-19,-7.79286211802474e-20,-7.79286211802474e-20,0,2.78508987169704e-19,0,2.78508987169704e-19,0,0
commonData,2,B,A,Affine,dimensionless state,study2_pilot_20260918/fits/A.mat,pilot,0,stationary,0.7,derived pilot,After 25 initialization transitions,25,NaN,rateLimited,clean,(dimensionless state)^2,NaN,10,1,29,29,0,-0.00092110336230125,0.00182685849433483,0.0427417652224943,1.36385156042314e-17,5.50052233254734e-33,7.4165506352666e-17,-0.000921103362301237,0.00182685849433483,0.0427417652224944,0,0,0,0,0,0,-0.000921103362301237,0.00182685849433483,0.0427417652224944,9.07910800184203e-19,9.07910800184203e-19,1.76291372301296e-19,1.76291372301296e-19,0,3.5256554266759e-19,0,3.5256554266759e-19,0,0
commonData,2,B,A,Affine,dimensionless state,study2_pilot_20260918/fits/A.mat,pilot,0,stationary,0.7,derived pilot,After 25 initialization transitions,25,NaN,rateLimited,clean,(dimensionless state)^2,NaN,20,2,29,29,0,0.00770931725296749,0.00180462619240564,0.042480892085803,2.15344983224707e-18,5.49056062593844e-33,7.40983172949186e-17,0.00770931725296749,0.00180462619240564,0.042480892085803,0,0,0,0,0,0,0.00770931725296749,0.00180462619240564,0.042480892085803,4.60387102635312e-19,4.60387102635312e-19,-2.67062336411161e-20,-2.67062336411161e-20,0,7.98367988323925e-19,0,7.98367988323925e-19,0,0
commonData,2,B,A,Affine,dimensionless state,study2_pilot_20260918/fits/A.mat,pilot,0,stationary,0.7,derived pilot,After 50 initialization transitions,50,NaN,held,clean,(dimensionless state)^2,NaN,1,0.1,29,29,0,0.00335839254681665,0.000232570599979778,0.0152502655707951,3.58908305374512e-19,2.07535554352073e-36,1.44060943476042e-18,0.00335839254681665,0.000232570599979778,0.0152502655707951,0,0,0,0,0,0,0.00335839254681665,0.000232570599979778,0.0152502655707951,1.16839945464082e-20,1.16839945464082e-20,1.54210597657294e-20,1.54210597657294e-20,0,1.78781902599656e-21,0,1.78781902599656e-21,0,0
commonData,2,B,A,Affine,dimensionless state,study2_pilot_20260918/fits/A.mat,pilot,0,stationary,0.7,derived pilot,After 50 initialization transitions,50,NaN,held,clean,(dimensionless state)^2,NaN,2,0.2,29,29,0,0.00570615578331405,0.000640446879787509,0.0253070519774135,9.81016034690332e-18,2.2729293912639e-33,4.76752492522472e-17,0.00570615578331406,0.000640446879787508,0.0253070519774135,0,0,0,0,0,0,0.00570615578331406,0.000640446879787508,0.0253070519774135,-1.51702717754982e-19,-1.51702717754982e-19,-6.51377167421207e-20,-6.51377167421207e-20,0,5.69465162525982e-20,0,5.69465162525982e-20,0,0
commonData,2,B,A,Affine,dimensionless state,study2_pilot_20260918/fits/A.mat,pilot,0,stationary,0.7,derived pilot,After 50 initialization transitions,50,NaN,held,clean,(dimensionless state)^2,NaN,5,0.5,29,29,0,0.00925745624550588,0.00153954321727584,0.0392370133582545,6.69962170032422e-18,9.68360896606772e-33,9.84053299677803e-17,0.00925745624550588,0.00153954321727584,0.0392370133582545,0,0,0,0,0,0,0.00925745624550588,0.00153954321727584,0.0392370133582545,-2.11769689169325e-18,-2.11769689169325e-18,-4.8438832227197e-19,-4.8438832227197e-19,0,3.59537110714573e-19,0,3.59537110714573e-19,0,0
commonData,2,B,A,Affine,dimensionless state,study2_pilot_20260918/fits/A.mat,pilot,0,stationary,0.7,derived pilot,After 50 initialization transitions,50,NaN,held,clean,(dimensionless state)^2,NaN,10,1,29,29,0,0.0107162301490614,0.00195285859229347,0.0441911596622387,8.49416322719678e-18,1.2104718743139e-32,1.1002144674171e-16,0.0107162301490614,0.00195285859229347,0.0441911596622387,0,0,0,0,0,0,0.0107162301490614,0.00195285859229347,0.0441911596622387,-2.40393207884939e-18,-2.40393207884939e-18,1.86872993812727e-20,1.86872993812727e-20,0,2.32020956393641e-19,0,2.32020956393641e-19,0,0
commonData,2,B,A,Affine,dimensionless state,study2_pilot_20260918/fits/A.mat,pilot,0,stationary,0.7,derived pilot,After 50 initialization transitions,50,NaN,held,clean,(dimensionless state)^2,NaN,20,2,29,29,0,0.0109634645981805,0.00201583290968705,0.0448980279042081,-6.2210772931582e-18,6.89018040448882e-33,8.30071105658354e-17,0.0109634645981805,0.00201583290968705,0.0448980279042081,0,0,0,0,0,0,0.0109634645981805,0.00201583290968705,0.0448980279042081,-9.53196941817066e-19,-9.53196941817066e-19,-3.47845665165546e-19,-3.47845665165546e-19,0,5.83192663614121e-19,0,5.83192663614121e-19,0,0
commonData,2,B,A,Affine,dimensionless state,study2_pilot_20260918/fits/A.mat,pilot,0,stationary,0.7,derived pilot,After 50 initialization transitions,50,NaN,rateLimited,clean,(dimensionless state)^2,NaN,1,0.1,29,29,0,0.00335839254681665,0.000232570599979778,0.0152502655707951,3.58908305374512e-19,2.07535554352073e-36,1.44060943476042e-18,0.00335839254681665,0.000232570599979778,0.0152502655707951,0,0,0,0,0,0,0.00335839254681665,0.000232570599979778,0.0152502655707951,1.16839945464082e-20,1.16839945464082e-20,1.54210597657294e-20,1.54210597657294e-20,0,1.78781902599656e-21,0,1.78781902599656e-21,0,0
commonData,2,B,A,Affine,dimensionless state,study2_pilot_20260918/fits/A.mat,pilot,0,stationary,0.7,derived pilot,After 50 initialization transitions,50,NaN,rateLimited,clean,(dimensionless state)^2,NaN,2,0.2,29,29,0,0.00503115385566478,0.000457795283772906,0.0213961511439068,5.74253288599219e-18,2.94866515623425e-33,5.43016128327166e-17,0.00503115385566479,0.000457795283772905,0.0213961511439068,0,0,0,0,0,0,0.00503115385566479,0.000457795283772905,0.0213961511439068,-9.14036489394823e-19,-9.14036489394823e-19,1.00884860030692e-19,1.00884860030692e-19,0,1.1781875856666e-19,0,1.1781875856666e-19,0,0
commonData,2,B,A,Affine,dimensionless state,study2_pilot_20260918/fits/A.mat,pilot,0,stationary,0.7,derived pilot,After 50 initialization transitions,50,NaN,rateLimited,clean,(dimensionless state)^2,NaN,5,0.5,29,29,0,0.00343545156584819,0.00140780753410157,0.0375207613742254,1.89025040830576e-17,1.33935145356654e-32,1.15730352698267e-16,0.00343545156584821,0.00140780753410156,0.0375207613742254,0,0,0,0,0,0,0.00343545156584821,0.00140780753410156,0.0375207613742254,-4.15320466286403e-18,-4.15320466286403e-18,-4.00444461575107e-19,-4.00444461575107e-19,0,6.43313941977721e-19,0,6.43313941977721e-19,0,0
commonData,2,B,A,Affine,dimensionless state,study2_pilot_20260918/fits/A.mat,pilot,0,stationary,0.7,derived pilot,After 50 initialization transitions,50,NaN,rateLimited,clean,(dimensionless state)^2,NaN,10,1,29,29,0,0.00208096359063978,0.00211779428545309,0.0460194989700354,2.63199423941309e-17,1.40493268874179e-32,1.18529856523232e-16,0.00208096359063981,0.00211779428545309,0.0460194989700354,0,0,0,0,0,0,0.00208096359063981,0.00211779428545309,0.0460194989700354,-2.47958296178412e-18,-2.47958296178412e-18,3.11178616813101e-19,3.11178616813101e-19,0,7.27849254839148e-19,0,7.27849254839148e-19,0,0
commonData,2,B,A,Affine,dimensionless state,study2_pilot_20260918/fits/A.mat,pilot,0,stationary,0.7,derived pilot,After 50 initialization transitions,50,NaN,rateLimited,clean,(dimensionless state)^2,NaN,20,2,29,29,0,0.0113949747661427,0.00215467247240829,0.0464184496984581,5.50326068240918e-18,6.44688446039279e-33,8.0292493175843e-17,0.0113949747661427,0.00215467247240829,0.0464184496984581,0,0,0,0,0,0,0.0113949747661427,0.00215467247240829,0.0464184496984581,-1.53962645492627e-18,-1.53962645492627e-18,2.38583847943656e-19,2.38583847943656e-19,0,5.67459804219275e-19,0,5.67459804219275e-19,0,0
commonData,2,B,A,Affine,dimensionless state,study2_pilot_20260918/fits/A.mat,pilot,0,stationary,0.7,derived pilot,After 100 initialization transitions,100,NaN,held,clean,(dimensionless state)^2,NaN,1,0.1,29,29,0,0.00404792443844475,0.000274609534062421,0.0165713467787751,2.27308593403857e-18,9.58399189997872e-34,3.09580230311606e-17,0.00404792443844475,0.000274609534062421,0.0165713467787751,0,0,0,0,0,0,0.00404792443844475,0.000274609534062421,0.0165713467787751,-5.70125909376458e-19,-5.70125909376458e-19,-2.61852854905702e-20,-2.61852854905702e-20,0,7.94845758253835e-20,0,7.94845758253835e-20,0,0
commonData,2,B,A,Affine,dimensionless state,study2_pilot_20260918/fits/A.mat,pilot,0,stationary,0.7,derived pilot,After 100 initialization transitions,100,NaN,held,clean,(dimensionless state)^2,NaN,2,0.2,29,29,0,0.0065526040717361,0.000738936334767903,0.0271833834312049,8.49416322719678e-18,1.57602499974964e-33,3.96991813486077e-17,0.00655260407173611,0.000738936334767902,0.0271833834312049,0,0,0,0,0,0,0.00655260407173611,0.000738936334767902,0.0271833834312049,-5.8652304941923e-19,-5.8652304941923e-19,-6.39982540720745e-20,-6.39982540720745e-20,0,1.50085271145132e-19,0,1.50085271145132e-19,0,0
commonData,2,B,A,Affine,dimensionless state,study2_pilot_20260918/fits/A.mat,pilot,0,stationary,0.7,derived pilot,After 100 initialization transitions,100,NaN,held,clean,(dimensionless state)^2,NaN,5,0.5,29,29,0,0.00963708137055836,0.00169211095488485,0.0411352762830743,2.41664925618838e-17,4.31258881943607e-33,6.56703039389652e-17,0.00963708137055838,0.00169211095488485,0.0411352762830743,0,0,0,0,0,0,0.00963708137055838,0.00169211095488485,0.0411352762830743,1.21472672980172e-18,1.21472672980172e-18,9.53677615169287e-19,9.53677615169287e-19,0,6.16942532123942e-19,0,6.16942532123942e-19,0,0
commonData,2,B,A,Affine,dimensionless state,study2_pilot_20260918/fits/A.mat,pilot,0,stationary,0.7,derived pilot,After 100 initialization transitions,100,NaN,held,clean,(dimensionless state)^2,NaN,10,1,29,29,0,0.0104774479511024,0.00207842488399847,0.0455897453820316,2.52432174780073e-17,7.83446717679075e-33,8.85125255361678e-17,0.0104774479511024,0.00207842488399847,0.0455897453820316,0,0,0,0,0,0,0.0104774479511024,0.00207842488399847,0.0455897453820316,3.78254945523735e-18,3.78254945523735e-18,-7.4678337227795e-19,-7.4678337227795e-19,0,6.36130072147918e-19,0,6.36130072147918e-19,0,0
commonData,2,B,A,Affine,dimensionless state,study2_pilot_20260918/fits/A.mat,pilot,0,stationary,0.7,derived pilot,After 100 initialization transitions,100,NaN,held,clean,(dimensionless state)^2,NaN,20,2,29,29,0,0.0105482756393387,0.00212752520077447,0.0461251038023164,3.63693749446172e-17,8.73641669600486e-33,9.34688006556458e-17,0.0105482756393388,0.00212752520077447,0.0461251038023165,0,0,0,0,0,0,0.0105482756393388,0.00212752520077447,0.0461251038023165,2.32638330269064e-18,2.32638330269064e-18,2.75701911274562e-19,2.75701911274562e-19,0,6.25605586011622e-19,0,6.25605586011622e-19,0,0
commonData,2,B,A,Affine,dimensionless state,study2_pilot_20260918/fits/A.mat,pilot,0,stationary,0.7,derived pilot,After 100 initialization transitions,100,NaN,rateLimited,clean,(dimensionless state)^2,NaN,1,0.1,29,29,0,0.00404792443844475,0.000274609534062421,0.0165713467787751,2.27308593403857e-18,9.58399189997872e-34,3.09580230311606e-17,0.00404792443844475,0.000274609534062421,0.0165713467787751,0,0,0,0,0,0,0.00404792443844475,0.000274609534062421,0.0165713467787751,-5.70125909376458e-19,-5.70125909376458e-19,-2.61852854905702e-20,-2.61852854905702e-20,0,7.94845758253835e-20,0,7.94845758253835e-20,0,0
commonData,2,B,A,Affine,dimensionless state,study2_pilot_20260918/fits/A.mat,pilot,0,stationary,0.7,derived pilot,After 100 initialization transitions,100,NaN,rateLimited,clean,(dimensionless state)^2,NaN,2,0.2,29,29,0,0.00602064920409496,0.000527455107425163,0.0229663908227907,3.34981085016211e-18,1.16219910437161e-33,3.40910414093147e-17,0.00602064920409497,0.000527455107425163,0.0229663908227907,0,0,0,0,0,0,0.00602064920409497,0.000527455107425163,0.0229663908227907,-2.67034273859462e-19,-2.67034273859462e-19,-5.822637788619e-20,-5.822637788619e-20,0,2.04487616513552e-19,0,2.04487616513552e-19,0,0
commonData,2,B,A,Affine,dimensionless state,study2_pilot_20260918/fits/A.mat,pilot,0,stationary,0.7,derived pilot,After 100 initialization transitions,100,NaN,rateLimited,clean,(dimensionless state)^2,NaN,5,0.5,29,29,0,0.00422122399098305,0.00114857976624123,0.0338907032420578,2.63199423941309e-17,5.78775153977061e-33,7.60772734775019e-17,0.00422122399098308,0.00114857976624123,0.0338907032420578,0,0,0,0,0,0,0.00422122399098308,0.00114857976624123,0.0338907032420578,-1.74912094006045e-18,-1.74912094006045e-18,2.31237898580736e-19,2.31237898580736e-19,0,3.928423196353e-19,0,3.928423196353e-19,0,0
commonData,2,B,A,Affine,dimensionless state,study2_pilot_20260918/fits/A.mat,pilot,0,stationary,0.7,derived pilot,After 100 initialization transitions,100,NaN,rateLimited,clean,(dimensionless state)^2,NaN,10,1,29,29,0,0.00241255598853837,0.00180026036009735,0.0424294751334181,5.50326068240918e-18,9.20627719105795e-33,9.59493470069388e-17,0.00241255598853837,0.00180026036009735,0.0424294751334181,0,0,0,0,0,0,0.00241255598853837,0.00180026036009735,0.0424294751334181,1.85913172952376e-18,1.85913172952376e-18,-1.24408253546957e-19,-1.24408253546957e-19,0,3.96890606301472e-19,0,3.96890606301472e-19,0,0
commonData,2,B,A,Affine,dimensionless state,study2_pilot_20260918/fits/A.mat,pilot,0,stationary,0.7,derived pilot,After 100 initialization transitions,100,NaN,rateLimited,clean,(dimensionless state)^2,NaN,20,2,29,29,0,0.0114510963351188,0.00180925959730641,0.0425353922904963,1.05279769576523e-17,1.25617120338223e-32,1.12079043687133e-16,0.0114510963351188,0.00180925959730641,0.0425353922904963,0,0,0,0,0,0,0.0114510963351188,0.00180925959730641,0.0425353922904963,7.1986416663084e-19,7.1986416663084e-19,-5.03023732133751e-19,-5.03023732133751e-19,0,4.88461710230009e-19,0,4.88461710230009e-19,0,0
commonData,2,B,A,Affine,dimensionless state,study2_pilot_20260918/fits/A.mat,pilot,0,stationary,0.7,derived pilot,After 200 initialization transitions,200,NaN,held,clean,(dimensionless state)^2,NaN,1,0.1,29,29,0,0.00247059025939115,0.000207932299513609,0.0144198578187723,0,0,0,0.00247059025939115,0.000207932299513609,0.0144198578187723,0,0,0,0,0,0,0.00247059025939115,0.000207932299513609,0.0144198578187723,0,0,0,0,0,0,0,0,0,0
commonData,2,B,A,Affine,dimensionless state,study2_pilot_20260918/fits/A.mat,pilot,0,stationary,0.7,derived pilot,After 200 initialization transitions,200,NaN,held,clean,(dimensionless state)^2,NaN,2,0.2,29,29,0,0.00396725054835454,0.000559896003303107,0.0236621216991019,3.58908305374512e-18,7.98596813146776e-34,2.825945528751e-17,0.00396725054835454,0.000559896003303107,0.0236621216991019,0,0,0,0,0,0,0.00396725054835454,0.000559896003303107,0.0236621216991019,6.59824112041739e-19,6.59824112041739e-19,-1.17723025798987e-19,-1.17723025798987e-19,0,5.62871804585731e-20,0,5.62871804585731e-20,0,0
commonData,2,B,A,Affine,dimensionless state,study2_pilot_20260918/fits/A.mat,pilot,0,stationary,0.7,derived pilot,After 200 initialization transitions,200,NaN,held,clean,(dimensionless state)^2,NaN,5,0.5,29,29,0,0.00573306308895435,0.00128407260950177,0.0358339588868125,1.16047018737759e-17,4.39933868115524e-33,6.63275107414355e-17,0.00573306308895436,0.00128407260950177,0.0358339588868125,0,0,0,0,0,0,0.00573306308895436,0.00128407260950177,0.0358339588868125,2.72653180861144e-18,2.72653180861144e-18,-1.24446594646238e-19,-1.24446594646238e-19,0,3.46435406298627e-19,0,3.46435406298627e-19,0,0
commonData,2,B,A,Affine,dimensionless state,study2_pilot_20260918/fits/A.mat,pilot,0,stationary,0.7,derived pilot,After 200 initialization transitions,200,NaN,held,clean,(dimensionless state)^2,NaN,10,1,29,29,0,0.00615786723810157,0.00157890728270988,0.0397354663079456,2.17737705260537e-17,4.22625402882561e-33,6.50096456598989e-17,0.0061578672381016,0.00157890728270988,0.0397354663079457,0,0,0,0,0,0,0.0061578672381016,0.00157890728270988,0.0397354663079457,2.95801302880085e-18,2.95801302880085e-18,2.9459348865566e-19,2.9459348865566e-19,0,3.85983531136397e-19,0,3.85983531136397e-19,0,0
commonData,2,B,A,Affine,dimensionless state,study2_pilot_20260918/fits/A.mat,pilot,0,stationary,0.7,derived pilot,After 200 initialization transitions,200,NaN,held,clean,(dimensionless state)^2,NaN,20,2,29,29,0,0.00617988907841394,0.00161664964396527,0.0402075819213897,1.13654296701929e-17,6.21901042171421e-33,7.8860702645324e-17,0.00617988907841395,0.00161664964396527,0.0402075819213898,0,0,0,0,0,0,0.00617988907841395,0.00161664964396527,0.0402075819213898,3.84491223725866e-18,3.84491223725866e-18,4.91896452683355e-19,4.91896452683355e-19,0,1.32565060704864e-19,0,1.32565060704864e-19,0,0
commonData,2,B,A,Affine,dimensionless state,study2_pilot_20260918/fits/A.mat,pilot,0,stationary,0.7,derived pilot,After 200 initialization transitions,200,NaN,rateLimited,clean,(dimensionless state)^2,NaN,1,0.1,29,29,0,0.00247059025939115,0.000207932299513609,0.0144198578187723,0,0,0,0.00247059025939115,0.000207932299513609,0.0144198578187723,0,0,0,0,0,0,0.00247059025939115,0.000207932299513609,0.0144198578187723,0,0,0,0,0,0,0,0,0,0
commonData,2,B,A,Affine,dimensionless state,study2_pilot_20260918/fits/A.mat,pilot,0,stationary,0.7,derived pilot,After 200 initialization transitions,200,NaN,rateLimited,clean,(dimensionless state)^2,NaN,2,0.2,29,29,0,0.0035104230972929,0.00039783460735735,0.0199457917204946,9.57088814332032e-18,6.10984672012502e-34,2.47181041346723e-17,0.00351042309729291,0.000397834607357351,0.0199457917204946,0,0,0,0,0,0,0.00351042309729291,0.000397834607357351,0.0199457917204946,4.33855509735456e-19,4.33855509735456e-19,1.08245576507296e-19,1.08245576507296e-19,0,6.70334088434958e-20,0,6.70334088434958e-20,0,0
commonData,2,B,A,Affine,dimensionless state,study2_pilot_20260918/fits/A.mat,pilot,0,stationary,0.7,derived pilot,After 200 initialization transitions,200,NaN,rateLimited,clean,(dimensionless state)^2,NaN,5,0.5,29,29,0,0.000725982024854401,0.000843072146938249,0.0290357046916077,1.29206989934824e-17,2.37088617291808e-33,4.86917464558223e-17,0.000725982024854414,0.00084307214693825,0.0290357046916077,0,0,0,0,0,0,0.000725982024854414,0.00084307214693825,0.0290357046916077,4.88607599579477e-19,4.88607599579477e-19,5.34934866632733e-20,5.34934866632733e-20,0,7.75105967624128e-20,0,7.75105967624128e-20,0,0
commonData,2,B,A,Affine,dimensionless state,study2_pilot_20260918/fits/A.mat,pilot,0,stationary,0.7,derived pilot,After 200 initialization transitions,200,NaN,rateLimited,clean,(dimensionless state)^2,NaN,10,1,29,29,0,-0.000667748201962702,0.00127673483309181,0.0357314264071813,9.0923437361543e-18,6.31572199004228e-33,7.94715168474988e-17,-0.000667748201962693,0.00127673483309182,0.0357314264071813,0,0,0,0,0,0,-0.000667748201962693,0.00127673483309182,0.0357314264071813,1.39085435415009e-18,1.39085435415009e-18,1.27028687329613e-19,1.27028687329613e-19,0,1.54837052294348e-19,0,1.54837052294348e-19,0,0
commonData,2,B,A,Affine,dimensionless state,study2_pilot_20260918/fits/A.mat,pilot,0,stationary,0.7,derived pilot,After 200 initialization transitions,200,NaN,rateLimited,clean,(dimensionless state)^2,NaN,20,2,29,29,0,0.00671662596049199,0.00124963238385276,0.0353501397996212,5.50326068240918e-18,5.10205406819136e-33,7.1428664191565e-17,0.006716625960492,0.00124963238385276,0.0353501397996212,0,0,0,0,0,0,0.006716625960492,0.00124963238385276,0.0353501397996212,-5.34918608112796e-20,-5.34918608112796e-20,-1.63348573685826e-19,-1.63348573685826e-19,0,3.25877600782466e-19,0,3.25877600782466e-19,0,0
commonData,2,B,E,Exact sine,dimensionless state,study2_pilot_20260918/fits/E.mat,pilot,0,stationary,0.7,derived pilot,After 25 initialization transitions,25,NaN,held,clean,(dimensionless state)^2,NaN,1,0.1,29,29,0,-6.54578149131934e-05,1.5571847715766e-08,0.000124787209744292,7.17816610749024e-19,7.47127995667462e-36,2.7333642195424e-18,-6.54578149131927e-05,1.55718477157659e-08,0.000124787209744292,0,0,0,0,0,0,-6.54578149131927e-05,1.55718477157659e-08,0.000124787209744292,-7.92652990268314e-23,-7.92652990268314e-23,-1.44039778266712e-25,-1.44039778266712e-25,0,4.92854326160314e-25,0,4.92854326160314e-25,0,0
commonData,2,B,E,Exact sine,dimensionless state,study2_pilot_20260918/fits/E.mat,pilot,0,stationary,0.7,derived pilot,After 25 initialization transitions,25,NaN,held,clean,(dimensionless state)^2,NaN,2,0.2,29,29,0,-0.000113651748490414,4.03292453451981e-08,0.00020082142650922,9.69052424511182e-18,2.23183735150219e-33,4.72423258477204e-17,-0.000113651748490404,4.03292453451886e-08,0.000200821426509196,0,0,0,0,0,0,-0.000113651748490404,4.03292453451886e-08,0.000200821426509196,-9.47638499964396e-21,-9.47638499964396e-21,2.03902234246845e-25,2.03902234246845e-25,0,2.18287798837416e-23,0,2.18287798837416e-23,0,0
commonData,2,B,E,Exact sine,dimensionless state,study2_pilot_20260918/fits/E.mat,pilot,0,stationary,0.7,derived pilot,After 25 initialization transitions,25,NaN,held,clean,(dimensionless state)^2,NaN,5,0.5,29,29,0,-0.000191659430941663,8.98934603473248e-08,0.000299822381331556,-4.90508017345166e-18,1.01381118300988e-32,1.00688191115437e-16,-0.000191659430941668,8.98934603473048e-08,0.000299822381331522,0,0,0,0,0,0,-0.000191659430941668,8.98934603473048e-08,0.000299822381331522,-1.99549992575069e-20,-1.99549992575069e-20,1.00203276181487e-23,1.00203276181487e-23,0,1.85783705000296e-23,0,1.85783705000296e-23,0,0
commonData,2,B,E,Exact sine,dimensionless state,study2_pilot_20260918/fits/E.mat,pilot,0,stationary,0.7,derived pilot,After 25 initialization transitions,25,NaN,held,clean,(dimensionless state)^2,NaN,10,1,29,29,0,-0.000226607815812779,1.12977166441716e-07,0.000336120761693942,5.74253288599219e-18,1.12085802194467e-32,1.05870582408178e-16,-0.000226607815812773,1.12977166441686e-07,0.000336120761693898,0,0,0,0,0,0,-0.000226607815812773,1.12977166441686e-07,0.000336120761693898,-2.92324940761249e-20,-2.92324940761249e-20,-3.37749396055186e-24,-3.37749396055186e-24,0,1.07577983096602e-23,0,1.07577983096602e-23,0,0
commonData,2,B,E,Exact sine,dimensionless state,study2_pilot_20260918/fits/E.mat,pilot,0,stationary,0.7,derived pilot,After 25 initialization transitions,25,NaN,held,clean,(dimensionless state)^2,NaN,20,2,29,29,0,-0.00023294602192309,1.16910575190232e-07,0.000341921884631902,-6.1014411913667e-18,1.03282143978853e-32,1.01627822951617e-16,-0.000232946021923096,1.16910575190212e-07,0.000341921884631874,0,0,0,0,0,0,-0.000232946021923096,1.16910575190212e-07,0.000341921884631874,-1.93811006097175e-20,-1.93811006097175e-20,1.84568310658706e-23,1.84568310658706e-23,0,2.47040680004948e-23,0,2.47040680004948e-23,0,0
commonData,2,B,E,Exact sine,dimensionless state,study2_pilot_20260918/fits/E.mat,pilot,0,stationary,0.7,derived pilot,After 25 initialization transitions,25,NaN,rateLimited,clean,(dimensionless state)^2,NaN,1,0.1,29,29,0,-6.54578149131934e-05,1.5571847715766e-08,0.000124787209744292,7.17816610749024e-19,7.47127995667462e-36,2.7333642195424e-18,-6.54578149131927e-05,1.55718477157659e-08,0.000124787209744292,0,0,0,0,0,0,-6.54578149131927e-05,1.55718477157659e-08,0.000124787209744292,-7.92652990268314e-23,-7.92652990268314e-23,-1.44039778266712e-25,-1.44039778266712e-25,0,4.92854326160314e-25,0,4.92854326160314e-25,0,0
commonData,2,B,E,Exact sine,dimensionless state,study2_pilot_20260918/fits/E.mat,pilot,0,stationary,0.7,derived pilot,After 25 initialization transitions,25,NaN,rateLimited,clean,(dimensionless state)^2,NaN,2,0.2,29,29,0,-0.000113135626102262,4.21842626525315e-08,0.000205388078165534,-0.000413110735962031,5.99467856417828e-06,0.00244840326829105,-0.000526246362064293,5.52713002517702e-06,0.00235098490534861,0,0,0,0,0,0,-0.000526246362064293,5.52713002517702e-06,0.00235098490534861,-5.09732801653795e-07,-5.09732801653795e-07,1.05879118406788e-21,1.05879118406788e-21,0,3.59989002583078e-21,0,3.59989002583078e-21,0,0
commonData,2,B,E,Exact sine,dimensionless state,study2_pilot_20260918/fits/E.mat,pilot,0,stationary,0.7,derived pilot,After 25 initialization transitions,25,NaN,rateLimited,clean,(dimensionless state)^2,NaN,5,0.5,29,29,0,-0.000198502168338718,7.24066878312925e-08,0.00026908490821912,-0.00553322111958791,0.000483340065740069,0.0219849963779863,-0.00573172328792662,0.00048146223681705,0.0219422477612721,0,0,0,0,0,0,-0.00573172328792662,0.00048146223681705,0.0219422477612721,-1.95023561085025e-06,-1.95023561085025e-06,-9.44441736188545e-20,-9.44441736188545e-20,0,2.91802850329106e-19,0,2.91802850329106e-19,0,0
commonData,2,B,E,Exact sine,dimensionless state,study2_pilot_20260918/fits/E.mat,pilot,0,stationary,0.7,derived pilot,After 25 initialization transitions,25,NaN,rateLimited,clean,(dimensionless state)^2,NaN,10,1,29,29,0,-0.000262673491833191,1.22570679748767e-07,0.000350100956509357,-0.00157396453322242,0.00087432888963973,0.029569052904003,-0.00183663802505562,0.00086867629829455,0.0294733150204477,0,0,0,0,0,0,-0.00183663802505562,0.00086867629829455,0.0294733150204477,-5.77516202492903e-06,-5.77516202492903e-06,0,0,0,2.3039296165317e-19,0,2.3039296165317e-19,0,0
commonData,2,B,E,Exact sine,dimensionless state,study2_pilot_20260918/fits/E.mat,pilot,0,stationary,0.7,derived pilot,After 25 initialization transitions,25,NaN,rateLimited,clean,(dimensionless state)^2,NaN,20,2,29,29,0,-0.000207774772697196,9.35825881063709e-08,0.000305912713214686,0.00459041107929184,0.00281673223892632,0.0530728955204662,0.00438263630659464,0.00281912588724735,0.0530954413038196,0,0,0,0,0,0,0.00438263630659464,0.00281912588724735,0.0530954413038196,2.30006573291881e-06,2.30006573291881e-06,-3.55330321373179e-19,-3.55330321373179e-19,0,2.98155597433514e-19,0,2.98155597433514e-19,0,0
commonData,2,B,E,Exact sine,dimensionless state,study2_pilot_20260918/fits/E.mat,pilot,0,stationary,0.7,derived pilot,After 50 initialization transitions,50,NaN,held,clean,(dimensionless state)^2,NaN,1,0.1,29,29,0,1.1406680421982e-05,2.13751800370158e-09,4.62332997275944e-05,-8.37452712540528e-19,2.2123290093931e-34,1.48738999909005e-17,1.14066804219812e-05,2.13751800370194e-09,4.62332997275983e-05,0,0,0,0,0,0,1.14066804219812e-05,2.13751800370194e-09,4.62332997275983e-05,3.63474417509798e-22,3.63474417509798e-22,-3.42128599240152e-25,-3.42128599240152e-25,0,3.49479700687231e-25,0,3.49479700687231e-25,0,0
commonData,2,B,E,Exact sine,dimensionless state,study2_pilot_20260918/fits/E.mat,pilot,0,stationary,0.7,derived pilot,After 50 initialization transitions,50,NaN,held,clean,(dimensionless state)^2,NaN,2,0.2,29,29,0,1.6341770163836e-05,5.10376665687523e-09,7.14406512909508e-05,9.45125204152881e-18,2.94908022734295e-33,5.43054346022841e-17,1.63417701638455e-05,5.10376665688007e-09,7.14406512909846e-05,0,0,0,0,0,0,1.63417701638455e-05,5.10376665688007e-09,7.14406512909846e-05,4.83357640310419e-21,4.83357640310419e-21,4.67096652755473e-25,4.67096652755473e-25,0,1.08771220942743e-24,0,1.08771220942743e-24,0,0
commonData,2,B,E,Exact sine,dimensionless state,study2_pilot_20260918/fits/E.mat,pilot,0,stationary,0.7,derived pilot,After 50 initialization transitions,50,NaN,held,clean,(dimensionless state)^2,NaN,5,0.5,29,29,0,1.72425586772107e-05,9.54016225498241e-09,9.76737541767614e-05,1.5193784927521e-17,9.11039576494729e-33,9.54483932025432e-17,1.72425586772259e-05,9.54016225499451e-09,9.76737541768233e-05,0,0,0,0,0,0,1.72425586772259e-05,9.54016225499451e-09,9.76737541768233e-05,1.21034380253955e-20,1.21034380253955e-20,-1.31302528723027e-25,-1.31302528723027e-25,0,2.38828446405494e-24,0,2.38828446405494e-24,0,0
commonData,2,B,E,Exact sine,dimensionless state,study2_pilot_20260918/fits/E.mat,pilot,0,stationary,0.7,derived pilot,After 50 initialization transitions,50,NaN,held,clean,(dimensionless state)^2,NaN,10,1,29,29,0,1.36578577665476e-05,1.08429735037099e-08,0.000104129599556081,1.17243379755674e-17,1.77293473371889e-32,1.33151595323484e-16,1.36578577665593e-05,1.08429735037271e-08,0.000104129599556164,0,0,0,0,0,0,1.36578577665593e-05,1.08429735037271e-08,0.000104129599556164,1.72162769401996e-20,1.72162769401996e-20,2.31469068651023e-24,2.31469068651023e-24,0,2.74655663890993e-24,0,2.74655663890993e-24,0,0
commonData,2,B,E,Exact sine,dimensionless state,study2_pilot_20260918/fits/E.mat,pilot,0,stationary,0.7,derived pilot,After 50 initialization transitions,50,NaN,held,clean,(dimensionless state)^2,NaN,20,2,29,29,0,1.23960499153834e-05,1.09802952129221e-08,0.000104786903823532,-3.94799135911963e-18,1.22093166625324e-32,1.10495776672832e-16,1.23960499153794e-05,1.09802952129358e-08,0.000104786903823597,0,0,0,0,0,0,1.23960499153794e-05,1.09802952129358e-08,0.000104786903823597,1.36968345583892e-20,1.36968345583892e-20,2.9307467018821e-24,2.9307467018821e-24,0,2.86160799600213e-24,0,2.86160799600213e-24,0,0
commonData,2,B,E,Exact sine,dimensionless state,study2_pilot_20260918/fits/E.mat,pilot,0,stationary,0.7,derived pilot,After 50 initialization transitions,50,NaN,rateLimited,clean,(dimensionless state)^2,NaN,1,0.1,29,29,0,1.1406680421982e-05,2.13751800370158e-09,4.62332997275944e-05,-8.37452712540528e-19,2.2123290093931e-34,1.48738999909005e-17,1.14066804219812e-05,2.13751800370194e-09,4.62332997275983e-05,0,0,0,0,0,0,1.14066804219812e-05,2.13751800370194e-09,4.62332997275983e-05,3.63474417509798e-22,3.63474417509798e-22,-3.42128599240152e-25,-3.42128599240152e-25,0,3.49479700687231e-25,0,3.49479700687231e-25,0,0
commonData,2,B,E,Exact sine,dimensionless state,study2_pilot_20260918/fits/E.mat,pilot,0,stationary,0.7,derived pilot,After 50 initialization transitions,50,NaN,rateLimited,clean,(dimensionless state)^2,NaN,2,0.2,29,29,0,1.66491066515844e-05,5.61598861716015e-09,7.49399000343619e-05,-0.000413094315327742,5.99420201172158e-06,0.00244830594732798,-0.000396445208676157,5.73114489975697e-06,0.00239398097314013,0,0,0,0,0,0,-0.000396445208676157,5.73114489975697e-06,0.00239398097314013,-2.68673100581767e-07,-2.68673100581767e-07,-2.11758236813575e-22,-2.11758236813575e-22,0,2.11758236813575e-21,0,2.11758236813575e-21,0,0
commonData,2,B,E,Exact sine,dimensionless state,study2_pilot_20260918/fits/E.mat,pilot,0,stationary,0.7,derived pilot,After 50 initialization transitions,50,NaN,rateLimited,clean,(dimensionless state)^2,NaN,5,0.5,29,29,0,1.47208415802391e-05,6.13666487316417e-09,7.8336867904992e-05,-0.00553386948260062,0.000483448313830721,0.0219874581029895,-0.00551914864102038,0.000481588287402801,0.0219451198994856,0,0,0,0,0,0,-0.00551914864102038,0.000481588287402801,0.0219451198994856,-1.86616309279323e-06,-1.86616309279323e-06,1.58818677610181e-19,1.58818677610181e-19,0,1.98205709657506e-19,0,1.98205709657506e-19,0,0
commonData,2,B,E,Exact sine,dimensionless state,study2_pilot_20260918/fits/E.mat,pilot,0,stationary,0.7,derived pilot,After 50 initialization transitions,50,NaN,rateLimited,clean,(dimensionless state)^2,NaN,10,1,29,29,0,-8.41708190874705e-07,9.14019832310767e-09,9.56043844345418e-05,-0.00157509575971996,0.000874847476016163,0.0295778206772602,-0.00157593746791084,0.000872126565194034,0.0295317890618573,0,0,0,0,0,0,-0.00157593746791084,0.000872126565194034,0.0295317890618573,-2.73005102045283e-06,-2.73005102045283e-06,3.80741309790808e-19,3.80741309790808e-19,0,2.92226366802734e-19,0,2.92226366802734e-19,0,0
commonData,2,B,E,Exact sine,dimensionless state,study2_pilot_20260918/fits/E.mat,pilot,0,stationary,0.7,derived pilot,After 50 initialization transitions,50,NaN,rateLimited,clean,(dimensionless state)^2,NaN,20,2,29,29,0,2.3072083056218e-05,9.26032481343122e-09,9.62305814875459e-05,0.00459102331939733,0.00281858595710572,0.0530903565358693,0.00461409540245355,0.00282051552598551,0.0531085259255565,0,0,0,0,0,0,0.00461409540245355,0.00282051552598551,0.0531085259255565,1.92030855497371e-06,1.92030855497371e-06,2.65544828964223e-19,2.65544828964223e-19,0,3.18484388167617e-18,0,3.18484388167617e-18,0,0
commonData,2,B,E,Exact sine,dimensionless state,study2_pilot_20260918/fits/E.mat,pilot,0,stationary,0.7,derived pilot,After 100 initialization transitions,100,NaN,held,clean,(dimensionless state)^2,NaN,1,0.1,29,29,0,-8.76320068686379e-06,6.70554205921161e-10,2.58950614195286e-05,2.87126644299609e-18,4.5159736627011e-34,2.12508203669908e-17,-8.76320068686092e-06,6.70554205920777e-10,2.58950614195212e-05,0,0,0,0,0,0,-8.76320068686092e-06,6.70554205920777e-10,2.58950614195212e-05,-3.83473726983175e-22,-3.83473726983175e-22,-1.31282088743609e-25,-1.31282088743609e-25,0,3.17532624370256e-25,0,3.17532624370256e-25,0,0
commonData,2,B,E,Exact sine,dimensionless state,study2_pilot_20260918/fits/E.mat,pilot,0,stationary,0.7,derived pilot,After 100 initialization transitions,100,NaN,held,clean,(dimensionless state)^2,NaN,2,0.2,29,29,0,-1.58243839430281e-05,1.67666346588578e-09,4.0947081286531e-05,1.30403350952739e-17,2.14550256089173e-33,4.6319569955816e-17,-1.58243839430151e-05,1.67666346588566e-09,4.09470812865295e-05,0,0,0,0,0,0,-1.58243839430151e-05,1.67666346588566e-09,4.09470812865295e-05,-1.20283525940264e-22,-1.20283525940264e-22,-7.12531883470805e-26,-7.12531883470805e-26,0,3.43470642104859e-25,0,3.43470642104859e-25,0,0
commonData,2,B,E,Exact sine,dimensionless state,study2_pilot_20260918/fits/E.mat,pilot,0,stationary,0.7,derived pilot,After 100 initialization transitions,100,NaN,held,clean,(dimensionless state)^2,NaN,5,0.5,29,29,0,-2.85016726070436e-05,3.52225984478941e-09,5.93486296791207e-05,1.16047018737759e-17,3.39237617143898e-33,5.82441084697756e-17,-2.8501672607032e-05,3.5222598447916e-09,5.93486296791391e-05,0,0,0,0,0,0,-2.8501672607032e-05,3.5222598447916e-09,5.93486296791391e-05,2.19054501565404e-21,2.19054501565404e-21,2.4283668926518e-25,2.4283668926518e-25,0,1.22858968618372e-24,0,1.22858968618372e-24,0,0
commonData,2,B,E,Exact sine,dimensionless state,study2_pilot_20260918/fits/E.mat,pilot,0,stationary,0.7,derived pilot,After 100 initialization transitions,100,NaN,held,clean,(dimensionless state)^2,NaN,10,1,29,29,0,-3.4884883051878e-05,4.33457045920446e-09,6.58374548354085e-05,6.1014411913667e-18,6.88727490672789e-33,8.2989607221193e-17,-3.48848830518719e-05,4.33457045921004e-09,6.58374548354509e-05,0,0,0,0,0,0,-3.48848830518719e-05,4.33457045921004e-09,6.58374548354509e-05,5.58315700457322e-21,5.58315700457322e-21,3.12130152831309e-25,3.12130152831309e-25,0,7.8450757631555e-25,0,7.8450757631555e-25,0,0
commonData,2,B,E,Exact sine,dimensionless state,study2_pilot_20260918/fits/E.mat,pilot,0,stationary,0.7,derived pilot,After 100 initialization transitions,100,NaN,held,clean,(dimensionless state)^2,NaN,20,2,29,29,0,-3.61509592284961e-05,4.47357368845133e-09,6.68847791986438e-05,1.38777878078145e-17,5.7869213975532e-33,7.607181736723e-17,-3.61509592284822e-05,4.47357368845523e-09,6.68847791986729e-05,0,0,0,0,0,0,-3.61509592284822e-05,4.47357368845523e-09,6.68847791986729e-05,3.89767283191841e-21,3.89767283191841e-21,2.21442567289734e-27,2.21442567289734e-27,0,9.18811379622508e-25,0,9.18811379622508e-25,0,0
commonData,2,B,E,Exact sine,dimensionless state,study2_pilot_20260918/fits/E.mat,pilot,0,stationary,0.7,derived pilot,After 100 initialization transitions,100,NaN,rateLimited,clean,(dimensionless state)^2,NaN,1,0.1,29,29,0,-8.76320068686379e-06,6.70554205921161e-10,2.58950614195286e-05,2.87126644299609e-18,4.5159736627011e-34,2.12508203669908e-17,-8.76320068686092e-06,6.70554205920777e-10,2.58950614195212e-05,0,0,0,0,0,0,-8.76320068686092e-06,6.70554205920777e-10,2.58950614195212e-05,-3.83473726983175e-22,-3.83473726983175e-22,-1.31282088743609e-25,-1.31282088743609e-25,0,3.17532624370256e-25,0,3.17532624370256e-25,0,0
commonData,2,B,E,Exact sine,dimensionless state,study2_pilot_20260918/fits/E.mat,pilot,0,stationary,0.7,derived pilot,After 100 initialization transitions,100,NaN,rateLimited,clean,(dimensionless state)^2,NaN,2,0.2,29,29,0,-1.56388321088237e-05,1.83651562547388e-09,4.28545869828876e-05,-0.000413084737184502,5.99392404779109e-06,0.00244824918008586,-0.000428723569293326,5.86994896382051e-06,0.00242279775545143,0,0,0,0,0,0,-0.000428723569293326,5.86994896382051e-06,0.00242279775545143,-1.25811599596058e-07,-1.25811599596058e-07,-5.29395592033938e-22,-5.29395592033938e-22,0,4.02340649945793e-21,0,4.02340649945793e-21,0,0
commonData,2,B,E,Exact sine,dimensionless state,study2_pilot_20260918/fits/E.mat,pilot,0,stationary,0.7,derived pilot,After 100 initialization transitions,100,NaN,rateLimited,clean,(dimensionless state)^2,NaN,5,0.5,29,29,0,-2.97981786835349e-05,2.64694103535085e-09,5.144843083468e-05,-0.0055340441964822,0.000483477085954503,0.021988112378158,-0.00556384237516574,0.000482892717351864,0.0219748200755288,0,0,0,0,0,0,-0.00556384237516574,0.000482892717351864,0.0219748200755288,-5.87015543674269e-07,-5.87015543674269e-07,2.0106444585449e-19,2.0106444585449e-19,0,1.46536699874994e-19,0,1.46536699874994e-19,0,0
commonData,2,B,E,Exact sine,dimensionless state,study2_pilot_20260918/fits/E.mat,pilot,0,stationary,0.7,derived pilot,After 100 initialization transitions,100,NaN,rateLimited,clean,(dimensionless state)^2,NaN,10,1,29,29,0,-4.26237408186069e-05,4.47920547706288e-09,6.69268666311435e-05,-0.00157547607236266,0.000875012243618243,0.0295806058696951,-0.00161809981318127,0.000873675618669143,0.029558004307956,0,0,0,0,0,0,-0.00161809981318127,0.000873675618669143,0.029558004307956,-1.34110415457647e-06,-1.34110415457647e-06,1.51830655795333e-19,1.51830655795333e-19,0,2.45851312940561e-19,0,2.45851312940561e-19,0,0
commonData,2,B,E,Exact sine,dimensionless state,study2_pilot_20260918/fits/E.mat,pilot,0,stationary,0.7,derived pilot,After 100 initialization transitions,100,NaN,rateLimited,clean,(dimensionless state)^2,NaN,20,2,29,29,0,-3.03329203367508e-05,3.47788555150756e-09,5.89736004624744e-05,0.00459119408735303,0.00281918073052457,0.0530959577606862,0.00456086116701628,0.00281982114494891,0.0531019881449735,0,0,0,0,0,0,0.00456086116701628,0.00281982114494891,0.0531019881449735,6.36936538787602e-07,6.36936538787602e-07,3.65071200266603e-19,3.65071200266603e-19,0,4.17248429817468e-18,0,4.17248429817468e-18,0,0
commonData,2,B,E,Exact sine,dimensionless state,study2_pilot_20260918/fits/E.mat,pilot,0,stationary,0.7,derived pilot,After 200 initialization transitions,200,NaN,held,clean,(dimensionless state)^2,NaN,1,0.1,29,29,0,-2.02700591129288e-06,2.37273388135705e-10,1.54036809930518e-05,1.19636101791504e-19,4.15071108704146e-37,6.44260125030368e-19,-2.02700591129276e-06,2.37273388135703e-10,1.54036809930517e-05,0,0,0,0,0,0,-2.02700591129276e-06,2.37273388135703e-10,1.54036809930517e-05,-1.74175311477254e-24,-1.74175311477254e-24,3.56931013815078e-26,3.56931013815078e-26,0,1.12417437244663e-27,0,1.12417437244663e-27,0,0
commonData,2,B,E,Exact sine,dimensionless state,study2_pilot_20260918/fits/E.mat,pilot,0,stationary,0.7,derived pilot,After 200 initialization transitions,200,NaN,held,clean,(dimensionless state)^2,NaN,2,0.2,29,29,0,-4.16031088599624e-06,5.83515082687922e-10,2.41560568530528e-05,-1.55526932328955e-18,6.71169982774604e-34,2.59069485423236e-17,-4.1603108859978e-06,5.83515082688314e-10,2.4156056853061e-05,0,0,0,0,0,0,-4.1603108859978e-06,5.83515082688314e-10,2.4156056853061e-05,3.92780533872514e-22,3.92780533872514e-22,2.68595129336559e-26,2.68595129336559e-26,0,8.77116598700238e-26,0,8.77116598700238e-26,0,0
commonData,2,B,E,Exact sine,dimensionless state,study2_pilot_20260918/fits/E.mat,pilot,0,stationary,0.7,derived pilot,After 200 initialization transitions,200,NaN,held,clean,(dimensionless state)^2,NaN,5,0.5,29,29,0,-8.92558197927107e-06,1.17750090464592e-09,3.43147330551458e-05,-1.74668708615596e-17,4.39477289895949e-33,6.62930833417748e-17,-8.92558197928854e-06,1.1775009046483e-09,3.43147330551805e-05,0,0,0,0,0,0,-8.92558197928854e-06,1.1775009046483e-09,3.43147330551805e-05,2.38289560551237e-21,2.38289560551237e-21,4.94409537253186e-27,4.94409537253186e-27,0,4.7597446204133e-25,0,4.7597446204133e-25,0,0
commonData,2,B,E,Exact sine,dimensionless state,study2_pilot_20260918/fits/E.mat,pilot,0,stationary,0.7,derived pilot,After 200 initialization transitions,200,NaN,held,clean,(dimensionless state)^2,NaN,10,1,29,29,0,-1.1799710154289e-05,1.41198665356871e-09,3.75764108659769e-05,-2.05774095081387e-17,5.50467304363438e-33,7.41934838354042e-17,-1.17997101543096e-05,1.41198665357159e-09,3.75764108660153e-05,0,0,0,0,0,0,-1.17997101543096e-05,1.41198665357159e-09,3.75764108660153e-05,2.88684500064737e-21,2.88684500064737e-21,2.22132310332995e-25,2.22132310332995e-25,0,5.57751296372758e-25,0,5.57751296372758e-25,0,0
commonData,2,B,E,Exact sine,dimensionless state,study2_pilot_20260918/fits/E.mat,pilot,0,stationary,0.7,derived pilot,After 200 initialization transitions,200,NaN,held,clean,(dimensionless state)^2,NaN,20,2,29,29,0,-1.24346182162641e-05,1.44852152359944e-09,3.80594472319218e-05,3.70871915553662e-18,5.71096338466034e-33,7.55709162618817e-17,-1.24346182162604e-05,1.44852152360117e-09,3.80594472319445e-05,0,0,0,0,0,0,-1.24346182162604e-05,1.44852152360117e-09,3.80594472319445e-05,1.7332965948861e-21,1.7332965948861e-21,6.03787130567528e-26,6.03787130567528e-26,0,2.33915636391931e-25,0,2.33915636391931e-25,0,0
commonData,2,B,E,Exact sine,dimensionless state,study2_pilot_20260918/fits/E.mat,pilot,0,stationary,0.7,derived pilot,After 200 initialization transitions,200,NaN,rateLimited,clean,(dimensionless state)^2,NaN,1,0.1,29,29,0,-2.02700591129288e-06,2.37273388135705e-10,1.54036809930518e-05,1.19636101791504e-19,4.15071108704146e-37,6.44260125030368e-19,-2.02700591129276e-06,2.37273388135703e-10,1.54036809930517e-05,0,0,0,0,0,0,-2.02700591129276e-06,2.37273388135703e-10,1.54036809930517e-05,-1.74175311477254e-24,-1.74175311477254e-24,3.56931013815078e-26,3.56931013815078e-26,0,1.12417437244663e-27,0,1.12417437244663e-27,0,0
commonData,2,B,E,Exact sine,dimensionless state,study2_pilot_20260918/fits/E.mat,pilot,0,stationary,0.7,derived pilot,After 200 initialization transitions,200,NaN,rateLimited,clean,(dimensionless state)^2,NaN,2,0.2,29,29,0,-4.08448650869754e-06,6.24568190866378e-10,2.4991362325139e-05,-0.000413076107318053,5.9936736089868e-06,0.0024481980330412,-0.00041716059382675,5.91095952555157e-06,0.00243124649625487,0,0,0,0,0,0,-0.00041716059382675,5.91095952555157e-06,0.00243124649625487,-8.33386516261017e-08,-8.33386516261017e-08,9.39677175860239e-22,9.39677175860239e-22,0,2.91167575618666e-21,0,2.91167575618666e-21,0,0
commonData,2,B,E,Exact sine,dimensionless state,study2_pilot_20260918/fits/E.mat,pilot,0,stationary,0.7,derived pilot,After 200 initialization transitions,200,NaN,rateLimited,clean,(dimensionless state)^2,NaN,5,0.5,29,29,0,-9.90249658694563e-06,7.80734745491361e-10,2.79416310456523e-05,-0.00553407840754851,0.000483482196031861,0.0219882285787614,-0.00554398090413546,0.000482997027068594,0.0219771933392004,0,0,0,0,0,0,-0.00554398090413546,0.000482997027068594,0.0219771933392004,-4.8594969801195e-07,-4.8594969801195e-07,2.10699445629507e-19,2.10699445629507e-19,0,4.30716253678812e-19,0,4.30716253678812e-19,0,0
commonData,2,B,E,Exact sine,dimensionless state,study2_pilot_20260918/fits/E.mat,pilot,0,stationary,0.7,derived pilot,After 200 initialization transitions,200,NaN,rateLimited,clean,(dimensionless state)^2,NaN,10,1,29,29,0,-1.6972340869842e-05,1.39324123242505e-09,3.73261467663762e-05,-0.0015756492956126,0.000875077226302397,0.0295817042494579,-0.00159262163648244,0.00087418316389791,0.0295665886415378,0,0,0,0,0,0,-0.00159262163648244,0.00087418316389791,0.0295665886415378,-8.95455645719714e-07,-8.95455645719714e-07,3.19225541996464e-19,3.19225541996464e-19,0,4.03187682893047e-19,0,4.03187682893047e-19,0,0
commonData,2,B,E,Exact sine,dimensionless state,study2_pilot_20260918/fits/E.mat,pilot,0,stationary,0.7,derived pilot,After 200 initialization transitions,200,NaN,rateLimited,clean,(dimensionless state)^2,NaN,20,2,29,29,0,-8.81507674697936e-06,1.11853445331797e-09,3.34444981023482e-05,0.00459123521254527,0.00281942171206152,0.0530982270142942,0.00458242013579829,0.00281994565673104,0.0531031605154631,0,0,0,0,0,0,0.00458242013579829,0.00281994565673104,0.0531031605154631,5.2282613506902e-07,5.2282613506902e-07,-9.16807286284373e-19,-9.16807286284373e-19,0,3.56770277383511e-18,0,3.56770277383511e-18,0,0
commonData,2,B,O3,Odd cubic,dimensionless state,study2_pilot_20260918/fits/O3.mat,pilot,0,stationary,0.7,derived pilot,After 25 initialization transitions,25,NaN,held,clean,(dimensionless state)^2,NaN,1,0.1,29,29,0,5.43726842921338e-07,7.97946368024124e-07,0.000893278438127846,0,0,0,5.43726842921338e-07,7.97946368024124e-07,0.000893278438127846,0,0,0,0,0,0,5.43726842921338e-07,7.97946368024124e-07,0.000893278438127846,0,0,0,0,0,0,0,0,0,0
commonData,2,B,O3,Odd cubic,dimensionless state,study2_pilot_20260918/fits/O3.mat,pilot,0,stationary,0.7,derived pilot,After 25 initialization transitions,25,NaN,held,clean,(dimensionless state)^2,NaN,2,0.2,29,29,0,-8.68602634570851e-07,2.17057440331432e-06,0.00147328693855417,3.82835525732813e-18,2.00562359725843e-33,4.4784189143697e-17,-8.68602634567022e-07,2.17057440331437e-06,0.00147328693855419,0,0,0,0,0,0,-8.68602634567022e-07,2.17057440331437e-06,0.00147328693855419,5.57856984681692e-20,5.57856984681692e-20,5.41992524239766e-22,5.41992524239766e-22,0,4.06862740325699e-22,0,4.06862740325699e-22,0,0
commonData,2,B,O3,Odd cubic,dimensionless state,study2_pilot_20260918/fits/O3.mat,pilot,0,stationary,0.7,derived pilot,After 25 initialization transitions,25,NaN,held,clean,(dimensionless state)^2,NaN,5,0.5,29,29,0,-6.86489107499694e-06,5.07736603299997e-06,0.00225330114121481,1.36385156042314e-17,8.51227829730462e-33,9.22620089598347e-17,-6.8648910749833e-06,5.07736603300021e-06,0.00225330114121486,0,0,0,0,0,0,-6.8648910749833e-06,5.07736603300021e-06,0.00225330114121486,2.37243924494371e-19,2.37243924494371e-19,1.61936663133306e-21,1.61936663133306e-21,0,1.5422684922687e-21,0,1.5422684922687e-21,0,0
commonData,2,B,O3,Odd cubic,dimensionless state,study2_pilot_20260918/fits/O3.mat,pilot,0,stationary,0.7,derived pilot,After 25 initialization transitions,25,NaN,held,clean,(dimensionless state)^2,NaN,10,1,29,29,0,-1.16400566029658e-05,6.31777619041528e-06,0.00251351868710286,7.41743831107324e-18,9.97083817329099e-33,9.98540844096574e-17,-1.16400566029583e-05,6.31777619041558e-06,0.00251351868710292,0,0,0,0,0,0,-1.16400566029583e-05,6.31777619041558e-06,0.00251351868710292,3.04573852278667e-19,3.04573852278667e-19,-4.89024214383518e-22,-4.89024214383518e-22,0,1.51685717429617e-21,0,1.51685717429617e-21,0,0
commonData,2,B,O3,Odd cubic,dimensionless state,study2_pilot_20260918/fits/O3.mat,pilot,0,stationary,0.7,derived pilot,After 25 initialization transitions,25,NaN,held,clean,(dimensionless state)^2,NaN,20,2,29,29,0,-1.28267439562457e-05,6.48746573865469e-06,0.00254705039970839,1.12457935684014e-17,1.02007875675131e-32,1.0099894834855e-16,-1.28267439562344e-05,6.48746573865493e-06,0.00254705039970844,0,0,0,0,0,0,-1.28267439562344e-05,6.48746573865493e-06,0.00254705039970844,2.4547347222653e-19,2.4547347222653e-19,1.66082477207176e-22,1.66082477207176e-22,0,1.18736945349995e-21,0,1.18736945349995e-21,0,0
commonData,2,B,O3,Odd cubic,dimensionless state,study2_pilot_20260918/fits/O3.mat,pilot,0,stationary,0.7,derived pilot,After 25 initialization transitions,25,NaN,rateLimited,clean,(dimensionless state)^2,NaN,1,0.1,29,29,0,5.43726842921338e-07,7.97946368024124e-07,0.000893278438127846,0,0,0,5.43726842921338e-07,7.97946368024124e-07,0.000893278438127846,0,0,0,0,0,0,5.43726842921338e-07,7.97946368024124e-07,0.000893278438127846,0,0,0,0,0,0,0,0,0,0
commonData,2,B,O3,Odd cubic,dimensionless state,study2_pilot_20260918/fits/O3.mat,pilot,0,stationary,0.7,derived pilot,After 25 initialization transitions,25,NaN,rateLimited,clean,(dimensionless state)^2,NaN,2,0.2,29,29,0,-2.89526014924717e-05,1.56876643000047e-06,0.00125250406386585,-0.000377348871530909,4.93622573520618e-06,0.00222176185384622,-0.000406301473023381,2.29685538309266e-06,0.00151553798470796,0,0,0,0,0,0,-0.000406301473023381,2.29685538309266e-06,0.00151553798470796,-4.20813678211399e-06,-4.20813678211399e-06,0,0,0,1.6940658945086e-21,0,1.6940658945086e-21,0,0
commonData,2,B,O3,Odd cubic,dimensionless state,study2_pilot_20260918/fits/O3.mat,pilot,0,stationary,0.7,derived pilot,After 25 initialization transitions,25,NaN,rateLimited,clean,(dimensionless state)^2,NaN,5,0.5,29,29,0,-0.000375636988953185,3.53416802257368e-06,0.0018799383028636,-0.00503388891024245,0.000398270500158802,0.01995671566563,-0.00540952589919564,0.000377445765880834,0.0194279635031785,0,0,0,0,0,0,-0.00540952589919564,0.000377445765880834,0.0194279635031785,-2.43589023005417e-05,-2.43589023005417e-05,-5.0821976835258e-20,-5.0821976835258e-20,0,1.21972744404619e-19,0,1.21972744404619e-19,0,0
commonData,2,B,O3,Odd cubic,dimensionless state,study2_pilot_20260918/fits/O3.mat,pilot,0,stationary,0.7,derived pilot,After 25 initialization transitions,25,NaN,rateLimited,clean,(dimensionless state)^2,NaN,10,1,29,29,0,-0.000404119868404857,4.6394078241314e-06,0.00215392846309514,-0.00141790099823009,0.000721753076239008,0.026865462516752,-0.00182202086663495,0.000697365526071343,0.0264076793011302,0,0,0,0,0,0,-0.00182202086663495,0.000697365526071343,0.0264076793011302,-2.90269579917965e-05,-2.90269579917965e-05,-8.470329472543e-20,-8.470329472543e-20,0,2.71050543121376e-19,0,2.71050543121376e-19,0,0
commonData,2,B,O3,Odd cubic,dimensionless state,study2_pilot_20260918/fits/O3.mat,pilot,0,stationary,0.7,derived pilot,After 25 initialization transitions,25,NaN,rateLimited,clean,(dimensionless state)^2,NaN,20,2,29,29,0,-2.50992630356637e-05,4.38022434365053e-06,0.00209289855073067,0.00436934097267776,0.00240693112691037,0.0490604843729694,0.00434424170964209,0.00245201915112741,0.0495178669888699,0,0,0,0,0,0,0.00434424170964209,0.00245201915112741,0.0495178669888699,4.07077998733896e-05,4.07077998733896e-05,-6.30192512757199e-19,-6.30192512757199e-19,0,4.01154803819637e-18,0,4.01154803819637e-18,0,0
commonData,2,B,O3,Odd cubic,dimensionless state,study2_pilot_20260918/fits/O3.mat,pilot,0,stationary,0.7,derived pilot,After 50 initialization transitions,50,NaN,held,clean,(dimensionless state)^2,NaN,1,0.1,29,29,0,0.000105568796794491,3.44899875298473e-07,0.000587281768232655,0,1.32822754785327e-35,3.64448562605653e-18,0.000105568796794491,3.44899875298472e-07,0.000587281768232654,0,0,0,0,0,0,0.000105568796794491,3.44899875298472e-07,0.000587281768232654,-9.13089062406502e-22,-9.13089062406502e-22,-3.9823003254599e-23,-3.9823003254599e-23,0,2.16465345933083e-23,0,2.16465345933083e-23,0,0
commonData,2,B,O3,Odd cubic,dimensionless state,study2_pilot_20260918/fits/O3.mat,pilot,0,stationary,0.7,derived pilot,After 50 initialization transitions,50,NaN,held,clean,(dimensionless state)^2,NaN,2,0.2,29,29,0,0.000177338044786321,9.40821216954073e-07,0.000969959389332395,-1.91417762866406e-18,3.58621437920382e-34,1.89373028153531e-17,0.000177338044786319,9.40821216954078e-07,0.000969959389332398,0,0,0,0,0,0,0.000177338044786319,9.40821216954078e-07,0.000969959389332398,5.20466743024993e-21,5.20466743024993e-21,-1.22469746724486e-22,-1.22469746724486e-22,0,2.6050165996512e-23,0,2.6050165996512e-23,0,0
commonData,2,B,O3,Odd cubic,dimensionless state,study2_pilot_20260918/fits/O3.mat,pilot,0,stationary,0.7,derived pilot,After 50 initialization transitions,50,NaN,held,clean,(dimensionless state)^2,NaN,5,0.5,29,29,0,0.000281326262495465,2.21475989625193e-06,0.00148820693999589,-1.77061430651426e-17,4.47612683626551e-33,6.69038626408484e-17,0.000281326262495447,2.21475989625202e-06,0.00148820693999592,0,0,0,0,0,0,0.000281326262495447,2.21475989625202e-06,0.00148820693999592,8.25937453605978e-20,8.25937453605978e-20,-4.31549476935106e-22,-4.31549476935106e-22,0,3.86937427729225e-22,0,3.86937427729225e-22,0,0
commonData,2,B,O3,Odd cubic,dimensionless state,study2_pilot_20260918/fits/O3.mat,pilot,0,stationary,0.7,derived pilot,After 50 initialization transitions,50,NaN,held,clean,(dimensionless state)^2,NaN,10,1,29,29,0,0.000321073442732662,2.76833525422572e-06,0.00166383149814689,-1.69883264543936e-17,7.72447333298415e-33,8.78889830011939e-17,0.000321073442732645,2.76833525422588e-06,0.00166383149814694,0,0,0,0,0,0,0.000321073442732645,2.76833525422588e-06,0.00166383149814694,1.52584291346379e-19,1.52584291346379e-19,-5.41877314240141e-22,-5.41877314240141e-22,0,5.87681198683439e-22,0,5.87681198683439e-22,0,0
commonData,2,B,O3,Odd cubic,dimensionless state,study2_pilot_20260918/fits/O3.mat,pilot,0,stationary,0.7,derived pilot,After 50 initialization transitions,50,NaN,held,clean,(dimensionless state)^2,NaN,20,2,29,29,0,0.000327237429762321,2.84613781783257e-06,0.00168705003418173,-2.70377590048799e-17,7.86310708329134e-33,8.86741624335484e-17,0.000327237429762294,2.84613781783271e-06,0.00168705003418177,0,0,0,0,0,0,0.000327237429762294,2.84613781783271e-06,0.00168705003418177,1.453889479268e-19,1.453889479268e-19,1.14775194818595e-21,1.14775194818595e-21,0,4.54929242873557e-22,0,4.54929242873557e-22,0,0
commonData,2,B,O3,Odd cubic,dimensionless state,study2_pilot_20260918/fits/O3.mat,pilot,0,stationary,0.7,derived pilot,After 50 initialization transitions,50,NaN,rateLimited,clean,(dimensionless state)^2,NaN,1,0.1,29,29,0,0.000105568796794491,3.44899875298473e-07,0.000587281768232655,0,1.32822754785327e-35,3.64448562605653e-18,0.000105568796794491,3.44899875298472e-07,0.000587281768232654,0,0,0,0,0,0,0.000105568796794491,3.44899875298472e-07,0.000587281768232654,-9.13089062406502e-22,-9.13089062406502e-22,-3.9823003254599e-23,-3.9823003254599e-23,0,2.16465345933083e-23,0,2.16465345933083e-23,0,0
commonData,2,B,O3,Odd cubic,dimensionless state,study2_pilot_20260918/fits/O3.mat,pilot,0,stationary,0.7,derived pilot,After 50 initialization transitions,50,NaN,rateLimited,clean,(dimensionless state)^2,NaN,2,0.2,29,29,0,0.000157961668315064,6.97145690662825e-07,0.000834952508028346,-0.000384224844922347,5.11775850553544e-06,0.00226224634059499,-0.000226263176607283,2.9847860315467e-06,0.00172765333083542,0,0,0,0,0,0,-0.000226263176607283,2.9847860315467e-06,0.00172765333083542,-2.83011816465156e-06,-2.83011816465156e-06,-1.6940658945086e-21,-1.6940658945086e-21,0,1.6940658945086e-21,0,1.6940658945086e-21,0,0
commonData,2,B,O3,Odd cubic,dimensionless state,study2_pilot_20260918/fits/O3.mat,pilot,0,stationary,0.7,derived pilot,After 50 initialization transitions,50,NaN,rateLimited,clean,(dimensionless state)^2,NaN,5,0.5,29,29,0,7.68473992416793e-06,1.51837794615135e-06,0.00123222479529968,-0.00512685211577667,0.000413109482994917,0.0203250949074024,-0.0051191673758525,0.000398635719187934,0.0199658638477761,0,0,0,0,0,0,-0.0051191673758525,0.000398635719187934,0.0199658638477761,-1.59921417531346e-05,-1.59921417531346e-05,4.74338450462408e-20,4.74338450462408e-20,0,1.76182853028894e-19,0,1.76182853028894e-19,0,0
commonData,2,B,O3,Odd cubic,dimensionless state,study2_pilot_20260918/fits/O3.mat,pilot,0,stationary,0.7,derived pilot,After 50 initialization transitions,50,NaN,rateLimited,clean,(dimensionless state)^2,NaN,10,1,29,29,0,8.58011399684703e-05,1.78028179104922e-06,0.0013342720078939,-0.00144543121547416,0.000749068964901294,0.0273691242991312,-0.00135963007550569,0.000736637146703314,0.0271410601617423,0,0,0,0,0,0,-0.00135963007550569,0.000736637146703314,0.0271410601617423,-1.42120999890295e-05,-1.42120999890295e-05,2.81214938488428e-19,2.81214938488428e-19,0,3.25260651745651e-19,0,3.25260651745651e-19,0,0
commonData,2,B,O3,Odd cubic,dimensionless state,study2_pilot_20260918/fits/O3.mat,pilot,0,stationary,0.7,derived pilot,After 50 initialization transitions,50,NaN,rateLimited,clean,(dimensionless state)^2,NaN,20,2,29,29,0,0.000285418156646116,1.89191309422946e-06,0.00137546831814821,0.00445019385808548,0.00249827822220299,0.0499827792564899,0.00473561201473159,0.00252835431779791,0.0502827437377667,0,0,0,0,0,0,0.00473561201473159,0.00252835431779791,0.0502827437377667,2.81841825006914e-05,2.81841825006914e-05,-5.55653613398821e-19,-5.55653613398821e-19,0,2.57498015965307e-19,0,2.57498015965307e-19,0,0
commonData,2,B,O3,Odd cubic,dimensionless state,study2_pilot_20260918/fits/O3.mat,pilot,0,stationary,0.7,derived pilot,After 100 initialization transitions,100,NaN,held,clean,(dimensionless state)^2,NaN,1,0.1,29,29,0,2.98941590791651e-05,1.26121319582849e-07,0.000355135635473053,0,0,0,2.98941590791651e-05,1.26121319582849e-07,0.000355135635473053,0,0,0,0,0,0,2.98941590791651e-05,1.26121319582849e-07,0.000355135635473053,0,0,0,0,0,0,0,0,0,0
commonData,2,B,O3,Odd cubic,dimensionless state,study2_pilot_20260918/fits/O3.mat,pilot,0,stationary,0.7,derived pilot,After 100 initialization transitions,100,NaN,held,clean,(dimensionless state)^2,NaN,2,0.2,29,29,0,4.7788464249402e-05,3.42636827148078e-07,0.000585351883184874,-2.39272203583008e-18,3.65262575659648e-34,1.91118438581851e-17,4.77884642493996e-05,3.42636827148081e-07,0.000585351883184876,0,0,0,0,0,0,4.77884642493996e-05,3.42636827148081e-07,0.000585351883184876,2.61028227095586e-21,2.61028227095586e-21,8.9635248416862e-23,8.9635248416862e-23,0,6.8405261408768e-23,0,6.8405261408768e-23,0,0
commonData,2,B,O3,Odd cubic,dimensionless state,study2_pilot_20260918/fits/O3.mat,pilot,0,stationary,0.7,derived pilot,After 100 initialization transitions,100,NaN,held,clean,(dimensionless state)^2,NaN,5,0.5,29,29,0,6.83311011773821e-05,7.99691806119721e-07,0.000894254888787152,-4.06762746091113e-18,3.51814271737634e-33,5.93139335854261e-17,6.8331101177378e-05,7.99691806119717e-07,0.00089425488878715,0,0,0,0,0,0,6.8331101177378e-05,7.99691806119717e-07,0.00089425488878715,-3.40916700003287e-21,-3.40916700003287e-21,-1.90723025801427e-22,-1.90723025801427e-22,0,6.74258915964197e-23,0,6.74258915964197e-23,0,0
commonData,2,B,O3,Odd cubic,dimensionless state,study2_pilot_20260918/fits/O3.mat,pilot,0,stationary,0.7,derived pilot,After 100 initialization transitions,100,NaN,held,clean,(dimensionless state)^2,NaN,10,1,29,29,0,7.27963185002587e-05,9.93886866824243e-07,0.000996938747779543,0,5.30875948032602e-33,7.286123441396e-17,7.27963185002587e-05,9.93886866824239e-07,0.000996938747779541,0,0,0,0,0,0,7.27963185002587e-05,9.93886866824239e-07,0.000996938747779541,-4.00960992974038e-21,-4.00960992974038e-21,-2.25554806536426e-22,-2.25554806536426e-22,0,1.6141339400315e-22,0,1.6141339400315e-22,0,0
commonData,2,B,O3,Odd cubic,dimensionless state,study2_pilot_20260918/fits/O3.mat,pilot,0,stationary,0.7,derived pilot,After 100 initialization transitions,100,NaN,held,clean,(dimensionless state)^2,NaN,20,2,29,29,0,7.28797699761317e-05,1.020309419108e-06,0.00101010366750547,-5.62289678420068e-18,5.57066934991834e-33,7.46369168034046e-17,7.2879769976126e-05,1.02030941910799e-06,0.00101010366750547,0,0,0,0,0,0,7.2879769976126e-05,1.02030941910799e-06,0.00101010366750547,-5.26494403068717e-21,-5.26494403068717e-21,1.82746347155798e-22,1.82746347155798e-22,0,8.24305063683849e-23,0,8.24305063683849e-23,0,0
commonData,2,B,O3,Odd cubic,dimensionless state,study2_pilot_20260918/fits/O3.mat,pilot,0,stationary,0.7,derived pilot,After 100 initialization transitions,100,NaN,rateLimited,clean,(dimensionless state)^2,NaN,1,0.1,29,29,0,2.98941590791651e-05,1.26121319582849e-07,0.000355135635473053,0,0,0,2.98941590791651e-05,1.26121319582849e-07,0.000355135635473053,0,0,0,0,0,0,2.98941590791651e-05,1.26121319582849e-07,0.000355135635473053,0,0,0,0,0,0,0,0,0,0
commonData,2,B,O3,Odd cubic,dimensionless state,study2_pilot_20260918/fits/O3.mat,pilot,0,stationary,0.7,derived pilot,After 100 initialization transitions,100,NaN,rateLimited,clean,(dimensionless state)^2,NaN,2,0.2,29,29,0,4.09962236200179e-05,2.61926613304135e-07,0.000511787664275073,-0.000389906441500114,5.27023184556709e-06,0.00229569855285207,-0.000348910217880096,3.68105794459515e-06,0.00191860833538144,0,0,0,0,0,0,-0.000348910217880096,3.68105794459515e-06,0.00191860833538144,-1.85110051427608e-06,-1.85110051427608e-06,-6.35274710440725e-22,-6.35274710440725e-22,0,1.6940658945086e-21,0,1.6940658945086e-21,0,0
commonData,2,B,O3,Odd cubic,dimensionless state,study2_pilot_20260918/fits/O3.mat,pilot,0,stationary,0.7,derived pilot,After 100 initialization transitions,100,NaN,rateLimited,clean,(dimensionless state)^2,NaN,5,0.5,29,29,0,-0.000113051741408663,4.37683550897914e-07,0.000661576564652886,-0.00520146792121771,0.000425228524481042,0.0206210699160117,-0.00531451966262637,0.000421470657705247,0.0205297505514618,0,0,0,0,0,0,-0.00531451966262637,0.000421470657705247,0.0205297505514618,-4.19555032669332e-06,-4.19555032669332e-06,-4.31986803099693e-20,-4.31986803099693e-20,0,1.82959116606929e-19,0,1.82959116606929e-19,0,0
commonData,2,B,O3,Odd cubic,dimensionless state,study2_pilot_20260918/fits/O3.mat,pilot,0,stationary,0.7,derived pilot,After 100 initialization transitions,100,NaN,rateLimited,clean,(dimensionless state)^2,NaN,10,1,29,29,0,-1.45830887358991e-05,4.10244141821284e-07,0.000640503038104648,-0.00146516750497094,0.000770627497394806,0.0277601782666251,-0.00147975059370684,0.000770160744134872,0.0277517701081367,0,0,0,0,0,0,-0.00147975059370684,0.000770160744134872,0.0277517701081367,-8.76997401755373e-07,-8.76997401755373e-07,8.66091188567522e-20,8.66091188567522e-20,0,3.150962563786e-19,0,3.150962563786e-19,0,0
commonData,2,B,O3,Odd cubic,dimensionless state,study2_pilot_20260918/fits/O3.mat,pilot,0,stationary,0.7,derived pilot,After 100 initialization transitions,100,NaN,rateLimited,clean,(dimensionless state)^2,NaN,20,2,29,29,0,2.44653359982356e-05,4.27013501378843e-07,0.000653462700832146,0.00451480485926957,0.00256993177800481,0.0506944945532038,0.00453927019526781,0.00258201528565145,0.0508135344731249,0,0,0,0,0,0,0.00453927019526781,0.00258201528565145,0.0508135344731249,1.16564941452612e-05,1.16564941452612e-05,3.3881317890172e-21,3.3881317890172e-21,0,6.72205346941013e-18,0,6.72205346941013e-18,0,0
commonData,2,B,O3,Odd cubic,dimensionless state,study2_pilot_20260918/fits/O3.mat,pilot,0,stationary,0.7,derived pilot,After 200 initialization transitions,200,NaN,held,clean,(dimensionless state)^2,NaN,1,0.1,29,29,0,3.38485843967311e-06,5.48711724625791e-08,0.000234245965733839,-5.26398847882617e-18,4.58238504009377e-34,2.14065061140154e-17,3.38485843966784e-06,5.48711724625792e-08,0.00023424596573384,0,0,0,0,0,0,3.38485843966784e-06,5.48711724625792e-08,0.00023424596573384,7.04854593446586e-23,7.04854593446586e-23,-4.31101034087463e-24,-4.31101034087463e-24,0,6.81047727940935e-24,0,6.81047727940935e-24,0,0
commonData,2,B,O3,Odd cubic,dimensionless state,study2_pilot_20260918/fits/O3.mat,pilot,0,stationary,0.7,derived pilot,After 200 initialization transitions,200,NaN,held,clean,(dimensionless state)^2,NaN,2,0.2,29,29,0,4.77220308402396e-06,1.49232637628643e-07,0.000386306403815214,-1.10065213648184e-17,1.14891682889308e-33,3.38956756665666e-17,4.77220308401296e-06,1.49232637628634e-07,0.000386306403815202,0,0,0,0,0,0,4.77220308401296e-06,1.49232637628634e-07,0.000386306403815202,-9.59508188692269e-21,-9.59508188692269e-21,-6.63876676978243e-23,-6.63876676978243e-23,0,2.44690951179266e-23,0,2.44690951179266e-23,0,0
commonData,2,B,O3,Odd cubic,dimensionless state,study2_pilot_20260918/fits/O3.mat,pilot,0,stationary,0.7,derived pilot,After 200 initialization transitions,200,NaN,held,clean,(dimensionless state)^2,NaN,5,0.5,29,29,0,4.75649811928927e-06,3.49021443601252e-07,0.000590780368327564,-3.182320307654e-17,7.41981113919531e-33,8.61383256117468e-17,4.75649811925744e-06,3.49021443601227e-07,0.000590780368327543,0,0,0,0,0,0,4.75649811925744e-06,3.49021443601227e-07,0.000590780368327543,-2.49541051304985e-20,-2.49541051304985e-20,-3.33668135107957e-23,-3.33668135107957e-23,0,8.72958675201601e-23,0,8.72958675201601e-23,0,0
commonData,2,B,O3,Odd cubic,dimensionless state,study2_pilot_20260918/fits/O3.mat,pilot,0,stationary,0.7,derived pilot,After 200 initialization transitions,200,NaN,held,clean,(dimensionless state)^2,NaN,10,1,29,29,0,3.47650850272088e-06,4.34304567233702e-07,0.000659017880814855,-1.45956044185635e-17,3.07069606219327e-33,5.54138616430336e-17,3.47650850270628e-06,4.34304567233709e-07,0.00065901788081486,0,0,0,0,0,0,3.47650850270628e-06,4.34304567233709e-07,0.00065901788081486,6.59096014900069e-21,6.59096014900069e-21,7.94243106238502e-23,7.94243106238502e-23,0,9.48030198001627e-23,0,9.48030198001627e-23,0,0
commonData,2,B,O3,Odd cubic,dimensionless state,study2_pilot_20260918/fits/O3.mat,pilot,0,stationary,0.7,derived pilot,After 200 initialization transitions,200,NaN,held,clean,(dimensionless state)^2,NaN,20,2,29,29,0,3.0489739560414e-06,4.4598233366043e-07,0.000667819087523283,-1.06476130594439e-17,6.70962447220251e-33,8.19122974418525e-17,3.04897395603076e-06,4.45982333660474e-07,0.000667819087523316,0,0,0,0,0,0,3.04897395603076e-06,4.45982333660474e-07,0.000667819087523316,4.43693200019808e-20,4.43693200019808e-20,1.52849288066626e-22,1.52849288066626e-22,0,7.33070033494594e-23,0,7.33070033494594e-23,0,0
commonData,2,B,O3,Odd cubic,dimensionless state,study2_pilot_20260918/fits/O3.mat,pilot,0,stationary,0.7,derived pilot,After 200 initialization transitions,200,NaN,rateLimited,clean,(dimensionless state)^2,NaN,1,0.1,29,29,0,3.38485843967311e-06,5.48711724625791e-08,0.000234245965733839,-5.26398847882617e-18,4.58238504009377e-34,2.14065061140154e-17,3.38485843966784e-06,5.48711724625792e-08,0.00023424596573384,0,0,0,0,0,0,3.38485843966784e-06,5.48711724625792e-08,0.00023424596573384,7.04854593446586e-23,7.04854593446586e-23,-4.31101034087463e-24,-4.31101034087463e-24,0,6.81047727940935e-24,0,6.81047727940935e-24,0,0
commonData,2,B,O3,Odd cubic,dimensionless state,study2_pilot_20260918/fits/O3.mat,pilot,0,stationary,0.7,derived pilot,After 200 initialization transitions,200,NaN,rateLimited,clean,(dimensionless state)^2,NaN,2,0.2,29,29,0,2.44913970024913e-06,1.19356871485919e-07,0.000345480638366203,-0.000392784374560098,5.34831904132023e-06,0.00231264330179131,-0.000390335234859849,4.25441191081864e-06,0.0020626225807982,0,0,0,0,0,0,-0.000390335234859849,4.25441191081864e-06,0.0020626225807982,-1.21326400198751e-06,-1.21326400198751e-06,1.6940658945086e-21,1.6940658945086e-21,0,1.6940658945086e-21,0,1.6940658945086e-21,0,0
commonData,2,B,O3,Odd cubic,dimensionless state,study2_pilot_20260918/fits/O3.mat,pilot,0,stationary,0.7,derived pilot,After 200 initialization transitions,200,NaN,rateLimited,clean,(dimensionless state)^2,NaN,5,0.5,29,29,0,-0.000134705978753734,2.12877591698316e-07,0.00046138659679093,-0.00524004670582169,0.000431558604612925,0.0207739886543948,-0.00537475268457542,0.000433243575316338,0.0208145039651763,0,0,0,0,0,0,-0.00537475268457542,0.000433243575316338,0.0208145039651763,1.47209311171486e-06,1.47209311171486e-06,1.76394611265708e-19,1.76394611265708e-19,0,2.5410988417629e-19,0,2.5410988417629e-19,0,0
commonData,2,B,O3,Odd cubic,dimensionless state,study2_pilot_20260918/fits/O3.mat,pilot,0,stationary,0.7,derived pilot,After 200 initialization transitions,200,NaN,rateLimited,clean,(dimensionless state)^2,NaN,10,1,29,29,0,-1.52931993693015e-05,2.14151056171473e-07,0.000462764579642255,-0.0014762370308038,0.000782164600204449,0.0279672057990148,-0.0014915302301731,0.000788554144791916,0.0280812062559983,0,0,0,0,0,0,-0.0014915302301731,0.000788554144791916,0.0280812062559983,6.17539353129602e-06,6.17539353129602e-06,-2.77826806699411e-19,-2.77826806699411e-19,0,2.23616698075135e-19,0,2.23616698075135e-19,0,0
commonData,2,B,O3,Odd cubic,dimensionless state,study2_pilot_20260918/fits/O3.mat,pilot,0,stationary,0.7,derived pilot,After 200 initialization transitions,200,NaN,rateLimited,clean,(dimensionless state)^2,NaN,20,2,29,29,0,-5.50377634507978e-05,2.12784157200888e-07,0.000461285331655893,0.00454831522547624,0.00260844526409891,0.0510729406251384,0.00449327746202544,0.0026126329931948,0.0511139217160531,0,0,0,0,0,0,0.00449327746202544,0.0026126329931948,0.0511139217160531,3.9749449386908e-06,3.9749449386908e-06,6.35274710440725e-19,6.35274710440725e-19,0,2.71050543121376e-19,0,2.71050543121376e-19,0,0
commonData,2,B,O5,Odd quintic,dimensionless state,study2_pilot_20260918/fits/O5.mat,pilot,0,stationary,0.7,derived pilot,After 25 initialization transitions,25,NaN,held,clean,(dimensionless state)^2,NaN,1,0.1,29,29,0,-3.7935030518401e-05,3.94127479543486e-06,0.00198526441448862,-2.69181229030884e-18,3.27179801436043e-34,1.80881121578799e-17,-3.79350305184037e-05,3.94127479543485e-06,0.00198526441448862,0,0,0,0,0,0,-3.79350305184037e-05,3.94127479543485e-06,0.00198526441448862,-7.44823474158617e-21,-7.44823474158617e-21,6.71971163551437e-22,6.71971163551437e-22,0,1.50371688194022e-21,0,1.50371688194022e-21,0,0
commonData,2,B,O5,Odd quintic,dimensionless state,study2_pilot_20260918/fits/O5.mat,pilot,0,stationary,0.7,derived pilot,After 25 initialization transitions,25,NaN,held,clean,(dimensionless state)^2,NaN,2,0.2,29,29,0,-6.2695440803647e-05,1.07299380894722e-05,0.00327565842075639,5.50326068240918e-18,2.51201034987749e-33,5.01199595957288e-17,-6.26954408036415e-05,1.07299380894721e-05,0.00327565842075637,0,0,0,0,0,0,-6.26954408036415e-05,1.07299380894721e-05,0.00327565842075637,-1.09202595022741e-19,-1.09202595022741e-19,7.82377774187793e-22,7.82377774187793e-22,0,2.22045719962578e-21,0,2.22045719962578e-21,0,0
commonData,2,B,O5,Odd quintic,dimensionless state,study2_pilot_20260918/fits/O5.mat,pilot,0,stationary,0.7,derived pilot,After 25 initialization transitions,25,NaN,held,clean,(dimensionless state)^2,NaN,5,0.5,29,29,0,-9.62888159876484e-05,2.51393537552768e-05,0.00501391600999426,1.68686903526021e-17,6.96696855959908e-33,8.3468368617094e-17,-9.62888159876316e-05,2.51393537552764e-05,0.00501391600999422,0,0,0,0,0,0,-9.62888159876316e-05,2.51393537552764e-05,0.00501391600999422,-4.0806219818752e-19,-4.0806219818752e-19,-1.90174828356793e-21,-1.90174828356793e-21,0,4.86735914141464e-21,0,4.86735914141464e-21,0,0
commonData,2,B,O5,Odd quintic,dimensionless state,study2_pilot_20260918/fits/O5.mat,pilot,0,stationary,0.7,derived pilot,After 25 initialization transitions,25,NaN,held,clean,(dimensionless state)^2,NaN,10,1,29,29,0,-0.000107692483778078,3.13108897657342e-05,0.00559561343962699,2.75163034120459e-17,1.39845757944601e-32,1.18256398534963e-16,-0.00010769248377805,3.13108897657338e-05,0.00559561343962695,0,0,0,0,0,0,-0.00010769248377805,3.13108897657338e-05,0.00559561343962695,-3.8315219548814e-19,-3.8315219548814e-19,-3.09482845983496e-21,-3.09482845983496e-21,0,6.88025465012121e-21,0,6.88025465012121e-21,0,0
commonData,2,B,O5,Odd quintic,dimensionless state,study2_pilot_20260918/fits/O5.mat,pilot,0,stationary,0.7,derived pilot,After 25 initialization transitions,25,NaN,held,clean,(dimensionless state)^2,NaN,20,2,29,29,0,-0.00010920223881233,3.21594421563453e-05,0.00567092956721782,1.36385156042314e-17,7.54350232958914e-33,8.68533380451733e-17,-0.000109202238812317,3.21594421563451e-05,0.0056709295672178,0,0,0,0,0,0,-0.000109202238812317,3.21594421563451e-05,0.0056709295672178,-1.87122178279306e-19,-1.87122178279306e-19,-2.61320190566452e-21,-2.61320190566452e-21,0,5.69600625623583e-21,0,5.69600625623583e-21,0,0
commonData,2,B,O5,Odd quintic,dimensionless state,study2_pilot_20260918/fits/O5.mat,pilot,0,stationary,0.7,derived pilot,After 25 initialization transitions,25,NaN,rateLimited,clean,(dimensionless state)^2,NaN,1,0.1,29,29,0,-3.7935030518401e-05,3.94127479543486e-06,0.00198526441448862,-2.69181229030884e-18,3.27179801436043e-34,1.80881121578799e-17,-3.79350305184037e-05,3.94127479543485e-06,0.00198526441448862,0,0,0,0,0,0,-3.79350305184037e-05,3.94127479543485e-06,0.00198526441448862,-7.44823474158617e-21,-7.44823474158617e-21,6.71971163551437e-22,6.71971163551437e-22,0,1.50371688194022e-21,0,1.50371688194022e-21,0,0
commonData,2,B,O5,Odd quintic,dimensionless state,study2_pilot_20260918/fits/O5.mat,pilot,0,stationary,0.7,derived pilot,After 25 initialization transitions,25,NaN,rateLimited,clean,(dimensionless state)^2,NaN,2,0.2,29,29,0,-0.000106586155959477,8.20582949975366e-06,0.00286458190662331,-0.000280224763710181,2.48209253170066e-06,0.00157546581419613,-0.000386810919669657,3.91134887077993e-06,0.00197771304055465,0,0,0,0,0,0,-0.000386810919669657,3.91134887077993e-06,0.00197771304055465,-6.77657316067439e-06,-6.77657316067439e-06,8.470329472543e-22,8.470329472543e-22,0,3.3881317890172e-21,0,3.3881317890172e-21,0,0
commonData,2,B,O5,Odd quintic,dimensionless state,study2_pilot_20260918/fits/O5.mat,pilot,0,stationary,0.7,derived pilot,After 25 initialization transitions,25,NaN,rateLimited,clean,(dimensionless state)^2,NaN,5,0.5,29,29,0,-0.00114637760697678,1.56364172916546e-05,0.00395429099734132,-0.00363037093769692,0.000200823683505552,0.0141712273111947,-0.00477674854467369,0.000203717963914866,0.0142729802043885,0,0,0,0,0,0,-0.00477674854467369,0.000203717963914866,0.0142729802043885,-1.274213688234e-05,-1.274213688234e-05,-4.40457132572236e-20,-4.40457132572236e-20,0,8.13151629364128e-20,0,8.13151629364128e-20,0,0
commonData,2,B,O5,Odd quintic,dimensionless state,study2_pilot_20260918/fits/O5.mat,pilot,0,stationary,0.7,derived pilot,After 25 initialization transitions,25,NaN,rateLimited,clean,(dimensionless state)^2,NaN,10,1,29,29,0,-0.000619492630700098,1.43348116091553e-05,0.00378613412455968,-0.000943525428378044,0.000369110885479372,0.0192122587292429,-0.00156301805907814,0.000380610329448717,0.0195092370288722,0,0,0,0,0,0,-0.00156301805907814,0.000380610329448717,0.0195092370288722,-2.83536763980938e-06,-2.83536763980938e-06,-1.33831205666179e-19,-1.33831205666179e-19,0,4.33680868994202e-19,0,4.33680868994202e-19,0,0
commonData,2,B,O5,Odd quintic,dimensionless state,study2_pilot_20260918/fits/O5.mat,pilot,0,stationary,0.7,derived pilot,After 25 initialization transitions,25,NaN,rateLimited,clean,(dimensionless state)^2,NaN,20,2,29,29,0,-0.000405931279103739,1.48304936678301e-05,0.00385103799875178,0.00416021669343317,0.00156463975902221,0.039555527540689,0.00375428541432943,0.00162191492762759,0.0402730049490671,0,0,0,0,0,0,0.00375428541432943,0.00162191492762759,0.0402730049490671,4.24446749375488e-05,4.24446749375488e-05,2.3039296165317e-19,2.3039296165317e-19,0,7.04731412115578e-19,0,7.04731412115578e-19,0,0
commonData,2,B,O5,Odd quintic,dimensionless state,study2_pilot_20260918/fits/O5.mat,pilot,0,stationary,0.7,derived pilot,After 50 initialization transitions,50,NaN,held,clean,(dimensionless state)^2,NaN,1,0.1,29,29,0,0.00017265983286988,1.67422525867893e-06,0.00129391856725179,4.90508017345166e-18,6.64528845035337e-34,2.57784569948501e-17,0.000172659832869885,1.67422525867892e-06,0.00129391856725179,0,0,0,0,0,0,0.000172659832869885,1.67422525867892e-06,0.00129391856725179,-9.8335033415601e-21,-9.8335033415601e-21,3.04382684948554e-22,3.04382684948554e-22,0,2.67631520003678e-22,0,2.67631520003678e-22,0,0
commonData,2,B,O5,Odd quintic,dimensionless state,study2_pilot_20260918/fits/O5.mat,pilot,0,stationary,0.7,derived pilot,After 50 initialization transitions,50,NaN,held,clean,(dimensionless state)^2,NaN,2,0.2,29,29,0,0.000294960523637973,4.56566667551194e-06,0.00213674207042215,7.77634661644776e-18,2.333114702026e-33,4.83023260519201e-17,0.000294960523637981,4.56566667551202e-06,0.00213674207042217,0,0,0,0,0,0,0.000294960523637981,4.56566667551202e-06,0.00213674207042217,7.65631087138663e-20,7.65631087138663e-20,-3.30143460981585e-22,-3.30143460981585e-22,0,1.165409575796e-21,0,1.165409575796e-21,0,0
commonData,2,B,O5,Odd quintic,dimensionless state,study2_pilot_20260918/fits/O5.mat,pilot,0,stationary,0.7,derived pilot,After 50 initialization transitions,50,NaN,held,clean,(dimensionless state)^2,NaN,5,0.5,29,29,0,0.0004830976413871,1.07503345401777e-05,0.00327877027865292,2.81144839210034e-17,1.43568945789677e-32,1.19820259467953e-16,0.000483097641387128,1.07503345401778e-05,0.00327877027865293,0,0,0,0,0,0,0.000483097641387128,1.07503345401778e-05,0.00327877027865293,4.81582754918643e-20,4.81582754918643e-20,-7.24430445637798e-22,-7.24430445637798e-22,0,1.72221482347435e-21,0,1.72221482347435e-21,0,0
commonData,2,B,O5,Odd quintic,dimensionless state,study2_pilot_20260918/fits/O5.mat,pilot,0,stationary,0.7,derived pilot,After 50 initialization transitions,50,NaN,held,clean,(dimensionless state)^2,NaN,10,1,29,29,0,0.000561910727080419,1.34470428575583e-05,0.00366702097860897,3.42159251123701e-17,1.3781190951195e-32,1.17393317319152e-16,0.000561910727080453,1.34470428575584e-05,0.00366702097860899,0,0,0,0,0,0,0.000561910727080453,1.34470428575584e-05,0.00366702097860899,1.3837859319077e-19,1.3837859319077e-19,-2.85332163009543e-21,-2.85332163009543e-21,0,2.89132898585392e-21,0,2.89132898585392e-21,0,0
commonData,2,B,O5,Odd quintic,dimensionless state,study2_pilot_20260918/fits/O5.mat,pilot,0,stationary,0.7,derived pilot,After 50 initialization transitions,50,NaN,held,clean,(dimensionless state)^2,NaN,20,2,29,29,0,0.000575383661915823,1.38285211140649e-05,0.00371867195569399,4.13940912198604e-17,1.81087223305445e-32,1.34568652852529e-16,0.000575383661915865,1.38285211140651e-05,0.003718671955694,0,0,0,0,0,0,0.000575383661915865,1.38285211140651e-05,0.003718671955694,1.26259041249352e-19,1.26259041249352e-19,2.48996673328403e-21,2.48996673328403e-21,0,2.12883613897205e-21,0,2.12883613897205e-21,0,0
commonData,2,B,O5,Odd quintic,dimensionless state,study2_pilot_20260918/fits/O5.mat,pilot,0,stationary,0.7,derived pilot,After 50 initialization transitions,50,NaN,rateLimited,clean,(dimensionless state)^2,NaN,1,0.1,29,29,0,0.00017265983286988,1.67422525867893e-06,0.00129391856725179,4.90508017345166e-18,6.64528845035337e-34,2.57784569948501e-17,0.000172659832869885,1.67422525867892e-06,0.00129391856725179,0,0,0,0,0,0,0.000172659832869885,1.67422525867892e-06,0.00129391856725179,-9.8335033415601e-21,-9.8335033415601e-21,3.04382684948554e-22,3.04382684948554e-22,0,2.67631520003678e-22,0,2.67631520003678e-22,0,0
commonData,2,B,O5,Odd quintic,dimensionless state,study2_pilot_20260918/fits/O5.mat,pilot,0,stationary,0.7,derived pilot,After 50 initialization transitions,50,NaN,rateLimited,clean,(dimensionless state)^2,NaN,2,0.2,29,29,0,0.000260566740893479,3.54169195520433e-06,0.00188193835053233,-0.000322849962280914,3.44048069974875e-06,0.00185485328253982,-6.22832213874349e-05,1.85588349357722e-06,0.00136230814927358,0,0,0,0,0,0,-6.22832213874349e-05,1.85588349357722e-06,0.00136230814927358,-5.12628916137587e-06,-5.12628916137587e-06,1.6940658945086e-21,1.6940658945086e-21,0,1.6940658945086e-21,0,1.6940658945086e-21,0,0
commonData,2,B,O5,Odd quintic,dimensionless state,study2_pilot_20260918/fits/O5.mat,pilot,0,stationary,0.7,derived pilot,After 50 initialization transitions,50,NaN,rateLimited,clean,(dimensionless state)^2,NaN,5,0.5,29,29,0,-0.000237556172049811,6.84854548834693e-06,0.00261697258074037,-0.00424277423989609,0.000278294664076736,0.0166821660487101,-0.0044803304119459,0.00027191943845046,0.016489979940875,0,0,0,0,0,0,-0.0044803304119459,0.00027191943845046,0.016489979940875,-1.32237711146233e-05,-1.32237711146233e-05,3.72694496791892e-20,3.72694496791892e-20,0,1.35525271560688e-19,0,1.35525271560688e-19,0,0
commonData,2,B,O5,Odd quintic,dimensionless state,study2_pilot_20260918/fits/O5.mat,pilot,0,stationary,0.7,derived pilot,After 50 initialization transitions,50,NaN,rateLimited,clean,(dimensionless state)^2,NaN,10,1,29,29,0,0.000218675812487234,6.69078898677505e-06,0.00258665594673413,-0.00114885392573558,0.000508266212296146,0.0225447601960222,-0.000930178113248345,0.000514964497994379,0.022692829219698,0,0,0,0,0,0,-0.000930178113248345,0.000514964497994379,0.022692829219698,7.49671145802806e-09,7.49671145802806e-09,1.79453525170929e-19,1.79453525170929e-19,0,3.25260651745651e-19,0,3.25260651745651e-19,0,0
commonData,2,B,O5,Odd quintic,dimensionless state,study2_pilot_20260918/fits/O5.mat,pilot,0,stationary,0.7,derived pilot,After 50 initialization transitions,50,NaN,rateLimited,clean,(dimensionless state)^2,NaN,20,2,29,29,0,0.000346209913544692,7.24702420534113e-06,0.00269202975565671,0.00430448989099166,0.00192813005047829,0.0439104776844694,0.00465069980453635,0.00197407917109332,0.0444306107440953,0,0,0,0,0,0,0.00465069980453635,0.00197407917109332,0.0444306107440953,3.87020964096939e-05,3.87020964096939e-05,1.76182853028894e-19,1.76182853028894e-19,0,6.28837260041593e-18,0,6.28837260041593e-18,0,0
commonData,2,B,O5,Odd quintic,dimensionless state,study2_pilot_20260918/fits/O5.mat,pilot,0,stationary,0.7,derived pilot,After 100 initialization transitions,100,NaN,held,clean,(dimensionless state)^2,NaN,1,0.1,29,29,0,3.88576865225347e-05,4.37254966267071e-07,0.000661252573731907,-1.85435957776831e-18,4.03656653214782e-35,6.35339793507995e-18,3.88576865225328e-05,4.37254966267072e-07,0.000661252573731908,0,0,0,0,0,0,3.88576865225328e-05,4.37254966267072e-07,0.000661252573731908,1.6995333433401e-21,1.6995333433401e-21,4.7472110371856e-23,4.7472110371856e-23,0,9.12997274263648e-23,0,9.12997274263648e-23,0,0
commonData,2,B,O5,Odd quintic,dimensionless state,study2_pilot_20260918/fits/O5.mat,pilot,0,stationary,0.7,derived pilot,After 100 initialization transitions,100,NaN,held,clean,(dimensionless state)^2,NaN,2,0.2,29,29,0,6.33063333172936e-05,1.18994389482698e-06,0.00109084549539657,-3.70871915553662e-18,2.97730506273484e-33,5.45646869571781e-17,6.33063333172899e-05,1.18994389482693e-06,0.00109084549539654,0,0,0,0,0,0,6.33063333172899e-05,1.18994389482693e-06,0.00109084549539654,-5.41731861408003e-20,-5.41731861408003e-20,-2.48680720291515e-22,-2.48680720291515e-22,0,1.44343891157927e-22,0,1.44343891157927e-22,0,0
commonData,2,B,O5,Odd quintic,dimensionless state,study2_pilot_20260918/fits/O5.mat,pilot,0,stationary,0.7,derived pilot,After 100 initialization transitions,100,NaN,held,clean,(dimensionless state)^2,NaN,5,0.5,29,29,0,9.43662747155425e-05,2.78582794054067e-06,0.00166907996828812,-6.2210772931582e-18,1.30099888312227e-32,1.14061338021359e-16,9.43662747155363e-05,2.78582794054051e-06,0.00166907996828807,0,0,0,0,0,0,9.43662747155363e-05,2.78582794054051e-06,0.00166907996828807,-1.61589643146783e-19,-1.61589643146783e-19,-6.17166252428266e-22,-6.17166252428266e-22,0,7.29367963931987e-22,0,7.29367963931987e-22,0,0
commonData,2,B,O5,Odd quintic,dimensionless state,study2_pilot_20260918/fits/O5.mat,pilot,0,stationary,0.7,derived pilot,After 100 initialization transitions,100,NaN,held,clean,(dimensionless state)^2,NaN,10,1,29,29,0,0.000103492554700071,3.46813043839992e-06,0.00186229171678336,-1.24421545863164e-17,1.61097398710253e-32,1.26924150070132e-16,0.000103492554700058,3.46813043839975e-06,0.00186229171678331,0,0,0,0,0,0,0.000103492554700058,3.46813043839975e-06,0.00186229171678331,-1.72243027873329e-19,-1.72243027873329e-19,-1.28176892936944e-22,-1.28176892936944e-22,0,4.96955051690963e-22,0,4.96955051690963e-22,0,0
commonData,2,B,O5,Odd quintic,dimensionless state,study2_pilot_20260918/fits/O5.mat,pilot,0,stationary,0.7,derived pilot,After 100 initialization transitions,100,NaN,held,clean,(dimensionless state)^2,NaN,20,2,29,29,0,0.000104413822529814,3.56171254549355e-06,0.00188724999549438,-6.34071339494971e-18,1.58229257349107e-32,1.25789211520348e-16,0.000104413822529807,3.56171254549335e-06,0.00188724999549433,0,0,0,0,0,0,0.000104413822529807,3.56171254549335e-06,0.00188724999549433,-2.04479590540746e-19,-2.04479590540746e-19,-7.88662211834808e-23,-7.88662211834808e-23,0,6.6406308995148e-22,0,6.6406308995148e-22,0,0
commonData,2,B,O5,Odd quintic,dimensionless state,study2_pilot_20260918/fits/O5.mat,pilot,0,stationary,0.7,derived pilot,After 100 initialization transitions,100,NaN,rateLimited,clean,(dimensionless state)^2,NaN,1,0.1,29,29,0,3.88576865225347e-05,4.37254966267071e-07,0.000661252573731907,-1.85435957776831e-18,4.03656653214782e-35,6.35339793507995e-18,3.88576865225328e-05,4.37254966267072e-07,0.000661252573731908,0,0,0,0,0,0,3.88576865225328e-05,4.37254966267072e-07,0.000661252573731908,1.6995333433401e-21,1.6995333433401e-21,4.7472110371856e-23,4.7472110371856e-23,0,9.12997274263648e-23,0,9.12997274263648e-23,0,0
commonData,2,B,O5,Odd quintic,dimensionless state,study2_pilot_20260918/fits/O5.mat,pilot,0,stationary,0.7,derived pilot,After 100 initialization transitions,100,NaN,rateLimited,clean,(dimensionless state)^2,NaN,2,0.2,29,29,0,5.33471200311434e-05,9.36014519122263e-07,0.000967478433414546,-0.000360074299713559,4.39576151340959e-06,0.00209660714331741,-0.000306727179682415,2.23319627703921e-06,0.00149438826181124,0,0,0,0,0,0,-0.000306727179682415,2.23319627703921e-06,0.00149438826181124,-3.09857975549264e-06,-3.09857975549264e-06,0,0,0,1.6940658945086e-21,0,1.6940658945086e-21,0,0
commonData,2,B,O5,Odd quintic,dimensionless state,study2_pilot_20260918/fits/O5.mat,pilot,0,stationary,0.7,derived pilot,After 100 initialization transitions,100,NaN,rateLimited,clean,(dimensionless state)^2,NaN,5,0.5,29,29,0,-0.000287080804969723,1.62011821827156e-06,0.00127283864581162,-0.00476987200904395,0.000354928781431684,0.0188395536420501,-0.00505695281401367,0.000356153587652788,0.0188720318898837,0,0,0,0,0,0,-0.00505695281401367,0.000356153587652788,0.0188720318898837,-3.95311997167609e-07,-3.95311997167609e-07,-1.69300710332453e-19,-1.69300710332453e-19,0,1.0842021724855e-19,0,1.0842021724855e-19,0,0
commonData,2,B,O5,Odd quintic,dimensionless state,study2_pilot_20260918/fits/O5.mat,pilot,0,stationary,0.7,derived pilot,After 100 initialization transitions,100,NaN,rateLimited,clean,(dimensionless state)^2,NaN,10,1,29,29,0,7.20618907805819e-06,1.54567388720887e-06,0.00124325133710319,-0.00131898285965684,0.000644986505196415,0.0253965845183248,-0.00131177667057878,0.000656605799362825,0.0256243204663621,0,0,0,0,0,0,-0.00131177667057878,0.000656605799362825,0.0256243204663621,1.00736202792014e-05,1.00736202792014e-05,-3.43895376585246e-19,-3.43895376585246e-19,0,4.40457132572236e-19,0,4.40457132572236e-19,0,0
commonData,2,B,O5,Odd quintic,dimensionless state,study2_pilot_20260918/fits/O5.mat,pilot,0,stationary,0.7,derived pilot,After 100 initialization transitions,100,NaN,rateLimited,clean,(dimensionless state)^2,NaN,20,2,29,29,0,-3.93493658305564e-05,1.57949193226918e-06,0.00125677839425619,0.00445547062788142,0.00228091430725769,0.0477589186148272,0.00441612126205087,0.0022965651078597,0.0479224906266327,0,0,0,0,0,0,0.00441612126205087,0.0022965651078597,0.0479224906266327,1.40713086697392e-05,1.40713086697392e-05,-5.26854493192175e-19,-5.26854493192175e-19,0,7.2099444470286e-18,0,7.2099444470286e-18,0,0
commonData,2,B,O5,Odd quintic,dimensionless state,study2_pilot_20260918/fits/O5.mat,pilot,0,stationary,0.7,derived pilot,After 200 initialization transitions,200,NaN,held,clean,(dimensionless state)^2,NaN,1,0.1,29,29,0,2.7300619483168e-06,1.08618086356687e-07,0.000329572581318118,4.06762746091113e-18,4.26693099747862e-34,2.06565510128836e-17,2.73006194832087e-06,1.08618086356689e-07,0.000329572581318121,0,0,0,0,0,0,2.73006194832087e-06,1.08618086356689e-07,0.000329572581318121,1.92150714869438e-21,1.92150714869438e-21,-2.89179071734807e-23,-2.89179071734807e-23,0,1.74722540694351e-23,0,1.74722540694351e-23,0,0
commonData,2,B,O5,Odd quintic,dimensionless state,study2_pilot_20260918/fits/O5.mat,pilot,0,stationary,0.7,derived pilot,After 200 initialization transitions,200,NaN,held,clean,(dimensionless state)^2,NaN,2,0.2,29,29,0,3.60097473128818e-06,2.95502394513036e-07,0.000543601319454834,1.07672491612354e-17,5.65326850055046e-33,7.51882204906491e-17,3.60097473129894e-06,2.95502394513032e-07,0.00054360131945483,0,0,0,0,0,0,3.60097473129894e-06,2.95502394513032e-07,0.00054360131945483,-4.34938387386404e-21,-4.34938387386404e-21,8.34001918010069e-24,8.34001918010069e-24,0,4.61248280545309e-23,0,4.61248280545309e-23,0,0
commonData,2,B,O5,Odd quintic,dimensionless state,study2_pilot_20260918/fits/O5.mat,pilot,0,stationary,0.7,derived pilot,After 200 initialization transitions,200,NaN,held,clean,(dimensionless state)^2,NaN,5,0.5,29,29,0,2.67902754424614e-06,6.91487287095017e-07,0.000831557146018851,1.4715240520355e-17,1.16423295280426e-32,1.07899627098719e-16,2.67902754426086e-06,6.9148728709497e-07,0.000831557146018823,0,0,0,0,0,0,2.67902754426086e-06,6.9148728709497e-07,0.000831557146018823,-4.700094473476e-20,-4.700094473476e-20,-9.38383786532458e-24,-9.38383786532458e-24,0,1.90792405620572e-22,0,1.90792405620572e-22,0,0
commonData,2,B,O5,Odd quintic,dimensionless state,study2_pilot_20260918/fits/O5.mat,pilot,0,stationary,0.7,derived pilot,After 200 initialization transitions,200,NaN,held,clean,(dimensionless state)^2,NaN,10,1,29,29,0,9.53363678807991e-07,8.60680063011134e-07,0.000927728442493348,1.4715240520355e-17,1.3245334149858e-32,1.15088375389776e-16,9.53363678822706e-07,8.60680063011079e-07,0.000927728442493319,0,0,0,0,0,0,9.53363678822706e-07,8.60680063011079e-07,0.000927728442493319,-5.47421321936726e-20,-5.47421321936726e-20,-1.03251141056598e-22,-1.03251141056598e-22,0,6.73619831518448e-23,0,6.73619831518448e-23,0,0
commonData,2,B,O5,Odd quintic,dimensionless state,study2_pilot_20260918/fits/O5.mat,pilot,0,stationary,0.7,derived pilot,After 200 initialization transitions,200,NaN,held,clean,(dimensionless state)^2,NaN,20,2,29,29,0,4.38886667569342e-07,8.83873067821529e-07,0.000940145237621044,2.66788506995054e-17,1.58486601436504e-32,1.25891461758335e-16,4.38886667596021e-07,8.83873067821454e-07,0.000940145237621004,0,0,0,0,0,0,4.38886667596021e-07,8.83873067821454e-07,0.000940145237621004,-7.54294656051135e-20,-7.54294656051135e-20,4.3533299464959e-23,4.3533299464959e-23,0,1.28277546697118e-22,0,1.28277546697118e-22,0,0
commonData,2,B,O5,Odd quintic,dimensionless state,study2_pilot_20260918/fits/O5.mat,pilot,0,stationary,0.7,derived pilot,After 200 initialization transitions,200,NaN,rateLimited,clean,(dimensionless state)^2,NaN,1,0.1,29,29,0,2.7300619483168e-06,1.08618086356687e-07,0.000329572581318118,4.06762746091113e-18,4.26693099747862e-34,2.06565510128836e-17,2.73006194832087e-06,1.08618086356689e-07,0.000329572581318121,0,0,0,0,0,0,2.73006194832087e-06,1.08618086356689e-07,0.000329572581318121,1.92150714869438e-21,1.92150714869438e-21,-2.89179071734807e-23,-2.89179071734807e-23,0,1.74722540694351e-23,0,1.74722540694351e-23,0,0
commonData,2,B,O5,Odd quintic,dimensionless state,study2_pilot_20260918/fits/O5.mat,pilot,0,stationary,0.7,derived pilot,After 200 initialization transitions,200,NaN,rateLimited,clean,(dimensionless state)^2,NaN,2,0.2,29,29,0,7.09764414707856e-07,2.37929964953378e-07,0.000487780652500053,-0.000383350144241843,5.06027339260793e-06,0.00224950514393898,-0.000382640379827135,3.65049282001956e-06,0.00191062628999487,0,0,0,0,0,0,-0.000382640379827135,3.65049282001956e-06,0.00191062628999487,-1.64771053754175e-06,-1.64771053754175e-06,2.11758236813575e-22,2.11758236813575e-22,0,8.470329472543e-22,0,8.470329472543e-22,0,0
commonData,2,B,O5,Odd quintic,dimensionless state,study2_pilot_20260918/fits/O5.mat,pilot,0,stationary,0.7,derived pilot,After 200 initialization transitions,200,NaN,rateLimited,clean,(dimensionless state)^2,NaN,5,0.5,29,29,0,-0.000198366166941754,4.36454619568803e-07,0.000660647121819813,-0.00510323905378359,0.000408394027765779,0.0202087611635592,-0.00530160522072534,0.00041178897971967,0.0202925843529027,0,0,0,0,0,0,-0.00530160522072534,0.00041178897971967,0.0202925843529027,2.9584973343231e-06,2.9584973343231e-06,-6.35274710440725e-21,-6.35274710440725e-21,0,2.43945488809238e-19,0,2.43945488809238e-19,0,0
commonData,2,B,O5,Odd quintic,dimensionless state,study2_pilot_20260918/fits/O5.mat,pilot,0,stationary,0.7,derived pilot,After 200 initialization transitions,200,NaN,rateLimited,clean,(dimensionless state)^2,NaN,10,1,29,29,0,-1.65748250150368e-05,4.61617151135463e-07,0.000679424131993752,-0.00142965524189326,0.0007407339106996,0.0272164272214337,-0.00144623006690829,0.000751279595433808,0.0274094800285195,0,0,0,0,0,0,-0.00144623006690829,0.000751279595433808,0.0274094800285195,1.00840675830727e-05,1.00840675830727e-05,-6.09863722023096e-20,-6.09863722023096e-20,0,2.57498015965307e-19,0,2.57498015965307e-19,0,0
commonData,2,B,O5,Odd quintic,dimensionless state,study2_pilot_20260918/fits/O5.mat,pilot,0,stationary,0.7,derived pilot,After 200 initialization transitions,200,NaN,rateLimited,clean,(dimensionless state)^2,NaN,20,2,29,29,0,-8.79337078792195e-05,4.53308872947183e-07,0.000673282164435672,0.00453146827735817,0.00251468267845907,0.0501466118342912,0.00444353456947895,0.00251968750708337,0.0501964889915955,0,0,0,0,0,0,0.00444353456947895,0.00251968750708337,0.0501964889915955,4.55151975135102e-06,4.55151975135102e-06,9.55453164502851e-19,9.55453164502851e-19,0,2.05998412772246e-18,0,2.05998412772246e-18,0,0
commonData,2,B,P3,Complete cubic,dimensionless state,study2_pilot_20260918/fits/P3.mat,pilot,0,stationary,0.7,derived pilot,After 25 initialization transitions,25,NaN,held,clean,(dimensionless state)^2,NaN,1,0.1,29,29,0,-0.00241851681884018,8.34004089199225e-05,0.00913238243395022,4.54617186807715e-18,4.39352768563338e-34,2.09607435117015e-17,-0.00241851681884018,8.34004089199225e-05,0.00913238243395022,0,0,0,0,0,0,-0.00241851681884018,8.34004089199225e-05,0.00913238243395022,-6.06808122168361e-20,-6.06808122168361e-20,3.3575757904698e-20,3.3575757904698e-20,0,4.19372211829093e-22,0,4.19372211829093e-22,0,0
commonData,2,B,P3,Complete cubic,dimensionless state,study2_pilot_20260918/fits/P3.mat,pilot,0,stationary,0.7,derived pilot,After 25 initialization transitions,25,NaN,held,clean,(dimensionless state)^2,NaN,2,0.2,29,29,0,-0.00440590448334301,0.000244871477178761,0.0156483697930091,-1.33497472714189e-05,9.38083784502587e-08,0.000306281534621757,-0.00441925423061443,0.000251733071656997,0.0158660981862901,0,0,0,0,0,0,-0.00441925423061443,0.000251733071656997,0.0158660981862901,6.76778609978587e-06,6.76778609978587e-06,-2.5410988417629e-20,-2.5410988417629e-20,0,7.6232965252887e-20,0,7.6232965252887e-20,0,0
commonData,2,B,P3,Complete cubic,dimensionless state,study2_pilot_20260918/fits/P3.mat,pilot,0,stationary,0.7,derived pilot,After 25 initialization transitions,25,NaN,held,clean,(dimensionless state)^2,NaN,5,0.5,29,29,0,-0.00789394554390394,0.00063470509346389,0.0251933541527104,-0.000222387861160982,8.35352532341256e-06,0.00289024658522635,-0.00811633340506492,0.000748068825824325,0.0273508468940968,0,0,0,0,0,0,-0.00811633340506492,0.000748068825824325,0.0273508468940968,0.000105010207037022,0.000105010207037022,4.06575814682064e-20,4.06575814682064e-20,0,1.62630325872826e-19,0,1.62630325872826e-19,0,0
commonData,2,B,P3,Complete cubic,dimensionless state,study2_pilot_20260918/fits/P3.mat,pilot,0,stationary,0.7,derived pilot,After 25 initialization transitions,25,NaN,held,clean,(dimensionless state)^2,NaN,10,1,29,29,0,-0.00948418258087034,0.000819526235622437,0.028627368646497,-0.0005728563766811,3.56672680544423e-05,0.00597220797146602,-0.0100570389575514,0.00110144298895792,0.033187994651047,0,0,0,0,0,0,-0.0100570389575514,0.00110144298895792,0.033187994651047,0.000246249485281045,0.000246249485281045,1.62630325872826e-19,1.62630325872826e-19,0,1.89735380184963e-19,0,1.89735380184963e-19,0,0
commonData,2,B,P3,Complete cubic,dimensionless state,study2_pilot_20260918/fits/P3.mat,pilot,0,stationary,0.7,derived pilot,After 25 initialization transitions,25,NaN,held,clean,(dimensionless state)^2,NaN,20,2,29,29,0,-0.00975648613163934,0.000846025176604477,0.0290865119360242,-0.000718491416762362,4.86097262713663e-05,0.00697206757507171,-0.0104749775484017,0.00118670988631512,0.0344486557983779,0,0,0,0,0,0,-0.0104749775484017,0.00118670988631512,0.0344486557983779,0.000292074983439273,0.000292074983439273,-1.0842021724855e-19,-1.0842021724855e-19,0,2.16840434497101e-19,0,2.16840434497101e-19,0,0
commonData,2,B,P3,Complete cubic,dimensionless state,study2_pilot_20260918/fits/P3.mat,pilot,0,stationary,0.7,derived pilot,After 25 initialization transitions,25,NaN,rateLimited,clean,(dimensionless state)^2,NaN,1,0.1,29,29,0,-0.00241851681884018,8.34004089199225e-05,0.00913238243395022,4.54617186807715e-18,4.39352768563338e-34,2.09607435117015e-17,-0.00241851681884018,8.34004089199225e-05,0.00913238243395022,0,0,0,0,0,0,-0.00241851681884018,8.34004089199225e-05,0.00913238243395022,-6.06808122168361e-20,-6.06808122168361e-20,3.3575757904698e-20,3.3575757904698e-20,0,4.19372211829093e-22,0,4.19372211829093e-22,0,0
commonData,2,B,P3,Complete cubic,dimensionless state,study2_pilot_20260918/fits/P3.mat,pilot,0,stationary,0.7,derived pilot,After 25 initialization transitions,25,NaN,rateLimited,clean,(dimensionless state)^2,NaN,2,0.2,29,29,0,-0.00457999916213541,0.000169535791399677,0.0130205910541602,-0.000433932046588366,2.6548484869684e-06,0.00162937057999965,-0.00501393120872377,0.000146484573905952,0.0121030811740627,0,0,0,0,0,0,-0.00501393120872377,0.000146484573905952,0.0121030811740627,-2.57060659806934e-05,-2.57060659806934e-05,3.3881317890172e-21,3.3881317890172e-21,0,3.72694496791892e-20,0,3.72694496791892e-20,0,0
commonData,2,B,P3,Complete cubic,dimensionless state,study2_pilot_20260918/fits/P3.mat,pilot,0,stationary,0.7,derived pilot,After 25 initialization transitions,25,NaN,rateLimited,clean,(dimensionless state)^2,NaN,5,0.5,29,29,0,-0.01055687021223,0.000395846672252168,0.0198958958645286,-0.00504125128857089,0.000196268698008366,0.0140095930707628,-0.0155981215008009,0.000498829216417109,0.0223344849149719,0,0,0,0,0,0,-0.0155981215008009,0.000498829216417109,0.0223344849149719,-9.32861538434252e-05,-9.32861538434252e-05,-1.49077798716757e-19,-1.49077798716757e-19,0,1.0842021724855e-19,0,1.0842021724855e-19,0,0
commonData,2,B,P3,Complete cubic,dimensionless state,study2_pilot_20260918/fits/P3.mat,pilot,0,stationary,0.7,derived pilot,After 25 initialization transitions,25,NaN,rateLimited,clean,(dimensionless state)^2,NaN,10,1,29,29,0,-0.012034305711419,0.000623132375300424,0.0249626195600627,-0.00488500386774854,0.000627317981537602,0.0250463167259699,-0.0169193095791675,0.000614241849363427,0.0247839030292532,0,0,0,0,0,0,-0.0169193095791675,0.000614241849363427,0.0247839030292532,-0.000636208507474599,-0.000636208507474599,0,0,0,4.33680868994202e-19,0,4.33680868994202e-19,0,0
commonData,2,B,P3,Complete cubic,dimensionless state,study2_pilot_20260918/fits/P3.mat,pilot,0,stationary,0.7,derived pilot,After 25 initialization transitions,25,NaN,rateLimited,clean,(dimensionless state)^2,NaN,20,2,29,29,0,-0.00752976715992777,0.000600322583958874,0.0245014812605049,-0.00506501590847433,0.000807872362405133,0.0284230955809731,-0.0125947830684021,0.001275088331074,0.0357083790037297,0,0,0,0,0,0,-0.0125947830684021,0.001275088331074,0.0357083790037297,-0.000133106615290002,-0.000133106615290002,-1.35525271560688e-19,-1.35525271560688e-19,0,8.67361737988404e-19,0,8.67361737988404e-19,0,0
commonData,2,B,P3,Complete cubic,dimensionless state,study2_pilot_20260918/fits/P3.mat,pilot,0,stationary,0.7,derived pilot,After 50 initialization transitions,50,NaN,held,clean,(dimensionless state)^2,NaN,1,0.1,29,29,0,0.00133666886526189,9.1772652088592e-06,0.00302940014010351,-2.27308593403857e-18,7.52523920080616e-34,2.74321694380998e-17,0.00133666886526189,9.17726520885923e-06,0.00302940014010352,0,0,0,0,0,0,0.00133666886526189,9.17726520885923e-06,0.00302940014010352,3.46479742916855e-20,3.46479742916855e-20,9.27409492994379e-22,9.27409492994379e-22,0,1.49600531494417e-21,0,1.49600531494417e-21,0,0
commonData,2,B,P3,Complete cubic,dimensionless state,study2_pilot_20260918/fits/P3.mat,pilot,0,stationary,0.7,derived pilot,After 50 initialization transitions,50,NaN,held,clean,(dimensionless state)^2,NaN,2,0.2,29,29,0,0.00228509588547107,2.70476581871248e-05,0.00520073631201629,3.33788147948058e-05,6.59031832706511e-09,8.11807756002929e-05,0.00231847470026587,2.76778991740919e-05,0.00526097891785282,0,0,0,0,0,0,0.00231847470026587,2.76778991740919e-05,0.00526097891785282,6.23650668640014e-07,6.23650668640014e-07,2.96461531539005e-21,2.96461531539005e-21,0,1.07996700774923e-20,0,1.07996700774923e-20,0,0
commonData,2,B,P3,Complete cubic,dimensionless state,study2_pilot_20260918/fits/P3.mat,pilot,0,stationary,0.7,derived pilot,After 50 initialization transitions,50,NaN,held,clean,(dimensionless state)^2,NaN,5,0.5,29,29,0,0.00360591905087783,7.03007344858118e-05,0.00838455332655305,0.000302717044649721,5.570607225121e-07,0.000746365006221554,0.00390863609552755,8.03783763377185e-05,0.00896539883874212,0,0,0,0,0,0,0.00390863609552755,8.03783763377185e-05,0.00896539883874212,9.52058112939462e-06,9.52058112939462e-06,3.21872519956634e-20,3.21872519956634e-20,0,2.03287907341032e-20,0,2.03287907341032e-20,0,0
commonData,2,B,P3,Complete cubic,dimensionless state,study2_pilot_20260918/fits/P3.mat,pilot,0,stationary,0.7,derived pilot,After 50 initialization transitions,50,NaN,held,clean,(dimensionless state)^2,NaN,10,1,29,29,0,0.00402301064140214,9.07494366069665e-05,0.00952624987111752,0.000605429316800126,2.28268763543248e-06,0.00151085658996229,0.00462843995820227,0.000115057219674688,0.0107264728440755,0,0,0,0,0,0,0.00462843995820227,0.000115057219674688,0.0107264728440755,2.20250954322893e-05,2.20250954322893e-05,3.3881317890172e-20,3.3881317890172e-20,0,4.06575814682064e-20,0,4.06575814682064e-20,0,0
commonData,2,B,P3,Complete cubic,dimensionless state,study2_pilot_20260918/fits/P3.mat,pilot,0,stationary,0.7,derived pilot,After 50 initialization transitions,50,NaN,held,clean,(dimensionless state)^2,NaN,20,2,29,29,0,0.00406760934281109,9.36727494616648e-05,0.00967846834275263,0.00069521967008472,3.03061679022737e-06,0.00174086667790138,0.00476282901289581,0.000122518396665295,0.0110688028560136,0,0,0,0,0,0,0.00476282901289581,0.000122518396665295,0.0110688028560136,2.58150304134032e-05,2.58150304134032e-05,-3.04931861011548e-20,-3.04931861011548e-20,0,4.06575814682064e-20,0,4.06575814682064e-20,0,0
commonData,2,B,P3,Complete cubic,dimensionless state,study2_pilot_20260918/fits/P3.mat,pilot,0,stationary,0.7,derived pilot,After 50 initialization transitions,50,NaN,rateLimited,clean,(dimensionless state)^2,NaN,1,0.1,29,29,0,0.00133666886526189,9.1772652088592e-06,0.00302940014010351,-2.27308593403857e-18,7.52523920080616e-34,2.74321694380998e-17,0.00133666886526189,9.17726520885923e-06,0.00302940014010352,0,0,0,0,0,0,0.00133666886526189,9.17726520885923e-06,0.00302940014010352,3.46479742916855e-20,3.46479742916855e-20,9.27409492994379e-22,9.27409492994379e-22,0,1.49600531494417e-21,0,1.49600531494417e-21,0,0
commonData,2,B,P3,Complete cubic,dimensionless state,study2_pilot_20260918/fits/P3.mat,pilot,0,stationary,0.7,derived pilot,After 50 initialization transitions,50,NaN,rateLimited,clean,(dimensionless state)^2,NaN,2,0.2,29,29,0,0.00185476682050668,1.65197369064914e-05,0.0040644479214884,-0.000221376765583977,4.30063537706846e-06,0.00207379733268911,0.0016333900549227,8.88722591084652e-06,0.00298114506705838,0,0,0,0,0,0,0.0016333900549227,8.88722591084652e-06,0.00298114506705838,-1.19331463727133e-05,-1.19331463727133e-05,0,0,0,6.7762635780344e-21,0,6.7762635780344e-21,0,0
commonData,2,B,P3,Complete cubic,dimensionless state,study2_pilot_20260918/fits/P3.mat,pilot,0,stationary,0.7,derived pilot,After 50 initialization transitions,50,NaN,rateLimited,clean,(dimensionless state)^2,NaN,5,0.5,29,29,0,0.00197486130841719,3.08752927226614e-05,0.00555655403309114,-0.00372751453526448,0.000311406643868081,0.0176467176513957,-0.00175265322684729,0.000256802186523607,0.0160250487214113,0,0,0,0,0,0,-0.00175265322684729,0.000256802186523607,0.0160250487214113,-8.54797500671354e-05,-8.54797500671354e-05,-9.48676900924816e-20,-9.48676900924816e-20,0,1.0842021724855e-19,0,1.0842021724855e-19,0,0
commonData,2,B,P3,Complete cubic,dimensionless state,study2_pilot_20260918/fits/P3.mat,pilot,0,stationary,0.7,derived pilot,After 50 initialization transitions,50,NaN,rateLimited,clean,(dimensionless state)^2,NaN,10,1,29,29,0,0.00170261113090882,5.48085040223525e-05,0.0074032765734067,0.00235934770175491,0.000501990989716592,0.0224051554271911,0.00406195883266373,0.000398852678659944,0.0199712963690378,0,0,0,0,0,0,0.00406195883266373,0.000398852678659944,0.0199712963690378,-0.000157946815079,-0.000157946815079,-1.0842021724855e-19,-1.0842021724855e-19,0,2.18534500391609e-19,0,2.18534500391609e-19,0,0
commonData,2,B,P3,Complete cubic,dimensionless state,study2_pilot_20260918/fits/P3.mat,pilot,0,stationary,0.7,derived pilot,After 50 initialization transitions,50,NaN,rateLimited,clean,(dimensionless state)^2,NaN,20,2,29,29,0,0.00314625508756582,6.0019769226589e-05,0.00774724268540679,0.00754380807703232,0.00182548954195983,0.0427257479976633,0.0106900631645981,0.00202701701689869,0.0450224057209151,0,0,0,0,0,0,0.0106900631645981,0.00202701701689869,0.0450224057209151,0.000141507705712277,0.000141507705712277,2.43945488809238e-19,2.43945488809238e-19,0,1.73472347597681e-18,0,1.73472347597681e-18,0,0
commonData,2,B,P3,Complete cubic,dimensionless state,study2_pilot_20260918/fits/P3.mat,pilot,0,stationary,0.7,derived pilot,After 100 initialization transitions,100,NaN,held,clean,(dimensionless state)^2,NaN,1,0.1,29,29,0,0.00027116256984811,1.54368738225461e-06,0.00124245216497643,2.57217618851733e-18,1.13418180453408e-34,1.06497972024545e-17,0.000271162569848112,1.5436873822546e-06,0.00124245216497642,0,0,0,0,0,0,0.000271162569848112,1.5436873822546e-06,0.00124245216497642,-4.84191049660299e-21,-4.84191049660299e-21,-2.85289501093544e-23,-2.85289501093544e-23,0,3.15025703949748e-22,0,3.15025703949748e-22,0,0
commonData,2,B,P3,Complete cubic,dimensionless state,study2_pilot_20260918/fits/P3.mat,pilot,0,stationary,0.7,derived pilot,After 100 initialization transitions,100,NaN,held,clean,(dimensionless state)^2,NaN,2,0.2,29,29,0,0.000465572840493837,4.59876144335942e-06,0.00214447229950853,7.20959473866301e-06,8.44073675058687e-10,2.90529460650497e-05,0.0004727824352325,4.69499646724628e-06,0.00216679405279927,0,0,0,0,0,0,0.0004727824352325,4.69499646724628e-06,0.00216679405279927,9.5390950211805e-08,9.5390950211805e-08,1.54848210669927e-21,1.54848210669927e-21,0,7.41153828847513e-22,0,7.41153828847513e-22,0,0
commonData,2,B,P3,Complete cubic,dimensionless state,study2_pilot_20260918/fits/P3.mat,pilot,0,stationary,0.7,derived pilot,After 100 initialization transitions,100,NaN,held,clean,(dimensionless state)^2,NaN,5,0.5,29,29,0,0.000741885522601488,1.22163722133854e-05,0.00349519272907595,6.23175959362327e-05,7.59313193479318e-08,0.000275556381432062,0.00080420311853772,1.38256962341024e-05,0.00371829211252994,0,0,0,0,0,0,0.00080420311853772,1.38256962341024e-05,0.00371829211252994,1.53339270136903e-06,1.53339270136903e-06,-2.11758236813575e-22,-2.11758236813575e-22,0,2.5410988417629e-21,0,2.5410988417629e-21,0,0
commonData,2,B,P3,Complete cubic,dimensionless state,study2_pilot_20260918/fits/P3.mat,pilot,0,stationary,0.7,derived pilot,After 100 initialization transitions,100,NaN,held,clean,(dimensionless state)^2,NaN,10,1,29,29,0,0.000835417167527515,1.59510368928638e-05,0.00399387492203547,0.000121308473266249,3.20540352300907e-07,0.000566162831967012,0.000956725640793765,1.99100524952528e-05,0.00446206818585876,0,0,0,0,0,0,0.000956725640793765,1.99100524952528e-05,0.00446206818585876,3.63847525008812e-06,3.63847525008812e-06,-7.6232965252887e-21,-7.6232965252887e-21,0,4.55280209149186e-21,0,4.55280209149186e-21,0,0
commonData,2,B,P3,Complete cubic,dimensionless state,study2_pilot_20260918/fits/P3.mat,pilot,0,stationary,0.7,derived pilot,After 100 initialization transitions,100,NaN,held,clean,(dimensionless state)^2,NaN,20,2,29,29,0,0.000847202548210542,1.65055799988927e-05,0.00406270599464109,0.000138249416870679,4.27886799738143e-07,0.000654130567805956,0.000985451965081221,2.12171347978643e-05,0.00460620611760528,0,0,0,0,0,0,0.000985451965081221,2.12171347978643e-05,0.00460620611760528,4.28366799923349e-06,4.28366799923349e-06,-1.6940658945086e-21,-1.6940658945086e-21,0,5.0821976835258e-21,0,5.0821976835258e-21,0,0
commonData,2,B,P3,Complete cubic,dimensionless state,study2_pilot_20260918/fits/P3.mat,pilot,0,stationary,0.7,derived pilot,After 100 initialization transitions,100,NaN,rateLimited,clean,(dimensionless state)^2,NaN,1,0.1,29,29,0,0.00027116256984811,1.54368738225461e-06,0.00124245216497643,2.57217618851733e-18,1.13418180453408e-34,1.06497972024545e-17,0.000271162569848112,1.5436873822546e-06,0.00124245216497642,0,0,0,0,0,0,0.000271162569848112,1.5436873822546e-06,0.00124245216497642,-4.84191049660299e-21,-4.84191049660299e-21,-2.85289501093544e-23,-2.85289501093544e-23,0,3.15025703949748e-22,0,3.15025703949748e-22,0,0
commonData,2,B,P3,Complete cubic,dimensionless state,study2_pilot_20260918/fits/P3.mat,pilot,0,stationary,0.7,derived pilot,After 100 initialization transitions,100,NaN,rateLimited,clean,(dimensionless state)^2,NaN,2,0.2,29,29,0,0.000332657150388467,2.65143628080221e-06,0.00162832314999272,-0.000358086333994437,4.95005290383639e-06,0.00222487143535,-2.54291836059695e-05,2.02829078506665e-06,0.00142418074171316,0,0,0,0,0,0,-2.54291836059695e-05,2.02829078506665e-06,0.00142418074171316,-5.57319839957195e-06,-5.57319839957195e-06,-1.6940658945086e-21,-1.6940658945086e-21,0,3.3881317890172e-21,0,3.3881317890172e-21,0,0
commonData,2,B,P3,Complete cubic,dimensionless state,study2_pilot_20260918/fits/P3.mat,pilot,0,stationary,0.7,derived pilot,After 100 initialization transitions,100,NaN,rateLimited,clean,(dimensionless state)^2,NaN,5,0.5,29,29,0,0.000112220790141305,5.49310920408664e-06,0.0023437382968426,-0.00483663803774311,0.000381356157524033,0.0195283424161917,-0.00472441724760181,0.000352396829038752,0.0187722355897946,0,0,0,0,0,0,-0.00472441724760181,0.000352396829038752,0.0187722355897946,-3.4452437689368e-05,-3.4452437689368e-05,1.55854062294791e-19,1.55854062294791e-19,0,1.35525271560688e-19,0,1.35525271560688e-19,0,0
commonData,2,B,P3,Complete cubic,dimensionless state,study2_pilot_20260918/fits/P3.mat,pilot,0,stationary,0.7,derived pilot,After 100 initialization transitions,100,NaN,rateLimited,clean,(dimensionless state)^2,NaN,10,1,29,29,0,7.43302239831669e-05,9.69790090009157e-06,0.00311414529206515,-0.00046240600407151,0.00064663839208202,0.0254290855533977,-0.000388075780088344,0.000591385828764622,0.0243184257048976,0,0,0,0,0,0,-0.000388075780088344,0.000591385828764622,0.0243184257048976,-6.4950464217489e-05,-6.4950464217489e-05,-9.48676900924816e-20,-9.48676900924816e-20,0,4.33680868994202e-19,0,4.33680868994202e-19,0,0
commonData,2,B,P3,Complete cubic,dimensionless state,study2_pilot_20260918/fits/P3.mat,pilot,0,stationary,0.7,derived pilot,After 100 initialization transitions,100,NaN,rateLimited,clean,(dimensionless state)^2,NaN,20,2,29,29,0,0.000669145297804197,1.00528530407155e-05,0.00317062344669239,0.00517875981456979,0.00223093114770249,0.0472327338580194,0.00584790511237399,0.00230593947411643,0.0480201986055496,0,0,0,0,0,0,0.00584790511237399,0.00230593947411643,0.0480201986055496,6.49554733732235e-05,6.49554733732235e-05,-1.57209315010398e-18,-1.57209315010398e-18,0,7.37257477290143e-18,0,7.37257477290143e-18,0,0
commonData,2,B,P3,Complete cubic,dimensionless state,study2_pilot_20260918/fits/P3.mat,pilot,0,stationary,0.7,derived pilot,After 200 initialization transitions,200,NaN,held,clean,(dimensionless state)^2,NaN,1,0.1,29,29,0,1.58481556194947e-05,2.45259218500993e-07,0.000495236527833916,7.77634661644776e-19,2.74984609516496e-35,5.24389749629506e-18,1.58481556194954e-05,2.45259218500992e-07,0.000495236527833915,0,0,0,0,0,0,1.58481556194954e-05,2.45259218500992e-07,0.000495236527833915,-1.21804141175408e-21,-1.21804141175408e-21,4.31550075999016e-25,4.31550075999016e-25,0,2.42387414080777e-23,0,2.42387414080777e-23,0,0
commonData,2,B,P3,Complete cubic,dimensionless state,study2_pilot_20260918/fits/P3.mat,pilot,0,stationary,0.7,derived pilot,After 200 initialization transitions,200,NaN,held,clean,(dimensionless state)^2,NaN,2,0.2,29,29,0,2.94355727362138e-05,7.27517273989016e-07,0.000852946231593185,-1.14568121567611e-06,1.26865980732247e-10,1.12634799565785e-05,2.82898915205377e-05,7.4142337521957e-07,0.000861059449294629,0,0,0,0,0,0,2.82898915205377e-05,7.4142337521957e-07,0.000861059449294629,1.37792352498218e-08,1.37792352498218e-08,-1.62127400060393e-22,-1.62127400060393e-22,0,1.38966342908909e-22,0,1.38966342908909e-22,0,0
commonData,2,B,P3,Complete cubic,dimensionless state,study2_pilot_20260918/fits/P3.mat,pilot,0,stationary,0.7,derived pilot,After 200 initialization transitions,200,NaN,held,clean,(dimensionless state)^2,NaN,5,0.5,29,29,0,6.10256844516569e-05,1.91787219422298e-06,0.00138487262743654,-1.0923296771094e-05,1.19019027403374e-08,0.000109095841993805,5.01023876805628e-05,2.15474938079999e-06,0.0014679064618701,0,0,0,0,0,0,5.01023876805628e-05,2.15474938079999e-06,0.0014679064618701,2.24975283836673e-07,2.24975283836673e-07,1.85288457211878e-22,1.85288457211878e-22,0,5.22778147133513e-22,0,5.22778147133513e-22,0,0
commonData,2,B,P3,Complete cubic,dimensionless state,study2_pilot_20260918/fits/P3.mat,pilot,0,stationary,0.7,derived pilot,After 200 initialization transitions,200,NaN,held,clean,(dimensionless state)^2,NaN,10,1,29,29,0,8.32608370860669e-05,2.49323948689346e-06,0.0015789995208655,-2.23409179140427e-05,5.0670928413458e-08,0.00022510204000288,6.09199191720242e-05,3.07605798164169e-06,0.001753869431184,0,0,0,0,0,0,6.09199191720242e-05,3.07605798164169e-06,0.001753869431184,5.32147566334768e-07,5.32147566334768e-07,2.11758236813575e-22,2.11758236813575e-22,0,6.35274710440725e-22,0,6.35274710440725e-22,0,0
commonData,2,B,P3,Complete cubic,dimensionless state,study2_pilot_20260918/fits/P3.mat,pilot,0,stationary,0.7,derived pilot,After 200 initialization transitions,200,NaN,held,clean,(dimensionless state)^2,NaN,20,2,29,29,0,8.88177026929418e-05,2.57767390948075e-06,0.00160551359679099,-2.5737784501195e-05,6.76232848357776e-08,0.000260044774675012,6.30799181917468e-05,3.2700773233532e-06,0.00180833551183214,0,0,0,0,0,0,6.30799181917468e-05,3.2700773233532e-06,0.00180833551183214,6.24780129036667e-07,6.24780129036667e-07,-9.52912065661088e-22,-9.52912065661088e-22,0,7.41153828847513e-22,0,7.41153828847513e-22,0,0
commonData,2,B,P3,Complete cubic,dimensionless state,study2_pilot_20260918/fits/P3.mat,pilot,0,stationary,0.7,derived pilot,After 200 initialization transitions,200,NaN,rateLimited,clean,(dimensionless state)^2,NaN,1,0.1,29,29,0,1.58481556194947e-05,2.45259218500993e-07,0.000495236527833916,7.77634661644776e-19,2.74984609516496e-35,5.24389749629506e-18,1.58481556194954e-05,2.45259218500992e-07,0.000495236527833915,0,0,0,0,0,0,1.58481556194954e-05,2.45259218500992e-07,0.000495236527833915,-1.21804141175408e-21,-1.21804141175408e-21,4.31550075999016e-25,4.31550075999016e-25,0,2.42387414080777e-23,0,2.42387414080777e-23,0,0
commonData,2,B,P3,Complete cubic,dimensionless state,study2_pilot_20260918/fits/P3.mat,pilot,0,stationary,0.7,derived pilot,After 200 initialization transitions,200,NaN,rateLimited,clean,(dimensionless state)^2,NaN,2,0.2,29,29,0,-2.5193396249992e-06,4.33532466862182e-07,0.00065843182400472,-0.000390227256026388,5.29106843789794e-06,0.0023002322573814,-0.000392746595651387,3.48621387046031e-06,0.00186714055990981,0,0,0,0,0,0,-0.000392746595651387,3.48621387046031e-06,0.00186714055990981,-2.23838703429982e-06,-2.23838703429982e-06,8.470329472543e-22,8.470329472543e-22,0,2.5410988417629e-21,0,2.5410988417629e-21,0,0
commonData,2,B,P3,Complete cubic,dimensionless state,study2_pilot_20260918/fits/P3.mat,pilot,0,stationary,0.7,derived pilot,After 200 initialization transitions,200,NaN,rateLimited,clean,(dimensionless state)^2,NaN,5,0.5,29,29,0,-0.000227585203994251,9.77924733018334e-07,0.000988900770056498,-0.00517592676700496,0.000414834124847836,0.0203674771350758,-0.00540351197099921,0.000409527780039166,0.0202367927310423,0,0,0,0,0,0,-0.00540351197099921,0.000409527780039166,0.0202367927310423,-6.28426954168846e-06,-6.28426954168846e-06,1.13502414932076e-19,1.13502414932076e-19,0,1.55854062294791e-19,0,1.55854062294791e-19,0,0
commonData,2,B,P3,Complete cubic,dimensionless state,study2_pilot_20260918/fits/P3.mat,pilot,0,stationary,0.7,derived pilot,After 200 initialization transitions,200,NaN,rateLimited,clean,(dimensionless state)^2,NaN,10,1,29,29,0,-0.000145422451968519,1.3050618370752e-06,0.00114239303091152,-0.00132761336400266,0.000739885804653561,0.0272008419842762,-0.00147303581597118,0.000726143623688594,0.0269470522263307,0,0,0,0,0,0,-0.00147303581597118,0.000726143623688594,0.0269470522263307,-1.50472428020426e-05,-1.50472428020426e-05,-1.35525271560688e-20,-1.35525271560688e-20,0,2.43945488809238e-19,0,2.43945488809238e-19,0,0
commonData,2,B,P3,Complete cubic,dimensionless state,study2_pilot_20260918/fits/P3.mat,pilot,0,stationary,0.7,derived pilot,After 200 initialization transitions,200,NaN,rateLimited,clean,(dimensionless state)^2,NaN,20,2,29,29,0,1.34289388340898e-05,1.28119643957882e-06,0.00113189948298372,0.00455003423786674,0.00249493654525986,0.0499493397880278,0.00456346317670083,0.00251973922312775,0.0501970041250247,0,0,0,0,0,0,0.00456346317670083,0.00251973922312775,0.0501970041250247,2.35214814283072e-05,2.35214814283072e-05,8.91078660511524e-19,8.91078660511524e-19,0,4.06575814682064e-18,0,4.06575814682064e-18,0,0
commonData,2,B,K,Known-model reference,dimensionless state,study2_pilot_20260918/fits/K.mat,pilot,0,stationary,0.7,derived pilot,After 25 initialization transitions,25,NaN,held,clean,(dimensionless state)^2,NaN,1,0.1,29,29,0,1.13654296701929e-17,1.06299710939132e-33,3.26036364442882e-17,1.91417762866406e-18,5.31291019141306e-35,7.28897125211306e-18,1.32796072988569e-17,1.11612621130545e-33,3.34084751418775e-17,0,0,0,0,0,0,1.32796072988569e-17,1.11612621130545e-33,3.34084751418775e-17,0,0,-6.41463530422127e-50,-6.41463530422127e-50,0,0,0,0,0,0
commonData,2,B,K,Known-model reference,dimensionless state,study2_pilot_20260918/fits/K.mat,pilot,0,stationary,0.7,derived pilot,After 25 initialization transitions,25,NaN,held,clean,(dimensionless state)^2,NaN,2,0.2,29,29,0,8.73343543077979e-18,1.51625476009624e-33,3.89391160672176e-17,1.79454152687256e-17,2.00728388169325e-33,4.48027218112164e-17,2.66788506995054e-17,4.1046381939753e-33,6.40674503470779e-17,0,0,0,0,0,0,2.66788506995054e-17,4.1046381939753e-33,6.40674503470779e-17,5.81099552185804e-34,5.81099552185804e-34,8.55284707229503e-50,8.55284707229503e-50,0,0,0,0,0,0
commonData,2,B,K,Known-model reference,dimensionless state,study2_pilot_20260918/fits/K.mat,pilot,0,stationary,0.7,derived pilot,After 25 initialization transitions,25,NaN,held,clean,(dimensionless state)^2,NaN,5,0.5,29,29,0,1.45956044185635e-17,1.76156178534039e-33,4.19709635979494e-17,-1.07672491612354e-18,6.60502655280907e-33,8.12713144523273e-17,1.35188795024399e-17,8.48612881745626e-33,9.2120186807541e-17,0,0,0,0,0,0,1.35188795024399e-17,8.48612881745626e-33,9.2120186807541e-17,1.19540479306794e-34,1.19540479306794e-34,-1.92439059126638e-49,-1.92439059126638e-49,0,0,0,0,0,0
commonData,2,B,K,Known-model reference,dimensionless state,study2_pilot_20260918/fits/K.mat,pilot,0,stationary,0.7,derived pilot,After 25 initialization transitions,25,NaN,held,clean,(dimensionless state)^2,NaN,10,1,29,29,0,6.57998559853272e-18,5.59930925641892e-34,2.36628596251994e-17,1.53134210293125e-17,1.20461937168117e-32,1.09755153486348e-16,2.18934066278452e-17,1.29805187825047e-32,1.13932079690071e-16,0,0,0,0,0,0,2.18934066278452e-17,1.29805187825047e-32,1.13932079690071e-16,3.74394140051139e-34,3.74394140051139e-34,3.03626071066473e-48,3.03626071066473e-48,0,0,0,0,0,0
commonData,2,B,K,Known-model reference,dimensionless state,study2_pilot_20260918/fits/K.mat,pilot,0,stationary,0.7,derived pilot,After 25 initialization transitions,25,NaN,held,clean,(dimensionless state)^2,NaN,20,2,29,29,0,1.10065213648184e-17,1.27924915702618e-33,3.57665927511439e-17,-6.57998559853272e-18,1.24110412213627e-32,1.1140485277295e-16,4.42653576628565e-18,1.02941785669715e-32,1.01460231455342e-16,0,0,0,0,0,0,4.42653576628565e-18,1.02941785669715e-32,1.01460231455342e-16,-3.39611181141732e-33,-3.39611181141732e-33,-6.84227765783602e-49,-6.84227765783602e-49,0,0,0,0,0,0
commonData,2,B,K,Known-model reference,dimensionless state,study2_pilot_20260918/fits/K.mat,pilot,0,stationary,0.7,derived pilot,After 25 initialization transitions,25,NaN,rateLimited,clean,(dimensionless state)^2,NaN,1,0.1,29,29,0,1.13654296701929e-17,1.06299710939132e-33,3.26036364442882e-17,1.91417762866406e-18,5.31291019141306e-35,7.28897125211306e-18,1.32796072988569e-17,1.11612621130545e-33,3.34084751418775e-17,0,0,0,0,0,0,1.32796072988569e-17,1.11612621130545e-33,3.34084751418775e-17,0,0,-6.41463530422127e-50,-6.41463530422127e-50,0,0,0,0,0,0
commonData,2,B,K,Known-model reference,dimensionless state,study2_pilot_20260918/fits/K.mat,pilot,0,stationary,0.7,derived pilot,After 25 initialization transitions,25,NaN,rateLimited,clean,(dimensionless state)^2,NaN,2,0.2,29,29,0,1.43563322149805e-17,1.08914658923968e-33,3.30022209743477e-17,-0.0004130701438676,5.993500552657e-06,0.00244816268917264,-0.000413070143867586,5.99350055265697e-06,0.00244816268917263,0,0,0,0,0,0,-0.000413070143867586,5.99350055265697e-06,0.00244816268917263,-3.59850574147643e-20,-3.59850574147643e-20,-4.37359317170654e-22,-4.37359317170654e-22,0,2.02112603874219e-21,0,2.02112603874219e-21,0,0
commonData,2,B,K,Known-model reference,dimensionless state,study2_pilot_20260918/fits/K.mat,pilot,0,stationary,0.7,derived pilot,After 25 initialization transitions,25,NaN,rateLimited,clean,(dimensionless state)^2,NaN,5,0.5,29,29,0,1.43563322149805e-17,1.18212251758941e-33,3.43820086322688e-17,-0.00553422081089686,0.000483505791211932,0.0219887651133922,-0.00553422081089684,0.000483505791211933,0.0219887651133922,0,0,0,0,0,0,-0.00553422081089684,0.000483505791211933,0.0219887651133922,9.66072557946631e-20,9.66072557946631e-20,1.18129614538873e-20,1.18129614538873e-20,0,1.35288689996673e-19,0,1.35288689996673e-19,0,0
commonData,2,B,K,Known-model reference,dimensionless state,study2_pilot_20260918/fits/K.mat,pilot,0,stationary,0.7,derived pilot,After 25 initialization transitions,25,NaN,rateLimited,clean,(dimensionless state)^2,NaN,10,1,29,29,0,1.53134210293125e-17,2.76271329953479e-33,5.25615191897532e-17,-0.00157593244875014,0.000875202643109237,0.0295838240109225,-0.00157593244875012,0.000875202643109237,0.0295838240109225,0,0,0,0,0,0,-0.00157593244875012,0.000875202643109237,0.0295838240109225,6.48605109451551e-19,6.48605109451551e-19,-2.14924240457349e-19,-2.14924240457349e-19,0,9.51696396958166e-20,0,9.51696396958166e-20,0,0
commonData,2,B,K,Known-model reference,dimensionless state,study2_pilot_20260918/fits/K.mat,pilot,0,stationary,0.7,derived pilot,After 25 initialization transitions,25,NaN,rateLimited,clean,(dimensionless state)^2,NaN,20,2,29,29,0,2.12952261188877e-17,3.34879370502505e-33,5.78687627742727e-17,0.00459137223217181,0.00281987271712986,0.0531024737383285,0.00459137223217183,0.00281987271712986,0.0531024737383285,0,0,0,0,0,0,0.00459137223217183,0.00281987271712986,0.0531024737383285,5.9389160157667e-19,5.9389160157667e-19,-1.60210732582468e-19,-1.60210732582468e-19,0,2.93038438342214e-18,0,2.93038438342214e-18,0,0
commonData,2,B,K,Known-model reference,dimensionless state,study2_pilot_20260918/fits/K.mat,pilot,0,stationary,0.7,derived pilot,After 50 initialization transitions,50,NaN,held,clean,(dimensionless state)^2,NaN,1,0.1,29,29,0,1.13654296701929e-17,1.06299710939132e-33,3.26036364442882e-17,1.91417762866406e-18,5.31291019141306e-35,7.28897125211306e-18,1.32796072988569e-17,1.11612621130545e-33,3.34084751418775e-17,0,0,0,0,0,0,1.32796072988569e-17,1.11612621130545e-33,3.34084751418775e-17,0,0,-6.41463530422127e-50,-6.41463530422127e-50,0,0,0,0,0,0
commonData,2,B,K,Known-model reference,dimensionless state,study2_pilot_20260918/fits/K.mat,pilot,0,stationary,0.7,derived pilot,After 50 initialization transitions,50,NaN,held,clean,(dimensionless state)^2,NaN,2,0.2,29,29,0,8.73343543077979e-18,1.51625476009624e-33,3.89391160672176e-17,1.79454152687256e-17,2.00728388169325e-33,4.48027218112164e-17,2.66788506995054e-17,4.1046381939753e-33,6.40674503470779e-17,0,0,0,0,0,0,2.66788506995054e-17,4.1046381939753e-33,6.40674503470779e-17,5.81099552185804e-34,5.81099552185804e-34,8.55284707229503e-50,8.55284707229503e-50,0,0,0,0,0,0
commonData,2,B,K,Known-model reference,dimensionless state,study2_pilot_20260918/fits/K.mat,pilot,0,stationary,0.7,derived pilot,After 50 initialization transitions,50,NaN,held,clean,(dimensionless state)^2,NaN,5,0.5,29,29,0,1.45956044185635e-17,1.76156178534039e-33,4.19709635979494e-17,-1.07672491612354e-18,6.60502655280907e-33,8.12713144523273e-17,1.35188795024399e-17,8.48612881745626e-33,9.2120186807541e-17,0,0,0,0,0,0,1.35188795024399e-17,8.48612881745626e-33,9.2120186807541e-17,1.19540479306794e-34,1.19540479306794e-34,-1.92439059126638e-49,-1.92439059126638e-49,0,0,0,0,0,0
commonData,2,B,K,Known-model reference,dimensionless state,study2_pilot_20260918/fits/K.mat,pilot,0,stationary,0.7,derived pilot,After 50 initialization transitions,50,NaN,held,clean,(dimensionless state)^2,NaN,10,1,29,29,0,6.57998559853272e-18,5.59930925641892e-34,2.36628596251994e-17,1.53134210293125e-17,1.20461937168117e-32,1.09755153486348e-16,2.18934066278452e-17,1.29805187825047e-32,1.13932079690071e-16,0,0,0,0,0,0,2.18934066278452e-17,1.29805187825047e-32,1.13932079690071e-16,3.74394140051139e-34,3.74394140051139e-34,3.03626071066473e-48,3.03626071066473e-48,0,0,0,0,0,0
commonData,2,B,K,Known-model reference,dimensionless state,study2_pilot_20260918/fits/K.mat,pilot,0,stationary,0.7,derived pilot,After 50 initialization transitions,50,NaN,held,clean,(dimensionless state)^2,NaN,20,2,29,29,0,1.10065213648184e-17,1.27924915702618e-33,3.57665927511439e-17,-6.57998559853272e-18,1.24110412213627e-32,1.1140485277295e-16,4.42653576628565e-18,1.02941785669715e-32,1.01460231455342e-16,0,0,0,0,0,0,4.42653576628565e-18,1.02941785669715e-32,1.01460231455342e-16,-3.39611181141732e-33,-3.39611181141732e-33,-6.84227765783602e-49,-6.84227765783602e-49,0,0,0,0,0,0
commonData,2,B,K,Known-model reference,dimensionless state,study2_pilot_20260918/fits/K.mat,pilot,0,stationary,0.7,derived pilot,After 50 initialization transitions,50,NaN,rateLimited,clean,(dimensionless state)^2,NaN,1,0.1,29,29,0,1.13654296701929e-17,1.06299710939132e-33,3.26036364442882e-17,1.91417762866406e-18,5.31291019141306e-35,7.28897125211306e-18,1.32796072988569e-17,1.11612621130545e-33,3.34084751418775e-17,0,0,0,0,0,0,1.32796072988569e-17,1.11612621130545e-33,3.34084751418775e-17,0,0,-6.41463530422127e-50,-6.41463530422127e-50,0,0,0,0,0,0
commonData,2,B,K,Known-model reference,dimensionless state,study2_pilot_20260918/fits/K.mat,pilot,0,stationary,0.7,derived pilot,After 50 initialization transitions,50,NaN,rateLimited,clean,(dimensionless state)^2,NaN,2,0.2,29,29,0,1.43563322149805e-17,1.08914658923968e-33,3.30022209743477e-17,-0.0004130701438676,5.993500552657e-06,0.00244816268917264,-0.000413070143867586,5.99350055265697e-06,0.00244816268917263,0,0,0,0,0,0,-0.000413070143867586,5.99350055265697e-06,0.00244816268917263,-3.59850574147643e-20,-3.59850574147643e-20,-4.37359317170654e-22,-4.37359317170654e-22,0,2.02112603874219e-21,0,2.02112603874219e-21,0,0
commonData,2,B,K,Known-model reference,dimensionless state,study2_pilot_20260918/fits/K.mat,pilot,0,stationary,0.7,derived pilot,After 50 initialization transitions,50,NaN,rateLimited,clean,(dimensionless state)^2,NaN,5,0.5,29,29,0,1.43563322149805e-17,1.18212251758941e-33,3.43820086322688e-17,-0.00553422081089686,0.000483505791211932,0.0219887651133922,-0.00553422081089684,0.000483505791211933,0.0219887651133922,0,0,0,0,0,0,-0.00553422081089684,0.000483505791211933,0.0219887651133922,9.66072557946631e-20,9.66072557946631e-20,1.18129614538873e-20,1.18129614538873e-20,0,1.35288689996673e-19,0,1.35288689996673e-19,0,0
commonData,2,B,K,Known-model reference,dimensionless state,study2_pilot_20260918/fits/K.mat,pilot,0,stationary,0.7,derived pilot,After 50 initialization transitions,50,NaN,rateLimited,clean,(dimensionless state)^2,NaN,10,1,29,29,0,1.53134210293125e-17,2.76271329953479e-33,5.25615191897532e-17,-0.00157593244875014,0.000875202643109237,0.0295838240109225,-0.00157593244875012,0.000875202643109237,0.0295838240109225,0,0,0,0,0,0,-0.00157593244875012,0.000875202643109237,0.0295838240109225,6.48605109451551e-19,6.48605109451551e-19,-2.14924240457349e-19,-2.14924240457349e-19,0,9.51696396958166e-20,0,9.51696396958166e-20,0,0
commonData,2,B,K,Known-model reference,dimensionless state,study2_pilot_20260918/fits/K.mat,pilot,0,stationary,0.7,derived pilot,After 50 initialization transitions,50,NaN,rateLimited,clean,(dimensionless state)^2,NaN,20,2,29,29,0,2.12952261188877e-17,3.34879370502505e-33,5.78687627742727e-17,0.00459137223217181,0.00281987271712986,0.0531024737383285,0.00459137223217183,0.00281987271712986,0.0531024737383285,0,0,0,0,0,0,0.00459137223217183,0.00281987271712986,0.0531024737383285,5.9389160157667e-19,5.9389160157667e-19,-1.60210732582468e-19,-1.60210732582468e-19,0,2.93038438342214e-18,0,2.93038438342214e-18,0,0
commonData,2,B,K,Known-model reference,dimensionless state,study2_pilot_20260918/fits/K.mat,pilot,0,stationary,0.7,derived pilot,After 100 initialization transitions,100,NaN,held,clean,(dimensionless state)^2,NaN,1,0.1,29,29,0,1.13654296701929e-17,1.06299710939132e-33,3.26036364442882e-17,1.91417762866406e-18,5.31291019141306e-35,7.28897125211306e-18,1.32796072988569e-17,1.11612621130545e-33,3.34084751418775e-17,0,0,0,0,0,0,1.32796072988569e-17,1.11612621130545e-33,3.34084751418775e-17,0,0,-6.41463530422127e-50,-6.41463530422127e-50,0,0,0,0,0,0
commonData,2,B,K,Known-model reference,dimensionless state,study2_pilot_20260918/fits/K.mat,pilot,0,stationary,0.7,derived pilot,After 100 initialization transitions,100,NaN,held,clean,(dimensionless state)^2,NaN,2,0.2,29,29,0,8.73343543077979e-18,1.51625476009624e-33,3.89391160672176e-17,1.79454152687256e-17,2.00728388169325e-33,4.48027218112164e-17,2.66788506995054e-17,4.1046381939753e-33,6.40674503470779e-17,0,0,0,0,0,0,2.66788506995054e-17,4.1046381939753e-33,6.40674503470779e-17,5.81099552185804e-34,5.81099552185804e-34,8.55284707229503e-50,8.55284707229503e-50,0,0,0,0,0,0
commonData,2,B,K,Known-model reference,dimensionless state,study2_pilot_20260918/fits/K.mat,pilot,0,stationary,0.7,derived pilot,After 100 initialization transitions,100,NaN,held,clean,(dimensionless state)^2,NaN,5,0.5,29,29,0,1.45956044185635e-17,1.76156178534039e-33,4.19709635979494e-17,-1.07672491612354e-18,6.60502655280907e-33,8.12713144523273e-17,1.35188795024399e-17,8.48612881745626e-33,9.2120186807541e-17,0,0,0,0,0,0,1.35188795024399e-17,8.48612881745626e-33,9.2120186807541e-17,1.19540479306794e-34,1.19540479306794e-34,-1.92439059126638e-49,-1.92439059126638e-49,0,0,0,0,0,0
commonData,2,B,K,Known-model reference,dimensionless state,study2_pilot_20260918/fits/K.mat,pilot,0,stationary,0.7,derived pilot,After 100 initialization transitions,100,NaN,held,clean,(dimensionless state)^2,NaN,10,1,29,29,0,6.57998559853272e-18,5.59930925641892e-34,2.36628596251994e-17,1.53134210293125e-17,1.20461937168117e-32,1.09755153486348e-16,2.18934066278452e-17,1.29805187825047e-32,1.13932079690071e-16,0,0,0,0,0,0,2.18934066278452e-17,1.29805187825047e-32,1.13932079690071e-16,3.74394140051139e-34,3.74394140051139e-34,3.03626071066473e-48,3.03626071066473e-48,0,0,0,0,0,0
commonData,2,B,K,Known-model reference,dimensionless state,study2_pilot_20260918/fits/K.mat,pilot,0,stationary,0.7,derived pilot,After 100 initialization transitions,100,NaN,held,clean,(dimensionless state)^2,NaN,20,2,29,29,0,1.10065213648184e-17,1.27924915702618e-33,3.57665927511439e-17,-6.57998559853272e-18,1.24110412213627e-32,1.1140485277295e-16,4.42653576628565e-18,1.02941785669715e-32,1.01460231455342e-16,0,0,0,0,0,0,4.42653576628565e-18,1.02941785669715e-32,1.01460231455342e-16,-3.39611181141732e-33,-3.39611181141732e-33,-6.84227765783602e-49,-6.84227765783602e-49,0,0,0,0,0,0
commonData,2,B,K,Known-model reference,dimensionless state,study2_pilot_20260918/fits/K.mat,pilot,0,stationary,0.7,derived pilot,After 100 initialization transitions,100,NaN,rateLimited,clean,(dimensionless state)^2,NaN,1,0.1,29,29,0,1.13654296701929e-17,1.06299710939132e-33,3.26036364442882e-17,1.91417762866406e-18,5.31291019141306e-35,7.28897125211306e-18,1.32796072988569e-17,1.11612621130545e-33,3.34084751418775e-17,0,0,0,0,0,0,1.32796072988569e-17,1.11612621130545e-33,3.34084751418775e-17,0,0,-6.41463530422127e-50,-6.41463530422127e-50,0,0,0,0,0,0
commonData,2,B,K,Known-model reference,dimensionless state,study2_pilot_20260918/fits/K.mat,pilot,0,stationary,0.7,derived pilot,After 100 initialization transitions,100,NaN,rateLimited,clean,(dimensionless state)^2,NaN,2,0.2,29,29,0,1.43563322149805e-17,1.08914658923968e-33,3.30022209743477e-17,-0.0004130701438676,5.993500552657e-06,0.00244816268917264,-0.000413070143867586,5.99350055265697e-06,0.00244816268917263,0,0,0,0,0,0,-0.000413070143867586,5.99350055265697e-06,0.00244816268917263,-3.59850574147643e-20,-3.59850574147643e-20,-4.37359317170654e-22,-4.37359317170654e-22,0,2.02112603874219e-21,0,2.02112603874219e-21,0,0
commonData,2,B,K,Known-model reference,dimensionless state,study2_pilot_20260918/fits/K.mat,pilot,0,stationary,0.7,derived pilot,After 100 initialization transitions,100,NaN,rateLimited,clean,(dimensionless state)^2,NaN,5,0.5,29,29,0,1.43563322149805e-17,1.18212251758941e-33,3.43820086322688e-17,-0.00553422081089686,0.000483505791211932,0.0219887651133922,-0.00553422081089684,0.000483505791211933,0.0219887651133922,0,0,0,0,0,0,-0.00553422081089684,0.000483505791211933,0.0219887651133922,9.66072557946631e-20,9.66072557946631e-20,1.18129614538873e-20,1.18129614538873e-20,0,1.35288689996673e-19,0,1.35288689996673e-19,0,0
commonData,2,B,K,Known-model reference,dimensionless state,study2_pilot_20260918/fits/K.mat,pilot,0,stationary,0.7,derived pilot,After 100 initialization transitions,100,NaN,rateLimited,clean,(dimensionless state)^2,NaN,10,1,29,29,0,1.53134210293125e-17,2.76271329953479e-33,5.25615191897532e-17,-0.00157593244875014,0.000875202643109237,0.0295838240109225,-0.00157593244875012,0.000875202643109237,0.0295838240109225,0,0,0,0,0,0,-0.00157593244875012,0.000875202643109237,0.0295838240109225,6.48605109451551e-19,6.48605109451551e-19,-2.14924240457349e-19,-2.14924240457349e-19,0,9.51696396958166e-20,0,9.51696396958166e-20,0,0
commonData,2,B,K,Known-model reference,dimensionless state,study2_pilot_20260918/fits/K.mat,pilot,0,stationary,0.7,derived pilot,After 100 initialization transitions,100,NaN,rateLimited,clean,(dimensionless state)^2,NaN,20,2,29,29,0,2.12952261188877e-17,3.34879370502505e-33,5.78687627742727e-17,0.00459137223217181,0.00281987271712986,0.0531024737383285,0.00459137223217183,0.00281987271712986,0.0531024737383285,0,0,0,0,0,0,0.00459137223217183,0.00281987271712986,0.0531024737383285,5.9389160157667e-19,5.9389160157667e-19,-1.60210732582468e-19,-1.60210732582468e-19,0,2.93038438342214e-18,0,2.93038438342214e-18,0,0
commonData,2,B,K,Known-model reference,dimensionless state,study2_pilot_20260918/fits/K.mat,pilot,0,stationary,0.7,derived pilot,After 200 initialization transitions,200,NaN,held,clean,(dimensionless state)^2,NaN,1,0.1,29,29,0,1.13654296701929e-17,1.06299710939132e-33,3.26036364442882e-17,1.91417762866406e-18,5.31291019141306e-35,7.28897125211306e-18,1.32796072988569e-17,1.11612621130545e-33,3.34084751418775e-17,0,0,0,0,0,0,1.32796072988569e-17,1.11612621130545e-33,3.34084751418775e-17,0,0,-6.41463530422127e-50,-6.41463530422127e-50,0,0,0,0,0,0
commonData,2,B,K,Known-model reference,dimensionless state,study2_pilot_20260918/fits/K.mat,pilot,0,stationary,0.7,derived pilot,After 200 initialization transitions,200,NaN,held,clean,(dimensionless state)^2,NaN,2,0.2,29,29,0,8.73343543077979e-18,1.51625476009624e-33,3.89391160672176e-17,1.79454152687256e-17,2.00728388169325e-33,4.48027218112164e-17,2.66788506995054e-17,4.1046381939753e-33,6.40674503470779e-17,0,0,0,0,0,0,2.66788506995054e-17,4.1046381939753e-33,6.40674503470779e-17,5.81099552185804e-34,5.81099552185804e-34,8.55284707229503e-50,8.55284707229503e-50,0,0,0,0,0,0
commonData,2,B,K,Known-model reference,dimensionless state,study2_pilot_20260918/fits/K.mat,pilot,0,stationary,0.7,derived pilot,After 200 initialization transitions,200,NaN,held,clean,(dimensionless state)^2,NaN,5,0.5,29,29,0,1.45956044185635e-17,1.76156178534039e-33,4.19709635979494e-17,-1.07672491612354e-18,6.60502655280907e-33,8.12713144523273e-17,1.35188795024399e-17,8.48612881745626e-33,9.2120186807541e-17,0,0,0,0,0,0,1.35188795024399e-17,8.48612881745626e-33,9.2120186807541e-17,1.19540479306794e-34,1.19540479306794e-34,-1.92439059126638e-49,-1.92439059126638e-49,0,0,0,0,0,0
commonData,2,B,K,Known-model reference,dimensionless state,study2_pilot_20260918/fits/K.mat,pilot,0,stationary,0.7,derived pilot,After 200 initialization transitions,200,NaN,held,clean,(dimensionless state)^2,NaN,10,1,29,29,0,6.57998559853272e-18,5.59930925641892e-34,2.36628596251994e-17,1.53134210293125e-17,1.20461937168117e-32,1.09755153486348e-16,2.18934066278452e-17,1.29805187825047e-32,1.13932079690071e-16,0,0,0,0,0,0,2.18934066278452e-17,1.29805187825047e-32,1.13932079690071e-16,3.74394140051139e-34,3.74394140051139e-34,3.03626071066473e-48,3.03626071066473e-48,0,0,0,0,0,0
commonData,2,B,K,Known-model reference,dimensionless state,study2_pilot_20260918/fits/K.mat,pilot,0,stationary,0.7,derived pilot,After 200 initialization transitions,200,NaN,held,clean,(dimensionless state)^2,NaN,20,2,29,29,0,1.10065213648184e-17,1.27924915702618e-33,3.57665927511439e-17,-6.57998559853272e-18,1.24110412213627e-32,1.1140485277295e-16,4.42653576628565e-18,1.02941785669715e-32,1.01460231455342e-16,0,0,0,0,0,0,4.42653576628565e-18,1.02941785669715e-32,1.01460231455342e-16,-3.39611181141732e-33,-3.39611181141732e-33,-6.84227765783602e-49,-6.84227765783602e-49,0,0,0,0,0,0
commonData,2,B,K,Known-model reference,dimensionless state,study2_pilot_20260918/fits/K.mat,pilot,0,stationary,0.7,derived pilot,After 200 initialization transitions,200,NaN,rateLimited,clean,(dimensionless state)^2,NaN,1,0.1,29,29,0,1.13654296701929e-17,1.06299710939132e-33,3.26036364442882e-17,1.91417762866406e-18,5.31291019141306e-35,7.28897125211306e-18,1.32796072988569e-17,1.11612621130545e-33,3.34084751418775e-17,0,0,0,0,0,0,1.32796072988569e-17,1.11612621130545e-33,3.34084751418775e-17,0,0,-6.41463530422127e-50,-6.41463530422127e-50,0,0,0,0,0,0
commonData,2,B,K,Known-model reference,dimensionless state,study2_pilot_20260918/fits/K.mat,pilot,0,stationary,0.7,derived pilot,After 200 initialization transitions,200,NaN,rateLimited,clean,(dimensionless state)^2,NaN,2,0.2,29,29,0,1.43563322149805e-17,1.08914658923968e-33,3.30022209743477e-17,-0.0004130701438676,5.993500552657e-06,0.00244816268917264,-0.000413070143867586,5.99350055265697e-06,0.00244816268917263,0,0,0,0,0,0,-0.000413070143867586,5.99350055265697e-06,0.00244816268917263,-3.59850574147643e-20,-3.59850574147643e-20,-4.37359317170654e-22,-4.37359317170654e-22,0,2.02112603874219e-21,0,2.02112603874219e-21,0,0
commonData,2,B,K,Known-model reference,dimensionless state,study2_pilot_20260918/fits/K.mat,pilot,0,stationary,0.7,derived pilot,After 200 initialization transitions,200,NaN,rateLimited,clean,(dimensionless state)^2,NaN,5,0.5,29,29,0,1.43563322149805e-17,1.18212251758941e-33,3.43820086322688e-17,-0.00553422081089686,0.000483505791211932,0.0219887651133922,-0.00553422081089684,0.000483505791211933,0.0219887651133922,0,0,0,0,0,0,-0.00553422081089684,0.000483505791211933,0.0219887651133922,9.66072557946631e-20,9.66072557946631e-20,1.18129614538873e-20,1.18129614538873e-20,0,1.35288689996673e-19,0,1.35288689996673e-19,0,0
commonData,2,B,K,Known-model reference,dimensionless state,study2_pilot_20260918/fits/K.mat,pilot,0,stationary,0.7,derived pilot,After 200 initialization transitions,200,NaN,rateLimited,clean,(dimensionless state)^2,NaN,10,1,29,29,0,1.53134210293125e-17,2.76271329953479e-33,5.25615191897532e-17,-0.00157593244875014,0.000875202643109237,0.0295838240109225,-0.00157593244875012,0.000875202643109237,0.0295838240109225,0,0,0,0,0,0,-0.00157593244875012,0.000875202643109237,0.0295838240109225,6.48605109451551e-19,6.48605109451551e-19,-2.14924240457349e-19,-2.14924240457349e-19,0,9.51696396958166e-20,0,9.51696396958166e-20,0,0
commonData,2,B,K,Known-model reference,dimensionless state,study2_pilot_20260918/fits/K.mat,pilot,0,stationary,0.7,derived pilot,After 200 initialization transitions,200,NaN,rateLimited,clean,(dimensionless state)^2,NaN,20,2,29,29,0,2.12952261188877e-17,3.34879370502505e-33,5.78687627742727e-17,0.00459137223217181,0.00281987271712986,0.0531024737383285,0.00459137223217183,0.00281987271712986,0.0531024737383285,0,0,0,0,0,0,0.00459137223217183,0.00281987271712986,0.0531024737383285,5.9389160157667e-19,5.9389160157667e-19,-1.60210732582468e-19,-1.60210732582468e-19,0,2.93038438342214e-18,0,2.93038438342214e-18,0,0
commonData,2,B,A,Affine,dimensionless state,study2_pilot_20260918/fits/A.mat,pilot,0,stationary,1.1,derived pilot,After 25 initialization transitions,25,NaN,held,clean,(dimensionless state)^2,NaN,1,0.1,29,29,0,-0.000322545149677012,0.000208503603613355,0.0144396538605797,2.15344983224707e-18,3.27076033658867e-34,1.80852435333027e-17,-0.00032254514967701,0.000208503603613355,0.0144396538605797,0,0,0,0,0,0,-0.00032254514967701,0.000208503603613355,0.0144396538605797,-3.69806734126054e-20,-3.69806734126054e-20,3.6980673412605e-20,3.6980673412605e-20,0,3.91285033598774e-20,0,3.91285033598774e-20,0,0
commonData,2,B,A,Affine,dimensionless state,study2_pilot_20260918/fits/A.mat,pilot,0,stationary,1.1,derived pilot,After 25 initialization transitions,25,NaN,held,clean,(dimensionless state)^2,NaN,2,0.2,29,29,0,-0.000618416805250633,0.000563514086768753,0.0237384516506185,-6.2210772931582e-18,2.5834025805746e-33,5.08271834806396e-17,-0.000618416805250639,0.000563514086768753,0.0237384516506185,0,0,0,0,0,0,-0.000618416805250639,0.000563514086768753,0.0237384516506185,-1.7848735314126e-20,-1.7848735314126e-20,-9.0571481934427e-20,-9.0571481934427e-20,0,1.25807184063064e-19,0,1.25807184063064e-19,0,0
commonData,2,B,A,Affine,dimensionless state,study2_pilot_20260918/fits/A.mat,pilot,0,stationary,1.1,derived pilot,After 25 initialization transitions,25,NaN,held,clean,(dimensionless state)^2,NaN,5,0.5,29,29,0,-0.00121893021492307,0.00130222986271731,0.0360864221379359,-2.64395784959224e-17,7.9199718251838e-33,8.89942235495305e-17,-0.00121893021492309,0.00130222986271731,0.0360864221379359,0,0,0,0,0,0,-0.00121893021492309,0.00130222986271731,0.0360864221379359,-2.97360648085275e-19,-2.97360648085275e-19,-5.70001089903136e-19,-5.70001089903136e-19,0,3.99575851619361e-19,0,3.99575851619361e-19,0,0
commonData,2,B,A,Affine,dimensionless state,study2_pilot_20260918/fits/A.mat,pilot,0,stationary,1.1,derived pilot,After 25 initialization transitions,25,NaN,held,clean,(dimensionless state)^2,NaN,10,1,29,29,0,-0.00155881412627344,0.00160898579780752,0.0401121652096657,-6.81925780211572e-18,6.84576779585747e-33,8.27391551555699e-17,-0.00155881412627345,0.00160898579780751,0.0401121652096657,0,0,0,0,0,0,-0.00155881412627345,0.00160898579780751,0.0401121652096657,-5.29232026065471e-19,-5.29232026065471e-19,-5.5497014642004e-19,-5.5497014642004e-19,0,2.62061984709338e-19,0,2.62061984709338e-19,0,0
commonData,2,B,A,Affine,dimensionless state,study2_pilot_20260918/fits/A.mat,pilot,0,stationary,1.1,derived pilot,After 25 initialization transitions,25,NaN,held,clean,(dimensionless state)^2,NaN,20,2,29,29,0,-0.00163222436377936,0.00164935981533112,0.0406123111301378,-1.79454152687256e-17,1.02223712651657e-32,1.0110574298805e-16,-0.00163222436377938,0.00164935981533112,0.0406123111301378,0,0,0,0,0,0,-0.00163222436377938,0.00164935981533112,0.0406123111301378,6.30371930860474e-19,6.30371930860474e-19,-1.96691061866283e-19,-1.96691061866283e-19,0,2.51003081348402e-19,0,2.51003081348402e-19,0,0
commonData,2,B,A,Affine,dimensionless state,study2_pilot_20260918/fits/A.mat,pilot,0,stationary,1.1,derived pilot,After 25 initialization transitions,25,NaN,rateLimited,clean,(dimensionless state)^2,NaN,1,0.1,29,29,0,-0.000322545149677012,0.000208503603613355,0.0144396538605797,2.15344983224707e-18,3.27076033658867e-34,1.80852435333027e-17,-0.00032254514967701,0.000208503603613355,0.0144396538605797,0,0,0,0,0,0,-0.00032254514967701,0.000208503603613355,0.0144396538605797,-3.69806734126054e-20,-3.69806734126054e-20,3.6980673412605e-20,3.6980673412605e-20,0,3.91285033598774e-20,0,3.91285033598774e-20,0,0
commonData,2,B,A,Affine,dimensionless state,study2_pilot_20260918/fits/A.mat,pilot,0,stationary,1.1,derived pilot,After 25 initialization transitions,25,NaN,rateLimited,clean,(dimensionless state)^2,NaN,2,0.2,29,29,0,-0.000815643404100929,0.000434664495603235,0.0208486089608692,1.14850657719844e-17,6.37549222969568e-33,7.984667951578e-17,-0.000815643404100917,0.000434664495603234,0.0208486089608692,0,0,0,0,0,0,-0.000815643404100917,0.000434664495603234,0.0208486089608692,-4.24454882616936e-19,-4.24454882616936e-19,-1.17646203625823e-19,-1.17646203625823e-19,0,1.25807184063064e-19,0,1.25807184063064e-19,0,0
commonData,2,B,A,Affine,dimensionless state,study2_pilot_20260918/fits/A.mat,pilot,0,stationary,1.1,derived pilot,After 25 initialization transitions,25,NaN,rateLimited,clean,(dimensionless state)^2,NaN,5,0.5,29,29,0,0.00786451463890375,0.00111758313149974,0.0334302726806071,1.48348766221465e-17,1.59985008138926e-32,1.26485180214492e-16,0.00786451463890376,0.00111758313149974,0.033430272680607,0,0,0,0,0,0,0.00786451463890376,0.00111758313149974,0.033430272680607,-9.69779923539801e-19,-9.69779923539801e-19,1.02418185551381e-19,1.02418185551381e-19,0,3.45472196973256e-19,0,3.45472196973256e-19,0,0
commonData,2,B,A,Affine,dimensionless state,study2_pilot_20260918/fits/A.mat,pilot,0,stationary,1.1,derived pilot,After 25 initialization transitions,25,NaN,rateLimited,clean,(dimensionless state)^2,NaN,10,1,29,29,0,0.00724245950427242,0.0014784622439911,0.038450776897107,2.63199423941309e-17,3.09809075536774e-32,1.76013941361693e-16,0.00724245950427245,0.0014784622439911,0.038450776897107,0,0,0,0,0,0,0.00724245950427245,0.0014784622439911,0.038450776897107,-1.20794916725362e-18,-1.20794916725362e-18,1.23746994768085e-19,1.23746994768085e-19,0,1.77463427824175e-19,0,1.77463427824175e-19,0,0
commonData,2,B,A,Affine,dimensionless state,study2_pilot_20260918/fits/A.mat,pilot,0,stationary,1.1,derived pilot,After 25 initialization transitions,25,NaN,rateLimited,clean,(dimensionless state)^2,NaN,20,2,29,29,0,0.00336390719750014,0.00170687711747794,0.0413143693825519,-6.69962170032422e-18,1.96843322591854e-32,1.4030086335866e-16,0.00336390719750013,0.00170687711747794,0.0413143693825518,0,0,0,0,0,0,0.00336390719750013,0.00170687711747794,0.0413143693825518,-4.18366192478314e-18,-4.18366192478314e-18,6.36936693381992e-20,6.36936693381992e-20,0,8.11412784674903e-19,0,8.11412784674903e-19,0,0
commonData,2,B,A,Affine,dimensionless state,study2_pilot_20260918/fits/A.mat,pilot,0,stationary,1.1,derived pilot,After 50 initialization transitions,50,NaN,held,clean,(dimensionless state)^2,NaN,1,0.1,29,29,0,0.00104771025501904,0.000233573117208579,0.0152830990708226,7.17816610749024e-19,8.30142217408291e-36,2.88121886952083e-18,0.00104771025501904,0.000233573117208579,0.0152830990708226,0,0,0,0,0,0,0.00104771025501904,0.000233573117208579,0.0152830990708226,-3.05376989928849e-20,-3.05376989928849e-20,-2.36724096313904e-20,-2.36724096313904e-20,0,2.80473322953909e-20,0,2.80473322953909e-20,0,0
commonData,2,B,A,Affine,dimensionless state,study2_pilot_20260918/fits/A.mat,pilot,0,stationary,1.1,derived pilot,After 50 initialization transitions,50,NaN,held,clean,(dimensionless state)^2,NaN,2,0.2,29,29,0,0.00159502792870179,0.000627108351430935,0.0250421315273068,4.78544407166016e-18,1.18212251758941e-33,3.43820086322688e-17,0.00159502792870179,0.000627108351430935,0.0250421315273068,0,0,0,0,0,0,0.00159502792870179,0.000627108351430935,0.0250421315273068,1.82250724023703e-19,1.82250724023703e-19,-7.38305067751536e-20,-7.38305067751536e-20,0,1.23685178168031e-19,0,1.23685178168031e-19,0,0
commonData,2,B,A,Affine,dimensionless state,study2_pilot_20260918/fits/A.mat,pilot,0,stationary,1.1,derived pilot,After 50 initialization transitions,50,NaN,held,clean,(dimensionless state)^2,NaN,5,0.5,29,29,0,0.00201712138384619,0.00143178427375348,0.0378389253778893,1.67490542508106e-18,6.11150700455984e-33,7.81761280990549e-17,0.0020171213838462,0.00143178427375348,0.0378389253778894,0,0,0,0,0,0,0.0020171213838462,0.00143178427375348,0.0378389253778894,2.52703356424984e-19,2.52703356424984e-19,-3.58629219278891e-20,-3.58629219278891e-20,0,3.77977105573467e-19,0,3.77977105573467e-19,0,0
commonData,2,B,A,Affine,dimensionless state,study2_pilot_20260918/fits/A.mat,pilot,0,stationary,1.1,derived pilot,After 50 initialization transitions,50,NaN,held,clean,(dimensionless state)^2,NaN,10,1,29,29,0,0.00193914225905947,0.00175729581340358,0.0419201122780412,7.05853000569873e-18,7.28574317108387e-33,8.53565648973989e-17,0.00193914225905948,0.00175729581340358,0.0419201122780412,0,0,0,0,0,0,0.00193914225905948,0.00175729581340358,0.0419201122780412,1.73487136895693e-20,1.73487136895693e-20,-1.73487136895766e-20,-1.73487136895766e-20,0,2.10128050208248e-19,0,2.10128050208248e-19,0,0
commonData,2,B,A,Affine,dimensionless state,study2_pilot_20260918/fits/A.mat,pilot,0,stationary,1.1,derived pilot,After 50 initialization transitions,50,NaN,held,clean,(dimensionless state)^2,NaN,20,2,29,29,0,0.00188172250822266,0.00179852127826713,0.0424089763878726,1.05279769576523e-17,1.08117722395256e-32,1.03979672241865e-16,0.00188172250822267,0.00179852127826713,0.0424089763878726,0,0,0,0,0,0,0.00188172250822267,0.00179852127826713,0.0424089763878726,1.06510407000849e-18,1.06510407000849e-18,-4.14582766517195e-19,-4.14582766517195e-19,0,1.94949531656675e-19,0,1.94949531656675e-19,0,0
commonData,2,B,A,Affine,dimensionless state,study2_pilot_20260918/fits/A.mat,pilot,0,stationary,1.1,derived pilot,After 50 initialization transitions,50,NaN,rateLimited,clean,(dimensionless state)^2,NaN,1,0.1,29,29,0,0.00104771025501904,0.000233573117208579,0.0152830990708226,7.17816610749024e-19,8.30142217408291e-36,2.88121886952083e-18,0.00104771025501904,0.000233573117208579,0.0152830990708226,0,0,0,0,0,0,0.00104771025501904,0.000233573117208579,0.0152830990708226,-3.05376989928849e-20,-3.05376989928849e-20,-2.36724096313904e-20,-2.36724096313904e-20,0,2.80473322953909e-20,0,2.80473322953909e-20,0,0
commonData,2,B,A,Affine,dimensionless state,study2_pilot_20260918/fits/A.mat,pilot,0,stationary,1.1,derived pilot,After 50 initialization transitions,50,NaN,rateLimited,clean,(dimensionless state)^2,NaN,2,0.2,29,29,0,0.00174958941750436,0.00048055125880448,0.0219214793936103,1.38777878078145e-17,2.18493431621862e-33,4.67432809740461e-17,0.00174958941750438,0.00048055125880448,0.0219214793936103,0,0,0,0,0,0,0.00174958941750438,0.00048055125880448,0.0219214793936103,-4.08860616741926e-19,-4.08860616741926e-19,8.35999649962725e-20,8.35999649962725e-20,0,6.02093520714717e-20,0,6.02093520714717e-20,0,0
commonData,2,B,A,Affine,dimensionless state,study2_pilot_20260918/fits/A.mat,pilot,0,stationary,1.1,derived pilot,After 50 initialization transitions,50,NaN,rateLimited,clean,(dimensionless state)^2,NaN,5,0.5,29,29,0,0.0123947916380416,0.00127229089855973,0.0356691869624152,7.41743831107324e-18,6.03181335168864e-33,7.76647497368571e-17,0.0123947916380416,0.00127229089855973,0.0356691869624152,0,0,0,0,0,0,0.0123947916380416,0.00127229089855973,0.0356691869624152,-7.5998867164898e-19,-7.5998867164898e-19,1.09467368157672e-19,1.09467368157672e-19,0,1.10442680052714e-19,0,1.10442680052714e-19,0,0
commonData,2,B,A,Affine,dimensionless state,study2_pilot_20260918/fits/A.mat,pilot,0,stationary,1.1,derived pilot,After 50 initialization transitions,50,NaN,rateLimited,clean,(dimensionless state)^2,NaN,10,1,29,29,0,0.0115572732130963,0.00159445254841182,0.0399305966448264,2.10559539153047e-17,8.12875259286199e-33,9.01595951236583e-17,0.0115572732130963,0.00159445254841183,0.0399305966448264,0,0,0,0,0,0,0.0115572732130963,0.00159445254841183,0.0399305966448264,1.18083510541843e-18,1.18083510541843e-18,-9.66329329329294e-20,-9.66329329329294e-20,0,2.67802508237092e-19,0,2.67802508237092e-19,0,0
commonData,2,B,A,Affine,dimensionless state,study2_pilot_20260918/fits/A.mat,pilot,0,stationary,1.1,derived pilot,After 50 initialization transitions,50,NaN,rateLimited,clean,(dimensionless state)^2,NaN,20,2,29,29,0,0.00596410006153064,0.00189846418222273,0.0435713688357702,2.67984868012969e-17,7.75684887946307e-33,8.80729747394913e-17,0.00596410006153067,0.00189846418222273,0.0435713688357703,0,0,0,0,0,0,0.00596410006153067,0.00189846418222273,0.0435713688357703,3.1128734669245e-18,3.1128734669245e-18,-2.93947818462192e-19,-2.93947818462192e-19,0,6.2803953434234e-19,0,6.2803953434234e-19,0,0
commonData,2,B,A,Affine,dimensionless state,study2_pilot_20260918/fits/A.mat,pilot,0,stationary,1.1,derived pilot,After 100 initialization transitions,100,NaN,held,clean,(dimensionless state)^2,NaN,1,0.1,29,29,0,0.000167876974265114,0.000232110873448789,0.0152351853762529,-1.67490542508106e-18,5.32951303576123e-34,2.30857380990109e-17,0.000167876974265112,0.000232110873448789,0.0152351853762529,0,0,0,0,0,0,0.000167876974265112,0.000232110873448789,0.0152351853762529,8.17131999979933e-21,8.17131999979933e-21,-6.23814286240751e-20,-6.23814286240751e-20,0,1.82586747818853e-20,0,1.82586747818853e-20,0,0
commonData,2,B,A,Affine,dimensionless state,study2_pilot_20260918/fits/A.mat,pilot,0,stationary,1.1,derived pilot,After 100 initialization transitions,100,NaN,held,clean,(dimensionless state)^2,NaN,2,0.2,29,29,0,0.000381275401681318,0.000634758251219318,0.0251944091262192,-3.39766529087871e-17,7.12594079423277e-33,8.44152876808032e-17,0.000381275401681284,0.000634758251219319,0.0251944091262192,0,0,0,0,0,0,0.000381275401681284,0.000634758251219319,0.0251944091262192,6.29355055891524e-19,6.29355055891524e-19,-8.72539696487786e-20,-8.72539696487786e-20,0,2.72969637081626e-19,0,2.72969637081626e-19,0,0
commonData,2,B,A,Affine,dimensionless state,study2_pilot_20260918/fits/A.mat,pilot,0,stationary,1.1,derived pilot,After 100 initialization transitions,100,NaN,held,clean,(dimensionless state)^2,NaN,5,0.5,29,29,0,0.000907563841987821,0.00150370470814603,0.0387776315437912,-5.81431454706709e-17,1.36093515121915e-32,1.16659125284701e-16,0.000907563841987764,0.00150370470814603,0.0387776315437912,0,0,0,0,0,0,0.000907563841987764,0.00150370470814603,0.0387776315437912,4.57956461383702e-19,4.57956461383702e-19,-2.42755923895135e-20,-2.42755923895135e-20,0,6.17416541070148e-19,0,6.17416541070148e-19,0,0
commonData,2,B,A,Affine,dimensionless state,study2_pilot_20260918/fits/A.mat,pilot,0,stationary,1.1,derived pilot,After 100 initialization transitions,100,NaN,held,clean,(dimensionless state)^2,NaN,10,1,29,29,0,0.00124193229272796,0.00188846351042379,0.0434564553366217,-5.10846154649722e-17,1.00916238659239e-32,1.00457074743016e-16,0.00124193229272791,0.00188846351042379,0.0434564553366217,0,0,0,0,0,0,0.00124193229272791,0.00188846351042379,0.0434564553366217,-3.86906113224381e-19,-3.86906113224381e-19,1.7006567872727e-19,1.7006567872727e-19,0,3.13030764810942e-19,0,3.13030764810942e-19,0,0
commonData,2,B,A,Affine,dimensionless state,study2_pilot_20260918/fits/A.mat,pilot,0,stationary,1.1,derived pilot,After 100 initialization transitions,100,NaN,held,clean,(dimensionless state)^2,NaN,20,2,29,29,0,0.00131655626680446,0.00194396133745399,0.0440903769257418,-2.15344983224707e-17,1.53244253333571e-32,1.2379186295293e-16,0.00131655626680444,0.00194396133745399,0.0440903769257418,0,0,0,0,0,0,0.00131655626680444,0.00194396133745399,0.0440903769257418,-3.8671705142721e-19,-3.8671705142721e-19,-2.63804252064108e-19,-2.63804252064108e-19,0,3.68394948068007e-19,0,3.68394948068007e-19,0,0
commonData,2,B,A,Affine,dimensionless state,study2_pilot_20260918/fits/A.mat,pilot,0,stationary,1.1,derived pilot,After 100 initialization transitions,100,NaN,rateLimited,clean,(dimensionless state)^2,NaN,1,0.1,29,29,0,0.000167876974265114,0.000232110873448789,0.0152351853762529,-1.67490542508106e-18,5.32951303576123e-34,2.30857380990109e-17,0.000167876974265112,0.000232110873448789,0.0152351853762529,0,0,0,0,0,0,0.000167876974265112,0.000232110873448789,0.0152351853762529,8.17131999979933e-21,8.17131999979933e-21,-6.23814286240751e-20,-6.23814286240751e-20,0,1.82586747818853e-20,0,1.82586747818853e-20,0,0
commonData,2,B,A,Affine,dimensionless state,study2_pilot_20260918/fits/A.mat,pilot,0,stationary,1.1,derived pilot,After 100 initialization transitions,100,NaN,rateLimited,clean,(dimensionless state)^2,NaN,2,0.2,29,29,0,-0.000304564587063892,0.00049558279592489,0.022261688972872,-1.81846874723086e-17,4.38315090791578e-33,6.62053691773996e-17,-0.00030456458706391,0.00049558279592489,0.022261688972872,0,0,0,0,0,0,-0.00030456458706391,0.00049558279592489,0.022261688972872,2.39571013850402e-19,2.39571013850402e-19,-1.31150796601856e-19,-1.31150796601856e-19,0,2.72969637081626e-19,0,2.72969637081626e-19,0,0
commonData,2,B,A,Affine,dimensionless state,study2_pilot_20260918/fits/A.mat,pilot,0,stationary,1.1,derived pilot,After 100 initialization transitions,100,NaN,rateLimited,clean,(dimensionless state)^2,NaN,5,0.5,29,29,0,0.00904843872256282,0.00108888090396576,0.0329981954652942,-3.20624752801231e-17,7.9494418739018e-33,8.91596426299579e-17,0.00904843872256279,0.00108888090396577,0.0329981954652942,0,0,0,0,0,0,0.00904843872256279,0.00108888090396577,0.0329981954652942,1.43768490845504e-18,1.43768490845504e-18,2.97038567521755e-19,2.97038567521755e-19,0,6.17416541070148e-19,0,6.17416541070148e-19,0,0
commonData,2,B,A,Affine,dimensionless state,study2_pilot_20260918/fits/A.mat,pilot,0,stationary,1.1,derived pilot,After 100 initialization transitions,100,NaN,rateLimited,clean,(dimensionless state)^2,NaN,10,1,29,29,0,0.0113838749164313,0.00158190233459644,0.0397731358406204,-2.60806701905479e-17,1.75010582274016e-32,1.32291565216387e-16,0.0113838749164313,0.00158190233459645,0.0397731358406204,0,0,0,0,0,0,0.0113838749164313,0.00158190233459645,0.0397731358406204,6.36323563371404e-18,6.36323563371404e-18,-7.48630332981368e-20,-7.48630332981368e-20,0,4.92032032180718e-19,0,4.92032032180718e-19,0,0
commonData,2,B,A,Affine,dimensionless state,study2_pilot_20260918/fits/A.mat,pilot,0,stationary,1.1,derived pilot,After 100 initialization transitions,100,NaN,rateLimited,clean,(dimensionless state)^2,NaN,20,2,29,29,0,0.0069267253398962,0.00172796009889541,0.0415687394431851,-3.34981085016211e-18,2.09793541183423e-32,1.44842514885452e-16,0.0069267253398962,0.00172796009889541,0.0415687394431851,0,0,0,0,0,0,0.0069267253398962,0.00172796009889541,0.0415687394431851,4.65645297837818e-18,4.65645297837818e-18,-1.02803853939083e-19,-1.02803853939083e-19,0,6.42629380161166e-19,0,6.42629380161166e-19,0,0
commonData,2,B,A,Affine,dimensionless state,study2_pilot_20260918/fits/A.mat,pilot,0,stationary,1.1,derived pilot,After 200 initialization transitions,200,NaN,held,clean,(dimensionless state)^2,NaN,1,0.1,29,29,0,-0.001169208325205,0.00017315377491979,0.0131587907848628,0,0,0,-0.001169208325205,0.00017315377491979,0.0131587907848628,0,0,0,0,0,0,-0.001169208325205,0.00017315377491979,0.0131587907848628,0,0,0,0,0,0,0,0,0,0
commonData,2,B,A,Affine,dimensionless state,study2_pilot_20260918/fits/A.mat,pilot,0,stationary,1.1,derived pilot,After 200 initialization transitions,200,NaN,held,clean,(dimensionless state)^2,NaN,2,0.2,29,29,0,-0.00182633051310862,0.000473044742701619,0.0217495917824133,1.53134210293125e-17,2.29783365778615e-33,4.79357242334582e-17,-0.00182633051310861,0.000473044742701619,0.0217495917824133,0,0,0,0,0,0,-0.00182633051310861,0.000473044742701619,0.0217495917824133,3.23754082452921e-19,3.23754082452921e-19,5.57166779170037e-20,5.57166779170037e-20,0,5.09198603416335e-20,0,5.09198603416335e-20,0,0
commonData,2,B,A,Affine,dimensionless state,study2_pilot_20260918/fits/A.mat,pilot,0,stationary,1.1,derived pilot,After 200 initialization transitions,200,NaN,held,clean,(dimensionless state)^2,NaN,5,0.5,29,29,0,-0.00247575986150953,0.00111872581935906,0.0334473589295038,3.44551973159531e-17,7.05371842131825e-33,8.39864180764857e-17,-0.0024757598615095,0.00111872581935906,0.0334473589295038,0,0,0,0,0,0,-0.0024757598615095,0.00111872581935906,0.0334473589295038,3.22978114749878e-19,3.22978114749878e-19,-3.22978114749885e-19,-3.22978114749885e-19,0,6.82726835211651e-20,0,6.82726835211651e-20,0,0
commonData,2,B,A,Affine,dimensionless state,study2_pilot_20260918/fits/A.mat,pilot,0,stationary,1.1,derived pilot,After 200 initialization transitions,200,NaN,held,clean,(dimensionless state)^2,NaN,10,1,29,29,0,-0.00253662070735441,0.00140385793382073,0.0374680922095151,2.97893893460845e-17,5.5872721942665e-33,7.47480581304057e-17,-0.00253662070735439,0.00140385793382073,0.0374680922095151,0,0,0,0,0,0,-0.00253662070735439,0.00140385793382073,0.0374680922095151,-3.50366694903768e-19,-3.50366694903768e-19,-3.0015460858754e-19,-3.0015460858754e-19,0,4.03338890622364e-19,0,4.03338890622364e-19,0,0
commonData,2,B,A,Affine,dimensionless state,study2_pilot_20260918/fits/A.mat,pilot,0,stationary,1.1,derived pilot,After 200 initialization transitions,200,NaN,held,clean,(dimensionless state)^2,NaN,20,2,29,29,0,-0.00251343571818604,0.0014448780916152,0.0380115520811135,3.92406413876133e-17,1.69515040794773e-32,1.3019794191721e-16,-0.002513435718186,0.0014448780916152,0.0380115520811135,0,0,0,0,0,0,-0.002513435718186,0.0014448780916152,0.0380115520811135,-9.59533350530222e-19,-9.59533350530222e-19,9.21716125418013e-20,9.21716125418013e-20,0,1.78428630982099e-19,0,1.78428630982099e-19,0,0
commonData,2,B,A,Affine,dimensionless state,study2_pilot_20260918/fits/A.mat,pilot,0,stationary,1.1,derived pilot,After 200 initialization transitions,200,NaN,rateLimited,clean,(dimensionless state)^2,NaN,1,0.1,29,29,0,-0.001169208325205,0.00017315377491979,0.0131587907848628,0,0,0,-0.001169208325205,0.00017315377491979,0.0131587907848628,0,0,0,0,0,0,-0.001169208325205,0.00017315377491979,0.0131587907848628,0,0,0,0,0,0,0,0,0,0
commonData,2,B,A,Affine,dimensionless state,study2_pilot_20260918/fits/A.mat,pilot,0,stationary,1.1,derived pilot,After 200 initialization transitions,200,NaN,rateLimited,clean,(dimensionless state)^2,NaN,2,0.2,29,29,0,-0.00295354407425839,0.000396333366969802,0.0199081231403114,5.26398847882617e-18,1.30830413463547e-33,3.61704870666054e-17,-0.00295354407425838,0.000396333366969802,0.0199081231403114,0,0,0,0,0,0,-0.00295354407425838,0.000396333366969802,0.0199081231403114,-5.57800732762599e-19,-5.57800732762599e-19,-3.85104621044302e-20,-3.85104621044302e-20,0,6.9242317852086e-20,0,6.9242317852086e-20,0,0
commonData,2,B,A,Affine,dimensionless state,study2_pilot_20260918/fits/A.mat,pilot,0,stationary,1.1,derived pilot,After 200 initialization transitions,200,NaN,rateLimited,clean,(dimensionless state)^2,NaN,5,0.5,29,29,0,0.00348472491844935,0.00104309863190435,0.0322970375097215,2.48843091726328e-17,4.94100647801415e-33,7.02922931622959e-17,0.00348472491844937,0.00104309863190435,0.0322970375097214,0,0,0,0,0,0,0.00348472491844937,0.00104309863190435,0.0322970375097214,-1.14108333914489e-18,-1.14108333914489e-18,-1.59959267837717e-19,-1.59959267837717e-19,0,1.10092398877657e-19,0,1.10092398877657e-19,0,0
commonData,2,B,A,Affine,dimensionless state,study2_pilot_20260918/fits/A.mat,pilot,0,stationary,1.1,derived pilot,After 200 initialization transitions,200,NaN,rateLimited,clean,(dimensionless state)^2,NaN,10,1,29,29,0,0.00492739499251419,0.001538966262994,0.0392296605006212,2.58413979869648e-17,8.20844624573318e-33,9.06004759685797e-17,0.00492739499251421,0.001538966262994,0.0392296605006212,0,0,0,0,0,0,0.00492739499251421,0.001538966262994,0.0392296605006212,1.98060958329309e-19,1.98060958329309e-19,2.35619910664885e-19,2.35619910664885e-19,0,7.45472098629271e-19,0,7.45472098629271e-19,0,0
commonData,2,B,A,Affine,dimensionless state,study2_pilot_20260918/fits/A.mat,pilot,0,stationary,1.1,derived pilot,After 200 initialization transitions,200,NaN,rateLimited,clean,(dimensionless state)^2,NaN,20,2,29,29,0,0.00464972405912059,0.00144143795988921,0.0379662739795363,4.92900739380996e-17,1.10840588868355e-32,1.05280857171831e-16,0.00464972405912064,0.00144143795988921,0.0379662739795363,0,0,0,0,0,0,0.00464972405912064,0.00144143795988921,0.0379662739795363,9.20215539905162e-19,9.20215539905162e-19,3.80827067077432e-19,3.80827067077432e-19,0,6.79148141338048e-19,0,6.79148141338048e-19,0,0
commonData,2,B,E,Exact sine,dimensionless state,study2_pilot_20260918/fits/E.mat,pilot,0,stationary,1.1,derived pilot,After 25 initialization transitions,25,NaN,held,clean,(dimensionless state)^2,NaN,1,0.1,29,29,0,-0.000107956242568083,2.84100426664573e-08,0.00016855278896078,3.82835525732813e-18,1.32822754785327e-34,1.15248754780833e-17,-0.000107956242568079,2.84100426664567e-08,0.000168552788960778,0,0,0,0,0,0,-0.000107956242568079,2.84100426664567e-08,0.000168552788960778,-5.81478946903804e-22,-5.81478946903804e-22,-8.56204333660759e-25,-8.56204333660759e-25,0,2.15182836891048e-25,0,2.15182836891048e-25,0,0
commonData,2,B,E,Exact sine,dimensionless state,study2_pilot_20260918/fits/E.mat,pilot,0,stationary,1.1,derived pilot,After 25 initialization transitions,25,NaN,held,clean,(dimensionless state)^2,NaN,2,0.2,29,29,0,-0.000172434824337452,7.43967673032491e-08,0.000272757708054693,1.81846874723086e-17,2.77599557501333e-33,5.26877174967119e-17,-0.000172434824337434,7.4396767303238e-08,0.000272757708054673,0,0,0,0,0,0,-0.000172434824337434,7.4396767303238e-08,0.000272757708054673,-1.11868582304698e-20,-1.11868582304698e-20,3.3763487500501e-24,3.3763487500501e-24,0,5.70493612500398e-24,0,5.70493612500398e-24,0,0
commonData,2,B,E,Exact sine,dimensionless state,study2_pilot_20260918/fits/E.mat,pilot,0,stationary,1.1,derived pilot,After 25 initialization transitions,25,NaN,held,clean,(dimensionless state)^2,NaN,5,0.5,29,29,0,-0.000246103065819196,1.69563258075609e-07,0.000411780594583583,2.58413979869648e-17,1.27509844593914e-32,1.12920257081674e-16,-0.00024610306581917,1.69563258075599e-07,0.000411780594583571,0,0,0,0,0,0,-0.00024610306581917,1.69563258075599e-07,0.000411780594583571,-1.04918431030881e-20,-1.04918431030881e-20,3.62801604050757e-23,3.62801604050757e-23,0,5.82201357272362e-23,0,5.82201357272362e-23,0,0
commonData,2,B,E,Exact sine,dimensionless state,study2_pilot_20260918/fits/E.mat,pilot,0,stationary,1.1,derived pilot,After 25 initialization transitions,25,NaN,held,clean,(dimensionless state)^2,NaN,10,1,29,29,0,-0.000261842903763643,2.15709740166287e-07,0.000464445626705954,2.67984868012969e-17,1.61346441375476e-32,1.27022219070317e-16,-0.000261842903763617,2.15709740166281e-07,0.000464445626705948,0,0,0,0,0,0,-0.000261842903763617,2.15709740166281e-07,0.000464445626705948,-6.10363476653542e-21,-6.10363476653542e-21,-1.08843214726949e-23,-1.08843214726949e-23,0,5.54414521116636e-23,0,5.54414521116636e-23,0,0
commonData,2,B,E,Exact sine,dimensionless state,study2_pilot_20260918/fits/E.mat,pilot,0,stationary,1.1,derived pilot,After 25 initialization transitions,25,NaN,held,clean,(dimensionless state)^2,NaN,20,2,29,29,0,-0.000262053439866575,2.2381266823317e-07,0.000473088435953755,2.71573951066714e-17,1.59557484896961e-32,1.26316065841587e-16,-0.000262053439866548,2.23812668233166e-07,0.000473088435953751,0,0,0,0,0,0,-0.000262053439866548,2.23812668233166e-07,0.000473088435953751,-3.88118888891575e-21,-3.88118888891575e-21,4.30708466537436e-23,4.30708466537436e-23,0,4.24575934555113e-23,0,4.24575934555113e-23,0,0
commonData,2,B,E,Exact sine,dimensionless state,study2_pilot_20260918/fits/E.mat,pilot,0,stationary,1.1,derived pilot,After 25 initialization transitions,25,NaN,rateLimited,clean,(dimensionless state)^2,NaN,1,0.1,29,29,0,-0.000107956242568083,2.84100426664573e-08,0.00016855278896078,3.82835525732813e-18,1.32822754785327e-34,1.15248754780833e-17,-0.000107956242568079,2.84100426664567e-08,0.000168552788960778,0,0,0,0,0,0,-0.000107956242568079,2.84100426664567e-08,0.000168552788960778,-5.81478946903804e-22,-5.81478946903804e-22,-8.56204333660759e-25,-8.56204333660759e-25,0,2.15182836891048e-25,0,2.15182836891048e-25,0,0
commonData,2,B,E,Exact sine,dimensionless state,study2_pilot_20260918/fits/E.mat,pilot,0,stationary,1.1,derived pilot,After 25 initialization transitions,25,NaN,rateLimited,clean,(dimensionless state)^2,NaN,2,0.2,29,29,0,-0.000175092531891026,7.64322911443123e-08,0.000276463905680854,-0.000353480313990082,2.78509798416043e-05,0.00527740275529586,-0.000528572845881108,2.62306214053729e-05,0.00512158387663162,0,0,0,0,0,0,-0.000528572845881108,2.62306214053729e-05,0.00512158387663162,-1.6967907273757e-06,-1.6967907273757e-06,-4.2351647362715e-21,-4.2351647362715e-21,0,8.470329472543e-21,0,8.470329472543e-21,0,0
commonData,2,B,E,Exact sine,dimensionless state,study2_pilot_20260918/fits/E.mat,pilot,0,stationary,1.1,derived pilot,After 25 initialization transitions,25,NaN,rateLimited,clean,(dimensionless state)^2,NaN,5,0.5,29,29,0,-0.000215869241292964,1.4555055470797e-07,0.000381510884127792,0.00209814469046074,0.00377086408741351,0.0614073618340139,0.00188227544916777,0.00374603872055108,0.0612048913123051,0,0,0,0,0,0,0.00188227544916777,0.00374603872055108,0.0612048913123051,-2.49709174171342e-05,-2.49709174171342e-05,1.55854062294791e-19,1.55854062294791e-19,0,3.05609487369352e-18,0,3.05609487369352e-18,0,0
commonData,2,B,E,Exact sine,dimensionless state,study2_pilot_20260918/fits/E.mat,pilot,0,stationary,1.1,derived pilot,After 25 initialization transitions,25,NaN,rateLimited,clean,(dimensionless state)^2,NaN,10,1,29,29,0,-0.000143744496068639,1.72922375840778e-07,0.000415839363024688,-0.00316250835113836,0.0166975773520703,0.129219105986964,-0.003306252847207,0.0166408121564119,0.128999271922022,0,0,0,0,0,0,-0.003306252847207,0.0166408121564119,0.128999271922022,-5.69381180342905e-05,-5.69381180342905e-05,7.37935103647946e-18,7.37935103647946e-18,5.55111512312578e-17,1.33831205666179e-17,5.55111512312578e-17,1.33831205666179e-17,0,0
commonData,2,B,E,Exact sine,dimensionless state,study2_pilot_20260918/fits/E.mat,pilot,0,stationary,1.1,derived pilot,After 25 initialization transitions,25,NaN,rateLimited,clean,(dimensionless state)^2,NaN,20,2,29,29,0,-0.000278110779254591,2.12939391641869e-07,0.000461453563906347,0.0161557742440791,0.0338016157503692,0.183852157317692,0.0158776634648245,0.0337530593173487,0.183720056927241,0,0,0,0,0,0,0.0158776634648245,0.0337530593173487,0.183720056927241,-4.87693724121732e-05,-4.87693724121732e-05,-1.36202897918491e-18,-1.36202897918491e-18,0,7.09610321891763e-17,0,7.09610321891763e-17,0,0
commonData,2,B,E,Exact sine,dimensionless state,study2_pilot_20260918/fits/E.mat,pilot,0,stationary,1.1,derived pilot,After 50 initialization transitions,50,NaN,held,clean,(dimensionless state)^2,NaN,1,0.1,29,29,0,-6.96059498003872e-06,2.96824760586483e-09,5.44816263144267e-05,-2.39272203583008e-18,1.12899341567528e-34,1.06254101834954e-17,-6.96059498004111e-06,2.96824760586488e-09,5.44816263144271e-05,0,0,0,0,0,0,-6.96059498004111e-06,2.96824760586488e-09,5.44816263144271e-05,5.17262072296064e-23,5.17262072296064e-23,-2.74189451550917e-26,-2.74189451550917e-26,0,1.43237981814828e-25,0,1.43237981814828e-25,0,0
commonData,2,B,E,Exact sine,dimensionless state,study2_pilot_20260918/fits/E.mat,pilot,0,stationary,1.1,derived pilot,After 50 initialization transitions,50,NaN,held,clean,(dimensionless state)^2,NaN,2,0.2,29,29,0,-9.00734352830116e-06,7.80931048341479e-09,8.83703031759809e-05,5.74253288599219e-18,1.55402623098832e-33,3.94211393923149e-17,-9.00734352829542e-06,7.80931048341554e-09,8.83703031759852e-05,0,0,0,0,0,0,-9.00734352829542e-06,7.80931048341554e-09,8.83703031759852e-05,7.56892599048594e-22,7.56892599048594e-22,8.04842048425272e-25,8.04842048425272e-25,0,1.30366693746977e-24,0,1.30366693746977e-24,0,0
commonData,2,B,E,Exact sine,dimensionless state,study2_pilot_20260918/fits/E.mat,pilot,0,stationary,1.1,derived pilot,After 50 initialization transitions,50,NaN,held,clean,(dimensionless state)^2,NaN,5,0.5,29,29,0,-6.02091777689952e-06,1.87913797876976e-08,0.000137081653723967,3.80442803696982e-17,1.50836840903087e-32,1.22815650836156e-16,-6.02091777686147e-06,1.87913797877065e-08,0.000137081653723999,0,0,0,0,0,0,-6.02091777686147e-06,1.87913797877065e-08,0.000137081653723999,8.85920350305168e-21,8.85920350305168e-21,-5.06222629915689e-24,-5.06222629915689e-24,0,5.70724551530401e-24,0,5.70724551530401e-24,0,0
commonData,2,B,E,Exact sine,dimensionless state,study2_pilot_20260918/fits/E.mat,pilot,0,stationary,1.1,derived pilot,After 50 initialization transitions,50,NaN,held,clean,(dimensionless state)^2,NaN,10,1,29,29,0,-1.13781723750739e-06,2.5394428386448e-08,0.000159356293840087,4.4624265968231e-17,2.04767030057016e-32,1.43096830872321e-16,-1.13781723746276e-06,2.53944283864528e-08,0.000159356293840101,0,0,0,0,0,0,-1.13781723746276e-06,2.53944283864528e-08,0.000159356293840101,4.71155322222043e-21,4.71155322222043e-21,6.75468611372283e-26,6.75468611372283e-26,0,3.93844486730108e-24,0,3.93844486730108e-24,0,0
commonData,2,B,E,Exact sine,dimensionless state,study2_pilot_20260918/fits/E.mat,pilot,0,stationary,1.1,derived pilot,After 50 initialization transitions,50,NaN,held,clean,(dimensionless state)^2,NaN,20,2,29,29,0,2.91603363973093e-07,2.6810133916796e-08,0.000163738003886685,2.73966673102544e-17,1.84577971329647e-32,1.35859475683386e-16,2.91603364000489e-07,2.68101339167926e-08,0.000163738003886674,0,0,0,0,0,0,2.91603364000489e-07,2.68101339167926e-08,0.000163738003886674,-3.35515478278342e-21,-3.35515478278342e-21,-3.19850420032603e-24,-3.19850420032603e-24,0,2.04192837829996e-24,0,2.04192837829996e-24,0,0
commonData,2,B,E,Exact sine,dimensionless state,study2_pilot_20260918/fits/E.mat,pilot,0,stationary,1.1,derived pilot,After 50 initialization transitions,50,NaN,rateLimited,clean,(dimensionless state)^2,NaN,1,0.1,29,29,0,-6.96059498003872e-06,2.96824760586483e-09,5.44816263144267e-05,-2.39272203583008e-18,1.12899341567528e-34,1.06254101834954e-17,-6.96059498004111e-06,2.96824760586488e-09,5.44816263144271e-05,0,0,0,0,0,0,-6.96059498004111e-06,2.96824760586488e-09,5.44816263144271e-05,5.17262072296064e-23,5.17262072296064e-23,-2.74189451550917e-26,-2.74189451550917e-26,0,1.43237981814828e-25,0,1.43237981814828e-25,0,0
commonData,2,B,E,Exact sine,dimensionless state,study2_pilot_20260918/fits/E.mat,pilot,0,stationary,1.1,derived pilot,After 50 initialization transitions,50,NaN,rateLimited,clean,(dimensionless state)^2,NaN,2,0.2,29,29,0,-1.05899342543238e-05,8.12617560645585e-09,9.014530274205e-05,-0.000353466263590344,2.78487658024837e-05,0.0052771929851469,-0.000364056197844667,2.71131552256732e-05,0.00520702940510933,0,0,0,0,0,0,-0.000364056197844667,2.71131552256732e-05,0.00520702940510933,-7.43736752416904e-07,-7.43736752416904e-07,4.2351647362715e-21,4.2351647362715e-21,0,1.10114283143059e-20,0,1.10114283143059e-20,0,0
commonData,2,B,E,Exact sine,dimensionless state,study2_pilot_20260918/fits/E.mat,pilot,0,stationary,1.1,derived pilot,After 50 initialization transitions,50,NaN,rateLimited,clean,(dimensionless state)^2,NaN,5,0.5,29,29,0,5.0094374516908e-06,1.71668386629548e-08,0.000131022283077936,0.00209839305509657,0.0037714264754167,0.0614119408211196,0.00210340249254826,0.00376156899242037,0.0613316312551718,0,0,0,0,0,0,0.00210340249254826,0.00376156899242037,0.0613316312551718,-9.87464983499099e-06,-9.87464983499099e-06,-1.24683249835833e-18,-1.24683249835833e-18,0,2.54787510534094e-18,0,2.54787510534094e-18,0,0
commonData,2,B,E,Exact sine,dimensionless state,study2_pilot_20260918/fits/E.mat,pilot,0,stationary,1.1,derived pilot,After 50 initialization transitions,50,NaN,rateLimited,clean,(dimensionless state)^2,NaN,10,1,29,29,0,4.79353807636449e-05,2.87023194186712e-08,0.000169417588870433,-0.00316098821356214,0.0167055555295336,0.129249973034943,-0.00311305283279849,0.0166809617798827,0.129154797742409,0,0,0,0,0,0,-0.00311305283279849,0.0166809617798827,0.129154797742409,-2.4622451970312e-05,-2.4622451970312e-05,-5.30581438160094e-18,-5.30581438160094e-18,0,1.83433455057391e-17,0,1.83433455057391e-17,0,0
commonData,2,B,E,Exact sine,dimensionless state,study2_pilot_20260918/fits/E.mat,pilot,0,stationary,1.1,derived pilot,After 50 initialization transitions,50,NaN,rateLimited,clean,(dimensionless state)^2,NaN,20,2,29,29,0,-5.3428792600246e-06,2.41373790477452e-08,0.000155362090124152,0.0161661195744581,0.0338210405290085,0.183904976901139,0.0161607766951981,0.0338035653622254,0.183857459359759,0,0,0,0,0,0,0.0161607766951981,0.0338035653622254,0.183857459359759,-1.74993041621533e-05,-1.74993041621533e-05,-1.16111276409619e-17,-1.16111276409619e-17,1.11022302462516e-16,1.03405782200805e-16,1.11022302462516e-16,1.03405782200805e-16,0,0
commonData,2,B,E,Exact sine,dimensionless state,study2_pilot_20260918/fits/E.mat,pilot,0,stationary,1.1,derived pilot,After 100 initialization transitions,100,NaN,held,clean,(dimensionless state)^2,NaN,1,0.1,29,29,0,-1.88426896739863e-05,1.21217456111468e-09,3.48162973492972e-05,-2.87126644299609e-18,1.19540479306794e-34,1.09334568781696e-17,-1.88426896739891e-05,1.2121745611146e-09,3.48162973492961e-05,0,0,0,0,0,0,-1.88426896739891e-05,1.2121745611146e-09,3.48162973492961e-05,-7.28983559825109e-23,-7.28983559825109e-23,1.06462077724918e-25,1.06462077724918e-25,0,1.02414573836607e-26,0,1.02414573836607e-26,0,0
commonData,2,B,E,Exact sine,dimensionless state,study2_pilot_20260918/fits/E.mat,pilot,0,stationary,1.1,derived pilot,After 100 initialization transitions,100,NaN,held,clean,(dimensionless state)^2,NaN,2,0.2,29,29,0,-2.97240390762716e-05,3.14569244675273e-09,5.60864729391386e-05,4.78544407166016e-19,4.36322749469798e-33,6.60547310546185e-17,-2.97240390762711e-05,3.14569244675334e-09,5.60864729391441e-05,0,0,0,0,0,0,-2.97240390762711e-05,3.14569244675334e-09,5.60864729391441e-05,6.06534270699094e-22,6.06534270699094e-22,2.02708604188152e-25,2.02708604188152e-25,0,6.89294776764735e-25,0,6.89294776764735e-25,0,0
commonData,2,B,E,Exact sine,dimensionless state,study2_pilot_20260918/fits/E.mat,pilot,0,stationary,1.1,derived pilot,After 100 initialization transitions,100,NaN,held,clean,(dimensionless state)^2,NaN,5,0.5,29,29,0,-4.12145797660354e-05,7.17548255888704e-09,8.4708220137641e-05,-7.17816610749024e-19,2.44012003384993e-32,1.56208835660789e-16,-4.12145797660361e-05,7.17548255888839e-09,8.47082201376489e-05,0,0,0,0,0,0,-4.12145797660361e-05,7.17548255888839e-09,8.47082201376489e-05,1.34645415509566e-21,1.34645415509566e-21,-2.28565972139148e-24,-2.28565972139148e-24,0,1.67000532293272e-24,0,1.67000532293272e-24,0,0
commonData,2,B,E,Exact sine,dimensionless state,study2_pilot_20260918/fits/E.mat,pilot,0,stationary,1.1,derived pilot,After 100 initialization transitions,100,NaN,held,clean,(dimensionless state)^2,NaN,10,1,29,29,0,-4.29175600850121e-05,9.26501164468493e-09,9.62549304954553e-05,-3.23017474837061e-18,3.15508001859282e-32,1.77625449150532e-16,-4.29175600850153e-05,9.26501164468301e-09,9.62549304954453e-05,0,0,0,0,0,0,-4.29175600850153e-05,9.26501164468301e-09,9.62549304954453e-05,-1.91574687460103e-21,-1.91574687460103e-21,-3.42410332985228e-27,-3.42410332985228e-27,0,1.65666962932996e-24,0,1.65666962932996e-24,0,0
commonData,2,B,E,Exact sine,dimensionless state,study2_pilot_20260918/fits/E.mat,pilot,0,stationary,1.1,derived pilot,After 100 initialization transitions,100,NaN,held,clean,(dimensionless state)^2,NaN,20,2,29,29,0,-4.26981620736657e-05,9.66464346944093e-09,9.83089185651074e-05,-3.46944695195361e-18,3.96662705033117e-32,1.99163928720317e-16,-4.26981620736692e-05,9.66464346944059e-09,9.83089185651058e-05,0,0,0,0,0,0,-4.26981620736692e-05,9.66464346944059e-09,9.83089185651058e-05,-3.28750006953372e-22,-3.28750006953372e-22,-3.77659933261115e-24,-3.77659933261115e-24,0,1.17901795039652e-24,0,1.17901795039652e-24,0,0
commonData,2,B,E,Exact sine,dimensionless state,study2_pilot_20260918/fits/E.mat,pilot,0,stationary,1.1,derived pilot,After 100 initialization transitions,100,NaN,rateLimited,clean,(dimensionless state)^2,NaN,1,0.1,29,29,0,-1.88426896739863e-05,1.21217456111468e-09,3.48162973492972e-05,-2.87126644299609e-18,1.19540479306794e-34,1.09334568781696e-17,-1.88426896739891e-05,1.2121745611146e-09,3.48162973492961e-05,0,0,0,0,0,0,-1.88426896739891e-05,1.2121745611146e-09,3.48162973492961e-05,-7.28983559825109e-23,-7.28983559825109e-23,1.06462077724918e-25,1.06462077724918e-25,0,1.02414573836607e-26,0,1.02414573836607e-26,0,0
commonData,2,B,E,Exact sine,dimensionless state,study2_pilot_20260918/fits/E.mat,pilot,0,stationary,1.1,derived pilot,After 100 initialization transitions,100,NaN,rateLimited,clean,(dimensionless state)^2,NaN,2,0.2,29,29,0,-3.06795149918341e-05,3.29807721636144e-09,5.74288883434239e-05,-0.000353458068003139,2.78474743958229e-05,0.00527707062638192,-0.000384137582994974,2.74673504786289e-05,0.0052409303065991,0,0,0,0,0,0,-0.000384137582994974,2.74673504786289e-05,0.0052409303065991,-3.83421994410351e-07,-3.83421994410351e-07,-1.00585162486448e-21,-1.00585162486448e-21,0,1.12231865511195e-20,0,1.12231865511195e-20,0,0
commonData,2,B,E,Exact sine,dimensionless state,study2_pilot_20260918/fits/E.mat,pilot,0,stationary,1.1,derived pilot,After 100 initialization transitions,100,NaN,rateLimited,clean,(dimensionless state)^2,NaN,5,0.5,29,29,0,-3.55697025489937e-05,6.28730397619814e-09,7.92925215653919e-05,0.00209846017031399,0.00377155248188282,0.0614129667243231,0.002062890467765,0.00376608034421482,0.0613683985795199,0,0,0,0,0,0,0.002062890467765,0.00376608034421482,0.0613683985795199,-5.47842497196781e-06,-5.47842497196781e-06,3.04931861011548e-19,3.04931861011548e-19,0,1.60936259978317e-18,0,1.60936259978317e-18,0,0
commonData,2,B,E,Exact sine,dimensionless state,study2_pilot_20260918/fits/E.mat,pilot,0,stationary,1.1,derived pilot,After 100 initialization transitions,100,NaN,rateLimited,clean,(dimensionless state)^2,NaN,10,1,29,29,0,-1.63822267753488e-05,8.00603433350714e-09,8.94764456910708e-05,-0.00316042805944393,0.0167080296484888,0.129259543742382,-0.00317681028621928,0.0166949323581386,0.129208871050476,0,0,0,0,0,0,-0.00317681028621928,0.0166949323581386,0.129208871050476,-1.31052963845015e-05,-1.31052963845015e-05,1.80756830944068e-18,1.80756830944068e-18,0,3.04169531359019e-17,0,3.04169531359019e-17,0,0
commonData,2,B,E,Exact sine,dimensionless state,study2_pilot_20260918/fits/E.mat,pilot,0,stationary,1.1,derived pilot,After 100 initialization transitions,100,NaN,rateLimited,clean,(dimensionless state)^2,NaN,20,2,29,29,0,-4.55285436488804e-05,9.20497323052776e-09,9.59425517199108e-05,0.016169580823536,0.0338271930388446,0.183921703555737,0.0161240522798871,0.0338161951840686,0.183891802927886,0,0,0,0,0,0,0.0161240522798871,0.0338161951840686,0.183891802927886,-1.10070597491905e-05,-1.10070597491905e-05,-1.58564567726005e-18,-1.58564567726005e-18,5.55111512312578e-17,1.16951533093296e-16,5.55111512312578e-17,1.16951533093296e-16,0,0
commonData,2,B,E,Exact sine,dimensionless state,study2_pilot_20260918/fits/E.mat,pilot,0,stationary,1.1,derived pilot,After 200 initialization transitions,200,NaN,held,clean,(dimensionless state)^2,NaN,1,0.1,29,29,0,-8.14341083902584e-06,4.12059453369977e-10,2.02992476060069e-05,1.91417762866406e-18,2.65645509570653e-35,5.15408100024295e-18,-8.14341083902393e-06,4.12059453370001e-10,2.02992476060075e-05,0,0,0,0,0,0,-8.14341083902393e-06,4.12059453370001e-10,2.02992476060075e-05,2.37996911851909e-23,2.37996911851909e-23,-6.99473626024388e-26,-6.99473626024388e-26,0,6.04043063301474e-27,0,6.04043063301474e-27,0,0
commonData,2,B,E,Exact sine,dimensionless state,study2_pilot_20260918/fits/E.mat,pilot,0,stationary,1.1,derived pilot,After 200 initialization transitions,200,NaN,held,clean,(dimensionless state)^2,NaN,2,0.2,29,29,0,-1.26208128150002e-05,1.08082113726514e-09,3.28758442821647e-05,1.05279769576523e-17,3.47995617537556e-33,5.89911533653611e-17,-1.26208128149897e-05,1.08082113726467e-09,3.28758442821575e-05,0,0,0,0,0,0,-1.26208128149897e-05,1.08082113726467e-09,3.28758442821575e-05,-4.70253852390236e-22,-4.70253852390236e-22,-4.1191615591645e-25,-4.1191615591645e-25,0,2.35704489428085e-25,0,2.35704489428085e-25,0,0
commonData,2,B,E,Exact sine,dimensionless state,study2_pilot_20260918/fits/E.mat,pilot,0,stationary,1.1,derived pilot,After 200 initialization transitions,200,NaN,held,clean,(dimensionless state)^2,NaN,5,0.5,29,29,0,-1.67608420748447e-05,2.53049836882543e-09,5.0304059168475e-05,1.86632318794746e-17,5.12031719697434e-33,7.15563917269054e-17,-1.67608420748261e-05,2.53049836882529e-09,5.03040591684736e-05,0,0,0,0,0,0,-1.67608420748261e-05,2.53049836882529e-09,5.03040591684736e-05,-1.37207977908245e-22,-1.37207977908245e-22,-5.17594086954408e-25,-5.17594086954408e-25,0,6.24111113884662e-25,0,6.24111113884662e-25,0,0
commonData,2,B,E,Exact sine,dimensionless state,study2_pilot_20260918/fits/E.mat,pilot,0,stationary,1.1,derived pilot,After 200 initialization transitions,200,NaN,held,clean,(dimensionless state)^2,NaN,10,1,29,29,0,-1.68669415034708e-05,3.32307485313867e-09,5.76461174159949e-05,2.03381373045557e-17,1.06233299561739e-32,1.03069539419626e-16,-1.68669415034505e-05,3.32307485313558e-09,5.76461174159681e-05,0,0,0,0,0,0,-1.68669415034505e-05,3.32307485313558e-09,5.76461174159681e-05,-3.08741151211736e-21,-3.08741151211736e-21,-4.01242474380822e-26,-4.01242474380822e-26,0,6.83400371103069e-25,0,6.83400371103069e-25,0,0
commonData,2,B,E,Exact sine,dimensionless state,study2_pilot_20260918/fits/E.mat,pilot,0,stationary,1.1,derived pilot,After 200 initialization transitions,200,NaN,held,clean,(dimensionless state)^2,NaN,20,2,29,29,0,-1.66179279033181e-05,3.48040404022869e-09,5.89949492772787e-05,1.07672491612354e-18,1.2761361237109e-32,1.12966195107691e-16,-1.66179279033171e-05,3.48040404023157e-09,5.89949492773031e-05,0,0,0,0,0,0,-1.66179279033171e-05,3.48040404023157e-09,5.89949492773031e-05,2.87797953159411e-21,2.87797953159411e-21,1.02259038394189e-24,1.02259038394189e-24,0,6.43073826280074e-25,0,6.43073826280074e-25,0,0
commonData,2,B,E,Exact sine,dimensionless state,study2_pilot_20260918/fits/E.mat,pilot,0,stationary,1.1,derived pilot,After 200 initialization transitions,200,NaN,rateLimited,clean,(dimensionless state)^2,NaN,1,0.1,29,29,0,-8.14341083902584e-06,4.12059453369977e-10,2.02992476060069e-05,1.91417762866406e-18,2.65645509570653e-35,5.15408100024295e-18,-8.14341083902393e-06,4.12059453370001e-10,2.02992476060075e-05,0,0,0,0,0,0,-8.14341083902393e-06,4.12059453370001e-10,2.02992476060075e-05,2.37996911851909e-23,2.37996911851909e-23,-6.99473626024388e-26,-6.99473626024388e-26,0,6.04043063301474e-27,0,6.04043063301474e-27,0,0
commonData,2,B,E,Exact sine,dimensionless state,study2_pilot_20260918/fits/E.mat,pilot,0,stationary,1.1,derived pilot,After 200 initialization transitions,200,NaN,rateLimited,clean,(dimensionless state)^2,NaN,2,0.2,29,29,0,-1.30112609430172e-05,1.11434082690623e-09,3.33817439164917e-05,-0.00035345068381374,2.78463108695356e-05,0.00527696038165302,-0.000366461944756757,2.75952430613191e-05,0.00525311746121473,0,0,0,0,0,0,-0.000366461944756757,2.75952430613191e-05,0.00525311746121473,-2.52182149043446e-07,-2.52182149043446e-07,-1.95876369052557e-21,-1.95876369052557e-21,0,1.12231865511195e-20,0,1.12231865511195e-20,0,0
commonData,2,B,E,Exact sine,dimensionless state,study2_pilot_20260918/fits/E.mat,pilot,0,stationary,1.1,derived pilot,After 200 initialization transitions,200,NaN,rateLimited,clean,(dimensionless state)^2,NaN,5,0.5,29,29,0,-1.24464427337944e-05,2.19776388069043e-09,4.68803144261046e-05,0.00209847356853831,0.0037715436716833,0.0614128949951336,0.00208602712580451,0.00376803760677118,0.061384343335831,0,0,0,0,0,0,0.00208602712580451,0.00376803760677118,0.061384343335831,-3.50826267600474e-06,-3.50826267600474e-06,-6.05628557286825e-20,-6.05628557286825e-20,0,3.12046937768484e-18,0,3.12046937768484e-18,0,0
commonData,2,B,E,Exact sine,dimensionless state,study2_pilot_20260918/fits/E.mat,pilot,0,stationary,1.1,derived pilot,After 200 initialization transitions,200,NaN,rateLimited,clean,(dimensionless state)^2,NaN,10,1,29,29,0,1.01317489456497e-07,3.14437191581622e-09,5.60746994268915e-05,-0.00316012127111731,0.0167089380804819,0.129263057678835,-0.00316001995362785,0.0167006196505278,0.129230877310834,0,0,0,0,0,0,-0.00316001995362785,0.0167006196505278,0.129230877310834,-8.3215743260511e-06,-8.3215743260511e-06,-2.99680256738571e-18,-2.99680256738571e-18,0,1.71608875113721e-17,0,1.71608875113721e-17,0,0
commonData,2,B,E,Exact sine,dimensionless state,study2_pilot_20260918/fits/E.mat,pilot,0,stationary,1.1,derived pilot,After 200 initialization transitions,200,NaN,rateLimited,clean,(dimensionless state)^2,NaN,20,2,29,29,0,-1.89020583232148e-05,3.16176643478279e-09,5.62295868274238e-05,0.0161711400042058,0.033829597846922,0.18392824102601,0.0161522379458826,0.0338232539807974,0.183910994725159,0,0,0,0,0,0,0.0161522379458826,0.0338232539807974,0.183910994725159,-6.34702789096613e-06,-6.34702789096613e-06,-4.94921351080688e-18,-4.94921351080688e-18,5.55111512312578e-17,9.62331072034556e-17,5.55111512312578e-17,9.62331072034556e-17,0,0
commonData,2,B,O3,Odd cubic,dimensionless state,study2_pilot_20260918/fits/O3.mat,pilot,0,stationary,1.1,derived pilot,After 25 initialization transitions,25,NaN,held,clean,(dimensionless state)^2,NaN,1,0.1,29,29,0,-0.000298226434171854,6.39200210788773e-07,0.000799499975477656,-4.78544407166016e-19,6.64113773926633e-36,2.57704050012147e-18,-0.000298226434171855,6.39200210788772e-07,0.000799499975477656,0,0,0,0,0,0,-0.000298226434171855,6.39200210788772e-07,0.000799499975477656,-3.6642683697727e-22,-3.6642683697727e-22,4.87894817569005e-23,4.87894817569005e-23,0,1.19966520601785e-23,0,1.19966520601785e-23,0,0
commonData,2,B,O3,Odd cubic,dimensionless state,study2_pilot_20260918/fits/O3.mat,pilot,0,stationary,1.1,derived pilot,After 25 initialization transitions,25,NaN,held,clean,(dimensionless state)^2,NaN,2,0.2,29,29,0,-0.000490282375742909,1.74419429450682e-06,0.00132067948212533,-7.65671051465625e-18,1.79310718960191e-33,4.23450964056278e-17,-0.000490282375742917,1.74419429450683e-06,0.00132067948212533,0,0,0,0,0,0,-0.000490282375742917,1.74419429450683e-06,0.00132067948212533,7.56648480210574e-21,7.56648480210574e-21,-1.5494651363241e-22,-1.5494651363241e-22,0,2.29728335546013e-22,0,2.29728335546013e-22,0,0
commonData,2,B,O3,Odd cubic,dimensionless state,study2_pilot_20260918/fits/O3.mat,pilot,0,stationary,1.1,derived pilot,After 25 initialization transitions,25,NaN,held,clean,(dimensionless state)^2,NaN,5,0.5,29,29,0,-0.000744852939120287,4.10661233397934e-06,0.00202647781482535,2.08166817117217e-17,1.46254455862993e-32,1.20935708483058e-16,-0.000744852939120266,4.1066123339793e-06,0.00202647781482534,0,0,0,0,0,0,-0.000744852939120266,4.1066123339793e-06,0.00202647781482534,-4.23738780124363e-20,-4.23738780124363e-20,2.22306497066749e-23,2.22306497066749e-23,0,1.12836061905236e-21,0,1.12836061905236e-21,0,0
commonData,2,B,O3,Odd cubic,dimensionless state,study2_pilot_20260918/fits/O3.mat,pilot,0,stationary,1.1,derived pilot,After 25 initialization transitions,25,NaN,held,clean,(dimensionless state)^2,NaN,10,1,29,29,0,-0.000827241456851172,5.13169514378209e-06,0.00226532451180445,2.41664925618838e-17,1.97316503655777e-32,1.40469392985012e-16,-0.000827241456851148,5.13169514378201e-06,0.00226532451180444,0,0,0,0,0,0,-0.000827241456851148,5.13169514378201e-06,0.00226532451180444,-7.81202447725119e-20,-7.81202447725119e-20,-6.53819322157763e-22,-6.53819322157763e-22,0,1.20850592632923e-21,0,1.20850592632923e-21,0,0
commonData,2,B,O3,Odd cubic,dimensionless state,study2_pilot_20260918/fits/O3.mat,pilot,0,stationary,1.1,derived pilot,After 25 initialization transitions,25,NaN,held,clean,(dimensionless state)^2,NaN,20,2,29,29,0,-0.000837333548194778,5.27531658750738e-06,0.00229680573569194,2.65592145977139e-17,2.51176130721227e-32,1.58485371792234e-16,-0.000837333548194751,5.27531658750734e-06,0.00229680573569193,0,0,0,0,0,0,-0.000837333548194751,5.27531658750734e-06,0.00229680573569193,-4.03724819161594e-20,-4.03724819161594e-20,5.61933395182169e-22,5.61933395182169e-22,0,1.00247621047091e-21,0,1.00247621047091e-21,0,0
commonData,2,B,O3,Odd cubic,dimensionless state,study2_pilot_20260918/fits/O3.mat,pilot,0,stationary,1.1,derived pilot,After 25 initialization transitions,25,NaN,rateLimited,clean,(dimensionless state)^2,NaN,1,0.1,29,29,0,-0.000298226434171854,6.39200210788773e-07,0.000799499975477656,-4.78544407166016e-19,6.64113773926633e-36,2.57704050012147e-18,-0.000298226434171855,6.39200210788772e-07,0.000799499975477656,0,0,0,0,0,0,-0.000298226434171855,6.39200210788772e-07,0.000799499975477656,-3.6642683697727e-22,-3.6642683697727e-22,4.87894817569005e-23,4.87894817569005e-23,0,1.19966520601785e-23,0,1.19966520601785e-23,0,0
commonData,2,B,O3,Odd cubic,dimensionless state,study2_pilot_20260918/fits/O3.mat,pilot,0,stationary,1.1,derived pilot,After 25 initialization transitions,25,NaN,rateLimited,clean,(dimensionless state)^2,NaN,2,0.2,29,29,0,-0.000404816820420305,1.36675929162377e-06,0.00116908480942307,-0.000467096711246356,2.70474946536922e-05,0.00520072058985024,-0.00087191353166666,2.1857602158895e-05,0.00467521145606218,0,0,0,0,0,0,-0.00087191353166666,2.1857602158895e-05,0.00467521145606218,-6.55665178642099e-06,-6.55665178642099e-06,1.27054942088145e-20,1.27054942088145e-20,0,1.20172799391704e-20,0,1.20172799391704e-20,0,0
commonData,2,B,O3,Odd cubic,dimensionless state,study2_pilot_20260918/fits/O3.mat,pilot,0,stationary,1.1,derived pilot,After 25 initialization transitions,25,NaN,rateLimited,clean,(dimensionless state)^2,NaN,5,0.5,29,29,0,5.45399944802936e-05,2.19575278241696e-06,0.00148180726898506,0.00157129245635439,0.00340342657558325,0.0583388941923246,0.00162583245083468,0.00336226503529073,0.057985041478736,0,0,0,0,0,0,0.00162583245083468,0.00336226503529073,0.057985041478736,-4.33572930749364e-05,-4.33572930749364e-05,1.96511643762998e-19,1.96511643762998e-19,0,2.05998412772246e-18,0,2.05998412772246e-18,0,0
commonData,2,B,O3,Odd cubic,dimensionless state,study2_pilot_20260918/fits/O3.mat,pilot,0,stationary,1.1,derived pilot,After 25 initialization transitions,25,NaN,rateLimited,clean,(dimensionless state)^2,NaN,10,1,29,29,0,6.70744322097114e-05,3.12795293652033e-06,0.00176860197232739,-0.00329709095393145,0.0151182345680305,0.122956230293672,-0.00323001652172174,0.015105387462596,0.122903976593908,0,0,0,0,0,0,-0.00323001652172174,0.015105387462596,0.122903976593908,-1.5975058371031e-05,-1.5975058371031e-05,-4.14707330975705e-18,-4.14707330975705e-18,0,2.35271871429354e-17,0,2.35271871429354e-17,0,0
commonData,2,B,O3,Odd cubic,dimensionless state,study2_pilot_20260918/fits/O3.mat,pilot,0,stationary,1.1,derived pilot,After 25 initialization transitions,25,NaN,rateLimited,clean,(dimensionless state)^2,NaN,20,2,29,29,0,-0.000350731977092157,4.30433500823597e-06,0.00207468913532509,0.016319154250368,0.032070373478134,0.179082030025723,0.0159684222732759,0.0322642884410664,0.179622627864828,0,0,0,0,0,0,0.0159684222732759,0.0322642884410664,0.179622627864828,0.000189610627924137,0.000189610627924137,6.17995238316738e-18,6.17995238316738e-18,0,1.56125112837913e-17,0,1.56125112837913e-17,0,0
commonData,2,B,O3,Odd cubic,dimensionless state,study2_pilot_20260918/fits/O3.mat,pilot,0,stationary,1.1,derived pilot,After 50 initialization transitions,50,NaN,held,clean,(dimensionless state)^2,NaN,1,0.1,29,29,0,-0.000105712760084676,2.28658848043955e-07,0.000478182860466532,4.78544407166016e-19,6.64113773926633e-36,2.57704050012147e-18,-0.000105712760084676,2.28658848043955e-07,0.000478182860466532,0,0,0,0,0,0,-0.000105712760084676,2.28658848043955e-07,0.000478182860466532,3.39968340920796e-22,3.39968340920796e-22,4.1387939012572e-24,4.1387939012572e-24,0,1.23238748720266e-23,0,1.23238748720266e-23,0,0
commonData,2,B,O3,Odd cubic,dimensionless state,study2_pilot_20260918/fits/O3.mat,pilot,0,stationary,1.1,derived pilot,After 50 initialization transitions,50,NaN,held,clean,(dimensionless state)^2,NaN,2,0.2,29,29,0,-0.000177574261125227,6.16378896834061e-07,0.000785098017341823,4.30689966449414e-18,1.8927242556909e-33,4.35054508733205e-17,-0.000177574261125222,6.16378896834073e-07,0.00078509801734183,0,0,0,0,0,0,-0.000177574261125222,6.16378896834073e-07,0.00078509801734183,1.11186769672604e-20,1.11186769672604e-20,-1.36953454956163e-24,-1.36953454956163e-24,0,7.43453440335322e-23,0,7.43453440335322e-23,0,0
commonData,2,B,O3,Odd cubic,dimensionless state,study2_pilot_20260918/fits/O3.mat,pilot,0,stationary,1.1,derived pilot,After 50 initialization transitions,50,NaN,held,clean,(dimensionless state)^2,NaN,5,0.5,29,29,0,-0.000281683686006981,1.41754401075061e-06,0.00119060657261356,-2.05774095081387e-17,6.12977013334282e-33,7.82928485453354e-17,-0.000281683686007001,1.41754401075066e-06,0.00119060657261358,0,0,0,0,0,0,-0.000281683686007001,1.41754401075066e-06,0.00119060657261358,5.65353828829708e-20,5.65353828829708e-20,-4.19450127379563e-22,-4.19450127379563e-22,0,4.82756632096594e-22,0,4.82756632096594e-22,0,0
commonData,2,B,O3,Odd cubic,dimensionless state,study2_pilot_20260918/fits/O3.mat,pilot,0,stationary,1.1,derived pilot,After 50 initialization transitions,50,NaN,held,clean,(dimensionless state)^2,NaN,10,1,29,29,0,-0.000321469352944803,1.74674561230115e-06,0.00132164504020601,-3.51730139267022e-17,1.33295935849249e-32,1.1545385911664e-16,-0.000321469352944838,1.74674561230119e-06,0.00132164504020603,0,0,0,0,0,0,-0.000321469352944838,1.74674561230119e-06,0.00132164504020603,4.46597467799216e-20,4.46597467799216e-20,2.12411877293628e-23,2.12411877293628e-23,0,5.83735676695356e-22,0,5.83735676695356e-22,0,0
commonData,2,B,O3,Odd cubic,dimensionless state,study2_pilot_20260918/fits/O3.mat,pilot,0,stationary,1.1,derived pilot,After 50 initialization transitions,50,NaN,held,clean,(dimensionless state)^2,NaN,20,2,29,29,0,-0.000327637896431883,1.78947580480835e-06,0.00133771290074079,-1.6390145945436e-17,1.38787326617405e-32,1.17808033095118e-16,-0.0003276378964319,1.78947580480841e-06,0.00133771290074082,0,0,0,0,0,0,-0.0003276378964319,1.78947580480841e-06,0.00133771290074082,5.88505398462214e-20,5.88505398462214e-20,1.82499879385848e-23,1.82499879385848e-23,0,6.88131893620626e-22,0,6.88131893620626e-22,0,0
commonData,2,B,O3,Odd cubic,dimensionless state,study2_pilot_20260918/fits/O3.mat,pilot,0,stationary,1.1,derived pilot,After 50 initialization transitions,50,NaN,rateLimited,clean,(dimensionless state)^2,NaN,1,0.1,29,29,0,-0.000105712760084676,2.28658848043955e-07,0.000478182860466532,4.78544407166016e-19,6.64113773926633e-36,2.57704050012147e-18,-0.000105712760084676,2.28658848043955e-07,0.000478182860466532,0,0,0,0,0,0,-0.000105712760084676,2.28658848043955e-07,0.000478182860466532,3.39968340920796e-22,3.39968340920796e-22,4.1387939012572e-24,4.1387939012572e-24,0,1.23238748720266e-23,0,1.23238748720266e-23,0,0
commonData,2,B,O3,Odd cubic,dimensionless state,study2_pilot_20260918/fits/O3.mat,pilot,0,stationary,1.1,derived pilot,After 50 initialization transitions,50,NaN,rateLimited,clean,(dimensionless state)^2,NaN,2,0.2,29,29,0,-7.52705085604283e-05,4.53778813086665e-07,0.000673631066004727,-0.000475608051282255,2.80421830853675e-05,0.00529548704892832,-0.000550878559842683,2.49522638657799e-05,0.00499522410566132,0,0,0,0,0,0,-0.000550878559842683,2.49522638657799e-05,0.00499522410566132,-3.54369803267433e-06,-3.54369803267433e-06,7.6232965252887e-21,7.6232965252887e-21,0,1.10114283143059e-20,0,1.10114283143059e-20,0,0
commonData,2,B,O3,Odd cubic,dimensionless state,study2_pilot_20260918/fits/O3.mat,pilot,0,stationary,1.1,derived pilot,After 50 initialization transitions,50,NaN,rateLimited,clean,(dimensionless state)^2,NaN,5,0.5,29,29,0,0.000373559645285349,9.90492351443459e-07,0.000995234822262293,0.00160025076689848,0.00352983542923395,0.0594124181399306,0.00197381041218383,0.00350542201111304,0.0592066044551876,0,0,0,0,0,0,0.00197381041218383,0.00350542201111304,0.0592066044551876,-2.54039104723503e-05,-2.54039104723503e-05,-1.86347248395946e-19,-1.86347248395946e-19,0,1.4975542507456e-18,0,1.4975542507456e-18,0,0
commonData,2,B,O3,Odd cubic,dimensionless state,study2_pilot_20260918/fits/O3.mat,pilot,0,stationary,1.1,derived pilot,After 50 initialization transitions,50,NaN,rateLimited,clean,(dimensionless state)^2,NaN,10,1,29,29,0,0.000345630413099618,1.29170162723693e-06,0.00113653052191172,-0.00335530481728477,0.0156876589217163,0.12525038491644,-0.00300967440418515,0.0156834853657564,0.125233722957343,0,0,0,0,0,0,-0.00300967440418515,0.0156834853657564,0.125233722957343,-5.46525758716373e-06,-5.46525758716373e-06,4.1555436392296e-18,4.1555436392296e-18,0,1.66967134562768e-17,0,1.66967134562768e-17,0,0
commonData,2,B,O3,Odd cubic,dimensionless state,study2_pilot_20260918/fits/O3.mat,pilot,0,stationary,1.1,derived pilot,After 50 initialization transitions,50,NaN,rateLimited,clean,(dimensionless state)^2,NaN,20,2,29,29,0,6.71271672320447e-05,1.65174903576229e-06,0.00128520388879052,0.0166333262431664,0.0332833154873545,0.182437154898213,0.0167004534103984,0.0334357545091336,0.182854462644841,0,0,0,0,0,0,0.0167004534103984,0.0334357545091336,0.182854462644841,0.000150787272743343,0.000150787272743343,-1.55311961208549e-17,-1.55311961208549e-17,5.55111512312578e-17,3.72965547335014e-17,5.55111512312578e-17,3.72965547335014e-17,0,0
commonData,2,B,O3,Odd cubic,dimensionless state,study2_pilot_20260918/fits/O3.mat,pilot,0,stationary,1.1,derived pilot,After 100 initialization transitions,100,NaN,held,clean,(dimensionless state)^2,NaN,1,0.1,29,29,0,-0.00016383898174052,1.05048186420485e-07,0.000324111379652867,-9.57088814332031e-19,1.32822754785327e-35,3.64448562605653e-18,-0.000163838981740521,1.05048186420485e-07,0.000324111379652868,0,0,0,0,0,0,-0.000163838981740521,1.05048186420485e-07,0.000324111379652868,7.99128473794324e-22,7.99128473794324e-22,8.19980405741772e-24,8.19980405741772e-24,0,1.36660105337319e-23,0,1.36660105337319e-23,0,0
commonData,2,B,O3,Odd cubic,dimensionless state,study2_pilot_20260918/fits/O3.mat,pilot,0,stationary,1.1,derived pilot,After 100 initialization transitions,100,NaN,held,clean,(dimensionless state)^2,NaN,2,0.2,29,29,0,-0.000268787816368266,2.85631346274061e-07,0.000534444895451403,-7.17816610749024e-18,8.03577666451226e-34,2.83474455013362e-17,-0.000268787816368273,2.85631346274062e-07,0.000534444895451404,0,0,0,0,0,0,-0.000268787816368273,2.85631346274062e-07,0.000534444895451404,1.28848825270582e-21,1.28848825270582e-21,3.50007273782226e-23,3.50007273782226e-23,0,7.1071573403862e-23,0,7.1071573403862e-23,0,0
commonData,2,B,O3,Odd cubic,dimensionless state,study2_pilot_20260918/fits/O3.mat,pilot,0,stationary,1.1,derived pilot,After 100 initialization transitions,100,NaN,held,clean,(dimensionless state)^2,NaN,5,0.5,29,29,0,-0.000406581516902773,6.68184964495842e-07,0.000817425815897591,-3.27802918908721e-17,9.72428593472072e-33,9.86117940954363e-17,-0.000406581516902806,6.68184964495861e-07,0.000817425815897602,0,0,0,0,0,0,-0.000406581516902806,6.68184964495861e-07,0.000817425815897602,1.87901088359459e-20,1.87901088359459e-20,5.63742404525711e-23,5.63742404525711e-23,0,1.00254021161434e-22,0,1.00254021161434e-22,0,0
commonData,2,B,O3,Odd cubic,dimensionless state,study2_pilot_20260918/fits/O3.mat,pilot,0,stationary,1.1,derived pilot,After 100 initialization transitions,100,NaN,held,clean,(dimensionless state)^2,NaN,10,1,29,29,0,-0.000450271968770366,8.32008298919187e-07,0.000912144889213982,-3.73264637589492e-17,2.65479481127172e-32,1.62935410861842e-16,-0.000450271968770403,8.32008298919207e-07,0.000912144889213993,0,0,0,0,0,0,-0.000450271968770403,8.32008298919207e-07,0.000912144889213993,1.97134658118257e-20,1.97134658118257e-20,-1.99497881897267e-23,-1.99497881897267e-23,0,1.70892260414091e-22,0,1.70892260414091e-22,0,0
commonData,2,B,O3,Odd cubic,dimensionless state,study2_pilot_20260918/fits/O3.mat,pilot,0,stationary,1.1,derived pilot,After 100 initialization transitions,100,NaN,held,clean,(dimensionless state)^2,NaN,20,2,29,29,0,-0.00045543167457723,8.54579864765183e-07,0.000924434889413626,-2.93108449389185e-17,2.61515552039047e-32,1.61714424847954e-16,-0.00045543167457726,8.54579864765191e-07,0.00092443488941363,0,0,0,0,0,0,-0.00045543167457726,8.54579864765191e-07,0.00092443488941363,7.53662460099347e-21,7.53662460099347e-21,8.66719242690821e-23,8.66719242690821e-23,0,2.11274245096524e-22,0,2.11274245096524e-22,0,0
commonData,2,B,O3,Odd cubic,dimensionless state,study2_pilot_20260918/fits/O3.mat,pilot,0,stationary,1.1,derived pilot,After 100 initialization transitions,100,NaN,rateLimited,clean,(dimensionless state)^2,NaN,1,0.1,29,29,0,-0.00016383898174052,1.05048186420485e-07,0.000324111379652867,-9.57088814332031e-19,1.32822754785327e-35,3.64448562605653e-18,-0.000163838981740521,1.05048186420485e-07,0.000324111379652868,0,0,0,0,0,0,-0.000163838981740521,1.05048186420485e-07,0.000324111379652868,7.99128473794324e-22,7.99128473794324e-22,8.19980405741772e-24,8.19980405741772e-24,0,1.36660105337319e-23,0,1.36660105337319e-23,0,0
commonData,2,B,O3,Odd cubic,dimensionless state,study2_pilot_20260918/fits/O3.mat,pilot,0,stationary,1.1,derived pilot,After 100 initialization transitions,100,NaN,rateLimited,clean,(dimensionless state)^2,NaN,2,0.2,29,29,0,-0.000184231397878541,1.65705520234331e-07,0.000407069429255418,-0.000482640946505566,2.88776436316563e-05,0.00537379229517259,-0.000666872344384107,2.84064966773033e-05,0.00532977454282105,0,0,0,0,0,0,-0.000666872344384107,2.84064966773033e-05,0.00532977454282105,-6.36852474587329e-07,-6.36852474587329e-07,-2.5410988417629e-21,-2.5410988417629e-21,0,1.27054942088145e-20,0,1.27054942088145e-20,0,0
commonData,2,B,O3,Odd cubic,dimensionless state,study2_pilot_20260918/fits/O3.mat,pilot,0,stationary,1.1,derived pilot,After 100 initialization transitions,100,NaN,rateLimited,clean,(dimensionless state)^2,NaN,5,0.5,29,29,0,4.41287685652485e-05,1.57650682706775e-07,0.000397052493641301,0.00162359820262474,0.00363377745609958,0.0602808216276087,0.00166772697118999,0.0036253626941938,0.060210984829961,0,0,0,0,0,0,0.00166772697118999,0.0036253626941938,0.060210984829961,-8.57241258849012e-06,-8.57241258849012e-06,-6.91178884959509e-19,-6.91178884959509e-19,0,1.72794721239877e-18,0,1.72794721239877e-18,0,0
commonData,2,B,O3,Odd cubic,dimensionless state,study2_pilot_20260918/fits/O3.mat,pilot,0,stationary,1.1,derived pilot,After 100 initialization transitions,100,NaN,rateLimited,clean,(dimensionless state)^2,NaN,10,1,29,29,0,5.30833192172272e-05,2.55383850822557e-07,0.000505355172945283,-0.00340672366442224,0.0161418515157278,0.127050586443856,-0.00335364034520501,0.0161266824635811,0.12699087551309,0,0,0,0,0,0,-0.00335364034520501,0.0161266824635811,0.12699087551309,-1.54244359975453e-05,-1.54244359975453e-05,-1.8126505071242e-18,-1.8126505071242e-18,0,6.72205346941013e-18,0,6.72205346941013e-18,0,0
commonData,2,B,O3,Odd cubic,dimensionless state,study2_pilot_20260918/fits/O3.mat,pilot,0,stationary,1.1,derived pilot,After 100 initialization transitions,100,NaN,rateLimited,clean,(dimensionless state)^2,NaN,20,2,29,29,0,-6.66017468877977e-05,3.44914493605394e-07,0.000587294213836127,0.0168630339161494,0.0342420198203061,0.185045993796964,0.0167964321692616,0.0342938780474911,0.185186063318736,0,0,0,0,0,0,0.0167964321692616,0.0342938780474911,0.185186063318736,5.15133126913412e-05,5.15133126913412e-05,-6.7762635780344e-20,-6.7762635780344e-20,0,8.00141203294302e-17,0,8.00141203294302e-17,0,0
commonData,2,B,O3,Odd cubic,dimensionless state,study2_pilot_20260918/fits/O3.mat,pilot,0,stationary,1.1,derived pilot,After 200 initialization transitions,200,NaN,held,clean,(dimensionless state)^2,NaN,1,0.1,29,29,0,-0.000162066475800041,8.51516670586716e-08,0.000291807585677055,0,0,0,-0.000162066475800041,8.51516670586716e-08,0.000291807585677055,0,0,0,0,0,0,-0.000162066475800041,8.51516670586716e-08,0.000291807585677055,0,0,0,0,0,0,0,0,0,0
commonData,2,B,O3,Odd cubic,dimensionless state,study2_pilot_20260918/fits/O3.mat,pilot,0,stationary,1.1,derived pilot,After 200 initialization transitions,200,NaN,held,clean,(dimensionless state)^2,NaN,2,0.2,29,29,0,-0.000266590781249123,2.31153805486887e-07,0.000480784572846183,-2.15344983224707e-17,2.42401527483221e-33,4.92342896245311e-17,-0.000266590781249145,2.31153805486907e-07,0.000480784572846204,0,0,0,0,0,0,-0.000266590781249145,2.31153805486907e-07,0.000480784572846204,1.95071137773901e-20,1.95071137773901e-20,2.75835686597356e-23,2.75835686597356e-23,0,4.38669840122109e-23,0,4.38669840122109e-23,0,0
commonData,2,B,O3,Odd cubic,dimensionless state,study2_pilot_20260918/fits/O3.mat,pilot,0,stationary,1.1,derived pilot,After 200 initialization transitions,200,NaN,held,clean,(dimensionless state)^2,NaN,5,0.5,29,29,0,-0.00040549933290345,5.38563721257083e-07,0.000733869008241309,-3.46944695195361e-17,5.81265580629286e-33,7.62407752209594e-17,-0.000405499332903484,5.38563721257139e-07,0.000733869008241348,0,0,0,0,0,0,-0.000405499332903484,5.38563721257139e-07,0.000733869008241348,5.67636831771539e-20,5.67636831771539e-20,-1.2475711121591e-23,-1.2475711121591e-23,0,7.60577676738301e-23,0,7.60577676738301e-23,0,0
commonData,2,B,O3,Odd cubic,dimensionless state,study2_pilot_20260918/fits/O3.mat,pilot,0,stationary,1.1,derived pilot,After 200 initialization transitions,200,NaN,held,clean,(dimensionless state)^2,NaN,10,1,29,29,0,-0.000450703432265585,6.6853363580235e-07,0.00081763906205755,-4.42653576628565e-17,1.4220336184204e-32,1.19249051083034e-16,-0.000450703432265629,6.68533635802441e-07,0.000817639062057605,0,0,0,0,0,0,-0.000450703432265629,6.68533635802441e-07,0.000817639062057605,9.0799052665764e-20,9.0799052665764e-20,-6.06481911612976e-23,-6.06481911612976e-23,0,1.1917274234097e-22,0,1.1917274234097e-22,0,0
commonData,2,B,O3,Odd cubic,dimensionless state,study2_pilot_20260918/fits/O3.mat,pilot,0,stationary,1.1,derived pilot,After 200 initialization transitions,200,NaN,held,clean,(dimensionless state)^2,NaN,20,2,29,29,0,-0.000456293244756238,6.86084819408315e-07,0.000828302371968302,-3.61301027410342e-17,1.85661306923364e-32,1.3625758948527e-16,-0.000456293244756274,6.86084819408442e-07,0.000828302371968378,0,0,0,0,0,0,-0.000456293244756274,6.86084819408442e-07,0.000828302371968378,1.27168091245746e-19,1.27168091245746e-19,-7.27003921240587e-24,-7.27003921240587e-24,0,1.5756349512706e-22,0,1.5756349512706e-22,0,0
commonData,2,B,O3,Odd cubic,dimensionless state,study2_pilot_20260918/fits/O3.mat,pilot,0,stationary,1.1,derived pilot,After 200 initialization transitions,200,NaN,rateLimited,clean,(dimensionless state)^2,NaN,1,0.1,29,29,0,-0.000162066475800041,8.51516670586716e-08,0.000291807585677055,0,0,0,-0.000162066475800041,8.51516670586716e-08,0.000291807585677055,0,0,0,0,0,0,-0.000162066475800041,8.51516670586716e-08,0.000291807585677055,0,0,0,0,0,0,0,0,0,0
commonData,2,B,O3,Odd cubic,dimensionless state,study2_pilot_20260918/fits/O3.mat,pilot,0,stationary,1.1,derived pilot,After 200 initialization transitions,200,NaN,rateLimited,clean,(dimensionless state)^2,NaN,2,0.2,29,29,0,-0.000179831326848067,1.01187515037363e-07,0.000318099850734581,-0.000486203360941957,2.93055136527921e-05,0.0054134567193977,-0.000666034687790024,3.02319241250836e-05,0.00549835649308806,0,0,0,0,0,0,-0.000666034687790024,3.02319241250836e-05,0.00549835649308806,8.25222957254106e-07,8.25222957254106e-07,-9.84675801183124e-21,-9.84675801183124e-21,0,1.18584612615602e-20,0,1.18584612615602e-20,0,0
commonData,2,B,O3,Odd cubic,dimensionless state,study2_pilot_20260918/fits/O3.mat,pilot,0,stationary,1.1,derived pilot,After 200 initialization transitions,200,NaN,rateLimited,clean,(dimensionless state)^2,NaN,5,0.5,29,29,0,-2.82434837936797e-05,3.06775333691966e-08,0.000175150031028249,0.00163563131936791,0.00368780970092715,0.0607273389909944,0.00160738783557423,0.00368710831157904,0.0607215638103881,0,0,0,0,0,0,0.00160738783557423,0.00368710831157904,0.0607215638103881,-7.32066881486018e-07,-7.32066881486018e-07,6.08910809957435e-19,6.08910809957435e-19,0,2.18195687212708e-18,0,2.18195687212708e-18,0,0
commonData,2,B,O3,Odd cubic,dimensionless state,study2_pilot_20260918/fits/O3.mat,pilot,0,stationary,1.1,derived pilot,After 200 initialization transitions,200,NaN,rateLimited,clean,(dimensionless state)^2,NaN,10,1,29,29,0,-3.89389921506687e-05,5.78775316358809e-08,0.000240577496112751,-0.00343158814451106,0.016383088991276,0.127996441322703,-0.00347052713666172,0.0163702577673641,0.127946308142768,0,0,0,0,0,0,-0.00347052713666172,0.0163702577673641,0.127946308142768,-1.28891014436057e-05,-1.28891014436057e-05,-3.36610893238859e-18,-3.36610893238859e-18,5.55111512312578e-17,3.42946699684321e-17,5.55111512312578e-17,3.42946699684321e-17,0,0
commonData,2,B,O3,Odd cubic,dimensionless state,study2_pilot_20260918/fits/O3.mat,pilot,0,stationary,1.1,derived pilot,After 200 initialization transitions,200,NaN,rateLimited,clean,(dimensionless state)^2,NaN,20,2,29,29,0,-9.51890030274938e-05,7.77294787105961e-08,0.000278800069423585,0.0169900324648029,0.0347545336156689,0.186425678530799,0.0168948434617754,0.0347738375062447,0.186477445033561,0,0,0,0,0,0,0.0168948434617754,0.0347738375062447,0.186477445033561,1.92261610971454e-05,1.92261610971454e-05,1.34508832023983e-18,1.34508832023983e-18,5.55111512312578e-17,6.41305585025176e-17,5.55111512312578e-17,6.41305585025176e-17,0,0
commonData,2,B,O5,Odd quintic,dimensionless state,study2_pilot_20260918/fits/O5.mat,pilot,0,stationary,1.1,derived pilot,After 25 initialization transitions,25,NaN,held,clean,(dimensionless state)^2,NaN,1,0.1,29,29,0,-0.00110119136268101,3.7412985053375e-06,0.0019342436520091,4.78544407166016e-18,2.25798683135055e-34,1.50265991872764e-17,-0.00110119136268101,3.74129850533747e-06,0.00193424365200909,0,0,0,0,0,0,-0.00110119136268101,3.74129850533747e-06,0.00193424365200909,-2.60976568873969e-20,-2.60976568873969e-20,2.63151996140521e-22,2.63151996140521e-22,0,4.16972982710765e-22,0,4.16972982710765e-22,0,0
commonData,2,B,O5,Odd quintic,dimensionless state,study2_pilot_20260918/fits/O5.mat,pilot,0,stationary,1.1,derived pilot,After 25 initialization transitions,25,NaN,held,clean,(dimensionless state)^2,NaN,2,0.2,29,29,0,-0.00181685730258073,1.01855622247089e-05,0.0031914827627153,3.54122861302852e-17,3.81201306233887e-33,6.17415019443071e-17,-0.00181685730258069,1.01855622247088e-05,0.00319148276271528,0,0,0,0,0,0,-0.00181685730258069,1.01855622247088e-05,0.00319148276271528,-1.18919145354092e-19,-1.18919145354092e-19,2.02859863299474e-21,2.02859863299474e-21,0,2.88647103881444e-21,0,2.88647103881444e-21,0,0
commonData,2,B,O5,Odd quintic,dimensionless state,study2_pilot_20260918/fits/O5.mat,pilot,0,stationary,1.1,derived pilot,After 25 initialization transitions,25,NaN,held,clean,(dimensionless state)^2,NaN,5,0.5,29,29,0,-0.00278069731256842,2.38641692645352e-05,0.0048850966484334,3.51730139267022e-17,1.9679351405881e-32,1.40283111620326e-16,-0.00278069731256838,2.38641692645353e-05,0.0048850966484334,0,0,0,0,0,0,-0.00278069731256838,2.38641692645353e-05,0.0048850966484334,3.13160675125749e-20,3.13160675125749e-20,-8.22881411439773e-22,-8.22881411439773e-22,0,4.125211587101e-21,0,4.125211587101e-21,0,0
commonData,2,B,O5,Odd quintic,dimensionless state,study2_pilot_20260918/fits/O5.mat,pilot,0,stationary,1.1,derived pilot,After 25 initialization transitions,25,NaN,held,clean,(dimensionless state)^2,NaN,10,1,29,29,0,-0.00310309456188203,2.97228525911239e-05,0.0054518668904444,7.17816610749024e-18,2.23374667860223e-32,1.49457240661074e-16,-0.00310309456188203,2.97228525911242e-05,0.00545186689044443,0,0,0,0,0,0,-0.00310309456188203,2.97228525911242e-05,0.00545186689044443,2.63491516170981e-19,2.63491516170981e-19,4.17089516135593e-21,4.17089516135593e-21,0,6.80236573101305e-21,0,6.80236573101305e-21,0,0
commonData,2,B,O5,Odd quintic,dimensionless state,study2_pilot_20260918/fits/O5.mat,pilot,0,stationary,1.1,derived pilot,After 25 initialization transitions,25,NaN,held,clean,(dimensionless state)^2,NaN,20,2,29,29,0,-0.00314480741974269,3.05284194555166e-05,0.0055252528861145,0,3.30330191151107e-32,1.81749880646758e-16,-0.00314480741974269,3.05284194555168e-05,0.00552525288611452,0,0,0,0,0,0,-0.00314480741974269,3.05284194555168e-05,0.00552525288611452,2.50438503014972e-19,2.50438503014972e-19,2.83249372268077e-22,2.83249372268077e-22,0,9.94383255160365e-21,0,9.94383255160365e-21,0,0
commonData,2,B,O5,Odd quintic,dimensionless state,study2_pilot_20260918/fits/O5.mat,pilot,0,stationary,1.1,derived pilot,After 25 initialization transitions,25,NaN,rateLimited,clean,(dimensionless state)^2,NaN,1,0.1,29,29,0,-0.00110119136268101,3.7412985053375e-06,0.0019342436520091,4.78544407166016e-18,2.25798683135055e-34,1.50265991872764e-17,-0.00110119136268101,3.74129850533747e-06,0.00193424365200909,0,0,0,0,0,0,-0.00110119136268101,3.74129850533747e-06,0.00193424365200909,-2.60976568873969e-20,-2.60976568873969e-20,2.63151996140521e-22,2.63151996140521e-22,0,4.16972982710765e-22,0,4.16972982710765e-22,0,0
commonData,2,B,O5,Odd quintic,dimensionless state,study2_pilot_20260918/fits/O5.mat,pilot,0,stationary,1.1,derived pilot,After 25 initialization transitions,25,NaN,rateLimited,clean,(dimensionless state)^2,NaN,2,0.2,29,29,0,-0.0012765458485994,5.74192203658114e-06,0.0023962307978534,-0.00111370021137972,3.58891007045651e-05,0.00599075126378696,-0.00239024605997911,4.17594800966881e-05,0.00646215754192732,0,0,0,0,0,0,-0.00239024605997911,4.17594800966881e-05,0.00646215754192732,1.28457355541843e-07,1.28457355541843e-07,6.08804930839028e-21,6.08804930839028e-21,0,2.71050543121376e-20,0,2.71050543121376e-20,0,0
commonData,2,B,O5,Odd quintic,dimensionless state,study2_pilot_20260918/fits/O5.mat,pilot,0,stationary,1.1,derived pilot,After 25 initialization transitions,25,NaN,rateLimited,clean,(dimensionless state)^2,NaN,5,0.5,29,29,0,-5.05837770468292e-05,5.24863724664435e-06,0.00229099045101553,-0.000675691769219865,0.00308443472673754,0.0555376874449913,-0.000726275546266692,0.00302283493782787,0.0549803140935724,0,0,0,0,0,0,-0.000726275546266692,0.00302283493782787,0.0549803140935724,-6.68484261563151e-05,-6.68484261563151e-05,-4.06575814682064e-19,-4.06575814682064e-19,0,1.81603863891322e-18,0,1.81603863891322e-18,0,0
commonData,2,B,O5,Odd quintic,dimensionless state,study2_pilot_20260918/fits/O5.mat,pilot,0,stationary,1.1,derived pilot,After 25 initialization transitions,25,NaN,rateLimited,clean,(dimensionless state)^2,NaN,10,1,29,29,0,-0.000170524880193046,8.36780467766111e-06,0.00289271579621315,-0.00461918929652124,0.0137531235391084,0.117273712054784,-0.00478971417671429,0.0136707175678785,0.11692184384399,0,0,0,0,0,0,-0.00478971417671429,0.0136707175678785,0.11692184384399,-9.07737759075631e-05,-9.07737759075631e-05,2.05998412772246e-18,2.05998412772246e-18,0,3.63207727782644e-18,0,3.63207727782644e-18,0,0
commonData,2,B,O5,Odd quintic,dimensionless state,study2_pilot_20260918/fits/O5.mat,pilot,0,stationary,1.1,derived pilot,After 25 initialization transitions,25,NaN,rateLimited,clean,(dimensionless state)^2,NaN,20,2,29,29,0,-0.00101776676671474,1.24404433203632e-05,0.00352710126312857,0.0205095475549549,0.0375758266185698,0.193844851926921,0.0194917807882401,0.037919131569487,0.194728353275754,0,0,0,0,0,0,0.0194917807882401,0.037919131569487,0.194728353275754,0.000330864507596837,0.000330864507596837,2.39608680119296e-17,2.39608680119296e-17,5.55111512312578e-17,5.29090660172926e-17,5.55111512312578e-17,5.29090660172926e-17,0,0
commonData,2,B,O5,Odd quintic,dimensionless state,study2_pilot_20260918/fits/O5.mat,pilot,0,stationary,1.1,derived pilot,After 50 initialization transitions,50,NaN,held,clean,(dimensionless state)^2,NaN,1,0.1,29,29,0,-0.000483153036180253,1.40173848400239e-06,0.00118395037227174,1.43563322149805e-18,1.12899341567528e-34,1.06254101834954e-17,-0.000483153036180251,1.40173848400238e-06,0.00118395037227174,0,0,0,0,0,0,-0.000483153036180251,1.40173848400238e-06,0.00118395037227174,-4.24099177496369e-21,-4.24099177496369e-21,5.82703869207349e-24,5.82703869207349e-24,0,1.06858783025084e-22,0,1.06858783025084e-22,0,0
commonData,2,B,O5,Odd quintic,dimensionless state,study2_pilot_20260918/fits/O5.mat,pilot,0,stationary,1.1,derived pilot,After 50 initialization transitions,50,NaN,held,clean,(dimensionless state)^2,NaN,2,0.2,29,29,0,-0.000807424844980584,3.80300506118853e-06,0.00195012949856889,1.86632318794746e-17,4.41635659661211e-33,6.64556739233913e-17,-0.000807424844980565,3.80300506118848e-06,0.00195012949856887,0,0,0,0,0,0,-0.000807424844980565,3.80300506118848e-06,0.00195012949856887,-5.20769504201166e-20,-5.20769504201166e-20,-8.62608783281592e-22,-8.62608783281592e-22,0,5.31764370183396e-22,0,5.31764370183396e-22,0,0
commonData,2,B,O5,Odd quintic,dimensionless state,study2_pilot_20260918/fits/O5.mat,pilot,0,stationary,1.1,derived pilot,After 50 initialization transitions,50,NaN,held,clean,(dimensionless state)^2,NaN,5,0.5,29,29,0,-0.00126799179085618,8.8760716234883e-06,0.0029792736738152,4.18726356270264e-17,1.26795922286942e-32,1.12603695448659e-16,-0.00126799179085614,8.87607162348813e-06,0.00297927367381517,0,0,0,0,0,0,-0.00126799179085614,8.87607162348813e-06,0.00297927367381517,-1.72092250700262e-19,-1.72092250700262e-19,2.68566124938934e-21,2.68566124938934e-21,0,1.32928176630248e-21,0,1.32928176630248e-21,0,0
commonData,2,B,O5,Odd quintic,dimensionless state,study2_pilot_20260918/fits/O5.mat,pilot,0,stationary,1.1,derived pilot,After 50 initialization transitions,50,NaN,held,clean,(dimensionless state)^2,NaN,10,1,29,29,0,-0.00143821558189012,1.1053644845983e-05,0.0033247022191443,4.21119078306094e-17,1.52845785069215e-32,1.23630815361387e-16,-0.00143821558189008,1.10536448459829e-05,0.00332470221914428,0,0,0,0,0,0,-0.00143821558189008,1.10536448459829e-05,0.00332470221914428,-1.21252367772551e-19,-1.21252367772551e-19,2.66775515693412e-21,2.66775515693412e-21,0,2.96942983561512e-21,0,2.96942983561512e-21,0,0
commonData,2,B,O5,Odd quintic,dimensionless state,study2_pilot_20260918/fits/O5.mat,pilot,0,stationary,1.1,derived pilot,After 50 initialization transitions,50,NaN,held,clean,(dimensionless state)^2,NaN,20,2,29,29,0,-0.00146357428778835,1.13561895580133e-05,0.00336989459152854,5.37166097043853e-17,1.91484754578484e-32,1.38378016526645e-16,-0.0014635742877883,1.13561895580131e-05,0.0033698945915285,0,0,0,0,0,0,-0.0014635742877883,1.13561895580131e-05,0.0033698945915285,-2.32226610249859e-19,-2.32226610249859e-19,-3.24854908685598e-21,-3.24854908685598e-21,0,1.75071743523792e-21,0,1.75071743523792e-21,0,0
commonData,2,B,O5,Odd quintic,dimensionless state,study2_pilot_20260918/fits/O5.mat,pilot,0,stationary,1.1,derived pilot,After 50 initialization transitions,50,NaN,rateLimited,clean,(dimensionless state)^2,NaN,1,0.1,29,29,0,-0.000483153036180253,1.40173848400239e-06,0.00118395037227174,1.43563322149805e-18,1.12899341567528e-34,1.06254101834954e-17,-0.000483153036180251,1.40173848400238e-06,0.00118395037227174,0,0,0,0,0,0,-0.000483153036180251,1.40173848400238e-06,0.00118395037227174,-4.24099177496369e-21,-4.24099177496369e-21,5.82703869207349e-24,5.82703869207349e-24,0,1.06858783025084e-22,0,1.06858783025084e-22,0,0
commonData,2,B,O5,Odd quintic,dimensionless state,study2_pilot_20260918/fits/O5.mat,pilot,0,stationary,1.1,derived pilot,After 50 initialization transitions,50,NaN,rateLimited,clean,(dimensionless state)^2,NaN,2,0.2,29,29,0,-0.000410209066147717,1.96309368344585e-06,0.00140110445129756,-0.000871419760544691,3.29455652092443e-05,0.00573982275068179,-0.00128162882669241,3.40884969102834e-05,0.00583853551074954,0,0,0,0,0,0,-0.00128162882669241,3.40884969102834e-05,0.00583853551074954,-8.20161982406762e-07,-8.20161982406762e-07,-3.28225267061041e-21,-3.28225267061041e-21,0,3.04931861011548e-20,0,3.04931861011548e-20,0,0
commonData,2,B,O5,Odd quintic,dimensionless state,study2_pilot_20260918/fits/O5.mat,pilot,0,stationary,1.1,derived pilot,After 50 initialization transitions,50,NaN,rateLimited,clean,(dimensionless state)^2,NaN,5,0.5,29,29,0,0.000647883132639432,2.89626936191283e-06,0.00170184293103471,0.00021036933387053,0.00329209338630964,0.0573767669558824,0.000858252466509962,0.00325647115135666,0.0570654987830358,0,0,0,0,0,0,0.000858252466509962,0.00325647115135666,0.0570654987830358,-3.85185043148877e-05,-3.85185043148877e-05,-2.71050543121376e-19,-2.71050543121376e-19,0,3.6049722235143e-18,0,3.6049722235143e-18,0,0
commonData,2,B,O5,Odd quintic,dimensionless state,study2_pilot_20260918/fits/O5.mat,pilot,0,stationary,1.1,derived pilot,After 50 initialization transitions,50,NaN,rateLimited,clean,(dimensionless state)^2,NaN,10,1,29,29,0,0.000482577879834898,3.92220790589811e-06,0.00198045648927163,-0.00415381336635482,0.0147014748965934,0.1212496387483,-0.00367123548651992,0.0146766647720343,0.121147285450539,0,0,0,0,0,0,-0.00367123548651992,0.0146766647720343,0.121147285450539,-2.87323324649939e-05,-2.87323324649939e-05,-2.67662411332359e-18,-2.67662411332359e-18,0,4.17417836406919e-18,0,4.17417836406919e-18,0,0
commonData,2,B,O5,Odd quintic,dimensionless state,study2_pilot_20260918/fits/O5.mat,pilot,0,stationary,1.1,derived pilot,After 50 initialization transitions,50,NaN,rateLimited,clean,(dimensionless state)^2,NaN,20,2,29,29,0,-7.06245700901951e-05,5.34233041811708e-06,0.00231134818193129,0.019163146616969,0.0363022494322264,0.19053149196977,0.0190925220468788,0.0366038006255625,0.191321197533265,0,0,0,0,0,0,0.0190925220468788,0.0366038006255625,0.191321197533265,0.000296208862918009,0.000296208862918009,-2.23887748618257e-17,-2.23887748618257e-17,5.55111512312578e-17,3.03576608295941e-17,5.55111512312578e-17,3.03576608295941e-17,0,0
commonData,2,B,O5,Odd quintic,dimensionless state,study2_pilot_20260918/fits/O5.mat,pilot,0,stationary,1.1,derived pilot,After 100 initialization transitions,100,NaN,held,clean,(dimensionless state)^2,NaN,1,0.1,29,29,0,-0.000385764635535523,5.35579273024489e-07,0.000731832817673879,0,0,0,-0.000385764635535523,5.35579273024489e-07,0.000731832817673879,0,0,0,0,0,0,-0.000385764635535523,5.35579273024489e-07,0.000731832817673879,0,0,0,0,0,0,0,0,0,0
commonData,2,B,O5,Odd quintic,dimensionless state,study2_pilot_20260918/fits/O5.mat,pilot,0,stationary,1.1,derived pilot,After 100 initialization transitions,100,NaN,held,clean,(dimensionless state)^2,NaN,2,0.2,29,29,0,-0.000635689161370969,1.45695483315617e-06,0.00120704384061068,-5.26398847882617e-18,2.45057982578928e-33,4.95033314615216e-17,-0.000635689161370974,1.45695483315619e-06,0.00120704384061068,0,0,0,0,0,0,-0.000635689161370974,1.45695483315619e-06,0.00120704384061068,1.66918452895057e-20,1.66918452895057e-20,-1.74702818049318e-22,-1.74702818049318e-22,0,2.60141044076041e-22,0,2.60141044076041e-22,0,0
commonData,2,B,O5,Odd quintic,dimensionless state,study2_pilot_20260918/fits/O5.mat,pilot,0,stationary,1.1,derived pilot,After 100 initialization transitions,100,NaN,held,clean,(dimensionless state)^2,NaN,5,0.5,29,29,0,-0.000970461674942643,3.40826874338394e-06,0.00184614970773877,1.41170600113975e-17,1.38417913330658e-32,1.1765114250642e-16,-0.000970461674942629,3.40826874338397e-06,0.00184614970773878,0,0,0,0,0,0,-0.000970461674942629,3.40826874338397e-06,0.00184614970773878,2.71154359581042e-20,2.71154359581042e-20,-1.03816459804334e-23,-1.03816459804334e-23,0,6.94445872716431e-22,0,6.94445872716431e-22,0,0
commonData,2,B,O5,Odd quintic,dimensionless state,study2_pilot_20260918/fits/O5.mat,pilot,0,stationary,1.1,derived pilot,After 100 initialization transitions,100,NaN,held,clean,(dimensionless state)^2,NaN,10,1,29,29,0,-0.00108120974654371,4.24092774417971e-06,0.00205935129207712,2.32094037475518e-17,1.9900999377929e-32,1.4107090195334e-16,-0.00108120974654368,4.2409277441798e-06,0.00205935129207714,0,0,0,0,0,0,-0.00108120974654368,4.2409277441798e-06,0.00205935129207714,9.72882229113481e-20,9.72882229113481e-20,1.20566022876536e-22,1.20566022876536e-22,0,5.46667150004394e-22,0,5.46667150004394e-22,0,0
commonData,2,B,O5,Odd quintic,dimensionless state,study2_pilot_20260918/fits/O5.mat,pilot,0,stationary,1.1,derived pilot,After 100 initialization transitions,100,NaN,held,clean,(dimensionless state)^2,NaN,20,2,29,29,0,-0.00109528581127515,4.35482034385002e-06,0.00208682063049272,3.00286615496675e-17,2.28575508852286e-32,1.51187138623722e-16,-0.00109528581127512,4.35482034385016e-06,0.00208682063049275,0,0,0,0,0,0,-0.00109528581127512,4.35482034385016e-06,0.00208682063049275,1.42963261546495e-19,1.42963261546495e-19,1.85306539459014e-22,1.85306539459014e-22,0,6.69452999327327e-22,0,6.69452999327327e-22,0,0
commonData,2,B,O5,Odd quintic,dimensionless state,study2_pilot_20260918/fits/O5.mat,pilot,0,stationary,1.1,derived pilot,After 100 initialization transitions,100,NaN,rateLimited,clean,(dimensionless state)^2,NaN,1,0.1,29,29,0,-0.000385764635535523,5.35579273024489e-07,0.000731832817673879,0,0,0,-0.000385764635535523,5.35579273024489e-07,0.000731832817673879,0,0,0,0,0,0,-0.000385764635535523,5.35579273024489e-07,0.000731832817673879,0,0,0,0,0,0,0,0,0,0
commonData,2,B,O5,Odd quintic,dimensionless state,study2_pilot_20260918/fits/O5.mat,pilot,0,stationary,1.1,derived pilot,After 100 initialization transitions,100,NaN,rateLimited,clean,(dimensionless state)^2,NaN,2,0.2,29,29,0,-0.000414335710976908,6.64723212571626e-07,0.000815305594591148,-0.000685311289386652,3.14662045441407e-05,0.00560947453369215,-0.00109964700036356,3.37839778274183e-05,0.0058123986294316,0,0,0,0,0,0,-0.00109964700036356,3.37839778274183e-05,0.0058123986294316,1.65305007070597e-06,1.65305007070597e-06,4.2351647362715e-21,4.2351647362715e-21,0,1.43995601033231e-20,0,1.43995601033231e-20,0,0
commonData,2,B,O5,Odd quintic,dimensionless state,study2_pilot_20260918/fits/O5.mat,pilot,0,stationary,1.1,derived pilot,After 100 initialization transitions,100,NaN,rateLimited,clean,(dimensionless state)^2,NaN,5,0.5,29,29,0,4.21156554459768e-05,3.28090305813715e-07,0.000572791677500394,0.000923717235632382,0.00353073738315418,0.0594200082729225,0.000965832891078359,0.00352452495864816,0.0593677097305274,0,0,0,0,0,0,0.000965832891078359,0.00352452495864816,0.0593677097305274,-6.54051481183133e-06,-6.54051481183133e-06,-9.15642615981899e-19,-9.15642615981899e-19,0,2.90024081139872e-18,0,2.90024081139872e-18,0,0
commonData,2,B,O5,Odd quintic,dimensionless state,study2_pilot_20260918/fits/O5.mat,pilot,0,stationary,1.1,derived pilot,After 100 initialization transitions,100,NaN,rateLimited,clean,(dimensionless state)^2,NaN,10,1,29,29,0,7.78818290592659e-06,5.74981558278409e-07,0.000758275384196539,-0.00382417477856221,0.0157281998249286,0.125412119928373,-0.00381638659565628,0.0157017210480171,0.125306508402465,0,0,0,0,0,0,-0.00381638659565628,0.0157017210480171,0.125306508402465,-2.70537584698085e-05,-2.70537584698085e-05,-5.33630756770209e-18,-5.33630756770209e-18,0,6.07153216591882e-18,0,6.07153216591882e-18,0,0
commonData,2,B,O5,Odd quintic,dimensionless state,study2_pilot_20260918/fits/O5.mat,pilot,0,stationary,1.1,derived pilot,After 100 initialization transitions,100,NaN,rateLimited,clean,(dimensionless state)^2,NaN,20,2,29,29,0,-0.000178949891430715,8.10122014753389e-07,0.000900067783421554,0.0181953104961303,0.0359458329215491,0.189593863090421,0.0180163606046996,0.0360330723289685,0.189823792842121,0,0,0,0,0,0,0.0180163606046996,0.0360330723289685,0.189823792842121,8.6429285404593e-05,8.6429285404593e-05,-5.12285526499401e-18,-5.12285526499401e-18,1.11022302462516e-16,1.05384451165591e-16,1.11022302462516e-16,1.05384451165591e-16,0,0
commonData,2,B,O5,Odd quintic,dimensionless state,study2_pilot_20260918/fits/O5.mat,pilot,0,stationary,1.1,derived pilot,After 200 initialization transitions,200,NaN,held,clean,(dimensionless state)^2,NaN,1,0.1,29,29,0,-0.0002379221140603,1.86714798908085e-07,0.000432105078549286,0,0,0,-0.0002379221140603,1.86714798908085e-07,0.000432105078549286,0,0,0,0,0,0,-0.0002379221140603,1.86714798908085e-07,0.000432105078549286,0,0,0,0,0,0,0,0,0,0
commonData,2,B,O5,Odd quintic,dimensionless state,study2_pilot_20260918/fits/O5.mat,pilot,0,stationary,1.1,derived pilot,After 200 initialization transitions,200,NaN,held,clean,(dimensionless state)^2,NaN,2,0.2,29,29,0,-0.00039165763762035,5.07159706754861e-07,0.000712151463352327,7.65671051465625e-18,3.08148791101958e-33,5.55111512312578e-17,-0.000391657637620342,5.07159706754828e-07,0.000712151463352304,0,0,0,0,0,0,-0.000391657637620342,5.07159706754828e-07,0.000712151463352304,-3.31790270149373e-20,-3.31790270149373e-20,-6.70161647970452e-23,-6.70161647970452e-23,0,1.56256890782809e-22,0,1.56256890782809e-22,0,0
commonData,2,B,O5,Odd quintic,dimensionless state,study2_pilot_20260918/fits/O5.mat,pilot,0,stationary,1.1,derived pilot,After 200 initialization transitions,200,NaN,held,clean,(dimensionless state)^2,NaN,5,0.5,29,29,0,-0.000596639725675032,1.18289292824678e-06,0.00108760881214101,2.20130427296367e-17,9.86541011168013e-33,9.93247708866229e-17,-0.00059663972567501,1.18289292824675e-06,0.001087608812141,0,0,0,0,0,0,-0.00059663972567501,1.18289292824675e-06,0.001087608812141,-3.05098637923713e-20,-3.05098637923713e-20,-1.95080545606942e-22,-1.95080545606942e-22,0,2.93591412219478e-22,0,2.93591412219478e-22,0,0
commonData,2,B,O5,Odd quintic,dimensionless state,study2_pilot_20260918/fits/O5.mat,pilot,0,stationary,1.1,derived pilot,After 200 initialization transitions,200,NaN,held,clean,(dimensionless state)^2,NaN,10,1,29,29,0,-0.000663807724943276,1.46921268786714e-06,0.00121211083976142,5.28791569918447e-17,2.26205452821585e-32,1.50401280852786e-16,-0.000663807724943223,1.46921268786696e-06,0.00121211083976135,0,0,0,0,0,0,-0.000663807724943223,1.46921268786696e-06,0.00121211083976135,-1.823542840758e-19,-1.823542840758e-19,-1.81316057524162e-22,-1.81316057524162e-22,0,1.97482609082052e-22,0,1.97482609082052e-22,0,0
commonData,2,B,O5,Odd quintic,dimensionless state,study2_pilot_20260918/fits/O5.mat,pilot,0,stationary,1.1,derived pilot,After 200 initialization transitions,200,NaN,held,clean,(dimensionless state)^2,NaN,20,2,29,29,0,-0.000672211120384201,1.50798839396224e-06,0.00122800178907127,6.1014411913667e-17,2.81393307434888e-32,1.67747818893388e-16,-0.00067221112038414,1.50798839396207e-06,0.0012280017890712,0,0,0,0,0,0,-0.00067221112038414,1.50798839396207e-06,0.0012280017890712,-1.7325045053306e-19,-1.7325045053306e-19,-1.79545417286545e-22,-1.79545417286545e-22,0,3.69149677432902e-22,0,3.69149677432902e-22,0,0
commonData,2,B,O5,Odd quintic,dimensionless state,study2_pilot_20260918/fits/O5.mat,pilot,0,stationary,1.1,derived pilot,After 200 initialization transitions,200,NaN,rateLimited,clean,(dimensionless state)^2,NaN,1,0.1,29,29,0,-0.0002379221140603,1.86714798908085e-07,0.000432105078549286,0,0,0,-0.0002379221140603,1.86714798908085e-07,0.000432105078549286,0,0,0,0,0,0,-0.0002379221140603,1.86714798908085e-07,0.000432105078549286,0,0,0,0,0,0,0,0,0,0
commonData,2,B,O5,Odd quintic,dimensionless state,study2_pilot_20260918/fits/O5.mat,pilot,0,stationary,1.1,derived pilot,After 200 initialization transitions,200,NaN,rateLimited,clean,(dimensionless state)^2,NaN,2,0.2,29,29,0,-0.000261293073001596,2.14046670671495e-07,0.000462651781225897,-0.000551972439653011,3.01461723852807e-05,0.00549055301270106,-0.000813265512654607,3.19172365425879e-05,0.00564953418810683,0,0,0,0,0,0,-0.000813265512654607,3.19172365425879e-05,0.00564953418810683,1.55701748663576e-06,1.55701748663576e-06,-7.41153828847513e-21,-7.41153828847513e-21,0,2.03287907341032e-20,0,2.03287907341032e-20,0,0
commonData,2,B,O5,Odd quintic,dimensionless state,study2_pilot_20260918/fits/O5.mat,pilot,0,stationary,1.1,derived pilot,After 200 initialization transitions,200,NaN,rateLimited,clean,(dimensionless state)^2,NaN,5,0.5,29,29,0,-4.38916578212484e-05,5.46293430126137e-08,0.000233729208727993,0.00141025154838429,0.00365718831209589,0.060474691500626,0.00136635989056304,0.00365699722507182,0.0604731115874801,0,0,0,0,0,0,0.00136635989056304,0.00365699722507182,0.0604731115874801,-2.45716367078153e-07,-2.45716367078153e-07,1.10336629291713e-18,1.10336629291713e-18,0,6.64073830647371e-19,0,6.64073830647371e-19,0,0
commonData,2,B,O5,Odd quintic,dimensionless state,study2_pilot_20260918/fits/O5.mat,pilot,0,stationary,1.1,derived pilot,After 200 initialization transitions,200,NaN,rateLimited,clean,(dimensionless state)^2,NaN,10,1,29,29,0,-6.48669745576662e-05,1.06517889741707e-07,0.000326370785674372,-0.00356847110038764,0.01626343482638,0.127528172677178,-0.0036333380749453,0.0162445905328861,0.127454268398065,0,0,0,0,0,0,-0.0036333380749453,0.0162445905328861,0.127454268398065,-1.89508113836663e-05,-1.89508113836663e-05,-5.93600689435814e-18,-5.93600689435814e-18,0,2.87313575708659e-18,0,2.87313575708659e-18,0,0
commonData,2,B,O5,Odd quintic,dimensionless state,study2_pilot_20260918/fits/O5.mat,pilot,0,stationary,1.1,derived pilot,After 200 initialization transitions,200,NaN,rateLimited,clean,(dimensionless state)^2,NaN,20,2,29,29,0,-0.000141635057285243,1.38811310868116e-07,0.000372573899875066,0.0174285608021419,0.0353277128636926,0.187956678156677,0.0172869257448567,0.0353525714449026,0.188022795014069,0,0,0,0,0,0,0.0172869257448567,0.0353525714449026,0.188022795014069,2.47197698991751e-05,2.47197698991751e-05,-3.44234189764148e-18,-3.44234189764148e-18,0,6.66784336078585e-17,0,6.66784336078585e-17,0,0
commonData,2,B,P3,Complete cubic,dimensionless state,study2_pilot_20260918/fits/P3.mat,pilot,0,stationary,1.1,derived pilot,After 25 initialization transitions,25,NaN,held,clean,(dimensionless state)^2,NaN,1,0.1,29,29,0,-0.00118495398503185,0.000114055219833294,0.010679663844583,4.78544407166016e-19,1.9923413217799e-35,4.4635650793731e-18,-0.00118495398503185,0.000114055219833294,0.010679663844583,0,0,0,0,0,0,-0.00118495398503185,0.000114055219833294,0.010679663844583,-6.13573101564596e-21,-6.13573101564596e-21,6.13573101564594e-21,6.13573101564594e-21,0,5.9709921412811e-22,0,5.9709921412811e-22,0,0
commonData,2,B,P3,Complete cubic,dimensionless state,study2_pilot_20260918/fits/P3.mat,pilot,0,stationary,1.1,derived pilot,After 25 initialization transitions,25,NaN,held,clean,(dimensionless state)^2,NaN,2,0.2,29,29,0,-0.00292090931665011,0.000336428913670475,0.0183419986280251,-9.10916300876995e-05,2.27863178962065e-07,0.000477350163886078,-0.00301200094673781,0.000345679451233987,0.0185924568369537,0,0,0,0,0,0,-0.00301200094673781,0.000345679451233987,0.0185924568369537,9.02267438454999e-06,9.02267438454999e-06,1.6940658945086e-20,1.6940658945086e-20,0,4.74338450462408e-20,0,4.74338450462408e-20,0,0
commonData,2,B,P3,Complete cubic,dimensionless state,study2_pilot_20260918/fits/P3.mat,pilot,0,stationary,1.1,derived pilot,After 25 initialization transitions,25,NaN,held,clean,(dimensionless state)^2,NaN,5,0.5,29,29,0,-0.00671380741572412,0.000913057797208621,0.0302168462485518,-0.00142690258812733,2.31065472481896e-05,0.00480692700674658,-0.00814071000385145,0.00110954793176072,0.0333098773903586,0,0,0,0,0,0,-0.00814071000385145,0.00110954793176072,0.0333098773903586,0.000173383587303911,0.000173383587303911,-3.52365706057789e-19,-3.52365706057789e-19,0,2.16840434497101e-19,0,2.16840434497101e-19,0,0
commonData,2,B,P3,Complete cubic,dimensionless state,study2_pilot_20260918/fits/P3.mat,pilot,0,stationary,1.1,derived pilot,After 25 initialization transitions,25,NaN,held,clean,(dimensionless state)^2,NaN,10,1,29,29,0,-0.008373826552219,0.00123284511068042,0.0351118941482857,-0.00364776546290163,0.000117599221943071,0.0108443174954937,-0.0120215920151206,0.00177138862553849,0.0420878679139071,0,0,0,0,0,0,-0.0120215920151206,0.00177138862553849,0.0420878679139071,0.000420944292915002,0.000420944292915002,-5.42101086242752e-20,-5.42101086242752e-20,0,6.50521303491303e-19,0,6.50521303491303e-19,0,0
commonData,2,B,P3,Complete cubic,dimensionless state,study2_pilot_20260918/fits/P3.mat,pilot,0,stationary,1.1,derived pilot,After 25 initialization transitions,25,NaN,held,clean,(dimensionless state)^2,NaN,20,2,29,29,0,-0.00849696151196605,0.00133014569150705,0.0364711624644328,-0.00472894125390569,0.000176409186088754,0.0132819119891962,-0.0132259027658717,0.0019675405521799,0.0443569673465161,0,0,0,0,0,0,-0.0132259027658717,0.0019675405521799,0.0443569673465161,0.000460985674584088,0.000460985674584088,7.04731412115578e-19,7.04731412115578e-19,0,4.33680868994202e-19,0,4.33680868994202e-19,0,0
commonData,2,B,P3,Complete cubic,dimensionless state,study2_pilot_20260918/fits/P3.mat,pilot,0,stationary,1.1,derived pilot,After 25 initialization transitions,25,NaN,rateLimited,clean,(dimensionless state)^2,NaN,1,0.1,29,29,0,-0.00118495398503185,0.000114055219833294,0.010679663844583,4.78544407166016e-19,1.9923413217799e-35,4.4635650793731e-18,-0.00118495398503185,0.000114055219833294,0.010679663844583,0,0,0,0,0,0,-0.00118495398503185,0.000114055219833294,0.010679663844583,-6.13573101564596e-21,-6.13573101564596e-21,6.13573101564594e-21,6.13573101564594e-21,0,5.9709921412811e-22,0,5.9709921412811e-22,0,0
commonData,2,B,P3,Complete cubic,dimensionless state,study2_pilot_20260918/fits/P3.mat,pilot,0,stationary,1.1,derived pilot,After 25 initialization transitions,25,NaN,rateLimited,clean,(dimensionless state)^2,NaN,2,0.2,29,29,0,-0.00228782955363379,0.000266419757088524,0.0163223698367769,-0.000174136704404217,1.12128291038665e-05,0.00334855627156937,-0.002461966258038,0.000252203301407769,0.0158809099678756,0,0,0,0,0,0,-0.002461966258038,0.000252203301407769,0.0158809099678756,-2.54292847846212e-05,-2.54292847846212e-05,0,0,0,6.7762635780344e-20,0,6.7762635780344e-20,0,0
commonData,2,B,P3,Complete cubic,dimensionless state,study2_pilot_20260918/fits/P3.mat,pilot,0,stationary,1.1,derived pilot,After 25 initialization transitions,25,NaN,rateLimited,clean,(dimensionless state)^2,NaN,5,0.5,29,29,0,-0.0033544994980967,0.000413946876336396,0.0203456844646818,-0.00197851511070233,0.00152232744583932,0.0390170148248085,-0.00533301460879903,0.00179591709924413,0.0423782621074075,0,0,0,0,0,0,-0.00533301460879903,0.00179591709924413,0.0423782621074075,-0.00014035722293159,-0.00014035722293159,-2.71050543121376e-19,-2.71050543121376e-19,0,8.67361737988404e-19,0,8.67361737988404e-19,0,0
commonData,2,B,P3,Complete cubic,dimensionless state,study2_pilot_20260918/fits/P3.mat,pilot,0,stationary,1.1,derived pilot,After 25 initialization transitions,25,NaN,rateLimited,clean,(dimensionless state)^2,NaN,10,1,29,29,0,0.00253224620884636,0.000656562790952751,0.0256234812418756,-0.0369080205696524,0.00798908259717789,0.0893816681270712,-0.034375774360806,0.00867969397301712,0.0931648752106561,0,0,0,0,0,0,-0.034375774360806,0.00867969397301712,0.0931648752106561,3.4048584886477e-05,3.4048584886477e-05,2.59530895038718e-18,2.59530895038718e-18,0,6.28837260041593e-18,0,6.28837260041593e-18,0,0
commonData,2,B,P3,Complete cubic,dimensionless state,study2_pilot_20260918/fits/P3.mat,pilot,0,stationary,1.1,derived pilot,After 25 initialization transitions,25,NaN,rateLimited,clean,(dimensionless state)^2,NaN,20,2,29,29,0,-0.00155387429167127,0.000722297715794737,0.0268755970314101,-0.0416250159630135,0.0172596599559693,0.131376025042506,-0.0431788902546848,0.0188489745591187,0.137291567691241,0,0,0,0,0,0,-0.0431788902546848,0.0188489745591187,0.137291567691241,0.000867016887354703,0.000867016887354703,-1.62630325872826e-18,-1.62630325872826e-18,0,8.67361737988404e-18,0,8.67361737988404e-18,0,0
commonData,2,B,P3,Complete cubic,dimensionless state,study2_pilot_20260918/fits/P3.mat,pilot,0,stationary,1.1,derived pilot,After 50 initialization transitions,50,NaN,held,clean,(dimensionless state)^2,NaN,1,0.1,29,29,0,0.000788917415339864,7.23463717568297e-06,0.00268972808582633,-1.43563322149805e-18,1.12899341567528e-34,1.06254101834954e-17,0.000788917415339862,7.23463717568298e-06,0.00268972808582633,0,0,0,0,0,0,0.000788917415339862,7.23463717568298e-06,0.00268972808582633,1.07288483214852e-20,1.07288483214852e-20,1.12961294007488e-21,1.12961294007488e-21,0,8.95470633863569e-22,0,8.95470633863569e-22,0,0
commonData,2,B,P3,Complete cubic,dimensionless state,study2_pilot_20260918/fits/P3.mat,pilot,0,stationary,1.1,derived pilot,After 50 initialization transitions,50,NaN,held,clean,(dimensionless state)^2,NaN,2,0.2,29,29,0,0.00123341426269325,2.07661099306674e-05,0.00455698474110539,4.51077744335955e-05,3.17667823885811e-08,0.000178232383108629,0.00127852203712685,2.15033735428751e-05,0.00463717301196269,0,0,0,0,0,0,0.00127852203712685,2.15033735428751e-05,0.00463717301196269,7.05496829819156e-07,7.05496829819156e-07,2.32934060494933e-21,2.32934060494933e-21,0,5.50571415715295e-21,0,5.50571415715295e-21,0,0
commonData,2,B,P3,Complete cubic,dimensionless state,study2_pilot_20260918/fits/P3.mat,pilot,0,stationary,1.1,derived pilot,After 50 initialization transitions,50,NaN,held,clean,(dimensionless state)^2,NaN,5,0.5,29,29,0,0.00153513082679569,5.05508776350323e-05,0.00710991403851216,0.000333274621010832,2.13424615552576e-06,0.00146090593657694,0.00186840544780652,6.31702004095138e-05,0.00794796831960934,0,0,0,0,0,0,0.00186840544780652,6.31702004095138e-05,0.00794796831960934,1.04850766189557e-05,1.04850766189557e-05,1.6940658945086e-21,1.6940658945086e-21,0,1.35525271560688e-20,0,1.35525271560688e-20,0,0
commonData,2,B,P3,Complete cubic,dimensionless state,study2_pilot_20260918/fits/P3.mat,pilot,0,stationary,1.1,derived pilot,After 50 initialization transitions,50,NaN,held,clean,(dimensionless state)^2,NaN,10,1,29,29,0,0.00141529677378771,6.07200201688624e-05,0.00779230518966387,0.000584962503429101,8.23211544583643e-06,0.00286916633289819,0.00200025927721681,9.25570756138564e-05,0.00962065879313139,0,0,0,0,0,0,0.00200025927721681,9.25570756138564e-05,0.00962065879313139,2.36049399991575e-05,2.36049399991575e-05,2.37169225231204e-20,2.37169225231204e-20,0,5.0821976835258e-20,0,5.0821976835258e-20,0,0
commonData,2,B,P3,Complete cubic,dimensionless state,study2_pilot_20260918/fits/P3.mat,pilot,0,stationary,1.1,derived pilot,After 50 initialization transitions,50,NaN,held,clean,(dimensionless state)^2,NaN,20,2,29,29,0,0.00135100585209921,6.10287816525175e-05,0.00781209201510821,0.000645762251829482,1.08511903646383e-05,0.00329411450387479,0.00199676810392869,9.9154180325765e-05,0.00995761920971901,0,0,0,0,0,0,0.00199676810392869,9.9154180325765e-05,0.00995761920971901,2.72742083086092e-05,2.72742083086092e-05,-1.6940658945086e-20,-1.6940658945086e-20,0,2.71050543121376e-20,0,2.71050543121376e-20,0,0
commonData,2,B,P3,Complete cubic,dimensionless state,study2_pilot_20260918/fits/P3.mat,pilot,0,stationary,1.1,derived pilot,After 50 initialization transitions,50,NaN,rateLimited,clean,(dimensionless state)^2,NaN,1,0.1,29,29,0,0.000788917415339864,7.23463717568297e-06,0.00268972808582633,-1.43563322149805e-18,1.12899341567528e-34,1.06254101834954e-17,0.000788917415339862,7.23463717568298e-06,0.00268972808582633,0,0,0,0,0,0,0.000788917415339862,7.23463717568298e-06,0.00268972808582633,1.07288483214852e-20,1.07288483214852e-20,1.12961294007488e-21,1.12961294007488e-21,0,8.95470633863569e-22,0,8.95470633863569e-22,0,0
commonData,2,B,P3,Complete cubic,dimensionless state,study2_pilot_20260918/fits/P3.mat,pilot,0,stationary,1.1,derived pilot,After 50 initialization transitions,50,NaN,rateLimited,clean,(dimensionless state)^2,NaN,2,0.2,29,29,0,0.00107901877646106,1.36387003393807e-05,0.00369306110691127,-7.03777874231299e-05,2.19252138414005e-05,0.00468243674184719,0.00100864098903793,2.07810719814615e-05,0.00455862610678497,0,0,0,0,0,0,0.00100864098903793,2.07810719814615e-05,0.00455862610678497,-1.47828421993197e-05,-1.47828421993197e-05,0,0,0,1.35525271560688e-20,0,1.35525271560688e-20,0,0
commonData,2,B,P3,Complete cubic,dimensionless state,study2_pilot_20260918/fits/P3.mat,pilot,0,stationary,1.1,derived pilot,After 50 initialization transitions,50,NaN,rateLimited,clean,(dimensionless state)^2,NaN,5,0.5,29,29,0,0.00131534942443126,2.08205257425963e-05,0.0045629514289105,0.00389150144493359,0.00293666907337438,0.0541910423720967,0.00520685086936484,0.00285511211348114,0.0534332491383515,0,0,0,0,0,0,0.00520685086936484,0.00285511211348114,0.0534332491383515,-0.000102377485635834,-0.000102377485635834,3.3881317890172e-19,3.3881317890172e-19,0,2.76471553983804e-18,0,2.76471553983804e-18,0,0
commonData,2,B,P3,Complete cubic,dimensionless state,study2_pilot_20260918/fits/P3.mat,pilot,0,stationary,1.1,derived pilot,After 50 initialization transitions,50,NaN,rateLimited,clean,(dimensionless state)^2,NaN,10,1,29,29,0,0.00168436025657407,4.11558085684316e-05,0.00641527930556664,-0.00131379482463192,0.0127475325737638,0.112904971430685,0.000370565431942151,0.0124364511045239,0.111518837442487,0,0,0,0,0,0,0.000370565431942151,0.0124364511045239,0.111518837442487,-0.000352237277808332,-0.000352237277808332,0,0,0,6.07153216591882e-18,0,6.07153216591882e-18,0,0
commonData,2,B,P3,Complete cubic,dimensionless state,study2_pilot_20260918/fits/P3.mat,pilot,0,stationary,1.1,derived pilot,After 50 initialization transitions,50,NaN,rateLimited,clean,(dimensionless state)^2,NaN,20,2,29,29,0,0.00139064315626784,4.25630211254464e-05,0.00652403411436868,0.0146872673454871,0.0269517425462709,0.164169858823936,0.0160779105017549,0.0272712554322678,0.165140108490541,0,0,0,0,0,0,0.0160779105017549,0.0272712554322678,0.165140108490541,0.000276949864871418,0.000276949864871418,1.13841228110978e-18,1.13841228110978e-18,0,1.90819582357449e-17,0,1.90819582357449e-17,0,0
commonData,2,B,P3,Complete cubic,dimensionless state,study2_pilot_20260918/fits/P3.mat,pilot,0,stationary,1.1,derived pilot,After 100 initialization transitions,100,NaN,held,clean,(dimensionless state)^2,NaN,1,0.1,29,29,0,0.000111491296965181,1.30060105608277e-06,0.00114043897516823,4.78544407166016e-19,1.9923413217799e-35,4.4635650793731e-18,0.000111491296965182,1.30060105608277e-06,0.00114043897516823,0,0,0,0,0,0,0.000111491296965182,1.30060105608277e-06,0.00114043897516823,8.85075892207344e-22,8.85075892207344e-22,-2.49801181766639e-22,-2.49801181766639e-22,0,5.26625967222066e-23,0,5.26625967222066e-23,0,0
commonData,2,B,P3,Complete cubic,dimensionless state,study2_pilot_20260918/fits/P3.mat,pilot,0,stationary,1.1,derived pilot,After 100 initialization transitions,100,NaN,held,clean,(dimensionless state)^2,NaN,2,0.2,29,29,0,9.76991603434607e-05,3.75014518243499e-06,0.00193652915868442,6.91108352407344e-06,3.99566426859179e-09,6.3211266943416e-05,0.000104610243867534,3.89759663778035e-06,0.00197423317715521,0,0,0,0,0,0,0.000104610243867534,3.89759663778035e-06,0.00197423317715521,1.43455791076769e-07,1.43455791076769e-07,5.02925812432241e-22,5.02925812432241e-22,0,7.41153828847513e-22,0,7.41153828847513e-22,0,0
commonData,2,B,P3,Complete cubic,dimensionless state,study2_pilot_20260918/fits/P3.mat,pilot,0,stationary,1.1,derived pilot,After 100 initialization transitions,100,NaN,held,clean,(dimensionless state)^2,NaN,5,0.5,29,29,0,-0.00012495090734244,9.46080254448427e-06,0.00307584176193839,3.35596542027751e-05,4.21736265685158e-07,0.000649412246331372,-9.13912531396649e-05,1.2487509513665e-05,0.0035337670429253,0,0,0,0,0,0,-9.13912531396649e-05,1.2487509513665e-05,0.0035337670429253,2.60497070349557e-06,2.60497070349557e-06,5.50571415715295e-21,5.50571415715295e-21,0,2.5410988417629e-21,0,2.5410988417629e-21,0,0
commonData,2,B,P3,Complete cubic,dimensionless state,study2_pilot_20260918/fits/P3.mat,pilot,0,stationary,1.1,derived pilot,After 100 initialization transitions,100,NaN,held,clean,(dimensionless state)^2,NaN,10,1,29,29,0,-0.000323059901733286,1.15101209073646e-05,0.00339265690976328,3.65736667252795e-05,1.99731211754398e-06,0.00141326293291234,-0.000286486235008007,1.96912664675191e-05,0.00443748424983335,0,0,0,0,0,0,-0.000286486235008007,1.96912664675191e-05,0.00443748424983335,6.18383344261053e-06,6.18383344261053e-06,-1.01643953670516e-20,-1.01643953670516e-20,0,6.7762635780344e-21,0,6.7762635780344e-21,0,0
commonData,2,B,P3,Complete cubic,dimensionless state,study2_pilot_20260918/fits/P3.mat,pilot,0,stationary,1.1,derived pilot,After 100 initialization transitions,100,NaN,held,clean,(dimensionless state)^2,NaN,20,2,29,29,0,-0.00037251930100943,1.15830822251306e-05,0.0034033927521123,3.29430384387457e-05,2.74949446295708e-06,0.00165815996301837,-0.000339576262570684,2.14920269015769e-05,0.00463594940671023,0,0,0,0,0,0,-0.000339576262570684,2.14920269015769e-05,0.00463594940671023,7.15945021348927e-06,7.15945021348927e-06,5.9292306307801e-21,5.9292306307801e-21,0,6.7762635780344e-21,0,6.7762635780344e-21,0,0
commonData,2,B,P3,Complete cubic,dimensionless state,study2_pilot_20260918/fits/P3.mat,pilot,0,stationary,1.1,derived pilot,After 100 initialization transitions,100,NaN,rateLimited,clean,(dimensionless state)^2,NaN,1,0.1,29,29,0,0.000111491296965181,1.30060105608277e-06,0.00114043897516823,4.78544407166016e-19,1.9923413217799e-35,4.4635650793731e-18,0.000111491296965182,1.30060105608277e-06,0.00114043897516823,0,0,0,0,0,0,0.000111491296965182,1.30060105608277e-06,0.00114043897516823,8.85075892207344e-22,8.85075892207344e-22,-2.49801181766639e-22,-2.49801181766639e-22,0,5.26625967222066e-23,0,5.26625967222066e-23,0,0
commonData,2,B,P3,Complete cubic,dimensionless state,study2_pilot_20260918/fits/P3.mat,pilot,0,stationary,1.1,derived pilot,After 100 initialization transitions,100,NaN,rateLimited,clean,(dimensionless state)^2,NaN,2,0.2,29,29,0,0.00017105244982109,2.48462293316327e-06,0.00157626867416798,-0.000329149716895831,2.5977808701063e-05,0.005096843013186,-0.000158097267074741,2.25745709079496e-05,0.00475127045198962,0,0,0,0,0,0,-0.000158097267074741,2.25745709079496e-05,0.00475127045198962,-5.88786072627661e-06,-5.88786072627661e-06,5.9292306307801e-21,5.9292306307801e-21,0,1.52465930505774e-20,0,1.52465930505774e-20,0,0
commonData,2,B,P3,Complete cubic,dimensionless state,study2_pilot_20260918/fits/P3.mat,pilot,0,stationary,1.1,derived pilot,After 100 initialization transitions,100,NaN,rateLimited,clean,(dimensionless state)^2,NaN,5,0.5,29,29,0,0.000261170175332451,3.48617786811431e-06,0.00186713091884696,0.00235762684418723,0.00335807116737715,0.0579488668342803,0.00261879701951968,0.00332763516372975,0.057685658215277,0,0,0,0,0,0,0.00261879701951968,0.00332763516372975,0.057685658215277,-3.39221815155111e-05,-3.39221815155111e-05,8.13151629364128e-20,8.13151629364128e-20,0,2.49366499671666e-18,0,2.49366499671666e-18,0,0
commonData,2,B,P3,Complete cubic,dimensionless state,study2_pilot_20260918/fits/P3.mat,pilot,0,stationary,1.1,derived pilot,After 100 initialization transitions,100,NaN,rateLimited,clean,(dimensionless state)^2,NaN,10,1,29,29,0,0.000383453020506439,7.11419168606219e-06,0.00266724421192777,-0.00354256768240702,0.014843723021219,0.121834818591481,-0.00315911466190058,0.0146797166057784,0.121159880347326,0,0,0,0,0,0,-0.00315911466190058,0.0146797166057784,0.121159880347326,-0.000171120607126653,-0.000171120607126653,1.21972744404619e-18,1.21972744404619e-18,0,1.88651178012478e-17,0,1.88651178012478e-17,0,0
commonData,2,B,P3,Complete cubic,dimensionless state,study2_pilot_20260918/fits/P3.mat,pilot,0,stationary,1.1,derived pilot,After 100 initialization transitions,100,NaN,rateLimited,clean,(dimensionless state)^2,NaN,20,2,29,29,0,0.000186469467687787,8.04178292729182e-06,0.00283580375331083,0.0148962422028828,0.03139511523521,0.177186667769361,0.0150827116705706,0.0315221080342399,0.177544664899399,0,0,0,0,0,0,0.0150827116705706,0.0315221080342399,0.177544664899399,0.000118951016102629,0.000118951016102629,-1.11130722679764e-17,-1.11130722679764e-17,1.11022302462516e-16,8.5868812060852e-17,1.11022302462516e-16,8.5868812060852e-17,0,0
commonData,2,B,P3,Complete cubic,dimensionless state,study2_pilot_20260918/fits/P3.mat,pilot,0,stationary,1.1,derived pilot,After 200 initialization transitions,200,NaN,held,clean,(dimensionless state)^2,NaN,1,0.1,29,29,0,-5.83593371912129e-05,1.9235881065519e-07,0.000438587289664429,-7.17816610749024e-18,8.69989043843889e-34,2.94955766826806e-17,-5.835933719122e-05,1.92358810655186e-07,0.000438587289664424,0,0,0,0,0,0,-5.835933719122e-05,1.92358810655186e-07,0.000438587289664424,-4.09404156704056e-21,-4.09404156704056e-21,-6.17138304267169e-23,-6.17138304267169e-23,0,6.43399449572822e-24,0,6.43399449572822e-24,0,0
commonData,2,B,P3,Complete cubic,dimensionless state,study2_pilot_20260918/fits/P3.mat,pilot,0,stationary,1.1,derived pilot,After 200 initialization transitions,200,NaN,held,clean,(dimensionless state)^2,NaN,2,0.2,29,29,0,-0.000154230837766275,5.49808092641131e-07,0.000741490453506403,-7.07640691624641e-06,3.03772092594613e-09,5.51155234570636e-05,-0.000161307244682522,5.77119432093038e-07,0.000759683771113374,0,0,0,0,0,0,-0.000161307244682522,5.77119432093038e-07,0.000759683771113374,2.42736185259608e-08,2.42736185259608e-08,5.62482816536059e-23,5.62482816536059e-23,0,1.48065329646992e-22,0,1.48065329646992e-22,0,0
commonData,2,B,P3,Complete cubic,dimensionless state,study2_pilot_20260918/fits/P3.mat,pilot,0,stationary,1.1,derived pilot,After 200 initialization transitions,200,NaN,held,clean,(dimensionless state)^2,NaN,5,0.5,29,29,0,-0.000382734260258154,1.48628451813263e-06,0.00121913269094575,-6.77846940478672e-05,2.80197261313278e-07,0.000529336623816336,-0.000450518954306021,2.38606863040557e-06,0.00154469046426964,0,0,0,0,0,0,-0.000450518954306021,2.38606863040557e-06,0.00154469046426964,6.19586850959657e-07,6.19586850959657e-07,-6.35274710440725e-22,-6.35274710440725e-22,0,1.6940658945086e-21,0,1.6940658945086e-21,0,0
commonData,2,B,P3,Complete cubic,dimensionless state,study2_pilot_20260918/fits/P3.mat,pilot,0,stationary,1.1,derived pilot,After 200 initialization transitions,200,NaN,held,clean,(dimensionless state)^2,NaN,10,1,29,29,0,-0.000510070045111033,1.88128048554448e-06,0.00137159778562977,-0.000138825829364415,1.18045399011783e-06,0.00108648699491426,-0.000648895874475448,4.47669775246878e-06,0.00211582082239229,0,0,0,0,0,0,-0.000648895874475448,4.47669775246878e-06,0.00211582082239229,1.41496327680647e-06,1.41496327680647e-06,4.2351647362715e-22,4.2351647362715e-22,0,3.3881317890172e-21,0,3.3881317890172e-21,0,0
commonData,2,B,P3,Complete cubic,dimensionless state,study2_pilot_20260918/fits/P3.mat,pilot,0,stationary,1.1,derived pilot,After 200 initialization transitions,200,NaN,held,clean,(dimensionless state)^2,NaN,20,2,29,29,0,-0.000535457244409744,1.91558829453672e-06,0.00138404779344382,-0.000159916473976382,1.56936432194495e-06,0.00125274271977328,-0.000695373718386125,5.07480673667358e-06,0.00225273317032301,0,0,0,0,0,0,-0.000695373718386125,5.07480673667358e-06,0.00225273317032301,1.58985412019191e-06,1.58985412019191e-06,-8.470329472543e-22,-8.470329472543e-22,0,3.3881317890172e-21,0,3.3881317890172e-21,0,0
commonData,2,B,P3,Complete cubic,dimensionless state,study2_pilot_20260918/fits/P3.mat,pilot,0,stationary,1.1,derived pilot,After 200 initialization transitions,200,NaN,rateLimited,clean,(dimensionless state)^2,NaN,1,0.1,29,29,0,-5.83593371912129e-05,1.9235881065519e-07,0.000438587289664429,-7.17816610749024e-18,8.69989043843889e-34,2.94955766826806e-17,-5.835933719122e-05,1.92358810655186e-07,0.000438587289664424,0,0,0,0,0,0,-5.835933719122e-05,1.92358810655186e-07,0.000438587289664424,-4.09404156704056e-21,-4.09404156704056e-21,-6.17138304267169e-23,-6.17138304267169e-23,0,6.43399449572822e-24,0,6.43399449572822e-24,0,0
commonData,2,B,P3,Complete cubic,dimensionless state,study2_pilot_20260918/fits/P3.mat,pilot,0,stationary,1.1,derived pilot,After 200 initialization transitions,200,NaN,rateLimited,clean,(dimensionless state)^2,NaN,2,0.2,29,29,0,-5.50933927841451e-05,3.99997462938993e-07,0.000632453526307659,-0.000415742311089103,2.81412846692736e-05,0.00530483597006294,-0.000470835703873248,2.8525088799679e-05,0.00534088839049076,0,0,0,0,0,0,-0.000470835703873248,2.8525088799679e-05,0.00534088839049076,-1.6193332533548e-08,-1.6193332533548e-08,4.57265442619314e-21,4.57265442619314e-21,0,1.35525271560688e-20,0,1.35525271560688e-20,0,0
commonData,2,B,P3,Complete cubic,dimensionless state,study2_pilot_20260918/fits/P3.mat,pilot,0,stationary,1.1,derived pilot,After 200 initialization transitions,200,NaN,rateLimited,clean,(dimensionless state)^2,NaN,5,0.5,29,29,0,-5.24747157481156e-05,4.76002450051973e-07,0.000689929308010591,0.00194540423074598,0.00358000577058338,0.0598331494289192,0.00189292951499787,0.0035836349586604,0.0598634693169415,0,0,0,0,0,0,0.00189292951499787,0.0035836349586604,0.0598634693169415,3.15318562696975e-06,3.15318562696975e-06,-1.29596040929908e-19,-1.29596040929908e-19,0,2.7376104855259e-18,0,2.7376104855259e-18,0,0
commonData,2,B,P3,Complete cubic,dimensionless state,study2_pilot_20260918/fits/P3.mat,pilot,0,stationary,1.1,derived pilot,After 200 initialization transitions,200,NaN,rateLimited,clean,(dimensionless state)^2,NaN,10,1,29,29,0,-7.31658266842704e-05,1.07663891346171e-06,0.00103761212091114,-0.00365505559681692,0.0159583547579532,0.126326381876286,-0.0037282214235012,0.0158744090057622,0.12599368637262,0,0,0,0,0,0,-0.0037282214235012,0.0158744090057622,0.12599368637262,-8.50223911044786e-05,-8.50223911044786e-05,2.80537312130624e-18,2.80537312130624e-18,0,2.10335221462188e-17,0,2.10335221462188e-17,0,0
commonData,2,B,P3,Complete cubic,dimensionless state,study2_pilot_20260918/fits/P3.mat,pilot,0,stationary,1.1,derived pilot,After 200 initialization transitions,200,NaN,rateLimited,clean,(dimensionless state)^2,NaN,20,2,29,29,0,-6.7297919719421e-05,1.1121799644821e-06,0.00105459943318878,0.0161081395725878,0.0337509416132769,0.183714293437601,0.0160408416528683,0.0337816402640721,0.183797824426929,0,0,0,0,0,0,0.0160408416528683,0.0337816402640721,0.183797824426929,2.95864708306443e-05,2.95864708306443e-05,6.07830842949686e-18,6.07830842949686e-18,0,5.55111512312578e-17,0,5.55111512312578e-17,0,0
commonData,2,B,K,Known-model reference,dimensionless state,study2_pilot_20260918/fits/K.mat,pilot,0,stationary,1.1,derived pilot,After 25 initialization transitions,25,NaN,held,clean,(dimensionless state)^2,NaN,1,0.1,29,29,0,1.24421545863164e-17,1.51417940455272e-33,3.89124582178089e-17,0,0,0,1.24421545863164e-17,1.51417940455272e-33,3.89124582178089e-17,0,0,0,0,0,0,1.24421545863164e-17,1.51417940455272e-33,3.89124582178089e-17,0,0,0,0,0,0,0,0,0,0
commonData,2,B,K,Known-model reference,dimensionless state,study2_pilot_20260918/fits/K.mat,pilot,0,stationary,1.1,derived pilot,After 25 initialization transitions,25,NaN,held,clean,(dimensionless state)^2,NaN,2,0.2,29,29,0,1.14850657719844e-17,4.83474827418589e-33,6.95323541539181e-17,9.57088814332032e-18,3.24087521676197e-33,5.6928685359509e-17,2.10559539153047e-17,5.68481390481198e-33,7.53977049041413e-17,0,0,0,0,0,0,2.10559539153047e-17,5.68481390481198e-33,7.53977049041413e-17,-2.39080958613588e-33,-2.39080958613588e-33,3.42113882891801e-49,3.42113882891801e-49,0,0,0,0,0,0
commonData,2,B,K,Known-model reference,dimensionless state,study2_pilot_20260918/fits/K.mat,pilot,0,stationary,1.1,derived pilot,After 25 initialization transitions,25,NaN,held,clean,(dimensionless state)^2,NaN,5,0.5,29,29,0,1.65097820472275e-17,2.36590531961363e-33,4.86405727722611e-17,1.89025040830576e-17,9.34574108358254e-33,9.66733731881874e-17,3.54122861302852e-17,1.30299122444405e-32,1.14148641010047e-16,0,0,0,0,0,0,3.54122861302852e-17,1.30299122444405e-32,1.14148641010047e-16,1.31826584124437e-33,1.31826584124437e-33,1.3684555315672e-48,1.3684555315672e-48,0,0,0,0,0,0
commonData,2,B,K,Known-model reference,dimensionless state,study2_pilot_20260918/fits/K.mat,pilot,0,stationary,1.1,derived pilot,After 25 initialization transitions,25,NaN,held,clean,(dimensionless state)^2,NaN,10,1,29,29,0,2.11755900170962e-17,3.0835632665631e-33,5.55298412258049e-17,3.12250225675825e-17,1.00667195994016e-32,1.00333043407452e-16,5.24006125846787e-17,1.3994537501069e-32,1.18298510138839e-16,0,0,0,0,0,0,5.24006125846787e-17,1.3994537501069e-32,1.18298510138839e-16,8.44254635104232e-34,8.44254635104232e-34,-1.0263416486754e-48,-1.0263416486754e-48,0,0,0,0,0,0
commonData,2,B,K,Known-model reference,dimensionless state,study2_pilot_20260918/fits/K.mat,pilot,0,stationary,1.1,derived pilot,After 25 initialization transitions,25,NaN,held,clean,(dimensionless state)^2,NaN,20,2,29,29,0,1.90221401848491e-17,3.82571040892611e-33,6.18523274333805e-17,1.591160153827e-17,1.21918836759669e-32,1.10416863186593e-16,3.49337417231191e-17,1.26214822734757e-32,1.12345370503086e-16,0,0,0,0,0,0,3.49337417231191e-17,1.26214822734757e-32,1.12345370503086e-16,-3.39611181141732e-33,-3.39611181141732e-33,-6.84227765783602e-49,-6.84227765783602e-49,0,0,0,0,0,0
commonData,2,B,K,Known-model reference,dimensionless state,study2_pilot_20260918/fits/K.mat,pilot,0,stationary,1.1,derived pilot,After 25 initialization transitions,25,NaN,rateLimited,clean,(dimensionless state)^2,NaN,1,0.1,29,29,0,1.24421545863164e-17,1.51417940455272e-33,3.89124582178089e-17,0,0,0,1.24421545863164e-17,1.51417940455272e-33,3.89124582178089e-17,0,0,0,0,0,0,1.24421545863164e-17,1.51417940455272e-33,3.89124582178089e-17,0,0,0,0,0,0,0,0,0,0
commonData,2,B,K,Known-model reference,dimensionless state,study2_pilot_20260918/fits/K.mat,pilot,0,stationary,1.1,derived pilot,After 25 initialization transitions,25,NaN,rateLimited,clean,(dimensionless state)^2,NaN,2,0.2,29,29,0,2.77555756156289e-17,4.96757102897122e-33,7.04809976445511e-17,-0.000353445581156891,2.78455068583951e-05,0.00527688419982806,-0.000353445581156863,2.7845506858395e-05,0.00527688419982805,0,0,0,0,0,0,-0.000353445581156863,2.7845506858395e-05,0.00527688419982805,-1.09470166220107e-19,-1.09470166220107e-19,-2.33818281746079e-21,-2.33818281746079e-21,0,2.25021732256521e-21,0,2.25021732256521e-21,0,0
commonData,2,B,K,Known-model reference,dimensionless state,study2_pilot_20260918/fits/K.mat,pilot,0,stationary,1.1,derived pilot,After 25 initialization transitions,25,NaN,rateLimited,clean,(dimensionless state)^2,NaN,5,0.5,29,29,0,1.5433057131104e-17,4.94142154912285e-33,7.02952455655634e-17,0.00209852819564275,0.00377165551509105,0.0614138055740812,0.00209852819564277,0.00377165551509105,0.0614138055740812,0,0,0,0,0,0,0.00209852819564277,0.00377165551509105,0.0614138055740812,-1.31589609110256e-18,-1.31589609110256e-18,1.4853484119959e-20,1.4853484119959e-20,0,2.64534296070987e-18,0,2.64534296070987e-18,0,0
commonData,2,B,K,Known-model reference,dimensionless state,study2_pilot_20260918/fits/K.mat,pilot,0,stationary,1.1,derived pilot,After 25 initialization transitions,25,NaN,rateLimited,clean,(dimensionless state)^2,NaN,10,1,29,29,0,2.29701315439688e-17,4.03781174547393e-33,6.35437781806679e-17,-0.00315971837205177,0.0167108395612008,0.129270412551368,-0.00315971837205174,0.0167108395612008,0.129270412551368,0,0,0,0,0,0,-0.00315971837205174,0.0167108395612008,0.129270412551368,8.04786401833847e-18,8.04786401833847e-18,2.36047683752237e-18,2.36047683752237e-18,5.55111512312578e-17,2.46098447561559e-17,5.55111512312578e-17,2.46098447561559e-17,0,0
commonData,2,B,K,Known-model reference,dimensionless state,study2_pilot_20260918/fits/K.mat,pilot,0,stationary,1.1,derived pilot,After 25 initialization transitions,25,NaN,rateLimited,clean,(dimensionless state)^2,NaN,20,2,29,29,0,5.38362458061768e-17,7.01470173710006e-33,8.37538162539479e-17,0.0161737215124651,0.0338342871135279,0.183940988128062,0.0161737215124652,0.0338342871135279,0.183940988128062,0,0,0,0,0,0,0.0161737215124652,0.0338342871135279,0.183940988128062,4.6940737162872e-19,4.6940737162872e-19,-7.40830127553595e-18,-7.40830127553595e-18,5.55111512312578e-17,3.52500698152663e-17,5.55111512312578e-17,3.52500698152663e-17,0,0
commonData,2,B,K,Known-model reference,dimensionless state,study2_pilot_20260918/fits/K.mat,pilot,0,stationary,1.1,derived pilot,After 50 initialization transitions,50,NaN,held,clean,(dimensionless state)^2,NaN,1,0.1,29,29,0,1.24421545863164e-17,1.51417940455272e-33,3.89124582178089e-17,0,0,0,1.24421545863164e-17,1.51417940455272e-33,3.89124582178089e-17,0,0,0,0,0,0,1.24421545863164e-17,1.51417940455272e-33,3.89124582178089e-17,0,0,0,0,0,0,0,0,0,0
commonData,2,B,K,Known-model reference,dimensionless state,study2_pilot_20260918/fits/K.mat,pilot,0,stationary,1.1,derived pilot,After 50 initialization transitions,50,NaN,held,clean,(dimensionless state)^2,NaN,2,0.2,29,29,0,1.14850657719844e-17,4.83474827418589e-33,6.95323541539181e-17,9.57088814332032e-18,3.24087521676197e-33,5.6928685359509e-17,2.10559539153047e-17,5.68481390481198e-33,7.53977049041413e-17,0,0,0,0,0,0,2.10559539153047e-17,5.68481390481198e-33,7.53977049041413e-17,-2.39080958613588e-33,-2.39080958613588e-33,3.42113882891801e-49,3.42113882891801e-49,0,0,0,0,0,0
commonData,2,B,K,Known-model reference,dimensionless state,study2_pilot_20260918/fits/K.mat,pilot,0,stationary,1.1,derived pilot,After 50 initialization transitions,50,NaN,held,clean,(dimensionless state)^2,NaN,5,0.5,29,29,0,1.65097820472275e-17,2.36590531961363e-33,4.86405727722611e-17,1.89025040830576e-17,9.34574108358254e-33,9.66733731881874e-17,3.54122861302852e-17,1.30299122444405e-32,1.14148641010047e-16,0,0,0,0,0,0,3.54122861302852e-17,1.30299122444405e-32,1.14148641010047e-16,1.31826584124437e-33,1.31826584124437e-33,1.3684555315672e-48,1.3684555315672e-48,0,0,0,0,0,0
commonData,2,B,K,Known-model reference,dimensionless state,study2_pilot_20260918/fits/K.mat,pilot,0,stationary,1.1,derived pilot,After 50 initialization transitions,50,NaN,held,clean,(dimensionless state)^2,NaN,10,1,29,29,0,2.11755900170962e-17,3.0835632665631e-33,5.55298412258049e-17,3.12250225675825e-17,1.00667195994016e-32,1.00333043407452e-16,5.24006125846787e-17,1.3994537501069e-32,1.18298510138839e-16,0,0,0,0,0,0,5.24006125846787e-17,1.3994537501069e-32,1.18298510138839e-16,8.44254635104232e-34,8.44254635104232e-34,-1.0263416486754e-48,-1.0263416486754e-48,0,0,0,0,0,0
commonData,2,B,K,Known-model reference,dimensionless state,study2_pilot_20260918/fits/K.mat,pilot,0,stationary,1.1,derived pilot,After 50 initialization transitions,50,NaN,held,clean,(dimensionless state)^2,NaN,20,2,29,29,0,1.90221401848491e-17,3.82571040892611e-33,6.18523274333805e-17,1.591160153827e-17,1.21918836759669e-32,1.10416863186593e-16,3.49337417231191e-17,1.26214822734757e-32,1.12345370503086e-16,0,0,0,0,0,0,3.49337417231191e-17,1.26214822734757e-32,1.12345370503086e-16,-3.39611181141732e-33,-3.39611181141732e-33,-6.84227765783602e-49,-6.84227765783602e-49,0,0,0,0,0,0
commonData,2,B,K,Known-model reference,dimensionless state,study2_pilot_20260918/fits/K.mat,pilot,0,stationary,1.1,derived pilot,After 50 initialization transitions,50,NaN,rateLimited,clean,(dimensionless state)^2,NaN,1,0.1,29,29,0,1.24421545863164e-17,1.51417940455272e-33,3.89124582178089e-17,0,0,0,1.24421545863164e-17,1.51417940455272e-33,3.89124582178089e-17,0,0,0,0,0,0,1.24421545863164e-17,1.51417940455272e-33,3.89124582178089e-17,0,0,0,0,0,0,0,0,0,0
commonData,2,B,K,Known-model reference,dimensionless state,study2_pilot_20260918/fits/K.mat,pilot,0,stationary,1.1,derived pilot,After 50 initialization transitions,50,NaN,rateLimited,clean,(dimensionless state)^2,NaN,2,0.2,29,29,0,2.77555756156289e-17,4.96757102897122e-33,7.04809976445511e-17,-0.000353445581156891,2.78455068583951e-05,0.00527688419982806,-0.000353445581156863,2.7845506858395e-05,0.00527688419982805,0,0,0,0,0,0,-0.000353445581156863,2.7845506858395e-05,0.00527688419982805,-1.09470166220107e-19,-1.09470166220107e-19,-2.33818281746079e-21,-2.33818281746079e-21,0,2.25021732256521e-21,0,2.25021732256521e-21,0,0
commonData,2,B,K,Known-model reference,dimensionless state,study2_pilot_20260918/fits/K.mat,pilot,0,stationary,1.1,derived pilot,After 50 initialization transitions,50,NaN,rateLimited,clean,(dimensionless state)^2,NaN,5,0.5,29,29,0,1.5433057131104e-17,4.94142154912285e-33,7.02952455655634e-17,0.00209852819564275,0.00377165551509105,0.0614138055740812,0.00209852819564277,0.00377165551509105,0.0614138055740812,0,0,0,0,0,0,0.00209852819564277,0.00377165551509105,0.0614138055740812,-1.31589609110256e-18,-1.31589609110256e-18,1.4853484119959e-20,1.4853484119959e-20,0,2.64534296070987e-18,0,2.64534296070987e-18,0,0
commonData,2,B,K,Known-model reference,dimensionless state,study2_pilot_20260918/fits/K.mat,pilot,0,stationary,1.1,derived pilot,After 50 initialization transitions,50,NaN,rateLimited,clean,(dimensionless state)^2,NaN,10,1,29,29,0,2.29701315439688e-17,4.03781174547393e-33,6.35437781806679e-17,-0.00315971837205177,0.0167108395612008,0.129270412551368,-0.00315971837205174,0.0167108395612008,0.129270412551368,0,0,0,0,0,0,-0.00315971837205174,0.0167108395612008,0.129270412551368,8.04786401833847e-18,8.04786401833847e-18,2.36047683752237e-18,2.36047683752237e-18,5.55111512312578e-17,2.46098447561559e-17,5.55111512312578e-17,2.46098447561559e-17,0,0
commonData,2,B,K,Known-model reference,dimensionless state,study2_pilot_20260918/fits/K.mat,pilot,0,stationary,1.1,derived pilot,After 50 initialization transitions,50,NaN,rateLimited,clean,(dimensionless state)^2,NaN,20,2,29,29,0,5.38362458061768e-17,7.01470173710006e-33,8.37538162539479e-17,0.0161737215124651,0.0338342871135279,0.183940988128062,0.0161737215124652,0.0338342871135279,0.183940988128062,0,0,0,0,0,0,0.0161737215124652,0.0338342871135279,0.183940988128062,4.6940737162872e-19,4.6940737162872e-19,-7.40830127553595e-18,-7.40830127553595e-18,5.55111512312578e-17,3.52500698152663e-17,5.55111512312578e-17,3.52500698152663e-17,0,0
commonData,2,B,K,Known-model reference,dimensionless state,study2_pilot_20260918/fits/K.mat,pilot,0,stationary,1.1,derived pilot,After 100 initialization transitions,100,NaN,held,clean,(dimensionless state)^2,NaN,1,0.1,29,29,0,1.24421545863164e-17,1.51417940455272e-33,3.89124582178089e-17,0,0,0,1.24421545863164e-17,1.51417940455272e-33,3.89124582178089e-17,0,0,0,0,0,0,1.24421545863164e-17,1.51417940455272e-33,3.89124582178089e-17,0,0,0,0,0,0,0,0,0,0
commonData,2,B,K,Known-model reference,dimensionless state,study2_pilot_20260918/fits/K.mat,pilot,0,stationary,1.1,derived pilot,After 100 initialization transitions,100,NaN,held,clean,(dimensionless state)^2,NaN,2,0.2,29,29,0,1.14850657719844e-17,4.83474827418589e-33,6.95323541539181e-17,9.57088814332032e-18,3.24087521676197e-33,5.6928685359509e-17,2.10559539153047e-17,5.68481390481198e-33,7.53977049041413e-17,0,0,0,0,0,0,2.10559539153047e-17,5.68481390481198e-33,7.53977049041413e-17,-2.39080958613588e-33,-2.39080958613588e-33,3.42113882891801e-49,3.42113882891801e-49,0,0,0,0,0,0
commonData,2,B,K,Known-model reference,dimensionless state,study2_pilot_20260918/fits/K.mat,pilot,0,stationary,1.1,derived pilot,After 100 initialization transitions,100,NaN,held,clean,(dimensionless state)^2,NaN,5,0.5,29,29,0,1.65097820472275e-17,2.36590531961363e-33,4.86405727722611e-17,1.89025040830576e-17,9.34574108358254e-33,9.66733731881874e-17,3.54122861302852e-17,1.30299122444405e-32,1.14148641010047e-16,0,0,0,0,0,0,3.54122861302852e-17,1.30299122444405e-32,1.14148641010047e-16,1.31826584124437e-33,1.31826584124437e-33,1.3684555315672e-48,1.3684555315672e-48,0,0,0,0,0,0
commonData,2,B,K,Known-model reference,dimensionless state,study2_pilot_20260918/fits/K.mat,pilot,0,stationary,1.1,derived pilot,After 100 initialization transitions,100,NaN,held,clean,(dimensionless state)^2,NaN,10,1,29,29,0,2.11755900170962e-17,3.0835632665631e-33,5.55298412258049e-17,3.12250225675825e-17,1.00667195994016e-32,1.00333043407452e-16,5.24006125846787e-17,1.3994537501069e-32,1.18298510138839e-16,0,0,0,0,0,0,5.24006125846787e-17,1.3994537501069e-32,1.18298510138839e-16,8.44254635104232e-34,8.44254635104232e-34,-1.0263416486754e-48,-1.0263416486754e-48,0,0,0,0,0,0
commonData,2,B,K,Known-model reference,dimensionless state,study2_pilot_20260918/fits/K.mat,pilot,0,stationary,1.1,derived pilot,After 100 initialization transitions,100,NaN,held,clean,(dimensionless state)^2,NaN,20,2,29,29,0,1.90221401848491e-17,3.82571040892611e-33,6.18523274333805e-17,1.591160153827e-17,1.21918836759669e-32,1.10416863186593e-16,3.49337417231191e-17,1.26214822734757e-32,1.12345370503086e-16,0,0,0,0,0,0,3.49337417231191e-17,1.26214822734757e-32,1.12345370503086e-16,-3.39611181141732e-33,-3.39611181141732e-33,-6.84227765783602e-49,-6.84227765783602e-49,0,0,0,0,0,0
commonData,2,B,K,Known-model reference,dimensionless state,study2_pilot_20260918/fits/K.mat,pilot,0,stationary,1.1,derived pilot,After 100 initialization transitions,100,NaN,rateLimited,clean,(dimensionless state)^2,NaN,1,0.1,29,29,0,1.24421545863164e-17,1.51417940455272e-33,3.89124582178089e-17,0,0,0,1.24421545863164e-17,1.51417940455272e-33,3.89124582178089e-17,0,0,0,0,0,0,1.24421545863164e-17,1.51417940455272e-33,3.89124582178089e-17,0,0,0,0,0,0,0,0,0,0
commonData,2,B,K,Known-model reference,dimensionless state,study2_pilot_20260918/fits/K.mat,pilot,0,stationary,1.1,derived pilot,After 100 initialization transitions,100,NaN,rateLimited,clean,(dimensionless state)^2,NaN,2,0.2,29,29,0,2.77555756156289e-17,4.96757102897122e-33,7.04809976445511e-17,-0.000353445581156891,2.78455068583951e-05,0.00527688419982806,-0.000353445581156863,2.7845506858395e-05,0.00527688419982805,0,0,0,0,0,0,-0.000353445581156863,2.7845506858395e-05,0.00527688419982805,-1.09470166220107e-19,-1.09470166220107e-19,-2.33818281746079e-21,-2.33818281746079e-21,0,2.25021732256521e-21,0,2.25021732256521e-21,0,0
commonData,2,B,K,Known-model reference,dimensionless state,study2_pilot_20260918/fits/K.mat,pilot,0,stationary,1.1,derived pilot,After 100 initialization transitions,100,NaN,rateLimited,clean,(dimensionless state)^2,NaN,5,0.5,29,29,0,1.5433057131104e-17,4.94142154912285e-33,7.02952455655634e-17,0.00209852819564275,0.00377165551509105,0.0614138055740812,0.00209852819564277,0.00377165551509105,0.0614138055740812,0,0,0,0,0,0,0.00209852819564277,0.00377165551509105,0.0614138055740812,-1.31589609110256e-18,-1.31589609110256e-18,1.4853484119959e-20,1.4853484119959e-20,0,2.64534296070987e-18,0,2.64534296070987e-18,0,0
commonData,2,B,K,Known-model reference,dimensionless state,study2_pilot_20260918/fits/K.mat,pilot,0,stationary,1.1,derived pilot,After 100 initialization transitions,100,NaN,rateLimited,clean,(dimensionless state)^2,NaN,10,1,29,29,0,2.29701315439688e-17,4.03781174547393e-33,6.35437781806679e-17,-0.00315971837205177,0.0167108395612008,0.129270412551368,-0.00315971837205174,0.0167108395612008,0.129270412551368,0,0,0,0,0,0,-0.00315971837205174,0.0167108395612008,0.129270412551368,8.04786401833847e-18,8.04786401833847e-18,2.36047683752237e-18,2.36047683752237e-18,5.55111512312578e-17,2.46098447561559e-17,5.55111512312578e-17,2.46098447561559e-17,0,0
commonData,2,B,K,Known-model reference,dimensionless state,study2_pilot_20260918/fits/K.mat,pilot,0,stationary,1.1,derived pilot,After 100 initialization transitions,100,NaN,rateLimited,clean,(dimensionless state)^2,NaN,20,2,29,29,0,5.38362458061768e-17,7.01470173710006e-33,8.37538162539479e-17,0.0161737215124651,0.0338342871135279,0.183940988128062,0.0161737215124652,0.0338342871135279,0.183940988128062,0,0,0,0,0,0,0.0161737215124652,0.0338342871135279,0.183940988128062,4.6940737162872e-19,4.6940737162872e-19,-7.40830127553595e-18,-7.40830127553595e-18,5.55111512312578e-17,3.52500698152663e-17,5.55111512312578e-17,3.52500698152663e-17,0,0
commonData,2,B,K,Known-model reference,dimensionless state,study2_pilot_20260918/fits/K.mat,pilot,0,stationary,1.1,derived pilot,After 200 initialization transitions,200,NaN,held,clean,(dimensionless state)^2,NaN,1,0.1,29,29,0,1.24421545863164e-17,1.51417940455272e-33,3.89124582178089e-17,0,0,0,1.24421545863164e-17,1.51417940455272e-33,3.89124582178089e-17,0,0,0,0,0,0,1.24421545863164e-17,1.51417940455272e-33,3.89124582178089e-17,0,0,0,0,0,0,0,0,0,0
commonData,2,B,K,Known-model reference,dimensionless state,study2_pilot_20260918/fits/K.mat,pilot,0,stationary,1.1,derived pilot,After 200 initialization transitions,200,NaN,held,clean,(dimensionless state)^2,NaN,2,0.2,29,29,0,1.14850657719844e-17,4.83474827418589e-33,6.95323541539181e-17,9.57088814332032e-18,3.24087521676197e-33,5.6928685359509e-17,2.10559539153047e-17,5.68481390481198e-33,7.53977049041413e-17,0,0,0,0,0,0,2.10559539153047e-17,5.68481390481198e-33,7.53977049041413e-17,-2.39080958613588e-33,-2.39080958613588e-33,3.42113882891801e-49,3.42113882891801e-49,0,0,0,0,0,0
commonData,2,B,K,Known-model reference,dimensionless state,study2_pilot_20260918/fits/K.mat,pilot,0,stationary,1.1,derived pilot,After 200 initialization transitions,200,NaN,held,clean,(dimensionless state)^2,NaN,5,0.5,29,29,0,1.65097820472275e-17,2.36590531961363e-33,4.86405727722611e-17,1.89025040830576e-17,9.34574108358254e-33,9.66733731881874e-17,3.54122861302852e-17,1.30299122444405e-32,1.14148641010047e-16,0,0,0,0,0,0,3.54122861302852e-17,1.30299122444405e-32,1.14148641010047e-16,1.31826584124437e-33,1.31826584124437e-33,1.3684555315672e-48,1.3684555315672e-48,0,0,0,0,0,0
commonData,2,B,K,Known-model reference,dimensionless state,study2_pilot_20260918/fits/K.mat,pilot,0,stationary,1.1,derived pilot,After 200 initialization transitions,200,NaN,held,clean,(dimensionless state)^2,NaN,10,1,29,29,0,2.11755900170962e-17,3.0835632665631e-33,5.55298412258049e-17,3.12250225675825e-17,1.00667195994016e-32,1.00333043407452e-16,5.24006125846787e-17,1.3994537501069e-32,1.18298510138839e-16,0,0,0,0,0,0,5.24006125846787e-17,1.3994537501069e-32,1.18298510138839e-16,8.44254635104232e-34,8.44254635104232e-34,-1.0263416486754e-48,-1.0263416486754e-48,0,0,0,0,0,0
commonData,2,B,K,Known-model reference,dimensionless state,study2_pilot_20260918/fits/K.mat,pilot,0,stationary,1.1,derived pilot,After 200 initialization transitions,200,NaN,held,clean,(dimensionless state)^2,NaN,20,2,29,29,0,1.90221401848491e-17,3.82571040892611e-33,6.18523274333805e-17,1.591160153827e-17,1.21918836759669e-32,1.10416863186593e-16,3.49337417231191e-17,1.26214822734757e-32,1.12345370503086e-16,0,0,0,0,0,0,3.49337417231191e-17,1.26214822734757e-32,1.12345370503086e-16,-3.39611181141732e-33,-3.39611181141732e-33,-6.84227765783602e-49,-6.84227765783602e-49,0,0,0,0,0,0
commonData,2,B,K,Known-model reference,dimensionless state,study2_pilot_20260918/fits/K.mat,pilot,0,stationary,1.1,derived pilot,After 200 initialization transitions,200,NaN,rateLimited,clean,(dimensionless state)^2,NaN,1,0.1,29,29,0,1.24421545863164e-17,1.51417940455272e-33,3.89124582178089e-17,0,0,0,1.24421545863164e-17,1.51417940455272e-33,3.89124582178089e-17,0,0,0,0,0,0,1.24421545863164e-17,1.51417940455272e-33,3.89124582178089e-17,0,0,0,0,0,0,0,0,0,0
commonData,2,B,K,Known-model reference,dimensionless state,study2_pilot_20260918/fits/K.mat,pilot,0,stationary,1.1,derived pilot,After 200 initialization transitions,200,NaN,rateLimited,clean,(dimensionless state)^2,NaN,2,0.2,29,29,0,2.77555756156289e-17,4.96757102897122e-33,7.04809976445511e-17,-0.000353445581156891,2.78455068583951e-05,0.00527688419982806,-0.000353445581156863,2.7845506858395e-05,0.00527688419982805,0,0,0,0,0,0,-0.000353445581156863,2.7845506858395e-05,0.00527688419982805,-1.09470166220107e-19,-1.09470166220107e-19,-2.33818281746079e-21,-2.33818281746079e-21,0,2.25021732256521e-21,0,2.25021732256521e-21,0,0
commonData,2,B,K,Known-model reference,dimensionless state,study2_pilot_20260918/fits/K.mat,pilot,0,stationary,1.1,derived pilot,After 200 initialization transitions,200,NaN,rateLimited,clean,(dimensionless state)^2,NaN,5,0.5,29,29,0,1.5433057131104e-17,4.94142154912285e-33,7.02952455655634e-17,0.00209852819564275,0.00377165551509105,0.0614138055740812,0.00209852819564277,0.00377165551509105,0.0614138055740812,0,0,0,0,0,0,0.00209852819564277,0.00377165551509105,0.0614138055740812,-1.31589609110256e-18,-1.31589609110256e-18,1.4853484119959e-20,1.4853484119959e-20,0,2.64534296070987e-18,0,2.64534296070987e-18,0,0
commonData,2,B,K,Known-model reference,dimensionless state,study2_pilot_20260918/fits/K.mat,pilot,0,stationary,1.1,derived pilot,After 200 initialization transitions,200,NaN,rateLimited,clean,(dimensionless state)^2,NaN,10,1,29,29,0,2.29701315439688e-17,4.03781174547393e-33,6.35437781806679e-17,-0.00315971837205177,0.0167108395612008,0.129270412551368,-0.00315971837205174,0.0167108395612008,0.129270412551368,0,0,0,0,0,0,-0.00315971837205174,0.0167108395612008,0.129270412551368,8.04786401833847e-18,8.04786401833847e-18,2.36047683752237e-18,2.36047683752237e-18,5.55111512312578e-17,2.46098447561559e-17,5.55111512312578e-17,2.46098447561559e-17,0,0
commonData,2,B,K,Known-model reference,dimensionless state,study2_pilot_20260918/fits/K.mat,pilot,0,stationary,1.1,derived pilot,After 200 initialization transitions,200,NaN,rateLimited,clean,(dimensionless state)^2,NaN,20,2,29,29,0,5.38362458061768e-17,7.01470173710006e-33,8.37538162539479e-17,0.0161737215124651,0.0338342871135279,0.183940988128062,0.0161737215124652,0.0338342871135279,0.183940988128062,0,0,0,0,0,0,0.0161737215124652,0.0338342871135279,0.183940988128062,4.6940737162872e-19,4.6940737162872e-19,-7.40830127553595e-18,-7.40830127553595e-18,5.55111512312578e-17,3.52500698152663e-17,5.55111512312578e-17,3.52500698152663e-17,0,0
commonData,5,C,I,Integrated physical,rad/s,study5_pilot_20260922/fits/fit_I.mat,pilot,0,stationary,0.6,derived pilot,After 25 initialization transitions,25,NaN,held,clean,(rad/s)^2,NaN,1,0.1,29,29,0,0.000833879258367199,1.79724404230605e-05,0.00423939151566124,0,1.59387305742392e-34,1.26248685435688e-17,0.000833879258367199,1.79724404230605e-05,0.00423939151566124,0,0,0,0,0,0,0.000833879258367199,1.79724404230605e-05,0.00423939151566124,8.2190349874586e-21,8.2190349874586e-21,1.94536037959285e-21,1.94536037959285e-21,0,3.28075923890201e-22,0,3.28075923890201e-22,8.16773724138406e-14,0
commonData,5,C,I,Integrated physical,rad/s,study5_pilot_20260922/fits/fit_I.mat,pilot,0,stationary,0.6,derived pilot,After 25 initialization transitions,25,NaN,held,clean,(rad/s)^2,NaN,2,0.2,29,29,0,0.00148957023711076,6.6211911222521e-05,0.00813707018665324,3.95125764593656e-06,3.73715922768044e-09,6.11323091963688e-05,0.0014935214947567,6.67283419444313e-05,0.00816874176017526,0,0,0,0,0,0,0.0014935214947567,6.67283419444313e-05,0.00816874176017526,5.12693562682667e-07,5.12693562682667e-07,-2.73168125489512e-20,-2.73168125489512e-20,0,3.98105485209521e-20,0,3.98105485209521e-20,1.62671513601557e-13,0
commonData,5,C,I,Integrated physical,rad/s,study5_pilot_20260922/fits/fit_I.mat,pilot,0,stationary,0.6,derived pilot,After 25 initialization transitions,25,NaN,held,clean,(rad/s)^2,NaN,5,0.5,29,29,0,0.00276378138033643,0.000341529167896552,0.0184805077824326,0.000129822968982966,2.96934032123167e-06,0.00172317739110971,0.00289360434931939,0.000379327475408773,0.0194763311588393,0,0,0,0,0,0,0.00289360434931939,0.000379327475408773,0.0194763311588393,3.482896719099e-05,3.482896719099e-05,-1.28749007982654e-19,-1.28749007982654e-19,0,2.98155597433514e-19,0,2.98155597433514e-19,3.97910874760349e-13,0
commonData,5,C,I,Integrated physical,rad/s,study5_pilot_20260922/fits/fit_I.mat,pilot,0,stationary,0.6,derived pilot,After 25 initialization transitions,25,NaN,held,clean,(rad/s)^2,NaN,10,1,29,29,0,0.00393654892777845,0.00110518871967956,0.03324437876814,0.00136633494001467,0.000215991843342757,0.0146966609589647,0.00530288386779312,0.00192458598102807,0.043870103499172,0,0,0,0,0,0,0.00530288386779312,0.00192458598102807,0.043870103499172,0.000603405418005753,0.000603405418005753,5.42101086242752e-19,5.42101086242752e-19,0,4.33680868994202e-19,0,4.33680868994202e-19,7.0320186067601e-13,0
commonData,5,C,I,Integrated physical,rad/s,study5_pilot_20260922/fits/fit_I.mat,pilot,0,stationary,0.6,derived pilot,After 25 initialization transitions,25,NaN,held,clean,(rad/s)^2,NaN,20,2,29,29,0,0.00632403032856743,0.00341555094439374,0.0584427150669246,0.0116197400031809,0.00966953291701514,0.0983337831928333,0.0179437703317483,0.0216714456752893,0.147212247028871,0,0,0,0,0,0,0.0179437703317483,0.0216714456752893,0.147212247028871,0.00858636181388039,0.00858636181388039,8.67361737988404e-18,8.67361737988404e-18,1.38777878078145e-17,1.38777878078145e-17,1.38777878078145e-17,1.38777878078145e-17,8.99017138477944e-13,0
commonData,5,C,I,Integrated physical,rad/s,study5_pilot_20260922/fits/fit_I.mat,pilot,0,stationary,0.6,derived pilot,After 25 initialization transitions,25,NaN,rateLimited,clean,(rad/s)^2,NaN,1,0.1,29,29,0,0.000833879258367199,1.79724404230605e-05,0.00423939151566124,0,1.59387305742392e-34,1.26248685435688e-17,0.000833879258367199,1.79724404230605e-05,0.00423939151566124,0,0,0,0,0,0,0.000833879258367199,1.79724404230605e-05,0.00423939151566124,8.2190349874586e-21,8.2190349874586e-21,1.94536037959285e-21,1.94536037959285e-21,0,3.28075923890201e-22,0,3.28075923890201e-22,8.16773724138406e-14,0
commonData,5,C,I,Integrated physical,rad/s,study5_pilot_20260922/fits/fit_I.mat,pilot,0,stationary,0.6,derived pilot,After 25 initialization transitions,25,NaN,rateLimited,clean,(rad/s)^2,NaN,2,0.2,29,29,0,0.0015017463804426,6.58128798479521e-05,0.00811251378106393,9.08192737955759e-06,3.17086548628088e-09,5.63104385196997e-05,0.00151082830782216,6.62825050145295e-05,0.00814140682035541,0,0,0,0,0,0,0.00151082830782216,6.62825050145295e-05,0.00814140682035541,4.66454301091092e-07,4.66454301091092e-07,1.32348898008484e-20,1.32348898008484e-20,0,2.79520872593919e-20,0,2.79520872593919e-20,1.30999710621224e-13,0
commonData,5,C,I,Integrated physical,rad/s,study5_pilot_20260922/fits/fit_I.mat,pilot,0,stationary,0.6,derived pilot,After 25 initialization transitions,25,NaN,rateLimited,clean,(rad/s)^2,NaN,5,0.5,29,29,0,0.00316857621188908,0.000318659893331169,0.0178510474015159,0.000503230444891341,2.30306107750607e-06,0.00151758396061176,0.00367180665678042,0.000348206760510593,0.018660299046655,0,0,0,0,0,0,0.00367180665678042,0.000348206760510593,0.018660299046655,2.7243806101918e-05,2.7243806101918e-05,-4.06575814682064e-20,-4.06575814682064e-20,0,1.17737579668348e-19,0,1.17737579668348e-19,2.94076530853088e-13,0
commonData,5,C,I,Integrated physical,rad/s,study5_pilot_20260922/fits/fit_I.mat,pilot,0,stationary,0.6,derived pilot,After 25 initialization transitions,25,NaN,rateLimited,clean,(rad/s)^2,NaN,10,1,29,29,0,0.00592361264096635,0.000880893621006309,0.029679852105533,0.00366982222671668,0.000115688104764465,0.010755840495492,0.00959343486768303,0.00135041513118932,0.0367479949274694,0,0,0,0,0,0,0.00959343486768303,0.00135041513118932,0.0367479949274694,0.000353833405418542,0.000353833405418542,2.16840434497101e-19,2.16840434497101e-19,0,6.50521303491303e-19,0,6.50521303491303e-19,3.39548158130629e-13,0
commonData,5,C,I,Integrated physical,rad/s,study5_pilot_20260922/fits/fit_I.mat,pilot,0,stationary,0.6,derived pilot,After 25 initialization transitions,25,NaN,rateLimited,clean,(rad/s)^2,NaN,20,2,29,29,0,0.010216827221179,0.00206274024048989,0.0454174001951883,0.0095444647330197,0.00226847933178227,0.047628555843971,0.0197612919541987,0.00742929970070146,0.0861933854811462,0,0,0,0,0,0,0.0197612919541987,0.00742929970070146,0.0861933854811462,0.0030980801284293,0.0030980801284293,8.67361737988404e-19,8.67361737988404e-19,1.38777878078145e-17,4.33680868994202e-18,1.38777878078145e-17,4.33680868994202e-18,4.38589245740646e-13,0
commonData,5,C,I,Integrated physical,rad/s,study5_pilot_20260922/fits/fit_I.mat,pilot,0,stationary,0.6,derived pilot,After 50 initialization transitions,50,NaN,held,clean,(rad/s)^2,NaN,1,0.1,29,29,0,0.000552397269588974,8.11298401747997e-06,0.00284833004012526,-9.57088814332031e-19,2.65645509570653e-35,5.15408100024295e-18,0.000552397269588973,8.11298401747997e-06,0.00284833004012526,0,0,0,0,0,0,0.000552397269588973,8.11298401747997e-06,0.00284833004012526,2.35327667403048e-22,2.35327667403048e-22,-2.35327667403074e-22,-2.35327667403074e-22,0,1.91666235177629e-24,0,1.91666235177629e-24,8.16773724138406e-14,0
commonData,5,C,I,Integrated physical,rad/s,study5_pilot_20260922/fits/fit_I.mat,pilot,0,stationary,0.6,derived pilot,After 50 initialization transitions,50,NaN,held,clean,(rad/s)^2,NaN,2,0.2,29,29,0,0.000982084814201107,2.96336834765466e-05,0.00544368289639896,6.51420233935298e-06,4.74913192543943e-09,6.89139457979256e-05,0.00098859901654046,3.00288318633419e-05,0.00547985691996989,0,0,0,0,0,0,0.00098859901654046,3.00288318633419e-05,0.00547985691996989,3.90399254869897e-07,3.90399254869897e-07,-4.07634605866132e-21,-4.07634605866132e-21,0,1.27054942088145e-20,0,1.27054942088145e-20,1.62671513601557e-13,0
commonData,5,C,I,Integrated physical,rad/s,study5_pilot_20260922/fits/fit_I.mat,pilot,0,stationary,0.6,derived pilot,After 50 initialization transitions,50,NaN,held,clean,(rad/s)^2,NaN,5,0.5,29,29,0,0.00180411961101986,0.000149393600537249,0.0122226674886151,0.000194365191688222,3.67882597707501e-06,0.00191802658403762,0.00199848480270808,0.00017837647184256,0.0133557654906995,0,0,0,0,0,0,0.00199848480270808,0.00017837647184256,0.0133557654906995,2.53040453282357e-05,2.53040453282357e-05,5.0821976835258e-20,5.0821976835258e-20,0,5.42101086242752e-20,0,5.42101086242752e-20,3.97910874760349e-13,0
commonData,5,C,I,Integrated physical,rad/s,study5_pilot_20260922/fits/fit_I.mat,pilot,0,stationary,0.6,derived pilot,After 50 initialization transitions,50,NaN,held,clean,(rad/s)^2,NaN,10,1,29,29,0,0.0025478583377213,0.000468745779135209,0.0216505376176946,0.0018347329969488,0.000260048294845978,0.0161260129866616,0.0043825913346701,0.00114805033549231,0.0338828914865941,0,0,0,0,0,0,0.0043825913346701,0.00114805033549231,0.0338828914865941,0.000419256261511124,0.000419256261511124,3.25260651745651e-19,3.25260651745651e-19,0,2.46486587651001e-19,0,2.46486587651001e-19,7.0320186067601e-13,0
commonData,5,C,I,Integrated physical,rad/s,study5_pilot_20260922/fits/fit_I.mat,pilot,0,stationary,0.6,derived pilot,After 50 initialization transitions,50,NaN,held,clean,(rad/s)^2,NaN,20,2,29,29,0,0.00401364843724343,0.00138954110782232,0.0372765490331699,0.013939969975075,0.0110384942620742,0.105064238740278,0.0179536184123185,0.0181252630773169,0.134630097219444,0,0,0,0,0,0,0.0179536184123185,0.0181252630773169,0.134630097219444,0.00569722770742033,0.00569722770742033,6.07153216591882e-18,6.07153216591882e-18,6.93889390390723e-18,6.93889390390723e-18,6.93889390390723e-18,6.93889390390723e-18,8.99017138477944e-13,0
commonData,5,C,I,Integrated physical,rad/s,study5_pilot_20260922/fits/fit_I.mat,pilot,0,stationary,0.6,derived pilot,After 50 initialization transitions,50,NaN,rateLimited,clean,(rad/s)^2,NaN,1,0.1,29,29,0,0.000552397269588974,8.11298401747997e-06,0.00284833004012526,-9.57088814332031e-19,2.65645509570653e-35,5.15408100024295e-18,0.000552397269588973,8.11298401747997e-06,0.00284833004012526,0,0,0,0,0,0,0.000552397269588973,8.11298401747997e-06,0.00284833004012526,2.35327667403048e-22,2.35327667403048e-22,-2.35327667403074e-22,-2.35327667403074e-22,0,1.91666235177629e-24,0,1.91666235177629e-24,8.16773724138406e-14,0
commonData,5,C,I,Integrated physical,rad/s,study5_pilot_20260922/fits/fit_I.mat,pilot,0,stationary,0.6,derived pilot,After 50 initialization transitions,50,NaN,rateLimited,clean,(rad/s)^2,NaN,2,0.2,29,29,0,0.000992550697724384,2.94151943008533e-05,0.00542357762928247,1.22585036718046e-05,4.12152588476184e-09,6.41991112458875e-05,0.00100480920139619,2.97787256748024e-05,0.0054569887002634,0,0,0,0,0,0,0.00100480920139619,2.97787256748024e-05,0.0054569887002634,3.59409848064315e-07,3.59409848064315e-07,3.12343399300023e-21,3.12343399300023e-21,0,2.28698895758661e-20,0,2.28698895758661e-20,1.30999710621224e-13,0
commonData,5,C,I,Integrated physical,rad/s,study5_pilot_20260922/fits/fit_I.mat,pilot,0,stationary,0.6,derived pilot,After 50 initialization transitions,50,NaN,rateLimited,clean,(rad/s)^2,NaN,5,0.5,29,29,0,0.00208866651406861,0.00013881239943553,0.0117818674001845,0.000600786352490945,3.02232472955563e-06,0.00173848345679665,0.00268945286655956,0.000162371300369355,0.0127424997692507,0,0,0,0,0,0,0.00268945286655956,0.000162371300369355,0.0127424997692507,2.05365762042691e-05,2.05365762042691e-05,-2.37169225231204e-20,-2.37169225231204e-20,0,6.7762635780344e-20,0,6.7762635780344e-20,2.94076530853088e-13,0
commonData,5,C,I,Integrated physical,rad/s,study5_pilot_20260922/fits/fit_I.mat,pilot,0,stationary,0.6,derived pilot,After 50 initialization transitions,50,NaN,rateLimited,clean,(rad/s)^2,NaN,10,1,29,29,0,0.00384913814011866,0.000372157298163937,0.0192913788559537,0.0041664440920583,0.000147583541851403,0.0121483966782207,0.00801558223217696,0.000778872653264262,0.0279082900455091,0,0,0,0,0,0,0.00801558223217696,0.000778872653264262,0.0279082900455091,0.000259131813248922,0.000259131813248922,5.42101086242752e-20,5.42101086242752e-20,0,1.35525271560688e-19,0,1.35525271560688e-19,3.39548158130629e-13,0
commonData,5,C,I,Integrated physical,rad/s,study5_pilot_20260922/fits/fit_I.mat,pilot,0,stationary,0.6,derived pilot,After 50 initialization transitions,50,NaN,rateLimited,clean,(rad/s)^2,NaN,20,2,29,29,0,0.00646817067779406,0.000831280238486749,0.0288319308837745,0.00954196945882335,0.00269468183516743,0.0519103249379873,0.0160101401366174,0.00561521019483368,0.0749347062103648,0,0,0,0,0,0,0.0160101401366174,0.00561521019483368,0.0749347062103648,0.0020892481211795,0.0020892481211795,8.67361737988404e-19,8.67361737988404e-19,0,1.73472347597681e-18,0,1.73472347597681e-18,4.38589245740646e-13,0
commonData,5,C,I,Integrated physical,rad/s,study5_pilot_20260922/fits/fit_I.mat,pilot,0,stationary,0.6,derived pilot,After 100 initialization transitions,100,NaN,held,clean,(rad/s)^2,NaN,1,0.1,29,29,0,8.79664606366769e-06,2.30066094603198e-09,4.7965205576876e-05,9.57088814332031e-19,2.65645509570653e-35,5.15408100024295e-18,8.79664606366865e-06,2.30066094603197e-09,4.7965205576876e-05,0,0,0,0,0,0,8.79664606366865e-06,2.30066094603197e-09,4.7965205576876e-05,-2.76045803248843e-24,-2.76045803248843e-24,-1.34674111473734e-25,-1.34674111473734e-25,0,1.32663447173237e-28,0,1.32663447173237e-28,8.16773724138406e-14,0
commonData,5,C,I,Integrated physical,rad/s,study5_pilot_20260922/fits/fit_I.mat,pilot,0,stationary,0.6,derived pilot,After 100 initialization transitions,100,NaN,held,clean,(rad/s)^2,NaN,2,0.2,29,29,0,1.54952438786776e-05,8.29642577568122e-09,9.10847175748008e-05,1.33495951061734e-05,7.16846452548312e-09,8.46667852553947e-05,2.8844838984851e-05,2.38576379887912e-08,0.000154459179037023,0,0,0,0,0,0,2.8844838984851e-05,2.38576379887912e-08,0.000154459179037023,8.39274768762683e-09,8.39274768762683e-09,0,0,0,6.61744490042422e-24,0,6.61744490042422e-24,1.62671513601557e-13,0
commonData,5,C,I,Integrated physical,rad/s,study5_pilot_20260922/fits/fit_I.mat,pilot,0,stationary,0.6,derived pilot,After 100 initialization transitions,100,NaN,held,clean,(rad/s)^2,NaN,5,0.5,29,29,0,2.79264667719285e-05,4.04560361047353e-08,0.000201136859140077,0.00035030436538037,5.22115257683524e-06,0.0022849841524254,0.000378230832152298,5.75798587069747e-06,0.0023995803530404,0,0,0,0,0,0,0.000378230832152298,5.75798587069747e-06,0.0023995803530404,4.96377257757493e-07,4.96377257757493e-07,-3.17637355220363e-22,-3.17637355220363e-22,0,2.96461531539005e-21,0,2.96461531539005e-21,3.97910874760349e-13,0
commonData,5,C,I,Integrated physical,rad/s,study5_pilot_20260922/fits/fit_I.mat,pilot,0,stationary,0.6,derived pilot,After 100 initialization transitions,100,NaN,held,clean,(rad/s)^2,NaN,10,1,29,29,0,3.86375948261254e-05,1.21412478723237e-07,0.000348442934672576,0.0028286918479361,0.000347477941280164,0.01864076021197,0.00286732944276222,0.00035511823984035,0.0188445811797543,0,0,0,0,0,0,0.00286732944276222,0.00035511823984035,0.0188445811797543,7.51888608146364e-06,7.51888608146364e-06,-3.81164826264435e-20,-3.81164826264435e-20,0,1.35525271560688e-19,0,1.35525271560688e-19,7.0320186067601e-13,0
commonData,5,C,I,Integrated physical,rad/s,study5_pilot_20260922/fits/fit_I.mat,pilot,0,stationary,0.6,derived pilot,After 100 initialization transitions,100,NaN,held,clean,(rad/s)^2,NaN,20,2,29,29,0,5.74228812996024e-05,3.35552657953225e-07,0.000579269072153197,0.0181257488203596,0.0133316836820113,0.115462910417204,0.0181831717016592,0.0134243332718767,0.115863425082624,0,0,0,0,0,0,0.0181831717016592,0.0134243332718767,0.115863425082624,9.2314037207446e-05,9.2314037207446e-05,2.49366499671666e-18,2.49366499671666e-18,6.93889390390723e-18,7.91467585914418e-18,6.93889390390723e-18,7.91467585914418e-18,8.99017138477944e-13,0
commonData,5,C,I,Integrated physical,rad/s,study5_pilot_20260922/fits/fit_I.mat,pilot,0,stationary,0.6,derived pilot,After 100 initialization transitions,100,NaN,rateLimited,clean,(rad/s)^2,NaN,1,0.1,29,29,0,8.79664606366769e-06,2.30066094603198e-09,4.7965205576876e-05,9.57088814332031e-19,2.65645509570653e-35,5.15408100024295e-18,8.79664606366865e-06,2.30066094603197e-09,4.7965205576876e-05,0,0,0,0,0,0,8.79664606366865e-06,2.30066094603197e-09,4.7965205576876e-05,-2.76045803248843e-24,-2.76045803248843e-24,-1.34674111473734e-25,-1.34674111473734e-25,0,1.32663447173237e-28,0,1.32663447173237e-28,8.16773724138406e-14,0
commonData,5,C,I,Integrated physical,rad/s,study5_pilot_20260922/fits/fit_I.mat,pilot,0,stationary,0.6,derived pilot,After 100 initialization transitions,100,NaN,rateLimited,clean,(rad/s)^2,NaN,2,0.2,29,29,0,1.58004831902062e-05,8.18514111405613e-09,9.0471769707772e-05,2.00605974845751e-05,6.54431032032797e-09,8.08969116859721e-05,3.58610806747813e-05,2.26216957304157e-08,0.000150405105400102,0,0,0,0,0,0,3.58610806747813e-05,2.26216957304157e-08,0.000150405105400102,7.89224429603161e-09,7.89224429603161e-09,0,0,0,6.61744490042422e-24,0,6.61744490042422e-24,1.30999710621224e-13,0
commonData,5,C,I,Integrated physical,rad/s,study5_pilot_20260922/fits/fit_I.mat,pilot,0,stationary,0.6,derived pilot,After 100 initialization transitions,100,NaN,rateLimited,clean,(rad/s)^2,NaN,5,0.5,29,29,0,3.35198445413594e-05,3.68723464148537e-08,0.000192021734225201,0.000800636653381126,4.78294676850551e-06,0.00218699491734789,0.000834156497922485,5.2452324838862e-06,0.00229024725387592,0,0,0,0,0,0,0.000834156497922485,5.2452324838862e-06,0.00229024725387592,4.2541336896583e-07,4.2541336896583e-07,-5.29395592033938e-22,-5.29395592033938e-22,0,5.0821976835258e-21,0,5.0821976835258e-21,2.94076530853088e-13,0
commonData,5,C,I,Integrated physical,rad/s,study5_pilot_20260922/fits/fit_I.mat,pilot,0,stationary,0.6,derived pilot,After 100 initialization transitions,100,NaN,rateLimited,clean,(rad/s)^2,NaN,10,1,29,29,0,6.0138059779375e-05,9.37803381757673e-08,0.000306235755874077,0.00506764020010409,0.00021930517061667,0.0148089557571312,0.00512777825988346,0.000224418228560096,0.0149805950669556,0,0,0,0,0,0,0.00512777825988346,0.000224418228560096,0.0149805950669556,5.01927760524987e-06,5.01927760524987e-06,-9.3173624197973e-21,-9.3173624197973e-21,0,1.89735380184963e-19,0,1.89735380184963e-19,3.39548158130629e-13,0
commonData,5,C,I,Integrated physical,rad/s,study5_pilot_20260922/fits/fit_I.mat,pilot,0,stationary,0.6,derived pilot,After 100 initialization transitions,100,NaN,rateLimited,clean,(rad/s)^2,NaN,20,2,29,29,0,9.75389468288375e-05,1.90786022907939e-07,0.000436790593886749,0.00925220961696686,0.00357944032247712,0.0598284240347104,0.00934974856379569,0.003613255642749,0.0601103621911314,0,0,0,0,0,0,0.00934974856379569,0.003613255642749,0.0601103621911314,3.3624534248975e-05,3.3624534248975e-05,-5.89534931288993e-19,-5.89534931288993e-19,0,1.50433051432364e-18,0,1.50433051432364e-18,4.38589245740646e-13,0
commonData,5,C,I,Integrated physical,rad/s,study5_pilot_20260922/fits/fit_I.mat,pilot,0,stationary,0.6,derived pilot,After 200 initialization transitions,200,NaN,held,clean,(rad/s)^2,NaN,1,0.1,29,29,0,2.7209162163529e-06,1.98408520838644e-10,1.40857559555263e-05,-4.78544407166016e-19,2.45722096352854e-34,1.56755253931999e-17,2.72091621635243e-06,1.98408520838661e-10,1.40857559555269e-05,0,0,0,0,0,0,2.72091621635243e-06,1.98408520838661e-10,1.40857559555269e-05,1.64944226534316e-23,1.64944226534316e-23,4.91895973832256e-26,4.91895973832256e-26,0,1.50371371528307e-27,0,1.50371371528307e-27,8.16773724138406e-14,0
commonData,5,C,I,Integrated physical,rad/s,study5_pilot_20260922/fits/fit_I.mat,pilot,0,stationary,0.6,derived pilot,After 200 initialization transitions,200,NaN,held,clean,(rad/s)^2,NaN,2,0.2,29,29,0,4.79469186854284e-06,7.10450109911564e-10,2.66542700127309e-05,1.34418755511982e-05,7.19820855352382e-09,8.48422568860814e-05,1.8236567419741e-05,1.03120915085603e-08,0.000101548468765217,0,0,0,0,0,0,1.8236567419741e-05,1.03120915085603e-08,0.000101548468765217,2.40343284512492e-09,2.40343284512492e-09,3.30872245021211e-24,3.30872245021211e-24,0,4.96308367531817e-24,0,4.96308367531817e-24,1.62671513601557e-13,0
commonData,5,C,I,Integrated physical,rad/s,study5_pilot_20260922/fits/fit_I.mat,pilot,0,stationary,0.6,derived pilot,After 200 initialization transitions,200,NaN,held,clean,(rad/s)^2,NaN,5,0.5,29,29,0,8.65033634835088e-06,3.40537788529392e-09,5.83556157134334e-05,0.000352279173128563,5.23829130770424e-06,0.00228873137517364,0.000360929509476914,5.38172319859377e-06,0.00231985413304237,0,0,0,0,0,0,0.000360929509476914,5.38172319859377e-06,0.00231985413304237,1.4002651300423e-07,1.4002651300423e-07,3.04402465419514e-21,3.04402465419514e-21,0,1.64112633530521e-21,0,1.64112633530521e-21,3.97910874760349e-13,0
commonData,5,C,I,Integrated physical,rad/s,study5_pilot_20260922/fits/fit_I.mat,pilot,0,stationary,0.6,derived pilot,After 200 initialization transitions,200,NaN,held,clean,(rad/s)^2,NaN,10,1,29,29,0,1.20370141773443e-05,1.00491198389877e-08,0.000100245298338564,0.00284017736479444,0.000348349602070326,0.0186641260730399,0.00285221437897179,0.000350480587806145,0.0187211267771506,0,0,0,0,0,0,0.00285221437897179,0.000350480587806145,0.0187211267771506,2.12093661597938e-06,2.12093661597938e-06,-1.24513843246382e-19,-1.24513843246382e-19,0,2.20228566286118e-19,0,2.20228566286118e-19,7.0320186067601e-13,0
commonData,5,C,I,Integrated physical,rad/s,study5_pilot_20260922/fits/fit_I.mat,pilot,0,stationary,0.6,derived pilot,After 200 initialization transitions,200,NaN,held,clean,(rad/s)^2,NaN,20,2,29,29,0,1.84360232759472e-05,2.77982966627524e-08,0.000166728211958122,0.0181683336565794,0.0133501624583484,0.115542903106805,0.0181867696798553,0.0133769473648954,0.115658753948395,0,0,0,0,0,0,0.0181867696798553,0.0133769473648954,0.115658753948395,2.67571082502866e-05,2.67571082502866e-05,-2.3445871979999e-18,-2.3445871979999e-18,2.77555756156289e-17,3.72694496791892e-18,2.77555756156289e-17,3.72694496791892e-18,8.99017138477944e-13,0
commonData,5,C,I,Integrated physical,rad/s,study5_pilot_20260922/fits/fit_I.mat,pilot,0,stationary,0.6,derived pilot,After 200 initialization transitions,200,NaN,rateLimited,clean,(rad/s)^2,NaN,1,0.1,29,29,0,2.7209162163529e-06,1.98408520838644e-10,1.40857559555263e-05,-4.78544407166016e-19,2.45722096352854e-34,1.56755253931999e-17,2.72091621635243e-06,1.98408520838661e-10,1.40857559555269e-05,0,0,0,0,0,0,2.72091621635243e-06,1.98408520838661e-10,1.40857559555269e-05,1.64944226534316e-23,1.64944226534316e-23,4.91895973832256e-26,4.91895973832256e-26,0,1.50371371528307e-27,0,1.50371371528307e-27,8.16773724138406e-14,0
commonData,5,C,I,Integrated physical,rad/s,study5_pilot_20260922/fits/fit_I.mat,pilot,0,stationary,0.6,derived pilot,After 200 initialization transitions,200,NaN,rateLimited,clean,(rad/s)^2,NaN,2,0.2,29,29,0,4.84943279274084e-06,7.04944986918745e-10,2.65508001182402e-05,2.01606385008015e-05,6.57562702680114e-09,8.10902400218494e-05,2.50100712935423e-05,9.57015445321908e-09,9.78271662332048e-05,0,0,0,0,0,0,2.50100712935423e-05,9.57015445321908e-09,9.78271662332048e-05,2.28958243949919e-09,2.28958243949919e-09,-8.27180612553028e-25,-8.27180612553028e-25,0,6.61744490042422e-24,0,6.61744490042422e-24,1.30999710621224e-13,0
commonData,5,C,I,Integrated physical,rad/s,study5_pilot_20260922/fits/fit_I.mat,pilot,0,stationary,0.6,derived pilot,After 200 initialization transitions,200,NaN,rateLimited,clean,(rad/s)^2,NaN,5,0.5,29,29,0,1.00252144785041e-05,3.16589888078359e-09,5.62663210169599e-05,0.000802866923596937,4.80471734110322e-06,0.00219196654652922,0.000812892138075441,4.93278969773793e-06,0.00222098845060886,0,0,0,0,0,0,0.000812892138075441,4.93278969773793e-06,0.00222098845060886,1.24906457753932e-07,1.24906457753932e-07,-3.17637355220363e-22,-3.17637355220363e-22,0,2.75285707857648e-21,0,2.75285707857648e-21,2.94076530853088e-13,0
commonData,5,C,I,Integrated physical,rad/s,study5_pilot_20260922/fits/fit_I.mat,pilot,0,stationary,0.6,derived pilot,After 200 initialization transitions,200,NaN,rateLimited,clean,(rad/s)^2,NaN,10,1,29,29,0,1.79712061503135e-05,8.03264605307523e-09,8.9625030282144e-05,0.00507666185500429,0.000220130971912658,0.0148368113795606,0.0050946330611546,0.000221613353758634,0.0148866837730448,0,0,0,0,0,0,0.0050946330611546,0.000221613353758634,0.0148866837730448,1.47434919992345e-06,1.47434919992345e-06,3.5363625547867e-20,3.5363625547867e-20,0,8.470329472543e-20,0,8.470329472543e-20,3.39548158130629e-13,0
commonData,5,C,I,Integrated physical,rad/s,study5_pilot_20260922/fits/fit_I.mat,pilot,0,stationary,0.6,derived pilot,After 200 initialization transitions,200,NaN,rateLimited,clean,(rad/s)^2,NaN,20,2,29,29,0,2.87940459690349e-05,1.67238782786019e-08,0.000129320834665579,0.00924623520530691,0.00358897700557141,0.0599080712890292,0.00927502925127595,0.00359936919244921,0.0599947430401132,0,0,0,0,0,0,0.00927502925127595,0.00359936919244921,0.0599947430401132,1.0375462999519e-05,1.0375462999519e-05,-6.94567016748526e-20,-6.94567016748526e-20,1.38777878078145e-17,4.036959026614e-18,1.38777878078145e-17,4.036959026614e-18,4.38589245740646e-13,0
commonData,5,C,D,Euler-informed direct,rad/s,study5_pilot_20260922/fits/fit_D.mat,pilot,0,stationary,0.6,derived pilot,After 25 initialization transitions,25,NaN,held,clean,(rad/s)^2,NaN,1,0.1,29,29,0,0.000463931421405567,1.00543678409072e-05,0.00317086231818841,-9.57088814332031e-19,2.65645509570653e-35,5.15408100024295e-18,0.000463931421405566,1.00543678409072e-05,0.00317086231818841,0,0,0,0,0,0,0.000463931421405566,1.00543678409072e-05,0.00317086231818841,-4.14032317854855e-22,-4.14032317854855e-22,4.14032317854828e-22,4.14032317854828e-22,0,3.72527647994652e-24,0,3.72527647994652e-24,8.16773724138406e-14,0
commonData,5,C,D,Euler-informed direct,rad/s,study5_pilot_20260922/fits/fit_D.mat,pilot,0,stationary,0.6,derived pilot,After 25 initialization transitions,25,NaN,held,clean,(rad/s)^2,NaN,2,0.2,29,29,0,0.000822318864842082,3.76570732689574e-05,0.00613653593397426,6.12162356439933e-06,5.13000151888244e-09,7.16240289210433e-05,0.000828440488406481,3.81809224139473e-05,0.00617907132293739,0,0,0,0,0,0,0.000828440488406481,3.81809224139473e-05,0.00617907132293739,5.18719143471013e-07,5.18719143471013e-07,1.11173074327127e-20,1.11173074327127e-20,0,2.87991202066462e-20,0,2.87991202066462e-20,1.62671513601557e-13,0
commonData,5,C,D,Euler-informed direct,rad/s,study5_pilot_20260922/fits/fit_D.mat,pilot,0,stationary,0.6,derived pilot,After 25 initialization transitions,25,NaN,held,clean,(rad/s)^2,NaN,5,0.5,29,29,0,0.00152592401383086,0.00020036695789617,0.0141551035989204,0.000180946420038851,3.92482634094279e-06,0.00198111744753884,0.00170687043386971,0.000238888694642158,0.0154560245419758,0,0,0,0,0,0,0.00170687043386971,0.000238888694642158,0.0154560245419758,3.45969104050445e-05,3.45969104050445e-05,4.74338450462408e-20,4.74338450462408e-20,0,1.35525271560688e-19,0,1.35525271560688e-19,3.97910874760349e-13,0
commonData,5,C,D,Euler-informed direct,rad/s,study5_pilot_20260922/fits/fit_D.mat,pilot,0,stationary,0.6,derived pilot,After 25 initialization transitions,25,NaN,held,clean,(rad/s)^2,NaN,10,1,29,29,0,0.0023403183280404,0.000653602183002191,0.0255656445841326,0.0017314671028114,0.000273910979879432,0.0165502561877281,0.00407178543085179,0.00150137423415715,0.0387475706871689,0,0,0,0,0,0,0.00407178543085179,0.00150137423415715,0.0387475706871689,0.000573861071275532,0.000573861071275532,2.16840434497101e-19,2.16840434497101e-19,0,8.67361737988404e-19,0,8.67361737988404e-19,7.0320186067601e-13,0
commonData,5,C,D,Euler-informed direct,rad/s,study5_pilot_20260922/fits/fit_D.mat,pilot,0,stationary,0.6,derived pilot,After 25 initialization transitions,25,NaN,held,clean,(rad/s)^2,NaN,20,2,29,29,0,0.00433906172636292,0.00191715692923924,0.0437853506236874,0.0136489581989369,0.0116672267783484,0.108014937755611,0.0179880199252998,0.0208789695092256,0.144495569168143,0,0,0,0,0,0,0.0179880199252998,0.0208789695092256,0.144495569168143,0.00729458580163795,0.00729458580163795,5.20417042793042e-18,5.20417042793042e-18,6.93889390390723e-18,6.93889390390723e-18,6.93889390390723e-18,6.93889390390723e-18,8.99017138477944e-13,0
commonData,5,C,D,Euler-informed direct,rad/s,study5_pilot_20260922/fits/fit_D.mat,pilot,0,stationary,0.6,derived pilot,After 25 initialization transitions,25,NaN,rateLimited,clean,(rad/s)^2,NaN,1,0.1,29,29,0,0.000463931421405567,1.00543678409072e-05,0.00317086231818841,-9.57088814332031e-19,2.65645509570653e-35,5.15408100024295e-18,0.000463931421405566,1.00543678409072e-05,0.00317086231818841,0,0,0,0,0,0,0.000463931421405566,1.00543678409072e-05,0.00317086231818841,-4.14032317854855e-22,-4.14032317854855e-22,4.14032317854828e-22,4.14032317854828e-22,0,3.72527647994652e-24,0,3.72527647994652e-24,8.16773724138406e-14,0
commonData,5,C,D,Euler-informed direct,rad/s,study5_pilot_20260922/fits/fit_D.mat,pilot,0,stationary,0.6,derived pilot,After 25 initialization transitions,25,NaN,rateLimited,clean,(rad/s)^2,NaN,2,0.2,29,29,0,0.000868216578266155,3.64514718369957e-05,0.00603750543163281,6.12162356440507e-06,5.13000151888263e-09,7.16240289210446e-05,0.00087433820183056,3.69646891881651e-05,0.00607985930660941,0,0,0,0,0,0,0.00087433820183056,3.69646891881651e-05,0.00607985930660941,5.08087349650482e-07,5.08087349650482e-07,-5.29395592033938e-22,-5.29395592033938e-22,0,2.03287907341032e-20,0,2.03287907341032e-20,1.30999710621224e-13,0
commonData,5,C,D,Euler-informed direct,rad/s,study5_pilot_20260922/fits/fit_D.mat,pilot,0,stationary,0.6,derived pilot,After 25 initialization transitions,25,NaN,rateLimited,clean,(rad/s)^2,NaN,5,0.5,29,29,0,0.00221498227090717,0.000170868928858708,0.013071684239558,0.000513541521478367,3.20363529276334e-06,0.00178987018880235,0.00272852379238554,0.000200030141103731,0.0141432012325262,0,0,0,0,0,0,0.00272852379238554,0.000200030141103731,0.0141432012325262,2.59575769522589e-05,2.59575769522589e-05,-3.72694496791892e-20,-3.72694496791892e-20,0,6.09863722023096e-20,0,6.09863722023096e-20,2.94076530853088e-13,0
commonData,5,C,D,Euler-informed direct,rad/s,study5_pilot_20260922/fits/fit_D.mat,pilot,0,stationary,0.6,derived pilot,After 25 initialization transitions,25,NaN,rateLimited,clean,(rad/s)^2,NaN,10,1,29,29,0,0.00423052834323635,0.000455176426725765,0.021334864113131,0.00437481589593237,0.000164222506998052,0.0128149329689254,0.00860534423916872,0.000935939898287366,0.030593134822822,0,0,0,0,0,0,0.00860534423916872,0.000935939898287366,0.030593134822822,0.000316540964563548,0.000316540964563548,1.0842021724855e-19,1.0842021724855e-19,0,4.33680868994202e-19,0,4.33680868994202e-19,3.39548158130629e-13,0
commonData,5,C,D,Euler-informed direct,rad/s,study5_pilot_20260922/fits/fit_D.mat,pilot,0,stationary,0.6,derived pilot,After 25 initialization transitions,25,NaN,rateLimited,clean,(rad/s)^2,NaN,20,2,29,29,0,0.00704302752787095,0.000999715753891861,0.031618281956676,0.011550773038527,0.00299893170104494,0.0547625026915766,0.018593800566398,0.00643163642253687,0.080197483891559,0,0,0,0,0,0,0.018593800566398,0.00643163642253687,0.080197483891559,0.00243298896760007,0.00243298896760007,-4.33680868994202e-19,-4.33680868994202e-19,0,1.73472347597681e-18,0,1.73472347597681e-18,4.38589245740646e-13,0
commonData,5,C,D,Euler-informed direct,rad/s,study5_pilot_20260922/fits/fit_D.mat,pilot,0,stationary,0.6,derived pilot,After 50 initialization transitions,50,NaN,held,clean,(rad/s)^2,NaN,1,0.1,29,29,0,0.000245300519535319,4.91158376955538e-06,0.00221620932439952,4.78544407166016e-18,4.5159736627011e-34,2.12508203669908e-17,0.000245300519535324,4.91158376955541e-06,0.00221620932439953,0,0,0,0,0,0,0.000245300519535324,4.91158376955541e-06,0.00221620932439953,2.53213008369593e-20,2.53213008369593e-20,-7.5734536658506e-22,-7.5734536658506e-22,0,3.94834682798645e-22,0,3.94834682798645e-22,8.16773724138406e-14,0
commonData,5,C,D,Euler-informed direct,rad/s,study5_pilot_20260922/fits/fit_D.mat,pilot,0,stationary,0.6,derived pilot,After 50 initialization transitions,50,NaN,held,clean,(rad/s)^2,NaN,2,0.2,29,29,0,0.000433804277545183,1.85660964747917e-05,0.00430883934195645,8.62859777889773e-06,6.16237550233327e-09,7.85007993738489e-05,0.000442432875324081,1.89778411692767e-05,0.00435635640980817,0,0,0,0,0,0,0.000442432875324081,1.89778411692767e-05,0.00435635640980817,4.05582318982649e-07,4.05582318982649e-07,-3.49401090742399e-21,-3.49401090742399e-21,0,1.46113183401367e-20,0,1.46113183401367e-20,1.62671513601557e-13,0
commonData,5,C,D,Euler-informed direct,rad/s,study5_pilot_20260922/fits/fit_D.mat,pilot,0,stationary,0.6,derived pilot,After 50 initialization transitions,50,NaN,held,clean,(rad/s)^2,NaN,5,0.5,29,29,0,0.000818145700125336,0.000100155363464466,0.0100077651583391,0.000239726221065007,4.58986490322548e-06,0.00214239699944373,0.00105787192119034,0.000131610107032187,0.0114721448313812,0,0,0,0,0,0,0.00105787192119034,0.000131610107032187,0.0114721448313812,2.68648786644957e-05,2.68648786644957e-05,-3.04931861011548e-20,-3.04931861011548e-20,0,8.13151629364128e-20,0,8.13151629364128e-20,3.97910874760349e-13,0
commonData,5,C,D,Euler-informed direct,rad/s,study5_pilot_20260922/fits/fit_D.mat,pilot,0,stationary,0.6,derived pilot,After 50 initialization transitions,50,NaN,held,clean,(rad/s)^2,NaN,10,1,29,29,0,0.00136030267892701,0.000326073877861807,0.0180575158275386,0.0021241396522541,0.000311968824371838,0.0176626392244149,0.00348444233118111,0.0010761137031193,0.0328041720383139,0,0,0,0,0,0,0.00348444233118111,0.0010761137031193,0.0328041720383139,0.000438071000885652,0.000438071000885652,1.62630325872826e-19,1.62630325872826e-19,0,4.33680868994202e-19,0,4.33680868994202e-19,7.0320186067601e-13,0
commonData,5,C,D,Euler-informed direct,rad/s,study5_pilot_20260922/fits/fit_D.mat,pilot,0,stationary,0.6,derived pilot,After 50 initialization transitions,50,NaN,held,clean,(rad/s)^2,NaN,20,2,29,29,0,0.00276198223701003,0.000920764965778493,0.0303441092434511,0.0154229433990055,0.0127870472539582,0.113079826909835,0.0181849256360155,0.0189713002332137,0.137736343182232,0,0,0,0,0,0,0.0181849256360155,0.0189713002332137,0.137736343182232,0.00526348801347695,0.00526348801347695,0,0,0,2.77555756156289e-17,0,2.77555756156289e-17,8.99017138477944e-13,0
commonData,5,C,D,Euler-informed direct,rad/s,study5_pilot_20260922/fits/fit_D.mat,pilot,0,stationary,0.6,derived pilot,After 50 initialization transitions,50,NaN,rateLimited,clean,(rad/s)^2,NaN,1,0.1,29,29,0,0.000245300519535319,4.91158376955538e-06,0.00221620932439952,4.78544407166016e-18,4.5159736627011e-34,2.12508203669908e-17,0.000245300519535324,4.91158376955541e-06,0.00221620932439953,0,0,0,0,0,0,0.000245300519535324,4.91158376955541e-06,0.00221620932439953,2.53213008369593e-20,2.53213008369593e-20,-7.5734536658506e-22,-7.5734536658506e-22,0,3.94834682798645e-22,0,3.94834682798645e-22,8.16773724138406e-14,0
commonData,5,C,D,Euler-informed direct,rad/s,study5_pilot_20260922/fits/fit_D.mat,pilot,0,stationary,0.6,derived pilot,After 50 initialization transitions,50,NaN,rateLimited,clean,(rad/s)^2,NaN,2,0.2,29,29,0,0.000482771741582526,1.76548781978222e-05,0.00420177084070778,8.62859777890108e-06,6.16237550233156e-09,7.8500799373838e-05,0.000491400339361427,1.8054574101061e-05,0.00424906743898717,0,0,0,0,0,0,0.000491400339361427,1.8054574101061e-05,0.00424906743898717,3.93533527736535e-07,3.93533527736535e-07,-5.77041195316992e-21,-5.77041195316992e-21,0,1.65171424714589e-20,0,1.65171424714589e-20,1.30999710621224e-13,0
commonData,5,C,D,Euler-informed direct,rad/s,study5_pilot_20260922/fits/fit_D.mat,pilot,0,stationary,0.6,derived pilot,After 50 initialization transitions,50,NaN,rateLimited,clean,(rad/s)^2,NaN,5,0.5,29,29,0,0.00146064876044223,8.11099152732327e-05,0.00900610433390779,0.000594149733891187,3.89005636482376e-06,0.00197232258132988,0.00205479849433341,0.000104505613328793,0.0102227987033294,0,0,0,0,0,0,0.00205479849433341,0.000104505613328793,0.0102227987033294,1.95056416907365e-05,1.95056416907365e-05,-6.7762635780344e-21,-6.7762635780344e-21,0,4.15310841950624e-20,0,4.15310841950624e-20,2.94076530853088e-13,0
commonData,5,C,D,Euler-informed direct,rad/s,study5_pilot_20260922/fits/fit_D.mat,pilot,0,stationary,0.6,derived pilot,After 50 initialization transitions,50,NaN,rateLimited,clean,(rad/s)^2,NaN,10,1,29,29,0,0.00282156657713613,0.000211130338258453,0.0145303247815888,0.00480845887534598,0.000194862629508389,0.0139593205245954,0.00763002545248211,0.000640118033765594,0.025300554020922,0,0,0,0,0,0,0.00763002545248211,0.000640118033765594,0.025300554020922,0.000234125065998752,0.000234125065998752,-1.89735380184963e-19,-1.89735380184963e-19,0,2.16840434497101e-19,0,2.16840434497101e-19,3.39548158130629e-13,0
commonData,5,C,D,Euler-informed direct,rad/s,study5_pilot_20260922/fits/fit_D.mat,pilot,0,stationary,0.6,derived pilot,After 50 initialization transitions,50,NaN,rateLimited,clean,(rad/s)^2,NaN,20,2,29,29,0,0.00458308679515272,0.000437947623562391,0.0209271981775486,0.0117088990804487,0.0033796849015851,0.0581350574230825,0.0162919858756014,0.00546923622378022,0.0739542846884494,0,0,0,0,0,0,0.0162919858756014,0.00546923622378022,0.0739542846884494,0.00165160369863273,0.00165160369863273,-1.0842021724855e-18,-1.0842021724855e-18,0,1.73472347597681e-18,0,1.73472347597681e-18,4.38589245740646e-13,0
commonData,5,C,D,Euler-informed direct,rad/s,study5_pilot_20260922/fits/fit_D.mat,pilot,0,stationary,0.6,derived pilot,After 100 initialization transitions,100,NaN,held,clean,(rad/s)^2,NaN,1,0.1,29,29,0,-0.000196649084697095,3.33770636878828e-07,0.000577728861040218,9.57088814332031e-19,1.32822754785327e-34,1.15248754780833e-17,-0.000196649084697094,3.33770636878828e-07,0.000577728861040218,0,0,0,0,0,0,-0.000196649084697094,3.33770636878828e-07,0.000577728861040218,-2.81845976082556e-23,-2.81845976082556e-23,2.81845976081228e-23,2.81845976081228e-23,0,2.88996606488988e-25,0,2.88996606488988e-25,8.16773724138406e-14,0
commonData,5,C,D,Euler-informed direct,rad/s,study5_pilot_20260922/fits/fit_D.mat,pilot,0,stationary,0.6,derived pilot,After 100 initialization transitions,100,NaN,held,clean,(rad/s)^2,NaN,2,0.2,29,29,0,-0.000341137928691254,1.1163466892416e-06,0.00105657308750583,1.53991537092864e-05,8.60692107674945e-09,9.27734933952013e-05,-0.000325738774981968,1.13322199895943e-06,0.00106452900334346,0,0,0,0,0,0,-0.000325738774981968,1.13322199895943e-06,0.00106452900334346,8.26838864107941e-09,8.26838864107941e-09,1.15805285757424e-22,1.15805285757424e-22,0,6.35274710440725e-22,0,6.35274710440725e-22,1.62671513601557e-13,0
commonData,5,C,D,Euler-informed direct,rad/s,study5_pilot_20260922/fits/fit_D.mat,pilot,0,stationary,0.6,derived pilot,After 100 initialization transitions,100,NaN,held,clean,(rad/s)^2,NaN,5,0.5,29,29,0,-0.000556079293419163,4.52720361040372e-06,0.00212772263474442,0.000385238667603047,5.96111255324631e-06,0.00244153897229725,-0.000170840625816116,1.37592336350474e-05,0.00370934409768728,0,0,0,0,0,0,-0.000170840625816116,1.37592336350474e-05,0.00370934409768728,3.2709174713974e-06,3.2709174713974e-06,4.2351647362715e-22,4.2351647362715e-22,0,3.3881317890172e-21,0,3.3881317890172e-21,3.97910874760349e-13,0
commonData,5,C,D,Euler-informed direct,rad/s,study5_pilot_20260922/fits/fit_D.mat,pilot,0,stationary,0.6,derived pilot,After 100 initialization transitions,100,NaN,held,clean,(rad/s)^2,NaN,10,1,29,29,0,-0.000495213131943893,1.04911177055117e-05,0.0032389994914343,0.00298372331848192,0.000380448023038046,0.0195050768529131,0.00248851018653803,0.000470975899866852,0.0217019791693489,0,0,0,0,0,0,0.00248851018653803,0.000470975899866852,0.0217019791693489,8.00367591232947e-05,8.00367591232947e-05,9.48676900924816e-20,9.48676900924816e-20,0,2.16840434497101e-19,0,2.16840434497101e-19,7.0320186067601e-13,0
commonData,5,C,D,Euler-informed direct,rad/s,study5_pilot_20260922/fits/fit_D.mat,pilot,0,stationary,0.6,derived pilot,After 100 initialization transitions,100,NaN,held,clean,(rad/s)^2,NaN,20,2,29,29,0,-5.26525018175138e-06,1.38989820215267e-05,0.00372813385241554,0.0187171449707598,0.0144461877699804,0.120192294969272,0.018711879720578,0.0151957963802053,0.123271230951124,0,0,0,0,0,0,0.018711879720578,0.0151957963802053,0.123271230951124,0.000735709628203316,0.000735709628203316,-5.42101086242752e-19,-5.42101086242752e-19,0,7.80625564189563e-18,0,7.80625564189563e-18,8.99017138477944e-13,0
commonData,5,C,D,Euler-informed direct,rad/s,study5_pilot_20260922/fits/fit_D.mat,pilot,0,stationary,0.6,derived pilot,After 100 initialization transitions,100,NaN,rateLimited,clean,(rad/s)^2,NaN,1,0.1,29,29,0,-0.000196649084697095,3.33770636878828e-07,0.000577728861040218,9.57088814332031e-19,1.32822754785327e-34,1.15248754780833e-17,-0.000196649084697094,3.33770636878828e-07,0.000577728861040218,0,0,0,0,0,0,-0.000196649084697094,3.33770636878828e-07,0.000577728861040218,-2.81845976082556e-23,-2.81845976082556e-23,2.81845976081228e-23,2.81845976081228e-23,0,2.88996606488988e-25,0,2.88996606488988e-25,8.16773724138406e-14,0
commonData,5,C,D,Euler-informed direct,rad/s,study5_pilot_20260922/fits/fit_D.mat,pilot,0,stationary,0.6,derived pilot,After 100 initialization transitions,100,NaN,rateLimited,clean,(rad/s)^2,NaN,2,0.2,29,29,0,-0.000298379648121919,1.04930549865006e-06,0.00102435613858172,1.53991537092927e-05,8.60692107674791e-09,9.27734933951929e-05,-0.000282980494412627,1.05502401414771e-06,0.00102714361904639,0,0,0,0,0,0,-0.000282980494412627,1.05502401414771e-06,0.00102714361904639,-2.88840557909728e-09,-2.88840557909728e-09,9.51257704435982e-24,9.51257704435982e-24,0,4.2351647362715e-22,0,4.2351647362715e-22,1.30999710621224e-13,0
commonData,5,C,D,Euler-informed direct,rad/s,study5_pilot_20260922/fits/fit_D.mat,pilot,0,stationary,0.6,derived pilot,After 100 initialization transitions,100,NaN,rateLimited,clean,(rad/s)^2,NaN,5,0.5,29,29,0,-0.000115575814717124,3.96429607001023e-06,0.00199105400981747,0.000769130382297628,5.48760674427171e-06,0.00234256413877437,0.000653554567580504,9.06201360522417e-06,0.00301031785783896,0,0,0,0,0,0,0.000653554567580504,9.06201360522417e-06,0.00301031785783896,-3.89889209057768e-07,-3.89889209057768e-07,-1.32348898008484e-21,-1.32348898008484e-21,0,3.3881317890172e-21,0,3.3881317890172e-21,2.94076530853088e-13,0
commonData,5,C,D,Euler-informed direct,rad/s,study5_pilot_20260922/fits/fit_D.mat,pilot,0,stationary,0.6,derived pilot,After 100 initialization transitions,100,NaN,rateLimited,clean,(rad/s)^2,NaN,10,1,29,29,0,-3.51915902178447e-05,7.55478227917184e-06,0.00274859641984265,0.00561457313763453,0.000259492551434878,0.0161087724993209,0.00557938154741669,0.000271038837906648,0.0164632572083002,0,0,0,0,0,0,0.00557938154741669,0.000271038837906648,0.0164632572083002,3.99150419259854e-06,3.99150419259854e-06,-5.16690097825123e-20,-5.16690097825123e-20,0,1.62630325872826e-19,0,1.62630325872826e-19,3.39548158130629e-13,0
commonData,5,C,D,Euler-informed direct,rad/s,study5_pilot_20260922/fits/fit_D.mat,pilot,0,stationary,0.6,derived pilot,After 100 initialization transitions,100,NaN,rateLimited,clean,(rad/s)^2,NaN,20,2,29,29,0,-0.000206227688694248,8.49433877367771e-06,0.00291450489340432,0.0116814242028473,0.00409978663115962,0.0640295762219274,0.011475196514153,0.00410146104742139,0.0640426502217185,0,0,0,0,0,0,0.011475196514153,0.00410146104742139,0.0640426502217185,-6.81992251190763e-06,-6.81992251190763e-06,5.61582844029601e-19,5.61582844029601e-19,0,1.23327997120226e-18,0,1.23327997120226e-18,4.38589245740646e-13,0
commonData,5,C,D,Euler-informed direct,rad/s,study5_pilot_20260922/fits/fit_D.mat,pilot,0,stationary,0.6,derived pilot,After 200 initialization transitions,200,NaN,held,clean,(rad/s)^2,NaN,1,0.1,29,29,0,-0.000178965003600077,2.94477505944853e-07,0.00054265781662559,1.91417762866406e-18,1.06258203828261e-34,1.03081620004859e-17,-0.000178965003600075,2.94477505944853e-07,0.000542657816625591,0,0,0,0,0,0,-0.000178965003600075,2.94477505944853e-07,0.000542657816625591,1.56333725578683e-22,1.56333725578683e-22,-5.04546071720017e-23,-5.04546071720017e-23,0,9.88956182572541e-26,0,9.88956182572541e-26,8.16773724138406e-14,0
commonData,5,C,D,Euler-informed direct,rad/s,study5_pilot_20260922/fits/fit_D.mat,pilot,0,stationary,0.6,derived pilot,After 200 initialization transitions,200,NaN,held,clean,(rad/s)^2,NaN,2,0.2,29,29,0,-0.000309967061595263,9.98141247843211e-07,0.000999070191649822,1.51916458433356e-05,8.3693556370555e-09,9.14841824418598e-05,-0.000294775415751927,1.00832451419502e-06,0.00100415363077321,0,0,0,0,0,0,-0.000294775415751927,1.00832451419502e-06,0.00100415363077321,1.81391071475119e-09,1.81391071475119e-09,-2.72969602142499e-23,-2.72969602142499e-23,0,3.17637355220363e-22,0,3.17637355220363e-22,1.62671513601557e-13,0
commonData,5,C,D,Euler-informed direct,rad/s,study5_pilot_20260922/fits/fit_D.mat,pilot,0,stationary,0.6,derived pilot,After 200 initialization transitions,200,NaN,held,clean,(rad/s)^2,NaN,5,0.5,29,29,0,-0.00050018856253699,4.17084782168096e-06,0.00204226536514748,0.000380265481671741,5.80226801134782e-06,0.00240878973996234,-0.000119923080865249,1.25352763998577e-05,0.00354051922743793,0,0,0,0,0,0,-0.000119923080865249,1.25352763998577e-05,0.00354051922743793,2.5621605668289e-06,2.5621605668289e-06,-4.2351647362715e-21,-4.2351647362715e-21,0,3.3881317890172e-21,0,3.3881317890172e-21,3.97910874760349e-13,0
commonData,5,C,D,Euler-informed direct,rad/s,study5_pilot_20260922/fits/fit_D.mat,pilot,0,stationary,0.6,derived pilot,After 200 initialization transitions,200,NaN,held,clean,(rad/s)^2,NaN,10,1,29,29,0,-0.000413329569020844,9.78362494917371e-06,0.00312787866599293,0.00294646042439572,0.000370781185887391,0.0192556793151369,0.00253313085537487,0.000449059400184823,0.0211910216880834,0,0,0,0,0,0,0.00253313085537487,0.000449059400184823,0.0211910216880834,6.84945893482577e-05,6.84945893482577e-05,1.35525271560688e-19,1.35525271560688e-19,0,3.25260651745651e-19,0,3.25260651745651e-19,7.0320186067601e-13,0
commonData,5,C,D,Euler-informed direct,rad/s,study5_pilot_20260922/fits/fit_D.mat,pilot,0,stationary,0.6,derived pilot,After 200 initialization transitions,200,NaN,held,clean,(rad/s)^2,NaN,20,2,29,29,0,0.000181986246956751,1.26308050100693e-05,0.00355398438517522,0.0185118243592086,0.0141346891831417,0.11888939895189,0.0186938106061653,0.0148343702633225,0.12179642960006,0,0,0,0,0,0,0.0186938106061653,0.0148343702633225,0.12179642960006,0.000687050275170705,0.000687050275170705,9.75781955236954e-19,9.75781955236954e-19,2.77555756156289e-17,7.80625564189563e-18,2.77555756156289e-17,7.80625564189563e-18,8.99017138477944e-13,0
commonData,5,C,D,Euler-informed direct,rad/s,study5_pilot_20260922/fits/fit_D.mat,pilot,0,stationary,0.6,derived pilot,After 200 initialization transitions,200,NaN,rateLimited,clean,(rad/s)^2,NaN,1,0.1,29,29,0,-0.000178965003600077,2.94477505944853e-07,0.00054265781662559,1.91417762866406e-18,1.06258203828261e-34,1.03081620004859e-17,-0.000178965003600075,2.94477505944853e-07,0.000542657816625591,0,0,0,0,0,0,-0.000178965003600075,2.94477505944853e-07,0.000542657816625591,1.56333725578683e-22,1.56333725578683e-22,-5.04546071720017e-23,-5.04546071720017e-23,0,9.88956182572541e-26,0,9.88956182572541e-26,8.16773724138406e-14,0
commonData,5,C,D,Euler-informed direct,rad/s,study5_pilot_20260922/fits/fit_D.mat,pilot,0,stationary,0.6,derived pilot,After 200 initialization transitions,200,NaN,rateLimited,clean,(rad/s)^2,NaN,2,0.2,29,29,0,-0.000272059750229105,9.24808991092773e-07,0.000961669897154306,1.51916458433389e-05,8.36935563705567e-09,9.14841824418608e-05,-0.000256868104385766,9.25423057095302e-07,0.000961989114852815,0,0,0,0,0,0,-0.000256868104385766,9.25423057095302e-07,0.000961989114852815,-7.75528963452645e-09,-7.75528963452645e-09,4.79764755280756e-23,4.79764755280756e-23,0,4.2351647362715e-22,0,4.2351647362715e-22,1.30999710621224e-13,0
commonData,5,C,D,Euler-informed direct,rad/s,study5_pilot_20260922/fits/fit_D.mat,pilot,0,stationary,0.6,derived pilot,After 200 initialization transitions,200,NaN,rateLimited,clean,(rad/s)^2,NaN,5,0.5,29,29,0,-9.81557321086272e-05,3.38707476949667e-06,0.0018404007089481,0.000759155977924255,5.34438626072299e-06,0.00231179286717538,0.000661000245815627,8.30196388912694e-06,0.00288131287595203,0,0,0,0,0,0,0.000661000245815627,8.30196388912694e-06,0.00288131287595203,-4.29497141092718e-07,-4.29497141092718e-07,-4.2351647362715e-22,-4.2351647362715e-22,0,3.3881317890172e-21,0,3.3881317890172e-21,2.94076530853088e-13,0
commonData,5,C,D,Euler-informed direct,rad/s,study5_pilot_20260922/fits/fit_D.mat,pilot,0,stationary,0.6,derived pilot,After 200 initialization transitions,200,NaN,rateLimited,clean,(rad/s)^2,NaN,10,1,29,29,0,-4.86337584997788e-06,6.3557904544154e-06,0.00252106930773737,0.00554976980618565,0.000253295301800045,0.015915253746015,0.00554490643033567,0.000263320348933042,0.0162271485151595,0,0,0,0,0,0,0.00554490643033567,0.000263320348933042,0.0162271485151595,3.66925667858121e-06,3.66925667858121e-06,-6.05628557286825e-20,-6.05628557286825e-20,0,2.16840434497101e-19,0,2.16840434497101e-19,3.39548158130629e-13,0
commonData,5,C,D,Euler-informed direct,rad/s,study5_pilot_20260922/fits/fit_D.mat,pilot,0,stationary,0.6,derived pilot,After 200 initialization transitions,200,NaN,rateLimited,clean,(rad/s)^2,NaN,20,2,29,29,0,-0.000190847930308026,8.27178957152702e-06,0.00287607189957536,0.0115913489316152,0.00401871360489789,0.0633933246083363,0.0114005010013072,0.00408278131847914,0.0638966455964563,0,0,0,0,0,0,0.0114005010013072,0.00408278131847914,0.0638966455964563,5.57959240097214e-05,5.57959240097214e-05,-2.10064170919066e-19,-2.10064170919066e-19,0,1.95156391047391e-18,0,1.95156391047391e-18,4.38589245740646e-13,0
commonData,5,C,A,Affine,rad/s,study5_pilot_20260922/fits/fit_A.mat,pilot,0,stationary,0.6,derived pilot,After 25 initialization transitions,25,NaN,held,clean,(rad/s)^2,NaN,1,0.1,29,29,0,0.00234324123690217,0.000137960238098081,0.0117456476236128,0,0,0,0.00234324123690217,0.000137960238098081,0.0117456476236128,0,0,0,0,0,0,0.00234324123690217,0.000137960238098081,0.0117456476236128,0,0,0,0,0,0,0,0,8.16773724138406e-14,0
commonData,5,C,A,Affine,rad/s,study5_pilot_20260922/fits/fit_A.mat,pilot,0,stationary,0.6,derived pilot,After 25 initialization transitions,25,NaN,held,clean,(rad/s)^2,NaN,2,0.2,29,29,0,0.00427520307635667,0.000543673309720157,0.0233168031625297,0,0,0,0.00427520307635667,0.000543673309720157,0.0233168031625297,0,0,0,0,0,0,0.00427520307635667,0.000543673309720157,0.0233168031625297,0,0,0,0,0,0,0,0,1.62671513601557e-13,0
commonData,5,C,A,Affine,rad/s,study5_pilot_20260922/fits/fit_A.mat,pilot,0,stationary,0.6,derived pilot,After 25 initialization transitions,25,NaN,held,clean,(rad/s)^2,NaN,5,0.5,29,29,0,0.00823284989272042,0.00343629101299288,0.0586198858152494,3.82835525732813e-18,1.85951856699457e-33,4.31221354642204e-17,0.00823284989272043,0.00343629101299288,0.0586198858152494,0,0,0,0,0,0,0.00823284989272043,0.00343629101299288,0.0586198858152494,-1.88118910074656e-19,-1.88118910074656e-19,6.21799779068856e-19,6.21799779068856e-19,0,2.85112602052537e-20,0,2.85112602052537e-20,3.97910874760349e-13,0
commonData,5,C,A,Affine,rad/s,study5_pilot_20260922/fits/fit_A.mat,pilot,0,stationary,0.6,derived pilot,After 25 initialization transitions,25,NaN,held,clean,(rad/s)^2,NaN,10,1,29,29,0,0.0115206927173091,0.0156517860180749,0.125107098192208,3.46944695195361e-17,2.75424584891723e-32,1.65959207304603e-16,0.0115206927173092,0.0156517860180749,0.125107098192208,0,0,0,0,0,0,0.0115206927173092,0.0156517860180749,0.125107098192208,-3.35888931234345e-18,-3.35888931234345e-18,-1.10557639610192e-19,-1.10557639610192e-19,0,2.7191777680539e-19,0,2.7191777680539e-19,7.0320186067601e-13,0
commonData,5,C,A,Affine,rad/s,study5_pilot_20260922/fits/fit_A.mat,pilot,0,stationary,0.6,derived pilot,After 25 initialization transitions,25,NaN,held,clean,(rad/s)^2,NaN,20,2,29,29,0,0.0175891821556405,0.0908874830010449,0.301475509786525,1.25857179084662e-16,2.27664842839789e-31,4.77142371666769e-16,0.0175891821556407,0.0908874830010449,0.301475509786525,0,0,0,0,0,0,0.0175891821556407,0.0908874830010449,0.301475509786525,-4.74625782474015e-17,-4.74625782474015e-17,1.97070026317724e-17,1.97070026317724e-17,0,7.72387529376642e-18,0,7.72387529376642e-18,8.99017138477944e-13,0
commonData,5,C,A,Affine,rad/s,study5_pilot_20260922/fits/fit_A.mat,pilot,0,stationary,0.6,derived pilot,After 25 initialization transitions,25,NaN,rateLimited,clean,(rad/s)^2,NaN,1,0.1,29,29,0,0.00234324123690217,0.000137960238098081,0.0117456476236128,0,0,0,0.00234324123690217,0.000137960238098081,0.0117456476236128,0,0,0,0,0,0,0.00234324123690217,0.000137960238098081,0.0117456476236128,0,0,0,0,0,0,0,0,8.16773724138406e-14,0
commonData,5,C,A,Affine,rad/s,study5_pilot_20260922/fits/fit_A.mat,pilot,0,stationary,0.6,derived pilot,After 25 initialization transitions,25,NaN,rateLimited,clean,(rad/s)^2,NaN,2,0.2,29,29,0,0.0043319155906956,0.00053825015226603,0.0232002187978051,0,0,0,0.0043319155906956,0.00053825015226603,0.0232002187978051,0,0,0,0,0,0,0.0043319155906956,0.00053825015226603,0.0232002187978051,0,0,0,0,0,0,0,0,1.30999710621224e-13,0
commonData,5,C,A,Affine,rad/s,study5_pilot_20260922/fits/fit_A.mat,pilot,0,stationary,0.6,derived pilot,After 25 initialization transitions,25,NaN,rateLimited,clean,(rad/s)^2,NaN,5,0.5,29,29,0,0.00989241011001016,0.00310405953043355,0.0557140873606806,0,1.43448575168153e-33,3.78746056307063e-17,0.00989241011001016,0.00310405953043355,0.0557140873606806,0,0,0,0,0,0,0.00989241011001016,0.00310405953043355,0.0557140873606806,-8.43999083236414e-20,-8.43999083236414e-20,5.18080777317842e-19,5.18080777317842e-19,0,2.85112602052537e-20,0,2.85112602052537e-20,2.94076530853088e-13,0
commonData,5,C,A,Affine,rad/s,study5_pilot_20260922/fits/fit_A.mat,pilot,0,stationary,0.6,derived pilot,After 25 initialization transitions,25,NaN,rateLimited,clean,(rad/s)^2,NaN,10,1,29,29,0,0.0211185512006095,0.0109817612885637,0.104793899099917,1.19636101791504e-17,1.81502294414149e-32,1.34722787387342e-16,0.0211185512006095,0.0109817612885637,0.104793899099917,0,0,0,0,0,0,0.0211185512006095,0.0109817612885637,0.104793899099917,-2.32156415290634e-18,-2.32156415290634e-18,-1.14788279904729e-18,-1.14788279904729e-18,0,6.71496102523596e-19,0,6.71496102523596e-19,3.39548158130629e-13,0
commonData,5,C,A,Affine,rad/s,study5_pilot_20260922/fits/fit_A.mat,pilot,0,stationary,0.6,derived pilot,After 25 initialization transitions,25,NaN,rateLimited,clean,(rad/s)^2,NaN,20,2,29,29,0,0.0516138626730733,0.0412604000974843,0.203126561772419,1.43563322149805e-17,1.22050829372237e-31,3.49357738388942e-16,0.0516138626730734,0.0412604000974843,0.203126561772419,0,0,0,0,0,0,0.0516138626730734,0.0412604000974843,0.203126561772419,-2.56848979187866e-17,-2.56848979187866e-17,-9.00957160074972e-18,-9.00957160074972e-18,0,1.0217011896274e-17,0,1.0217011896274e-17,4.38589245740646e-13,0
commonData,5,C,A,Affine,rad/s,study5_pilot_20260922/fits/fit_A.mat,pilot,0,stationary,0.6,derived pilot,After 50 initialization transitions,50,NaN,held,clean,(rad/s)^2,NaN,1,0.1,29,29,0,0.00218205160863228,0.00014349003260825,0.0119787325125929,-1.91417762866406e-18,2.78927785049186e-34,1.67011312505826e-17,0.00218205160863227,0.000143490032608251,0.0119787325125929,0,0,0,0,0,0,0.00218205160863227,0.000143490032608251,0.0119787325125929,3.20721750101369e-21,3.20721750101369e-21,2.38978368111236e-20,2.38978368111236e-20,0,4.51802955661894e-23,0,4.51802955661894e-23,8.16773724138406e-14,0
commonData,5,C,A,Affine,rad/s,study5_pilot_20260922/fits/fit_A.mat,pilot,0,stationary,0.6,derived pilot,After 50 initialization transitions,50,NaN,held,clean,(rad/s)^2,NaN,2,0.2,29,29,0,0.00395220677538805,0.000565854524419987,0.0237876969128999,1.79454152687256e-18,5.11782677032212e-34,2.26226142837695e-17,0.00395220677538806,0.000565854524419987,0.0237876969128999,0,0,0,0,0,0,0.00395220677538806,0.000565854524419987,0.0237876969128999,6.78252526326759e-21,6.78252526326759e-21,1.01637691985282e-19,1.01637691985282e-19,0,3.63760422146004e-22,0,3.63760422146004e-22,1.62671513601557e-13,0
commonData,5,C,A,Affine,rad/s,study5_pilot_20260922/fits/fit_A.mat,pilot,0,stationary,0.6,derived pilot,After 50 initialization transitions,50,NaN,held,clean,(rad/s)^2,NaN,5,0.5,29,29,0,0.0074208189582642,0.00358182254381593,0.0598483294989587,3.58908305374512e-18,1.42402595974218e-32,1.19332558832122e-16,0.0074208189582642,0.00358182254381593,0.0598483294989587,0,0,0,0,0,0,0.0074208189582642,0.00358182254381593,0.0598483294989587,7.37164666819352e-19,7.37164666819352e-19,-7.37164666819366e-19,-7.37164666819366e-19,0,9.64999567760702e-20,0,9.64999567760702e-20,3.97910874760349e-13,0
commonData,5,C,A,Affine,rad/s,study5_pilot_20260922/fits/fit_A.mat,pilot,0,stationary,0.6,derived pilot,After 50 initialization transitions,50,NaN,held,clean,(rad/s)^2,NaN,10,1,29,29,0,0.00988207131504208,0.016336132283159,0.127812879958004,-3.02679337532505e-17,8.8380676105265e-32,2.9728887652461e-16,0.00988207131504205,0.016336132283159,0.127812879958004,0,0,0,0,0,0,0.00988207131504205,0.016336132283159,0.127812879958004,3.54806627833231e-18,3.54806627833231e-18,-3.5480662783324e-18,-3.5480662783324e-18,0,6.71030560629449e-19,0,6.71030560629449e-19,7.0320186067601e-13,0
commonData,5,C,A,Affine,rad/s,study5_pilot_20260922/fits/fit_A.mat,pilot,0,stationary,0.6,derived pilot,After 50 initialization transitions,50,NaN,held,clean,(rad/s)^2,NaN,20,2,29,29,0,0.0142578638159782,0.0950443045572328,0.308292563253207,-9.88194200797823e-17,3.10415079355482e-31,5.57149063855879e-16,0.0142578638159781,0.0950443045572328,0.308292563253207,0,0,0,0,0,0,0.0142578638159781,0.0950443045572328,0.308292563253207,1.39569578769691e-17,1.39569578769691e-17,1.37986177386595e-17,1.37986177386595e-17,0,1.39414412343016e-17,0,1.39414412343016e-17,8.99017138477944e-13,0
commonData,5,C,A,Affine,rad/s,study5_pilot_20260922/fits/fit_A.mat,pilot,0,stationary,0.6,derived pilot,After 50 initialization transitions,50,NaN,rateLimited,clean,(rad/s)^2,NaN,1,0.1,29,29,0,0.00218205160863228,0.00014349003260825,0.0119787325125929,-1.91417762866406e-18,2.78927785049186e-34,1.67011312505826e-17,0.00218205160863227,0.000143490032608251,0.0119787325125929,0,0,0,0,0,0,0.00218205160863227,0.000143490032608251,0.0119787325125929,3.20721750101369e-21,3.20721750101369e-21,2.38978368111236e-20,2.38978368111236e-20,0,4.51802955661894e-23,0,4.51802955661894e-23,8.16773724138406e-14,0
commonData,5,C,A,Affine,rad/s,study5_pilot_20260922/fits/fit_A.mat,pilot,0,stationary,0.6,derived pilot,After 50 initialization transitions,50,NaN,rateLimited,clean,(rad/s)^2,NaN,2,0.2,29,29,0,0.00400146540289814,0.000560961833961163,0.0236846328652391,2.39272203583008e-19,3.66922860094465e-34,1.91552306197149e-17,0.00400146540289814,0.000560961833961163,0.0236846328652391,0,0,0,0,0,0,0.00400146540289814,0.000560961833961163,0.0236846328652391,7.40240636489956e-21,7.40240636489956e-21,-7.40240636489993e-21,-7.40240636489993e-21,0,8.26326060413408e-23,0,8.26326060413408e-23,1.30999710621224e-13,0
commonData,5,C,A,Affine,rad/s,study5_pilot_20260922/fits/fit_A.mat,pilot,0,stationary,0.6,derived pilot,After 50 initialization transitions,50,NaN,rateLimited,clean,(rad/s)^2,NaN,5,0.5,29,29,0,0.00901213522718494,0.00325349093017338,0.0570393805205963,2.27308593403857e-18,7.58625465378567e-33,8.70991082261218e-17,0.00901213522718494,0.00325349093017338,0.0570393805205963,0,0,0,0,0,0,0.00901213522718494,0.00325349093017338,0.0570393805205963,4.04737631221295e-19,4.04737631221295e-19,-4.04737631221303e-19,-4.04737631221303e-19,0,9.64999567760702e-20,0,9.64999567760702e-20,2.94076530853088e-13,0
commonData,5,C,A,Affine,rad/s,study5_pilot_20260922/fits/fit_A.mat,pilot,0,stationary,0.6,derived pilot,After 50 initialization transitions,50,NaN,rateLimited,clean,(rad/s)^2,NaN,10,1,29,29,0,0.0193668885825754,0.0115955905863591,0.107682824008099,4.06762746091113e-18,7.43824029642177e-32,2.72731375100515e-16,0.0193668885825754,0.0115955905863591,0.107682824008099,0,0,0,0,0,0,0.0193668885825754,0.0115955905863591,0.107682824008099,3.03939188939321e-18,3.03939188939321e-18,-3.03939188939329e-18,-3.03939188939329e-18,0,6.07214514961004e-19,0,6.07214514961004e-19,3.39548158130629e-13,0
commonData,5,C,A,Affine,rad/s,study5_pilot_20260922/fits/fit_A.mat,pilot,0,stationary,0.6,derived pilot,After 50 initialization transitions,50,NaN,rateLimited,clean,(rad/s)^2,NaN,20,2,29,29,0,0.0483179509853627,0.0438534104185679,0.209412058913922,-1.00494325504863e-17,3.95592651714877e-31,6.28961566166707e-16,0.0483179509853627,0.0438534104185679,0.209412058913922,0,0,0,0,0,0,0.0483179509853627,0.0438534104185679,0.209412058913922,2.42897608441933e-17,2.42897608441933e-17,3.46581477143522e-18,3.46581477143522e-18,0,8.10959514978863e-18,0,8.10959514978863e-18,4.38589245740646e-13,0
commonData,5,C,A,Affine,rad/s,study5_pilot_20260922/fits/fit_A.mat,pilot,0,stationary,0.6,derived pilot,After 100 initialization transitions,100,NaN,held,clean,(rad/s)^2,NaN,1,0.1,29,29,0,0.00315634108599104,5.82140553973775e-05,0.00762981358863882,1.91417762866406e-18,5.31291019141306e-35,7.28897125211306e-18,0.00315634108599105,5.82140553973775e-05,0.00762981358863882,0,0,0,0,0,0,0.00315634108599105,5.82140553973775e-05,0.00762981358863882,9.60679372572217e-21,9.60679372572217e-21,-2.83053014768782e-21,-2.83053014768782e-21,0,1.78410079487366e-21,0,1.78410079487366e-21,8.16773724138406e-14,0
commonData,5,C,A,Affine,rad/s,study5_pilot_20260922/fits/fit_A.mat,pilot,0,stationary,0.6,derived pilot,After 100 initialization transitions,100,NaN,held,clean,(rad/s)^2,NaN,2,0.2,29,29,0,0.00590482412584927,0.000221388695648079,0.0148791362534281,1.25617906881079e-18,7.24817923574614e-34,2.69224427490266e-17,0.00590482412584927,0.000221388695648079,0.0148791362534281,0,0,0,0,0,0,0.00590482412584927,0.000221388695648079,0.0148791362534281,2.8195697903626e-20,2.8195697903626e-20,-1.09064359148916e-21,-1.09064359148916e-21,0,7.91269781707463e-21,0,7.91269781707463e-21,1.62671513601557e-13,0
commonData,5,C,A,Affine,rad/s,study5_pilot_20260922/fits/fit_A.mat,pilot,0,stationary,0.6,derived pilot,After 100 initialization transitions,100,NaN,held,clean,(rad/s)^2,NaN,5,0.5,29,29,0,0.0123309680578171,0.00127445369355249,0.035699491502716,1.07672491612354e-18,3.41562015352641e-33,5.84433071747862e-17,0.0123309680578171,0.00127445369355249,0.035699491502716,0,0,0,0,0,0,0.0123309680578171,0.00127445369355249,0.035699491502716,4.35904413537336e-19,4.35904413537336e-19,-2.19063979040239e-19,-2.19063979040239e-19,0,5.14238628284552e-20,0,5.14238628284552e-20,3.97910874760349e-13,0
commonData,5,C,A,Affine,rad/s,study5_pilot_20260922/fits/fit_A.mat,pilot,0,stationary,0.6,derived pilot,After 100 initialization transitions,100,NaN,held,clean,(rad/s)^2,NaN,10,1,29,29,0,0.0197870379645459,0.00521372813684068,0.072206150270186,-6.89103946319063e-17,4.99114706794561e-32,2.23408752468331e-16,0.0197870379645458,0.00521372813684069,0.072206150270186,0,0,0,0,0,0,0.0197870379645458,0.00521372813684069,0.072206150270186,2.68112161490024e-18,2.68112161490024e-18,-1.81375987691188e-18,-1.81375987691188e-18,0,1.02304067908717e-18,0,1.02304067908717e-18,7.0320186067601e-13,0
commonData,5,C,A,Affine,rad/s,study5_pilot_20260922/fits/fit_A.mat,pilot,0,stationary,0.6,derived pilot,After 100 initialization transitions,100,NaN,held,clean,(rad/s)^2,NaN,20,2,29,29,0,0.0343337344044699,0.0282180027980862,0.167982150236524,-1.68208359118855e-16,2.00610507974453e-31,4.4789564406729e-16,0.0343337344044698,0.0282180027980862,0.167982150236524,0,0,0,0,0,0,0.0343337344044698,0.0282180027980862,0.167982150236524,2.0300791973118e-18,2.0300791973118e-18,-5.49952614926562e-18,-5.49952614926562e-18,1.38777878078145e-17,1.61416984926275e-17,1.38777878078145e-17,1.61416984926275e-17,8.99017138477944e-13,0
commonData,5,C,A,Affine,rad/s,study5_pilot_20260922/fits/fit_A.mat,pilot,0,stationary,0.6,derived pilot,After 100 initialization transitions,100,NaN,rateLimited,clean,(rad/s)^2,NaN,1,0.1,29,29,0,0.00315634108599104,5.82140553973775e-05,0.00762981358863882,1.91417762866406e-18,5.31291019141306e-35,7.28897125211306e-18,0.00315634108599105,5.82140553973775e-05,0.00762981358863882,0,0,0,0,0,0,0.00315634108599105,5.82140553973775e-05,0.00762981358863882,9.60679372572217e-21,9.60679372572217e-21,-2.83053014768782e-21,-2.83053014768782e-21,0,1.78410079487366e-21,0,1.78410079487366e-21,8.16773724138406e-14,0
commonData,5,C,A,Affine,rad/s,study5_pilot_20260922/fits/fit_A.mat,pilot,0,stationary,0.6,derived pilot,After 100 initialization transitions,100,NaN,rateLimited,clean,(rad/s)^2,NaN,2,0.2,29,29,0,0.00596389363334821,0.000218369263653423,0.0147773226145139,-2.63199423941309e-18,1.15057711332789e-33,3.39201579201497e-17,0.0059638936333482,0.000218369263653423,0.0147773226145139,0,0,0,0,0,0,0.0059638936333482,0.000218369263653423,0.0147773226145139,2.18478142254393e-20,2.18478142254393e-20,-2.18478142254404e-20,-2.18478142254404e-20,0,7.66633321500506e-21,0,7.66633321500506e-21,1.30999710621224e-13,0
commonData,5,C,A,Affine,rad/s,study5_pilot_20260922/fits/fit_A.mat,pilot,0,stationary,0.6,derived pilot,After 100 initialization transitions,100,NaN,rateLimited,clean,(rad/s)^2,NaN,5,0.5,29,29,0,0.0138869348780401,0.00113598831279569,0.0337044257152632,-1.60312376400615e-17,1.11720539618808e-32,1.05697937358686e-16,0.0138869348780401,0.00113598831279569,0.0337044257152632,0,0,0,0,0,0,0.0138869348780401,0.00113598831279569,0.0337044257152632,-2.88195545450081e-19,-2.88195545450081e-19,-1.45485323544132e-19,-1.45485323544132e-19,0,7.92920223729828e-20,0,7.92920223729828e-20,2.94076530853088e-13,0
commonData,5,C,A,Affine,rad/s,study5_pilot_20260922/fits/fit_A.mat,pilot,0,stationary,0.6,derived pilot,After 100 initialization transitions,100,NaN,rateLimited,clean,(rad/s)^2,NaN,10,1,29,29,0,0.0280875212022004,0.0034987612918692,0.0591503279100733,-4.97686183452656e-17,6.63217220331832e-32,2.57530041030524e-16,0.0280875212022004,0.0034987612918692,0.0591503279100733,0,0,0,0,0,0,0.0280875212022004,0.0034987612918692,0.0591503279100733,-2.79056007847059e-18,-2.79056007847059e-18,1.88474864505315e-19,1.88474864505315e-19,0,3.95792375789209e-19,0,3.95792375789209e-19,3.39548158130629e-13,0
commonData,5,C,A,Affine,rad/s,study5_pilot_20260922/fits/fit_A.mat,pilot,0,stationary,0.6,derived pilot,After 100 initialization transitions,100,NaN,rateLimited,clean,(rad/s)^2,NaN,20,2,29,29,0,0.05968020535259,0.0119581761774505,0.109353446116026,-1.4039296545233e-16,2.91857353853097e-31,5.402382380516e-16,0.0596802053525899,0.0119581761774505,0.109353446116025,0,0,0,0,0,0,0.0596802053525899,0.0119581761774505,0.109353446116025,-1.33973914380673e-17,-1.33973914380673e-17,-2.21511984572425e-18,-2.21511984572425e-18,8.67361737988404e-18,4.8950672021872e-18,8.67361737988404e-18,4.8950672021872e-18,4.38589245740646e-13,0
commonData,5,C,A,Affine,rad/s,study5_pilot_20260922/fits/fit_A.mat,pilot,0,stationary,0.6,derived pilot,After 200 initialization transitions,200,NaN,held,clean,(rad/s)^2,NaN,1,0.1,29,29,0,0.00281728334823572,4.45752133773571e-05,0.00667646713294966,-2.87126644299609e-18,6.64113773926633e-34,2.57704050012147e-17,0.00281728334823572,4.45752133773571e-05,0.00667646713294966,0,0,0,0,0,0,0.00281728334823572,4.45752133773571e-05,0.00667646713294966,1.84484078791392e-20,1.84484078791392e-20,1.88038285496338e-21,1.88038285496338e-21,0,1.17352379717507e-21,0,1.17352379717507e-21,8.16773724138406e-14,0
commonData,5,C,A,Affine,rad/s,study5_pilot_20260922/fits/fit_A.mat,pilot,0,stationary,0.6,derived pilot,After 200 initialization transitions,200,NaN,held,clean,(rad/s)^2,NaN,2,0.2,29,29,0,0.00523630180446375,0.000167191244368224,0.0129302453328707,3.58908305374512e-18,1.92094909108279e-33,4.38286332331136e-17,0.00523630180446375,0.000167191244368224,0.0129302453328707,0,0,0,0,0,0,0.00523630180446375,0.000167191244368224,0.0129302453328707,1.9494215953225e-21,1.9494215953225e-21,-1.94942159532442e-21,-1.94942159532442e-21,0,9.66650070036617e-21,0,9.66650070036617e-21,1.62671513601557e-13,0
commonData,5,C,A,Affine,rad/s,study5_pilot_20260922/fits/fit_A.mat,pilot,0,stationary,0.6,derived pilot,After 200 initialization transitions,200,NaN,held,clean,(rad/s)^2,NaN,5,0.5,29,29,0,0.0107290952463299,0.000916594404586207,0.0302753101484726,2.85930283281694e-17,1.1222277566034e-32,1.05935251762735e-16,0.01072909524633,0.000916594404586206,0.0302753101484726,0,0,0,0,0,0,0.01072909524633,0.000916594404586206,0.0302753101484726,-5.43302518832687e-19,-5.43302518832687e-19,-2.15639001907178e-19,-2.15639001907178e-19,0,6.76293970769924e-20,0,6.76293970769924e-20,3.97910874760349e-13,0
commonData,5,C,A,Affine,rad/s,study5_pilot_20260922/fits/fit_A.mat,pilot,0,stationary,0.6,derived pilot,After 200 initialization transitions,200,NaN,held,clean,(rad/s)^2,NaN,10,1,29,29,0,0.0167989028385817,0.00340607421009985,0.0583615816278127,5.21015223302e-17,4.84588255667688e-32,2.2013365387139e-16,0.0167989028385818,0.00340607421009984,0.0583615816278127,0,0,0,0,0,0,0.0167989028385818,0.00340607421009984,0.0583615816278127,-4.49620358626934e-18,-4.49620358626934e-18,5.93075765321477e-19,5.93075765321477e-19,1.73472347597681e-18,3.10632938862268e-18,1.73472347597681e-18,3.10632938862268e-18,7.0320186067601e-13,0
commonData,5,C,A,Affine,rad/s,study5_pilot_20260922/fits/fit_A.mat,pilot,0,stationary,0.6,derived pilot,After 200 initialization transitions,200,NaN,held,clean,(rad/s)^2,NaN,20,2,29,29,0,0.0291139723607521,0.0163632839499494,0.12791905233369,7.716528565552e-17,2.32818780796568e-31,4.8251298510669e-16,0.0291139723607522,0.0163632839499495,0.127919052333691,0,0,0,0,0,0,0.0291139723607522,0.0163632839499495,0.127919052333691,3.14916437810963e-17,3.14916437810963e-17,-2.66621213514044e-19,-2.66621213514044e-19,6.93889390390723e-18,7.18331396397837e-18,6.93889390390723e-18,7.18331396397837e-18,8.99017138477944e-13,0
commonData,5,C,A,Affine,rad/s,study5_pilot_20260922/fits/fit_A.mat,pilot,0,stationary,0.6,derived pilot,After 200 initialization transitions,200,NaN,rateLimited,clean,(rad/s)^2,NaN,1,0.1,29,29,0,0.00281728334823572,4.45752133773571e-05,0.00667646713294966,-2.87126644299609e-18,6.64113773926633e-34,2.57704050012147e-17,0.00281728334823572,4.45752133773571e-05,0.00667646713294966,0,0,0,0,0,0,0.00281728334823572,4.45752133773571e-05,0.00667646713294966,1.84484078791392e-20,1.84484078791392e-20,1.88038285496338e-21,1.88038285496338e-21,0,1.17352379717507e-21,0,1.17352379717507e-21,8.16773724138406e-14,0
commonData,5,C,A,Affine,rad/s,study5_pilot_20260922/fits/fit_A.mat,pilot,0,stationary,0.6,derived pilot,After 200 initialization transitions,200,NaN,rateLimited,clean,(rad/s)^2,NaN,2,0.2,29,29,0,0.00525208656846619,0.000166597409302668,0.0129072618824702,-2.39272203583008e-19,1.70843268342626e-33,4.13331910627073e-17,0.00525208656846619,0.000166597409302668,0.0129072618824702,0,0,0,0,0,0,0.00525208656846619,0.000166597409302668,0.0129072618824702,-4.74391617138924e-20,-4.74391617138924e-20,-3.38760012225221e-20,-3.38760012225221e-20,0,9.66650070036617e-21,0,9.66650070036617e-21,1.30999710621224e-13,0
commonData,5,C,A,Affine,rad/s,study5_pilot_20260922/fits/fit_A.mat,pilot,0,stationary,0.6,derived pilot,After 200 initialization transitions,200,NaN,rateLimited,clean,(rad/s)^2,NaN,5,0.5,29,29,0,0.0118149166777986,0.000864399383688176,0.0294006697829858,8.37452712540528e-18,1.01426776122945e-32,1.00710861441527e-16,0.0118149166777986,0.000864399383688175,0.0294006697829858,0,0,0,0,0,0,0.0118149166777986,0.000864399383688175,0.0294006697829858,-9.23175061842997e-19,-9.23175061842997e-19,-5.26068933939677e-20,-5.26068933939677e-20,0,1.3709372353184e-19,0,1.3709372353184e-19,2.94076530853088e-13,0
commonData,5,C,A,Affine,rad/s,study5_pilot_20260922/fits/fit_A.mat,pilot,0,stationary,0.6,derived pilot,After 200 initialization transitions,200,NaN,rateLimited,clean,(rad/s)^2,NaN,10,1,29,29,0,0.0236525805403771,0.00256496977036897,0.0506455306060561,4.90508017345166e-17,3.23373599369226e-32,1.7982591564322e-16,0.0236525805403771,0.00256496977036897,0.0506455306060561,0,0,0,0,0,0,0.0236525805403771,0.00256496977036897,0.0506455306060561,1.9858707836404e-18,1.9858707836404e-18,-1.11850904565203e-18,-1.11850904565203e-18,0,5.11268377403899e-19,0,5.11268377403899e-19,3.39548158130629e-13,0
commonData,5,C,A,Affine,rad/s,study5_pilot_20260922/fits/fit_A.mat,pilot,0,stationary,0.6,derived pilot,After 200 initialization transitions,200,NaN,rateLimited,clean,(rad/s)^2,NaN,20,2,29,29,0,0.049473023404008,0.00782194942913327,0.0884417855379077,1.36280474453247e-16,1.76615616852972e-31,4.20256608339443e-16,0.0494730234040082,0.0078219494291333,0.0884417855379079,0,0,0,0,0,0,0.0494730234040082,0.0078219494291333,0.0884417855379079,3.30610265201709e-17,3.30610265201709e-17,-1.83600395258851e-18,-1.83600395258851e-18,5.63785129692462e-18,2.6758541764329e-18,5.63785129692462e-18,2.6758541764329e-18,4.38589245740646e-13,0
commonData,5,C,P3,Complete cubic,rad/s,study5_pilot_20260922/fits/fit_P3.mat,pilot,0,stationary,0.6,derived pilot,After 25 initialization transitions,25,NaN,held,clean,(rad/s)^2,NaN,1,0.1,29,29,0,-0.000707458374108958,3.6157452312354e-05,0.00601310671054107,-4.78544407166016e-19,3.32056886963317e-35,5.76243773904167e-18,-0.000707458374108958,3.6157452312354e-05,0.00601310671054107,0,0,0,0,0,0,-0.000707458374108958,3.6157452312354e-05,0.00601310671054107,3.1496285116794e-21,3.1496285116794e-21,-3.14962851167944e-21,-3.14962851167944e-21,0,7.31902264877891e-23,0,7.31902264877891e-23,8.16773724138406e-14,0
commonData,5,C,P3,Complete cubic,rad/s,study5_pilot_20260922/fits/fit_P3.mat,pilot,0,stationary,0.6,derived pilot,After 25 initialization transitions,25,NaN,held,clean,(rad/s)^2,NaN,2,0.2,29,29,0,-0.00163861433749663,0.000138658490624838,0.0117753339920716,-2.42618718352616e-06,4.56265672119741e-09,6.75474405229199e-05,-0.00164104052468016,0.000139683549610358,0.0118187795313373,0,0,0,0,0,0,-0.00164104052468016,0.000139683549610358,0.0118187795313373,1.02049632879931e-06,1.02049632879931e-06,4.7857361519868e-20,4.7857361519868e-20,0,5.9292306307801e-20,0,5.9292306307801e-20,1.62671513601557e-13,0
commonData,5,C,P3,Complete cubic,rad/s,study5_pilot_20260922/fits/fit_P3.mat,pilot,0,stationary,0.6,derived pilot,After 25 initialization transitions,25,NaN,held,clean,(rad/s)^2,NaN,5,0.5,29,29,0,-0.00525647288605524,0.000772786519389084,0.0277990381018676,-6.12567249187706e-05,3.5516048016922e-06,0.00188457019017393,-0.00531772961097401,0.000844965899386407,0.0290682971531943,0,0,0,0,0,0,-0.00531772961097401,0.000844965899386407,0.0290682971531943,6.86277751956298e-05,6.86277751956298e-05,9.48676900924816e-20,9.48676900924816e-20,0,4.33680868994202e-19,0,4.33680868994202e-19,3.97910874760349e-13,0
commonData,5,C,P3,Complete cubic,rad/s,study5_pilot_20260922/fits/fit_P3.mat,pilot,0,stationary,0.6,derived pilot,After 25 initialization transitions,25,NaN,held,clean,(rad/s)^2,NaN,10,1,29,29,0,-0.0119350398488979,0.00257159601212211,0.0507109062443387,-0.000355421361012346,0.000249999044464169,0.0158113580841169,-0.0122904612099102,0.00391570584862925,0.062575601064866,0,0,0,0,0,0,-0.0122904612099102,0.00391570584862925,0.062575601064866,0.00109411079204298,0.00109411079204298,-1.73472347597681e-18,-1.73472347597681e-18,0,1.73472347597681e-18,0,1.73472347597681e-18,7.0320186067601e-13,0
commonData,5,C,P3,Complete cubic,rad/s,study5_pilot_20260922/fits/fit_P3.mat,pilot,0,stationary,0.6,derived pilot,After 25 initialization transitions,25,NaN,held,clean,(rad/s)^2,NaN,20,2,29,29,0,-0.020987456366895,0.00717796016342529,0.0847228432208533,-0.000507553294239608,0.0108841004699118,0.104326892361998,-0.0214950096611346,0.0310771405753755,0.176287097018969,0,0,0,0,0,0,-0.0214950096611346,0.0310771405753755,0.176287097018969,0.0130150799420383,0.0130150799420383,-5.20417042793042e-18,-5.20417042793042e-18,6.93889390390723e-18,1.38777878078145e-17,6.93889390390723e-18,1.38777878078145e-17,8.99017138477944e-13,0
commonData,5,C,P3,Complete cubic,rad/s,study5_pilot_20260922/fits/fit_P3.mat,pilot,0,stationary,0.6,derived pilot,After 25 initialization transitions,25,NaN,rateLimited,clean,(rad/s)^2,NaN,1,0.1,29,29,0,-0.000707458374108958,3.6157452312354e-05,0.00601310671054107,-4.78544407166016e-19,3.32056886963317e-35,5.76243773904167e-18,-0.000707458374108958,3.6157452312354e-05,0.00601310671054107,0,0,0,0,0,0,-0.000707458374108958,3.6157452312354e-05,0.00601310671054107,3.1496285116794e-21,3.1496285116794e-21,-3.14962851167944e-21,-3.14962851167944e-21,0,7.31902264877891e-23,0,7.31902264877891e-23,8.16773724138406e-14,0
commonData,5,C,P3,Complete cubic,rad/s,study5_pilot_20260922/fits/fit_P3.mat,pilot,0,stationary,0.6,derived pilot,After 25 initialization transitions,25,NaN,rateLimited,clean,(rad/s)^2,NaN,2,0.2,29,29,0,-0.00140253218408521,0.000127544985192544,0.0112935815927696,1.46753521313859e-05,6.45473861105944e-09,8.03413879084712e-05,-0.00138785683195383,0.000128760433148218,0.0113472654480372,0,0,0,0,0,0,-0.00138785683195383,0.000128760433148218,0.0113472654480372,1.20899321706243e-06,1.20899321706243e-06,7.19978005166155e-21,7.19978005166155e-21,0,6.94567016748526e-20,0,6.94567016748526e-20,1.30999710621224e-13,0
commonData,5,C,P3,Complete cubic,rad/s,study5_pilot_20260922/fits/fit_P3.mat,pilot,0,stationary,0.6,derived pilot,After 25 initialization transitions,25,NaN,rateLimited,clean,(rad/s)^2,NaN,5,0.5,29,29,0,-0.00309176977474279,0.000519346104883549,0.0227891663929058,0.000754003178251716,3.58696844214004e-06,0.00189392936566812,-0.00233776659649107,0.00056377874210638,0.0237440253981161,0,0,0,0,0,0,-0.00233776659649107,0.00056377874210638,0.0237440253981161,4.08456687806916e-05,4.08456687806916e-05,-3.04931861011548e-19,-3.04931861011548e-19,0,2.16840434497101e-19,0,2.16840434497101e-19,2.94076530853088e-13,0
commonData,5,C,P3,Complete cubic,rad/s,study5_pilot_20260922/fits/fit_P3.mat,pilot,0,stationary,0.6,derived pilot,After 25 initialization transitions,25,NaN,rateLimited,clean,(rad/s)^2,NaN,10,1,29,29,0,-0.00460504736283684,0.00140097186622853,0.0374295587234011,0.00463737454642476,0.000137589030789389,0.011729835070852,3.23271835879194e-05,0.00197146198692488,0.0444011484865524,0,0,0,0,0,0,3.23271835879194e-05,0.00197146198692488,0.0444011484865524,0.00043290108990696,0.00043290108990696,-1.62630325872826e-19,-1.62630325872826e-19,0,8.67361737988404e-19,0,8.67361737988404e-19,3.39548158130629e-13,0
commonData,5,C,P3,Complete cubic,rad/s,study5_pilot_20260922/fits/fit_P3.mat,pilot,0,stationary,0.6,derived pilot,After 25 initialization transitions,25,NaN,rateLimited,clean,(rad/s)^2,NaN,20,2,29,29,0,-0.00541680975522847,0.00290436465528193,0.0538921576417379,0.0135847413289873,0.00270545789163638,0.052014016299805,0.00816793157375886,0.00908217570109532,0.0953004496374247,0,0,0,0,0,0,0.00816793157375886,0.00908217570109532,0.0953004496374247,0.00347235315417701,0.00347235315417701,4.33680868994202e-19,4.33680868994202e-19,0,1.38777878078145e-17,0,1.38777878078145e-17,4.38589245740646e-13,0
commonData,5,C,P3,Complete cubic,rad/s,study5_pilot_20260922/fits/fit_P3.mat,pilot,0,stationary,0.6,derived pilot,After 50 initialization transitions,50,NaN,held,clean,(rad/s)^2,NaN,1,0.1,29,29,0,0.000248596748039049,1.85339735920864e-05,0.00430511017188717,2.87126644299609e-18,1.32822754785327e-34,1.15248754780833e-17,0.000248596748039052,1.85339735920864e-05,0.00430511017188717,0,0,0,0,0,0,0.000248596748039052,1.85339735920864e-05,0.00430511017188717,-5.52922387201876e-21,-5.52922387201876e-21,2.14109208300142e-21,2.14109208300142e-21,0,6.17030956512771e-23,0,6.17030956512771e-23,8.16773724138406e-14,0
commonData,5,C,P3,Complete cubic,rad/s,study5_pilot_20260922/fits/fit_P3.mat,pilot,0,stationary,0.6,derived pilot,After 50 initialization transitions,50,NaN,held,clean,(rad/s)^2,NaN,2,0.2,29,29,0,0.00032332219786146,7.01250612279422e-05,0.00837407076802807,4.21577199706105e-06,3.84138879858283e-09,6.19789383466902e-05,0.000327537969858521,7.07179422117808e-05,0.00840939606700628,0,0,0,0,0,0,0.000327537969858521,7.07179422117808e-05,0.00840939606700628,5.89039595039991e-07,5.89039595039991e-07,-1.59877468794249e-20,-1.59877468794249e-20,0,5.42101086242752e-20,0,5.42101086242752e-20,1.62671513601557e-13,0
commonData,5,C,P3,Complete cubic,rad/s,study5_pilot_20260922/fits/fit_P3.mat,pilot,0,stationary,0.6,derived pilot,After 50 initialization transitions,50,NaN,held,clean,(rad/s)^2,NaN,5,0.5,29,29,0,-0.000122176030818389,0.000383949488454,0.0195946290716104,0.000127641887745844,3.00085827032432e-06,0.00173229855115229,5.46585692745404e-06,0.000427002095172932,0.020664029015972,0,0,0,0,0,0,5.46585692745404e-06,0.000427002095172932,0.020664029015972,4.0051748448608e-05,4.0051748448608e-05,-4.74338450462408e-20,-4.74338450462408e-20,0,3.79470760369927e-19,0,3.79470760369927e-19,3.97910874760349e-13,0
commonData,5,C,P3,Complete cubic,rad/s,study5_pilot_20260922/fits/fit_P3.mat,pilot,0,stationary,0.6,derived pilot,After 50 initialization transitions,50,NaN,held,clean,(rad/s)^2,NaN,10,1,29,29,0,-0.00168794488623582,0.00129765391799603,0.0360229637591915,0.00126106364149463,0.00021376245829077,0.0146206175755599,-0.000426881244741197,0.00219219366439478,0.046820867830432,0,0,0,0,0,0,-0.000426881244741197,0.00219219366439478,0.046820867830432,0.000680777288107986,0.000680777288107986,-5.42101086242752e-19,-5.42101086242752e-19,0,8.67361737988404e-19,0,8.67361737988404e-19,7.0320186067601e-13,0
commonData,5,C,P3,Complete cubic,rad/s,study5_pilot_20260922/fits/fit_P3.mat,pilot,0,stationary,0.6,derived pilot,After 50 initialization transitions,50,NaN,held,clean,(rad/s)^2,NaN,20,2,29,29,0,-0.0038505773605775,0.00400572089364377,0.0632907646789306,0.010284925284468,0.00945309245677343,0.0972270150563794,0.00643434792389048,0.0227233671089649,0.150742718261828,0,0,0,0,0,0,0.00643434792389048,0.0227233671089649,0.150742718261828,0.00926455375854774,0.00926455375854774,-1.73472347597681e-18,-1.73472347597681e-18,0,1.38777878078145e-17,0,1.38777878078145e-17,8.99017138477944e-13,0
commonData,5,C,P3,Complete cubic,rad/s,study5_pilot_20260922/fits/fit_P3.mat,pilot,0,stationary,0.6,derived pilot,After 50 initialization transitions,50,NaN,rateLimited,clean,(rad/s)^2,NaN,1,0.1,29,29,0,0.000248596748039049,1.85339735920864e-05,0.00430511017188717,2.87126644299609e-18,1.32822754785327e-34,1.15248754780833e-17,0.000248596748039052,1.85339735920864e-05,0.00430511017188717,0,0,0,0,0,0,0.000248596748039052,1.85339735920864e-05,0.00430511017188717,-5.52922387201876e-21,-5.52922387201876e-21,2.14109208300142e-21,2.14109208300142e-21,0,6.17030956512771e-23,0,6.17030956512771e-23,8.16773724138406e-14,0
commonData,5,C,P3,Complete cubic,rad/s,study5_pilot_20260922/fits/fit_P3.mat,pilot,0,stationary,0.6,derived pilot,After 50 initialization transitions,50,NaN,rateLimited,clean,(rad/s)^2,NaN,2,0.2,29,29,0,0.000371653851774615,6.8378758167672e-05,0.00826914494779672,-3.30120931419299e-06,5.50292833229769e-09,7.41817250560924e-05,0.000368352642460422,6.91568122831705e-05,0.00831605749638436,0,0,0,0,0,0,0.000368352642460422,6.91568122831705e-05,0.00831605749638436,7.72551187166213e-07,7.72551187166213e-07,-1.28113733272213e-20,-1.28113733272213e-20,0,1.18584612615602e-20,0,1.18584612615602e-20,1.30999710621224e-13,0
commonData,5,C,P3,Complete cubic,rad/s,study5_pilot_20260922/fits/fit_P3.mat,pilot,0,stationary,0.6,derived pilot,After 50 initialization transitions,50,NaN,rateLimited,clean,(rad/s)^2,NaN,5,0.5,29,29,0,0.000767880890402241,0.000319140424605736,0.0178645018012184,0.000286858208179942,2.93259538310637e-06,0.00171248222855198,0.00105473909858218,0.000359290249319893,0.0189549531605829,0,0,0,0,0,0,0.00105473909858218,0.000359290249319893,0.0189549531605829,3.72172293310505e-05,3.72172293310505e-05,-9.48676900924816e-20,-9.48676900924816e-20,0,1.99052742604761e-19,0,1.99052742604761e-19,2.94076530853088e-13,0
commonData,5,C,P3,Complete cubic,rad/s,study5_pilot_20260922/fits/fit_P3.mat,pilot,0,stationary,0.6,derived pilot,After 50 initialization transitions,50,NaN,rateLimited,clean,(rad/s)^2,NaN,10,1,29,29,0,0.00178847238199296,0.000847128074230523,0.0291054646798591,0.0035373375510488,0.000130693334484173,0.0114321185475035,0.00532580993304176,0.00135572685756033,0.0368201963270205,0,0,0,0,0,0,0.00532580993304176,0.00135572685756033,0.0368201963270205,0.000377905448845636,0.000377905448845636,3.79470760369927e-19,3.79470760369927e-19,0,3.25260651745651e-19,0,3.25260651745651e-19,3.39548158130629e-13,0
commonData,5,C,P3,Complete cubic,rad/s,study5_pilot_20260922/fits/fit_P3.mat,pilot,0,stationary,0.6,derived pilot,After 50 initialization transitions,50,NaN,rateLimited,clean,(rad/s)^2,NaN,20,2,29,29,0,0.00414797622327089,0.0018169975499464,0.0426262542331179,0.00973066268276003,0.00256559168327028,0.0506516700935939,0.0138786389060309,0.00742599794302276,0.0861742301562524,0,0,0,0,0,0,0.0138786389060309,0.00742599794302276,0.0861742301562524,0.00304340870980608,0.00304340870980608,-2.60208521396521e-18,-2.60208521396521e-18,0,2.60208521396521e-18,0,2.60208521396521e-18,4.38589245740646e-13,0
commonData,5,C,P3,Complete cubic,rad/s,study5_pilot_20260922/fits/fit_P3.mat,pilot,0,stationary,0.6,derived pilot,After 100 initialization transitions,100,NaN,held,clean,(rad/s)^2,NaN,1,0.1,29,29,0,0.00114528235001022,6.00152196530476e-06,0.00244980039295139,3.82835525732813e-18,4.25032815313045e-34,2.06163240009718e-17,0.00114528235001022,6.00152196530479e-06,0.00244980039295139,0,0,0,0,0,0,0.00114528235001022,6.00152196530479e-06,0.00244980039295139,2.23435503397271e-20,2.23435503397271e-20,5.26339236138601e-22,5.26339236138601e-22,0,8.64277744696268e-22,0,8.64277744696268e-22,8.16773724138406e-14,0
commonData,5,C,P3,Complete cubic,rad/s,study5_pilot_20260922/fits/fit_P3.mat,pilot,0,stationary,0.6,derived pilot,After 100 initialization transitions,100,NaN,held,clean,(rad/s)^2,NaN,2,0.2,29,29,0,0.00216189267211132,2.10096425617896e-05,0.00458362766395674,4.14895688749767e-06,4.91501982086479e-09,7.01072023465834e-05,0.00216604162899882,2.1242346421664e-05,0.0046089420067586,0,0,0,0,0,0,0.00216604162899882,2.1242346421664e-05,0.0046089420067586,2.27788840053584e-07,2.27788840053584e-07,9.82028823222954e-21,9.82028823222954e-21,0,1.20702194983738e-20,0,1.20702194983738e-20,1.62671513601557e-13,0
commonData,5,C,P3,Complete cubic,rad/s,study5_pilot_20260922/fits/fit_P3.mat,pilot,0,stationary,0.6,derived pilot,After 100 initialization transitions,100,NaN,held,clean,(rad/s)^2,NaN,5,0.5,29,29,0,0.00472435079987189,9.47925701990969e-05,0.00973614760565476,0.000134764170661457,3.79459901429278e-06,0.00194797305276351,0.00485911497053335,0.00011271910985541,0.0106169256310577,0,0,0,0,0,0,0.00485911497053335,0.00011271910985541,0.0106169256310577,1.41319406420202e-05,1.41319406420202e-05,2.71050543121376e-20,2.71050543121376e-20,0,8.13151629364128e-20,0,8.13151629364128e-20,3.97910874760349e-13,0
commonData,5,C,P3,Complete cubic,rad/s,study5_pilot_20260922/fits/fit_P3.mat,pilot,0,stationary,0.6,derived pilot,After 100 initialization transitions,100,NaN,held,clean,(rad/s)^2,NaN,10,1,29,29,0,0.00833598000394876,0.000262851497183873,0.0162126955557635,0.00140609607288539,0.0002663046599412,0.0163188437072361,0.00974207607683415,0.000764056274586557,0.0276415678749697,0,0,0,0,0,0,0.00974207607683415,0.000764056274586557,0.0276415678749697,0.000234900117461484,0.000234900117461484,2.16840434497101e-19,2.16840434497101e-19,0,4.33680868994202e-19,0,4.33680868994202e-19,7.0320186067601e-13,0
commonData,5,C,P3,Complete cubic,rad/s,study5_pilot_20260922/fits/fit_P3.mat,pilot,0,stationary,0.6,derived pilot,After 100 initialization transitions,100,NaN,held,clean,(rad/s)^2,NaN,20,2,29,29,0,0.0152551487098506,0.000700750290502895,0.0264716884709475,0.0117881413571328,0.0111114030239684,0.105410639994113,0.0270432900669835,0.0150762779243073,0.122785495577887,0,0,0,0,0,0,0.0270432900669835,0.0150762779243073,0.122785495577887,0.00326412460983601,0.00326412460983601,2.60208521396521e-18,2.60208521396521e-18,0,3.68628738645072e-18,0,3.68628738645072e-18,8.99017138477944e-13,0
commonData,5,C,P3,Complete cubic,rad/s,study5_pilot_20260922/fits/fit_P3.mat,pilot,0,stationary,0.6,derived pilot,After 100 initialization transitions,100,NaN,rateLimited,clean,(rad/s)^2,NaN,1,0.1,29,29,0,0.00114528235001022,6.00152196530476e-06,0.00244980039295139,3.82835525732813e-18,4.25032815313045e-34,2.06163240009718e-17,0.00114528235001022,6.00152196530479e-06,0.00244980039295139,0,0,0,0,0,0,0.00114528235001022,6.00152196530479e-06,0.00244980039295139,2.23435503397271e-20,2.23435503397271e-20,5.26339236138601e-22,5.26339236138601e-22,0,8.64277744696268e-22,0,8.64277744696268e-22,8.16773724138406e-14,0
commonData,5,C,P3,Complete cubic,rad/s,study5_pilot_20260922/fits/fit_P3.mat,pilot,0,stationary,0.6,derived pilot,After 100 initialization transitions,100,NaN,rateLimited,clean,(rad/s)^2,NaN,2,0.2,29,29,0,0.00219361461669797,2.11533688606347e-05,0.00459927916750383,9.30073555226389e-06,4.40904792348796e-09,6.64006620711568e-05,0.00220291535225023,2.13919158853782e-05,0.00462513955307061,0,0,0,0,0,0,0.00220291535225023,2.13919158853782e-05,0.00462513955307061,2.3413797681994e-07,2.3413797681994e-07,9.76734867302615e-21,9.76734867302615e-21,0,1.20702194983738e-20,0,1.20702194983738e-20,1.30999710621224e-13,0
commonData,5,C,P3,Complete cubic,rad/s,study5_pilot_20260922/fits/fit_P3.mat,pilot,0,stationary,0.6,derived pilot,After 100 initialization transitions,100,NaN,rateLimited,clean,(rad/s)^2,NaN,5,0.5,29,29,0,0.00503143161287283,9.73753394454293e-05,0.00986789437749661,0.000558375250941593,3.13955128476648e-06,0.00177187789781533,0.00558980686381443,0.000118908901728706,0.0109045358327948,0,0,0,0,0,0,0.00558980686381443,0.000118908901728706,0.0109045358327948,1.83940109985103e-05,1.83940109985103e-05,1.35525271560688e-20,1.35525271560688e-20,0,8.13151629364128e-20,0,8.13151629364128e-20,2.94076530853088e-13,0
commonData,5,C,P3,Complete cubic,rad/s,study5_pilot_20260922/fits/fit_P3.mat,pilot,0,stationary,0.6,derived pilot,After 100 initialization transitions,100,NaN,rateLimited,clean,(rad/s)^2,NaN,10,1,29,29,0,0.00900077807132539,0.000267293242987178,0.0163491052656461,0.00390612295317236,0.000147696171834913,0.0121530313845934,0.0129069010244977,0.000636410670869225,0.025227181191509,0,0,0,0,0,0,0.0129069010244977,0.000636410670869225,0.025227181191509,0.000221421256047134,0.000221421256047134,3.52365706057789e-19,3.52365706057789e-19,0,8.67361737988404e-19,0,8.67361737988404e-19,3.39548158130629e-13,0
commonData,5,C,P3,Complete cubic,rad/s,study5_pilot_20260922/fits/fit_P3.mat,pilot,0,stationary,0.6,derived pilot,After 100 initialization transitions,100,NaN,rateLimited,clean,(rad/s)^2,NaN,20,2,29,29,0,0.0142360112007126,0.00059829849556331,0.0244601409555078,0.0071166506670945,0.00282326704169281,0.0531344242623632,0.021352661867807,0.00472935395194414,0.0687702984721176,0,0,0,0,0,0,0.021352661867807,0.00472935395194414,0.0687702984721176,0.00130778841468801,0.00130778841468801,6.50521303491303e-19,6.50521303491303e-19,0,2.60208521396521e-18,0,2.60208521396521e-18,4.38589245740646e-13,0
commonData,5,C,P3,Complete cubic,rad/s,study5_pilot_20260922/fits/fit_P3.mat,pilot,0,stationary,0.6,derived pilot,After 200 initialization transitions,200,NaN,held,clean,(rad/s)^2,NaN,1,0.1,29,29,0,5.52877322620746e-05,1.93695991023243e-08,0.000139174707121389,4.78544407166016e-19,1.39463892524593e-34,1.18094831607735e-17,5.52877322620751e-05,1.93695991023241e-08,0.000139174707121388,0,0,0,0,0,0,5.52877322620751e-05,1.93695991023241e-08,0.000139174707121388,-2.21379412453186e-22,-2.21379412453186e-22,3.00373073904762e-24,3.00373073904762e-24,0,6.16421171439563e-25,0,6.16421171439563e-25,8.16773724138406e-14,0
commonData,5,C,P3,Complete cubic,rad/s,study5_pilot_20260922/fits/fit_P3.mat,pilot,0,stationary,0.6,derived pilot,After 200 initialization transitions,200,NaN,held,clean,(rad/s)^2,NaN,2,0.2,29,29,0,0.00011140262970141,7.63653268440207e-08,0.000276342770565869,1.38005872385376e-05,7.14536726678526e-09,8.45302742618599e-05,0.000125203216939948,8.50708383895249e-08,0.000291669056277016,0,0,0,0,0,0,0.000125203216939948,8.50708383895249e-08,0.000291669056277016,1.56014427871895e-09,1.56014427871895e-09,-1.69572025573371e-23,-1.69572025573371e-23,0,5.29395592033938e-23,0,5.29395592033938e-23,1.62671513601557e-13,0
commonData,5,C,P3,Complete cubic,rad/s,study5_pilot_20260922/fits/fit_P3.mat,pilot,0,stationary,0.6,derived pilot,After 200 initialization transitions,200,NaN,held,clean,(rad/s)^2,NaN,5,0.5,29,29,0,0.000276442943223474,4.19824503970295e-07,0.000647938657567439,0.000357043402068728,5.1248440470405e-06,0.00226381184002569,0.000633486345292202,5.39611987561419e-06,0.00232295498785796,0,0,0,0,0,0,0.000633486345292202,5.39611987561419e-06,0.00232295498785796,-1.48548675396602e-07,-1.48548675396602e-07,1.24407964127975e-21,1.24407964127975e-21,0,5.0821976835258e-21,0,5.0821976835258e-21,3.97910874760349e-13,0
commonData,5,C,P3,Complete cubic,rad/s,study5_pilot_20260922/fits/fit_P3.mat,pilot,0,stationary,0.6,derived pilot,After 200 initialization transitions,200,NaN,held,clean,(rad/s)^2,NaN,10,1,29,29,0,0.000531604594257417,1.2169792690557e-06,0.00110316783358458,0.00284684847053429,0.000336854709781331,0.0183536020928136,0.00337845306479171,0.000334922199964721,0.01830087975931,0,0,0,0,0,0,0.00337845306479171,0.000334922199964721,0.01830087975931,-3.14948908566592e-06,-3.14948908566592e-06,-6.94567016748526e-20,-6.94567016748526e-20,0,1.42301535138722e-19,0,1.42301535138722e-19,7.0320186067601e-13,0
commonData,5,C,P3,Complete cubic,rad/s,study5_pilot_20260922/fits/fit_P3.mat,pilot,0,stationary,0.6,derived pilot,After 200 initialization transitions,200,NaN,held,clean,(rad/s)^2,NaN,20,2,29,29,0,0.000999596423217846,4.06696110024891e-06,0.00201667079620074,0.0180709055116017,0.0130195003685953,0.114103025238577,0.0190705019348195,0.0129485817380298,0.113791835111443,0,0,0,0,0,0,0.0190705019348195,0.0129485817380298,0.113791835111443,-7.49855916657743e-05,-7.49855916657743e-05,9.89334482393023e-19,9.89334482393023e-19,6.93889390390723e-18,8.34835672813838e-18,6.93889390390723e-18,8.34835672813838e-18,8.99017138477944e-13,0
commonData,5,C,P3,Complete cubic,rad/s,study5_pilot_20260922/fits/fit_P3.mat,pilot,0,stationary,0.6,derived pilot,After 200 initialization transitions,200,NaN,rateLimited,clean,(rad/s)^2,NaN,1,0.1,29,29,0,5.52877322620746e-05,1.93695991023243e-08,0.000139174707121389,4.78544407166016e-19,1.39463892524593e-34,1.18094831607735e-17,5.52877322620751e-05,1.93695991023241e-08,0.000139174707121388,0,0,0,0,0,0,5.52877322620751e-05,1.93695991023241e-08,0.000139174707121388,-2.21379412453186e-22,-2.21379412453186e-22,3.00373073904762e-24,3.00373073904762e-24,0,6.16421171439563e-25,0,6.16421171439563e-25,8.16773724138406e-14,0
commonData,5,C,P3,Complete cubic,rad/s,study5_pilot_20260922/fits/fit_P3.mat,pilot,0,stationary,0.6,derived pilot,After 200 initialization transitions,200,NaN,rateLimited,clean,(rad/s)^2,NaN,2,0.2,29,29,0,0.000124503719679909,8.06439427949283e-08,0.000283978771732903,2.14556999810013e-05,6.43616912338638e-09,8.0225738534378e-05,0.00014595941966091,9.29097559182895e-08,0.000304811016727233,0,0,0,0,0,0,0.00014595941966091,9.29097559182895e-08,0.000304811016727233,5.82964399997483e-09,5.82964399997483e-09,-3.97046694025453e-23,-3.97046694025453e-23,0,5.29395592033938e-23,0,5.29395592033938e-23,1.30999710621224e-13,0
commonData,5,C,P3,Complete cubic,rad/s,study5_pilot_20260922/fits/fit_P3.mat,pilot,0,stationary,0.6,derived pilot,After 200 initialization transitions,200,NaN,rateLimited,clean,(rad/s)^2,NaN,5,0.5,29,29,0,0.000351346257069519,4.78992881319396e-07,0.000692093116075717,0.000837690750044391,4.81089998505717e-06,0.00219337638928141,0.00118903700711391,5.87928960781082e-06,0.00242472464577131,0,0,0,0,0,0,0.00118903700711391,5.87928960781082e-06,0.00242472464577131,5.89396741434253e-07,5.89396741434253e-07,2.11758236813575e-22,2.11758236813575e-22,0,5.0821976835258e-21,0,5.0821976835258e-21,2.94076530853088e-13,0
commonData,5,C,P3,Complete cubic,rad/s,study5_pilot_20260922/fits/fit_P3.mat,pilot,0,stationary,0.6,derived pilot,After 200 initialization transitions,200,NaN,rateLimited,clean,(rad/s)^2,NaN,10,1,29,29,0,0.000624747453850082,1.51776706940273e-06,0.00123197689483315,0.00526175904818555,0.000219042124672702,0.0148000717793091,0.00588650650203563,0.000226021325888427,0.0150340056501395,0,0,0,0,0,0,0.00588650650203563,0.000226021325888427,0.0150340056501395,5.46143414632188e-06,5.46143414632188e-06,1.6940658945086e-20,1.6940658945086e-20,0,1.89735380184963e-19,0,1.89735380184963e-19,3.39548158130629e-13,0
commonData,5,C,P3,Complete cubic,rad/s,study5_pilot_20260922/fits/fit_P3.mat,pilot,0,stationary,0.6,derived pilot,After 200 initialization transitions,200,NaN,rateLimited,clean,(rad/s)^2,NaN,20,2,29,29,0,0.000855265525686346,3.37587325522817e-06,0.00183735496168491,0.00981070047076601,0.00356099766402342,0.0596740954185601,0.0106659659964523,0.00355492010743961,0.0596231507674629,0,0,0,0,0,0,0.0106659659964523,0.00355492010743961,0.0596231507674629,-9.45342983903439e-06,-9.45342983903439e-06,2.49027686492764e-19,2.49027686492764e-19,1.38777878078145e-17,3.25260651745651e-18,1.38777878078145e-17,3.25260651745651e-18,4.38589245740646e-13,0
commonData,5,C,K,Known-model reference,rad/s,study5_pilot_20260922/fits/fit_K.mat,pilot,0,stationary,0.6,derived pilot,After 25 initialization transitions,25,NaN,held,clean,(rad/s)^2,NaN,1,0.1,29,29,0,3.99287451761214e-12,5.08264502776145e-22,2.25447222820807e-11,-9.57088814332031e-19,2.65645509570653e-35,5.15408100024295e-18,3.99287356052332e-12,5.08264501965103e-22,2.25447222640933e-11,0,0,0,0,0,0,3.99287356052332e-12,5.08264501965103e-22,2.25447222640933e-11,-8.11068869821118e-31,-8.11068869821118e-31,9.72822907401294e-39,9.72822907401294e-39,0,0,0,0,8.16773724138406e-14,0
commonData,5,C,K,Known-model reference,rad/s,study5_pilot_20260922/fits/fit_K.mat,pilot,0,stationary,0.6,derived pilot,After 25 initialization transitions,25,NaN,held,clean,(rad/s)^2,NaN,2,0.2,29,29,0,7.0672160652332e-12,2.01805628712543e-21,4.49227813823391e-11,1.34825590405177e-05,7.21291960830601e-09,8.49289091435067e-05,1.34825661077337e-05,7.21291569099037e-09,8.49288860811819e-05,0,0,0,0,0,0,1.34825661077337e-05,7.21291569099037e-09,8.49288860811819e-05,-3.91731766321919e-15,-3.91731766321919e-15,-1.07688585463078e-24,-1.07688585463078e-24,0,2.87099063365312e-24,0,2.87099063365312e-24,1.62671513601557e-13,0
commonData,5,C,K,Known-model reference,rad/s,study5_pilot_20260922/fits/fit_K.mat,pilot,0,stationary,0.6,derived pilot,After 25 initialization transitions,25,NaN,held,clean,(rad/s)^2,NaN,5,0.5,29,29,0,1.08187170907705e-11,1.20730779627432e-20,1.09877558958794e-10,0.000353157686759292,5.24705668037698e-06,0.00229064547243282,0.000353157697578009,5.24705638815998e-06,0.00229064540864796,0,0,0,0,0,0,0.000353157697578009,5.24705638815998e-06,0.00229064540864796,-2.92217011066856e-13,-2.92217011066856e-13,5.90057556763142e-22,5.90057556763142e-22,0,1.66365044722915e-21,0,1.66365044722915e-21,3.97910874760349e-13,0
commonData,5,C,K,Known-model reference,rad/s,study5_pilot_20260922/fits/fit_K.mat,pilot,0,stationary,0.6,derived pilot,After 25 initialization transitions,25,NaN,held,clean,(rad/s)^2,NaN,10,1,29,29,0,2.91403383702842e-12,3.78313630859932e-20,1.94502861382534e-10,0.00284538709686763,0.000348814944307546,0.0186765881334773,0.00284538709978166,0.000348814939238757,0.0186765879977783,0,0,0,0,0,0,0.00284538709978166,0.000348814939238757,0.0186765879977783,-5.06878906621883e-12,-5.06878906621883e-12,-1.79892985873981e-20,-1.79892985873981e-20,0,1.35960706220602e-19,0,1.35960706220602e-19,7.0320186067601e-13,0
commonData,5,C,K,Known-model reference,rad/s,study5_pilot_20260922/fits/fit_K.mat,pilot,0,stationary,0.6,derived pilot,After 25 initialization transitions,25,NaN,held,clean,(rad/s)^2,NaN,20,2,29,29,0,-2.01636151501648e-11,6.19932787577432e-20,2.48984495014736e-10,0.0181883595323383,0.0133611165555203,0.115590296113127,0.0181883595121747,0.013361116504327,0.115590295891684,0,0,0,0,0,0,0.0181883595121747,0.013361116504327,0.115590295891684,-5.11932547209471e-11,-5.11932547209471e-11,2.24296181711908e-19,2.24296181711908e-19,6.93889390390723e-18,5.42707637106422e-18,6.93889390390723e-18,5.42707637106422e-18,8.99017138477944e-13,0
commonData,5,C,K,Known-model reference,rad/s,study5_pilot_20260922/fits/fit_K.mat,pilot,0,stationary,0.6,derived pilot,After 25 initialization transitions,25,NaN,rateLimited,clean,(rad/s)^2,NaN,1,0.1,29,29,0,3.99287451761214e-12,5.08264502776145e-22,2.25447222820807e-11,-9.57088814332031e-19,2.65645509570653e-35,5.15408100024295e-18,3.99287356052332e-12,5.08264501965103e-22,2.25447222640933e-11,0,0,0,0,0,0,3.99287356052332e-12,5.08264501965103e-22,2.25447222640933e-11,-8.11068869821118e-31,-8.11068869821118e-31,9.72822907401294e-39,9.72822907401294e-39,0,0,0,0,8.16773724138406e-14,0
commonData,5,C,K,Known-model reference,rad/s,study5_pilot_20260922/fits/fit_K.mat,pilot,0,stationary,0.6,derived pilot,After 25 initialization transitions,25,NaN,rateLimited,clean,(rad/s)^2,NaN,2,0.2,29,29,0,2.8448151401622e-12,1.30546339058581e-21,3.6131196916042e-11,2.02055888283828e-05,6.59079527353566e-09,8.11837131051276e-05,2.02055916731979e-05,6.59079214240176e-09,8.11836938208761e-05,0,0,0,0,0,0,2.02055916731979e-05,6.59079214240176e-09,8.11836938208761e-05,-3.13113521028075e-15,-3.13113521028075e-15,3.41527862584574e-25,3.41527862584574e-25,0,2.87099063365312e-24,0,2.87099063365312e-24,1.30999710621224e-13,0
commonData,5,C,K,Known-model reference,rad/s,study5_pilot_20260922/fits/fit_K.mat,pilot,0,stationary,0.6,derived pilot,After 25 initialization transitions,25,NaN,rateLimited,clean,(rad/s)^2,NaN,5,0.5,29,29,0,-1.73142044284245e-11,6.57621968213671e-21,8.1093894234626e-11,0.000803915178884633,4.81524604720763e-06,0.0021943668898358,0.000803915161570428,4.81524582846177e-06,0.00219436683999321,0,0,0,0,0,0,0.000803915161570428,4.81524582846177e-06,0.00219436683999321,-2.1874586987644e-13,-2.1874586987644e-13,8.83172646941069e-22,8.83172646941069e-22,0,2.12336707884285e-21,0,2.12336707884285e-21,2.94076530853088e-13,0
commonData,5,C,K,Known-model reference,rad/s,study5_pilot_20260922/fits/fit_K.mat,pilot,0,stationary,0.6,derived pilot,After 25 initialization transitions,25,NaN,rateLimited,clean,(rad/s)^2,NaN,10,1,29,29,0,-1.69073567407011e-11,8.75006716463323e-21,9.35417936787254e-11,0.0050810797535103,0.000220536014288866,0.01485045501959,0.00508107973660294,0.000220536012455025,0.0148504549578464,0,0,0,0,0,0,0.00508107973660294,0.000220536012455025,0.0148504549578464,-1.83384057864213e-12,-1.83384057864213e-12,-3.65270494248679e-20,-3.65270494248679e-20,0,1.89849864728239e-19,0,1.89849864728239e-19,3.39548158130629e-13,0
commonData,5,C,K,Known-model reference,rad/s,study5_pilot_20260922/fits/fit_K.mat,pilot,0,stationary,0.6,derived pilot,After 25 initialization transitions,25,NaN,rateLimited,clean,(rad/s)^2,NaN,20,2,29,29,0,-2.05234871243392e-12,1.46743666935082e-20,1.21137800432021e-10,0.00924443700925515,0.00359375774414848,0.0599479586320375,0.0092444370072028,0.00359375773543316,0.0599479585593468,0,0,0,0,0,0,0.0092444370072028,0.00359375773543316,0.0599479585593468,-8.71531257130254e-12,-8.71531257130254e-12,-1.8836920254604e-19,-1.8836920254604e-19,1.38777878078145e-17,2.75052259394209e-18,1.38777878078145e-17,2.75052259394209e-18,4.38589245740646e-13,0
commonData,5,C,K,Known-model reference,rad/s,study5_pilot_20260922/fits/fit_K.mat,pilot,0,stationary,0.6,derived pilot,After 50 initialization transitions,50,NaN,held,clean,(rad/s)^2,NaN,1,0.1,29,29,0,3.99287451761214e-12,5.08264502776145e-22,2.25447222820807e-11,-9.57088814332031e-19,2.65645509570653e-35,5.15408100024295e-18,3.99287356052332e-12,5.08264501965103e-22,2.25447222640933e-11,0,0,0,0,0,0,3.99287356052332e-12,5.08264501965103e-22,2.25447222640933e-11,-8.11068869821118e-31,-8.11068869821118e-31,9.72822907401294e-39,9.72822907401294e-39,0,0,0,0,8.16773724138406e-14,0
commonData,5,C,K,Known-model reference,rad/s,study5_pilot_20260922/fits/fit_K.mat,pilot,0,stationary,0.6,derived pilot,After 50 initialization transitions,50,NaN,held,clean,(rad/s)^2,NaN,2,0.2,29,29,0,7.0672160652332e-12,2.01805628712543e-21,4.49227813823391e-11,1.34825590405177e-05,7.21291960830601e-09,8.49289091435067e-05,1.34825661077337e-05,7.21291569099037e-09,8.49288860811819e-05,0,0,0,0,0,0,1.34825661077337e-05,7.21291569099037e-09,8.49288860811819e-05,-3.91731766321919e-15,-3.91731766321919e-15,-1.07688585463078e-24,-1.07688585463078e-24,0,2.87099063365312e-24,0,2.87099063365312e-24,1.62671513601557e-13,0
commonData,5,C,K,Known-model reference,rad/s,study5_pilot_20260922/fits/fit_K.mat,pilot,0,stationary,0.6,derived pilot,After 50 initialization transitions,50,NaN,held,clean,(rad/s)^2,NaN,5,0.5,29,29,0,1.08187170907705e-11,1.20730779627432e-20,1.09877558958794e-10,0.000353157686759292,5.24705668037698e-06,0.00229064547243282,0.000353157697578009,5.24705638815998e-06,0.00229064540864796,0,0,0,0,0,0,0.000353157697578009,5.24705638815998e-06,0.00229064540864796,-2.92217011066856e-13,-2.92217011066856e-13,5.90057556763142e-22,5.90057556763142e-22,0,1.66365044722915e-21,0,1.66365044722915e-21,3.97910874760349e-13,0
commonData,5,C,K,Known-model reference,rad/s,study5_pilot_20260922/fits/fit_K.mat,pilot,0,stationary,0.6,derived pilot,After 50 initialization transitions,50,NaN,held,clean,(rad/s)^2,NaN,10,1,29,29,0,2.91403383702842e-12,3.78313630859932e-20,1.94502861382534e-10,0.00284538709686763,0.000348814944307546,0.0186765881334773,0.00284538709978166,0.000348814939238757,0.0186765879977783,0,0,0,0,0,0,0.00284538709978166,0.000348814939238757,0.0186765879977783,-5.06878906621883e-12,-5.06878906621883e-12,-1.79892985873981e-20,-1.79892985873981e-20,0,1.35960706220602e-19,0,1.35960706220602e-19,7.0320186067601e-13,0
commonData,5,C,K,Known-model reference,rad/s,study5_pilot_20260922/fits/fit_K.mat,pilot,0,stationary,0.6,derived pilot,After 50 initialization transitions,50,NaN,held,clean,(rad/s)^2,NaN,20,2,29,29,0,-2.01636151501648e-11,6.19932787577432e-20,2.48984495014736e-10,0.0181883595323383,0.0133611165555203,0.115590296113127,0.0181883595121747,0.013361116504327,0.115590295891684,0,0,0,0,0,0,0.0181883595121747,0.013361116504327,0.115590295891684,-5.11932547209471e-11,-5.11932547209471e-11,2.24296181711908e-19,2.24296181711908e-19,6.93889390390723e-18,5.42707637106422e-18,6.93889390390723e-18,5.42707637106422e-18,8.99017138477944e-13,0
commonData,5,C,K,Known-model reference,rad/s,study5_pilot_20260922/fits/fit_K.mat,pilot,0,stationary,0.6,derived pilot,After 50 initialization transitions,50,NaN,rateLimited,clean,(rad/s)^2,NaN,1,0.1,29,29,0,3.99287451761214e-12,5.08264502776145e-22,2.25447222820807e-11,-9.57088814332031e-19,2.65645509570653e-35,5.15408100024295e-18,3.99287356052332e-12,5.08264501965103e-22,2.25447222640933e-11,0,0,0,0,0,0,3.99287356052332e-12,5.08264501965103e-22,2.25447222640933e-11,-8.11068869821118e-31,-8.11068869821118e-31,9.72822907401294e-39,9.72822907401294e-39,0,0,0,0,8.16773724138406e-14,0
commonData,5,C,K,Known-model reference,rad/s,study5_pilot_20260922/fits/fit_K.mat,pilot,0,stationary,0.6,derived pilot,After 50 initialization transitions,50,NaN,rateLimited,clean,(rad/s)^2,NaN,2,0.2,29,29,0,2.8448151401622e-12,1.30546339058581e-21,3.6131196916042e-11,2.02055888283828e-05,6.59079527353566e-09,8.11837131051276e-05,2.02055916731979e-05,6.59079214240176e-09,8.11836938208761e-05,0,0,0,0,0,0,2.02055916731979e-05,6.59079214240176e-09,8.11836938208761e-05,-3.13113521028075e-15,-3.13113521028075e-15,3.41527862584574e-25,3.41527862584574e-25,0,2.87099063365312e-24,0,2.87099063365312e-24,1.30999710621224e-13,0
commonData,5,C,K,Known-model reference,rad/s,study5_pilot_20260922/fits/fit_K.mat,pilot,0,stationary,0.6,derived pilot,After 50 initialization transitions,50,NaN,rateLimited,clean,(rad/s)^2,NaN,5,0.5,29,29,0,-1.73142044284245e-11,6.57621968213671e-21,8.1093894234626e-11,0.000803915178884633,4.81524604720763e-06,0.0021943668898358,0.000803915161570428,4.81524582846177e-06,0.00219436683999321,0,0,0,0,0,0,0.000803915161570428,4.81524582846177e-06,0.00219436683999321,-2.1874586987644e-13,-2.1874586987644e-13,8.83172646941069e-22,8.83172646941069e-22,0,2.12336707884285e-21,0,2.12336707884285e-21,2.94076530853088e-13,0
commonData,5,C,K,Known-model reference,rad/s,study5_pilot_20260922/fits/fit_K.mat,pilot,0,stationary,0.6,derived pilot,After 50 initialization transitions,50,NaN,rateLimited,clean,(rad/s)^2,NaN,10,1,29,29,0,-1.69073567407011e-11,8.75006716463323e-21,9.35417936787254e-11,0.0050810797535103,0.000220536014288866,0.01485045501959,0.00508107973660294,0.000220536012455025,0.0148504549578464,0,0,0,0,0,0,0.00508107973660294,0.000220536012455025,0.0148504549578464,-1.83384057864213e-12,-1.83384057864213e-12,-3.65270494248679e-20,-3.65270494248679e-20,0,1.89849864728239e-19,0,1.89849864728239e-19,3.39548158130629e-13,0
commonData,5,C,K,Known-model reference,rad/s,study5_pilot_20260922/fits/fit_K.mat,pilot,0,stationary,0.6,derived pilot,After 50 initialization transitions,50,NaN,rateLimited,clean,(rad/s)^2,NaN,20,2,29,29,0,-2.05234871243392e-12,1.46743666935082e-20,1.21137800432021e-10,0.00924443700925515,0.00359375774414848,0.0599479586320375,0.0092444370072028,0.00359375773543316,0.0599479585593468,0,0,0,0,0,0,0.0092444370072028,0.00359375773543316,0.0599479585593468,-8.71531257130254e-12,-8.71531257130254e-12,-1.8836920254604e-19,-1.8836920254604e-19,1.38777878078145e-17,2.75052259394209e-18,1.38777878078145e-17,2.75052259394209e-18,4.38589245740646e-13,0
commonData,5,C,K,Known-model reference,rad/s,study5_pilot_20260922/fits/fit_K.mat,pilot,0,stationary,0.6,derived pilot,After 100 initialization transitions,100,NaN,held,clean,(rad/s)^2,NaN,1,0.1,29,29,0,3.99287451761214e-12,5.08264502776145e-22,2.25447222820807e-11,-9.57088814332031e-19,2.65645509570653e-35,5.15408100024295e-18,3.99287356052332e-12,5.08264501965103e-22,2.25447222640933e-11,0,0,0,0,0,0,3.99287356052332e-12,5.08264501965103e-22,2.25447222640933e-11,-8.11068869821118e-31,-8.11068869821118e-31,9.72822907401294e-39,9.72822907401294e-39,0,0,0,0,8.16773724138406e-14,0
commonData,5,C,K,Known-model reference,rad/s,study5_pilot_20260922/fits/fit_K.mat,pilot,0,stationary,0.6,derived pilot,After 100 initialization transitions,100,NaN,held,clean,(rad/s)^2,NaN,2,0.2,29,29,0,7.0672160652332e-12,2.01805628712543e-21,4.49227813823391e-11,1.34825590405177e-05,7.21291960830601e-09,8.49289091435067e-05,1.34825661077337e-05,7.21291569099037e-09,8.49288860811819e-05,0,0,0,0,0,0,1.34825661077337e-05,7.21291569099037e-09,8.49288860811819e-05,-3.91731766321919e-15,-3.91731766321919e-15,-1.07688585463078e-24,-1.07688585463078e-24,0,2.87099063365312e-24,0,2.87099063365312e-24,1.62671513601557e-13,0
commonData,5,C,K,Known-model reference,rad/s,study5_pilot_20260922/fits/fit_K.mat,pilot,0,stationary,0.6,derived pilot,After 100 initialization transitions,100,NaN,held,clean,(rad/s)^2,NaN,5,0.5,29,29,0,1.08187170907705e-11,1.20730779627432e-20,1.09877558958794e-10,0.000353157686759292,5.24705668037698e-06,0.00229064547243282,0.000353157697578009,5.24705638815998e-06,0.00229064540864796,0,0,0,0,0,0,0.000353157697578009,5.24705638815998e-06,0.00229064540864796,-2.92217011066856e-13,-2.92217011066856e-13,5.90057556763142e-22,5.90057556763142e-22,0,1.66365044722915e-21,0,1.66365044722915e-21,3.97910874760349e-13,0
commonData,5,C,K,Known-model reference,rad/s,study5_pilot_20260922/fits/fit_K.mat,pilot,0,stationary,0.6,derived pilot,After 100 initialization transitions,100,NaN,held,clean,(rad/s)^2,NaN,10,1,29,29,0,2.91403383702842e-12,3.78313630859932e-20,1.94502861382534e-10,0.00284538709686763,0.000348814944307546,0.0186765881334773,0.00284538709978166,0.000348814939238757,0.0186765879977783,0,0,0,0,0,0,0.00284538709978166,0.000348814939238757,0.0186765879977783,-5.06878906621883e-12,-5.06878906621883e-12,-1.79892985873981e-20,-1.79892985873981e-20,0,1.35960706220602e-19,0,1.35960706220602e-19,7.0320186067601e-13,0
commonData,5,C,K,Known-model reference,rad/s,study5_pilot_20260922/fits/fit_K.mat,pilot,0,stationary,0.6,derived pilot,After 100 initialization transitions,100,NaN,held,clean,(rad/s)^2,NaN,20,2,29,29,0,-2.01636151501648e-11,6.19932787577432e-20,2.48984495014736e-10,0.0181883595323383,0.0133611165555203,0.115590296113127,0.0181883595121747,0.013361116504327,0.115590295891684,0,0,0,0,0,0,0.0181883595121747,0.013361116504327,0.115590295891684,-5.11932547209471e-11,-5.11932547209471e-11,2.24296181711908e-19,2.24296181711908e-19,6.93889390390723e-18,5.42707637106422e-18,6.93889390390723e-18,5.42707637106422e-18,8.99017138477944e-13,0
commonData,5,C,K,Known-model reference,rad/s,study5_pilot_20260922/fits/fit_K.mat,pilot,0,stationary,0.6,derived pilot,After 100 initialization transitions,100,NaN,rateLimited,clean,(rad/s)^2,NaN,1,0.1,29,29,0,3.99287451761214e-12,5.08264502776145e-22,2.25447222820807e-11,-9.57088814332031e-19,2.65645509570653e-35,5.15408100024295e-18,3.99287356052332e-12,5.08264501965103e-22,2.25447222640933e-11,0,0,0,0,0,0,3.99287356052332e-12,5.08264501965103e-22,2.25447222640933e-11,-8.11068869821118e-31,-8.11068869821118e-31,9.72822907401294e-39,9.72822907401294e-39,0,0,0,0,8.16773724138406e-14,0
commonData,5,C,K,Known-model reference,rad/s,study5_pilot_20260922/fits/fit_K.mat,pilot,0,stationary,0.6,derived pilot,After 100 initialization transitions,100,NaN,rateLimited,clean,(rad/s)^2,NaN,2,0.2,29,29,0,2.8448151401622e-12,1.30546339058581e-21,3.6131196916042e-11,2.02055888283828e-05,6.59079527353566e-09,8.11837131051276e-05,2.02055916731979e-05,6.59079214240176e-09,8.11836938208761e-05,0,0,0,0,0,0,2.02055916731979e-05,6.59079214240176e-09,8.11836938208761e-05,-3.13113521028075e-15,-3.13113521028075e-15,3.41527862584574e-25,3.41527862584574e-25,0,2.87099063365312e-24,0,2.87099063365312e-24,1.30999710621224e-13,0
commonData,5,C,K,Known-model reference,rad/s,study5_pilot_20260922/fits/fit_K.mat,pilot,0,stationary,0.6,derived pilot,After 100 initialization transitions,100,NaN,rateLimited,clean,(rad/s)^2,NaN,5,0.5,29,29,0,-1.73142044284245e-11,6.57621968213671e-21,8.1093894234626e-11,0.000803915178884633,4.81524604720763e-06,0.0021943668898358,0.000803915161570428,4.81524582846177e-06,0.00219436683999321,0,0,0,0,0,0,0.000803915161570428,4.81524582846177e-06,0.00219436683999321,-2.1874586987644e-13,-2.1874586987644e-13,8.83172646941069e-22,8.83172646941069e-22,0,2.12336707884285e-21,0,2.12336707884285e-21,2.94076530853088e-13,0
commonData,5,C,K,Known-model reference,rad/s,study5_pilot_20260922/fits/fit_K.mat,pilot,0,stationary,0.6,derived pilot,After 100 initialization transitions,100,NaN,rateLimited,clean,(rad/s)^2,NaN,10,1,29,29,0,-1.69073567407011e-11,8.75006716463323e-21,9.35417936787254e-11,0.0050810797535103,0.000220536014288866,0.01485045501959,0.00508107973660294,0.000220536012455025,0.0148504549578464,0,0,0,0,0,0,0.00508107973660294,0.000220536012455025,0.0148504549578464,-1.83384057864213e-12,-1.83384057864213e-12,-3.65270494248679e-20,-3.65270494248679e-20,0,1.89849864728239e-19,0,1.89849864728239e-19,3.39548158130629e-13,0
commonData,5,C,K,Known-model reference,rad/s,study5_pilot_20260922/fits/fit_K.mat,pilot,0,stationary,0.6,derived pilot,After 100 initialization transitions,100,NaN,rateLimited,clean,(rad/s)^2,NaN,20,2,29,29,0,-2.05234871243392e-12,1.46743666935082e-20,1.21137800432021e-10,0.00924443700925515,0.00359375774414848,0.0599479586320375,0.0092444370072028,0.00359375773543316,0.0599479585593468,0,0,0,0,0,0,0.0092444370072028,0.00359375773543316,0.0599479585593468,-8.71531257130254e-12,-8.71531257130254e-12,-1.8836920254604e-19,-1.8836920254604e-19,1.38777878078145e-17,2.75052259394209e-18,1.38777878078145e-17,2.75052259394209e-18,4.38589245740646e-13,0
commonData,5,C,K,Known-model reference,rad/s,study5_pilot_20260922/fits/fit_K.mat,pilot,0,stationary,0.6,derived pilot,After 200 initialization transitions,200,NaN,held,clean,(rad/s)^2,NaN,1,0.1,29,29,0,3.99287451761214e-12,5.08264502776145e-22,2.25447222820807e-11,-9.57088814332031e-19,2.65645509570653e-35,5.15408100024295e-18,3.99287356052332e-12,5.08264501965103e-22,2.25447222640933e-11,0,0,0,0,0,0,3.99287356052332e-12,5.08264501965103e-22,2.25447222640933e-11,-8.11068869821118e-31,-8.11068869821118e-31,9.72822907401294e-39,9.72822907401294e-39,0,0,0,0,8.16773724138406e-14,0
commonData,5,C,K,Known-model reference,rad/s,study5_pilot_20260922/fits/fit_K.mat,pilot,0,stationary,0.6,derived pilot,After 200 initialization transitions,200,NaN,held,clean,(rad/s)^2,NaN,2,0.2,29,29,0,7.0672160652332e-12,2.01805628712543e-21,4.49227813823391e-11,1.34825590405177e-05,7.21291960830601e-09,8.49289091435067e-05,1.34825661077337e-05,7.21291569099037e-09,8.49288860811819e-05,0,0,0,0,0,0,1.34825661077337e-05,7.21291569099037e-09,8.49288860811819e-05,-3.91731766321919e-15,-3.91731766321919e-15,-1.07688585463078e-24,-1.07688585463078e-24,0,2.87099063365312e-24,0,2.87099063365312e-24,1.62671513601557e-13,0
commonData,5,C,K,Known-model reference,rad/s,study5_pilot_20260922/fits/fit_K.mat,pilot,0,stationary,0.6,derived pilot,After 200 initialization transitions,200,NaN,held,clean,(rad/s)^2,NaN,5,0.5,29,29,0,1.08187170907705e-11,1.20730779627432e-20,1.09877558958794e-10,0.000353157686759292,5.24705668037698e-06,0.00229064547243282,0.000353157697578009,5.24705638815998e-06,0.00229064540864796,0,0,0,0,0,0,0.000353157697578009,5.24705638815998e-06,0.00229064540864796,-2.92217011066856e-13,-2.92217011066856e-13,5.90057556763142e-22,5.90057556763142e-22,0,1.66365044722915e-21,0,1.66365044722915e-21,3.97910874760349e-13,0
commonData,5,C,K,Known-model reference,rad/s,study5_pilot_20260922/fits/fit_K.mat,pilot,0,stationary,0.6,derived pilot,After 200 initialization transitions,200,NaN,held,clean,(rad/s)^2,NaN,10,1,29,29,0,2.91403383702842e-12,3.78313630859932e-20,1.94502861382534e-10,0.00284538709686763,0.000348814944307546,0.0186765881334773,0.00284538709978166,0.000348814939238757,0.0186765879977783,0,0,0,0,0,0,0.00284538709978166,0.000348814939238757,0.0186765879977783,-5.06878906621883e-12,-5.06878906621883e-12,-1.79892985873981e-20,-1.79892985873981e-20,0,1.35960706220602e-19,0,1.35960706220602e-19,7.0320186067601e-13,0
commonData,5,C,K,Known-model reference,rad/s,study5_pilot_20260922/fits/fit_K.mat,pilot,0,stationary,0.6,derived pilot,After 200 initialization transitions,200,NaN,held,clean,(rad/s)^2,NaN,20,2,29,29,0,-2.01636151501648e-11,6.19932787577432e-20,2.48984495014736e-10,0.0181883595323383,0.0133611165555203,0.115590296113127,0.0181883595121747,0.013361116504327,0.115590295891684,0,0,0,0,0,0,0.0181883595121747,0.013361116504327,0.115590295891684,-5.11932547209471e-11,-5.11932547209471e-11,2.24296181711908e-19,2.24296181711908e-19,6.93889390390723e-18,5.42707637106422e-18,6.93889390390723e-18,5.42707637106422e-18,8.99017138477944e-13,0
commonData,5,C,K,Known-model reference,rad/s,study5_pilot_20260922/fits/fit_K.mat,pilot,0,stationary,0.6,derived pilot,After 200 initialization transitions,200,NaN,rateLimited,clean,(rad/s)^2,NaN,1,0.1,29,29,0,3.99287451761214e-12,5.08264502776145e-22,2.25447222820807e-11,-9.57088814332031e-19,2.65645509570653e-35,5.15408100024295e-18,3.99287356052332e-12,5.08264501965103e-22,2.25447222640933e-11,0,0,0,0,0,0,3.99287356052332e-12,5.08264501965103e-22,2.25447222640933e-11,-8.11068869821118e-31,-8.11068869821118e-31,9.72822907401294e-39,9.72822907401294e-39,0,0,0,0,8.16773724138406e-14,0
commonData,5,C,K,Known-model reference,rad/s,study5_pilot_20260922/fits/fit_K.mat,pilot,0,stationary,0.6,derived pilot,After 200 initialization transitions,200,NaN,rateLimited,clean,(rad/s)^2,NaN,2,0.2,29,29,0,2.8448151401622e-12,1.30546339058581e-21,3.6131196916042e-11,2.02055888283828e-05,6.59079527353566e-09,8.11837131051276e-05,2.02055916731979e-05,6.59079214240176e-09,8.11836938208761e-05,0,0,0,0,0,0,2.02055916731979e-05,6.59079214240176e-09,8.11836938208761e-05,-3.13113521028075e-15,-3.13113521028075e-15,3.41527862584574e-25,3.41527862584574e-25,0,2.87099063365312e-24,0,2.87099063365312e-24,1.30999710621224e-13,0
commonData,5,C,K,Known-model reference,rad/s,study5_pilot_20260922/fits/fit_K.mat,pilot,0,stationary,0.6,derived pilot,After 200 initialization transitions,200,NaN,rateLimited,clean,(rad/s)^2,NaN,5,0.5,29,29,0,-1.73142044284245e-11,6.57621968213671e-21,8.1093894234626e-11,0.000803915178884633,4.81524604720763e-06,0.0021943668898358,0.000803915161570428,4.81524582846177e-06,0.00219436683999321,0,0,0,0,0,0,0.000803915161570428,4.81524582846177e-06,0.00219436683999321,-2.1874586987644e-13,-2.1874586987644e-13,8.83172646941069e-22,8.83172646941069e-22,0,2.12336707884285e-21,0,2.12336707884285e-21,2.94076530853088e-13,0
commonData,5,C,K,Known-model reference,rad/s,study5_pilot_20260922/fits/fit_K.mat,pilot,0,stationary,0.6,derived pilot,After 200 initialization transitions,200,NaN,rateLimited,clean,(rad/s)^2,NaN,10,1,29,29,0,-1.69073567407011e-11,8.75006716463323e-21,9.35417936787254e-11,0.0050810797535103,0.000220536014288866,0.01485045501959,0.00508107973660294,0.000220536012455025,0.0148504549578464,0,0,0,0,0,0,0.00508107973660294,0.000220536012455025,0.0148504549578464,-1.83384057864213e-12,-1.83384057864213e-12,-3.65270494248679e-20,-3.65270494248679e-20,0,1.89849864728239e-19,0,1.89849864728239e-19,3.39548158130629e-13,0
commonData,5,C,K,Known-model reference,rad/s,study5_pilot_20260922/fits/fit_K.mat,pilot,0,stationary,0.6,derived pilot,After 200 initialization transitions,200,NaN,rateLimited,clean,(rad/s)^2,NaN,20,2,29,29,0,-2.05234871243392e-12,1.46743666935082e-20,1.21137800432021e-10,0.00924443700925515,0.00359375774414848,0.0599479586320375,0.0092444370072028,0.00359375773543316,0.0599479585593468,0,0,0,0,0,0,0.0092444370072028,0.00359375773543316,0.0599479585593468,-8.71531257130254e-12,-8.71531257130254e-12,-1.8836920254604e-19,-1.8836920254604e-19,1.38777878078145e-17,2.75052259394209e-18,1.38777878078145e-17,2.75052259394209e-18,4.38589245740646e-13,0
