scenario,model,scenarioId,modelId,coefficientCount,completed,timeSeconds,sampleIndex,attempted,valid,queryCount,predictionRMS,sourceStudy,interpretation
No change,Affine,no_change,A,3,1,0,0,1,1,441,4.05006598396659e-05,4,Reused nonlinear grid error; not a frozen-affine or tracking score
No change,Affine,no_change,A,3,1,1,10,1,1,441,3.62136852811397e-05,4,Reused nonlinear grid error; not a frozen-affine or tracking score
No change,Affine,no_change,A,3,1,2,20,1,1,441,3.10327037218246e-05,4,Reused nonlinear grid error; not a frozen-affine or tracking score
No change,Affine,no_change,A,3,1,3,30,1,1,441,2.75539131328267e-05,4,Reused nonlinear grid error; not a frozen-affine or tracking score
No change,Affine,no_change,A,3,1,4,40,1,1,441,2.51276808415601e-05,4,Reused nonlinear grid error; not a frozen-affine or tracking score
No change,Affine,no_change,A,3,1,5,50,1,1,441,2.3388107525626e-05,4,Reused nonlinear grid error; not a frozen-affine or tracking score
No change,Affine,no_change,A,3,1,6,60,1,1,441,2.21141290141094e-05,4,Reused nonlinear grid error; not a frozen-affine or tracking score
No change,Affine,no_change,A,3,1,7,70,1,1,441,2.11651916148525e-05,4,Reused nonlinear grid error; not a frozen-affine or tracking score
No change,Affine,no_change,A,3,1,8,80,1,1,441,2.04484593606418e-05,4,Reused nonlinear grid error; not a frozen-affine or tracking score
No change,Affine,no_change,A,3,1,9,90,1,1,441,1.9900782695853e-05,4,Reused nonlinear grid error; not a frozen-affine or tracking score
No change,Affine,no_change,A,3,1,10,100,1,1,441,1.94781808080276e-05,4,Reused nonlinear grid error; not a frozen-affine or tracking score
No change,Affine,no_change,A,3,1,11,110,1,1,441,1.9149417515696e-05,4,Reused nonlinear grid error; not a frozen-affine or tracking score
No change,Affine,no_change,A,3,1,12,120,1,1,441,1.88919330694507e-05,4,Reused nonlinear grid error; not a frozen-affine or tracking score
No change,Affine,no_change,A,3,1,13,130,1,1,441,1.86891925548382e-05,4,Reused nonlinear grid error; not a frozen-affine or tracking score
No change,Affine,no_change,A,3,1,14,140,1,1,441,1.85289164421379e-05,4,Reused nonlinear grid error; not a frozen-affine or tracking score
No change,Affine,no_change,A,3,1,15,150,1,1,441,1.8401876221031e-05,4,Reused nonlinear grid error; not a frozen-affine or tracking score
No change,Affine,no_change,A,3,1,16,160,1,1,441,1.83010605454517e-05,4,Reused nonlinear grid error; not a frozen-affine or tracking score
No change,Affine,no_change,A,3,1,17,170,1,1,441,1.82210891350296e-05,4,Reused nonlinear grid error; not a frozen-affine or tracking score
No change,Affine,no_change,A,3,1,18,180,1,1,441,1.8157795191255e-05,4,Reused nonlinear grid error; not a frozen-affine or tracking score
No change,Affine,no_change,A,3,1,19,190,1,1,441,1.81079241693305e-05,4,Reused nonlinear grid error; not a frozen-affine or tracking score
No change,Affine,no_change,A,3,1,20,200,1,1,441,1.76367657296247e-05,4,Reused nonlinear grid error; not a frozen-affine or tracking score
No change,Affine,no_change,A,3,1,21,210,1,1,441,1.5955084317227e-05,4,Reused nonlinear grid error; not a frozen-affine or tracking score
No change,Affine,no_change,A,3,1,22,220,1,1,441,1.50030507428562e-05,4,Reused nonlinear grid error; not a frozen-affine or tracking score
No change,Affine,no_change,A,3,1,23,230,1,1,441,1.42967336163081e-05,4,Reused nonlinear grid error; not a frozen-affine or tracking score
No change,Affine,no_change,A,3,1,24,240,1,1,441,1.37703508557527e-05,4,Reused nonlinear grid error; not a frozen-affine or tracking score
No change,Affine,no_change,A,3,1,25,250,1,1,441,1.33772602984009e-05,4,Reused nonlinear grid error; not a frozen-affine or tracking score
No change,Affine,no_change,A,3,1,26,260,1,1,441,1.30838326007956e-05,4,Reused nonlinear grid error; not a frozen-affine or tracking score
No change,Affine,no_change,A,3,1,27,270,1,1,441,1.28655069583002e-05,4,Reused nonlinear grid error; not a frozen-affine or tracking score
No change,Affine,no_change,A,3,1,28,280,1,1,441,1.2704158085263e-05,4,Reused nonlinear grid error; not a frozen-affine or tracking score
No change,Affine,no_change,A,3,1,29,290,1,1,441,1.25862905860254e-05,4,Reused nonlinear grid error; not a frozen-affine or tracking score
No change,Affine,no_change,A,3,1,30,300,1,1,441,1.25017763361596e-05,4,Reused nonlinear grid error; not a frozen-affine or tracking score
No change,Affine,no_change,A,3,1,31,310,1,1,441,1.24429587523842e-05,4,Reused nonlinear grid error; not a frozen-affine or tracking score
No change,Affine,no_change,A,3,1,32,320,1,1,441,1.24040101953636e-05,4,Reused nonlinear grid error; not a frozen-affine or tracking score
No change,Affine,no_change,A,3,1,33,330,1,1,441,1.23804666901934e-05,4,Reused nonlinear grid error; not a frozen-affine or tracking score
No change,Affine,no_change,A,3,1,34,340,1,1,441,1.23688882919236e-05,4,Reused nonlinear grid error; not a frozen-affine or tracking score
No change,Affine,no_change,A,3,1,35,350,1,1,441,1.23666093082719e-05,4,Reused nonlinear grid error; not a frozen-affine or tracking score
No change,Affine,no_change,A,3,1,36,360,1,1,441,1.23715533001348e-05,4,Reused nonlinear grid error; not a frozen-affine or tracking score
No change,Affine,no_change,A,3,1,37,370,1,1,441,1.23820951214974e-05,4,Reused nonlinear grid error; not a frozen-affine or tracking score
No change,Affine,no_change,A,3,1,38,380,1,1,441,1.23969573528333e-05,4,Reused nonlinear grid error; not a frozen-affine or tracking score
No change,Affine,no_change,A,3,1,39,390,1,1,441,1.24151320503155e-05,4,Reused nonlinear grid error; not a frozen-affine or tracking score
No change,Affine,no_change,A,3,1,40,400,1,1,441,1.17531051432332e-05,4,Reused nonlinear grid error; not a frozen-affine or tracking score
No change,Affine,no_change,A,3,1,41,410,1,1,441,1.10432081205615e-05,4,Reused nonlinear grid error; not a frozen-affine or tracking score
No change,Affine,no_change,A,3,1,42,420,1,1,441,1.10859027697733e-05,4,Reused nonlinear grid error; not a frozen-affine or tracking score
No change,Affine,no_change,A,3,1,43,430,1,1,441,1.11326938195322e-05,4,Reused nonlinear grid error; not a frozen-affine or tracking score
No change,Affine,no_change,A,3,1,44,440,1,1,441,1.11819073269847e-05,4,Reused nonlinear grid error; not a frozen-affine or tracking score
No change,Affine,no_change,A,3,1,45,450,1,1,441,1.12323436635709e-05,4,Reused nonlinear grid error; not a frozen-affine or tracking score
No change,Affine,no_change,A,3,1,46,460,1,1,441,1.1283145965601e-05,4,Reused nonlinear grid error; not a frozen-affine or tracking score
No change,Affine,no_change,A,3,1,47,470,1,1,441,1.13337051733622e-05,4,Reused nonlinear grid error; not a frozen-affine or tracking score
No change,Affine,no_change,A,3,1,48,480,1,1,441,1.13835923182233e-05,4,Reused nonlinear grid error; not a frozen-affine or tracking score
No change,Affine,no_change,A,3,1,49,490,1,1,441,1.14325098644615e-05,4,Reused nonlinear grid error; not a frozen-affine or tracking score
No change,Affine,no_change,A,3,1,50,500,1,1,441,1.14802564907966e-05,4,Reused nonlinear grid error; not a frozen-affine or tracking score
No change,Affine,no_change,A,3,1,51,510,1,1,441,1.15267014306663e-05,4,Reused nonlinear grid error; not a frozen-affine or tracking score
No change,Affine,no_change,A,3,1,52,520,1,1,441,1.15717656648508e-05,4,Reused nonlinear grid error; not a frozen-affine or tracking score
No change,Affine,no_change,A,3,1,53,530,1,1,441,1.16154080641656e-05,4,Reused nonlinear grid error; not a frozen-affine or tracking score
No change,Affine,no_change,A,3,1,54,540,1,1,441,1.16576151325081e-05,4,Reused nonlinear grid error; not a frozen-affine or tracking score
No change,Affine,no_change,A,3,1,55,550,1,1,441,1.16983933864488e-05,4,Reused nonlinear grid error; not a frozen-affine or tracking score
No change,Affine,no_change,A,3,1,56,560,1,1,441,1.17377636763414e-05,4,Reused nonlinear grid error; not a frozen-affine or tracking score
No change,Affine,no_change,A,3,1,57,570,1,1,441,1.17757569468452e-05,4,Reused nonlinear grid error; not a frozen-affine or tracking score
No change,Affine,no_change,A,3,1,58,580,1,1,441,1.18124110674476e-05,4,Reused nonlinear grid error; not a frozen-affine or tracking score
No change,Affine,no_change,A,3,1,59,590,1,1,441,1.18477684649854e-05,4,Reused nonlinear grid error; not a frozen-affine or tracking score
No change,Affine,no_change,A,3,1,60,600,1,1,441,1.13158905511789e-05,4,Reused nonlinear grid error; not a frozen-affine or tracking score
No change,Affine,no_change,A,3,1,61,610,1,1,441,1.081141178134e-05,4,Reused nonlinear grid error; not a frozen-affine or tracking score
No change,Affine,no_change,A,3,1,62,620,1,1,441,1.08169217383703e-05,4,Reused nonlinear grid error; not a frozen-affine or tracking score
No change,Affine,no_change,A,3,1,63,630,1,1,441,1.08235200534414e-05,4,Reused nonlinear grid error; not a frozen-affine or tracking score
No change,Affine,no_change,A,3,1,64,640,1,1,441,1.08310209135941e-05,4,Reused nonlinear grid error; not a frozen-affine or tracking score
No change,Affine,no_change,A,3,1,65,650,1,1,441,1.08392655984263e-05,4,Reused nonlinear grid error; not a frozen-affine or tracking score
No change,Affine,no_change,A,3,1,66,660,1,1,441,1.08481192531014e-05,4,Reused nonlinear grid error; not a frozen-affine or tracking score
No change,Affine,no_change,A,3,1,67,670,1,1,441,1.08574671414725e-05,4,Reused nonlinear grid error; not a frozen-affine or tracking score
No change,Affine,no_change,A,3,1,68,680,1,1,441,1.08672115314776e-05,4,Reused nonlinear grid error; not a frozen-affine or tracking score
No change,Affine,no_change,A,3,1,69,690,1,1,441,1.08772690985389e-05,4,Reused nonlinear grid error; not a frozen-affine or tracking score
No change,Affine,no_change,A,3,1,70,700,1,1,441,1.08875687536061e-05,4,Reused nonlinear grid error; not a frozen-affine or tracking score
No change,Affine,no_change,A,3,1,71,710,1,1,441,1.08980498218947e-05,4,Reused nonlinear grid error; not a frozen-affine or tracking score
No change,Affine,no_change,A,3,1,72,720,1,1,441,1.09086605105489e-05,4,Reused nonlinear grid error; not a frozen-affine or tracking score
No change,Affine,no_change,A,3,1,73,730,1,1,441,1.09193566164394e-05,4,Reused nonlinear grid error; not a frozen-affine or tracking score
No change,Affine,no_change,A,3,1,74,740,1,1,441,1.09301004338253e-05,4,Reused nonlinear grid error; not a frozen-affine or tracking score
No change,Affine,no_change,A,3,1,75,750,1,1,441,1.09408598278127e-05,4,Reused nonlinear grid error; not a frozen-affine or tracking score
No change,Affine,no_change,A,3,1,76,760,1,1,441,1.09516074480837e-05,4,Reused nonlinear grid error; not a frozen-affine or tracking score
No change,Affine,no_change,A,3,1,77,770,1,1,441,1.09623200582852e-05,4,Reused nonlinear grid error; not a frozen-affine or tracking score
No change,Affine,no_change,A,3,1,78,780,1,1,441,1.09729779649493e-05,4,Reused nonlinear grid error; not a frozen-affine or tracking score
No change,Affine,no_change,A,3,1,79,790,1,1,441,1.0983564527719e-05,4,Reused nonlinear grid error; not a frozen-affine or tracking score
No change,Affine,no_change,A,3,1,80,800,1,1,441,1.05483371826929e-05,4,Reused nonlinear grid error; not a frozen-affine or tracking score
No change,Affine,no_change,A,3,1,81,810,1,1,441,1.0202859751624e-05,4,Reused nonlinear grid error; not a frozen-affine or tracking score
No change,Affine,no_change,A,3,1,82,820,1,1,441,1.02200846519589e-05,4,Reused nonlinear grid error; not a frozen-affine or tracking score
No change,Affine,no_change,A,3,1,83,830,1,1,441,1.02369035775854e-05,4,Reused nonlinear grid error; not a frozen-affine or tracking score
No change,Affine,no_change,A,3,1,84,840,1,1,441,1.02533255964796e-05,4,Reused nonlinear grid error; not a frozen-affine or tracking score
No change,Affine,no_change,A,3,1,85,850,1,1,441,1.02693595406119e-05,4,Reused nonlinear grid error; not a frozen-affine or tracking score
No change,Affine,no_change,A,3,1,86,860,1,1,441,1.02850145519077e-05,4,Reused nonlinear grid error; not a frozen-affine or tracking score
No change,Affine,no_change,A,3,1,87,870,1,1,441,1.0300299971297e-05,4,Reused nonlinear grid error; not a frozen-affine or tracking score
No change,Affine,no_change,A,3,1,88,880,1,1,441,1.03152252478971e-05,4,Reused nonlinear grid error; not a frozen-affine or tracking score
No change,Affine,no_change,A,3,1,89,890,1,1,441,1.03297998647577e-05,4,Reused nonlinear grid error; not a frozen-affine or tracking score
No change,Affine,no_change,A,3,1,90,900,1,1,441,1.03440332790812e-05,4,Reused nonlinear grid error; not a frozen-affine or tracking score
No change,Affine,no_change,A,3,1,91,910,1,1,441,1.03579348734035e-05,4,Reused nonlinear grid error; not a frozen-affine or tracking score
No change,Affine,no_change,A,3,1,92,920,1,1,441,1.03715139169061e-05,4,Reused nonlinear grid error; not a frozen-affine or tracking score
No change,Affine,no_change,A,3,1,93,930,1,1,441,1.03847795343716e-05,4,Reused nonlinear grid error; not a frozen-affine or tracking score
No change,Affine,no_change,A,3,1,94,940,1,1,441,1.03977406821791e-05,4,Reused nonlinear grid error; not a frozen-affine or tracking score
No change,Affine,no_change,A,3,1,95,950,1,1,441,1.04104061296051e-05,4,Reused nonlinear grid error; not a frozen-affine or tracking score
No change,Affine,no_change,A,3,1,96,960,1,1,441,1.04227844445533e-05,4,Reused nonlinear grid error; not a frozen-affine or tracking score
No change,Affine,no_change,A,3,1,97,970,1,1,441,1.04348839838888e-05,4,Reused nonlinear grid error; not a frozen-affine or tracking score
No change,Affine,no_change,A,3,1,98,980,1,1,441,1.04467128858181e-05,4,Reused nonlinear grid error; not a frozen-affine or tracking score
No change,Affine,no_change,A,3,1,99,990,1,1,441,1.04582790657388e-05,4,Reused nonlinear grid error; not a frozen-affine or tracking score
No change,Affine,no_change,A,3,1,100,1000,1,1,441,1.02563490801676e-05,4,Reused nonlinear grid error; not a frozen-affine or tracking score
No change,Affine,no_change,A,3,1,101,1010,1,1,441,1.01717518781802e-05,4,Reused nonlinear grid error; not a frozen-affine or tracking score
No change,Affine,no_change,A,3,1,102,1020,1,1,441,1.01715432625771e-05,4,Reused nonlinear grid error; not a frozen-affine or tracking score
No change,Affine,no_change,A,3,1,103,1030,1,1,441,1.01713495124949e-05,4,Reused nonlinear grid error; not a frozen-affine or tracking score
No change,Affine,no_change,A,3,1,104,1040,1,1,441,1.01711700242435e-05,4,Reused nonlinear grid error; not a frozen-affine or tracking score
No change,Affine,no_change,A,3,1,105,1050,1,1,441,1.01710041418301e-05,4,Reused nonlinear grid error; not a frozen-affine or tracking score
No change,Affine,no_change,A,3,1,106,1060,1,1,441,1.01708512419141e-05,4,Reused nonlinear grid error; not a frozen-affine or tracking score
No change,Affine,no_change,A,3,1,107,1070,1,1,441,1.0170710731544e-05,4,Reused nonlinear grid error; not a frozen-affine or tracking score
No change,Affine,no_change,A,3,1,108,1080,1,1,441,1.01705820467101e-05,4,Reused nonlinear grid error; not a frozen-affine or tracking score
No change,Affine,no_change,A,3,1,109,1090,1,1,441,1.01704646507094e-05,4,Reused nonlinear grid error; not a frozen-affine or tracking score
No change,Affine,no_change,A,3,1,110,1100,1,1,441,1.01703580327521e-05,4,Reused nonlinear grid error; not a frozen-affine or tracking score
No change,Affine,no_change,A,3,1,111,1110,1,1,441,1.01702617064206e-05,4,Reused nonlinear grid error; not a frozen-affine or tracking score
No change,Affine,no_change,A,3,1,112,1120,1,1,441,1.01701752083488e-05,4,Reused nonlinear grid error; not a frozen-affine or tracking score
No change,Affine,no_change,A,3,1,113,1130,1,1,441,1.01700980972756e-05,4,Reused nonlinear grid error; not a frozen-affine or tracking score
No change,Affine,no_change,A,3,1,114,1140,1,1,441,1.01700299525291e-05,4,Reused nonlinear grid error; not a frozen-affine or tracking score
No change,Affine,no_change,A,3,1,115,1150,1,1,441,1.01699703730744e-05,4,Reused nonlinear grid error; not a frozen-affine or tracking score
No change,Affine,no_change,A,3,1,116,1160,1,1,441,1.01699189766021e-05,4,Reused nonlinear grid error; not a frozen-affine or tracking score
No change,Affine,no_change,A,3,1,117,1170,1,1,441,1.0169875398385e-05,4,Reused nonlinear grid error; not a frozen-affine or tracking score
No change,Affine,no_change,A,3,1,118,1180,1,1,441,1.0169839290483e-05,4,Reused nonlinear grid error; not a frozen-affine or tracking score
No change,Affine,no_change,A,3,1,119,1190,1,1,441,1.01698103207981e-05,4,Reused nonlinear grid error; not a frozen-affine or tracking score
No change,Augmented affine,no_change,Aplus,4,1,0,0,1,1,441,5.41547863101232e-05,4,Reused nonlinear grid error; not a frozen-affine or tracking score
No change,Augmented affine,no_change,Aplus,4,1,1,10,1,1,441,5.19977338361671e-05,4,Reused nonlinear grid error; not a frozen-affine or tracking score
No change,Augmented affine,no_change,Aplus,4,1,2,20,1,1,441,5.44015604173831e-05,4,Reused nonlinear grid error; not a frozen-affine or tracking score
No change,Augmented affine,no_change,Aplus,4,1,3,30,1,1,441,5.7824547947693e-05,4,Reused nonlinear grid error; not a frozen-affine or tracking score
No change,Augmented affine,no_change,Aplus,4,1,4,40,1,1,441,6.07955872211946e-05,4,Reused nonlinear grid error; not a frozen-affine or tracking score
No change,Augmented affine,no_change,Aplus,4,1,5,50,1,1,441,6.32067189080627e-05,4,Reused nonlinear grid error; not a frozen-affine or tracking score
No change,Augmented affine,no_change,Aplus,4,1,6,60,1,1,441,6.51552096754133e-05,4,Reused nonlinear grid error; not a frozen-affine or tracking score
No change,Augmented affine,no_change,Aplus,4,1,7,70,1,1,441,6.67463806801777e-05,4,Reused nonlinear grid error; not a frozen-affine or tracking score
No change,Augmented affine,no_change,Aplus,4,1,8,80,1,1,441,6.80636277708475e-05,4,Reused nonlinear grid error; not a frozen-affine or tracking score
No change,Augmented affine,no_change,Aplus,4,1,9,90,1,1,441,6.91689950908382e-05,4,Reused nonlinear grid error; not a frozen-affine or tracking score
No change,Augmented affine,no_change,Aplus,4,1,10,100,1,1,441,7.01082275511164e-05,4,Reused nonlinear grid error; not a frozen-affine or tracking score
No change,Augmented affine,no_change,Aplus,4,1,11,110,1,1,441,7.0915302800357e-05,4,Reused nonlinear grid error; not a frozen-affine or tracking score
No change,Augmented affine,no_change,Aplus,4,1,12,120,1,1,441,7.16157834509225e-05,4,Reused nonlinear grid error; not a frozen-affine or tracking score
No change,Augmented affine,no_change,Aplus,4,1,13,130,1,1,441,7.22291774383463e-05,4,Reused nonlinear grid error; not a frozen-affine or tracking score
No change,Augmented affine,no_change,Aplus,4,1,14,140,1,1,441,7.27705844780317e-05,4,Reused nonlinear grid error; not a frozen-affine or tracking score
No change,Augmented affine,no_change,Aplus,4,1,15,150,1,1,441,7.32518504673319e-05,4,Reused nonlinear grid error; not a frozen-affine or tracking score
No change,Augmented affine,no_change,Aplus,4,1,16,160,1,1,441,7.36823857459269e-05,4,Reused nonlinear grid error; not a frozen-affine or tracking score
No change,Augmented affine,no_change,Aplus,4,1,17,170,1,1,441,7.40697527047161e-05,4,Reused nonlinear grid error; not a frozen-affine or tracking score
No change,Augmented affine,no_change,Aplus,4,1,18,180,1,1,441,7.44200935302493e-05,4,Reused nonlinear grid error; not a frozen-affine or tracking score
No change,Augmented affine,no_change,Aplus,4,1,19,190,1,1,441,7.47384457712575e-05,4,Reused nonlinear grid error; not a frozen-affine or tracking score
No change,Augmented affine,no_change,Aplus,4,1,20,200,1,1,441,7.49021003114302e-05,4,Reused nonlinear grid error; not a frozen-affine or tracking score
No change,Augmented affine,no_change,Aplus,4,1,21,210,1,1,441,6.54321784072441e-05,4,Reused nonlinear grid error; not a frozen-affine or tracking score
No change,Augmented affine,no_change,Aplus,4,1,22,220,1,1,441,5.69993435609764e-05,4,Reused nonlinear grid error; not a frozen-affine or tracking score
No change,Augmented affine,no_change,Aplus,4,1,23,230,1,1,441,5.07305870168898e-05,4,Reused nonlinear grid error; not a frozen-affine or tracking score
No change,Augmented affine,no_change,Aplus,4,1,24,240,1,1,441,4.59167600016684e-05,4,Reused nonlinear grid error; not a frozen-affine or tracking score
No change,Augmented affine,no_change,Aplus,4,1,25,250,1,1,441,4.2126408057543e-05,4,Reused nonlinear grid error; not a frozen-affine or tracking score
No change,Augmented affine,no_change,Aplus,4,1,26,260,1,1,441,3.90819098633877e-05,4,Reused nonlinear grid error; not a frozen-affine or tracking score
No change,Augmented affine,no_change,Aplus,4,1,27,270,1,1,441,3.65965242082174e-05,4,Reused nonlinear grid error; not a frozen-affine or tracking score
No change,Augmented affine,no_change,Aplus,4,1,28,280,1,1,441,3.45400378671859e-05,4,Reused nonlinear grid error; not a frozen-affine or tracking score
No change,Augmented affine,no_change,Aplus,4,1,29,290,1,1,441,3.2818916768471e-05,4,Reused nonlinear grid error; not a frozen-affine or tracking score
No change,Augmented affine,no_change,Aplus,4,1,30,300,1,1,441,3.13642821975827e-05,4,Reused nonlinear grid error; not a frozen-affine or tracking score
No change,Augmented affine,no_change,Aplus,4,1,31,310,1,1,441,3.01243316648016e-05,4,Reused nonlinear grid error; not a frozen-affine or tracking score
No change,Augmented affine,no_change,Aplus,4,1,32,320,1,1,441,2.90593964181922e-05,4,Reused nonlinear grid error; not a frozen-affine or tracking score
No change,Augmented affine,no_change,Aplus,4,1,33,330,1,1,441,2.81386223904874e-05,4,Reused nonlinear grid error; not a frozen-affine or tracking score
No change,Augmented affine,no_change,Aplus,4,1,34,340,1,1,441,2.73376835688333e-05,4,Reused nonlinear grid error; not a frozen-affine or tracking score
No change,Augmented affine,no_change,Aplus,4,1,35,350,1,1,441,2.66371708222649e-05,4,Reused nonlinear grid error; not a frozen-affine or tracking score
No change,Augmented affine,no_change,Aplus,4,1,36,360,1,1,441,2.60214338712078e-05,4,Reused nonlinear grid error; not a frozen-affine or tracking score
No change,Augmented affine,no_change,Aplus,4,1,37,370,1,1,441,2.54777341288461e-05,4,Reused nonlinear grid error; not a frozen-affine or tracking score
No change,Augmented affine,no_change,Aplus,4,1,38,380,1,1,441,2.49956151215639e-05,4,Reused nonlinear grid error; not a frozen-affine or tracking score
No change,Augmented affine,no_change,Aplus,4,1,39,390,1,1,441,2.45664279598869e-05,4,Reused nonlinear grid error; not a frozen-affine or tracking score
No change,Augmented affine,no_change,Aplus,4,1,40,400,1,1,441,2.28611122542522e-05,4,Reused nonlinear grid error; not a frozen-affine or tracking score
No change,Augmented affine,no_change,Aplus,4,1,41,410,1,1,441,2.21768570528871e-05,4,Reused nonlinear grid error; not a frozen-affine or tracking score
No change,Augmented affine,no_change,Aplus,4,1,42,420,1,1,441,2.24919091001285e-05,4,Reused nonlinear grid error; not a frozen-affine or tracking score
No change,Augmented affine,no_change,Aplus,4,1,43,430,1,1,441,2.27452271646562e-05,4,Reused nonlinear grid error; not a frozen-affine or tracking score
No change,Augmented affine,no_change,Aplus,4,1,44,440,1,1,441,2.29532596368357e-05,4,Reused nonlinear grid error; not a frozen-affine or tracking score
No change,Augmented affine,no_change,Aplus,4,1,45,450,1,1,441,2.31271134066517e-05,4,Reused nonlinear grid error; not a frozen-affine or tracking score
No change,Augmented affine,no_change,Aplus,4,1,46,460,1,1,441,2.32745495150811e-05,4,Reused nonlinear grid error; not a frozen-affine or tracking score
No change,Augmented affine,no_change,Aplus,4,1,47,470,1,1,441,2.34011507659015e-05,4,Reused nonlinear grid error; not a frozen-affine or tracking score
No change,Augmented affine,no_change,Aplus,4,1,48,480,1,1,441,2.35110338332158e-05,4,Reused nonlinear grid error; not a frozen-affine or tracking score
No change,Augmented affine,no_change,Aplus,4,1,49,490,1,1,441,2.36072998660886e-05,4,Reused nonlinear grid error; not a frozen-affine or tracking score
No change,Augmented affine,no_change,Aplus,4,1,50,500,1,1,441,2.36923288792287e-05,4,Reused nonlinear grid error; not a frozen-affine or tracking score
No change,Augmented affine,no_change,Aplus,4,1,51,510,1,1,441,2.3767977528146e-05,4,Reused nonlinear grid error; not a frozen-affine or tracking score
No change,Augmented affine,no_change,Aplus,4,1,52,520,1,1,441,2.38357152783434e-05,4,Reused nonlinear grid error; not a frozen-affine or tracking score
No change,Augmented affine,no_change,Aplus,4,1,53,530,1,1,441,2.38967202181726e-05,4,Reused nonlinear grid error; not a frozen-affine or tracking score
No change,Augmented affine,no_change,Aplus,4,1,54,540,1,1,441,2.39519477945282e-05,4,Reused nonlinear grid error; not a frozen-affine or tracking score
No change,Augmented affine,no_change,Aplus,4,1,55,550,1,1,441,2.40021809870875e-05,4,Reused nonlinear grid error; not a frozen-affine or tracking score
No change,Augmented affine,no_change,Aplus,4,1,56,560,1,1,441,2.40480675114218e-05,4,Reused nonlinear grid error; not a frozen-affine or tracking score
No change,Augmented affine,no_change,Aplus,4,1,57,570,1,1,441,2.40901477975328e-05,4,Reused nonlinear grid error; not a frozen-affine or tracking score
No change,Augmented affine,no_change,Aplus,4,1,58,580,1,1,441,2.41288763052635e-05,4,Reused nonlinear grid error; not a frozen-affine or tracking score
No change,Augmented affine,no_change,Aplus,4,1,59,590,1,1,441,2.41646379547409e-05,4,Reused nonlinear grid error; not a frozen-affine or tracking score
No change,Augmented affine,no_change,Aplus,4,1,60,600,1,1,441,2.39232632130258e-05,4,Reused nonlinear grid error; not a frozen-affine or tracking score
No change,Augmented affine,no_change,Aplus,4,1,61,610,1,1,441,2.38576599798318e-05,4,Reused nonlinear grid error; not a frozen-affine or tracking score
No change,Augmented affine,no_change,Aplus,4,1,62,620,1,1,441,2.38579888187888e-05,4,Reused nonlinear grid error; not a frozen-affine or tracking score
No change,Augmented affine,no_change,Aplus,4,1,63,630,1,1,441,2.38589134435822e-05,4,Reused nonlinear grid error; not a frozen-affine or tracking score
No change,Augmented affine,no_change,Aplus,4,1,64,640,1,1,441,2.38603412599418e-05,4,Reused nonlinear grid error; not a frozen-affine or tracking score
No change,Augmented affine,no_change,Aplus,4,1,65,650,1,1,441,2.38621934231247e-05,4,Reused nonlinear grid error; not a frozen-affine or tracking score
No change,Augmented affine,no_change,Aplus,4,1,66,660,1,1,441,2.38644027447185e-05,4,Reused nonlinear grid error; not a frozen-affine or tracking score
No change,Augmented affine,no_change,Aplus,4,1,67,670,1,1,441,2.38669118414402e-05,4,Reused nonlinear grid error; not a frozen-affine or tracking score
No change,Augmented affine,no_change,Aplus,4,1,68,680,1,1,441,2.38696716053123e-05,4,Reused nonlinear grid error; not a frozen-affine or tracking score
No change,Augmented affine,no_change,Aplus,4,1,69,690,1,1,441,2.38726399347892e-05,4,Reused nonlinear grid error; not a frozen-affine or tracking score
No change,Augmented affine,no_change,Aplus,4,1,70,700,1,1,441,2.38757806777719e-05,4,Reused nonlinear grid error; not a frozen-affine or tracking score
No change,Augmented affine,no_change,Aplus,4,1,71,710,1,1,441,2.38790627478035e-05,4,Reused nonlinear grid error; not a frozen-affine or tracking score
No change,Augmented affine,no_change,Aplus,4,1,72,720,1,1,441,2.38824593833186e-05,4,Reused nonlinear grid error; not a frozen-affine or tracking score
No change,Augmented affine,no_change,Aplus,4,1,73,730,1,1,441,2.38859475240641e-05,4,Reused nonlinear grid error; not a frozen-affine or tracking score
No change,Augmented affine,no_change,Aplus,4,1,74,740,1,1,441,2.38895072846017e-05,4,Reused nonlinear grid error; not a frozen-affine or tracking score
No change,Augmented affine,no_change,Aplus,4,1,75,750,1,1,441,2.38931215088967e-05,4,Reused nonlinear grid error; not a frozen-affine or tracking score
No change,Augmented affine,no_change,Aplus,4,1,76,760,1,1,441,2.3896775391969e-05,4,Reused nonlinear grid error; not a frozen-affine or tracking score
No change,Augmented affine,no_change,Aplus,4,1,77,770,1,1,441,2.39004561577734e-05,4,Reused nonlinear grid error; not a frozen-affine or tracking score
No change,Augmented affine,no_change,Aplus,4,1,78,780,1,1,441,2.39041527845457e-05,4,Reused nonlinear grid error; not a frozen-affine or tracking score
No change,Augmented affine,no_change,Aplus,4,1,79,790,1,1,441,2.39078557694308e-05,4,Reused nonlinear grid error; not a frozen-affine or tracking score
No change,Augmented affine,no_change,Aplus,4,1,80,800,1,1,441,2.31345616096406e-05,4,Reused nonlinear grid error; not a frozen-affine or tracking score
No change,Augmented affine,no_change,Aplus,4,1,81,810,1,1,441,2.24439421324383e-05,4,Reused nonlinear grid error; not a frozen-affine or tracking score
No change,Augmented affine,no_change,Aplus,4,1,82,820,1,1,441,2.2374064405498e-05,4,Reused nonlinear grid error; not a frozen-affine or tracking score
No change,Augmented affine,no_change,Aplus,4,1,83,830,1,1,441,2.23077778895005e-05,4,Reused nonlinear grid error; not a frozen-affine or tracking score
No change,Augmented affine,no_change,Aplus,4,1,84,840,1,1,441,2.22448319750287e-05,4,Reused nonlinear grid error; not a frozen-affine or tracking score
No change,Augmented affine,no_change,Aplus,4,1,85,850,1,1,441,2.21849968290132e-05,4,Reused nonlinear grid error; not a frozen-affine or tracking score
No change,Augmented affine,no_change,Aplus,4,1,86,860,1,1,441,2.2128062350049e-05,4,Reused nonlinear grid error; not a frozen-affine or tracking score
No change,Augmented affine,no_change,Aplus,4,1,87,870,1,1,441,2.2073836156385e-05,4,Reused nonlinear grid error; not a frozen-affine or tracking score
No change,Augmented affine,no_change,Aplus,4,1,88,880,1,1,441,2.20221418100634e-05,4,Reused nonlinear grid error; not a frozen-affine or tracking score
No change,Augmented affine,no_change,Aplus,4,1,89,890,1,1,441,2.19728172462714e-05,4,Reused nonlinear grid error; not a frozen-affine or tracking score
No change,Augmented affine,no_change,Aplus,4,1,90,900,1,1,441,2.19257133805092e-05,4,Reused nonlinear grid error; not a frozen-affine or tracking score
No change,Augmented affine,no_change,Aplus,4,1,91,910,1,1,441,2.18806928713446e-05,4,Reused nonlinear grid error; not a frozen-affine or tracking score
No change,Augmented affine,no_change,Aplus,4,1,92,920,1,1,441,2.18376290192803e-05,4,Reused nonlinear grid error; not a frozen-affine or tracking score
No change,Augmented affine,no_change,Aplus,4,1,93,930,1,1,441,2.17964047846885e-05,4,Reused nonlinear grid error; not a frozen-affine or tracking score
No change,Augmented affine,no_change,Aplus,4,1,94,940,1,1,441,2.17569119097462e-05,4,Reused nonlinear grid error; not a frozen-affine or tracking score
No change,Augmented affine,no_change,Aplus,4,1,95,950,1,1,441,2.17190501331519e-05,4,Reused nonlinear grid error; not a frozen-affine or tracking score
No change,Augmented affine,no_change,Aplus,4,1,96,960,1,1,441,2.16827264856015e-05,4,Reused nonlinear grid error; not a frozen-affine or tracking score
No change,Augmented affine,no_change,Aplus,4,1,97,970,1,1,441,2.16478546567569e-05,4,Reused nonlinear grid error; not a frozen-affine or tracking score
No change,Augmented affine,no_change,Aplus,4,1,98,980,1,1,441,2.16143544259723e-05,4,Reused nonlinear grid error; not a frozen-affine or tracking score
No change,Augmented affine,no_change,Aplus,4,1,99,990,1,1,441,2.15821511492015e-05,4,Reused nonlinear grid error; not a frozen-affine or tracking score
No change,Augmented affine,no_change,Aplus,4,1,100,1000,1,1,441,2.15271860727288e-05,4,Reused nonlinear grid error; not a frozen-affine or tracking score
No change,Augmented affine,no_change,Aplus,4,1,101,1010,1,1,441,2.10390506774933e-05,4,Reused nonlinear grid error; not a frozen-affine or tracking score
No change,Augmented affine,no_change,Aplus,4,1,102,1020,1,1,441,2.0544922521703e-05,4,Reused nonlinear grid error; not a frozen-affine or tracking score
No change,Augmented affine,no_change,Aplus,4,1,103,1030,1,1,441,2.01097567316739e-05,4,Reused nonlinear grid error; not a frozen-affine or tracking score
No change,Augmented affine,no_change,Aplus,4,1,104,1040,1,1,441,1.97242068530395e-05,4,Reused nonlinear grid error; not a frozen-affine or tracking score
No change,Augmented affine,no_change,Aplus,4,1,105,1050,1,1,441,1.93807403460262e-05,4,Reused nonlinear grid error; not a frozen-affine or tracking score
No change,Augmented affine,no_change,Aplus,4,1,106,1060,1,1,441,1.90732263852708e-05,4,Reused nonlinear grid error; not a frozen-affine or tracking score
No change,Augmented affine,no_change,Aplus,4,1,107,1070,1,1,441,1.87966303907375e-05,4,Reused nonlinear grid error; not a frozen-affine or tracking score
No change,Augmented affine,no_change,Aplus,4,1,108,1080,1,1,441,1.85467842573219e-05,4,Reused nonlinear grid error; not a frozen-affine or tracking score
No change,Augmented affine,no_change,Aplus,4,1,109,1090,1,1,441,1.83202113932453e-05,4,Reused nonlinear grid error; not a frozen-affine or tracking score
No change,Augmented affine,no_change,Aplus,4,1,110,1100,1,1,441,1.81139919953199e-05,4,Reused nonlinear grid error; not a frozen-affine or tracking score
No change,Augmented affine,no_change,Aplus,4,1,111,1110,1,1,441,1.79256582396604e-05,4,Reused nonlinear grid error; not a frozen-affine or tracking score
No change,Augmented affine,no_change,Aplus,4,1,112,1120,1,1,441,1.77531119748388e-05,4,Reused nonlinear grid error; not a frozen-affine or tracking score
No change,Augmented affine,no_change,Aplus,4,1,113,1130,1,1,441,1.75945595207977e-05,4,Reused nonlinear grid error; not a frozen-affine or tracking score
No change,Augmented affine,no_change,Aplus,4,1,114,1140,1,1,441,1.74484596018975e-05,4,Reused nonlinear grid error; not a frozen-affine or tracking score
No change,Augmented affine,no_change,Aplus,4,1,115,1150,1,1,441,1.73134814550036e-05,4,Reused nonlinear grid error; not a frozen-affine or tracking score
No change,Augmented affine,no_change,Aplus,4,1,116,1160,1,1,441,1.71884708884771e-05,4,Reused nonlinear grid error; not a frozen-affine or tracking score
No change,Augmented affine,no_change,Aplus,4,1,117,1170,1,1,441,1.7072422603419e-05,4,Reused nonlinear grid error; not a frozen-affine or tracking score
No change,Augmented affine,no_change,Aplus,4,1,118,1180,1,1,441,1.69644574823532e-05,4,Reused nonlinear grid error; not a frozen-affine or tracking score
No change,Augmented affine,no_change,Aplus,4,1,119,1190,1,1,441,1.6863803846915e-05,4,Reused nonlinear grid error; not a frozen-affine or tracking score
No change,Complete quadratic,no_change,P2,6,1,0,0,1,1,441,8.20728491280962e-05,4,Reused nonlinear grid error; not a frozen-affine or tracking score
No change,Complete quadratic,no_change,P2,6,1,1,10,1,1,441,7.64743333619623e-05,4,Reused nonlinear grid error; not a frozen-affine or tracking score
No change,Complete quadratic,no_change,P2,6,1,2,20,1,1,441,7.52139257495653e-05,4,Reused nonlinear grid error; not a frozen-affine or tracking score
No change,Complete quadratic,no_change,P2,6,1,3,30,1,1,441,7.63089614589007e-05,4,Reused nonlinear grid error; not a frozen-affine or tracking score
No change,Complete quadratic,no_change,P2,6,1,4,40,1,1,441,7.77726434826421e-05,4,Reused nonlinear grid error; not a frozen-affine or tracking score
No change,Complete quadratic,no_change,P2,6,1,5,50,1,1,441,7.91539001868766e-05,4,Reused nonlinear grid error; not a frozen-affine or tracking score
No change,Complete quadratic,no_change,P2,6,1,6,60,1,1,441,8.0362407165827e-05,4,Reused nonlinear grid error; not a frozen-affine or tracking score
No change,Complete quadratic,no_change,P2,6,1,7,70,1,1,441,8.13993545022783e-05,4,Reused nonlinear grid error; not a frozen-affine or tracking score
No change,Complete quadratic,no_change,P2,6,1,8,80,1,1,441,8.22873718269519e-05,4,Reused nonlinear grid error; not a frozen-affine or tracking score
No change,Complete quadratic,no_change,P2,6,1,9,90,1,1,441,8.30511681856548e-05,4,Reused nonlinear grid error; not a frozen-affine or tracking score
No change,Complete quadratic,no_change,P2,6,1,10,100,1,1,441,8.37124689359907e-05,4,Reused nonlinear grid error; not a frozen-affine or tracking score
No change,Complete quadratic,no_change,P2,6,1,11,110,1,1,441,8.42891731460783e-05,4,Reused nonlinear grid error; not a frozen-affine or tracking score
No change,Complete quadratic,no_change,P2,6,1,12,120,1,1,441,8.47957087058462e-05,4,Reused nonlinear grid error; not a frozen-affine or tracking score
No change,Complete quadratic,no_change,P2,6,1,13,130,1,1,441,8.52436446196847e-05,4,Reused nonlinear grid error; not a frozen-affine or tracking score
No change,Complete quadratic,no_change,P2,6,1,14,140,1,1,441,8.56422761695065e-05,4,Reused nonlinear grid error; not a frozen-affine or tracking score
No change,Complete quadratic,no_change,P2,6,1,15,150,1,1,441,8.59991117332942e-05,4,Reused nonlinear grid error; not a frozen-affine or tracking score
No change,Complete quadratic,no_change,P2,6,1,16,160,1,1,441,8.63202577847293e-05,4,Reused nonlinear grid error; not a frozen-affine or tracking score
No change,Complete quadratic,no_change,P2,6,1,17,170,1,1,441,8.66107174400399e-05,4,Reused nonlinear grid error; not a frozen-affine or tracking score
No change,Complete quadratic,no_change,P2,6,1,18,180,1,1,441,8.68746205611113e-05,4,Reused nonlinear grid error; not a frozen-affine or tracking score
No change,Complete quadratic,no_change,P2,6,1,19,190,1,1,441,8.71154012019799e-05,4,Reused nonlinear grid error; not a frozen-affine or tracking score
No change,Complete quadratic,no_change,P2,6,1,20,200,1,1,441,8.8061159485768e-05,4,Reused nonlinear grid error; not a frozen-affine or tracking score
No change,Complete quadratic,no_change,P2,6,1,21,210,1,1,441,7.91617954619001e-05,4,Reused nonlinear grid error; not a frozen-affine or tracking score
No change,Complete quadratic,no_change,P2,6,1,22,220,1,1,441,7.26239725257289e-05,4,Reused nonlinear grid error; not a frozen-affine or tracking score
No change,Complete quadratic,no_change,P2,6,1,23,230,1,1,441,6.83905676252473e-05,4,Reused nonlinear grid error; not a frozen-affine or tracking score
No change,Complete quadratic,no_change,P2,6,1,24,240,1,1,441,6.55703622349271e-05,4,Reused nonlinear grid error; not a frozen-affine or tracking score
No change,Complete quadratic,no_change,P2,6,1,25,250,1,1,441,6.36504301804377e-05,4,Reused nonlinear grid error; not a frozen-affine or tracking score
No change,Complete quadratic,no_change,P2,6,1,26,260,1,1,441,6.23217640634221e-05,4,Reused nonlinear grid error; not a frozen-affine or tracking score
No change,Complete quadratic,no_change,P2,6,1,27,270,1,1,441,6.13914114768473e-05,4,Reused nonlinear grid error; not a frozen-affine or tracking score
No change,Complete quadratic,no_change,P2,6,1,28,280,1,1,441,6.07352498701176e-05,4,Reused nonlinear grid error; not a frozen-affine or tracking score
No change,Complete quadratic,no_change,P2,6,1,29,290,1,1,441,6.02713675652421e-05,4,Reused nonlinear grid error; not a frozen-affine or tracking score
No change,Complete quadratic,no_change,P2,6,1,30,300,1,1,441,5.994448609729e-05,4,Reused nonlinear grid error; not a frozen-affine or tracking score
No change,Complete quadratic,no_change,P2,6,1,31,310,1,1,441,5.97165547662651e-05,4,Reused nonlinear grid error; not a frozen-affine or tracking score
No change,Complete quadratic,no_change,P2,6,1,32,320,1,1,441,5.95609162036038e-05,4,Reused nonlinear grid error; not a frozen-affine or tracking score
No change,Complete quadratic,no_change,P2,6,1,33,330,1,1,441,5.94585992814799e-05,4,Reused nonlinear grid error; not a frozen-affine or tracking score
No change,Complete quadratic,no_change,P2,6,1,34,340,1,1,441,5.93959122960762e-05,4,Reused nonlinear grid error; not a frozen-affine or tracking score
No change,Complete quadratic,no_change,P2,6,1,35,350,1,1,441,5.93628494163486e-05,4,Reused nonlinear grid error; not a frozen-affine or tracking score
No change,Complete quadratic,no_change,P2,6,1,36,360,1,1,441,5.93520165479656e-05,4,Reused nonlinear grid error; not a frozen-affine or tracking score
No change,Complete quadratic,no_change,P2,6,1,37,370,1,1,441,5.93578953457463e-05,4,Reused nonlinear grid error; not a frozen-affine or tracking score
No change,Complete quadratic,no_change,P2,6,1,38,380,1,1,441,5.93763312781304e-05,4,Reused nonlinear grid error; not a frozen-affine or tracking score
No change,Complete quadratic,no_change,P2,6,1,39,390,1,1,441,5.94041725753179e-05,4,Reused nonlinear grid error; not a frozen-affine or tracking score
No change,Complete quadratic,no_change,P2,6,1,40,400,1,1,441,6.27063462277657e-05,4,Reused nonlinear grid error; not a frozen-affine or tracking score
No change,Complete quadratic,no_change,P2,6,1,41,410,1,1,441,6.45354659926067e-05,4,Reused nonlinear grid error; not a frozen-affine or tracking score
No change,Complete quadratic,no_change,P2,6,1,42,420,1,1,441,6.47778630279236e-05,4,Reused nonlinear grid error; not a frozen-affine or tracking score
No change,Complete quadratic,no_change,P2,6,1,43,430,1,1,441,6.49647187569206e-05,4,Reused nonlinear grid error; not a frozen-affine or tracking score
No change,Complete quadratic,no_change,P2,6,1,44,440,1,1,441,6.51131543929341e-05,4,Reused nonlinear grid error; not a frozen-affine or tracking score
No change,Complete quadratic,no_change,P2,6,1,45,450,1,1,441,6.52339148653992e-05,4,Reused nonlinear grid error; not a frozen-affine or tracking score
No change,Complete quadratic,no_change,P2,6,1,46,460,1,1,441,6.53340800897787e-05,4,Reused nonlinear grid error; not a frozen-affine or tracking score
No change,Complete quadratic,no_change,P2,6,1,47,470,1,1,441,6.54185048086125e-05,4,Reused nonlinear grid error; not a frozen-affine or tracking score
No change,Complete quadratic,no_change,P2,6,1,48,480,1,1,441,6.54906290987194e-05,4,Reused nonlinear grid error; not a frozen-affine or tracking score
No change,Complete quadratic,no_change,P2,6,1,49,490,1,1,441,6.55529586688591e-05,4,Reused nonlinear grid error; not a frozen-affine or tracking score
No change,Complete quadratic,no_change,P2,6,1,50,500,1,1,441,6.56073619200687e-05,4,Reused nonlinear grid error; not a frozen-affine or tracking score
No change,Complete quadratic,no_change,P2,6,1,51,510,1,1,441,6.5655260450021e-05,4,Reused nonlinear grid error; not a frozen-affine or tracking score
No change,Complete quadratic,no_change,P2,6,1,52,520,1,1,441,6.56977550775459e-05,4,Reused nonlinear grid error; not a frozen-affine or tracking score
No change,Complete quadratic,no_change,P2,6,1,53,530,1,1,441,6.57357114894666e-05,4,Reused nonlinear grid error; not a frozen-affine or tracking score
No change,Complete quadratic,no_change,P2,6,1,54,540,1,1,441,6.57698198380161e-05,4,Reused nonlinear grid error; not a frozen-affine or tracking score
No change,Complete quadratic,no_change,P2,6,1,55,550,1,1,441,6.58006370851986e-05,4,Reused nonlinear grid error; not a frozen-affine or tracking score
No change,Complete quadratic,no_change,P2,6,1,56,560,1,1,441,6.58286176544156e-05,4,Reused nonlinear grid error; not a frozen-affine or tracking score
No change,Complete quadratic,no_change,P2,6,1,57,570,1,1,441,6.58541359891147e-05,4,Reused nonlinear grid error; not a frozen-affine or tracking score
No change,Complete quadratic,no_change,P2,6,1,58,580,1,1,441,6.58775034072793e-05,4,Reused nonlinear grid error; not a frozen-affine or tracking score
No change,Complete quadratic,no_change,P2,6,1,59,590,1,1,441,6.58989808659209e-05,4,Reused nonlinear grid error; not a frozen-affine or tracking score
No change,Complete quadratic,no_change,P2,6,1,60,600,1,1,441,5.98363174936568e-05,4,Reused nonlinear grid error; not a frozen-affine or tracking score
No change,Complete quadratic,no_change,P2,6,1,61,610,1,1,441,5.79502264132054e-05,4,Reused nonlinear grid error; not a frozen-affine or tracking score
No change,Complete quadratic,no_change,P2,6,1,62,620,1,1,441,5.85356794101382e-05,4,Reused nonlinear grid error; not a frozen-affine or tracking score
No change,Complete quadratic,no_change,P2,6,1,63,630,1,1,441,5.90851345053986e-05,4,Reused nonlinear grid error; not a frozen-affine or tracking score
No change,Complete quadratic,no_change,P2,6,1,64,640,1,1,441,5.9601757384935e-05,4,Reused nonlinear grid error; not a frozen-affine or tracking score
No change,Complete quadratic,no_change,P2,6,1,65,650,1,1,441,6.00883642607937e-05,4,Reused nonlinear grid error; not a frozen-affine or tracking score
No change,Complete quadratic,no_change,P2,6,1,66,660,1,1,441,6.05474641085423e-05,4,Reused nonlinear grid error; not a frozen-affine or tracking score
No change,Complete quadratic,no_change,P2,6,1,67,670,1,1,441,6.09812984220943e-05,4,Reused nonlinear grid error; not a frozen-affine or tracking score
No change,Complete quadratic,no_change,P2,6,1,68,680,1,1,441,6.13918751637714e-05,4,Reused nonlinear grid error; not a frozen-affine or tracking score
No change,Complete quadratic,no_change,P2,6,1,69,690,1,1,441,6.17809978242533e-05,4,Reused nonlinear grid error; not a frozen-affine or tracking score
No change,Complete quadratic,no_change,P2,6,1,70,700,1,1,441,6.21502903604841e-05,4,Reused nonlinear grid error; not a frozen-affine or tracking score
No change,Complete quadratic,no_change,P2,6,1,71,710,1,1,441,6.25012186523721e-05,4,Reused nonlinear grid error; not a frozen-affine or tracking score
No change,Complete quadratic,no_change,P2,6,1,72,720,1,1,441,6.28351090156651e-05,4,Reused nonlinear grid error; not a frozen-affine or tracking score
No change,Complete quadratic,no_change,P2,6,1,73,730,1,1,441,6.31531642186824e-05,4,Reused nonlinear grid error; not a frozen-affine or tracking score
No change,Complete quadratic,no_change,P2,6,1,74,740,1,1,441,6.34564773771896e-05,4,Reused nonlinear grid error; not a frozen-affine or tracking score
No change,Complete quadratic,no_change,P2,6,1,75,750,1,1,441,6.37460440427094e-05,4,Reused nonlinear grid error; not a frozen-affine or tracking score
No change,Complete quadratic,no_change,P2,6,1,76,760,1,1,441,6.40227727465317e-05,4,Reused nonlinear grid error; not a frozen-affine or tracking score
No change,Complete quadratic,no_change,P2,6,1,77,770,1,1,441,6.42874942209851e-05,4,Reused nonlinear grid error; not a frozen-affine or tracking score
No change,Complete quadratic,no_change,P2,6,1,78,780,1,1,441,6.45409694855513e-05,4,Reused nonlinear grid error; not a frozen-affine or tracking score
No change,Complete quadratic,no_change,P2,6,1,79,790,1,1,441,6.47838969544157e-05,4,Reused nonlinear grid error; not a frozen-affine or tracking score
No change,Complete quadratic,no_change,P2,6,1,80,800,1,1,441,6.72947189466247e-05,4,Reused nonlinear grid error; not a frozen-affine or tracking score
No change,Complete quadratic,no_change,P2,6,1,81,810,1,1,441,6.65498279236272e-05,4,Reused nonlinear grid error; not a frozen-affine or tracking score
No change,Complete quadratic,no_change,P2,6,1,82,820,1,1,441,6.5636199107457e-05,4,Reused nonlinear grid error; not a frozen-affine or tracking score
No change,Complete quadratic,no_change,P2,6,1,83,830,1,1,441,6.47665878443335e-05,4,Reused nonlinear grid error; not a frozen-affine or tracking score
No change,Complete quadratic,no_change,P2,6,1,84,840,1,1,441,6.39379805007487e-05,4,Reused nonlinear grid error; not a frozen-affine or tracking score
No change,Complete quadratic,no_change,P2,6,1,85,850,1,1,441,6.31476199263269e-05,4,Reused nonlinear grid error; not a frozen-affine or tracking score
No change,Complete quadratic,no_change,P2,6,1,86,860,1,1,441,6.23929879187222e-05,4,Reused nonlinear grid error; not a frozen-affine or tracking score
No change,Complete quadratic,no_change,P2,6,1,87,870,1,1,441,6.1671780011539e-05,4,Reused nonlinear grid error; not a frozen-affine or tracking score
No change,Complete quadratic,no_change,P2,6,1,88,880,1,1,441,6.098188338255e-05,4,Reused nonlinear grid error; not a frozen-affine or tracking score
No change,Complete quadratic,no_change,P2,6,1,89,890,1,1,441,6.03213574410706e-05,4,Reused nonlinear grid error; not a frozen-affine or tracking score
No change,Complete quadratic,no_change,P2,6,1,90,900,1,1,441,5.96884167228786e-05,4,Reused nonlinear grid error; not a frozen-affine or tracking score
No change,Complete quadratic,no_change,P2,6,1,91,910,1,1,441,5.90814157794342e-05,4,Reused nonlinear grid error; not a frozen-affine or tracking score
No change,Complete quadratic,no_change,P2,6,1,92,920,1,1,441,5.84988357955643e-05,4,Reused nonlinear grid error; not a frozen-affine or tracking score
No change,Complete quadratic,no_change,P2,6,1,93,930,1,1,441,5.79392727094285e-05,4,Reused nonlinear grid error; not a frozen-affine or tracking score
No change,Complete quadratic,no_change,P2,6,1,94,940,1,1,441,5.74014266416543e-05,4,Reused nonlinear grid error; not a frozen-affine or tracking score
No change,Complete quadratic,no_change,P2,6,1,95,950,1,1,441,5.68840924686928e-05,4,Reused nonlinear grid error; not a frozen-affine or tracking score
No change,Complete quadratic,no_change,P2,6,1,96,960,1,1,441,5.638615139874e-05,4,Reused nonlinear grid error; not a frozen-affine or tracking score
No change,Complete quadratic,no_change,P2,6,1,97,970,1,1,441,5.59065634279339e-05,4,Reused nonlinear grid error; not a frozen-affine or tracking score
No change,Complete quadratic,no_change,P2,6,1,98,980,1,1,441,5.54443605717206e-05,4,Reused nonlinear grid error; not a frozen-affine or tracking score
No change,Complete quadratic,no_change,P2,6,1,99,990,1,1,441,5.49986407794778e-05,4,Reused nonlinear grid error; not a frozen-affine or tracking score
No change,Complete quadratic,no_change,P2,6,1,100,1000,1,1,441,5.40496577838539e-05,4,Reused nonlinear grid error; not a frozen-affine or tracking score
No change,Complete quadratic,no_change,P2,6,1,101,1010,1,1,441,5.04488002309273e-05,4,Reused nonlinear grid error; not a frozen-affine or tracking score
No change,Complete quadratic,no_change,P2,6,1,102,1020,1,1,441,4.69301463491575e-05,4,Reused nonlinear grid error; not a frozen-affine or tracking score
No change,Complete quadratic,no_change,P2,6,1,103,1030,1,1,441,4.39464314586775e-05,4,Reused nonlinear grid error; not a frozen-affine or tracking score
No change,Complete quadratic,no_change,P2,6,1,104,1040,1,1,441,4.13932129166481e-05,4,Reused nonlinear grid error; not a frozen-affine or tracking score
No change,Complete quadratic,no_change,P2,6,1,105,1050,1,1,441,3.9191274467779e-05,4,Reused nonlinear grid error; not a frozen-affine or tracking score
No change,Complete quadratic,no_change,P2,6,1,106,1060,1,1,441,3.72794238012974e-05,4,Reused nonlinear grid error; not a frozen-affine or tracking score
No change,Complete quadratic,no_change,P2,6,1,107,1070,1,1,441,3.56096294826588e-05,4,Reused nonlinear grid error; not a frozen-affine or tracking score
No change,Complete quadratic,no_change,P2,6,1,108,1080,1,1,441,3.41436558288781e-05,4,Reused nonlinear grid error; not a frozen-affine or tracking score
No change,Complete quadratic,no_change,P2,6,1,109,1090,1,1,441,3.28506835052728e-05,4,Reused nonlinear grid error; not a frozen-affine or tracking score
No change,Complete quadratic,no_change,P2,6,1,110,1100,1,1,441,3.17055943932132e-05,4,Reused nonlinear grid error; not a frozen-affine or tracking score
No change,Complete quadratic,no_change,P2,6,1,111,1110,1,1,441,3.06877136981126e-05,4,Reused nonlinear grid error; not a frozen-affine or tracking score
No change,Complete quadratic,no_change,P2,6,1,112,1120,1,1,441,2.97798728343555e-05,4,Reused nonlinear grid error; not a frozen-affine or tracking score
No change,Complete quadratic,no_change,P2,6,1,113,1130,1,1,441,2.89677012578421e-05,4,Reused nonlinear grid error; not a frozen-affine or tracking score
No change,Complete quadratic,no_change,P2,6,1,114,1140,1,1,441,2.82390842800743e-05,4,Reused nonlinear grid error; not a frozen-affine or tracking score
No change,Complete quadratic,no_change,P2,6,1,115,1150,1,1,441,2.75837429540095e-05,4,Reused nonlinear grid error; not a frozen-affine or tracking score
No change,Complete quadratic,no_change,P2,6,1,116,1160,1,1,441,2.69929049304092e-05,4,Reused nonlinear grid error; not a frozen-affine or tracking score
No change,Complete quadratic,no_change,P2,6,1,117,1170,1,1,441,2.64590439413759e-05,4,Reused nonlinear grid error; not a frozen-affine or tracking score
No change,Complete quadratic,no_change,P2,6,1,118,1180,1,1,441,2.59756716472256e-05,4,Reused nonlinear grid error; not a frozen-affine or tracking score
No change,Complete quadratic,no_change,P2,6,1,119,1190,1,1,441,2.55371698629708e-05,4,Reused nonlinear grid error; not a frozen-affine or tracking score
No change,Known-model reference,no_change,K,0,1,0,0,1,1,441,0,4,Reused nonlinear grid error; not a frozen-affine or tracking score
No change,Known-model reference,no_change,K,0,1,1,10,1,1,441,0,4,Reused nonlinear grid error; not a frozen-affine or tracking score
No change,Known-model reference,no_change,K,0,1,2,20,1,1,441,0,4,Reused nonlinear grid error; not a frozen-affine or tracking score
No change,Known-model reference,no_change,K,0,1,3,30,1,1,441,0,4,Reused nonlinear grid error; not a frozen-affine or tracking score
No change,Known-model reference,no_change,K,0,1,4,40,1,1,441,0,4,Reused nonlinear grid error; not a frozen-affine or tracking score
No change,Known-model reference,no_change,K,0,1,5,50,1,1,441,0,4,Reused nonlinear grid error; not a frozen-affine or tracking score
No change,Known-model reference,no_change,K,0,1,6,60,1,1,441,0,4,Reused nonlinear grid error; not a frozen-affine or tracking score
No change,Known-model reference,no_change,K,0,1,7,70,1,1,441,0,4,Reused nonlinear grid error; not a frozen-affine or tracking score
No change,Known-model reference,no_change,K,0,1,8,80,1,1,441,0,4,Reused nonlinear grid error; not a frozen-affine or tracking score
No change,Known-model reference,no_change,K,0,1,9,90,1,1,441,0,4,Reused nonlinear grid error; not a frozen-affine or tracking score
No change,Known-model reference,no_change,K,0,1,10,100,1,1,441,0,4,Reused nonlinear grid error; not a frozen-affine or tracking score
No change,Known-model reference,no_change,K,0,1,11,110,1,1,441,0,4,Reused nonlinear grid error; not a frozen-affine or tracking score
No change,Known-model reference,no_change,K,0,1,12,120,1,1,441,0,4,Reused nonlinear grid error; not a frozen-affine or tracking score
No change,Known-model reference,no_change,K,0,1,13,130,1,1,441,0,4,Reused nonlinear grid error; not a frozen-affine or tracking score
No change,Known-model reference,no_change,K,0,1,14,140,1,1,441,0,4,Reused nonlinear grid error; not a frozen-affine or tracking score
No change,Known-model reference,no_change,K,0,1,15,150,1,1,441,0,4,Reused nonlinear grid error; not a frozen-affine or tracking score
No change,Known-model reference,no_change,K,0,1,16,160,1,1,441,0,4,Reused nonlinear grid error; not a frozen-affine or tracking score
No change,Known-model reference,no_change,K,0,1,17,170,1,1,441,0,4,Reused nonlinear grid error; not a frozen-affine or tracking score
No change,Known-model reference,no_change,K,0,1,18,180,1,1,441,0,4,Reused nonlinear grid error; not a frozen-affine or tracking score
No change,Known-model reference,no_change,K,0,1,19,190,1,1,441,0,4,Reused nonlinear grid error; not a frozen-affine or tracking score
No change,Known-model reference,no_change,K,0,1,20,200,1,1,441,0,4,Reused nonlinear grid error; not a frozen-affine or tracking score
No change,Known-model reference,no_change,K,0,1,21,210,1,1,441,0,4,Reused nonlinear grid error; not a frozen-affine or tracking score
No change,Known-model reference,no_change,K,0,1,22,220,1,1,441,0,4,Reused nonlinear grid error; not a frozen-affine or tracking score
No change,Known-model reference,no_change,K,0,1,23,230,1,1,441,0,4,Reused nonlinear grid error; not a frozen-affine or tracking score
No change,Known-model reference,no_change,K,0,1,24,240,1,1,441,0,4,Reused nonlinear grid error; not a frozen-affine or tracking score
No change,Known-model reference,no_change,K,0,1,25,250,1,1,441,0,4,Reused nonlinear grid error; not a frozen-affine or tracking score
No change,Known-model reference,no_change,K,0,1,26,260,1,1,441,0,4,Reused nonlinear grid error; not a frozen-affine or tracking score
No change,Known-model reference,no_change,K,0,1,27,270,1,1,441,0,4,Reused nonlinear grid error; not a frozen-affine or tracking score
No change,Known-model reference,no_change,K,0,1,28,280,1,1,441,0,4,Reused nonlinear grid error; not a frozen-affine or tracking score
No change,Known-model reference,no_change,K,0,1,29,290,1,1,441,0,4,Reused nonlinear grid error; not a frozen-affine or tracking score
No change,Known-model reference,no_change,K,0,1,30,300,1,1,441,0,4,Reused nonlinear grid error; not a frozen-affine or tracking score
No change,Known-model reference,no_change,K,0,1,31,310,1,1,441,0,4,Reused nonlinear grid error; not a frozen-affine or tracking score
No change,Known-model reference,no_change,K,0,1,32,320,1,1,441,0,4,Reused nonlinear grid error; not a frozen-affine or tracking score
No change,Known-model reference,no_change,K,0,1,33,330,1,1,441,0,4,Reused nonlinear grid error; not a frozen-affine or tracking score
No change,Known-model reference,no_change,K,0,1,34,340,1,1,441,0,4,Reused nonlinear grid error; not a frozen-affine or tracking score
No change,Known-model reference,no_change,K,0,1,35,350,1,1,441,0,4,Reused nonlinear grid error; not a frozen-affine or tracking score
No change,Known-model reference,no_change,K,0,1,36,360,1,1,441,0,4,Reused nonlinear grid error; not a frozen-affine or tracking score
No change,Known-model reference,no_change,K,0,1,37,370,1,1,441,0,4,Reused nonlinear grid error; not a frozen-affine or tracking score
No change,Known-model reference,no_change,K,0,1,38,380,1,1,441,0,4,Reused nonlinear grid error; not a frozen-affine or tracking score
No change,Known-model reference,no_change,K,0,1,39,390,1,1,441,0,4,Reused nonlinear grid error; not a frozen-affine or tracking score
No change,Known-model reference,no_change,K,0,1,40,400,1,1,441,0,4,Reused nonlinear grid error; not a frozen-affine or tracking score
No change,Known-model reference,no_change,K,0,1,41,410,1,1,441,0,4,Reused nonlinear grid error; not a frozen-affine or tracking score
No change,Known-model reference,no_change,K,0,1,42,420,1,1,441,0,4,Reused nonlinear grid error; not a frozen-affine or tracking score
No change,Known-model reference,no_change,K,0,1,43,430,1,1,441,0,4,Reused nonlinear grid error; not a frozen-affine or tracking score
No change,Known-model reference,no_change,K,0,1,44,440,1,1,441,0,4,Reused nonlinear grid error; not a frozen-affine or tracking score
No change,Known-model reference,no_change,K,0,1,45,450,1,1,441,0,4,Reused nonlinear grid error; not a frozen-affine or tracking score
No change,Known-model reference,no_change,K,0,1,46,460,1,1,441,0,4,Reused nonlinear grid error; not a frozen-affine or tracking score
No change,Known-model reference,no_change,K,0,1,47,470,1,1,441,0,4,Reused nonlinear grid error; not a frozen-affine or tracking score
No change,Known-model reference,no_change,K,0,1,48,480,1,1,441,0,4,Reused nonlinear grid error; not a frozen-affine or tracking score
No change,Known-model reference,no_change,K,0,1,49,490,1,1,441,0,4,Reused nonlinear grid error; not a frozen-affine or tracking score
No change,Known-model reference,no_change,K,0,1,50,500,1,1,441,0,4,Reused nonlinear grid error; not a frozen-affine or tracking score
No change,Known-model reference,no_change,K,0,1,51,510,1,1,441,0,4,Reused nonlinear grid error; not a frozen-affine or tracking score
No change,Known-model reference,no_change,K,0,1,52,520,1,1,441,0,4,Reused nonlinear grid error; not a frozen-affine or tracking score
No change,Known-model reference,no_change,K,0,1,53,530,1,1,441,0,4,Reused nonlinear grid error; not a frozen-affine or tracking score
No change,Known-model reference,no_change,K,0,1,54,540,1,1,441,0,4,Reused nonlinear grid error; not a frozen-affine or tracking score
No change,Known-model reference,no_change,K,0,1,55,550,1,1,441,0,4,Reused nonlinear grid error; not a frozen-affine or tracking score
No change,Known-model reference,no_change,K,0,1,56,560,1,1,441,0,4,Reused nonlinear grid error; not a frozen-affine or tracking score
No change,Known-model reference,no_change,K,0,1,57,570,1,1,441,0,4,Reused nonlinear grid error; not a frozen-affine or tracking score
No change,Known-model reference,no_change,K,0,1,58,580,1,1,441,0,4,Reused nonlinear grid error; not a frozen-affine or tracking score
No change,Known-model reference,no_change,K,0,1,59,590,1,1,441,0,4,Reused nonlinear grid error; not a frozen-affine or tracking score
No change,Known-model reference,no_change,K,0,1,60,600,1,1,441,0,4,Reused nonlinear grid error; not a frozen-affine or tracking score
No change,Known-model reference,no_change,K,0,1,61,610,1,1,441,0,4,Reused nonlinear grid error; not a frozen-affine or tracking score
No change,Known-model reference,no_change,K,0,1,62,620,1,1,441,0,4,Reused nonlinear grid error; not a frozen-affine or tracking score
No change,Known-model reference,no_change,K,0,1,63,630,1,1,441,0,4,Reused nonlinear grid error; not a frozen-affine or tracking score
No change,Known-model reference,no_change,K,0,1,64,640,1,1,441,0,4,Reused nonlinear grid error; not a frozen-affine or tracking score
No change,Known-model reference,no_change,K,0,1,65,650,1,1,441,0,4,Reused nonlinear grid error; not a frozen-affine or tracking score
No change,Known-model reference,no_change,K,0,1,66,660,1,1,441,0,4,Reused nonlinear grid error; not a frozen-affine or tracking score
No change,Known-model reference,no_change,K,0,1,67,670,1,1,441,0,4,Reused nonlinear grid error; not a frozen-affine or tracking score
No change,Known-model reference,no_change,K,0,1,68,680,1,1,441,0,4,Reused nonlinear grid error; not a frozen-affine or tracking score
No change,Known-model reference,no_change,K,0,1,69,690,1,1,441,0,4,Reused nonlinear grid error; not a frozen-affine or tracking score
No change,Known-model reference,no_change,K,0,1,70,700,1,1,441,0,4,Reused nonlinear grid error; not a frozen-affine or tracking score
No change,Known-model reference,no_change,K,0,1,71,710,1,1,441,0,4,Reused nonlinear grid error; not a frozen-affine or tracking score
No change,Known-model reference,no_change,K,0,1,72,720,1,1,441,0,4,Reused nonlinear grid error; not a frozen-affine or tracking score
No change,Known-model reference,no_change,K,0,1,73,730,1,1,441,0,4,Reused nonlinear grid error; not a frozen-affine or tracking score
No change,Known-model reference,no_change,K,0,1,74,740,1,1,441,0,4,Reused nonlinear grid error; not a frozen-affine or tracking score
No change,Known-model reference,no_change,K,0,1,75,750,1,1,441,0,4,Reused nonlinear grid error; not a frozen-affine or tracking score
No change,Known-model reference,no_change,K,0,1,76,760,1,1,441,0,4,Reused nonlinear grid error; not a frozen-affine or tracking score
No change,Known-model reference,no_change,K,0,1,77,770,1,1,441,0,4,Reused nonlinear grid error; not a frozen-affine or tracking score
No change,Known-model reference,no_change,K,0,1,78,780,1,1,441,0,4,Reused nonlinear grid error; not a frozen-affine or tracking score
No change,Known-model reference,no_change,K,0,1,79,790,1,1,441,0,4,Reused nonlinear grid error; not a frozen-affine or tracking score
No change,Known-model reference,no_change,K,0,1,80,800,1,1,441,0,4,Reused nonlinear grid error; not a frozen-affine or tracking score
No change,Known-model reference,no_change,K,0,1,81,810,1,1,441,0,4,Reused nonlinear grid error; not a frozen-affine or tracking score
No change,Known-model reference,no_change,K,0,1,82,820,1,1,441,0,4,Reused nonlinear grid error; not a frozen-affine or tracking score
No change,Known-model reference,no_change,K,0,1,83,830,1,1,441,0,4,Reused nonlinear grid error; not a frozen-affine or tracking score
No change,Known-model reference,no_change,K,0,1,84,840,1,1,441,0,4,Reused nonlinear grid error; not a frozen-affine or tracking score
No change,Known-model reference,no_change,K,0,1,85,850,1,1,441,0,4,Reused nonlinear grid error; not a frozen-affine or tracking score
No change,Known-model reference,no_change,K,0,1,86,860,1,1,441,0,4,Reused nonlinear grid error; not a frozen-affine or tracking score
No change,Known-model reference,no_change,K,0,1,87,870,1,1,441,0,4,Reused nonlinear grid error; not a frozen-affine or tracking score
No change,Known-model reference,no_change,K,0,1,88,880,1,1,441,0,4,Reused nonlinear grid error; not a frozen-affine or tracking score
No change,Known-model reference,no_change,K,0,1,89,890,1,1,441,0,4,Reused nonlinear grid error; not a frozen-affine or tracking score
No change,Known-model reference,no_change,K,0,1,90,900,1,1,441,0,4,Reused nonlinear grid error; not a frozen-affine or tracking score
No change,Known-model reference,no_change,K,0,1,91,910,1,1,441,0,4,Reused nonlinear grid error; not a frozen-affine or tracking score
No change,Known-model reference,no_change,K,0,1,92,920,1,1,441,0,4,Reused nonlinear grid error; not a frozen-affine or tracking score
No change,Known-model reference,no_change,K,0,1,93,930,1,1,441,0,4,Reused nonlinear grid error; not a frozen-affine or tracking score
No change,Known-model reference,no_change,K,0,1,94,940,1,1,441,0,4,Reused nonlinear grid error; not a frozen-affine or tracking score
No change,Known-model reference,no_change,K,0,1,95,950,1,1,441,0,4,Reused nonlinear grid error; not a frozen-affine or tracking score
No change,Known-model reference,no_change,K,0,1,96,960,1,1,441,0,4,Reused nonlinear grid error; not a frozen-affine or tracking score
No change,Known-model reference,no_change,K,0,1,97,970,1,1,441,0,4,Reused nonlinear grid error; not a frozen-affine or tracking score
No change,Known-model reference,no_change,K,0,1,98,980,1,1,441,0,4,Reused nonlinear grid error; not a frozen-affine or tracking score
No change,Known-model reference,no_change,K,0,1,99,990,1,1,441,0,4,Reused nonlinear grid error; not a frozen-affine or tracking score
No change,Known-model reference,no_change,K,0,1,100,1000,1,1,441,0,4,Reused nonlinear grid error; not a frozen-affine or tracking score
No change,Known-model reference,no_change,K,0,1,101,1010,1,1,441,0,4,Reused nonlinear grid error; not a frozen-affine or tracking score
No change,Known-model reference,no_change,K,0,1,102,1020,1,1,441,0,4,Reused nonlinear grid error; not a frozen-affine or tracking score
No change,Known-model reference,no_change,K,0,1,103,1030,1,1,441,0,4,Reused nonlinear grid error; not a frozen-affine or tracking score
No change,Known-model reference,no_change,K,0,1,104,1040,1,1,441,0,4,Reused nonlinear grid error; not a frozen-affine or tracking score
No change,Known-model reference,no_change,K,0,1,105,1050,1,1,441,0,4,Reused nonlinear grid error; not a frozen-affine or tracking score
No change,Known-model reference,no_change,K,0,1,106,1060,1,1,441,0,4,Reused nonlinear grid error; not a frozen-affine or tracking score
No change,Known-model reference,no_change,K,0,1,107,1070,1,1,441,0,4,Reused nonlinear grid error; not a frozen-affine or tracking score
No change,Known-model reference,no_change,K,0,1,108,1080,1,1,441,0,4,Reused nonlinear grid error; not a frozen-affine or tracking score
No change,Known-model reference,no_change,K,0,1,109,1090,1,1,441,0,4,Reused nonlinear grid error; not a frozen-affine or tracking score
No change,Known-model reference,no_change,K,0,1,110,1100,1,1,441,0,4,Reused nonlinear grid error; not a frozen-affine or tracking score
No change,Known-model reference,no_change,K,0,1,111,1110,1,1,441,0,4,Reused nonlinear grid error; not a frozen-affine or tracking score
No change,Known-model reference,no_change,K,0,1,112,1120,1,1,441,0,4,Reused nonlinear grid error; not a frozen-affine or tracking score
No change,Known-model reference,no_change,K,0,1,113,1130,1,1,441,0,4,Reused nonlinear grid error; not a frozen-affine or tracking score
No change,Known-model reference,no_change,K,0,1,114,1140,1,1,441,0,4,Reused nonlinear grid error; not a frozen-affine or tracking score
No change,Known-model reference,no_change,K,0,1,115,1150,1,1,441,0,4,Reused nonlinear grid error; not a frozen-affine or tracking score
No change,Known-model reference,no_change,K,0,1,116,1160,1,1,441,0,4,Reused nonlinear grid error; not a frozen-affine or tracking score
No change,Known-model reference,no_change,K,0,1,117,1170,1,1,441,0,4,Reused nonlinear grid error; not a frozen-affine or tracking score
No change,Known-model reference,no_change,K,0,1,118,1180,1,1,441,0,4,Reused nonlinear grid error; not a frozen-affine or tracking score
No change,Known-model reference,no_change,K,0,1,119,1190,1,1,441,0,4,Reused nonlinear grid error; not a frozen-affine or tracking score
Represented nonlinear change,Affine,represented,A,3,1,0,0,1,1,441,4.05006598396659e-05,4,Reused nonlinear grid error; not a frozen-affine or tracking score
Represented nonlinear change,Affine,represented,A,3,1,1,10,1,1,441,3.62136852811397e-05,4,Reused nonlinear grid error; not a frozen-affine or tracking score
Represented nonlinear change,Affine,represented,A,3,1,2,20,1,1,441,3.10327037218246e-05,4,Reused nonlinear grid error; not a frozen-affine or tracking score
Represented nonlinear change,Affine,represented,A,3,1,3,30,1,1,441,2.75539131328267e-05,4,Reused nonlinear grid error; not a frozen-affine or tracking score
Represented nonlinear change,Affine,represented,A,3,1,4,40,1,1,441,2.51276808415601e-05,4,Reused nonlinear grid error; not a frozen-affine or tracking score
Represented nonlinear change,Affine,represented,A,3,1,5,50,1,1,441,2.3388107525626e-05,4,Reused nonlinear grid error; not a frozen-affine or tracking score
Represented nonlinear change,Affine,represented,A,3,1,6,60,1,1,441,2.21141290141094e-05,4,Reused nonlinear grid error; not a frozen-affine or tracking score
Represented nonlinear change,Affine,represented,A,3,1,7,70,1,1,441,2.11651916148525e-05,4,Reused nonlinear grid error; not a frozen-affine or tracking score
Represented nonlinear change,Affine,represented,A,3,1,8,80,1,1,441,2.04484593606418e-05,4,Reused nonlinear grid error; not a frozen-affine or tracking score
Represented nonlinear change,Affine,represented,A,3,1,9,90,1,1,441,1.9900782695853e-05,4,Reused nonlinear grid error; not a frozen-affine or tracking score
Represented nonlinear change,Affine,represented,A,3,1,10,100,1,1,441,1.94781808080276e-05,4,Reused nonlinear grid error; not a frozen-affine or tracking score
Represented nonlinear change,Affine,represented,A,3,1,11,110,1,1,441,1.9149417515696e-05,4,Reused nonlinear grid error; not a frozen-affine or tracking score
Represented nonlinear change,Affine,represented,A,3,1,12,120,1,1,441,1.88919330694507e-05,4,Reused nonlinear grid error; not a frozen-affine or tracking score
Represented nonlinear change,Affine,represented,A,3,1,13,130,1,1,441,1.86891925548382e-05,4,Reused nonlinear grid error; not a frozen-affine or tracking score
Represented nonlinear change,Affine,represented,A,3,1,14,140,1,1,441,1.85289164421379e-05,4,Reused nonlinear grid error; not a frozen-affine or tracking score
Represented nonlinear change,Affine,represented,A,3,1,15,150,1,1,441,1.8401876221031e-05,4,Reused nonlinear grid error; not a frozen-affine or tracking score
Represented nonlinear change,Affine,represented,A,3,1,16,160,1,1,441,1.83010605454517e-05,4,Reused nonlinear grid error; not a frozen-affine or tracking score
Represented nonlinear change,Affine,represented,A,3,1,17,170,1,1,441,1.82210891350296e-05,4,Reused nonlinear grid error; not a frozen-affine or tracking score
Represented nonlinear change,Affine,represented,A,3,1,18,180,1,1,441,1.8157795191255e-05,4,Reused nonlinear grid error; not a frozen-affine or tracking score
Represented nonlinear change,Affine,represented,A,3,1,19,190,1,1,441,1.81079241693305e-05,4,Reused nonlinear grid error; not a frozen-affine or tracking score
Represented nonlinear change,Affine,represented,A,3,1,20,200,1,1,441,1.76367657296247e-05,4,Reused nonlinear grid error; not a frozen-affine or tracking score
Represented nonlinear change,Affine,represented,A,3,1,21,210,1,1,441,1.5955084317227e-05,4,Reused nonlinear grid error; not a frozen-affine or tracking score
Represented nonlinear change,Affine,represented,A,3,1,22,220,1,1,441,1.50030507428562e-05,4,Reused nonlinear grid error; not a frozen-affine or tracking score
Represented nonlinear change,Affine,represented,A,3,1,23,230,1,1,441,1.42967336163081e-05,4,Reused nonlinear grid error; not a frozen-affine or tracking score
Represented nonlinear change,Affine,represented,A,3,1,24,240,1,1,441,1.37703508557527e-05,4,Reused nonlinear grid error; not a frozen-affine or tracking score
Represented nonlinear change,Affine,represented,A,3,1,25,250,1,1,441,1.33772602984009e-05,4,Reused nonlinear grid error; not a frozen-affine or tracking score
Represented nonlinear change,Affine,represented,A,3,1,26,260,1,1,441,1.30838326007956e-05,4,Reused nonlinear grid error; not a frozen-affine or tracking score
Represented nonlinear change,Affine,represented,A,3,1,27,270,1,1,441,1.28655069583002e-05,4,Reused nonlinear grid error; not a frozen-affine or tracking score
Represented nonlinear change,Affine,represented,A,3,1,28,280,1,1,441,1.2704158085263e-05,4,Reused nonlinear grid error; not a frozen-affine or tracking score
Represented nonlinear change,Affine,represented,A,3,1,29,290,1,1,441,1.25862905860254e-05,4,Reused nonlinear grid error; not a frozen-affine or tracking score
Represented nonlinear change,Affine,represented,A,3,1,30,300,1,1,441,1.25017763361596e-05,4,Reused nonlinear grid error; not a frozen-affine or tracking score
Represented nonlinear change,Affine,represented,A,3,1,31,310,1,1,441,1.24429587523842e-05,4,Reused nonlinear grid error; not a frozen-affine or tracking score
Represented nonlinear change,Affine,represented,A,3,1,32,320,1,1,441,1.24040101953636e-05,4,Reused nonlinear grid error; not a frozen-affine or tracking score
Represented nonlinear change,Affine,represented,A,3,1,33,330,1,1,441,1.23804666901934e-05,4,Reused nonlinear grid error; not a frozen-affine or tracking score
Represented nonlinear change,Affine,represented,A,3,1,34,340,1,1,441,1.23688882919236e-05,4,Reused nonlinear grid error; not a frozen-affine or tracking score
Represented nonlinear change,Affine,represented,A,3,1,35,350,1,1,441,1.23666093082719e-05,4,Reused nonlinear grid error; not a frozen-affine or tracking score
Represented nonlinear change,Affine,represented,A,3,1,36,360,1,1,441,1.23715533001348e-05,4,Reused nonlinear grid error; not a frozen-affine or tracking score
Represented nonlinear change,Affine,represented,A,3,1,37,370,1,1,441,1.23820951214974e-05,4,Reused nonlinear grid error; not a frozen-affine or tracking score
Represented nonlinear change,Affine,represented,A,3,1,38,380,1,1,441,1.23969573528333e-05,4,Reused nonlinear grid error; not a frozen-affine or tracking score
Represented nonlinear change,Affine,represented,A,3,1,39,390,1,1,441,1.24151320503155e-05,4,Reused nonlinear grid error; not a frozen-affine or tracking score
Represented nonlinear change,Affine,represented,A,3,1,40,400,1,1,441,1.17531051432332e-05,4,Reused nonlinear grid error; not a frozen-affine or tracking score
Represented nonlinear change,Affine,represented,A,3,1,41,410,1,1,441,1.10432081205615e-05,4,Reused nonlinear grid error; not a frozen-affine or tracking score
Represented nonlinear change,Affine,represented,A,3,1,42,420,1,1,441,1.10859027697733e-05,4,Reused nonlinear grid error; not a frozen-affine or tracking score
Represented nonlinear change,Affine,represented,A,3,1,43,430,1,1,441,1.11326938195322e-05,4,Reused nonlinear grid error; not a frozen-affine or tracking score
Represented nonlinear change,Affine,represented,A,3,1,44,440,1,1,441,1.11819073269847e-05,4,Reused nonlinear grid error; not a frozen-affine or tracking score
Represented nonlinear change,Affine,represented,A,3,1,45,450,1,1,441,1.12323436635709e-05,4,Reused nonlinear grid error; not a frozen-affine or tracking score
Represented nonlinear change,Affine,represented,A,3,1,46,460,1,1,441,1.1283145965601e-05,4,Reused nonlinear grid error; not a frozen-affine or tracking score
Represented nonlinear change,Affine,represented,A,3,1,47,470,1,1,441,1.13337051733622e-05,4,Reused nonlinear grid error; not a frozen-affine or tracking score
Represented nonlinear change,Affine,represented,A,3,1,48,480,1,1,441,1.13835923182233e-05,4,Reused nonlinear grid error; not a frozen-affine or tracking score
Represented nonlinear change,Affine,represented,A,3,1,49,490,1,1,441,1.14325098644615e-05,4,Reused nonlinear grid error; not a frozen-affine or tracking score
Represented nonlinear change,Affine,represented,A,3,1,50,500,1,1,441,0.0392940228687454,4,Reused nonlinear grid error; not a frozen-affine or tracking score
Represented nonlinear change,Affine,represented,A,3,1,51,510,1,1,441,0.0390108571305078,4,Reused nonlinear grid error; not a frozen-affine or tracking score
Represented nonlinear change,Affine,represented,A,3,1,52,520,1,1,441,0.0392334755257135,4,Reused nonlinear grid error; not a frozen-affine or tracking score
Represented nonlinear change,Affine,represented,A,3,1,53,530,1,1,441,0.040271081560721,4,Reused nonlinear grid error; not a frozen-affine or tracking score
Represented nonlinear change,Affine,represented,A,3,1,54,540,1,1,441,0.0422278086673331,4,Reused nonlinear grid error; not a frozen-affine or tracking score
Represented nonlinear change,Affine,represented,A,3,1,55,550,1,1,441,0.044908546232686,4,Reused nonlinear grid error; not a frozen-affine or tracking score
Represented nonlinear change,Affine,represented,A,3,1,56,560,1,1,441,0.0479337122624835,4,Reused nonlinear grid error; not a frozen-affine or tracking score
Represented nonlinear change,Affine,represented,A,3,1,57,570,1,1,441,0.0507556931372167,4,Reused nonlinear grid error; not a frozen-affine or tracking score
Represented nonlinear change,Affine,represented,A,3,1,58,580,1,1,441,0.0530045578836883,4,Reused nonlinear grid error; not a frozen-affine or tracking score
Represented nonlinear change,Affine,represented,A,3,1,59,590,1,1,441,0.054813832147739,4,Reused nonlinear grid error; not a frozen-affine or tracking score
Represented nonlinear change,Affine,represented,A,3,1,60,600,1,1,441,0.0509552964381635,4,Reused nonlinear grid error; not a frozen-affine or tracking score
Represented nonlinear change,Affine,represented,A,3,1,61,610,1,1,441,0.0482005265360516,4,Reused nonlinear grid error; not a frozen-affine or tracking score
Represented nonlinear change,Affine,represented,A,3,1,62,620,1,1,441,0.047582485159119,4,Reused nonlinear grid error; not a frozen-affine or tracking score
Represented nonlinear change,Affine,represented,A,3,1,63,630,1,1,441,0.0470960118795652,4,Reused nonlinear grid error; not a frozen-affine or tracking score
Represented nonlinear change,Affine,represented,A,3,1,64,640,1,1,441,0.0467038094324773,4,Reused nonlinear grid error; not a frozen-affine or tracking score
Represented nonlinear change,Affine,represented,A,3,1,65,650,1,1,441,0.0463812626535826,4,Reused nonlinear grid error; not a frozen-affine or tracking score
Represented nonlinear change,Affine,represented,A,3,1,66,660,1,1,441,0.0461115634993928,4,Reused nonlinear grid error; not a frozen-affine or tracking score
Represented nonlinear change,Affine,represented,A,3,1,67,670,1,1,441,0.0458828633084536,4,Reused nonlinear grid error; not a frozen-affine or tracking score
Represented nonlinear change,Affine,represented,A,3,1,68,680,1,1,441,0.0456865806383765,4,Reused nonlinear grid error; not a frozen-affine or tracking score
Represented nonlinear change,Affine,represented,A,3,1,69,690,1,1,441,0.0455163544003898,4,Reused nonlinear grid error; not a frozen-affine or tracking score
Represented nonlinear change,Affine,represented,A,3,1,70,700,1,1,441,0.0453673734342535,4,Reused nonlinear grid error; not a frozen-affine or tracking score
Represented nonlinear change,Affine,represented,A,3,1,71,710,1,1,441,0.0452359341025901,4,Reused nonlinear grid error; not a frozen-affine or tracking score
Represented nonlinear change,Affine,represented,A,3,1,72,720,1,1,441,0.0451191405979205,4,Reused nonlinear grid error; not a frozen-affine or tracking score
Represented nonlinear change,Affine,represented,A,3,1,73,730,1,1,441,0.0450146971747923,4,Reused nonlinear grid error; not a frozen-affine or tracking score
Represented nonlinear change,Affine,represented,A,3,1,74,740,1,1,441,0.0449207611186043,4,Reused nonlinear grid error; not a frozen-affine or tracking score
Represented nonlinear change,Affine,represented,A,3,1,75,750,1,1,441,0.0448358367644174,4,Reused nonlinear grid error; not a frozen-affine or tracking score
Represented nonlinear change,Affine,represented,A,3,1,76,760,1,1,441,0.0447586978299785,4,Reused nonlinear grid error; not a frozen-affine or tracking score
Represented nonlinear change,Affine,represented,A,3,1,77,770,1,1,441,0.044688329639881,4,Reused nonlinear grid error; not a frozen-affine or tracking score
Represented nonlinear change,Affine,represented,A,3,1,78,780,1,1,441,0.0446238855577479,4,Reused nonlinear grid error; not a frozen-affine or tracking score
Represented nonlinear change,Affine,represented,A,3,1,79,790,1,1,441,0.0445646537218428,4,Reused nonlinear grid error; not a frozen-affine or tracking score
Represented nonlinear change,Affine,represented,A,3,1,80,800,1,1,441,0.0429704014024728,4,Reused nonlinear grid error; not a frozen-affine or tracking score
Represented nonlinear change,Affine,represented,A,3,1,81,810,1,1,441,0.0425301720748877,4,Reused nonlinear grid error; not a frozen-affine or tracking score
Represented nonlinear change,Affine,represented,A,3,1,82,820,1,1,441,0.0425579822012996,4,Reused nonlinear grid error; not a frozen-affine or tracking score
Represented nonlinear change,Affine,represented,A,3,1,83,830,1,1,441,0.0425828281114444,4,Reused nonlinear grid error; not a frozen-affine or tracking score
Represented nonlinear change,Affine,represented,A,3,1,84,840,1,1,441,0.0426051485350059,4,Reused nonlinear grid error; not a frozen-affine or tracking score
Represented nonlinear change,Affine,represented,A,3,1,85,850,1,1,441,0.0426252988403257,4,Reused nonlinear grid error; not a frozen-affine or tracking score
Represented nonlinear change,Affine,represented,A,3,1,86,860,1,1,441,0.0426435717852345,4,Reused nonlinear grid error; not a frozen-affine or tracking score
Represented nonlinear change,Affine,represented,A,3,1,87,870,1,1,441,0.0426602105695695,4,Reused nonlinear grid error; not a frozen-affine or tracking score
Represented nonlinear change,Affine,represented,A,3,1,88,880,1,1,441,0.0426754187823303,4,Reused nonlinear grid error; not a frozen-affine or tracking score
Represented nonlinear change,Affine,represented,A,3,1,89,890,1,1,441,0.042689368065743,4,Reused nonlinear grid error; not a frozen-affine or tracking score
Represented nonlinear change,Affine,represented,A,3,1,90,900,1,1,441,0.0427022040805887,4,Reused nonlinear grid error; not a frozen-affine or tracking score
Represented nonlinear change,Affine,represented,A,3,1,91,910,1,1,441,0.0427140511934097,4,Reused nonlinear grid error; not a frozen-affine or tracking score
Represented nonlinear change,Affine,represented,A,3,1,92,920,1,1,441,0.0427250161919896,4,Reused nonlinear grid error; not a frozen-affine or tracking score
Represented nonlinear change,Affine,represented,A,3,1,93,930,1,1,441,0.0427351912548292,4,Reused nonlinear grid error; not a frozen-affine or tracking score
Represented nonlinear change,Affine,represented,A,3,1,94,940,1,1,441,0.0427446563426683,4,Reused nonlinear grid error; not a frozen-affine or tracking score
Represented nonlinear change,Affine,represented,A,3,1,95,950,1,1,441,0.0427534811384119,4,Reused nonlinear grid error; not a frozen-affine or tracking score
Represented nonlinear change,Affine,represented,A,3,1,96,960,1,1,441,0.0427617266313589,4,Reused nonlinear grid error; not a frozen-affine or tracking score
Represented nonlinear change,Affine,represented,A,3,1,97,970,1,1,441,0.0427694464191538,4,Reused nonlinear grid error; not a frozen-affine or tracking score
Represented nonlinear change,Affine,represented,A,3,1,98,980,1,1,441,0.042776687784137,4,Reused nonlinear grid error; not a frozen-affine or tracking score
Represented nonlinear change,Affine,represented,A,3,1,99,990,1,1,441,0.0427834925881833,4,Reused nonlinear grid error; not a frozen-affine or tracking score
Represented nonlinear change,Affine,represented,A,3,1,100,1000,1,1,441,0.0413736870108513,4,Reused nonlinear grid error; not a frozen-affine or tracking score
Represented nonlinear change,Affine,represented,A,3,1,101,1010,1,1,441,0.0412515673623048,4,Reused nonlinear grid error; not a frozen-affine or tracking score
Represented nonlinear change,Affine,represented,A,3,1,102,1020,1,1,441,0.0417062016475536,4,Reused nonlinear grid error; not a frozen-affine or tracking score
Represented nonlinear change,Affine,represented,A,3,1,103,1030,1,1,441,0.042146117002231,4,Reused nonlinear grid error; not a frozen-affine or tracking score
Represented nonlinear change,Affine,represented,A,3,1,104,1040,1,1,441,0.0425719076153006,4,Reused nonlinear grid error; not a frozen-affine or tracking score
Represented nonlinear change,Affine,represented,A,3,1,105,1050,1,1,441,0.042984155763386,4,Reused nonlinear grid error; not a frozen-affine or tracking score
Represented nonlinear change,Affine,represented,A,3,1,106,1060,1,1,441,0.0433834239374843,4,Reused nonlinear grid error; not a frozen-affine or tracking score
Represented nonlinear change,Affine,represented,A,3,1,107,1070,1,1,441,0.0437702535768692,4,Reused nonlinear grid error; not a frozen-affine or tracking score
Represented nonlinear change,Affine,represented,A,3,1,108,1080,1,1,441,0.0441451644028665,4,Reused nonlinear grid error; not a frozen-affine or tracking score
Represented nonlinear change,Affine,represented,A,3,1,109,1090,1,1,441,0.0445086542005031,4,Reused nonlinear grid error; not a frozen-affine or tracking score
Represented nonlinear change,Affine,represented,A,3,1,110,1100,1,1,441,0.0448611989311836,4,Reused nonlinear grid error; not a frozen-affine or tracking score
Represented nonlinear change,Affine,represented,A,3,1,111,1110,1,1,441,0.0452032530868313,4,Reused nonlinear grid error; not a frozen-affine or tracking score
Represented nonlinear change,Affine,represented,A,3,1,112,1120,1,1,441,0.0455352502168823,4,Reused nonlinear grid error; not a frozen-affine or tracking score
Represented nonlinear change,Affine,represented,A,3,1,113,1130,1,1,441,0.0458576035756298,4,Reused nonlinear grid error; not a frozen-affine or tracking score
Represented nonlinear change,Affine,represented,A,3,1,114,1140,1,1,441,0.0461707068498415,4,Reused nonlinear grid error; not a frozen-affine or tracking score
Represented nonlinear change,Affine,represented,A,3,1,115,1150,1,1,441,0.0464749349361528,4,Reused nonlinear grid error; not a frozen-affine or tracking score
Represented nonlinear change,Affine,represented,A,3,1,116,1160,1,1,441,0.0467706447451515,4,Reused nonlinear grid error; not a frozen-affine or tracking score
Represented nonlinear change,Affine,represented,A,3,1,117,1170,1,1,441,0.0470581760148015,4,Reused nonlinear grid error; not a frozen-affine or tracking score
Represented nonlinear change,Affine,represented,A,3,1,118,1180,1,1,441,0.0473378521202839,4,Reused nonlinear grid error; not a frozen-affine or tracking score
Represented nonlinear change,Affine,represented,A,3,1,119,1190,1,1,441,0.0476099808707681,4,Reused nonlinear grid error; not a frozen-affine or tracking score
Represented nonlinear change,Augmented affine,represented,Aplus,4,1,0,0,1,1,441,5.41547863101232e-05,4,Reused nonlinear grid error; not a frozen-affine or tracking score
Represented nonlinear change,Augmented affine,represented,Aplus,4,1,1,10,1,1,441,5.19977338361671e-05,4,Reused nonlinear grid error; not a frozen-affine or tracking score
Represented nonlinear change,Augmented affine,represented,Aplus,4,1,2,20,1,1,441,5.44015604173831e-05,4,Reused nonlinear grid error; not a frozen-affine or tracking score
Represented nonlinear change,Augmented affine,represented,Aplus,4,1,3,30,1,1,441,5.7824547947693e-05,4,Reused nonlinear grid error; not a frozen-affine or tracking score
Represented nonlinear change,Augmented affine,represented,Aplus,4,1,4,40,1,1,441,6.07955872211946e-05,4,Reused nonlinear grid error; not a frozen-affine or tracking score
Represented nonlinear change,Augmented affine,represented,Aplus,4,1,5,50,1,1,441,6.32067189080627e-05,4,Reused nonlinear grid error; not a frozen-affine or tracking score
Represented nonlinear change,Augmented affine,represented,Aplus,4,1,6,60,1,1,441,6.51552096754133e-05,4,Reused nonlinear grid error; not a frozen-affine or tracking score
Represented nonlinear change,Augmented affine,represented,Aplus,4,1,7,70,1,1,441,6.67463806801777e-05,4,Reused nonlinear grid error; not a frozen-affine or tracking score
Represented nonlinear change,Augmented affine,represented,Aplus,4,1,8,80,1,1,441,6.80636277708475e-05,4,Reused nonlinear grid error; not a frozen-affine or tracking score
Represented nonlinear change,Augmented affine,represented,Aplus,4,1,9,90,1,1,441,6.91689950908382e-05,4,Reused nonlinear grid error; not a frozen-affine or tracking score
Represented nonlinear change,Augmented affine,represented,Aplus,4,1,10,100,1,1,441,7.01082275511164e-05,4,Reused nonlinear grid error; not a frozen-affine or tracking score
Represented nonlinear change,Augmented affine,represented,Aplus,4,1,11,110,1,1,441,7.0915302800357e-05,4,Reused nonlinear grid error; not a frozen-affine or tracking score
Represented nonlinear change,Augmented affine,represented,Aplus,4,1,12,120,1,1,441,7.16157834509225e-05,4,Reused nonlinear grid error; not a frozen-affine or tracking score
Represented nonlinear change,Augmented affine,represented,Aplus,4,1,13,130,1,1,441,7.22291774383463e-05,4,Reused nonlinear grid error; not a frozen-affine or tracking score
Represented nonlinear change,Augmented affine,represented,Aplus,4,1,14,140,1,1,441,7.27705844780317e-05,4,Reused nonlinear grid error; not a frozen-affine or tracking score
Represented nonlinear change,Augmented affine,represented,Aplus,4,1,15,150,1,1,441,7.32518504673319e-05,4,Reused nonlinear grid error; not a frozen-affine or tracking score
Represented nonlinear change,Augmented affine,represented,Aplus,4,1,16,160,1,1,441,7.36823857459269e-05,4,Reused nonlinear grid error; not a frozen-affine or tracking score
Represented nonlinear change,Augmented affine,represented,Aplus,4,1,17,170,1,1,441,7.40697527047161e-05,4,Reused nonlinear grid error; not a frozen-affine or tracking score
Represented nonlinear change,Augmented affine,represented,Aplus,4,1,18,180,1,1,441,7.44200935302493e-05,4,Reused nonlinear grid error; not a frozen-affine or tracking score
Represented nonlinear change,Augmented affine,represented,Aplus,4,1,19,190,1,1,441,7.47384457712575e-05,4,Reused nonlinear grid error; not a frozen-affine or tracking score
Represented nonlinear change,Augmented affine,represented,Aplus,4,1,20,200,1,1,441,7.49021003114302e-05,4,Reused nonlinear grid error; not a frozen-affine or tracking score
Represented nonlinear change,Augmented affine,represented,Aplus,4,1,21,210,1,1,441,6.54321784072441e-05,4,Reused nonlinear grid error; not a frozen-affine or tracking score
Represented nonlinear change,Augmented affine,represented,Aplus,4,1,22,220,1,1,441,5.69993435609764e-05,4,Reused nonlinear grid error; not a frozen-affine or tracking score
Represented nonlinear change,Augmented affine,represented,Aplus,4,1,23,230,1,1,441,5.07305870168898e-05,4,Reused nonlinear grid error; not a frozen-affine or tracking score
Represented nonlinear change,Augmented affine,represented,Aplus,4,1,24,240,1,1,441,4.59167600016684e-05,4,Reused nonlinear grid error; not a frozen-affine or tracking score
Represented nonlinear change,Augmented affine,represented,Aplus,4,1,25,250,1,1,441,4.2126408057543e-05,4,Reused nonlinear grid error; not a frozen-affine or tracking score
Represented nonlinear change,Augmented affine,represented,Aplus,4,1,26,260,1,1,441,3.90819098633877e-05,4,Reused nonlinear grid error; not a frozen-affine or tracking score
Represented nonlinear change,Augmented affine,represented,Aplus,4,1,27,270,1,1,441,3.65965242082174e-05,4,Reused nonlinear grid error; not a frozen-affine or tracking score
Represented nonlinear change,Augmented affine,represented,Aplus,4,1,28,280,1,1,441,3.45400378671859e-05,4,Reused nonlinear grid error; not a frozen-affine or tracking score
Represented nonlinear change,Augmented affine,represented,Aplus,4,1,29,290,1,1,441,3.2818916768471e-05,4,Reused nonlinear grid error; not a frozen-affine or tracking score
Represented nonlinear change,Augmented affine,represented,Aplus,4,1,30,300,1,1,441,3.13642821975827e-05,4,Reused nonlinear grid error; not a frozen-affine or tracking score
Represented nonlinear change,Augmented affine,represented,Aplus,4,1,31,310,1,1,441,3.01243316648016e-05,4,Reused nonlinear grid error; not a frozen-affine or tracking score
Represented nonlinear change,Augmented affine,represented,Aplus,4,1,32,320,1,1,441,2.90593964181922e-05,4,Reused nonlinear grid error; not a frozen-affine or tracking score
Represented nonlinear change,Augmented affine,represented,Aplus,4,1,33,330,1,1,441,2.81386223904874e-05,4,Reused nonlinear grid error; not a frozen-affine or tracking score
Represented nonlinear change,Augmented affine,represented,Aplus,4,1,34,340,1,1,441,2.73376835688333e-05,4,Reused nonlinear grid error; not a frozen-affine or tracking score
Represented nonlinear change,Augmented affine,represented,Aplus,4,1,35,350,1,1,441,2.66371708222649e-05,4,Reused nonlinear grid error; not a frozen-affine or tracking score
Represented nonlinear change,Augmented affine,represented,Aplus,4,1,36,360,1,1,441,2.60214338712078e-05,4,Reused nonlinear grid error; not a frozen-affine or tracking score
Represented nonlinear change,Augmented affine,represented,Aplus,4,1,37,370,1,1,441,2.54777341288461e-05,4,Reused nonlinear grid error; not a frozen-affine or tracking score
Represented nonlinear change,Augmented affine,represented,Aplus,4,1,38,380,1,1,441,2.49956151215639e-05,4,Reused nonlinear grid error; not a frozen-affine or tracking score
Represented nonlinear change,Augmented affine,represented,Aplus,4,1,39,390,1,1,441,2.45664279598869e-05,4,Reused nonlinear grid error; not a frozen-affine or tracking score
Represented nonlinear change,Augmented affine,represented,Aplus,4,1,40,400,1,1,441,2.28611122542522e-05,4,Reused nonlinear grid error; not a frozen-affine or tracking score
Represented nonlinear change,Augmented affine,represented,Aplus,4,1,41,410,1,1,441,2.21768570528871e-05,4,Reused nonlinear grid error; not a frozen-affine or tracking score
Represented nonlinear change,Augmented affine,represented,Aplus,4,1,42,420,1,1,441,2.24919091001285e-05,4,Reused nonlinear grid error; not a frozen-affine or tracking score
Represented nonlinear change,Augmented affine,represented,Aplus,4,1,43,430,1,1,441,2.27452271646562e-05,4,Reused nonlinear grid error; not a frozen-affine or tracking score
Represented nonlinear change,Augmented affine,represented,Aplus,4,1,44,440,1,1,441,2.29532596368357e-05,4,Reused nonlinear grid error; not a frozen-affine or tracking score
Represented nonlinear change,Augmented affine,represented,Aplus,4,1,45,450,1,1,441,2.31271134066517e-05,4,Reused nonlinear grid error; not a frozen-affine or tracking score
Represented nonlinear change,Augmented affine,represented,Aplus,4,1,46,460,1,1,441,2.32745495150811e-05,4,Reused nonlinear grid error; not a frozen-affine or tracking score
Represented nonlinear change,Augmented affine,represented,Aplus,4,1,47,470,1,1,441,2.34011507659015e-05,4,Reused nonlinear grid error; not a frozen-affine or tracking score
Represented nonlinear change,Augmented affine,represented,Aplus,4,1,48,480,1,1,441,2.35110338332158e-05,4,Reused nonlinear grid error; not a frozen-affine or tracking score
Represented nonlinear change,Augmented affine,represented,Aplus,4,1,49,490,1,1,441,2.36072998660886e-05,4,Reused nonlinear grid error; not a frozen-affine or tracking score
Represented nonlinear change,Augmented affine,represented,Aplus,4,1,50,500,1,1,441,0.0392784036497653,4,Reused nonlinear grid error; not a frozen-affine or tracking score
Represented nonlinear change,Augmented affine,represented,Aplus,4,1,51,510,1,1,441,0.0349617638067913,4,Reused nonlinear grid error; not a frozen-affine or tracking score
Represented nonlinear change,Augmented affine,represented,Aplus,4,1,52,520,1,1,441,0.0308436784494988,4,Reused nonlinear grid error; not a frozen-affine or tracking score
Represented nonlinear change,Augmented affine,represented,Aplus,4,1,53,530,1,1,441,0.0277449332536802,4,Reused nonlinear grid error; not a frozen-affine or tracking score
Represented nonlinear change,Augmented affine,represented,Aplus,4,1,54,540,1,1,441,0.0257398953517004,4,Reused nonlinear grid error; not a frozen-affine or tracking score
Represented nonlinear change,Augmented affine,represented,Aplus,4,1,55,550,1,1,441,0.0247068728210711,4,Reused nonlinear grid error; not a frozen-affine or tracking score
Represented nonlinear change,Augmented affine,represented,Aplus,4,1,56,560,1,1,441,0.0243298311059806,4,Reused nonlinear grid error; not a frozen-affine or tracking score
Represented nonlinear change,Augmented affine,represented,Aplus,4,1,57,570,1,1,441,0.0242724103055633,4,Reused nonlinear grid error; not a frozen-affine or tracking score
Represented nonlinear change,Augmented affine,represented,Aplus,4,1,58,580,1,1,441,0.0243753408391351,4,Reused nonlinear grid error; not a frozen-affine or tracking score
Represented nonlinear change,Augmented affine,represented,Aplus,4,1,59,590,1,1,441,0.0245591939881729,4,Reused nonlinear grid error; not a frozen-affine or tracking score
Represented nonlinear change,Augmented affine,represented,Aplus,4,1,60,600,1,1,441,0.0246309403868565,4,Reused nonlinear grid error; not a frozen-affine or tracking score
Represented nonlinear change,Augmented affine,represented,Aplus,4,1,61,610,1,1,441,0.0243674517893781,4,Reused nonlinear grid error; not a frozen-affine or tracking score
Represented nonlinear change,Augmented affine,represented,Aplus,4,1,62,620,1,1,441,0.024064351720096,4,Reused nonlinear grid error; not a frozen-affine or tracking score
Represented nonlinear change,Augmented affine,represented,Aplus,4,1,63,630,1,1,441,0.0238126785001655,4,Reused nonlinear grid error; not a frozen-affine or tracking score
Represented nonlinear change,Augmented affine,represented,Aplus,4,1,64,640,1,1,441,0.0236006521236087,4,Reused nonlinear grid error; not a frozen-affine or tracking score
Represented nonlinear change,Augmented affine,represented,Aplus,4,1,65,650,1,1,441,0.0234197658411802,4,Reused nonlinear grid error; not a frozen-affine or tracking score
Represented nonlinear change,Augmented affine,represented,Aplus,4,1,66,660,1,1,441,0.0232637352999072,4,Reused nonlinear grid error; not a frozen-affine or tracking score
Represented nonlinear change,Augmented affine,represented,Aplus,4,1,67,670,1,1,441,0.0231278292959385,4,Reused nonlinear grid error; not a frozen-affine or tracking score
Represented nonlinear change,Augmented affine,represented,Aplus,4,1,68,680,1,1,441,0.0230084254669131,4,Reused nonlinear grid error; not a frozen-affine or tracking score
Represented nonlinear change,Augmented affine,represented,Aplus,4,1,69,690,1,1,441,0.0229027083064499,4,Reused nonlinear grid error; not a frozen-affine or tracking score
Represented nonlinear change,Augmented affine,represented,Aplus,4,1,70,700,1,1,441,0.0228084595512923,4,Reused nonlinear grid error; not a frozen-affine or tracking score
Represented nonlinear change,Augmented affine,represented,Aplus,4,1,71,710,1,1,441,0.0227239099062283,4,Reused nonlinear grid error; not a frozen-affine or tracking score
Represented nonlinear change,Augmented affine,represented,Aplus,4,1,72,720,1,1,441,0.0226476323458465,4,Reused nonlinear grid error; not a frozen-affine or tracking score
Represented nonlinear change,Augmented affine,represented,Aplus,4,1,73,730,1,1,441,0.0225784641293218,4,Reused nonlinear grid error; not a frozen-affine or tracking score
Represented nonlinear change,Augmented affine,represented,Aplus,4,1,74,740,1,1,441,0.0225154489844515,4,Reused nonlinear grid error; not a frozen-affine or tracking score
Represented nonlinear change,Augmented affine,represented,Aplus,4,1,75,750,1,1,441,0.022457793681531,4,Reused nonlinear grid error; not a frozen-affine or tracking score
Represented nonlinear change,Augmented affine,represented,Aplus,4,1,76,760,1,1,441,0.0224048350214576,4,Reused nonlinear grid error; not a frozen-affine or tracking score
Represented nonlinear change,Augmented affine,represented,Aplus,4,1,77,770,1,1,441,0.0223560144607455,4,Reused nonlinear grid error; not a frozen-affine or tracking score
Represented nonlinear change,Augmented affine,represented,Aplus,4,1,78,780,1,1,441,0.0223108584054223,4,Reused nonlinear grid error; not a frozen-affine or tracking score
Represented nonlinear change,Augmented affine,represented,Aplus,4,1,79,790,1,1,441,0.0222689627607305,4,Reused nonlinear grid error; not a frozen-affine or tracking score
Represented nonlinear change,Augmented affine,represented,Aplus,4,1,80,800,1,1,441,0.0199336439646152,4,Reused nonlinear grid error; not a frozen-affine or tracking score
Represented nonlinear change,Augmented affine,represented,Aplus,4,1,81,810,1,1,441,0.0193123319990103,4,Reused nonlinear grid error; not a frozen-affine or tracking score
Represented nonlinear change,Augmented affine,represented,Aplus,4,1,82,820,1,1,441,0.0198399463948215,4,Reused nonlinear grid error; not a frozen-affine or tracking score
Represented nonlinear change,Augmented affine,represented,Aplus,4,1,83,830,1,1,441,0.0203481696289163,4,Reused nonlinear grid error; not a frozen-affine or tracking score
Represented nonlinear change,Augmented affine,represented,Aplus,4,1,84,840,1,1,441,0.0208346375353942,4,Reused nonlinear grid error; not a frozen-affine or tracking score
Represented nonlinear change,Augmented affine,represented,Aplus,4,1,85,850,1,1,441,0.0212983644985725,4,Reused nonlinear grid error; not a frozen-affine or tracking score
Represented nonlinear change,Augmented affine,represented,Aplus,4,1,86,860,1,1,441,0.0217392532012788,4,Reused nonlinear grid error; not a frozen-affine or tracking score
Represented nonlinear change,Augmented affine,represented,Aplus,4,1,87,870,1,1,441,0.0221577597062031,4,Reused nonlinear grid error; not a frozen-affine or tracking score
Represented nonlinear change,Augmented affine,represented,Aplus,4,1,88,880,1,1,441,0.0225546732868147,4,Reused nonlinear grid error; not a frozen-affine or tracking score
Represented nonlinear change,Augmented affine,represented,Aplus,4,1,89,890,1,1,441,0.0229309718707804,4,Reused nonlinear grid error; not a frozen-affine or tracking score
Represented nonlinear change,Augmented affine,represented,Aplus,4,1,90,900,1,1,441,0.0232877274936388,4,Reused nonlinear grid error; not a frozen-affine or tracking score
Represented nonlinear change,Augmented affine,represented,Aplus,4,1,91,910,1,1,441,0.0236260449570861,4,Reused nonlinear grid error; not a frozen-affine or tracking score
Represented nonlinear change,Augmented affine,represented,Aplus,4,1,92,920,1,1,441,0.0239470226043791,4,Reused nonlinear grid error; not a frozen-affine or tracking score
Represented nonlinear change,Augmented affine,represented,Aplus,4,1,93,930,1,1,441,0.0242517278556659,4,Reused nonlinear grid error; not a frozen-affine or tracking score
Represented nonlinear change,Augmented affine,represented,Aplus,4,1,94,940,1,1,441,0.0245411825935159,4,Reused nonlinear grid error; not a frozen-affine or tracking score
Represented nonlinear change,Augmented affine,represented,Aplus,4,1,95,950,1,1,441,0.0248163551046257,4,Reused nonlinear grid error; not a frozen-affine or tracking score
Represented nonlinear change,Augmented affine,represented,Aplus,4,1,96,960,1,1,441,0.0250781563579214,4,Reused nonlinear grid error; not a frozen-affine or tracking score
Represented nonlinear change,Augmented affine,represented,Aplus,4,1,97,970,1,1,441,0.0253274391181427,4,Reused nonlinear grid error; not a frozen-affine or tracking score
Represented nonlinear change,Augmented affine,represented,Aplus,4,1,98,980,1,1,441,0.0255649988781281,4,Reused nonlinear grid error; not a frozen-affine or tracking score
Represented nonlinear change,Augmented affine,represented,Aplus,4,1,99,990,1,1,441,0.0257915759209328,4,Reused nonlinear grid error; not a frozen-affine or tracking score
Represented nonlinear change,Augmented affine,represented,Aplus,4,1,100,1000,1,1,441,0.0251940906123448,4,Reused nonlinear grid error; not a frozen-affine or tracking score
Represented nonlinear change,Augmented affine,represented,Aplus,4,1,101,1010,1,1,441,0.0249741385860402,4,Reused nonlinear grid error; not a frozen-affine or tracking score
Represented nonlinear change,Augmented affine,represented,Aplus,4,1,102,1020,1,1,441,0.0250320307797327,4,Reused nonlinear grid error; not a frozen-affine or tracking score
Represented nonlinear change,Augmented affine,represented,Aplus,4,1,103,1030,1,1,441,0.0250805290630681,4,Reused nonlinear grid error; not a frozen-affine or tracking score
Represented nonlinear change,Augmented affine,represented,Aplus,4,1,104,1040,1,1,441,0.0251217499574385,4,Reused nonlinear grid error; not a frozen-affine or tracking score
Represented nonlinear change,Augmented affine,represented,Aplus,4,1,105,1050,1,1,441,0.0251572184793494,4,Reused nonlinear grid error; not a frozen-affine or tracking score
Represented nonlinear change,Augmented affine,represented,Aplus,4,1,106,1060,1,1,441,0.0251880612423533,4,Reused nonlinear grid error; not a frozen-affine or tracking score
Represented nonlinear change,Augmented affine,represented,Aplus,4,1,107,1070,1,1,441,0.0252151285916037,4,Reused nonlinear grid error; not a frozen-affine or tracking score
Represented nonlinear change,Augmented affine,represented,Aplus,4,1,108,1080,1,1,441,0.0252390744054311,4,Reused nonlinear grid error; not a frozen-affine or tracking score
Represented nonlinear change,Augmented affine,represented,Aplus,4,1,109,1090,1,1,441,0.0252604097460813,4,Reused nonlinear grid error; not a frozen-affine or tracking score
Represented nonlinear change,Augmented affine,represented,Aplus,4,1,110,1100,1,1,441,0.0252795398391941,4,Reused nonlinear grid error; not a frozen-affine or tracking score
Represented nonlinear change,Augmented affine,represented,Aplus,4,1,111,1110,1,1,441,0.0252967901280804,4,Reused nonlinear grid error; not a frozen-affine or tracking score
Represented nonlinear change,Augmented affine,represented,Aplus,4,1,112,1120,1,1,441,0.0253124249917882,4,Reused nonlinear grid error; not a frozen-affine or tracking score
Represented nonlinear change,Augmented affine,represented,Aplus,4,1,113,1130,1,1,441,0.0253266614289611,4,Reused nonlinear grid error; not a frozen-affine or tracking score
Represented nonlinear change,Augmented affine,represented,Aplus,4,1,114,1140,1,1,441,0.0253396792193918,4,Reused nonlinear grid error; not a frozen-affine or tracking score
Represented nonlinear change,Augmented affine,represented,Aplus,4,1,115,1150,1,1,441,0.0253516285775924,4,Reused nonlinear grid error; not a frozen-affine or tracking score
Represented nonlinear change,Augmented affine,represented,Aplus,4,1,116,1160,1,1,441,0.0253626359920623,4,Reused nonlinear grid error; not a frozen-affine or tracking score
Represented nonlinear change,Augmented affine,represented,Aplus,4,1,117,1170,1,1,441,0.0253728087329923,4,Reused nonlinear grid error; not a frozen-affine or tracking score
Represented nonlinear change,Augmented affine,represented,Aplus,4,1,118,1180,1,1,441,0.025382238369717,4,Reused nonlinear grid error; not a frozen-affine or tracking score
Represented nonlinear change,Augmented affine,represented,Aplus,4,1,119,1190,1,1,441,0.025391003542771,4,Reused nonlinear grid error; not a frozen-affine or tracking score
Represented nonlinear change,Complete quadratic,represented,P2,6,1,0,0,1,1,441,8.20728491280962e-05,4,Reused nonlinear grid error; not a frozen-affine or tracking score
Represented nonlinear change,Complete quadratic,represented,P2,6,1,1,10,1,1,441,7.64743333619623e-05,4,Reused nonlinear grid error; not a frozen-affine or tracking score
Represented nonlinear change,Complete quadratic,represented,P2,6,1,2,20,1,1,441,7.52139257495653e-05,4,Reused nonlinear grid error; not a frozen-affine or tracking score
Represented nonlinear change,Complete quadratic,represented,P2,6,1,3,30,1,1,441,7.63089614589007e-05,4,Reused nonlinear grid error; not a frozen-affine or tracking score
Represented nonlinear change,Complete quadratic,represented,P2,6,1,4,40,1,1,441,7.77726434826421e-05,4,Reused nonlinear grid error; not a frozen-affine or tracking score
Represented nonlinear change,Complete quadratic,represented,P2,6,1,5,50,1,1,441,7.91539001868766e-05,4,Reused nonlinear grid error; not a frozen-affine or tracking score
Represented nonlinear change,Complete quadratic,represented,P2,6,1,6,60,1,1,441,8.0362407165827e-05,4,Reused nonlinear grid error; not a frozen-affine or tracking score
Represented nonlinear change,Complete quadratic,represented,P2,6,1,7,70,1,1,441,8.13993545022783e-05,4,Reused nonlinear grid error; not a frozen-affine or tracking score
Represented nonlinear change,Complete quadratic,represented,P2,6,1,8,80,1,1,441,8.22873718269519e-05,4,Reused nonlinear grid error; not a frozen-affine or tracking score
Represented nonlinear change,Complete quadratic,represented,P2,6,1,9,90,1,1,441,8.30511681856548e-05,4,Reused nonlinear grid error; not a frozen-affine or tracking score
Represented nonlinear change,Complete quadratic,represented,P2,6,1,10,100,1,1,441,8.37124689359907e-05,4,Reused nonlinear grid error; not a frozen-affine or tracking score
Represented nonlinear change,Complete quadratic,represented,P2,6,1,11,110,1,1,441,8.42891731460783e-05,4,Reused nonlinear grid error; not a frozen-affine or tracking score
Represented nonlinear change,Complete quadratic,represented,P2,6,1,12,120,1,1,441,8.47957087058462e-05,4,Reused nonlinear grid error; not a frozen-affine or tracking score
Represented nonlinear change,Complete quadratic,represented,P2,6,1,13,130,1,1,441,8.52436446196847e-05,4,Reused nonlinear grid error; not a frozen-affine or tracking score
Represented nonlinear change,Complete quadratic,represented,P2,6,1,14,140,1,1,441,8.56422761695065e-05,4,Reused nonlinear grid error; not a frozen-affine or tracking score
Represented nonlinear change,Complete quadratic,represented,P2,6,1,15,150,1,1,441,8.59991117332942e-05,4,Reused nonlinear grid error; not a frozen-affine or tracking score
Represented nonlinear change,Complete quadratic,represented,P2,6,1,16,160,1,1,441,8.63202577847293e-05,4,Reused nonlinear grid error; not a frozen-affine or tracking score
Represented nonlinear change,Complete quadratic,represented,P2,6,1,17,170,1,1,441,8.66107174400399e-05,4,Reused nonlinear grid error; not a frozen-affine or tracking score
Represented nonlinear change,Complete quadratic,represented,P2,6,1,18,180,1,1,441,8.68746205611113e-05,4,Reused nonlinear grid error; not a frozen-affine or tracking score
Represented nonlinear change,Complete quadratic,represented,P2,6,1,19,190,1,1,441,8.71154012019799e-05,4,Reused nonlinear grid error; not a frozen-affine or tracking score
Represented nonlinear change,Complete quadratic,represented,P2,6,1,20,200,1,1,441,8.8061159485768e-05,4,Reused nonlinear grid error; not a frozen-affine or tracking score
Represented nonlinear change,Complete quadratic,represented,P2,6,1,21,210,1,1,441,7.91617954619001e-05,4,Reused nonlinear grid error; not a frozen-affine or tracking score
Represented nonlinear change,Complete quadratic,represented,P2,6,1,22,220,1,1,441,7.26239725257289e-05,4,Reused nonlinear grid error; not a frozen-affine or tracking score
Represented nonlinear change,Complete quadratic,represented,P2,6,1,23,230,1,1,441,6.83905676252473e-05,4,Reused nonlinear grid error; not a frozen-affine or tracking score
Represented nonlinear change,Complete quadratic,represented,P2,6,1,24,240,1,1,441,6.55703622349271e-05,4,Reused nonlinear grid error; not a frozen-affine or tracking score
Represented nonlinear change,Complete quadratic,represented,P2,6,1,25,250,1,1,441,6.36504301804377e-05,4,Reused nonlinear grid error; not a frozen-affine or tracking score
Represented nonlinear change,Complete quadratic,represented,P2,6,1,26,260,1,1,441,6.23217640634221e-05,4,Reused nonlinear grid error; not a frozen-affine or tracking score
Represented nonlinear change,Complete quadratic,represented,P2,6,1,27,270,1,1,441,6.13914114768473e-05,4,Reused nonlinear grid error; not a frozen-affine or tracking score
Represented nonlinear change,Complete quadratic,represented,P2,6,1,28,280,1,1,441,6.07352498701176e-05,4,Reused nonlinear grid error; not a frozen-affine or tracking score
Represented nonlinear change,Complete quadratic,represented,P2,6,1,29,290,1,1,441,6.02713675652421e-05,4,Reused nonlinear grid error; not a frozen-affine or tracking score
Represented nonlinear change,Complete quadratic,represented,P2,6,1,30,300,1,1,441,5.994448609729e-05,4,Reused nonlinear grid error; not a frozen-affine or tracking score
Represented nonlinear change,Complete quadratic,represented,P2,6,1,31,310,1,1,441,5.97165547662651e-05,4,Reused nonlinear grid error; not a frozen-affine or tracking score
Represented nonlinear change,Complete quadratic,represented,P2,6,1,32,320,1,1,441,5.95609162036038e-05,4,Reused nonlinear grid error; not a frozen-affine or tracking score
Represented nonlinear change,Complete quadratic,represented,P2,6,1,33,330,1,1,441,5.94585992814799e-05,4,Reused nonlinear grid error; not a frozen-affine or tracking score
Represented nonlinear change,Complete quadratic,represented,P2,6,1,34,340,1,1,441,5.93959122960762e-05,4,Reused nonlinear grid error; not a frozen-affine or tracking score
Represented nonlinear change,Complete quadratic,represented,P2,6,1,35,350,1,1,441,5.93628494163486e-05,4,Reused nonlinear grid error; not a frozen-affine or tracking score
Represented nonlinear change,Complete quadratic,represented,P2,6,1,36,360,1,1,441,5.93520165479656e-05,4,Reused nonlinear grid error; not a frozen-affine or tracking score
Represented nonlinear change,Complete quadratic,represented,P2,6,1,37,370,1,1,441,5.93578953457463e-05,4,Reused nonlinear grid error; not a frozen-affine or tracking score
Represented nonlinear change,Complete quadratic,represented,P2,6,1,38,380,1,1,441,5.93763312781304e-05,4,Reused nonlinear grid error; not a frozen-affine or tracking score
Represented nonlinear change,Complete quadratic,represented,P2,6,1,39,390,1,1,441,5.94041725753179e-05,4,Reused nonlinear grid error; not a frozen-affine or tracking score
Represented nonlinear change,Complete quadratic,represented,P2,6,1,40,400,1,1,441,6.27063462277657e-05,4,Reused nonlinear grid error; not a frozen-affine or tracking score
Represented nonlinear change,Complete quadratic,represented,P2,6,1,41,410,1,1,441,6.45354659926067e-05,4,Reused nonlinear grid error; not a frozen-affine or tracking score
Represented nonlinear change,Complete quadratic,represented,P2,6,1,42,420,1,1,441,6.47778630279236e-05,4,Reused nonlinear grid error; not a frozen-affine or tracking score
Represented nonlinear change,Complete quadratic,represented,P2,6,1,43,430,1,1,441,6.49647187569206e-05,4,Reused nonlinear grid error; not a frozen-affine or tracking score
Represented nonlinear change,Complete quadratic,represented,P2,6,1,44,440,1,1,441,6.51131543929341e-05,4,Reused nonlinear grid error; not a frozen-affine or tracking score
Represented nonlinear change,Complete quadratic,represented,P2,6,1,45,450,1,1,441,6.52339148653992e-05,4,Reused nonlinear grid error; not a frozen-affine or tracking score
Represented nonlinear change,Complete quadratic,represented,P2,6,1,46,460,1,1,441,6.53340800897787e-05,4,Reused nonlinear grid error; not a frozen-affine or tracking score
Represented nonlinear change,Complete quadratic,represented,P2,6,1,47,470,1,1,441,6.54185048086125e-05,4,Reused nonlinear grid error; not a frozen-affine or tracking score
Represented nonlinear change,Complete quadratic,represented,P2,6,1,48,480,1,1,441,6.54906290987194e-05,4,Reused nonlinear grid error; not a frozen-affine or tracking score
Represented nonlinear change,Complete quadratic,represented,P2,6,1,49,490,1,1,441,6.55529586688591e-05,4,Reused nonlinear grid error; not a frozen-affine or tracking score
Represented nonlinear change,Complete quadratic,represented,P2,6,1,50,500,1,1,441,0.0392412238601872,4,Reused nonlinear grid error; not a frozen-affine or tracking score
Represented nonlinear change,Complete quadratic,represented,P2,6,1,51,510,1,1,441,0.0227463256547287,4,Reused nonlinear grid error; not a frozen-affine or tracking score
Represented nonlinear change,Complete quadratic,represented,P2,6,1,52,520,1,1,441,0.0229898625997823,4,Reused nonlinear grid error; not a frozen-affine or tracking score
Represented nonlinear change,Complete quadratic,represented,P2,6,1,53,530,1,1,441,0.0343906810569662,4,Reused nonlinear grid error; not a frozen-affine or tracking score
Represented nonlinear change,Complete quadratic,represented,P2,6,1,54,540,1,1,441,0.0447442243863658,4,Reused nonlinear grid error; not a frozen-affine or tracking score
Represented nonlinear change,Complete quadratic,represented,P2,6,1,55,550,1,1,441,0.0521606105626578,4,Reused nonlinear grid error; not a frozen-affine or tracking score
Represented nonlinear change,Complete quadratic,represented,P2,6,1,56,560,1,1,441,0.0576793971139264,4,Reused nonlinear grid error; not a frozen-affine or tracking score
Represented nonlinear change,Complete quadratic,represented,P2,6,1,57,570,1,1,441,0.061956242493934,4,Reused nonlinear grid error; not a frozen-affine or tracking score
Represented nonlinear change,Complete quadratic,represented,P2,6,1,58,580,1,1,441,0.0653759189263472,4,Reused nonlinear grid error; not a frozen-affine or tracking score
Represented nonlinear change,Complete quadratic,represented,P2,6,1,59,590,1,1,441,0.0681774434052446,4,Reused nonlinear grid error; not a frozen-affine or tracking score
Represented nonlinear change,Complete quadratic,represented,P2,6,1,60,600,1,1,441,0.044808419287289,4,Reused nonlinear grid error; not a frozen-affine or tracking score
Represented nonlinear change,Complete quadratic,represented,P2,6,1,61,610,1,1,441,0.0422062355489908,4,Reused nonlinear grid error; not a frozen-affine or tracking score
Represented nonlinear change,Complete quadratic,represented,P2,6,1,62,620,1,1,441,0.0398362462690855,4,Reused nonlinear grid error; not a frozen-affine or tracking score
Represented nonlinear change,Complete quadratic,represented,P2,6,1,63,630,1,1,441,0.0378520463218236,4,Reused nonlinear grid error; not a frozen-affine or tracking score
Represented nonlinear change,Complete quadratic,represented,P2,6,1,64,640,1,1,441,0.036175445875135,4,Reused nonlinear grid error; not a frozen-affine or tracking score
Represented nonlinear change,Complete quadratic,represented,P2,6,1,65,650,1,1,441,0.0347474896029977,4,Reused nonlinear grid error; not a frozen-affine or tracking score
Represented nonlinear change,Complete quadratic,represented,P2,6,1,66,660,1,1,441,0.0335228728496427,4,Reused nonlinear grid error; not a frozen-affine or tracking score
Represented nonlinear change,Complete quadratic,represented,P2,6,1,67,670,1,1,441,0.032466215042804,4,Reused nonlinear grid error; not a frozen-affine or tracking score
Represented nonlinear change,Complete quadratic,represented,P2,6,1,68,680,1,1,441,0.0315495013594653,4,Reused nonlinear grid error; not a frozen-affine or tracking score
Represented nonlinear change,Complete quadratic,represented,P2,6,1,69,690,1,1,441,0.0307502827104757,4,Reused nonlinear grid error; not a frozen-affine or tracking score
Represented nonlinear change,Complete quadratic,represented,P2,6,1,70,700,1,1,441,0.0300503816812086,4,Reused nonlinear grid error; not a frozen-affine or tracking score
Represented nonlinear change,Complete quadratic,represented,P2,6,1,71,710,1,1,441,0.0294349443686603,4,Reused nonlinear grid error; not a frozen-affine or tracking score
Represented nonlinear change,Complete quadratic,represented,P2,6,1,72,720,1,1,441,0.0288917338780777,4,Reused nonlinear grid error; not a frozen-affine or tracking score
Represented nonlinear change,Complete quadratic,represented,P2,6,1,73,730,1,1,441,0.0284105959692487,4,Reused nonlinear grid error; not a frozen-affine or tracking score
Represented nonlinear change,Complete quadratic,represented,P2,6,1,74,740,1,1,441,0.0279830494988395,4,Reused nonlinear grid error; not a frozen-affine or tracking score
Represented nonlinear change,Complete quadratic,represented,P2,6,1,75,750,1,1,441,0.0276019687672587,4,Reused nonlinear grid error; not a frozen-affine or tracking score
Represented nonlinear change,Complete quadratic,represented,P2,6,1,76,760,1,1,441,0.0272613345164842,4,Reused nonlinear grid error; not a frozen-affine or tracking score
Represented nonlinear change,Complete quadratic,represented,P2,6,1,77,770,1,1,441,0.0269560368716559,4,Reused nonlinear grid error; not a frozen-affine or tracking score
Represented nonlinear change,Complete quadratic,represented,P2,6,1,78,780,1,1,441,0.026681718044247,4,Reused nonlinear grid error; not a frozen-affine or tracking score
Represented nonlinear change,Complete quadratic,represented,P2,6,1,79,790,1,1,441,0.0264346457933987,4,Reused nonlinear grid error; not a frozen-affine or tracking score
Represented nonlinear change,Complete quadratic,represented,P2,6,1,80,800,1,1,441,0.0276266694741804,4,Reused nonlinear grid error; not a frozen-affine or tracking score
Represented nonlinear change,Complete quadratic,represented,P2,6,1,81,810,1,1,441,0.0294054964858521,4,Reused nonlinear grid error; not a frozen-affine or tracking score
Represented nonlinear change,Complete quadratic,represented,P2,6,1,82,820,1,1,441,0.0287750839485827,4,Reused nonlinear grid error; not a frozen-affine or tracking score
Represented nonlinear change,Complete quadratic,represented,P2,6,1,83,830,1,1,441,0.0282429983055126,4,Reused nonlinear grid error; not a frozen-affine or tracking score
Represented nonlinear change,Complete quadratic,represented,P2,6,1,84,840,1,1,441,0.0277942847560253,4,Reused nonlinear grid error; not a frozen-affine or tracking score
Represented nonlinear change,Complete quadratic,represented,P2,6,1,85,850,1,1,441,0.0274159260414984,4,Reused nonlinear grid error; not a frozen-affine or tracking score
Represented nonlinear change,Complete quadratic,represented,P2,6,1,86,860,1,1,441,0.0270970587950923,4,Reused nonlinear grid error; not a frozen-affine or tracking score
Represented nonlinear change,Complete quadratic,represented,P2,6,1,87,870,1,1,441,0.0268285959276083,4,Reused nonlinear grid error; not a frozen-affine or tracking score
Represented nonlinear change,Complete quadratic,represented,P2,6,1,88,880,1,1,441,0.0266029187643813,4,Reused nonlinear grid error; not a frozen-affine or tracking score
Represented nonlinear change,Complete quadratic,represented,P2,6,1,89,890,1,1,441,0.0264136256590498,4,Reused nonlinear grid error; not a frozen-affine or tracking score
Represented nonlinear change,Complete quadratic,represented,P2,6,1,90,900,1,1,441,0.026255325981334,4,Reused nonlinear grid error; not a frozen-affine or tracking score
Represented nonlinear change,Complete quadratic,represented,P2,6,1,91,910,1,1,441,0.0261234707980716,4,Reused nonlinear grid error; not a frozen-affine or tracking score
Represented nonlinear change,Complete quadratic,represented,P2,6,1,92,920,1,1,441,0.0260142133733311,4,Reused nonlinear grid error; not a frozen-affine or tracking score
Represented nonlinear change,Complete quadratic,represented,P2,6,1,93,930,1,1,441,0.0259242939908187,4,Reused nonlinear grid error; not a frozen-affine or tracking score
Represented nonlinear change,Complete quadratic,represented,P2,6,1,94,940,1,1,441,0.0258509446715791,4,Reused nonlinear grid error; not a frozen-affine or tracking score
Represented nonlinear change,Complete quadratic,represented,P2,6,1,95,950,1,1,441,0.0257918102022684,4,Reused nonlinear grid error; not a frozen-affine or tracking score
Represented nonlinear change,Complete quadratic,represented,P2,6,1,96,960,1,1,441,0.0257448825613647,4,Reused nonlinear grid error; not a frozen-affine or tracking score
Represented nonlinear change,Complete quadratic,represented,P2,6,1,97,970,1,1,441,0.0257084463692062,4,Reused nonlinear grid error; not a frozen-affine or tracking score
Represented nonlinear change,Complete quadratic,represented,P2,6,1,98,980,1,1,441,0.0256810334232875,4,Reused nonlinear grid error; not a frozen-affine or tracking score
Represented nonlinear change,Complete quadratic,represented,P2,6,1,99,990,1,1,441,0.025661384733052,4,Reused nonlinear grid error; not a frozen-affine or tracking score
Represented nonlinear change,Complete quadratic,represented,P2,6,1,100,1000,1,1,441,0.0226726591581952,4,Reused nonlinear grid error; not a frozen-affine or tracking score
Represented nonlinear change,Complete quadratic,represented,P2,6,1,101,1010,1,1,441,0.0227376633915177,4,Reused nonlinear grid error; not a frozen-affine or tracking score
Represented nonlinear change,Complete quadratic,represented,P2,6,1,102,1020,1,1,441,0.0228758293935948,4,Reused nonlinear grid error; not a frozen-affine or tracking score
Represented nonlinear change,Complete quadratic,represented,P2,6,1,103,1030,1,1,441,0.0230086747610297,4,Reused nonlinear grid error; not a frozen-affine or tracking score
Represented nonlinear change,Complete quadratic,represented,P2,6,1,104,1040,1,1,441,0.0231325866425052,4,Reused nonlinear grid error; not a frozen-affine or tracking score
Represented nonlinear change,Complete quadratic,represented,P2,6,1,105,1050,1,1,441,0.0232465580623725,4,Reused nonlinear grid error; not a frozen-affine or tracking score
Represented nonlinear change,Complete quadratic,represented,P2,6,1,106,1060,1,1,441,0.0233507394257605,4,Reused nonlinear grid error; not a frozen-affine or tracking score
Represented nonlinear change,Complete quadratic,represented,P2,6,1,107,1070,1,1,441,0.0234457684367807,4,Reused nonlinear grid error; not a frozen-affine or tracking score
Represented nonlinear change,Complete quadratic,represented,P2,6,1,108,1080,1,1,441,0.0235324548976087,4,Reused nonlinear grid error; not a frozen-affine or tracking score
Represented nonlinear change,Complete quadratic,represented,P2,6,1,109,1090,1,1,441,0.0236116331157609,4,Reused nonlinear grid error; not a frozen-affine or tracking score
Represented nonlinear change,Complete quadratic,represented,P2,6,1,110,1100,1,1,441,0.0236840954046108,4,Reused nonlinear grid error; not a frozen-affine or tracking score
Represented nonlinear change,Complete quadratic,represented,P2,6,1,111,1110,1,1,441,0.0237505652812882,4,Reused nonlinear grid error; not a frozen-affine or tracking score
Represented nonlinear change,Complete quadratic,represented,P2,6,1,112,1120,1,1,441,0.0238116900164729,4,Reused nonlinear grid error; not a frozen-affine or tracking score
Represented nonlinear change,Complete quadratic,represented,P2,6,1,113,1130,1,1,441,0.0238680423515497,4,Reused nonlinear grid error; not a frozen-affine or tracking score
Represented nonlinear change,Complete quadratic,represented,P2,6,1,114,1140,1,1,441,0.023920126240104,4,Reused nonlinear grid error; not a frozen-affine or tracking score
Represented nonlinear change,Complete quadratic,represented,P2,6,1,115,1150,1,1,441,0.0239683840256983,4,Reused nonlinear grid error; not a frozen-affine or tracking score
Represented nonlinear change,Complete quadratic,represented,P2,6,1,116,1160,1,1,441,0.0240132037816279,4,Reused nonlinear grid error; not a frozen-affine or tracking score
Represented nonlinear change,Complete quadratic,represented,P2,6,1,117,1170,1,1,441,0.0240549262185824,4,Reused nonlinear grid error; not a frozen-affine or tracking score
Represented nonlinear change,Complete quadratic,represented,P2,6,1,118,1180,1,1,441,0.0240938509173791,4,Reused nonlinear grid error; not a frozen-affine or tracking score
Represented nonlinear change,Complete quadratic,represented,P2,6,1,119,1190,1,1,441,0.0241302418222613,4,Reused nonlinear grid error; not a frozen-affine or tracking score
Represented nonlinear change,Known-model reference,represented,K,0,1,0,0,1,1,441,0,4,Reused nonlinear grid error; not a frozen-affine or tracking score
Represented nonlinear change,Known-model reference,represented,K,0,1,1,10,1,1,441,0,4,Reused nonlinear grid error; not a frozen-affine or tracking score
Represented nonlinear change,Known-model reference,represented,K,0,1,2,20,1,1,441,0,4,Reused nonlinear grid error; not a frozen-affine or tracking score
Represented nonlinear change,Known-model reference,represented,K,0,1,3,30,1,1,441,0,4,Reused nonlinear grid error; not a frozen-affine or tracking score
Represented nonlinear change,Known-model reference,represented,K,0,1,4,40,1,1,441,0,4,Reused nonlinear grid error; not a frozen-affine or tracking score
Represented nonlinear change,Known-model reference,represented,K,0,1,5,50,1,1,441,0,4,Reused nonlinear grid error; not a frozen-affine or tracking score
Represented nonlinear change,Known-model reference,represented,K,0,1,6,60,1,1,441,0,4,Reused nonlinear grid error; not a frozen-affine or tracking score
Represented nonlinear change,Known-model reference,represented,K,0,1,7,70,1,1,441,0,4,Reused nonlinear grid error; not a frozen-affine or tracking score
Represented nonlinear change,Known-model reference,represented,K,0,1,8,80,1,1,441,0,4,Reused nonlinear grid error; not a frozen-affine or tracking score
Represented nonlinear change,Known-model reference,represented,K,0,1,9,90,1,1,441,0,4,Reused nonlinear grid error; not a frozen-affine or tracking score
Represented nonlinear change,Known-model reference,represented,K,0,1,10,100,1,1,441,0,4,Reused nonlinear grid error; not a frozen-affine or tracking score
Represented nonlinear change,Known-model reference,represented,K,0,1,11,110,1,1,441,0,4,Reused nonlinear grid error; not a frozen-affine or tracking score
Represented nonlinear change,Known-model reference,represented,K,0,1,12,120,1,1,441,0,4,Reused nonlinear grid error; not a frozen-affine or tracking score
Represented nonlinear change,Known-model reference,represented,K,0,1,13,130,1,1,441,0,4,Reused nonlinear grid error; not a frozen-affine or tracking score
Represented nonlinear change,Known-model reference,represented,K,0,1,14,140,1,1,441,0,4,Reused nonlinear grid error; not a frozen-affine or tracking score
Represented nonlinear change,Known-model reference,represented,K,0,1,15,150,1,1,441,0,4,Reused nonlinear grid error; not a frozen-affine or tracking score
Represented nonlinear change,Known-model reference,represented,K,0,1,16,160,1,1,441,0,4,Reused nonlinear grid error; not a frozen-affine or tracking score
Represented nonlinear change,Known-model reference,represented,K,0,1,17,170,1,1,441,0,4,Reused nonlinear grid error; not a frozen-affine or tracking score
Represented nonlinear change,Known-model reference,represented,K,0,1,18,180,1,1,441,0,4,Reused nonlinear grid error; not a frozen-affine or tracking score
Represented nonlinear change,Known-model reference,represented,K,0,1,19,190,1,1,441,0,4,Reused nonlinear grid error; not a frozen-affine or tracking score
Represented nonlinear change,Known-model reference,represented,K,0,1,20,200,1,1,441,0,4,Reused nonlinear grid error; not a frozen-affine or tracking score
Represented nonlinear change,Known-model reference,represented,K,0,1,21,210,1,1,441,0,4,Reused nonlinear grid error; not a frozen-affine or tracking score
Represented nonlinear change,Known-model reference,represented,K,0,1,22,220,1,1,441,0,4,Reused nonlinear grid error; not a frozen-affine or tracking score
Represented nonlinear change,Known-model reference,represented,K,0,1,23,230,1,1,441,0,4,Reused nonlinear grid error; not a frozen-affine or tracking score
Represented nonlinear change,Known-model reference,represented,K,0,1,24,240,1,1,441,0,4,Reused nonlinear grid error; not a frozen-affine or tracking score
Represented nonlinear change,Known-model reference,represented,K,0,1,25,250,1,1,441,0,4,Reused nonlinear grid error; not a frozen-affine or tracking score
Represented nonlinear change,Known-model reference,represented,K,0,1,26,260,1,1,441,0,4,Reused nonlinear grid error; not a frozen-affine or tracking score
Represented nonlinear change,Known-model reference,represented,K,0,1,27,270,1,1,441,0,4,Reused nonlinear grid error; not a frozen-affine or tracking score
Represented nonlinear change,Known-model reference,represented,K,0,1,28,280,1,1,441,0,4,Reused nonlinear grid error; not a frozen-affine or tracking score
Represented nonlinear change,Known-model reference,represented,K,0,1,29,290,1,1,441,0,4,Reused nonlinear grid error; not a frozen-affine or tracking score
Represented nonlinear change,Known-model reference,represented,K,0,1,30,300,1,1,441,0,4,Reused nonlinear grid error; not a frozen-affine or tracking score
Represented nonlinear change,Known-model reference,represented,K,0,1,31,310,1,1,441,0,4,Reused nonlinear grid error; not a frozen-affine or tracking score
Represented nonlinear change,Known-model reference,represented,K,0,1,32,320,1,1,441,0,4,Reused nonlinear grid error; not a frozen-affine or tracking score
Represented nonlinear change,Known-model reference,represented,K,0,1,33,330,1,1,441,0,4,Reused nonlinear grid error; not a frozen-affine or tracking score
Represented nonlinear change,Known-model reference,represented,K,0,1,34,340,1,1,441,0,4,Reused nonlinear grid error; not a frozen-affine or tracking score
Represented nonlinear change,Known-model reference,represented,K,0,1,35,350,1,1,441,0,4,Reused nonlinear grid error; not a frozen-affine or tracking score
Represented nonlinear change,Known-model reference,represented,K,0,1,36,360,1,1,441,0,4,Reused nonlinear grid error; not a frozen-affine or tracking score
Represented nonlinear change,Known-model reference,represented,K,0,1,37,370,1,1,441,0,4,Reused nonlinear grid error; not a frozen-affine or tracking score
Represented nonlinear change,Known-model reference,represented,K,0,1,38,380,1,1,441,0,4,Reused nonlinear grid error; not a frozen-affine or tracking score
Represented nonlinear change,Known-model reference,represented,K,0,1,39,390,1,1,441,0,4,Reused nonlinear grid error; not a frozen-affine or tracking score
Represented nonlinear change,Known-model reference,represented,K,0,1,40,400,1,1,441,0,4,Reused nonlinear grid error; not a frozen-affine or tracking score
Represented nonlinear change,Known-model reference,represented,K,0,1,41,410,1,1,441,0,4,Reused nonlinear grid error; not a frozen-affine or tracking score
Represented nonlinear change,Known-model reference,represented,K,0,1,42,420,1,1,441,0,4,Reused nonlinear grid error; not a frozen-affine or tracking score
Represented nonlinear change,Known-model reference,represented,K,0,1,43,430,1,1,441,0,4,Reused nonlinear grid error; not a frozen-affine or tracking score
Represented nonlinear change,Known-model reference,represented,K,0,1,44,440,1,1,441,0,4,Reused nonlinear grid error; not a frozen-affine or tracking score
Represented nonlinear change,Known-model reference,represented,K,0,1,45,450,1,1,441,0,4,Reused nonlinear grid error; not a frozen-affine or tracking score
Represented nonlinear change,Known-model reference,represented,K,0,1,46,460,1,1,441,0,4,Reused nonlinear grid error; not a frozen-affine or tracking score
Represented nonlinear change,Known-model reference,represented,K,0,1,47,470,1,1,441,0,4,Reused nonlinear grid error; not a frozen-affine or tracking score
Represented nonlinear change,Known-model reference,represented,K,0,1,48,480,1,1,441,0,4,Reused nonlinear grid error; not a frozen-affine or tracking score
Represented nonlinear change,Known-model reference,represented,K,0,1,49,490,1,1,441,0,4,Reused nonlinear grid error; not a frozen-affine or tracking score
Represented nonlinear change,Known-model reference,represented,K,0,1,50,500,1,1,441,0,4,Reused nonlinear grid error; not a frozen-affine or tracking score
Represented nonlinear change,Known-model reference,represented,K,0,1,51,510,1,1,441,0,4,Reused nonlinear grid error; not a frozen-affine or tracking score
Represented nonlinear change,Known-model reference,represented,K,0,1,52,520,1,1,441,0,4,Reused nonlinear grid error; not a frozen-affine or tracking score
Represented nonlinear change,Known-model reference,represented,K,0,1,53,530,1,1,441,0,4,Reused nonlinear grid error; not a frozen-affine or tracking score
Represented nonlinear change,Known-model reference,represented,K,0,1,54,540,1,1,441,0,4,Reused nonlinear grid error; not a frozen-affine or tracking score
Represented nonlinear change,Known-model reference,represented,K,0,1,55,550,1,1,441,0,4,Reused nonlinear grid error; not a frozen-affine or tracking score
Represented nonlinear change,Known-model reference,represented,K,0,1,56,560,1,1,441,0,4,Reused nonlinear grid error; not a frozen-affine or tracking score
Represented nonlinear change,Known-model reference,represented,K,0,1,57,570,1,1,441,0,4,Reused nonlinear grid error; not a frozen-affine or tracking score
Represented nonlinear change,Known-model reference,represented,K,0,1,58,580,1,1,441,0,4,Reused nonlinear grid error; not a frozen-affine or tracking score
Represented nonlinear change,Known-model reference,represented,K,0,1,59,590,1,1,441,0,4,Reused nonlinear grid error; not a frozen-affine or tracking score
Represented nonlinear change,Known-model reference,represented,K,0,1,60,600,1,1,441,0,4,Reused nonlinear grid error; not a frozen-affine or tracking score
Represented nonlinear change,Known-model reference,represented,K,0,1,61,610,1,1,441,0,4,Reused nonlinear grid error; not a frozen-affine or tracking score
Represented nonlinear change,Known-model reference,represented,K,0,1,62,620,1,1,441,0,4,Reused nonlinear grid error; not a frozen-affine or tracking score
Represented nonlinear change,Known-model reference,represented,K,0,1,63,630,1,1,441,0,4,Reused nonlinear grid error; not a frozen-affine or tracking score
Represented nonlinear change,Known-model reference,represented,K,0,1,64,640,1,1,441,0,4,Reused nonlinear grid error; not a frozen-affine or tracking score
Represented nonlinear change,Known-model reference,represented,K,0,1,65,650,1,1,441,0,4,Reused nonlinear grid error; not a frozen-affine or tracking score
Represented nonlinear change,Known-model reference,represented,K,0,1,66,660,1,1,441,0,4,Reused nonlinear grid error; not a frozen-affine or tracking score
Represented nonlinear change,Known-model reference,represented,K,0,1,67,670,1,1,441,0,4,Reused nonlinear grid error; not a frozen-affine or tracking score
Represented nonlinear change,Known-model reference,represented,K,0,1,68,680,1,1,441,0,4,Reused nonlinear grid error; not a frozen-affine or tracking score
Represented nonlinear change,Known-model reference,represented,K,0,1,69,690,1,1,441,0,4,Reused nonlinear grid error; not a frozen-affine or tracking score
Represented nonlinear change,Known-model reference,represented,K,0,1,70,700,1,1,441,0,4,Reused nonlinear grid error; not a frozen-affine or tracking score
Represented nonlinear change,Known-model reference,represented,K,0,1,71,710,1,1,441,0,4,Reused nonlinear grid error; not a frozen-affine or tracking score
Represented nonlinear change,Known-model reference,represented,K,0,1,72,720,1,1,441,0,4,Reused nonlinear grid error; not a frozen-affine or tracking score
Represented nonlinear change,Known-model reference,represented,K,0,1,73,730,1,1,441,0,4,Reused nonlinear grid error; not a frozen-affine or tracking score
Represented nonlinear change,Known-model reference,represented,K,0,1,74,740,1,1,441,0,4,Reused nonlinear grid error; not a frozen-affine or tracking score
Represented nonlinear change,Known-model reference,represented,K,0,1,75,750,1,1,441,0,4,Reused nonlinear grid error; not a frozen-affine or tracking score
Represented nonlinear change,Known-model reference,represented,K,0,1,76,760,1,1,441,0,4,Reused nonlinear grid error; not a frozen-affine or tracking score
Represented nonlinear change,Known-model reference,represented,K,0,1,77,770,1,1,441,0,4,Reused nonlinear grid error; not a frozen-affine or tracking score
Represented nonlinear change,Known-model reference,represented,K,0,1,78,780,1,1,441,0,4,Reused nonlinear grid error; not a frozen-affine or tracking score
Represented nonlinear change,Known-model reference,represented,K,0,1,79,790,1,1,441,0,4,Reused nonlinear grid error; not a frozen-affine or tracking score
Represented nonlinear change,Known-model reference,represented,K,0,1,80,800,1,1,441,0,4,Reused nonlinear grid error; not a frozen-affine or tracking score
Represented nonlinear change,Known-model reference,represented,K,0,1,81,810,1,1,441,0,4,Reused nonlinear grid error; not a frozen-affine or tracking score
Represented nonlinear change,Known-model reference,represented,K,0,1,82,820,1,1,441,0,4,Reused nonlinear grid error; not a frozen-affine or tracking score
Represented nonlinear change,Known-model reference,represented,K,0,1,83,830,1,1,441,0,4,Reused nonlinear grid error; not a frozen-affine or tracking score
Represented nonlinear change,Known-model reference,represented,K,0,1,84,840,1,1,441,0,4,Reused nonlinear grid error; not a frozen-affine or tracking score
Represented nonlinear change,Known-model reference,represented,K,0,1,85,850,1,1,441,0,4,Reused nonlinear grid error; not a frozen-affine or tracking score
Represented nonlinear change,Known-model reference,represented,K,0,1,86,860,1,1,441,0,4,Reused nonlinear grid error; not a frozen-affine or tracking score
Represented nonlinear change,Known-model reference,represented,K,0,1,87,870,1,1,441,0,4,Reused nonlinear grid error; not a frozen-affine or tracking score
Represented nonlinear change,Known-model reference,represented,K,0,1,88,880,1,1,441,0,4,Reused nonlinear grid error; not a frozen-affine or tracking score
Represented nonlinear change,Known-model reference,represented,K,0,1,89,890,1,1,441,0,4,Reused nonlinear grid error; not a frozen-affine or tracking score
Represented nonlinear change,Known-model reference,represented,K,0,1,90,900,1,1,441,0,4,Reused nonlinear grid error; not a frozen-affine or tracking score
Represented nonlinear change,Known-model reference,represented,K,0,1,91,910,1,1,441,0,4,Reused nonlinear grid error; not a frozen-affine or tracking score
Represented nonlinear change,Known-model reference,represented,K,0,1,92,920,1,1,441,0,4,Reused nonlinear grid error; not a frozen-affine or tracking score
Represented nonlinear change,Known-model reference,represented,K,0,1,93,930,1,1,441,0,4,Reused nonlinear grid error; not a frozen-affine or tracking score
Represented nonlinear change,Known-model reference,represented,K,0,1,94,940,1,1,441,0,4,Reused nonlinear grid error; not a frozen-affine or tracking score
Represented nonlinear change,Known-model reference,represented,K,0,1,95,950,1,1,441,0,4,Reused nonlinear grid error; not a frozen-affine or tracking score
Represented nonlinear change,Known-model reference,represented,K,0,1,96,960,1,1,441,0,4,Reused nonlinear grid error; not a frozen-affine or tracking score
Represented nonlinear change,Known-model reference,represented,K,0,1,97,970,1,1,441,0,4,Reused nonlinear grid error; not a frozen-affine or tracking score
Represented nonlinear change,Known-model reference,represented,K,0,1,98,980,1,1,441,0,4,Reused nonlinear grid error; not a frozen-affine or tracking score
Represented nonlinear change,Known-model reference,represented,K,0,1,99,990,1,1,441,0,4,Reused nonlinear grid error; not a frozen-affine or tracking score
Represented nonlinear change,Known-model reference,represented,K,0,1,100,1000,1,1,441,0,4,Reused nonlinear grid error; not a frozen-affine or tracking score
Represented nonlinear change,Known-model reference,represented,K,0,1,101,1010,1,1,441,0,4,Reused nonlinear grid error; not a frozen-affine or tracking score
Represented nonlinear change,Known-model reference,represented,K,0,1,102,1020,1,1,441,0,4,Reused nonlinear grid error; not a frozen-affine or tracking score
Represented nonlinear change,Known-model reference,represented,K,0,1,103,1030,1,1,441,0,4,Reused nonlinear grid error; not a frozen-affine or tracking score
Represented nonlinear change,Known-model reference,represented,K,0,1,104,1040,1,1,441,0,4,Reused nonlinear grid error; not a frozen-affine or tracking score
Represented nonlinear change,Known-model reference,represented,K,0,1,105,1050,1,1,441,0,4,Reused nonlinear grid error; not a frozen-affine or tracking score
Represented nonlinear change,Known-model reference,represented,K,0,1,106,1060,1,1,441,0,4,Reused nonlinear grid error; not a frozen-affine or tracking score
Represented nonlinear change,Known-model reference,represented,K,0,1,107,1070,1,1,441,0,4,Reused nonlinear grid error; not a frozen-affine or tracking score
Represented nonlinear change,Known-model reference,represented,K,0,1,108,1080,1,1,441,0,4,Reused nonlinear grid error; not a frozen-affine or tracking score
Represented nonlinear change,Known-model reference,represented,K,0,1,109,1090,1,1,441,0,4,Reused nonlinear grid error; not a frozen-affine or tracking score
Represented nonlinear change,Known-model reference,represented,K,0,1,110,1100,1,1,441,0,4,Reused nonlinear grid error; not a frozen-affine or tracking score
Represented nonlinear change,Known-model reference,represented,K,0,1,111,1110,1,1,441,0,4,Reused nonlinear grid error; not a frozen-affine or tracking score
Represented nonlinear change,Known-model reference,represented,K,0,1,112,1120,1,1,441,0,4,Reused nonlinear grid error; not a frozen-affine or tracking score
Represented nonlinear change,Known-model reference,represented,K,0,1,113,1130,1,1,441,0,4,Reused nonlinear grid error; not a frozen-affine or tracking score
Represented nonlinear change,Known-model reference,represented,K,0,1,114,1140,1,1,441,0,4,Reused nonlinear grid error; not a frozen-affine or tracking score
Represented nonlinear change,Known-model reference,represented,K,0,1,115,1150,1,1,441,0,4,Reused nonlinear grid error; not a frozen-affine or tracking score
Represented nonlinear change,Known-model reference,represented,K,0,1,116,1160,1,1,441,0,4,Reused nonlinear grid error; not a frozen-affine or tracking score
Represented nonlinear change,Known-model reference,represented,K,0,1,117,1170,1,1,441,0,4,Reused nonlinear grid error; not a frozen-affine or tracking score
Represented nonlinear change,Known-model reference,represented,K,0,1,118,1180,1,1,441,0,4,Reused nonlinear grid error; not a frozen-affine or tracking score
Represented nonlinear change,Known-model reference,represented,K,0,1,119,1190,1,1,441,0,4,Reused nonlinear grid error; not a frozen-affine or tracking score
Unrepresented nonlinear change,Affine,unrepresented,A,3,1,0,0,1,1,441,4.05006598396659e-05,4,Reused nonlinear grid error; not a frozen-affine or tracking score
Unrepresented nonlinear change,Affine,unrepresented,A,3,1,1,10,1,1,441,3.62136852811397e-05,4,Reused nonlinear grid error; not a frozen-affine or tracking score
Unrepresented nonlinear change,Affine,unrepresented,A,3,1,2,20,1,1,441,3.10327037218246e-05,4,Reused nonlinear grid error; not a frozen-affine or tracking score
Unrepresented nonlinear change,Affine,unrepresented,A,3,1,3,30,1,1,441,2.75539131328267e-05,4,Reused nonlinear grid error; not a frozen-affine or tracking score
Unrepresented nonlinear change,Affine,unrepresented,A,3,1,4,40,1,1,441,2.51276808415601e-05,4,Reused nonlinear grid error; not a frozen-affine or tracking score
Unrepresented nonlinear change,Affine,unrepresented,A,3,1,5,50,1,1,441,2.3388107525626e-05,4,Reused nonlinear grid error; not a frozen-affine or tracking score
Unrepresented nonlinear change,Affine,unrepresented,A,3,1,6,60,1,1,441,2.21141290141094e-05,4,Reused nonlinear grid error; not a frozen-affine or tracking score
Unrepresented nonlinear change,Affine,unrepresented,A,3,1,7,70,1,1,441,2.11651916148525e-05,4,Reused nonlinear grid error; not a frozen-affine or tracking score
Unrepresented nonlinear change,Affine,unrepresented,A,3,1,8,80,1,1,441,2.04484593606418e-05,4,Reused nonlinear grid error; not a frozen-affine or tracking score
Unrepresented nonlinear change,Affine,unrepresented,A,3,1,9,90,1,1,441,1.9900782695853e-05,4,Reused nonlinear grid error; not a frozen-affine or tracking score
Unrepresented nonlinear change,Affine,unrepresented,A,3,1,10,100,1,1,441,1.94781808080276e-05,4,Reused nonlinear grid error; not a frozen-affine or tracking score
Unrepresented nonlinear change,Affine,unrepresented,A,3,1,11,110,1,1,441,1.9149417515696e-05,4,Reused nonlinear grid error; not a frozen-affine or tracking score
Unrepresented nonlinear change,Affine,unrepresented,A,3,1,12,120,1,1,441,1.88919330694507e-05,4,Reused nonlinear grid error; not a frozen-affine or tracking score
Unrepresented nonlinear change,Affine,unrepresented,A,3,1,13,130,1,1,441,1.86891925548382e-05,4,Reused nonlinear grid error; not a frozen-affine or tracking score
Unrepresented nonlinear change,Affine,unrepresented,A,3,1,14,140,1,1,441,1.85289164421379e-05,4,Reused nonlinear grid error; not a frozen-affine or tracking score
Unrepresented nonlinear change,Affine,unrepresented,A,3,1,15,150,1,1,441,1.8401876221031e-05,4,Reused nonlinear grid error; not a frozen-affine or tracking score
Unrepresented nonlinear change,Affine,unrepresented,A,3,1,16,160,1,1,441,1.83010605454517e-05,4,Reused nonlinear grid error; not a frozen-affine or tracking score
Unrepresented nonlinear change,Affine,unrepresented,A,3,1,17,170,1,1,441,1.82210891350296e-05,4,Reused nonlinear grid error; not a frozen-affine or tracking score
Unrepresented nonlinear change,Affine,unrepresented,A,3,1,18,180,1,1,441,1.8157795191255e-05,4,Reused nonlinear grid error; not a frozen-affine or tracking score
Unrepresented nonlinear change,Affine,unrepresented,A,3,1,19,190,1,1,441,1.81079241693305e-05,4,Reused nonlinear grid error; not a frozen-affine or tracking score
Unrepresented nonlinear change,Affine,unrepresented,A,3,1,20,200,1,1,441,1.76367657296247e-05,4,Reused nonlinear grid error; not a frozen-affine or tracking score
Unrepresented nonlinear change,Affine,unrepresented,A,3,1,21,210,1,1,441,1.5955084317227e-05,4,Reused nonlinear grid error; not a frozen-affine or tracking score
Unrepresented nonlinear change,Affine,unrepresented,A,3,1,22,220,1,1,441,1.50030507428562e-05,4,Reused nonlinear grid error; not a frozen-affine or tracking score
Unrepresented nonlinear change,Affine,unrepresented,A,3,1,23,230,1,1,441,1.42967336163081e-05,4,Reused nonlinear grid error; not a frozen-affine or tracking score
Unrepresented nonlinear change,Affine,unrepresented,A,3,1,24,240,1,1,441,1.37703508557527e-05,4,Reused nonlinear grid error; not a frozen-affine or tracking score
Unrepresented nonlinear change,Affine,unrepresented,A,3,1,25,250,1,1,441,1.33772602984009e-05,4,Reused nonlinear grid error; not a frozen-affine or tracking score
Unrepresented nonlinear change,Affine,unrepresented,A,3,1,26,260,1,1,441,1.30838326007956e-05,4,Reused nonlinear grid error; not a frozen-affine or tracking score
Unrepresented nonlinear change,Affine,unrepresented,A,3,1,27,270,1,1,441,1.28655069583002e-05,4,Reused nonlinear grid error; not a frozen-affine or tracking score
Unrepresented nonlinear change,Affine,unrepresented,A,3,1,28,280,1,1,441,1.2704158085263e-05,4,Reused nonlinear grid error; not a frozen-affine or tracking score
Unrepresented nonlinear change,Affine,unrepresented,A,3,1,29,290,1,1,441,1.25862905860254e-05,4,Reused nonlinear grid error; not a frozen-affine or tracking score
Unrepresented nonlinear change,Affine,unrepresented,A,3,1,30,300,1,1,441,1.25017763361596e-05,4,Reused nonlinear grid error; not a frozen-affine or tracking score
Unrepresented nonlinear change,Affine,unrepresented,A,3,1,31,310,1,1,441,1.24429587523842e-05,4,Reused nonlinear grid error; not a frozen-affine or tracking score
Unrepresented nonlinear change,Affine,unrepresented,A,3,1,32,320,1,1,441,1.24040101953636e-05,4,Reused nonlinear grid error; not a frozen-affine or tracking score
Unrepresented nonlinear change,Affine,unrepresented,A,3,1,33,330,1,1,441,1.23804666901934e-05,4,Reused nonlinear grid error; not a frozen-affine or tracking score
Unrepresented nonlinear change,Affine,unrepresented,A,3,1,34,340,1,1,441,1.23688882919236e-05,4,Reused nonlinear grid error; not a frozen-affine or tracking score
Unrepresented nonlinear change,Affine,unrepresented,A,3,1,35,350,1,1,441,1.23666093082719e-05,4,Reused nonlinear grid error; not a frozen-affine or tracking score
Unrepresented nonlinear change,Affine,unrepresented,A,3,1,36,360,1,1,441,1.23715533001348e-05,4,Reused nonlinear grid error; not a frozen-affine or tracking score
Unrepresented nonlinear change,Affine,unrepresented,A,3,1,37,370,1,1,441,1.23820951214974e-05,4,Reused nonlinear grid error; not a frozen-affine or tracking score
Unrepresented nonlinear change,Affine,unrepresented,A,3,1,38,380,1,1,441,1.23969573528333e-05,4,Reused nonlinear grid error; not a frozen-affine or tracking score
Unrepresented nonlinear change,Affine,unrepresented,A,3,1,39,390,1,1,441,1.24151320503155e-05,4,Reused nonlinear grid error; not a frozen-affine or tracking score
Unrepresented nonlinear change,Affine,unrepresented,A,3,1,40,400,1,1,441,1.17531051432332e-05,4,Reused nonlinear grid error; not a frozen-affine or tracking score
Unrepresented nonlinear change,Affine,unrepresented,A,3,1,41,410,1,1,441,1.10432081205615e-05,4,Reused nonlinear grid error; not a frozen-affine or tracking score
Unrepresented nonlinear change,Affine,unrepresented,A,3,1,42,420,1,1,441,1.10859027697733e-05,4,Reused nonlinear grid error; not a frozen-affine or tracking score
Unrepresented nonlinear change,Affine,unrepresented,A,3,1,43,430,1,1,441,1.11326938195322e-05,4,Reused nonlinear grid error; not a frozen-affine or tracking score
Unrepresented nonlinear change,Affine,unrepresented,A,3,1,44,440,1,1,441,1.11819073269847e-05,4,Reused nonlinear grid error; not a frozen-affine or tracking score
Unrepresented nonlinear change,Affine,unrepresented,A,3,1,45,450,1,1,441,1.12323436635709e-05,4,Reused nonlinear grid error; not a frozen-affine or tracking score
Unrepresented nonlinear change,Affine,unrepresented,A,3,1,46,460,1,1,441,1.1283145965601e-05,4,Reused nonlinear grid error; not a frozen-affine or tracking score
Unrepresented nonlinear change,Affine,unrepresented,A,3,1,47,470,1,1,441,1.13337051733622e-05,4,Reused nonlinear grid error; not a frozen-affine or tracking score
Unrepresented nonlinear change,Affine,unrepresented,A,3,1,48,480,1,1,441,1.13835923182233e-05,4,Reused nonlinear grid error; not a frozen-affine or tracking score
Unrepresented nonlinear change,Affine,unrepresented,A,3,1,49,490,1,1,441,1.14325098644615e-05,4,Reused nonlinear grid error; not a frozen-affine or tracking score
Unrepresented nonlinear change,Affine,unrepresented,A,3,1,50,500,1,1,441,0.0360681273984508,4,Reused nonlinear grid error; not a frozen-affine or tracking score
Unrepresented nonlinear change,Affine,unrepresented,A,3,1,51,510,1,1,441,0.0339924198061685,4,Reused nonlinear grid error; not a frozen-affine or tracking score
Unrepresented nonlinear change,Affine,unrepresented,A,3,1,52,520,1,1,441,0.0313407291646016,4,Reused nonlinear grid error; not a frozen-affine or tracking score
Unrepresented nonlinear change,Affine,unrepresented,A,3,1,53,530,1,1,441,0.0284263444524821,4,Reused nonlinear grid error; not a frozen-affine or tracking score
Unrepresented nonlinear change,Affine,unrepresented,A,3,1,54,540,1,1,441,0.0254684260766667,4,Reused nonlinear grid error; not a frozen-affine or tracking score
Unrepresented nonlinear change,Affine,unrepresented,A,3,1,55,550,1,1,441,0.0227738355973453,4,Reused nonlinear grid error; not a frozen-affine or tracking score
Unrepresented nonlinear change,Affine,unrepresented,A,3,1,56,560,1,1,441,0.0206818881847533,4,Reused nonlinear grid error; not a frozen-affine or tracking score
Unrepresented nonlinear change,Affine,unrepresented,A,3,1,57,570,1,1,441,0.0195057702666343,4,Reused nonlinear grid error; not a frozen-affine or tracking score
Unrepresented nonlinear change,Affine,unrepresented,A,3,1,58,580,1,1,441,0.0191590899301821,4,Reused nonlinear grid error; not a frozen-affine or tracking score
Unrepresented nonlinear change,Affine,unrepresented,A,3,1,59,590,1,1,441,0.0193089192529276,4,Reused nonlinear grid error; not a frozen-affine or tracking score
Unrepresented nonlinear change,Affine,unrepresented,A,3,1,60,600,1,1,441,0.0193499471037369,4,Reused nonlinear grid error; not a frozen-affine or tracking score
Unrepresented nonlinear change,Affine,unrepresented,A,3,1,61,610,1,1,441,0.0176428195533084,4,Reused nonlinear grid error; not a frozen-affine or tracking score
Unrepresented nonlinear change,Affine,unrepresented,A,3,1,62,620,1,1,441,0.0178213850327145,4,Reused nonlinear grid error; not a frozen-affine or tracking score
Unrepresented nonlinear change,Affine,unrepresented,A,3,1,63,630,1,1,441,0.0184374287845374,4,Reused nonlinear grid error; not a frozen-affine or tracking score
Unrepresented nonlinear change,Affine,unrepresented,A,3,1,64,640,1,1,441,0.019217463028875,4,Reused nonlinear grid error; not a frozen-affine or tracking score
Unrepresented nonlinear change,Affine,unrepresented,A,3,1,65,650,1,1,441,0.020031937951568,4,Reused nonlinear grid error; not a frozen-affine or tracking score
Unrepresented nonlinear change,Affine,unrepresented,A,3,1,66,660,1,1,441,0.0208227412833337,4,Reused nonlinear grid error; not a frozen-affine or tracking score
Unrepresented nonlinear change,Affine,unrepresented,A,3,1,67,670,1,1,441,0.0215659271563449,4,Reused nonlinear grid error; not a frozen-affine or tracking score
Unrepresented nonlinear change,Affine,unrepresented,A,3,1,68,680,1,1,441,0.0222536609823088,4,Reused nonlinear grid error; not a frozen-affine or tracking score
Unrepresented nonlinear change,Affine,unrepresented,A,3,1,69,690,1,1,441,0.0228855733905382,4,Reused nonlinear grid error; not a frozen-affine or tracking score
Unrepresented nonlinear change,Affine,unrepresented,A,3,1,70,700,1,1,441,0.0234645994553978,4,Reused nonlinear grid error; not a frozen-affine or tracking score
Unrepresented nonlinear change,Affine,unrepresented,A,3,1,71,710,1,1,441,0.0239949661067082,4,Reused nonlinear grid error; not a frozen-affine or tracking score
Unrepresented nonlinear change,Affine,unrepresented,A,3,1,72,720,1,1,441,0.0244812238088181,4,Reused nonlinear grid error; not a frozen-affine or tracking score
Unrepresented nonlinear change,Affine,unrepresented,A,3,1,73,730,1,1,441,0.0249277935348956,4,Reused nonlinear grid error; not a frozen-affine or tracking score
Unrepresented nonlinear change,Affine,unrepresented,A,3,1,74,740,1,1,441,0.0253387704249111,4,Reused nonlinear grid error; not a frozen-affine or tracking score
Unrepresented nonlinear change,Affine,unrepresented,A,3,1,75,750,1,1,441,0.0257178551568481,4,Reused nonlinear grid error; not a frozen-affine or tracking score
Unrepresented nonlinear change,Affine,unrepresented,A,3,1,76,760,1,1,441,0.0260683477011342,4,Reused nonlinear grid error; not a frozen-affine or tracking score
Unrepresented nonlinear change,Affine,unrepresented,A,3,1,77,770,1,1,441,0.02639317003618,4,Reused nonlinear grid error; not a frozen-affine or tracking score
Unrepresented nonlinear change,Affine,unrepresented,A,3,1,78,780,1,1,441,0.0266949007171105,4,Reused nonlinear grid error; not a frozen-affine or tracking score
Unrepresented nonlinear change,Affine,unrepresented,A,3,1,79,790,1,1,441,0.0269758126514405,4,Reused nonlinear grid error; not a frozen-affine or tracking score
Unrepresented nonlinear change,Affine,unrepresented,A,3,1,80,800,1,1,441,0.0236802058717567,4,Reused nonlinear grid error; not a frozen-affine or tracking score
Unrepresented nonlinear change,Affine,unrepresented,A,3,1,81,810,1,1,441,0.0217974705433113,4,Reused nonlinear grid error; not a frozen-affine or tracking score
Unrepresented nonlinear change,Affine,unrepresented,A,3,1,82,820,1,1,441,0.0225319179862165,4,Reused nonlinear grid error; not a frozen-affine or tracking score
Unrepresented nonlinear change,Affine,unrepresented,A,3,1,83,830,1,1,441,0.0232378644725082,4,Reused nonlinear grid error; not a frozen-affine or tracking score
Unrepresented nonlinear change,Affine,unrepresented,A,3,1,84,840,1,1,441,0.023910168417931,4,Reused nonlinear grid error; not a frozen-affine or tracking score
Unrepresented nonlinear change,Affine,unrepresented,A,3,1,85,850,1,1,441,0.0245469901671209,4,Reused nonlinear grid error; not a frozen-affine or tracking score
Unrepresented nonlinear change,Affine,unrepresented,A,3,1,86,860,1,1,441,0.0251483706393133,4,Reused nonlinear grid error; not a frozen-affine or tracking score
Unrepresented nonlinear change,Affine,unrepresented,A,3,1,87,870,1,1,441,0.0257154036170855,4,Reused nonlinear grid error; not a frozen-affine or tracking score
Unrepresented nonlinear change,Affine,unrepresented,A,3,1,88,880,1,1,441,0.0262497403528652,4,Reused nonlinear grid error; not a frozen-affine or tracking score
Unrepresented nonlinear change,Affine,unrepresented,A,3,1,89,890,1,1,441,0.0267532933377827,4,Reused nonlinear grid error; not a frozen-affine or tracking score
Unrepresented nonlinear change,Affine,unrepresented,A,3,1,90,900,1,1,441,0.0272280603952584,4,Reused nonlinear grid error; not a frozen-affine or tracking score
Unrepresented nonlinear change,Affine,unrepresented,A,3,1,91,910,1,1,441,0.0276760219782033,4,Reused nonlinear grid error; not a frozen-affine or tracking score
Unrepresented nonlinear change,Affine,unrepresented,A,3,1,92,920,1,1,441,0.0280990832093819,4,Reused nonlinear grid error; not a frozen-affine or tracking score
Unrepresented nonlinear change,Affine,unrepresented,A,3,1,93,930,1,1,441,0.0284990433004869,4,Reused nonlinear grid error; not a frozen-affine or tracking score
Unrepresented nonlinear change,Affine,unrepresented,A,3,1,94,940,1,1,441,0.0288775816601684,4,Reused nonlinear grid error; not a frozen-affine or tracking score
Unrepresented nonlinear change,Affine,unrepresented,A,3,1,95,950,1,1,441,0.0292362540631763,4,Reused nonlinear grid error; not a frozen-affine or tracking score
Unrepresented nonlinear change,Affine,unrepresented,A,3,1,96,960,1,1,441,0.0295764947511229,4,Reused nonlinear grid error; not a frozen-affine or tracking score
Unrepresented nonlinear change,Affine,unrepresented,A,3,1,97,970,1,1,441,0.0298996218877367,4,Reused nonlinear grid error; not a frozen-affine or tracking score
Unrepresented nonlinear change,Affine,unrepresented,A,3,1,98,980,1,1,441,0.0302068447634858,4,Reused nonlinear grid error; not a frozen-affine or tracking score
Unrepresented nonlinear change,Affine,unrepresented,A,3,1,99,990,1,1,441,0.0304992717574322,4,Reused nonlinear grid error; not a frozen-affine or tracking score
Unrepresented nonlinear change,Affine,unrepresented,A,3,1,100,1000,1,1,441,0.029688576662165,4,Reused nonlinear grid error; not a frozen-affine or tracking score
Unrepresented nonlinear change,Affine,unrepresented,A,3,1,101,1010,1,1,441,0.0294132745940967,4,Reused nonlinear grid error; not a frozen-affine or tracking score
Unrepresented nonlinear change,Affine,unrepresented,A,3,1,102,1020,1,1,441,0.029410430426697,4,Reused nonlinear grid error; not a frozen-affine or tracking score
Unrepresented nonlinear change,Affine,unrepresented,A,3,1,103,1030,1,1,441,0.0294077083951545,4,Reused nonlinear grid error; not a frozen-affine or tracking score
Unrepresented nonlinear change,Affine,unrepresented,A,3,1,104,1040,1,1,441,0.0294050995411298,4,Reused nonlinear grid error; not a frozen-affine or tracking score
Unrepresented nonlinear change,Affine,unrepresented,A,3,1,105,1050,1,1,441,0.029402597133493,4,Reused nonlinear grid error; not a frozen-affine or tracking score
Unrepresented nonlinear change,Affine,unrepresented,A,3,1,106,1060,1,1,441,0.0294001949513919,4,Reused nonlinear grid error; not a frozen-affine or tracking score
Unrepresented nonlinear change,Affine,unrepresented,A,3,1,107,1070,1,1,441,0.0293978872376622,4,Reused nonlinear grid error; not a frozen-affine or tracking score
Unrepresented nonlinear change,Affine,unrepresented,A,3,1,108,1080,1,1,441,0.0293956686572906,4,Reused nonlinear grid error; not a frozen-affine or tracking score
Unrepresented nonlinear change,Affine,unrepresented,A,3,1,109,1090,1,1,441,0.0293935342601901,4,Reused nonlinear grid error; not a frozen-affine or tracking score
Unrepresented nonlinear change,Affine,unrepresented,A,3,1,110,1100,1,1,441,0.029391479447783,4,Reused nonlinear grid error; not a frozen-affine or tracking score
Unrepresented nonlinear change,Affine,unrepresented,A,3,1,111,1110,1,1,441,0.0293894999429488,4,Reused nonlinear grid error; not a frozen-affine or tracking score
Unrepresented nonlinear change,Affine,unrepresented,A,3,1,112,1120,1,1,441,0.0293875917629549,4,Reused nonlinear grid error; not a frozen-affine or tracking score
Unrepresented nonlinear change,Affine,unrepresented,A,3,1,113,1130,1,1,441,0.0293857511950345,4,Reused nonlinear grid error; not a frozen-affine or tracking score
Unrepresented nonlinear change,Affine,unrepresented,A,3,1,114,1140,1,1,441,0.0293839747743174,4,Reused nonlinear grid error; not a frozen-affine or tracking score
Unrepresented nonlinear change,Affine,unrepresented,A,3,1,115,1150,1,1,441,0.029382259263858,4,Reused nonlinear grid error; not a frozen-affine or tracking score
Unrepresented nonlinear change,Affine,unrepresented,A,3,1,116,1160,1,1,441,0.0293806016365351,4,Reused nonlinear grid error; not a frozen-affine or tracking score
Unrepresented nonlinear change,Affine,unrepresented,A,3,1,117,1170,1,1,441,0.0293789990586216,4,Reused nonlinear grid error; not a frozen-affine or tracking score
Unrepresented nonlinear change,Affine,unrepresented,A,3,1,118,1180,1,1,441,0.0293774488748534,4,Reused nonlinear grid error; not a frozen-affine or tracking score
Unrepresented nonlinear change,Affine,unrepresented,A,3,1,119,1190,1,1,441,0.0293759485948391,4,Reused nonlinear grid error; not a frozen-affine or tracking score
Unrepresented nonlinear change,Augmented affine,unrepresented,Aplus,4,1,0,0,1,1,441,5.41547863101232e-05,4,Reused nonlinear grid error; not a frozen-affine or tracking score
Unrepresented nonlinear change,Augmented affine,unrepresented,Aplus,4,1,1,10,1,1,441,5.19977338361671e-05,4,Reused nonlinear grid error; not a frozen-affine or tracking score
Unrepresented nonlinear change,Augmented affine,unrepresented,Aplus,4,1,2,20,1,1,441,5.44015604173831e-05,4,Reused nonlinear grid error; not a frozen-affine or tracking score
Unrepresented nonlinear change,Augmented affine,unrepresented,Aplus,4,1,3,30,1,1,441,5.7824547947693e-05,4,Reused nonlinear grid error; not a frozen-affine or tracking score
Unrepresented nonlinear change,Augmented affine,unrepresented,Aplus,4,1,4,40,1,1,441,6.07955872211946e-05,4,Reused nonlinear grid error; not a frozen-affine or tracking score
Unrepresented nonlinear change,Augmented affine,unrepresented,Aplus,4,1,5,50,1,1,441,6.32067189080627e-05,4,Reused nonlinear grid error; not a frozen-affine or tracking score
Unrepresented nonlinear change,Augmented affine,unrepresented,Aplus,4,1,6,60,1,1,441,6.51552096754133e-05,4,Reused nonlinear grid error; not a frozen-affine or tracking score
Unrepresented nonlinear change,Augmented affine,unrepresented,Aplus,4,1,7,70,1,1,441,6.67463806801777e-05,4,Reused nonlinear grid error; not a frozen-affine or tracking score
Unrepresented nonlinear change,Augmented affine,unrepresented,Aplus,4,1,8,80,1,1,441,6.80636277708475e-05,4,Reused nonlinear grid error; not a frozen-affine or tracking score
Unrepresented nonlinear change,Augmented affine,unrepresented,Aplus,4,1,9,90,1,1,441,6.91689950908382e-05,4,Reused nonlinear grid error; not a frozen-affine or tracking score
Unrepresented nonlinear change,Augmented affine,unrepresented,Aplus,4,1,10,100,1,1,441,7.01082275511164e-05,4,Reused nonlinear grid error; not a frozen-affine or tracking score
Unrepresented nonlinear change,Augmented affine,unrepresented,Aplus,4,1,11,110,1,1,441,7.0915302800357e-05,4,Reused nonlinear grid error; not a frozen-affine or tracking score
Unrepresented nonlinear change,Augmented affine,unrepresented,Aplus,4,1,12,120,1,1,441,7.16157834509225e-05,4,Reused nonlinear grid error; not a frozen-affine or tracking score
Unrepresented nonlinear change,Augmented affine,unrepresented,Aplus,4,1,13,130,1,1,441,7.22291774383463e-05,4,Reused nonlinear grid error; not a frozen-affine or tracking score
Unrepresented nonlinear change,Augmented affine,unrepresented,Aplus,4,1,14,140,1,1,441,7.27705844780317e-05,4,Reused nonlinear grid error; not a frozen-affine or tracking score
Unrepresented nonlinear change,Augmented affine,unrepresented,Aplus,4,1,15,150,1,1,441,7.32518504673319e-05,4,Reused nonlinear grid error; not a frozen-affine or tracking score
Unrepresented nonlinear change,Augmented affine,unrepresented,Aplus,4,1,16,160,1,1,441,7.36823857459269e-05,4,Reused nonlinear grid error; not a frozen-affine or tracking score
Unrepresented nonlinear change,Augmented affine,unrepresented,Aplus,4,1,17,170,1,1,441,7.40697527047161e-05,4,Reused nonlinear grid error; not a frozen-affine or tracking score
Unrepresented nonlinear change,Augmented affine,unrepresented,Aplus,4,1,18,180,1,1,441,7.44200935302493e-05,4,Reused nonlinear grid error; not a frozen-affine or tracking score
Unrepresented nonlinear change,Augmented affine,unrepresented,Aplus,4,1,19,190,1,1,441,7.47384457712575e-05,4,Reused nonlinear grid error; not a frozen-affine or tracking score
Unrepresented nonlinear change,Augmented affine,unrepresented,Aplus,4,1,20,200,1,1,441,7.49021003114302e-05,4,Reused nonlinear grid error; not a frozen-affine or tracking score
Unrepresented nonlinear change,Augmented affine,unrepresented,Aplus,4,1,21,210,1,1,441,6.54321784072441e-05,4,Reused nonlinear grid error; not a frozen-affine or tracking score
Unrepresented nonlinear change,Augmented affine,unrepresented,Aplus,4,1,22,220,1,1,441,5.69993435609764e-05,4,Reused nonlinear grid error; not a frozen-affine or tracking score
Unrepresented nonlinear change,Augmented affine,unrepresented,Aplus,4,1,23,230,1,1,441,5.07305870168898e-05,4,Reused nonlinear grid error; not a frozen-affine or tracking score
Unrepresented nonlinear change,Augmented affine,unrepresented,Aplus,4,1,24,240,1,1,441,4.59167600016684e-05,4,Reused nonlinear grid error; not a frozen-affine or tracking score
Unrepresented nonlinear change,Augmented affine,unrepresented,Aplus,4,1,25,250,1,1,441,4.2126408057543e-05,4,Reused nonlinear grid error; not a frozen-affine or tracking score
Unrepresented nonlinear change,Augmented affine,unrepresented,Aplus,4,1,26,260,1,1,441,3.90819098633877e-05,4,Reused nonlinear grid error; not a frozen-affine or tracking score
Unrepresented nonlinear change,Augmented affine,unrepresented,Aplus,4,1,27,270,1,1,441,3.65965242082174e-05,4,Reused nonlinear grid error; not a frozen-affine or tracking score
Unrepresented nonlinear change,Augmented affine,unrepresented,Aplus,4,1,28,280,1,1,441,3.45400378671859e-05,4,Reused nonlinear grid error; not a frozen-affine or tracking score
Unrepresented nonlinear change,Augmented affine,unrepresented,Aplus,4,1,29,290,1,1,441,3.2818916768471e-05,4,Reused nonlinear grid error; not a frozen-affine or tracking score
Unrepresented nonlinear change,Augmented affine,unrepresented,Aplus,4,1,30,300,1,1,441,3.13642821975827e-05,4,Reused nonlinear grid error; not a frozen-affine or tracking score
Unrepresented nonlinear change,Augmented affine,unrepresented,Aplus,4,1,31,310,1,1,441,3.01243316648016e-05,4,Reused nonlinear grid error; not a frozen-affine or tracking score
Unrepresented nonlinear change,Augmented affine,unrepresented,Aplus,4,1,32,320,1,1,441,2.90593964181922e-05,4,Reused nonlinear grid error; not a frozen-affine or tracking score
Unrepresented nonlinear change,Augmented affine,unrepresented,Aplus,4,1,33,330,1,1,441,2.81386223904874e-05,4,Reused nonlinear grid error; not a frozen-affine or tracking score
Unrepresented nonlinear change,Augmented affine,unrepresented,Aplus,4,1,34,340,1,1,441,2.73376835688333e-05,4,Reused nonlinear grid error; not a frozen-affine or tracking score
Unrepresented nonlinear change,Augmented affine,unrepresented,Aplus,4,1,35,350,1,1,441,2.66371708222649e-05,4,Reused nonlinear grid error; not a frozen-affine or tracking score
Unrepresented nonlinear change,Augmented affine,unrepresented,Aplus,4,1,36,360,1,1,441,2.60214338712078e-05,4,Reused nonlinear grid error; not a frozen-affine or tracking score
Unrepresented nonlinear change,Augmented affine,unrepresented,Aplus,4,1,37,370,1,1,441,2.54777341288461e-05,4,Reused nonlinear grid error; not a frozen-affine or tracking score
Unrepresented nonlinear change,Augmented affine,unrepresented,Aplus,4,1,38,380,1,1,441,2.49956151215639e-05,4,Reused nonlinear grid error; not a frozen-affine or tracking score
Unrepresented nonlinear change,Augmented affine,unrepresented,Aplus,4,1,39,390,1,1,441,2.45664279598869e-05,4,Reused nonlinear grid error; not a frozen-affine or tracking score
Unrepresented nonlinear change,Augmented affine,unrepresented,Aplus,4,1,40,400,1,1,441,2.28611122542522e-05,4,Reused nonlinear grid error; not a frozen-affine or tracking score
Unrepresented nonlinear change,Augmented affine,unrepresented,Aplus,4,1,41,410,1,1,441,2.21768570528871e-05,4,Reused nonlinear grid error; not a frozen-affine or tracking score
Unrepresented nonlinear change,Augmented affine,unrepresented,Aplus,4,1,42,420,1,1,441,2.24919091001285e-05,4,Reused nonlinear grid error; not a frozen-affine or tracking score
Unrepresented nonlinear change,Augmented affine,unrepresented,Aplus,4,1,43,430,1,1,441,2.27452271646562e-05,4,Reused nonlinear grid error; not a frozen-affine or tracking score
Unrepresented nonlinear change,Augmented affine,unrepresented,Aplus,4,1,44,440,1,1,441,2.29532596368357e-05,4,Reused nonlinear grid error; not a frozen-affine or tracking score
Unrepresented nonlinear change,Augmented affine,unrepresented,Aplus,4,1,45,450,1,1,441,2.31271134066517e-05,4,Reused nonlinear grid error; not a frozen-affine or tracking score
Unrepresented nonlinear change,Augmented affine,unrepresented,Aplus,4,1,46,460,1,1,441,2.32745495150811e-05,4,Reused nonlinear grid error; not a frozen-affine or tracking score
Unrepresented nonlinear change,Augmented affine,unrepresented,Aplus,4,1,47,470,1,1,441,2.34011507659015e-05,4,Reused nonlinear grid error; not a frozen-affine or tracking score
Unrepresented nonlinear change,Augmented affine,unrepresented,Aplus,4,1,48,480,1,1,441,2.35110338332158e-05,4,Reused nonlinear grid error; not a frozen-affine or tracking score
Unrepresented nonlinear change,Augmented affine,unrepresented,Aplus,4,1,49,490,1,1,441,2.36072998660886e-05,4,Reused nonlinear grid error; not a frozen-affine or tracking score
Unrepresented nonlinear change,Augmented affine,unrepresented,Aplus,4,1,50,500,1,1,441,0.0360714993306422,4,Reused nonlinear grid error; not a frozen-affine or tracking score
Unrepresented nonlinear change,Augmented affine,unrepresented,Aplus,4,1,51,510,1,1,441,0.0352774560423074,4,Reused nonlinear grid error; not a frozen-affine or tracking score
Unrepresented nonlinear change,Augmented affine,unrepresented,Aplus,4,1,52,520,1,1,441,0.0347395262179011,4,Reused nonlinear grid error; not a frozen-affine or tracking score
Unrepresented nonlinear change,Augmented affine,unrepresented,Aplus,4,1,53,530,1,1,441,0.0346443962083963,4,Reused nonlinear grid error; not a frozen-affine or tracking score
Unrepresented nonlinear change,Augmented affine,unrepresented,Aplus,4,1,54,540,1,1,441,0.0349225347103215,4,Reused nonlinear grid error; not a frozen-affine or tracking score
Unrepresented nonlinear change,Augmented affine,unrepresented,Aplus,4,1,55,550,1,1,441,0.0354111406899627,4,Reused nonlinear grid error; not a frozen-affine or tracking score
Unrepresented nonlinear change,Augmented affine,unrepresented,Aplus,4,1,56,560,1,1,441,0.0359369302724029,4,Reused nonlinear grid error; not a frozen-affine or tracking score
Unrepresented nonlinear change,Augmented affine,unrepresented,Aplus,4,1,57,570,1,1,441,0.0364448319527014,4,Reused nonlinear grid error; not a frozen-affine or tracking score
Unrepresented nonlinear change,Augmented affine,unrepresented,Aplus,4,1,58,580,1,1,441,0.0369168046948441,4,Reused nonlinear grid error; not a frozen-affine or tracking score
Unrepresented nonlinear change,Augmented affine,unrepresented,Aplus,4,1,59,590,1,1,441,0.0373486983184545,4,Reused nonlinear grid error; not a frozen-affine or tracking score
Unrepresented nonlinear change,Augmented affine,unrepresented,Aplus,4,1,60,600,1,1,441,0.0365519412038217,4,Reused nonlinear grid error; not a frozen-affine or tracking score
Unrepresented nonlinear change,Augmented affine,unrepresented,Aplus,4,1,61,610,1,1,441,0.0350150381057021,4,Reused nonlinear grid error; not a frozen-affine or tracking score
Unrepresented nonlinear change,Augmented affine,unrepresented,Aplus,4,1,62,620,1,1,441,0.0329697578816338,4,Reused nonlinear grid error; not a frozen-affine or tracking score
Unrepresented nonlinear change,Augmented affine,unrepresented,Aplus,4,1,63,630,1,1,441,0.0314039005191407,4,Reused nonlinear grid error; not a frozen-affine or tracking score
Unrepresented nonlinear change,Augmented affine,unrepresented,Aplus,4,1,64,640,1,1,441,0.0303893849205816,4,Reused nonlinear grid error; not a frozen-affine or tracking score
Unrepresented nonlinear change,Augmented affine,unrepresented,Aplus,4,1,65,650,1,1,441,0.0297460880271193,4,Reused nonlinear grid error; not a frozen-affine or tracking score
Unrepresented nonlinear change,Augmented affine,unrepresented,Aplus,4,1,66,660,1,1,441,0.0293539847549088,4,Reused nonlinear grid error; not a frozen-affine or tracking score
Unrepresented nonlinear change,Augmented affine,unrepresented,Aplus,4,1,67,670,1,1,441,0.0291333720896212,4,Reused nonlinear grid error; not a frozen-affine or tracking score
Unrepresented nonlinear change,Augmented affine,unrepresented,Aplus,4,1,68,680,1,1,441,0.0290305071428587,4,Reused nonlinear grid error; not a frozen-affine or tracking score
Unrepresented nonlinear change,Augmented affine,unrepresented,Aplus,4,1,69,690,1,1,441,0.0290086922624599,4,Reused nonlinear grid error; not a frozen-affine or tracking score
Unrepresented nonlinear change,Augmented affine,unrepresented,Aplus,4,1,70,700,1,1,441,0.0290425955593825,4,Reused nonlinear grid error; not a frozen-affine or tracking score
Unrepresented nonlinear change,Augmented affine,unrepresented,Aplus,4,1,71,710,1,1,441,0.0291145649646641,4,Reused nonlinear grid error; not a frozen-affine or tracking score
Unrepresented nonlinear change,Augmented affine,unrepresented,Aplus,4,1,72,720,1,1,441,0.0292122002321902,4,Reused nonlinear grid error; not a frozen-affine or tracking score
Unrepresented nonlinear change,Augmented affine,unrepresented,Aplus,4,1,73,730,1,1,441,0.0293267325284905,4,Reused nonlinear grid error; not a frozen-affine or tracking score
Unrepresented nonlinear change,Augmented affine,unrepresented,Aplus,4,1,74,740,1,1,441,0.0294519298388394,4,Reused nonlinear grid error; not a frozen-affine or tracking score
Unrepresented nonlinear change,Augmented affine,unrepresented,Aplus,4,1,75,750,1,1,441,0.0295833490682461,4,Reused nonlinear grid error; not a frozen-affine or tracking score
Unrepresented nonlinear change,Augmented affine,unrepresented,Aplus,4,1,76,760,1,1,441,0.0297178194537364,4,Reused nonlinear grid error; not a frozen-affine or tracking score
Unrepresented nonlinear change,Augmented affine,unrepresented,Aplus,4,1,77,770,1,1,441,0.029853082064348,4,Reused nonlinear grid error; not a frozen-affine or tracking score
Unrepresented nonlinear change,Augmented affine,unrepresented,Aplus,4,1,78,780,1,1,441,0.0299875357843086,4,Reused nonlinear grid error; not a frozen-affine or tracking score
Unrepresented nonlinear change,Augmented affine,unrepresented,Aplus,4,1,79,790,1,1,441,0.0301200567050161,4,Reused nonlinear grid error; not a frozen-affine or tracking score
Unrepresented nonlinear change,Augmented affine,unrepresented,Aplus,4,1,80,800,1,1,441,0.0274592981588739,4,Reused nonlinear grid error; not a frozen-affine or tracking score
Unrepresented nonlinear change,Augmented affine,unrepresented,Aplus,4,1,81,810,1,1,441,0.0253577297376776,4,Reused nonlinear grid error; not a frozen-affine or tracking score
Unrepresented nonlinear change,Augmented affine,unrepresented,Aplus,4,1,82,820,1,1,441,0.0250155901173172,4,Reused nonlinear grid error; not a frozen-affine or tracking score
Unrepresented nonlinear change,Augmented affine,unrepresented,Aplus,4,1,83,830,1,1,441,0.024911512680603,4,Reused nonlinear grid error; not a frozen-affine or tracking score
Unrepresented nonlinear change,Augmented affine,unrepresented,Aplus,4,1,84,840,1,1,441,0.0249837485903946,4,Reused nonlinear grid error; not a frozen-affine or tracking score
Unrepresented nonlinear change,Augmented affine,unrepresented,Aplus,4,1,85,850,1,1,441,0.0251842699869005,4,Reused nonlinear grid error; not a frozen-affine or tracking score
Unrepresented nonlinear change,Augmented affine,unrepresented,Aplus,4,1,86,860,1,1,441,0.0254761158316556,4,Reused nonlinear grid error; not a frozen-affine or tracking score
Unrepresented nonlinear change,Augmented affine,unrepresented,Aplus,4,1,87,870,1,1,441,0.0258312418214246,4,Reused nonlinear grid error; not a frozen-affine or tracking score
Unrepresented nonlinear change,Augmented affine,unrepresented,Aplus,4,1,88,880,1,1,441,0.0262286065392003,4,Reused nonlinear grid error; not a frozen-affine or tracking score
Unrepresented nonlinear change,Augmented affine,unrepresented,Aplus,4,1,89,890,1,1,441,0.0266525643683774,4,Reused nonlinear grid error; not a frozen-affine or tracking score
Unrepresented nonlinear change,Augmented affine,unrepresented,Aplus,4,1,90,900,1,1,441,0.0270915717012586,4,Reused nonlinear grid error; not a frozen-affine or tracking score
Unrepresented nonlinear change,Augmented affine,unrepresented,Aplus,4,1,91,910,1,1,441,0.0275371753697893,4,Reused nonlinear grid error; not a frozen-affine or tracking score
Unrepresented nonlinear change,Augmented affine,unrepresented,Aplus,4,1,92,920,1,1,441,0.0279832370874042,4,Reused nonlinear grid error; not a frozen-affine or tracking score
Unrepresented nonlinear change,Augmented affine,unrepresented,Aplus,4,1,93,930,1,1,441,0.0284253463063105,4,Reused nonlinear grid error; not a frozen-affine or tracking score
Unrepresented nonlinear change,Augmented affine,unrepresented,Aplus,4,1,94,940,1,1,441,0.0288603791237611,4,Reused nonlinear grid error; not a frozen-affine or tracking score
Unrepresented nonlinear change,Augmented affine,unrepresented,Aplus,4,1,95,950,1,1,441,0.0292861683116366,4,Reused nonlinear grid error; not a frozen-affine or tracking score
Unrepresented nonlinear change,Augmented affine,unrepresented,Aplus,4,1,96,960,1,1,441,0.0297012569389549,4,Reused nonlinear grid error; not a frozen-affine or tracking score
Unrepresented nonlinear change,Augmented affine,unrepresented,Aplus,4,1,97,970,1,1,441,0.0301047144704012,4,Reused nonlinear grid error; not a frozen-affine or tracking score
Unrepresented nonlinear change,Augmented affine,unrepresented,Aplus,4,1,98,980,1,1,441,0.0304959994107567,4,Reused nonlinear grid error; not a frozen-affine or tracking score
Unrepresented nonlinear change,Augmented affine,unrepresented,Aplus,4,1,99,990,1,1,441,0.0308748565956296,4,Reused nonlinear grid error; not a frozen-affine or tracking score
Unrepresented nonlinear change,Augmented affine,unrepresented,Aplus,4,1,100,1000,1,1,441,0.0301912341827241,4,Reused nonlinear grid error; not a frozen-affine or tracking score
Unrepresented nonlinear change,Augmented affine,unrepresented,Aplus,4,1,101,1010,1,1,441,0.0300354011552345,4,Reused nonlinear grid error; not a frozen-affine or tracking score
Unrepresented nonlinear change,Augmented affine,unrepresented,Aplus,4,1,102,1020,1,1,441,0.0300574640756026,4,Reused nonlinear grid error; not a frozen-affine or tracking score
Unrepresented nonlinear change,Augmented affine,unrepresented,Aplus,4,1,103,1030,1,1,441,0.030095117707106,4,Reused nonlinear grid error; not a frozen-affine or tracking score
Unrepresented nonlinear change,Augmented affine,unrepresented,Aplus,4,1,104,1040,1,1,441,0.0301370193325256,4,Reused nonlinear grid error; not a frozen-affine or tracking score
Unrepresented nonlinear change,Augmented affine,unrepresented,Aplus,4,1,105,1050,1,1,441,0.0301784975182571,4,Reused nonlinear grid error; not a frozen-affine or tracking score
Unrepresented nonlinear change,Augmented affine,unrepresented,Aplus,4,1,106,1060,1,1,441,0.0302176745114014,4,Reused nonlinear grid error; not a frozen-affine or tracking score
Unrepresented nonlinear change,Augmented affine,unrepresented,Aplus,4,1,107,1070,1,1,441,0.0302538981237305,4,Reused nonlinear grid error; not a frozen-affine or tracking score
Unrepresented nonlinear change,Augmented affine,unrepresented,Aplus,4,1,108,1080,1,1,441,0.0302870629444254,4,Reused nonlinear grid error; not a frozen-affine or tracking score
Unrepresented nonlinear change,Augmented affine,unrepresented,Aplus,4,1,109,1090,1,1,441,0.030317302461409,4,Reused nonlinear grid error; not a frozen-affine or tracking score
Unrepresented nonlinear change,Augmented affine,unrepresented,Aplus,4,1,110,1100,1,1,441,0.030344845329572,4,Reused nonlinear grid error; not a frozen-affine or tracking score
Unrepresented nonlinear change,Augmented affine,unrepresented,Aplus,4,1,111,1110,1,1,441,0.0303699476291191,4,Reused nonlinear grid error; not a frozen-affine or tracking score
Unrepresented nonlinear change,Augmented affine,unrepresented,Aplus,4,1,112,1120,1,1,441,0.0303928614632233,4,Reused nonlinear grid error; not a frozen-affine or tracking score
Unrepresented nonlinear change,Augmented affine,unrepresented,Aplus,4,1,113,1130,1,1,441,0.0304138212860911,4,Reused nonlinear grid error; not a frozen-affine or tracking score
Unrepresented nonlinear change,Augmented affine,unrepresented,Aplus,4,1,114,1140,1,1,441,0.030433038934506,4,Reused nonlinear grid error; not a frozen-affine or tracking score
Unrepresented nonlinear change,Augmented affine,unrepresented,Aplus,4,1,115,1150,1,1,441,0.0304507028769316,4,Reused nonlinear grid error; not a frozen-affine or tracking score
Unrepresented nonlinear change,Augmented affine,unrepresented,Aplus,4,1,116,1160,1,1,441,0.0304669794172382,4,Reused nonlinear grid error; not a frozen-affine or tracking score
Unrepresented nonlinear change,Augmented affine,unrepresented,Aplus,4,1,117,1170,1,1,441,0.0304820147065435,4,Reused nonlinear grid error; not a frozen-affine or tracking score
Unrepresented nonlinear change,Augmented affine,unrepresented,Aplus,4,1,118,1180,1,1,441,0.0304959369880594,4,Reused nonlinear grid error; not a frozen-affine or tracking score
Unrepresented nonlinear change,Augmented affine,unrepresented,Aplus,4,1,119,1190,1,1,441,0.0305088587957526,4,Reused nonlinear grid error; not a frozen-affine or tracking score
Unrepresented nonlinear change,Complete quadratic,unrepresented,P2,6,1,0,0,1,1,441,8.20728491280962e-05,4,Reused nonlinear grid error; not a frozen-affine or tracking score
Unrepresented nonlinear change,Complete quadratic,unrepresented,P2,6,1,1,10,1,1,441,7.64743333619623e-05,4,Reused nonlinear grid error; not a frozen-affine or tracking score
Unrepresented nonlinear change,Complete quadratic,unrepresented,P2,6,1,2,20,1,1,441,7.52139257495653e-05,4,Reused nonlinear grid error; not a frozen-affine or tracking score
Unrepresented nonlinear change,Complete quadratic,unrepresented,P2,6,1,3,30,1,1,441,7.63089614589007e-05,4,Reused nonlinear grid error; not a frozen-affine or tracking score
Unrepresented nonlinear change,Complete quadratic,unrepresented,P2,6,1,4,40,1,1,441,7.77726434826421e-05,4,Reused nonlinear grid error; not a frozen-affine or tracking score
Unrepresented nonlinear change,Complete quadratic,unrepresented,P2,6,1,5,50,1,1,441,7.91539001868766e-05,4,Reused nonlinear grid error; not a frozen-affine or tracking score
Unrepresented nonlinear change,Complete quadratic,unrepresented,P2,6,1,6,60,1,1,441,8.0362407165827e-05,4,Reused nonlinear grid error; not a frozen-affine or tracking score
Unrepresented nonlinear change,Complete quadratic,unrepresented,P2,6,1,7,70,1,1,441,8.13993545022783e-05,4,Reused nonlinear grid error; not a frozen-affine or tracking score
Unrepresented nonlinear change,Complete quadratic,unrepresented,P2,6,1,8,80,1,1,441,8.22873718269519e-05,4,Reused nonlinear grid error; not a frozen-affine or tracking score
Unrepresented nonlinear change,Complete quadratic,unrepresented,P2,6,1,9,90,1,1,441,8.30511681856548e-05,4,Reused nonlinear grid error; not a frozen-affine or tracking score
Unrepresented nonlinear change,Complete quadratic,unrepresented,P2,6,1,10,100,1,1,441,8.37124689359907e-05,4,Reused nonlinear grid error; not a frozen-affine or tracking score
Unrepresented nonlinear change,Complete quadratic,unrepresented,P2,6,1,11,110,1,1,441,8.42891731460783e-05,4,Reused nonlinear grid error; not a frozen-affine or tracking score
Unrepresented nonlinear change,Complete quadratic,unrepresented,P2,6,1,12,120,1,1,441,8.47957087058462e-05,4,Reused nonlinear grid error; not a frozen-affine or tracking score
Unrepresented nonlinear change,Complete quadratic,unrepresented,P2,6,1,13,130,1,1,441,8.52436446196847e-05,4,Reused nonlinear grid error; not a frozen-affine or tracking score
Unrepresented nonlinear change,Complete quadratic,unrepresented,P2,6,1,14,140,1,1,441,8.56422761695065e-05,4,Reused nonlinear grid error; not a frozen-affine or tracking score
Unrepresented nonlinear change,Complete quadratic,unrepresented,P2,6,1,15,150,1,1,441,8.59991117332942e-05,4,Reused nonlinear grid error; not a frozen-affine or tracking score
Unrepresented nonlinear change,Complete quadratic,unrepresented,P2,6,1,16,160,1,1,441,8.63202577847293e-05,4,Reused nonlinear grid error; not a frozen-affine or tracking score
Unrepresented nonlinear change,Complete quadratic,unrepresented,P2,6,1,17,170,1,1,441,8.66107174400399e-05,4,Reused nonlinear grid error; not a frozen-affine or tracking score
Unrepresented nonlinear change,Complete quadratic,unrepresented,P2,6,1,18,180,1,1,441,8.68746205611113e-05,4,Reused nonlinear grid error; not a frozen-affine or tracking score
Unrepresented nonlinear change,Complete quadratic,unrepresented,P2,6,1,19,190,1,1,441,8.71154012019799e-05,4,Reused nonlinear grid error; not a frozen-affine or tracking score
Unrepresented nonlinear change,Complete quadratic,unrepresented,P2,6,1,20,200,1,1,441,8.8061159485768e-05,4,Reused nonlinear grid error; not a frozen-affine or tracking score
Unrepresented nonlinear change,Complete quadratic,unrepresented,P2,6,1,21,210,1,1,441,7.91617954619001e-05,4,Reused nonlinear grid error; not a frozen-affine or tracking score
Unrepresented nonlinear change,Complete quadratic,unrepresented,P2,6,1,22,220,1,1,441,7.26239725257289e-05,4,Reused nonlinear grid error; not a frozen-affine or tracking score
Unrepresented nonlinear change,Complete quadratic,unrepresented,P2,6,1,23,230,1,1,441,6.83905676252473e-05,4,Reused nonlinear grid error; not a frozen-affine or tracking score
Unrepresented nonlinear change,Complete quadratic,unrepresented,P2,6,1,24,240,1,1,441,6.55703622349271e-05,4,Reused nonlinear grid error; not a frozen-affine or tracking score
Unrepresented nonlinear change,Complete quadratic,unrepresented,P2,6,1,25,250,1,1,441,6.36504301804377e-05,4,Reused nonlinear grid error; not a frozen-affine or tracking score
Unrepresented nonlinear change,Complete quadratic,unrepresented,P2,6,1,26,260,1,1,441,6.23217640634221e-05,4,Reused nonlinear grid error; not a frozen-affine or tracking score
Unrepresented nonlinear change,Complete quadratic,unrepresented,P2,6,1,27,270,1,1,441,6.13914114768473e-05,4,Reused nonlinear grid error; not a frozen-affine or tracking score
Unrepresented nonlinear change,Complete quadratic,unrepresented,P2,6,1,28,280,1,1,441,6.07352498701176e-05,4,Reused nonlinear grid error; not a frozen-affine or tracking score
Unrepresented nonlinear change,Complete quadratic,unrepresented,P2,6,1,29,290,1,1,441,6.02713675652421e-05,4,Reused nonlinear grid error; not a frozen-affine or tracking score
Unrepresented nonlinear change,Complete quadratic,unrepresented,P2,6,1,30,300,1,1,441,5.994448609729e-05,4,Reused nonlinear grid error; not a frozen-affine or tracking score
Unrepresented nonlinear change,Complete quadratic,unrepresented,P2,6,1,31,310,1,1,441,5.97165547662651e-05,4,Reused nonlinear grid error; not a frozen-affine or tracking score
Unrepresented nonlinear change,Complete quadratic,unrepresented,P2,6,1,32,320,1,1,441,5.95609162036038e-05,4,Reused nonlinear grid error; not a frozen-affine or tracking score
Unrepresented nonlinear change,Complete quadratic,unrepresented,P2,6,1,33,330,1,1,441,5.94585992814799e-05,4,Reused nonlinear grid error; not a frozen-affine or tracking score
Unrepresented nonlinear change,Complete quadratic,unrepresented,P2,6,1,34,340,1,1,441,5.93959122960762e-05,4,Reused nonlinear grid error; not a frozen-affine or tracking score
Unrepresented nonlinear change,Complete quadratic,unrepresented,P2,6,1,35,350,1,1,441,5.93628494163486e-05,4,Reused nonlinear grid error; not a frozen-affine or tracking score
Unrepresented nonlinear change,Complete quadratic,unrepresented,P2,6,1,36,360,1,1,441,5.93520165479656e-05,4,Reused nonlinear grid error; not a frozen-affine or tracking score
Unrepresented nonlinear change,Complete quadratic,unrepresented,P2,6,1,37,370,1,1,441,5.93578953457463e-05,4,Reused nonlinear grid error; not a frozen-affine or tracking score
Unrepresented nonlinear change,Complete quadratic,unrepresented,P2,6,1,38,380,1,1,441,5.93763312781304e-05,4,Reused nonlinear grid error; not a frozen-affine or tracking score
Unrepresented nonlinear change,Complete quadratic,unrepresented,P2,6,1,39,390,1,1,441,5.94041725753179e-05,4,Reused nonlinear grid error; not a frozen-affine or tracking score
Unrepresented nonlinear change,Complete quadratic,unrepresented,P2,6,1,40,400,1,1,441,6.27063462277657e-05,4,Reused nonlinear grid error; not a frozen-affine or tracking score
Unrepresented nonlinear change,Complete quadratic,unrepresented,P2,6,1,41,410,1,1,441,6.45354659926067e-05,4,Reused nonlinear grid error; not a frozen-affine or tracking score
Unrepresented nonlinear change,Complete quadratic,unrepresented,P2,6,1,42,420,1,1,441,6.47778630279236e-05,4,Reused nonlinear grid error; not a frozen-affine or tracking score
Unrepresented nonlinear change,Complete quadratic,unrepresented,P2,6,1,43,430,1,1,441,6.49647187569206e-05,4,Reused nonlinear grid error; not a frozen-affine or tracking score
Unrepresented nonlinear change,Complete quadratic,unrepresented,P2,6,1,44,440,1,1,441,6.51131543929341e-05,4,Reused nonlinear grid error; not a frozen-affine or tracking score
Unrepresented nonlinear change,Complete quadratic,unrepresented,P2,6,1,45,450,1,1,441,6.52339148653992e-05,4,Reused nonlinear grid error; not a frozen-affine or tracking score
Unrepresented nonlinear change,Complete quadratic,unrepresented,P2,6,1,46,460,1,1,441,6.53340800897787e-05,4,Reused nonlinear grid error; not a frozen-affine or tracking score
Unrepresented nonlinear change,Complete quadratic,unrepresented,P2,6,1,47,470,1,1,441,6.54185048086125e-05,4,Reused nonlinear grid error; not a frozen-affine or tracking score
Unrepresented nonlinear change,Complete quadratic,unrepresented,P2,6,1,48,480,1,1,441,6.54906290987194e-05,4,Reused nonlinear grid error; not a frozen-affine or tracking score
Unrepresented nonlinear change,Complete quadratic,unrepresented,P2,6,1,49,490,1,1,441,6.55529586688591e-05,4,Reused nonlinear grid error; not a frozen-affine or tracking score
Unrepresented nonlinear change,Complete quadratic,unrepresented,P2,6,1,50,500,1,1,441,0.0360741181696719,4,Reused nonlinear grid error; not a frozen-affine or tracking score
Unrepresented nonlinear change,Complete quadratic,unrepresented,P2,6,1,51,510,1,1,441,0.038703321464591,4,Reused nonlinear grid error; not a frozen-affine or tracking score
Unrepresented nonlinear change,Complete quadratic,unrepresented,P2,6,1,52,520,1,1,441,0.047236893726038,4,Reused nonlinear grid error; not a frozen-affine or tracking score
Unrepresented nonlinear change,Complete quadratic,unrepresented,P2,6,1,53,530,1,1,441,0.0574829811712976,4,Reused nonlinear grid error; not a frozen-affine or tracking score
Unrepresented nonlinear change,Complete quadratic,unrepresented,P2,6,1,54,540,1,1,441,0.0666676131157177,4,Reused nonlinear grid error; not a frozen-affine or tracking score
Unrepresented nonlinear change,Complete quadratic,unrepresented,P2,6,1,55,550,1,1,441,0.073744958705012,4,Reused nonlinear grid error; not a frozen-affine or tracking score
Unrepresented nonlinear change,Complete quadratic,unrepresented,P2,6,1,56,560,1,1,441,0.0793314562872826,4,Reused nonlinear grid error; not a frozen-affine or tracking score
Unrepresented nonlinear change,Complete quadratic,unrepresented,P2,6,1,57,570,1,1,441,0.0838561539214921,4,Reused nonlinear grid error; not a frozen-affine or tracking score
Unrepresented nonlinear change,Complete quadratic,unrepresented,P2,6,1,58,580,1,1,441,0.0876010059224871,4,Reused nonlinear grid error; not a frozen-affine or tracking score
Unrepresented nonlinear change,Complete quadratic,unrepresented,P2,6,1,59,590,1,1,441,0.0907562009763365,4,Reused nonlinear grid error; not a frozen-affine or tracking score
Unrepresented nonlinear change,Complete quadratic,unrepresented,P2,6,1,60,600,1,1,441,0.0808623023664179,4,Reused nonlinear grid error; not a frozen-affine or tracking score
Unrepresented nonlinear change,Complete quadratic,unrepresented,P2,6,1,61,610,1,1,441,0.0800092227851866,4,Reused nonlinear grid error; not a frozen-affine or tracking score
Unrepresented nonlinear change,Complete quadratic,unrepresented,P2,6,1,62,620,1,1,441,0.077128858056453,4,Reused nonlinear grid error; not a frozen-affine or tracking score
Unrepresented nonlinear change,Complete quadratic,unrepresented,P2,6,1,63,630,1,1,441,0.0747573173633437,4,Reused nonlinear grid error; not a frozen-affine or tracking score
Unrepresented nonlinear change,Complete quadratic,unrepresented,P2,6,1,64,640,1,1,441,0.0731427889757422,4,Reused nonlinear grid error; not a frozen-affine or tracking score
Unrepresented nonlinear change,Complete quadratic,unrepresented,P2,6,1,65,650,1,1,441,0.0722681066989997,4,Reused nonlinear grid error; not a frozen-affine or tracking score
Unrepresented nonlinear change,Complete quadratic,unrepresented,P2,6,1,66,660,1,1,441,0.0718490189154366,4,Reused nonlinear grid error; not a frozen-affine or tracking score
Unrepresented nonlinear change,Complete quadratic,unrepresented,P2,6,1,67,670,1,1,441,0.0717135420545604,4,Reused nonlinear grid error; not a frozen-affine or tracking score
Unrepresented nonlinear change,Complete quadratic,unrepresented,P2,6,1,68,680,1,1,441,0.0717567094705605,4,Reused nonlinear grid error; not a frozen-affine or tracking score
Unrepresented nonlinear change,Complete quadratic,unrepresented,P2,6,1,69,690,1,1,441,0.0719125729947281,4,Reused nonlinear grid error; not a frozen-affine or tracking score
Unrepresented nonlinear change,Complete quadratic,unrepresented,P2,6,1,70,700,1,1,441,0.072138755785847,4,Reused nonlinear grid error; not a frozen-affine or tracking score
Unrepresented nonlinear change,Complete quadratic,unrepresented,P2,6,1,71,710,1,1,441,0.0724075555741548,4,Reused nonlinear grid error; not a frozen-affine or tracking score
Unrepresented nonlinear change,Complete quadratic,unrepresented,P2,6,1,72,720,1,1,441,0.0727006364654969,4,Reused nonlinear grid error; not a frozen-affine or tracking score
Unrepresented nonlinear change,Complete quadratic,unrepresented,P2,6,1,73,730,1,1,441,0.0730057664467228,4,Reused nonlinear grid error; not a frozen-affine or tracking score
Unrepresented nonlinear change,Complete quadratic,unrepresented,P2,6,1,74,740,1,1,441,0.0733147607815793,4,Reused nonlinear grid error; not a frozen-affine or tracking score
Unrepresented nonlinear change,Complete quadratic,unrepresented,P2,6,1,75,750,1,1,441,0.0736221569780194,4,Reused nonlinear grid error; not a frozen-affine or tracking score
Unrepresented nonlinear change,Complete quadratic,unrepresented,P2,6,1,76,760,1,1,441,0.0739243448084254,4,Reused nonlinear grid error; not a frozen-affine or tracking score
Unrepresented nonlinear change,Complete quadratic,unrepresented,P2,6,1,77,770,1,1,441,0.0742189856609049,4,Reused nonlinear grid error; not a frozen-affine or tracking score
Unrepresented nonlinear change,Complete quadratic,unrepresented,P2,6,1,78,780,1,1,441,0.0745046194519223,4,Reused nonlinear grid error; not a frozen-affine or tracking score
Unrepresented nonlinear change,Complete quadratic,unrepresented,P2,6,1,79,790,1,1,441,0.074780395234703,4,Reused nonlinear grid error; not a frozen-affine or tracking score
Unrepresented nonlinear change,Complete quadratic,unrepresented,P2,6,1,80,800,1,1,441,0.0737092985082597,4,Reused nonlinear grid error; not a frozen-affine or tracking score
Unrepresented nonlinear change,Complete quadratic,unrepresented,P2,6,1,81,810,1,1,441,0.0742065741370991,4,Reused nonlinear grid error; not a frozen-affine or tracking score
Unrepresented nonlinear change,Complete quadratic,unrepresented,P2,6,1,82,820,1,1,441,0.0736376995211449,4,Reused nonlinear grid error; not a frozen-affine or tracking score
Unrepresented nonlinear change,Complete quadratic,unrepresented,P2,6,1,83,830,1,1,441,0.0730726079087786,4,Reused nonlinear grid error; not a frozen-affine or tracking score
Unrepresented nonlinear change,Complete quadratic,unrepresented,P2,6,1,84,840,1,1,441,0.0725238548843897,4,Reused nonlinear grid error; not a frozen-affine or tracking score
Unrepresented nonlinear change,Complete quadratic,unrepresented,P2,6,1,85,850,1,1,441,0.0719938218213341,4,Reused nonlinear grid error; not a frozen-affine or tracking score
Unrepresented nonlinear change,Complete quadratic,unrepresented,P2,6,1,86,860,1,1,441,0.0714841559621553,4,Reused nonlinear grid error; not a frozen-affine or tracking score
Unrepresented nonlinear change,Complete quadratic,unrepresented,P2,6,1,87,870,1,1,441,0.0709957711046852,4,Reused nonlinear grid error; not a frozen-affine or tracking score
Unrepresented nonlinear change,Complete quadratic,unrepresented,P2,6,1,88,880,1,1,441,0.0705289790561745,4,Reused nonlinear grid error; not a frozen-affine or tracking score
Unrepresented nonlinear change,Complete quadratic,unrepresented,P2,6,1,89,890,1,1,441,0.0700836387766311,4,Reused nonlinear grid error; not a frozen-affine or tracking score
Unrepresented nonlinear change,Complete quadratic,unrepresented,P2,6,1,90,900,1,1,441,0.0696592875540335,4,Reused nonlinear grid error; not a frozen-affine or tracking score
Unrepresented nonlinear change,Complete quadratic,unrepresented,P2,6,1,91,910,1,1,441,0.0692552457116924,4,Reused nonlinear grid error; not a frozen-affine or tracking score
Unrepresented nonlinear change,Complete quadratic,unrepresented,P2,6,1,92,920,1,1,441,0.068870696124847,4,Reused nonlinear grid error; not a frozen-affine or tracking score
Unrepresented nonlinear change,Complete quadratic,unrepresented,P2,6,1,93,930,1,1,441,0.0685047427709305,4,Reused nonlinear grid error; not a frozen-affine or tracking score
Unrepresented nonlinear change,Complete quadratic,unrepresented,P2,6,1,94,940,1,1,441,0.0681564528572949,4,Reused nonlinear grid error; not a frozen-affine or tracking score
Unrepresented nonlinear change,Complete quadratic,unrepresented,P2,6,1,95,950,1,1,441,0.0678248864990766,4,Reused nonlinear grid error; not a frozen-affine or tracking score
Unrepresented nonlinear change,Complete quadratic,unrepresented,P2,6,1,96,960,1,1,441,0.0675091171462789,4,Reused nonlinear grid error; not a frozen-affine or tracking score
Unrepresented nonlinear change,Complete quadratic,unrepresented,P2,6,1,97,970,1,1,441,0.0672082452300228,4,Reused nonlinear grid error; not a frozen-affine or tracking score
Unrepresented nonlinear change,Complete quadratic,unrepresented,P2,6,1,98,980,1,1,441,0.0669214068913164,4,Reused nonlinear grid error; not a frozen-affine or tracking score
Unrepresented nonlinear change,Complete quadratic,unrepresented,P2,6,1,99,990,1,1,441,0.0666477791786051,4,Reused nonlinear grid error; not a frozen-affine or tracking score
Unrepresented nonlinear change,Complete quadratic,unrepresented,P2,6,1,100,1000,1,1,441,0.0544164004442591,4,Reused nonlinear grid error; not a frozen-affine or tracking score
Unrepresented nonlinear change,Complete quadratic,unrepresented,P2,6,1,101,1010,1,1,441,0.0507267318855311,4,Reused nonlinear grid error; not a frozen-affine or tracking score
Unrepresented nonlinear change,Complete quadratic,unrepresented,P2,6,1,102,1020,1,1,441,0.0480676504656333,4,Reused nonlinear grid error; not a frozen-affine or tracking score
Unrepresented nonlinear change,Complete quadratic,unrepresented,P2,6,1,103,1030,1,1,441,0.0462597522342751,4,Reused nonlinear grid error; not a frozen-affine or tracking score
Unrepresented nonlinear change,Complete quadratic,unrepresented,P2,6,1,104,1040,1,1,441,0.0449580487524054,4,Reused nonlinear grid error; not a frozen-affine or tracking score
Unrepresented nonlinear change,Complete quadratic,unrepresented,P2,6,1,105,1050,1,1,441,0.0439798521564734,4,Reused nonlinear grid error; not a frozen-affine or tracking score
Unrepresented nonlinear change,Complete quadratic,unrepresented,P2,6,1,106,1060,1,1,441,0.0432200066551902,4,Reused nonlinear grid error; not a frozen-affine or tracking score
Unrepresented nonlinear change,Complete quadratic,unrepresented,P2,6,1,107,1070,1,1,441,0.0426139901493828,4,Reused nonlinear grid error; not a frozen-affine or tracking score
Unrepresented nonlinear change,Complete quadratic,unrepresented,P2,6,1,108,1080,1,1,441,0.0421201558622798,4,Reused nonlinear grid error; not a frozen-affine or tracking score
Unrepresented nonlinear change,Complete quadratic,unrepresented,P2,6,1,109,1090,1,1,441,0.0417104921587178,4,Reused nonlinear grid error; not a frozen-affine or tracking score
Unrepresented nonlinear change,Complete quadratic,unrepresented,P2,6,1,110,1100,1,1,441,0.0413655037832849,4,Reused nonlinear grid error; not a frozen-affine or tracking score
Unrepresented nonlinear change,Complete quadratic,unrepresented,P2,6,1,111,1110,1,1,441,0.0410712262844406,4,Reused nonlinear grid error; not a frozen-affine or tracking score
Unrepresented nonlinear change,Complete quadratic,unrepresented,P2,6,1,112,1120,1,1,441,0.0408174077849096,4,Reused nonlinear grid error; not a frozen-affine or tracking score
Unrepresented nonlinear change,Complete quadratic,unrepresented,P2,6,1,113,1130,1,1,441,0.0405963602121416,4,Reused nonlinear grid error; not a frozen-affine or tracking score
Unrepresented nonlinear change,Complete quadratic,unrepresented,P2,6,1,114,1140,1,1,441,0.0404022101365567,4,Reused nonlinear grid error; not a frozen-affine or tracking score
Unrepresented nonlinear change,Complete quadratic,unrepresented,P2,6,1,115,1150,1,1,441,0.0402303965406428,4,Reused nonlinear grid error; not a frozen-affine or tracking score
Unrepresented nonlinear change,Complete quadratic,unrepresented,P2,6,1,116,1160,1,1,441,0.0400773258598862,4,Reused nonlinear grid error; not a frozen-affine or tracking score
Unrepresented nonlinear change,Complete quadratic,unrepresented,P2,6,1,117,1170,1,1,441,0.0399401298975815,4,Reused nonlinear grid error; not a frozen-affine or tracking score
Unrepresented nonlinear change,Complete quadratic,unrepresented,P2,6,1,118,1180,1,1,441,0.0398164926438574,4,Reused nonlinear grid error; not a frozen-affine or tracking score
Unrepresented nonlinear change,Complete quadratic,unrepresented,P2,6,1,119,1190,1,1,441,0.0397045242344608,4,Reused nonlinear grid error; not a frozen-affine or tracking score
Unrepresented nonlinear change,Known-model reference,unrepresented,K,0,1,0,0,1,1,441,0,4,Reused nonlinear grid error; not a frozen-affine or tracking score
Unrepresented nonlinear change,Known-model reference,unrepresented,K,0,1,1,10,1,1,441,0,4,Reused nonlinear grid error; not a frozen-affine or tracking score
Unrepresented nonlinear change,Known-model reference,unrepresented,K,0,1,2,20,1,1,441,0,4,Reused nonlinear grid error; not a frozen-affine or tracking score
Unrepresented nonlinear change,Known-model reference,unrepresented,K,0,1,3,30,1,1,441,0,4,Reused nonlinear grid error; not a frozen-affine or tracking score
Unrepresented nonlinear change,Known-model reference,unrepresented,K,0,1,4,40,1,1,441,0,4,Reused nonlinear grid error; not a frozen-affine or tracking score
Unrepresented nonlinear change,Known-model reference,unrepresented,K,0,1,5,50,1,1,441,0,4,Reused nonlinear grid error; not a frozen-affine or tracking score
Unrepresented nonlinear change,Known-model reference,unrepresented,K,0,1,6,60,1,1,441,0,4,Reused nonlinear grid error; not a frozen-affine or tracking score
Unrepresented nonlinear change,Known-model reference,unrepresented,K,0,1,7,70,1,1,441,0,4,Reused nonlinear grid error; not a frozen-affine or tracking score
Unrepresented nonlinear change,Known-model reference,unrepresented,K,0,1,8,80,1,1,441,0,4,Reused nonlinear grid error; not a frozen-affine or tracking score
Unrepresented nonlinear change,Known-model reference,unrepresented,K,0,1,9,90,1,1,441,0,4,Reused nonlinear grid error; not a frozen-affine or tracking score
Unrepresented nonlinear change,Known-model reference,unrepresented,K,0,1,10,100,1,1,441,0,4,Reused nonlinear grid error; not a frozen-affine or tracking score
Unrepresented nonlinear change,Known-model reference,unrepresented,K,0,1,11,110,1,1,441,0,4,Reused nonlinear grid error; not a frozen-affine or tracking score
Unrepresented nonlinear change,Known-model reference,unrepresented,K,0,1,12,120,1,1,441,0,4,Reused nonlinear grid error; not a frozen-affine or tracking score
Unrepresented nonlinear change,Known-model reference,unrepresented,K,0,1,13,130,1,1,441,0,4,Reused nonlinear grid error; not a frozen-affine or tracking score
Unrepresented nonlinear change,Known-model reference,unrepresented,K,0,1,14,140,1,1,441,0,4,Reused nonlinear grid error; not a frozen-affine or tracking score
Unrepresented nonlinear change,Known-model reference,unrepresented,K,0,1,15,150,1,1,441,0,4,Reused nonlinear grid error; not a frozen-affine or tracking score
Unrepresented nonlinear change,Known-model reference,unrepresented,K,0,1,16,160,1,1,441,0,4,Reused nonlinear grid error; not a frozen-affine or tracking score
Unrepresented nonlinear change,Known-model reference,unrepresented,K,0,1,17,170,1,1,441,0,4,Reused nonlinear grid error; not a frozen-affine or tracking score
Unrepresented nonlinear change,Known-model reference,unrepresented,K,0,1,18,180,1,1,441,0,4,Reused nonlinear grid error; not a frozen-affine or tracking score
Unrepresented nonlinear change,Known-model reference,unrepresented,K,0,1,19,190,1,1,441,0,4,Reused nonlinear grid error; not a frozen-affine or tracking score
Unrepresented nonlinear change,Known-model reference,unrepresented,K,0,1,20,200,1,1,441,0,4,Reused nonlinear grid error; not a frozen-affine or tracking score
Unrepresented nonlinear change,Known-model reference,unrepresented,K,0,1,21,210,1,1,441,0,4,Reused nonlinear grid error; not a frozen-affine or tracking score
Unrepresented nonlinear change,Known-model reference,unrepresented,K,0,1,22,220,1,1,441,0,4,Reused nonlinear grid error; not a frozen-affine or tracking score
Unrepresented nonlinear change,Known-model reference,unrepresented,K,0,1,23,230,1,1,441,0,4,Reused nonlinear grid error; not a frozen-affine or tracking score
Unrepresented nonlinear change,Known-model reference,unrepresented,K,0,1,24,240,1,1,441,0,4,Reused nonlinear grid error; not a frozen-affine or tracking score
Unrepresented nonlinear change,Known-model reference,unrepresented,K,0,1,25,250,1,1,441,0,4,Reused nonlinear grid error; not a frozen-affine or tracking score
Unrepresented nonlinear change,Known-model reference,unrepresented,K,0,1,26,260,1,1,441,0,4,Reused nonlinear grid error; not a frozen-affine or tracking score
Unrepresented nonlinear change,Known-model reference,unrepresented,K,0,1,27,270,1,1,441,0,4,Reused nonlinear grid error; not a frozen-affine or tracking score
Unrepresented nonlinear change,Known-model reference,unrepresented,K,0,1,28,280,1,1,441,0,4,Reused nonlinear grid error; not a frozen-affine or tracking score
Unrepresented nonlinear change,Known-model reference,unrepresented,K,0,1,29,290,1,1,441,0,4,Reused nonlinear grid error; not a frozen-affine or tracking score
Unrepresented nonlinear change,Known-model reference,unrepresented,K,0,1,30,300,1,1,441,0,4,Reused nonlinear grid error; not a frozen-affine or tracking score
Unrepresented nonlinear change,Known-model reference,unrepresented,K,0,1,31,310,1,1,441,0,4,Reused nonlinear grid error; not a frozen-affine or tracking score
Unrepresented nonlinear change,Known-model reference,unrepresented,K,0,1,32,320,1,1,441,0,4,Reused nonlinear grid error; not a frozen-affine or tracking score
Unrepresented nonlinear change,Known-model reference,unrepresented,K,0,1,33,330,1,1,441,0,4,Reused nonlinear grid error; not a frozen-affine or tracking score
Unrepresented nonlinear change,Known-model reference,unrepresented,K,0,1,34,340,1,1,441,0,4,Reused nonlinear grid error; not a frozen-affine or tracking score
Unrepresented nonlinear change,Known-model reference,unrepresented,K,0,1,35,350,1,1,441,0,4,Reused nonlinear grid error; not a frozen-affine or tracking score
Unrepresented nonlinear change,Known-model reference,unrepresented,K,0,1,36,360,1,1,441,0,4,Reused nonlinear grid error; not a frozen-affine or tracking score
Unrepresented nonlinear change,Known-model reference,unrepresented,K,0,1,37,370,1,1,441,0,4,Reused nonlinear grid error; not a frozen-affine or tracking score
Unrepresented nonlinear change,Known-model reference,unrepresented,K,0,1,38,380,1,1,441,0,4,Reused nonlinear grid error; not a frozen-affine or tracking score
Unrepresented nonlinear change,Known-model reference,unrepresented,K,0,1,39,390,1,1,441,0,4,Reused nonlinear grid error; not a frozen-affine or tracking score
Unrepresented nonlinear change,Known-model reference,unrepresented,K,0,1,40,400,1,1,441,0,4,Reused nonlinear grid error; not a frozen-affine or tracking score
Unrepresented nonlinear change,Known-model reference,unrepresented,K,0,1,41,410,1,1,441,0,4,Reused nonlinear grid error; not a frozen-affine or tracking score
Unrepresented nonlinear change,Known-model reference,unrepresented,K,0,1,42,420,1,1,441,0,4,Reused nonlinear grid error; not a frozen-affine or tracking score
Unrepresented nonlinear change,Known-model reference,unrepresented,K,0,1,43,430,1,1,441,0,4,Reused nonlinear grid error; not a frozen-affine or tracking score
Unrepresented nonlinear change,Known-model reference,unrepresented,K,0,1,44,440,1,1,441,0,4,Reused nonlinear grid error; not a frozen-affine or tracking score
Unrepresented nonlinear change,Known-model reference,unrepresented,K,0,1,45,450,1,1,441,0,4,Reused nonlinear grid error; not a frozen-affine or tracking score
Unrepresented nonlinear change,Known-model reference,unrepresented,K,0,1,46,460,1,1,441,0,4,Reused nonlinear grid error; not a frozen-affine or tracking score
Unrepresented nonlinear change,Known-model reference,unrepresented,K,0,1,47,470,1,1,441,0,4,Reused nonlinear grid error; not a frozen-affine or tracking score
Unrepresented nonlinear change,Known-model reference,unrepresented,K,0,1,48,480,1,1,441,0,4,Reused nonlinear grid error; not a frozen-affine or tracking score
Unrepresented nonlinear change,Known-model reference,unrepresented,K,0,1,49,490,1,1,441,0,4,Reused nonlinear grid error; not a frozen-affine or tracking score
Unrepresented nonlinear change,Known-model reference,unrepresented,K,0,1,50,500,1,1,441,0,4,Reused nonlinear grid error; not a frozen-affine or tracking score
Unrepresented nonlinear change,Known-model reference,unrepresented,K,0,1,51,510,1,1,441,0,4,Reused nonlinear grid error; not a frozen-affine or tracking score
Unrepresented nonlinear change,Known-model reference,unrepresented,K,0,1,52,520,1,1,441,0,4,Reused nonlinear grid error; not a frozen-affine or tracking score
Unrepresented nonlinear change,Known-model reference,unrepresented,K,0,1,53,530,1,1,441,0,4,Reused nonlinear grid error; not a frozen-affine or tracking score
Unrepresented nonlinear change,Known-model reference,unrepresented,K,0,1,54,540,1,1,441,0,4,Reused nonlinear grid error; not a frozen-affine or tracking score
Unrepresented nonlinear change,Known-model reference,unrepresented,K,0,1,55,550,1,1,441,0,4,Reused nonlinear grid error; not a frozen-affine or tracking score
Unrepresented nonlinear change,Known-model reference,unrepresented,K,0,1,56,560,1,1,441,0,4,Reused nonlinear grid error; not a frozen-affine or tracking score
Unrepresented nonlinear change,Known-model reference,unrepresented,K,0,1,57,570,1,1,441,0,4,Reused nonlinear grid error; not a frozen-affine or tracking score
Unrepresented nonlinear change,Known-model reference,unrepresented,K,0,1,58,580,1,1,441,0,4,Reused nonlinear grid error; not a frozen-affine or tracking score
Unrepresented nonlinear change,Known-model reference,unrepresented,K,0,1,59,590,1,1,441,0,4,Reused nonlinear grid error; not a frozen-affine or tracking score
Unrepresented nonlinear change,Known-model reference,unrepresented,K,0,1,60,600,1,1,441,0,4,Reused nonlinear grid error; not a frozen-affine or tracking score
Unrepresented nonlinear change,Known-model reference,unrepresented,K,0,1,61,610,1,1,441,0,4,Reused nonlinear grid error; not a frozen-affine or tracking score
Unrepresented nonlinear change,Known-model reference,unrepresented,K,0,1,62,620,1,1,441,0,4,Reused nonlinear grid error; not a frozen-affine or tracking score
Unrepresented nonlinear change,Known-model reference,unrepresented,K,0,1,63,630,1,1,441,0,4,Reused nonlinear grid error; not a frozen-affine or tracking score
Unrepresented nonlinear change,Known-model reference,unrepresented,K,0,1,64,640,1,1,441,0,4,Reused nonlinear grid error; not a frozen-affine or tracking score
Unrepresented nonlinear change,Known-model reference,unrepresented,K,0,1,65,650,1,1,441,0,4,Reused nonlinear grid error; not a frozen-affine or tracking score
Unrepresented nonlinear change,Known-model reference,unrepresented,K,0,1,66,660,1,1,441,0,4,Reused nonlinear grid error; not a frozen-affine or tracking score
Unrepresented nonlinear change,Known-model reference,unrepresented,K,0,1,67,670,1,1,441,0,4,Reused nonlinear grid error; not a frozen-affine or tracking score
Unrepresented nonlinear change,Known-model reference,unrepresented,K,0,1,68,680,1,1,441,0,4,Reused nonlinear grid error; not a frozen-affine or tracking score
Unrepresented nonlinear change,Known-model reference,unrepresented,K,0,1,69,690,1,1,441,0,4,Reused nonlinear grid error; not a frozen-affine or tracking score
Unrepresented nonlinear change,Known-model reference,unrepresented,K,0,1,70,700,1,1,441,0,4,Reused nonlinear grid error; not a frozen-affine or tracking score
Unrepresented nonlinear change,Known-model reference,unrepresented,K,0,1,71,710,1,1,441,0,4,Reused nonlinear grid error; not a frozen-affine or tracking score
Unrepresented nonlinear change,Known-model reference,unrepresented,K,0,1,72,720,1,1,441,0,4,Reused nonlinear grid error; not a frozen-affine or tracking score
Unrepresented nonlinear change,Known-model reference,unrepresented,K,0,1,73,730,1,1,441,0,4,Reused nonlinear grid error; not a frozen-affine or tracking score
Unrepresented nonlinear change,Known-model reference,unrepresented,K,0,1,74,740,1,1,441,0,4,Reused nonlinear grid error; not a frozen-affine or tracking score
Unrepresented nonlinear change,Known-model reference,unrepresented,K,0,1,75,750,1,1,441,0,4,Reused nonlinear grid error; not a frozen-affine or tracking score
Unrepresented nonlinear change,Known-model reference,unrepresented,K,0,1,76,760,1,1,441,0,4,Reused nonlinear grid error; not a frozen-affine or tracking score
Unrepresented nonlinear change,Known-model reference,unrepresented,K,0,1,77,770,1,1,441,0,4,Reused nonlinear grid error; not a frozen-affine or tracking score
Unrepresented nonlinear change,Known-model reference,unrepresented,K,0,1,78,780,1,1,441,0,4,Reused nonlinear grid error; not a frozen-affine or tracking score
Unrepresented nonlinear change,Known-model reference,unrepresented,K,0,1,79,790,1,1,441,0,4,Reused nonlinear grid error; not a frozen-affine or tracking score
Unrepresented nonlinear change,Known-model reference,unrepresented,K,0,1,80,800,1,1,441,0,4,Reused nonlinear grid error; not a frozen-affine or tracking score
Unrepresented nonlinear change,Known-model reference,unrepresented,K,0,1,81,810,1,1,441,0,4,Reused nonlinear grid error; not a frozen-affine or tracking score
Unrepresented nonlinear change,Known-model reference,unrepresented,K,0,1,82,820,1,1,441,0,4,Reused nonlinear grid error; not a frozen-affine or tracking score
Unrepresented nonlinear change,Known-model reference,unrepresented,K,0,1,83,830,1,1,441,0,4,Reused nonlinear grid error; not a frozen-affine or tracking score
Unrepresented nonlinear change,Known-model reference,unrepresented,K,0,1,84,840,1,1,441,0,4,Reused nonlinear grid error; not a frozen-affine or tracking score
Unrepresented nonlinear change,Known-model reference,unrepresented,K,0,1,85,850,1,1,441,0,4,Reused nonlinear grid error; not a frozen-affine or tracking score
Unrepresented nonlinear change,Known-model reference,unrepresented,K,0,1,86,860,1,1,441,0,4,Reused nonlinear grid error; not a frozen-affine or tracking score
Unrepresented nonlinear change,Known-model reference,unrepresented,K,0,1,87,870,1,1,441,0,4,Reused nonlinear grid error; not a frozen-affine or tracking score
Unrepresented nonlinear change,Known-model reference,unrepresented,K,0,1,88,880,1,1,441,0,4,Reused nonlinear grid error; not a frozen-affine or tracking score
Unrepresented nonlinear change,Known-model reference,unrepresented,K,0,1,89,890,1,1,441,0,4,Reused nonlinear grid error; not a frozen-affine or tracking score
Unrepresented nonlinear change,Known-model reference,unrepresented,K,0,1,90,900,1,1,441,0,4,Reused nonlinear grid error; not a frozen-affine or tracking score
Unrepresented nonlinear change,Known-model reference,unrepresented,K,0,1,91,910,1,1,441,0,4,Reused nonlinear grid error; not a frozen-affine or tracking score
Unrepresented nonlinear change,Known-model reference,unrepresented,K,0,1,92,920,1,1,441,0,4,Reused nonlinear grid error; not a frozen-affine or tracking score
Unrepresented nonlinear change,Known-model reference,unrepresented,K,0,1,93,930,1,1,441,0,4,Reused nonlinear grid error; not a frozen-affine or tracking score
Unrepresented nonlinear change,Known-model reference,unrepresented,K,0,1,94,940,1,1,441,0,4,Reused nonlinear grid error; not a frozen-affine or tracking score
Unrepresented nonlinear change,Known-model reference,unrepresented,K,0,1,95,950,1,1,441,0,4,Reused nonlinear grid error; not a frozen-affine or tracking score
Unrepresented nonlinear change,Known-model reference,unrepresented,K,0,1,96,960,1,1,441,0,4,Reused nonlinear grid error; not a frozen-affine or tracking score
Unrepresented nonlinear change,Known-model reference,unrepresented,K,0,1,97,970,1,1,441,0,4,Reused nonlinear grid error; not a frozen-affine or tracking score
Unrepresented nonlinear change,Known-model reference,unrepresented,K,0,1,98,980,1,1,441,0,4,Reused nonlinear grid error; not a frozen-affine or tracking score
Unrepresented nonlinear change,Known-model reference,unrepresented,K,0,1,99,990,1,1,441,0,4,Reused nonlinear grid error; not a frozen-affine or tracking score
Unrepresented nonlinear change,Known-model reference,unrepresented,K,0,1,100,1000,1,1,441,0,4,Reused nonlinear grid error; not a frozen-affine or tracking score
Unrepresented nonlinear change,Known-model reference,unrepresented,K,0,1,101,1010,1,1,441,0,4,Reused nonlinear grid error; not a frozen-affine or tracking score
Unrepresented nonlinear change,Known-model reference,unrepresented,K,0,1,102,1020,1,1,441,0,4,Reused nonlinear grid error; not a frozen-affine or tracking score
Unrepresented nonlinear change,Known-model reference,unrepresented,K,0,1,103,1030,1,1,441,0,4,Reused nonlinear grid error; not a frozen-affine or tracking score
Unrepresented nonlinear change,Known-model reference,unrepresented,K,0,1,104,1040,1,1,441,0,4,Reused nonlinear grid error; not a frozen-affine or tracking score
Unrepresented nonlinear change,Known-model reference,unrepresented,K,0,1,105,1050,1,1,441,0,4,Reused nonlinear grid error; not a frozen-affine or tracking score
Unrepresented nonlinear change,Known-model reference,unrepresented,K,0,1,106,1060,1,1,441,0,4,Reused nonlinear grid error; not a frozen-affine or tracking score
Unrepresented nonlinear change,Known-model reference,unrepresented,K,0,1,107,1070,1,1,441,0,4,Reused nonlinear grid error; not a frozen-affine or tracking score
Unrepresented nonlinear change,Known-model reference,unrepresented,K,0,1,108,1080,1,1,441,0,4,Reused nonlinear grid error; not a frozen-affine or tracking score
Unrepresented nonlinear change,Known-model reference,unrepresented,K,0,1,109,1090,1,1,441,0,4,Reused nonlinear grid error; not a frozen-affine or tracking score
Unrepresented nonlinear change,Known-model reference,unrepresented,K,0,1,110,1100,1,1,441,0,4,Reused nonlinear grid error; not a frozen-affine or tracking score
Unrepresented nonlinear change,Known-model reference,unrepresented,K,0,1,111,1110,1,1,441,0,4,Reused nonlinear grid error; not a frozen-affine or tracking score
Unrepresented nonlinear change,Known-model reference,unrepresented,K,0,1,112,1120,1,1,441,0,4,Reused nonlinear grid error; not a frozen-affine or tracking score
Unrepresented nonlinear change,Known-model reference,unrepresented,K,0,1,113,1130,1,1,441,0,4,Reused nonlinear grid error; not a frozen-affine or tracking score
Unrepresented nonlinear change,Known-model reference,unrepresented,K,0,1,114,1140,1,1,441,0,4,Reused nonlinear grid error; not a frozen-affine or tracking score
Unrepresented nonlinear change,Known-model reference,unrepresented,K,0,1,115,1150,1,1,441,0,4,Reused nonlinear grid error; not a frozen-affine or tracking score
Unrepresented nonlinear change,Known-model reference,unrepresented,K,0,1,116,1160,1,1,441,0,4,Reused nonlinear grid error; not a frozen-affine or tracking score
Unrepresented nonlinear change,Known-model reference,unrepresented,K,0,1,117,1170,1,1,441,0,4,Reused nonlinear grid error; not a frozen-affine or tracking score
Unrepresented nonlinear change,Known-model reference,unrepresented,K,0,1,118,1180,1,1,441,0,4,Reused nonlinear grid error; not a frozen-affine or tracking score
Unrepresented nonlinear change,Known-model reference,unrepresented,K,0,1,119,1190,1,1,441,0,4,Reused nonlinear grid error; not a frozen-affine or tracking score
