scenario,caseId,caseName,model,mode,trial,noise,coefficientCount,window,windowStart,windowEnd,completed,status,expectedSamples,scoredSamples,trackingRMS,peakTrackingError,inputRMS,meanAbsoluteIncrement,totalInputVariation,incrementSamples,predictionExpected,predictionFinite,predictionTrueRMS,predictionMeasuredRMS,stateMin,stateMax,inputMin,inputMax,outputViolationPeak,outputViolationCount,inputViolationPeak,incrementViolationPeak,identificationAttempted,identificationRejected,lambdaFinite,lambdaMin,lambdaMedian,lambdaMax,lambdaBelowOne,gramFullWindows,gramValidFullWindows,gramInvalidFullWindows,gramRankMin,gramRankMax,gramDeficientWindows,gramDeficientFraction,gramConditionMin,gramConditionMax,covarianceConditionMax,controlRejected,parameterScaledRMSPercent,parameterFinalScaledPercent
abrupt,A_none,"Affine, no forgetting",A,adaptive,0,0,3,whole,0,120,1,complete,1200,1200,0.0777876452505918,0.6,0.429185191526356,0.0081520282315239,9.77428184959716,1199,1200,1200,0.0313948074894176,0.0313948074894176,-0.534768420135315,0.827764724339731,-0.802288716299776,0.751601339412616,0,0,0,0,1199,0,1199,1,1,1,0,1150,1150,0,2,3,695,0.604347826086956,27.3216778887049,Inf,45.4765177447043,0,NaN,NaN
abrupt,A_none,"Affine, no forgetting",A,adaptive,0,0,3,pre,30,40,1,complete,100,100,0.0576321259337956,0.455749794176306,0.519937406917736,0.0124357273567367,1.24357273567367,100,100,100,0.0140755433749863,0.0140755433749863,-0.534768420135315,-0.0442502058236944,-0.649153159046545,0.464411989886397,0,0,0,0,100,0,100,1,1,1,0,100,100,0,2,3,92,0.92,4395.8417068229,Inf,32.6420401642697,0,NaN,NaN
abrupt,A_none,"Affine, no forgetting",A,adaptive,0,0,3,event,50,60,1,complete,100,100,0.12857770536538,0.561469359968769,0.520809548784212,0.0144031373438185,1.44031373438185,100,100,100,0.0606838691055445,0.0606838691055445,0.188530640031231,0.782519130790484,-0.520305611163283,0.672494303096278,0,0,0,0,100,0,100,1,1,1,0,100,100,0,2,3,36,0.36,3894.56238582222,Inf,43.9366651018492,0,NaN,NaN
abrupt,A_none,"Affine, no forgetting",A,adaptive,0,0,3,late,90,100,1,complete,100,100,0.073934331635976,0.351205195446492,0.439264953858243,0.00989831543920012,0.989831543920012,100,100,100,0.0328896443828722,0.0328896443828722,0.248794804553508,0.581049243290658,-0.39719630269927,0.514866278591648,0,0,0,0,100,0,100,1,1,1,0,100,100,0,2,3,92,0.92,11512.9421191623,Inf,44.2833736107981,0,NaN,NaN
abrupt,A_fixed,"Affine, fixed forgetting",A,adaptive,0,0,3,whole,0,120,1,complete,1200,1200,0.066190472374553,0.857565132302199,0.465699108507482,0.00910954738409478,10.9223473135296,1199,1200,1200,0.0138962988168151,0.0138962988168151,-0.544980257733158,0.864477166454969,-0.851419043205778,0.907558655617734,0,0,0,0,1199,0,1199,0.99,0.99,0.99,1199,1150,1150,0,2,3,517,0.449565217391304,25.7595602570568,Inf,565.63299028751,0,NaN,NaN
abrupt,A_fixed,"Affine, fixed forgetting",A,adaptive,0,0,3,pre,30,40,1,complete,100,100,0.0478578213335053,0.416105008588582,0.541529837290578,0.011924716647807,1.19247166478069,100,100,100,0.0059209367442523,0.0059209367442523,-0.544980257733158,-0.0838949914114182,-0.657102097802688,0.423187165585725,0,0,0,0,100,0,100,0.99,0.99,0.99,100,100,100,0,2,3,92,0.92,5436.8087091461,Inf,380.710443087235,0,NaN,NaN
abrupt,A_fixed,"Affine, fixed forgetting",A,adaptive,0,0,3,event,50,60,1,complete,100,100,0.14911953974122,0.857565132302199,0.557904432030507,0.0163145345436147,1.63145345436147,100,100,100,0.0357990653260606,0.0357990653260606,-0.107565132302199,0.751184566982295,-0.846706780261694,0.597256603557827,0,0,0,0,100,0,100,0.99,0.99,0.99,100,100,100,0,2,3,2,0.02,2470.3433380472,Inf,162.532551158897,0,NaN,NaN
abrupt,A_fixed,"Affine, fixed forgetting",A,adaptive,0,0,3,late,90,100,1,complete,100,100,0.0358736096948411,0.321705936690583,0.48964261890942,0.0100260827872352,1.00260827872352,100,100,100,0.00711235738982781,0.00711235738982781,0.278294063309417,0.643039451637729,-0.381267439618931,0.557491087068868,0,0,0,0,100,0,100,0.99,0.99,0.99,100,100,100,0,2,3,92,0.92,10911.2596460513,Inf,553.623243117849,0,NaN,NaN
abrupt,A_vrf,"Affine, variable forgetting",A,adaptive,0,0,3,whole,0,120,1,complete,1200,1200,0.0641541696539924,0.633067432367977,0.459399220326318,0.00885428707841464,10.6162902070192,1199,1200,1200,0.0201259934214737,0.0201259934214737,-0.537587718269442,0.829616804834974,-0.8766057281213,0.802414621797264,0,0,0,0,1199,0,1199,0.954111740511076,1,1,118,1150,1150,0,2,3,594,0.516521739130435,27.3280393479342,Inf,190.16893196523,0,NaN,NaN
abrupt,A_vrf,"Affine, variable forgetting",A,adaptive,0,0,3,pre,30,40,1,complete,100,100,0.0563553949313305,0.453506449985831,0.522984026412683,0.0124517547103354,1.24517547103354,100,100,100,0.0127168035090912,0.0127168035090912,-0.537587718269442,-0.0464935500141689,-0.65259374320166,0.462464483338812,0,0,0,0,100,0,100,1,1,1,0,100,100,0,2,3,92,0.92,4421.32948377012,Inf,36.5591836748326,0,NaN,NaN
abrupt,A_vrf,"Affine, variable forgetting",A,adaptive,0,0,3,event,50,60,1,complete,100,100,0.115779279555934,0.633067432367977,0.54996411216089,0.017207827456116,1.7207827456116,100,100,100,0.0460553815496893,0.0460553815496893,0.116932567632023,0.815372347722278,-0.62660575742722,0.758292403031865,0,0,0,0,100,0,100,0.954111740511076,0.974441075273739,1,65,100,100,0,2,3,2,0.02,1616.56845260055,Inf,100.273958712749,0,NaN,NaN
abrupt,A_vrf,"Affine, variable forgetting",A,adaptive,0,0,3,late,90,100,1,complete,100,100,0.0397721429320922,0.342223590736882,0.482658985081907,0.0102637692227019,1.02637692227019,100,100,100,0.0118355555044707,0.0118355555044707,0.257776409263118,0.636579741634403,-0.406837320151126,0.552073994427644,0,0,0,0,100,0,100,1,1,1,0,100,100,0,2,3,92,0.92,9331.97427092748,Inf,125.700327726545,0,NaN,NaN
abrupt,S_none,"Shared, no forgetting",S,adaptive,0,0,3,whole,0,120,1,complete,1200,1200,0.0783373487719648,0.610579397305078,0.431009991549689,0.00778055144971927,9.32888118821341,1199,1200,1200,0.0311419300015465,0.0311419300015465,-0.571983775450775,0.760777954558671,-0.74809337037237,0.772868171983337,0,0,0,0,1199,0,1199,1,1,1,0,1150,1150,0,1,3,757,0.658260869565217,31.6568365040235,Inf,47.4005382989736,0,4.07785740619684,5.72955630493681
abrupt,S_none,"Shared, no forgetting",S,adaptive,0,0,3,pre,30,40,1,complete,100,100,0.0750375842268308,0.610579397305078,0.547546834575339,0.0147311024058136,1.47311024058136,100,100,100,1.05799908897371e-05,1.05799908897371e-05,-0.571983775450775,0.110579397305078,-0.689711272970107,0.622125471261662,0,0,0,0,100,0,100,1,1,1,0,100,100,0,1,3,93,0.93,2276.33477980566,Inf,31.8178067223835,0,0.00264641961058011,0.00257399716723597
abrupt,S_none,"Shared, no forgetting",S,adaptive,0,0,3,event,50,60,1,complete,100,100,0.147531986358851,0.482051226007464,0.498180407195973,0.0120106288572426,1.20106288572426,100,100,100,0.0732262733115266,0.0732262733115266,0.267948773992536,0.750015675588425,-0.406761396756224,0.600180772438897,0,0,0,0,100,0,100,1,1,1,0,100,100,0,1,3,36,0.36,8332.5950414109,Inf,44.8630571626747,0,6.45184167739106,4.84340670094466
abrupt,S_none,"Shared, no forgetting",S,adaptive,0,0,3,late,90,100,1,complete,100,100,0.0718423892490762,0.30095235381399,0.43783024913779,0.00906292956235576,0.906292956235576,100,100,100,0.0321001075811457,0.0321001075811457,0.29904764618601,0.570898184136784,-0.321810804379186,0.507839103569469,0,0,0,0,100,0,100,1,1,1,0,100,100,0,2,3,92,0.92,21544.7377347411,Inf,45.876671309794,0,5.51922435289541,5.75043448582608
abrupt,S_none,"Shared, no forgetting",S,adaptive,1,1,3,whole,0,120,1,complete,1200,1200,0.0784838314025801,0.6,0.431175979744878,0.0183554835642157,22.0082247934946,1199,1200,1200,0.0324007870430812,0.034176331753999,-0.567290499481721,0.765472568256844,-0.750668903747922,0.771078366925792,0,0,0,0,1199,0,1199,1,1,1,0,1150,1150,0,3,3,0,0,30.4449497928191,128152.896093335,46.9194216365364,0,3.99785319169614,5.47809148851235
abrupt,S_none,"Shared, no forgetting",S,adaptive,1,1,3,pre,30,40,1,complete,100,100,0.0728005071491191,0.593982589388958,0.547219394251214,0.0209037263162244,2.09037263162244,100,100,100,0.00787517646627471,0.012403105865499,-0.567290499481721,0.0939825893889583,-0.685528765162675,0.608416912375553,0,0,0,0,100,0,100,1,1,1,0,100,100,0,3,3,0,0,2076.70656091282,128152.896093335,31.9217919087107,0,0.268909496441222,0.296882337607864
abrupt,S_none,"Shared, no forgetting",S,adaptive,1,1,3,event,50,60,1,complete,100,100,0.147895815905407,0.475183756483506,0.498903285089517,0.0219428537205816,2.19428537205816,100,100,100,0.0742734322552891,0.0746412089499723,0.274816243516494,0.74976387893075,-0.409239230203447,0.59260656153039,0,0,0,0,100,0,100,1,1,1,0,100,100,0,3,3,0,0,3942.77477275693,24228.6088405731,44.8868830414305,0,6.57811727347256,4.90466138781553
abrupt,S_none,"Shared, no forgetting",S,adaptive,1,1,3,late,90,100,1,complete,100,100,0.0716685704185292,0.285178127077733,0.43796688478151,0.0231973095338686,2.31973095338686,100,100,100,0.0336096188789691,0.0350366496234553,0.314821872922267,0.570779861774013,-0.312364265433484,0.521624661999264,0,0,0,0,100,0,100,1,1,1,0,100,100,0,3,3,0,0,6690.77828713605,17905.8507922244,45.492189650834,0,5.32620352367611,5.5349333614233
abrupt,S_none,"Shared, no forgetting",S,adaptive,2,1,3,whole,0,120,1,complete,1200,1200,0.0792029901901428,0.601329121749482,0.430155552229014,0.0178516598947811,21.4041402138425,1199,1200,1200,0.0327511739577063,0.0340665444841494,-0.571892983455559,0.7657302740994,-0.755319207649978,0.784453752654279,0,0,0,0,1199,0,1199,1,1,1,0,1150,1150,0,3,3,0,0,31.2875517709329,127836.207924163,46.5480771092075,0,4.06649708883944,5.63345946618112
abrupt,S_none,"Shared, no forgetting",S,adaptive,2,1,3,pre,30,40,1,complete,100,100,0.0740955061266289,0.601329121749482,0.544490913131214,0.0196120200370734,1.96120200370734,100,100,100,0.00642830283350899,0.00996099806837819,-0.571892983455559,0.101329121749482,-0.678626674921522,0.616805183955886,0,0,0,0,100,0,100,1,1,1,0,100,100,0,3,3,0,0,1977.84546571087,127836.207924163,31.7403624561336,0,0.237930851677188,0.249310939049186
abrupt,S_none,"Shared, no forgetting",S,adaptive,2,1,3,event,50,60,1,complete,100,100,0.150780976866071,0.492681441512477,0.49936130788334,0.023278604439994,2.3278604439994,100,100,100,0.075008938919171,0.0762521540417082,0.257318558487523,0.755221287454095,-0.406031772419493,0.620117560074439,0,0,0,0,100,0,100,1,1,1,0,100,100,0,3,3,0,0,4293.81979118942,44846.6415714245,44.2256690864207,0,6.52467503055694,4.87474148690059
abrupt,S_none,"Shared, no forgetting",S,adaptive,2,1,3,late,90,100,1,complete,100,100,0.0731991532824028,0.300968748034866,0.438469722745427,0.021476490410469,2.1476490410469,100,100,100,0.0339646440255077,0.0342698807349862,0.299031251965134,0.55822634931889,-0.312829063222025,0.531098974095086,0,0,0,0,100,0,100,1,1,1,0,100,100,0,3,3,0,0,8109.47468648836,27404.2877720905,45.1208239868026,0,5.46000109249635,5.69536488441797
abrupt,S_none,"Shared, no forgetting",S,adaptive,3,1,3,whole,0,120,1,complete,1200,1200,0.0785929677478257,0.60848034952418,0.43081884840194,0.0181734263586364,21.789938204005,1199,1200,1200,0.0323699313027936,0.0342218850674553,-0.567165034972188,0.771664460706287,-0.742655200017213,0.775880157708807,0,0,0,0,1199,0,1199,1,1,1,0,1150,1150,0,3,3,0,0,31.4192827317302,104163.491863126,47.3606862782539,0,3.93645457790728,5.27585045724771
abrupt,S_none,"Shared, no forgetting",S,adaptive,3,1,3,pre,30,40,1,complete,100,100,0.074666278307122,0.60848034952418,0.548456874881964,0.0202836144283526,2.02836144283526,100,100,100,0.00745047485400207,0.0117170583592176,-0.567165034972188,0.10848034952418,-0.683972343676591,0.615854785929653,0,0,0,0,100,0,100,1,1,1,0,100,100,0,3,3,0,0,1995.91066223432,104163.491863126,31.9206296119286,0,0.506338523183539,0.536180007028144
abrupt,S_none,"Shared, no forgetting",S,adaptive,3,1,3,event,50,60,1,complete,100,100,0.147902054689259,0.482237525326704,0.49778477100025,0.0244532512532469,2.44532512532469,100,100,100,0.0736484871786855,0.0761935004422901,0.267762474673296,0.762677222623092,-0.400548062667016,0.599295399261797,0,0,0,0,100,0,100,1,1,1,0,100,100,0,3,3,0,0,5793.77944992708,26211.5940842752,44.8630169357852,0,6.71372202455427,4.93711712678877
abrupt,S_none,"Shared, no forgetting",S,adaptive,3,1,3,late,90,100,1,complete,100,100,0.0703893450182852,0.291994511122213,0.43549693257104,0.0235715705221123,2.35715705221123,100,100,100,0.0330286902164353,0.0349143429775202,0.308005488877787,0.562968205693509,-0.306495606283433,0.499475773625476,0,0,0,0,100,0,100,1,1,1,0,100,100,0,3,3,0,0,6654.14864024365,21211.1591155813,45.9524653844223,0,5.13869539350696,5.33702012017955
abrupt,S_none,"Shared, no forgetting",S,adaptive,4,1,3,whole,0,120,1,complete,1200,1200,0.0787904734072934,0.60785459452771,0.431690077344487,0.0182324548571928,21.8607133737742,1199,1200,1200,0.0323776289464798,0.0339729339149479,-0.568971872786236,0.770000392923545,-0.751825917828801,0.780175191881125,0,0,0,0,1199,0,1199,1,1,1,0,1150,1150,0,3,3,0,0,32.7045971718374,81554.6663657235,46.9379724544205,0,4.00743941405866,5.49675885527808
abrupt,S_none,"Shared, no forgetting",S,adaptive,4,1,3,pre,30,40,1,complete,100,100,0.0747706788626704,0.60785459452771,0.549542663388799,0.0211467572330019,2.11467572330019,100,100,100,0.00760443533558334,0.0122147575036323,-0.568971872786236,0.10785459452771,-0.689979883420022,0.613854105683783,0,0,0,0,100,0,100,1,1,1,0,100,100,0,3,3,0,0,2237.23966416276,81554.6663657235,31.8666355237235,0,0.382447455330352,0.36337878897985
abrupt,S_none,"Shared, no forgetting",S,adaptive,4,1,3,event,50,60,1,complete,100,100,0.14786499390682,0.4694679376031,0.497484093784615,0.0239544651019314,2.39544651019314,100,100,100,0.0744706181908669,0.0751987848703241,0.2805320623969,0.748412517473354,-0.401960107740023,0.612453184078229,0,0,0,0,100,0,100,1,1,1,0,100,100,0,3,3,0,0,6067.19321021893,32217.3773994795,44.8161313258793,0,6.64489721976476,4.90528222963871
abrupt,S_none,"Shared, no forgetting",S,adaptive,4,1,3,late,90,100,1,complete,100,100,0.0719106328048449,0.303911910426216,0.436051036782481,0.0211799992078218,2.11799992078218,100,100,100,0.0331730250891316,0.033776732207694,0.296088089573784,0.560245703796536,-0.310935405985628,0.502803463950276,0,0,0,0,100,0,100,1,1,1,0,100,100,0,3,3,0,0,9988.60801740223,22031.1436704277,45.4378569403682,0,5.30414384604845,5.50083206742224
abrupt,S_none,"Shared, no forgetting",S,adaptive,5,1,3,whole,0,120,1,complete,1200,1200,0.0788142259207644,0.611166379661478,0.431449441606641,0.0184744834698284,22.1509056803242,1199,1200,1200,0.0323977635406367,0.0340505818384455,-0.57505226313213,0.77739281323556,-0.748141095581282,0.792276778095251,0,0,0,0,1199,0,1199,1,1,1,0,1150,1150,0,3,3,0,0,31.5532749223684,101082.284314717,46.7431995909457,0,4.08162546343562,5.70947877746805
abrupt,S_none,"Shared, no forgetting",S,adaptive,5,1,3,pre,30,40,1,complete,100,100,0.0758302055181316,0.611166379661478,0.547293782626919,0.0211833382501396,2.11833382501396,100,100,100,0.00793689256810162,0.0125106661634948,-0.57505226313213,0.111166379661478,-0.692813613397097,0.622517056453651,0,0,0,0,100,0,100,1,1,1,0,100,100,0,3,3,0,0,1799.43069448255,101082.284314717,31.9159536949795,0,0.1638637221956,0.17751948418622
abrupt,S_none,"Shared, no forgetting",S,adaptive,5,1,3,event,50,60,1,complete,100,100,0.148031120976436,0.491310372268999,0.498156191205558,0.0236549899285155,2.36549899285155,100,100,100,0.0739325472302809,0.0743504750751066,0.258689627731001,0.748191447782902,-0.410174372142984,0.607968908696074,0,0,0,0,100,0,100,1,1,1,0,100,100,0,3,3,0,0,4057.24724057848,27844.3849375883,44.8268977035541,0,6.38943282046679,4.84634535850689
abrupt,S_none,"Shared, no forgetting",S,adaptive,5,1,3,late,90,100,1,complete,100,100,0.0735197841603097,0.315339558647185,0.439479363443598,0.0218456372561715,2.18456372561715,100,100,100,0.0334735777337542,0.0355006134515762,0.284660441352815,0.579814295414716,-0.330714614624704,0.484818171757658,0,0,0,0,100,0,100,1,1,1,0,100,100,0,3,3,0,0,4647.26658940422,20288.4467267336,45.2810697170499,0,5.55629936446682,5.77110822830939
abrupt,S_none,"Shared, no forgetting",S,adaptive,6,1,3,whole,0,120,1,complete,1200,1200,0.0786477600829052,0.601506357684933,0.430642112860111,0.0178195702063615,21.3656646774274,1199,1200,1200,0.0326245120082319,0.0337931875980529,-0.568665217302602,0.76295603007127,-0.740741557449421,0.773182750504262,0,0,0,0,1199,0,1199,1,1,1,0,1150,1150,0,3,3,0,0,34.3856253583124,96786.5959920079,46.9637117683482,0,3.94192475874211,5.35873923333794
abrupt,S_none,"Shared, no forgetting",S,adaptive,6,1,3,pre,30,40,1,complete,100,100,0.0737018369275785,0.601506357684933,0.549325635056773,0.0212590850915645,2.12590850915645,100,100,100,0.00730252141840288,0.0124311638971222,-0.568665217302602,0.101506357684933,-0.682975949063099,0.619193506400995,0,0,0,0,100,0,100,1,1,1,0,100,100,0,3,3,0,0,1851.61316502018,96786.5959920079,31.6040574953541,0,0.313611778661472,0.289698501503279
abrupt,S_none,"Shared, no forgetting",S,adaptive,6,1,3,event,50,60,1,complete,100,100,0.148991141912768,0.476484975780278,0.49725596003254,0.0217416842998194,2.17416842998194,100,100,100,0.075387376037535,0.0747606116831453,0.273515024219722,0.744175436619727,-0.40236320900346,0.599444450228535,0,0,0,0,100,0,100,1,1,1,0,100,100,0,3,3,0,0,5182.29490187999,25079.2294138323,44.4691780028105,0,6.63607199298461,4.89790060660594
abrupt,S_none,"Shared, no forgetting",S,adaptive,6,1,3,late,90,100,1,complete,100,100,0.0728126182137007,0.291443474506626,0.43655806168155,0.0230826282089899,2.30826282089899,100,100,100,0.0341859478575915,0.0350321018490107,0.308556525493374,0.561559224568521,-0.316319585086922,0.494611333834695,0,0,0,0,100,0,100,1,1,1,0,100,100,0,3,3,0,0,6302.668863502,17947.7956502343,45.6075845597785,0,5.16104711426909,5.38081873425648
abrupt,S_none,"Shared, no forgetting",S,adaptive,7,1,3,whole,0,120,1,complete,1200,1200,0.0783586832014925,0.608717455143913,0.431720397073323,0.0180777875725164,21.6752672994471,1199,1200,1200,0.0323033587305775,0.0337600827032608,-0.579625341326196,0.765467419418617,-0.758243554464176,0.772316008268067,0,0,0,0,1199,0,1199,1,1,1,0,1150,1150,0,3,3,0,0,30.2950221532969,101566.741658878,46.8563365117613,0,4.00787515353043,5.53374679243743
abrupt,S_none,"Shared, no forgetting",S,adaptive,7,1,3,pre,30,40,1,complete,100,100,0.0748590170945005,0.608717455143913,0.548997718730921,0.0214218819949749,2.14218819949749,100,100,100,0.00793689628874125,0.0121424693109,-0.579625341326196,0.108717455143913,-0.692368245745947,0.613275898453648,0,0,0,0,100,0,100,1,1,1,0,100,100,0,3,3,0,0,1785.23948145578,101566.741658878,31.6414345655132,0,0.05533978324309,0.0911660909873855
abrupt,S_none,"Shared, no forgetting",S,adaptive,7,1,3,event,50,60,1,complete,100,100,0.146361105594465,0.471112876455518,0.49708526765222,0.0221130224643439,2.21130224643439,100,100,100,0.073648489066347,0.0738695839761311,0.278887123544482,0.739509213371461,-0.404421332383277,0.593323679811827,0,0,0,0,100,0,100,1,1,1,0,100,100,0,3,3,0,0,5007.71207066259,25275.1780837631,44.8331211276395,0,6.51899883181188,4.86147851512986
abrupt,S_none,"Shared, no forgetting",S,adaptive,7,1,3,late,90,100,1,complete,100,100,0.0725688080960159,0.3056913068126,0.438009178192667,0.0229497778283424,2.29497778283424,100,100,100,0.033088415707663,0.0351088953125001,0.2943086931874,0.570472252843902,-0.316683978248023,0.506629231574662,0,0,0,0,100,0,100,1,1,1,0,100,100,0,3,3,0,0,7737.15032069803,19715.3644290639,45.4373395804955,0,5.38001729184959,5.61283101068589
abrupt,S_none,"Shared, no forgetting",S,adaptive,8,1,3,whole,0,120,1,complete,1200,1200,0.0793480112547906,0.632142928772655,0.431216289878965,0.0181677461471274,21.7831276304057,1199,1200,1200,0.0326783498410787,0.0340781566446469,-0.576913911913666,0.773261534217407,-0.750379564129403,0.781486818288109,0,0,0,0,1199,0,1199,1,1,1,0,1150,1150,0,3,3,0,0,30.62108673023,84923.0997372634,46.5877230310331,0,4.03021481900495,5.56989021264115
abrupt,S_none,"Shared, no forgetting",S,adaptive,8,1,3,pre,30,40,1,complete,100,100,0.0781426041594259,0.632142928772655,0.546737870594359,0.0210063200636049,2.10063200636049,100,100,100,0.00703593901395928,0.0125342022887759,-0.576913911913666,0.132142928772655,-0.689658968995382,0.627162081290753,0,0,0,0,100,0,100,1,1,1,0,100,100,0,3,3,0,0,1268.14491656879,84923.0997372634,31.5848754430971,0,0.0593409014651461,0.119680786377218
abrupt,S_none,"Shared, no forgetting",S,adaptive,8,1,3,event,50,60,1,complete,100,100,0.148675231717271,0.488031636639426,0.498192737644562,0.0217278609340355,2.17278609340355,100,100,100,0.0744308968691193,0.0746034608916245,0.261968363360574,0.736651765739471,-0.402649723936272,0.594759824351927,0,0,0,0,100,0,100,1,1,1,0,100,100,0,3,3,0,0,5205.06757389513,23468.5051732131,44.571213004225,0,6.55122865896601,4.91256295260866
abrupt,S_none,"Shared, no forgetting",S,adaptive,8,1,3,late,90,100,1,complete,100,100,0.0714015911712522,0.296519550119527,0.438977930108344,0.0225760569143115,2.25760569143115,100,100,100,0.0325896146440573,0.0349301756679212,0.303480449880473,0.578367772959338,-0.319787465540573,0.496367601963834,0,0,0,0,100,0,100,1,1,1,0,100,100,0,3,3,0,0,5720.31470929283,21312.3497333505,45.1664827910958,0,5.41200503132777,5.63280939810298
abrupt,S_none,"Shared, no forgetting",S,adaptive,9,1,3,whole,0,120,1,complete,1200,1200,0.0786069915760004,0.6,0.431182468434044,0.0183216541736211,21.9676633541716,1199,1200,1200,0.0323732727766015,0.0339101533405606,-0.569913135056037,0.767584290592629,-0.756602497316709,0.776852510084388,0,0,0,0,1199,0,1199,1,1,1,0,1150,1150,0,3,3,0,0,29.5482132623289,114899.568074968,46.8126810056072,0,3.969581213236,5.45985250696145
abrupt,S_none,"Shared, no forgetting",S,adaptive,9,1,3,pre,30,40,1,complete,100,100,0.0737235199245834,0.597662511733092,0.546971849720679,0.0211503777047041,2.11503777047041,100,100,100,0.00696367230361347,0.0132313661239155,-0.569913135056037,0.0976625117330924,-0.698987856312363,0.620088629982781,0,0,0,0,100,0,100,1,1,1,0,100,100,0,3,3,0,0,1886.13423539257,114899.568074968,31.5055989479726,0,0.0830048173476746,0.0629324068769552
abrupt,S_none,"Shared, no forgetting",S,adaptive,9,1,3,event,50,60,1,complete,100,100,0.14658844446949,0.484658340071289,0.498891349269819,0.0221583776354576,2.21583776354576,100,100,100,0.0727741538352854,0.0741532440225292,0.265341659928711,0.751368867008693,-0.404813435031181,0.605375540595989,0,0,0,0,100,0,100,1,1,1,0,100,100,0,3,3,0,0,5568.25472713493,35158.1484361732,44.3987176438659,0,6.50858084355332,4.88261029368054
abrupt,S_none,"Shared, no forgetting",S,adaptive,9,1,3,late,90,100,1,complete,100,100,0.0724255910672236,0.285853490179085,0.439345392154388,0.023019190633295,2.3019190633295,100,100,100,0.0333511660865599,0.0352765983739708,0.314146509820915,0.566363065768611,-0.312305771722203,0.496980538390571,0,0,0,0,100,0,100,1,1,1,0,100,100,0,3,3,0,0,11325.3747925184,18775.206306637,45.463995141002,0,5.27513028722043,5.50767828459881
abrupt,S_none,"Shared, no forgetting",S,adaptive,10,1,3,whole,0,120,1,complete,1200,1200,0.0788527361038807,0.616163758016226,0.430120275455233,0.0182487003223087,21.8801916864481,1199,1200,1200,0.032381465171838,0.0342832024354808,-0.560373525290657,0.765833758327831,-0.728390149670838,0.768341494899959,0,0,0,0,1199,0,1199,1,1,1,0,1150,1150,0,3,3,0,0,31.635100961296,81950.7405801817,46.3128971742816,0,4.03730633260867,5.58575476128563
abrupt,S_none,"Shared, no forgetting",S,adaptive,10,1,3,pre,30,40,1,complete,100,100,0.0748834236522212,0.616163758016226,0.545646342059655,0.0209470703748244,2.09470703748244,100,100,100,0.00783858985402958,0.0126013840433738,-0.560373525290657,0.116163758016226,-0.685437868230216,0.626484098592711,0,0,0,0,100,0,100,1,1,1,0,100,100,0,3,3,0,0,1905.14612707509,81950.7405801817,31.3541522112993,0,0.173312665353899,0.193455364949351
abrupt,S_none,"Shared, no forgetting",S,adaptive,10,1,3,event,50,60,1,complete,100,100,0.148533963081787,0.479417485323196,0.498894319206631,0.0205100954048806,2.05100954048806,100,100,100,0.0736751820673712,0.0752575410147819,0.270582514676804,0.734215969005692,-0.408086573775525,0.605528490893071,0,0,0,0,100,0,100,1,1,1,0,100,100,0,3,3,0,0,5070.89011103835,40718.122982631,43.9104392156528,0,6.5151216415152,4.88729565273103
abrupt,S_none,"Shared, no forgetting",S,adaptive,10,1,3,late,90,100,1,complete,100,100,0.0724232161995831,0.300337371389747,0.438199039790482,0.0241063940188048,2.41063940188048,100,100,100,0.0336514802945178,0.0357080535567949,0.299662628610253,0.562857792002091,-0.314425661726232,0.491235764418395,0,0,0,0,100,0,100,1,1,1,0,100,100,0,3,3,0,0,7641.3511961642,16756.9006562977,44.8339714160877,0,5.41088771791077,5.62150697966068
abrupt,S_none,"Shared, no forgetting",S,adaptive,11,1,3,whole,0,120,1,complete,1200,1200,0.0788022780512926,0.606596025475666,0.430614181587892,0.0183011090365828,21.9430297348628,1199,1200,1200,0.0327831315758601,0.0338830061445392,-0.572525295388818,0.767347797855388,-0.754946847906828,0.784680341249178,0,0,0,0,1199,0,1199,1,1,1,0,1150,1150,0,3,3,0,0,31.0524411826584,94775.8579976418,46.6303892528622,0,3.97049847397112,5.45681674350122
abrupt,S_none,"Shared, no forgetting",S,adaptive,11,1,3,pre,30,40,1,complete,100,100,0.0748549941372653,0.606596025475666,0.547596257700988,0.0206124634887248,2.06124634887248,100,100,100,0.00663169553190727,0.0114480337730991,-0.572525295388818,0.106596025475667,-0.691245279384909,0.621846454366975,0,0,0,0,100,0,100,1,1,1,0,100,100,0,3,3,0,0,1618.00623908332,94775.8579976418,31.355281952622,0,0.0212429558749349,0.0195966108370599
abrupt,S_none,"Shared, no forgetting",S,adaptive,11,1,3,event,50,60,1,complete,100,100,0.14771901262944,0.469377863706138,0.496963341760285,0.0226130909692231,2.26130909692231,100,100,100,0.0747750442297195,0.0739782583395904,0.280622136293862,0.746179589113678,-0.402250533530612,0.595315125420646,0,0,0,0,100,0,100,1,1,1,0,100,100,0,3,3,0,0,5398.1440558297,30209.7615968221,44.256245075228,0,6.49665520065321,4.89438683240768
abrupt,S_none,"Shared, no forgetting",S,adaptive,11,1,3,late,90,100,1,complete,100,100,0.0727866206272794,0.29858701025695,0.438122166292647,0.0261849485714644,2.61849485714644,100,100,100,0.0339848465318233,0.0366700707844502,0.30141298974305,0.568828643990793,-0.320574485778295,0.505307029783545,0,0,0,0,100,0,100,1,1,1,0,100,100,0,3,3,0,0,7291.88920924502,18237.5882915766,45.1683476246813,0,5.27920376086614,5.51542192064061
abrupt,S_none,"Shared, no forgetting",S,adaptive,12,1,3,whole,0,120,1,complete,1200,1200,0.0788737457914883,0.6,0.430581756328339,0.0176363291867834,21.1459586949533,1199,1200,1200,0.0326626544272437,0.0339771618038257,-0.566990940510106,0.774927279200442,-0.747659071575061,0.773037535413089,0,0,0,0,1199,0,1199,1,1,1,0,1150,1150,0,3,3,0,0,31.4139598610701,82453.5158349363,47.3655922861655,0,3.94489919797506,5.30328167518772
abrupt,S_none,"Shared, no forgetting",S,adaptive,12,1,3,pre,30,40,1,complete,100,100,0.0732880174473518,0.593456500730341,0.547620820582905,0.0204272385919135,2.04272385919135,100,100,100,0.00810173758126205,0.0123830377941658,-0.566990940510106,0.0934565007303412,-0.685310461032585,0.607580165228215,0,0,0,0,100,0,100,1,1,1,0,100,100,0,3,3,0,0,1657.79780333528,82453.5158349363,31.7820093428851,0,0.48163494380211,0.495807763736367
abrupt,S_none,"Shared, no forgetting",S,adaptive,12,1,3,event,50,60,1,complete,100,100,0.147947915057281,0.480092267114112,0.498200851691423,0.0228293498223982,2.28293498223982,100,100,100,0.0739111748705105,0.0755626409030201,0.269907732885888,0.744655424526244,-0.402929101229919,0.585677784271683,0,0,0,0,100,0,100,1,1,1,0,100,100,0,3,3,0,0,5239.33641165225,27800.7615123204,44.7731798851249,0,6.71304438646634,4.97466984954061
abrupt,S_none,"Shared, no forgetting",S,adaptive,12,1,3,late,90,100,1,complete,100,100,0.0713743646779911,0.290304526132782,0.437856755957216,0.0220554694472118,2.20554694472118,100,100,100,0.0324020108991339,0.0348238761021959,0.309695473867218,0.572301282170408,-0.310758390353485,0.519486616154855,0,0,0,0,100,0,100,1,1,1,0,100,100,0,3,3,0,0,9617.35135377218,22669.0334897104,45.9047312013547,0,5.14679177542518,5.37607385750214
abrupt,S_none,"Shared, no forgetting",S,adaptive,13,1,3,whole,0,120,1,complete,1200,1200,0.0789962734067459,0.621116882468066,0.43127221215134,0.0183213706354977,21.9673233919617,1199,1200,1200,0.0326174141965006,0.0341676863720809,-0.573493329291812,0.769060349421962,-0.751343181772865,0.785868949856311,0,0,0,0,1199,0,1199,1,1,1,0,1150,1150,0,3,3,0,0,30.4771805511976,109012.850993914,46.8117577637876,0,3.95487332715031,5.3696204868138
abrupt,S_none,"Shared, no forgetting",S,adaptive,13,1,3,pre,30,40,1,complete,100,100,0.0764993078743012,0.621116882468066,0.548572398183487,0.0205633387025895,2.05633387025895,100,100,100,0.00657651889515609,0.0111064428802567,-0.573493329291812,0.121116882468066,-0.691837068875493,0.622669554387816,0,0,0,0,100,0,100,1,1,1,0,100,100,0,3,3,0,0,1511.70901105635,109012.850993914,31.547315664281,0,0.290979151848249,0.319377143448776
abrupt,S_none,"Shared, no forgetting",S,adaptive,13,1,3,event,50,60,1,complete,100,100,0.148133894556546,0.485844340863221,0.497752208070063,0.0214349707217571,2.14349707217571,100,100,100,0.0736532332460033,0.0749434959146737,0.264155659136779,0.741095643670903,-0.400451791551415,0.584413896887284,0,0,0,0,100,0,100,1,1,1,0,100,100,0,3,3,0,0,5977.84921881008,44683.7078037737,44.5325865391929,0,6.63740357348807,4.92684284852361
abrupt,S_none,"Shared, no forgetting",S,adaptive,13,1,3,late,90,100,1,complete,100,100,0.0728902983667784,0.295796770022583,0.437864307870485,0.0254778173962112,2.54778173962112,100,100,100,0.0344811253644529,0.0364464719732549,0.304203229977417,0.577194540539867,-0.310525439304655,0.514700727562474,0,0,0,0,100,0,100,1,1,1,0,100,100,0,3,3,0,0,8103.45933417566,15620.7398585581,45.345645104831,0,5.21192643525482,5.44636740998145
abrupt,S_none,"Shared, no forgetting",S,adaptive,14,1,3,whole,0,120,1,complete,1200,1200,0.0787342603525962,0.602899670524771,0.430446492316116,0.0179721209547767,21.5485730247773,1199,1200,1200,0.0323992193283574,0.034202938998948,-0.575291451117701,0.768595698207822,-0.739251709327081,0.764414480702441,0,0,0,0,1199,0,1199,1,1,1,0,1150,1150,0,3,3,0,0,31.6341635932769,81390.6699324755,46.7539507529849,0,3.96059450367918,5.36104780818074
abrupt,S_none,"Shared, no forgetting",S,adaptive,14,1,3,pre,30,40,1,complete,100,100,0.0746968282623288,0.602899670524771,0.54647084090763,0.0218567486492342,2.18567486492342,100,100,100,0.00762384911462655,0.0135025933292622,-0.575291451117701,0.102899670524771,-0.682042914178011,0.621774893374204,0,0,0,0,100,0,100,1,1,1,0,100,100,0,3,3,0,0,1540.48826842385,66972.4652002167,31.3574358225195,0,0.303379159977738,0.325526319836951
abrupt,S_none,"Shared, no forgetting",S,adaptive,14,1,3,event,50,60,1,complete,100,100,0.147658548320335,0.482774785858926,0.497297745809649,0.0234771509214764,2.34771509214764,100,100,100,0.0740220961459635,0.0749207530435552,0.267225214141074,0.758151670983374,-0.402544008033918,0.605247914161607,0,0,0,0,100,0,100,1,1,1,0,100,100,0,3,3,0,0,5570.78123857854,24222.9045820798,44.3085205803479,0,6.7139215472312,4.98535536162298
abrupt,S_none,"Shared, no forgetting",S,adaptive,14,1,3,late,90,100,1,complete,100,100,0.0717778755103685,0.293343634362908,0.437937445711472,0.0212214718234737,2.12214718234737,100,100,100,0.032481810278782,0.0350039871680238,0.306656365637092,0.562095766689442,-0.309866343837641,0.507168678592204,0,0,0,0,100,0,100,1,1,1,0,100,100,0,3,3,0,0,10230.5744394926,22348.7305509429,45.2501550821701,0,5.17786670612225,5.42341316897884
abrupt,S_none,"Shared, no forgetting",S,adaptive,15,1,3,whole,0,120,1,complete,1200,1200,0.0782613459919254,0.608716982286032,0.43116833617125,0.0178422826792084,21.3928969323709,1199,1200,1200,0.0318343488046251,0.0339669635403801,-0.569637762187389,0.761810125161685,-0.751108227903652,0.786740433644881,0,0,0,0,1199,0,1199,1,1,1,0,1150,1150,0,3,3,0,0,31.0954918831097,101258.738115539,47.0401635995422,0,3.96293914589438,5.40521232137395
abrupt,S_none,"Shared, no forgetting",S,adaptive,15,1,3,pre,30,40,1,complete,100,100,0.0746584416274354,0.608716982286032,0.547377839684599,0.0202782555633647,2.02782555633647,100,100,100,0.00753317128035943,0.0111038548780397,-0.569637762187389,0.108716982286032,-0.689326781105045,0.629195191227255,0,0,0,0,100,0,100,1,1,1,0,100,100,0,3,3,0,0,1621.48565156578,101258.738115539,31.6376461576015,0,0.265678212669958,0.246210134640127
abrupt,S_none,"Shared, no forgetting",S,adaptive,15,1,3,event,50,60,1,complete,100,100,0.147154996816665,0.494851678333867,0.498647933162032,0.0210609393525448,2.10609393525448,100,100,100,0.0722974545559093,0.074948287132733,0.255148321666133,0.754860289325769,-0.405586297384021,0.578511364984799,0,0,0,0,100,0,100,1,1,1,0,100,100,0,3,3,0,0,6494.87414735647,37170.4525291446,44.5226986429909,0,6.53920788706079,4.90616326574442
abrupt,S_none,"Shared, no forgetting",S,adaptive,15,1,3,late,90,100,1,complete,100,100,0.0702651034998809,0.296261739015264,0.436532034318094,0.0236253213678474,2.36253213678474,100,100,100,0.0323951845926833,0.0350551081750492,0.303738260984735,0.565048272084973,-0.312845328186308,0.493055141477398,0,0,0,0,100,0,100,1,1,1,0,100,100,0,3,3,0,0,7757.77320474904,29407.4108661427,45.5752024897396,0,5.25361969690974,5.4603110612982
abrupt,S_none,"Shared, no forgetting",S,adaptive,16,1,3,whole,0,120,1,complete,1200,1200,0.078393374686809,0.6,0.430071045210212,0.0181844594697992,21.8031669042892,1199,1200,1200,0.032603640722837,0.0336610283777346,-0.574924795343518,0.773516369737448,-0.751038593446877,0.795099215273693,0,0,0,0,1199,0,1199,1,1,1,0,1150,1150,0,3,3,0,0,31.5800274032073,88685.739802488,46.5834826099502,0,3.95915745592226,5.40416912905011
abrupt,S_none,"Shared, no forgetting",S,adaptive,16,1,3,pre,30,40,1,complete,100,100,0.074143352219071,0.596349759884517,0.546694199664402,0.0209795495425321,2.09795495425321,100,100,100,0.00833774110795044,0.0131356714109141,-0.574924795343518,0.0963497598845172,-0.691427362531815,0.614136659139018,0,0,0,0,100,0,100,1,1,1,0,100,100,0,3,3,0,0,1821.75033911844,88685.739802488,31.1847731207636,0,0.08108310657592,0.112143851552473
abrupt,S_none,"Shared, no forgetting",S,adaptive,16,1,3,event,50,60,1,complete,100,100,0.146903174701839,0.482410172328942,0.49784871096261,0.0218548285088256,2.18548285088256,100,100,100,0.0731766843720417,0.0741361195310272,0.267589827671058,0.74482688761294,-0.405208940730481,0.608979117212181,0,0,0,0,100,0,100,1,1,1,0,100,100,0,3,3,0,0,6754.24525066943,25299.700673995,43.9930141272663,0,6.47784678040952,4.88346612207275
abrupt,S_none,"Shared, no forgetting",S,adaptive,16,1,3,late,90,100,1,complete,100,100,0.0717363049498555,0.292840536220848,0.436870279564633,0.0203340955349627,2.03340955349627,100,100,100,0.0334878466304095,0.0337017455204836,0.307159463779151,0.577406562314981,-0.319603677147304,0.5161781670942,0,0,0,0,100,0,100,1,1,1,0,100,100,0,3,3,0,0,9111.15331859255,24655.1631360267,45.1749835952641,0,5.27570181590722,5.46900866473692
abrupt,S_none,"Shared, no forgetting",S,adaptive,17,1,3,whole,0,120,1,complete,1200,1200,0.0790185735548704,0.604118049638929,0.431985502565061,0.0178683044463937,21.424097031226,1199,1200,1200,0.0325777641623942,0.033950876782604,-0.566718658408665,0.767025453121703,-0.756317611308296,0.77096140058076,0,0,0,0,1199,0,1199,1,1,1,0,1150,1150,0,3,3,0,0,31.5130049031565,92848.3876935169,46.5724216890084,0,4.01655825243775,5.60475742447295
abrupt,S_none,"Shared, no forgetting",S,adaptive,17,1,3,pre,30,40,1,complete,100,100,0.0745838750329688,0.604118049638929,0.549872155836791,0.0206776081148166,2.06776081148166,100,100,100,0.00770247735297002,0.0118913709636512,-0.566718658408665,0.104118049638929,-0.676527001757327,0.623731725769975,0,0,0,0,100,0,100,1,1,1,0,100,100,0,3,3,0,0,1969.50817274977,92848.3876935169,31.5897879335423,0,0.0580233861241825,0.0368560363702813
abrupt,S_none,"Shared, no forgetting",S,adaptive,17,1,3,event,50,60,1,complete,100,100,0.14949136501391,0.481079400544806,0.49979845325004,0.0233299885959581,2.33299885959581,100,100,100,0.0745435535072122,0.0758687649004403,0.268920599455194,0.753304365976193,-0.408673699565302,0.614520657607767,0,0,0,0,100,0,100,1,1,1,0,100,100,0,3,3,0,0,5805.58976654594,44973.1800471138,44.0629815470661,0,6.40385331424006,4.7803382402543
abrupt,S_none,"Shared, no forgetting",S,adaptive,17,1,3,late,90,100,1,complete,100,100,0.074146979760846,0.303579168188659,0.440656774221026,0.021157456176787,2.1157456176787,100,100,100,0.0337834973560146,0.036094830504385,0.296420831811341,0.565453232781878,-0.312220452797225,0.509661671097614,0,0,0,0,100,0,100,1,1,1,0,100,100,0,3,3,0,0,8606.96400014099,24988.8511246932,45.0661994564464,0,5.40661299863441,5.66692024461046
abrupt,S_none,"Shared, no forgetting",S,adaptive,18,1,3,whole,0,120,1,complete,1200,1200,0.078822421172052,0.621123423921337,0.42989411477738,0.0184129824188767,22.0771659202332,1199,1200,1200,0.0324411413097952,0.0341299855116145,-0.567675252462052,0.773182921275877,-0.743706579207479,0.767503196758186,0,0,0,0,1199,0,1199,1,1,1,0,1150,1150,0,3,3,0,0,31.6882210557612,96619.8101615117,46.5099776554254,0,4.01592375027673,5.50856582369215
abrupt,S_none,"Shared, no forgetting",S,adaptive,18,1,3,pre,30,40,1,complete,100,100,0.076654116638994,0.621123423921337,0.545606841172481,0.0204132351686681,2.04132351686681,100,100,100,0.00751327926085363,0.0119156917644548,-0.567675252462052,0.121123423921337,-0.680561905300082,0.632573348458338,0,0,0,0,100,0,100,1,1,1,0,100,100,0,3,3,0,0,1638.35471564589,96619.8101615117,31.4518491808616,0,0.0637761491245783,0.0535966761825963
abrupt,S_none,"Shared, no forgetting",S,adaptive,18,1,3,event,50,60,1,complete,100,100,0.147300742323708,0.47746623241185,0.49715760901431,0.0237541202844267,2.37541202844267,100,100,100,0.0739159353079712,0.0744895256963951,0.27253376758815,0.744259777040694,-0.407048956077753,0.612104054285294,0,0,0,0,100,0,100,1,1,1,0,100,100,0,3,3,0,0,4761.42013728181,21901.88318479,44.3564486441597,0,6.55814806231929,4.92400605611666
abrupt,S_none,"Shared, no forgetting",S,adaptive,18,1,3,late,90,100,1,complete,100,100,0.0718936347210006,0.306345134570437,0.437392542860484,0.0244392233829887,2.44392233829887,100,100,100,0.0330901129919137,0.0355536063565829,0.293654865429563,0.579020866559307,-0.323778397008717,0.522404285510049,0,0,0,0,100,0,100,1,1,1,0,100,100,0,3,3,0,0,5018.76621215372,17815.9061020582,45.0965708642919,0,5.36916221353198,5.59381016639985
abrupt,S_none,"Shared, no forgetting",S,adaptive,19,1,3,whole,0,120,1,complete,1200,1200,0.0790140881794551,0.611791102316394,0.430775959249659,0.0183690449299088,22.0244848709606,1199,1200,1200,0.0325955535782638,0.0339574036694089,-0.579252476304483,0.763941363204802,-0.745566251547206,0.766876675569889,0,0,0,0,1199,0,1199,1,1,1,0,1150,1150,0,3,3,0,0,31.0686745770058,129176.571751651,46.2126218470556,0,4.00889330976211,5.50966579932993
abrupt,S_none,"Shared, no forgetting",S,adaptive,19,1,3,pre,30,40,1,complete,100,100,0.0749457217500659,0.611791102316394,0.547965327906101,0.0203362385679148,2.03362385679148,100,100,100,0.00683902266531958,0.0107244016893494,-0.579252476304483,0.111791102316394,-0.691660294368346,0.628941465706108,0,0,0,0,100,0,100,1,1,1,0,100,100,0,3,3,0,0,1754.14153254356,129176.571751651,31.1708503863978,0,0.0502853315654119,0.0506331134859835
abrupt,S_none,"Shared, no forgetting",S,adaptive,19,1,3,event,50,60,1,complete,100,100,0.148398066138528,0.47966767739295,0.49727524180075,0.0223318972644185,2.23318972644185,100,100,100,0.0748813180745166,0.0741859049597029,0.27033232260705,0.75444735688811,-0.405570802021483,0.607177620070292,0,0,0,0,100,0,100,1,1,1,0,100,100,0,3,3,0,0,5836.64682221683,19972.581485988,43.8993567578805,0,6.55315466887637,4.901845454029
abrupt,S_none,"Shared, no forgetting",S,adaptive,19,1,3,late,90,100,1,complete,100,100,0.0735111960218571,0.300714807102227,0.437552296876617,0.0243189066379666,2.43189066379666,100,100,100,0.0348844321430382,0.0357557812716011,0.299285192897773,0.579812478564059,-0.313177003731168,0.517638580721353,0,0,0,0,100,0,100,1,1,1,0,100,100,0,3,3,0,0,5526.83766086363,18700.9940732368,44.7937829019084,0,5.35177081396412,5.56565127458753
abrupt,S_none,"Shared, no forgetting",S,adaptive,20,1,3,whole,0,120,1,complete,1200,1200,0.0786229208985344,0.607031322328011,0.431586327388092,0.0180880744557451,21.6876012724384,1199,1200,1200,0.0326063100847868,0.0340049948038287,-0.564673561813437,0.764272836745959,-0.752534388835259,0.787572515714966,0,0,0,0,1199,0,1199,1,1,1,0,1150,1150,0,3,3,0,0,30.6802000414515,76183.5144813799,47.12176727446,0,3.96182597205818,5.38671149622665
abrupt,S_none,"Shared, no forgetting",S,adaptive,20,1,3,pre,30,40,1,complete,100,100,0.0747063629539922,0.607031322328011,0.548809854427942,0.0210759474469312,2.10759474469312,100,100,100,0.00726056724093101,0.0125426906090356,-0.564673561813437,0.107031322328011,-0.686222709128702,0.611016289942897,0,0,0,0,100,0,100,1,1,1,0,100,100,0,3,3,0,0,2354.23859446137,76183.5144813799,31.864679705973,0,0.346022337154104,0.365397968028867
abrupt,S_none,"Shared, no forgetting",S,adaptive,20,1,3,event,50,60,1,complete,100,100,0.148590322179141,0.492907069430493,0.49737046701768,0.0223012202844339,2.23012202844339,100,100,100,0.0740707155398162,0.0749328251049785,0.257092930569507,0.750162784566943,-0.39988738090611,0.578768743685127,0,0,0,0,100,0,100,1,1,1,0,100,100,0,3,3,0,0,7172.6011464617,25978.3234576104,44.9544326073107,0,6.6084447659329,4.92258715272692
abrupt,S_none,"Shared, no forgetting",S,adaptive,20,1,3,late,90,100,1,complete,100,100,0.0740044846941511,0.317595327216978,0.437697772602546,0.0236568720368695,2.36568720368695,100,100,100,0.0347235604486394,0.0353469792927562,0.282404672783022,0.57513956104012,-0.320865238110981,0.518208564662505,0,0,0,0,100,0,100,1,1,1,0,100,100,0,3,3,0,0,8939.91791580567,18736.5749107735,45.7234384981023,0,5.24900950404488,5.46581724351019
abrupt,S_none,"Shared, no forgetting",S,adaptive,21,1,3,whole,0,120,1,complete,1200,1200,0.0784242084819644,0.600030637632029,0.431527620651082,0.0185070959485359,22.1900080422945,1199,1200,1200,0.0323482695983589,0.0340945865011076,-0.573039407541535,0.772795440119402,-0.75825365735847,0.782973218348574,0,0,0,0,1199,0,1199,1,1,1,0,1150,1150,0,3,3,0,0,30.462049058292,99050.7285584139,46.6113735259878,0,3.98879684749527,5.50792878214666
abrupt,S_none,"Shared, no forgetting",S,adaptive,21,1,3,pre,30,40,1,complete,100,100,0.0737386569034123,0.600030637632029,0.548045950598468,0.0215038057711755,2.15038057711755,100,100,100,0.00764659424304761,0.0128832500461208,-0.573039407541535,0.100030637632029,-0.69210834318836,0.619907998964856,0,0,0,0,100,0,100,1,1,1,0,100,100,0,3,3,0,0,1600.94292107395,72140.5570806082,31.4026357645186,0,0.0448962871145297,0.0355198432526073
abrupt,S_none,"Shared, no forgetting",S,adaptive,21,1,3,event,50,60,1,complete,100,100,0.14840300458623,0.48139894547851,0.498978816209073,0.0232641277206051,2.32641277206051,100,100,100,0.0743856916627914,0.0752429411435337,0.26860105452149,0.750554432896811,-0.406854565085848,0.579746725603865,0,0,0,0,100,0,100,1,1,1,0,100,100,0,3,3,0,0,5355.96840400578,30023.6336033767,44.2196816488648,0,6.4428975978998,4.84173298338303
abrupt,S_none,"Shared, no forgetting",S,adaptive,21,1,3,late,90,100,1,complete,100,100,0.0722802458397705,0.295317462827915,0.437856715175379,0.0250596807983576,2.50596807983576,100,100,100,0.034319830919882,0.035507531432896,0.304682537172085,0.579131180267509,-0.322570913842493,0.507581014218212,0,0,0,0,100,0,100,1,1,1,0,100,100,0,3,3,0,0,7362.64154466991,18564.3612456875,45.2513080395934,0,5.35083566904695,5.56989015141875
abrupt,S_none,"Shared, no forgetting",S,adaptive,22,1,3,whole,0,120,1,complete,1200,1200,0.0789009656421879,0.618571897411212,0.431136372746462,0.0187635823026058,22.4975351808244,1199,1200,1200,0.0323200965116642,0.034395786310492,-0.576885385620202,0.769777572590296,-0.748936427492538,0.760475875301494,0,0,0,0,1199,0,1199,1,1,1,0,1150,1150,0,3,3,0,0,32.228260057348,95264.9856506166,46.7593416678607,0,4.0382300173168,5.58503052772696
abrupt,S_none,"Shared, no forgetting",S,adaptive,22,1,3,pre,30,40,1,complete,100,100,0.0760715051685914,0.618571897411212,0.546213420098398,0.0206271994880278,2.06271994880278,100,100,100,0.00757558849423419,0.0111918655009082,-0.576885385620202,0.118571897411212,-0.688188030601872,0.627942776858764,0,0,0,0,100,0,100,1,1,1,0,100,100,0,3,3,0,0,1875.30678835312,81144.828701251,31.6384234484892,0,0.0820473969351644,0.101708934627286
abrupt,S_none,"Shared, no forgetting",S,adaptive,22,1,3,event,50,60,1,complete,100,100,0.148140838776794,0.491158391287675,0.499017984010043,0.0230106441496965,2.30106441496965,100,100,100,0.0732290661284013,0.0750595050794831,0.258841608712325,0.748871248633238,-0.404782452015586,0.594143125981244,0,0,0,0,100,0,100,1,1,1,0,100,100,0,3,3,0,0,5621.67535081042,27587.6244082427,44.4734965450356,0,6.50736112866507,4.86667211260652
abrupt,S_none,"Shared, no forgetting",S,adaptive,22,1,3,late,90,100,1,complete,100,100,0.0726631655626269,0.30081242126007,0.438252819652571,0.0262781924107851,2.62781924107851,100,100,100,0.0346728829380346,0.0361219077522149,0.29918757873993,0.555776292390936,-0.314691496201036,0.486011769527005,0,0,0,0,100,0,100,1,1,1,0,100,100,0,3,3,0,0,7020.96373088146,18659.2558924854,45.2573097863328,0,5.43904570144623,5.6698766977379
abrupt,S_none,"Shared, no forgetting",S,adaptive,23,1,3,whole,0,120,1,complete,1200,1200,0.0789836821216175,0.603321273913727,0.430454371264148,0.0184230000871898,22.0891771045406,1199,1200,1200,0.0329391119739842,0.0339434145949617,-0.581984271444403,0.771590448107994,-0.751973745171889,0.775877784339555,0,0,0,0,1199,0,1199,1,1,1,0,1150,1150,0,3,3,0,0,29.9831489717121,92556.0522062389,46.8610217921552,0,3.93385691717317,5.35261767575179
abrupt,S_none,"Shared, no forgetting",S,adaptive,23,1,3,pre,30,40,1,complete,100,100,0.0747841305762503,0.603321273913727,0.547483379585482,0.0210439499222038,2.10439499222038,100,100,100,0.0076243760513297,0.0121245119585257,-0.581984271444403,0.103321273913727,-0.693599093424131,0.619616112264126,0,0,0,0,100,0,100,1,1,1,0,100,100,0,3,3,0,0,1759.88428112503,85722.980719775,31.3480216874042,0,0.103393496626805,0.094453602741437
abrupt,S_none,"Shared, no forgetting",S,adaptive,23,1,3,event,50,60,1,complete,100,100,0.148669391900321,0.482009521635628,0.496638696484264,0.0233000977428732,2.33000977428732,100,100,100,0.0754932686835833,0.0739233944310828,0.267990478364372,0.764793780677438,-0.404257300880613,0.592604945385266,0,0,0,0,100,0,100,1,1,1,0,100,100,0,3,3,0,0,6352.55205106053,32144.6770317469,44.4218912733432,0,6.58434573176928,4.94136657964814
abrupt,S_none,"Shared, no forgetting",S,adaptive,23,1,3,late,90,100,1,complete,100,100,0.0719223768346891,0.303305731258564,0.437865045130987,0.0249314394997627,2.49314394997627,100,100,100,0.0327484405801197,0.0360804330562225,0.296694268741436,0.572945796593931,-0.321310896160406,0.50638186399319,0,0,0,0,100,0,100,1,1,1,0,100,100,0,3,3,0,0,6254.49793480014,23068.267750231,45.5212788591252,0,5.17696139327593,5.41939194854321
abrupt,S_none,"Shared, no forgetting",S,adaptive,24,1,3,whole,0,120,1,complete,1200,1200,0.0787164582061424,0.615810204530443,0.431588990798973,0.0185262594475632,22.2129850776283,1199,1200,1200,0.0322097315777076,0.0338621273376998,-0.571625439514153,0.77157132753419,-0.744553100379391,0.778483333740407,0,0,0,0,1199,0,1199,1,1,1,0,1150,1150,0,3,3,0,0,32.3391311556911,105052.569865913,46.9565241770072,0,3.97271339174273,5.45637455905277
abrupt,S_none,"Shared, no forgetting",S,adaptive,24,1,3,pre,30,40,1,complete,100,100,0.0765194919454104,0.615810204530443,0.549049241903521,0.0216221043113589,2.16221043113589,100,100,100,0.00740098881014677,0.0136400542660604,-0.571625439514153,0.115810204530443,-0.683003931703605,0.621403700112187,0,0,0,0,100,0,100,1,1,1,0,100,100,0,3,3,0,0,1539.92924598776,87488.3611529765,31.7812136604818,0,0.0453281357655875,0.0506016379534376
abrupt,S_none,"Shared, no forgetting",S,adaptive,24,1,3,event,50,60,1,complete,100,100,0.146164410362324,0.470766362298517,0.497806775211975,0.0224562936634508,2.24562936634508,100,100,100,0.0732005840284433,0.0740933950770879,0.279233637701483,0.752787785517923,-0.403890917302912,0.594313952628013,0,0,0,0,100,0,100,1,1,1,0,100,100,0,3,3,0,0,5485.79184407217,37085.2523200789,44.8452980245119,0,6.50984969023065,4.86603298748891
abrupt,S_none,"Shared, no forgetting",S,adaptive,24,1,3,late,90,100,1,complete,100,100,0.0718173920387736,0.293725811425262,0.437816258998301,0.0254779352142951,2.54779352142951,100,100,100,0.0333568426213954,0.0356468241253813,0.306274188574738,0.571217551454999,-0.320523422071012,0.516902596631836,0,0,0,0,100,0,100,1,1,1,0,100,100,0,3,3,0,0,5830.49520146244,16639.3037099927,45.6261382449616,0,5.29735417602982,5.52684678832646
abrupt,S_none,"Shared, no forgetting",S,adaptive,25,1,3,whole,0,120,1,complete,1200,1200,0.0785993518426385,0.605952525028307,0.430425778659327,0.018020326857671,21.6063719023476,1199,1200,1200,0.0325551187178559,0.0340884558847883,-0.574028780028965,0.767413290609433,-0.744464261057815,0.772361344491968,0,0,0,0,1199,0,1199,1,1,1,0,1150,1150,0,3,3,0,0,31.2547555053479,97037.5148761779,46.8914429963357,0,3.95692522656872,5.37015819788254
abrupt,S_none,"Shared, no forgetting",S,adaptive,25,1,3,pre,30,40,1,complete,100,100,0.0746053817748601,0.605952525028307,0.546846605902348,0.0202738776329615,2.02738776329615,100,100,100,0.00799376832907577,0.0115821218815621,-0.574028780028965,0.105952525028307,-0.681353406735766,0.62623130704439,0,0,0,0,100,0,100,1,1,1,0,100,100,0,3,3,0,0,1684.20275901323,97037.5148761779,31.5499893851338,0,0.304509544155441,0.270615574335448
abrupt,S_none,"Shared, no forgetting",S,adaptive,25,1,3,event,50,60,1,complete,100,100,0.148187842139305,0.479232147931121,0.49810381695148,0.0225906518764921,2.25906518764921,100,100,100,0.0741365262304427,0.0750988557548812,0.270767852068879,0.74909729175258,-0.39937262380698,0.621109026668447,0,0,0,0,100,0,100,1,1,1,0,100,100,0,3,3,0,0,5648.51145531033,34437.9144200914,44.3256394235105,0,6.62576376210202,4.93424102978516
abrupt,S_none,"Shared, no forgetting",S,adaptive,25,1,3,late,90,100,1,complete,100,100,0.0706200728139405,0.290999553992069,0.437522681158488,0.0237678540237023,2.37678540237023,100,100,100,0.0328572351341819,0.0351057469486139,0.309000446007931,0.577290043680722,-0.312679684260423,0.498640635913576,0,0,0,0,100,0,100,1,1,1,0,100,100,0,3,3,0,0,5995.39198235346,14986.7620377398,45.5025882897543,0,5.20798644860176,5.41513542995659
abrupt,S_none,"Shared, no forgetting",S,adaptive,26,1,3,whole,0,120,1,complete,1200,1200,0.0791919094837995,0.605459958166601,0.430446099739469,0.0179608263156533,21.5350307524683,1199,1200,1200,0.03306932807242,0.0340672304332899,-0.564901057166768,0.769855540953238,-0.736143726228721,0.778340872847201,0,0,0,0,1199,0,1199,1,1,1,0,1150,1150,0,3,3,0,0,31.5092624073837,129810.964497597,46.6257467741491,0,3.92757627990719,5.30378326980962
abrupt,S_none,"Shared, no forgetting",S,adaptive,26,1,3,pre,30,40,1,complete,100,100,0.0748459523541458,0.605459958166601,0.547967026781854,0.0203692882756207,2.03692882756207,100,100,100,0.0076693129293173,0.0122726575438957,-0.564901057166768,0.105459958166601,-0.683896457244078,0.619344314131072,0,0,0,0,100,0,100,1,1,1,0,100,100,0,3,3,0,0,1652.12144034179,99158.7674224187,31.3911613291154,0,0.297092107513714,0.277424663817473
abrupt,S_none,"Shared, no forgetting",S,adaptive,26,1,3,event,50,60,1,complete,100,100,0.148948233009435,0.493725358764868,0.497547491387184,0.0239408569360343,2.39408569360343,100,100,100,0.0744921781543964,0.0754597274011585,0.256274641235132,0.749136907620477,-0.404263075989118,0.594131647062429,0,0,0,0,100,0,100,1,1,1,0,100,100,0,3,3,0,0,4594.91232379528,32641.7574427514,44.1663481302167,0,6.67937236486804,4.95602004656414
abrupt,S_none,"Shared, no forgetting",S,adaptive,26,1,3,late,90,100,1,complete,100,100,0.0744095571572506,0.300815169112952,0.438296492857525,0.0252268439919464,2.52268439919464,100,100,100,0.0362368442637202,0.0366744068298674,0.299184830887048,0.577622122139745,-0.3178609023986,0.500715420167239,0,0,0,0,100,0,100,1,1,1,0,100,100,0,3,3,0,0,7343.9011783084,14044.5806013198,45.2185302907453,0,5.14286597381546,5.36480609184261
abrupt,S_none,"Shared, no forgetting",S,adaptive,27,1,3,whole,0,120,1,complete,1200,1200,0.0784062016661774,0.61967099733874,0.431361753066532,0.0182395183426371,21.8691824928219,1199,1200,1200,0.0318799537574777,0.0339839668306279,-0.561823356589889,0.765450110844111,-0.743128419436248,0.771208129609587,0,0,0,0,1199,0,1199,1,1,1,0,1150,1150,0,3,3,0,0,33.7320423887993,102088.761821117,46.9501444050809,0,4.05439381406254,5.62439900791838
abrupt,S_none,"Shared, no forgetting",S,adaptive,27,1,3,pre,30,40,1,complete,100,100,0.0761517133735769,0.61967099733874,0.54772369804206,0.0208011937504901,2.08011937504901,100,100,100,0.00681904541271609,0.0119583673844455,-0.561823356589889,0.11967099733874,-0.682440554875121,0.625002093921029,0,0,0,0,100,0,100,1,1,1,0,100,100,0,3,3,0,0,1747.22022342019,102088.761821117,31.834143457198,0,0.0312532735185774,0.0541446389970701
abrupt,S_none,"Shared, no forgetting",S,adaptive,27,1,3,event,50,60,1,complete,100,100,0.148315972742158,0.491502783961551,0.498835998143483,0.0219757277294669,2.19757277294669,100,100,100,0.0731044513165472,0.0753048800420304,0.258497216038449,0.74079091932264,-0.405385239002001,0.605738298782713,0,0,0,0,100,0,100,1,1,1,0,100,100,0,3,3,0,0,4759.22406559627,40403.4830468932,44.5832050401028,0,6.43469399744933,4.81616046205777
abrupt,S_none,"Shared, no forgetting",S,adaptive,27,1,3,late,90,100,1,complete,100,100,0.0726973398803746,0.309364896281643,0.437901455452721,0.0241454349730702,2.41454349730702,100,100,100,0.0337236504548541,0.0355463647653787,0.290635103718357,0.583754964293023,-0.328451170210447,0.527942426433064,0,0,0,0,100,0,100,1,1,1,0,100,100,0,3,3,0,0,4815.34136880174,18828.8135839313,45.5338544221905,0,5.49334745221811,5.7114748131035
abrupt,S_none,"Shared, no forgetting",S,adaptive,28,1,3,whole,0,120,1,complete,1200,1200,0.079053707497206,0.606301921092622,0.43037721983261,0.017767084285395,21.3027340581886,1199,1200,1200,0.0328059261313465,0.0339559750539222,-0.570879358927401,0.764921599485565,-0.744117149671574,0.776519134780998,0,0,0,0,1199,0,1199,1,1,1,0,1150,1150,0,3,3,0,0,32.2165562483978,137492.766227693,46.7970974591298,0,3.9734001051821,5.40743764396433
abrupt,S_none,"Shared, no forgetting",S,adaptive,28,1,3,pre,30,40,1,complete,100,100,0.0749463980931731,0.606301921092622,0.546945842914368,0.0198838336700743,1.98838336700743,100,100,100,0.00707942771497155,0.0116151203502751,-0.570879358927401,0.106301921092622,-0.681780024505394,0.614783456748939,0,0,0,0,100,0,100,1,1,1,0,100,100,0,3,3,0,0,1715.90847664571,137492.766227693,31.5515166481481,0,0.323801269004781,0.311333057362227
abrupt,S_none,"Shared, no forgetting",S,adaptive,28,1,3,event,50,60,1,complete,100,100,0.149031753743843,0.479663308019535,0.497714651599046,0.0227290491975076,2.27290491975076,100,100,100,0.0749384544015999,0.0753677547857858,0.270336691980465,0.750153922696789,-0.402714378695808,0.597363733206626,0,0,0,0,100,0,100,1,1,1,0,100,100,0,3,3,0,0,5086.71596565518,26539.7356504707,44.3328298995088,0,6.69025602092091,4.93627699755412
abrupt,S_none,"Shared, no forgetting",S,adaptive,28,1,3,late,90,100,1,complete,100,100,0.0730079301066593,0.299760501201868,0.438431018357004,0.0209816005082651,2.09816005082651,100,100,100,0.0342434804292597,0.0354686028014623,0.300239498798131,0.565842969919848,-0.310118998822677,0.500623403193513,0,0,0,0,100,0,100,1,1,1,0,100,100,0,3,3,0,0,7481.25091962147,21104.6777730761,45.341293932139,0,5.216901779169,5.42352448069718
abrupt,S_none,"Shared, no forgetting",S,adaptive,29,1,3,whole,0,120,1,complete,1200,1200,0.0789354944004935,0.60675033249982,0.43137087170569,0.0176207436856733,21.1272716791223,1199,1200,1200,0.0324604571677182,0.0337139582573371,-0.570126096741619,0.77075816042179,-0.746989904318697,0.77543339259348,0,0,0,0,1199,0,1199,1,1,1,0,1150,1150,0,3,3,0,0,31.2047243588583,95327.1641908226,46.6684036371788,0,3.98121161815673,5.46612946599571
abrupt,S_none,"Shared, no forgetting",S,adaptive,29,1,3,pre,30,40,1,complete,100,100,0.0745817496251602,0.60675033249982,0.548185798052617,0.021006880004656,2.1006880004656,100,100,100,0.00770508899000195,0.0125661540414921,-0.570126096741619,0.10675033249982,-0.686807648733932,0.618953667327935,0,0,0,0,100,0,100,1,1,1,0,100,100,0,3,3,0,0,1816.0817588818,75635.4339056726,31.5223410234066,0,0.140158731350682,0.125279365051092
abrupt,S_none,"Shared, no forgetting",S,adaptive,29,1,3,event,50,60,1,complete,100,100,0.148580597876668,0.481247977809963,0.498591279785552,0.0217502169672929,2.17502169672929,100,100,100,0.0748174454585204,0.0743482431277527,0.268752022190037,0.756214568044923,-0.407022199967999,0.591964590817237,0,0,0,0,100,0,100,1,1,1,0,100,100,0,3,3,0,0,4473.14699494962,41183.6392724004,44.2918967888188,0,6.52672561349957,4.86919619585611
abrupt,S_none,"Shared, no forgetting",S,adaptive,29,1,3,late,90,100,1,complete,100,100,0.0722267635028735,0.303840366248778,0.43815763447961,0.0229272020571333,2.29272020571333,100,100,100,0.0331253405527062,0.0355540451113,0.296159633751222,0.56602336320484,-0.31995060062003,0.506838233843405,0,0,0,0,100,0,100,1,1,1,0,100,100,0,3,3,0,0,6157.26427247194,22796.8665088662,45.1707699274127,0,5.31936252724865,5.54415661209032
abrupt,S_none,"Shared, no forgetting",S,adaptive,30,1,3,whole,0,120,1,complete,1200,1200,0.0784947526299435,0.6,0.431215445265842,0.0184187165615524,22.0840411573013,1199,1200,1200,0.0325592477056737,0.0339577810779627,-0.562448440584816,0.764383474606416,-0.748753661051228,0.78332902012592,0,0,0,0,1199,0,1199,1,1,1,0,1150,1150,0,3,3,0,0,31.3943078871544,81850.2844458309,46.8359453296814,0,3.97047882120791,5.41768092484333
abrupt,S_none,"Shared, no forgetting",S,adaptive,30,1,3,pre,30,40,1,complete,100,100,0.0725048531789696,0.592568718380387,0.548306593583815,0.0209536587864179,2.09536587864179,100,100,100,0.00746631853122494,0.0135051659400982,-0.562448440584816,0.0925687183803872,-0.688196772005177,0.608554857348247,0,0,0,0,100,0,100,1,1,1,0,100,100,0,3,3,0,0,2558.63494931424,81850.2844458309,31.7183687414552,0,0.193278949266892,0.164884139374645
abrupt,S_none,"Shared, no forgetting",S,adaptive,30,1,3,event,50,60,1,complete,100,100,0.147817080208853,0.476750616112195,0.497297144593926,0.0227507604864892,2.27507604864892,100,100,100,0.074701972854184,0.0744223505537643,0.273249383887805,0.750394615967633,-0.402383174921194,0.60335125306744,0,0,0,0,100,0,100,1,1,1,0,100,100,0,3,3,0,0,5269.8126440789,54371.6011921397,44.6209387548302,0,6.57464483067946,4.91040663233747
abrupt,S_none,"Shared, no forgetting",S,adaptive,30,1,3,late,90,100,1,complete,100,100,0.0727180661256788,0.296070312990927,0.436847877732019,0.0239083680999864,2.39083680999864,100,100,100,0.0346337546204219,0.0348755797606409,0.303929687009073,0.574203423205455,-0.31455602370714,0.525652326315495,0,0,0,0,100,0,100,1,1,1,0,100,100,0,3,3,0,0,6091.42863183114,16189.8273159951,45.4158455968639,0,5.26608387713646,5.46028126379426
abrupt,S_none,"Shared, no forgetting",S,adaptive,31,1,3,whole,0,120,1,complete,1200,1200,0.0791014326499651,0.604185113541878,0.430638724789433,0.0181090656518186,21.7127697165305,1199,1200,1200,0.0328013377608505,0.0341838616684756,-0.558673537943009,0.768243895472438,-0.743513835414669,0.77393272278046,0,0,0,0,1199,0,1199,1,1,1,0,1150,1150,0,3,3,0,0,32.6546760741158,78933.455237351,46.6840618261477,0,3.98282493831797,5.40628083078479
abrupt,S_none,"Shared, no forgetting",S,adaptive,31,1,3,pre,30,40,1,complete,100,100,0.0738872927308765,0.604185113541878,0.546698192568789,0.0217275058382932,2.17275058382932,100,100,100,0.00781362438995827,0.0136011452303654,-0.558673537943009,0.104185113541878,-0.687426809199465,0.615356627655548,0,0,0,0,100,0,100,1,1,1,0,100,100,0,3,3,0,0,2061.73771821466,78933.455237351,31.7628217947079,0,0.355330629774023,0.345642840002813
abrupt,S_none,"Shared, no forgetting",S,adaptive,31,1,3,event,50,60,1,complete,100,100,0.148979076976032,0.475595390009603,0.497709961344041,0.0207760372006014,2.07760372006014,100,100,100,0.07485599660471,0.0751249677676236,0.274404609990397,0.75037488023158,-0.40024426818237,0.595496457463231,0,0,0,0,100,0,100,1,1,1,0,100,100,0,3,3,0,0,5337.26065237324,32119.9390441748,44.6558741778705,0,6.69436890290168,4.94184003501795
abrupt,S_none,"Shared, no forgetting",S,adaptive,31,1,3,late,90,100,1,complete,100,100,0.0730753998680448,0.294842027146301,0.438157758589612,0.022624727172788,2.2624727172788,100,100,100,0.034652144431426,0.0348621605396253,0.305157972853699,0.57172942932607,-0.309890697585586,0.522306511281022,0,0,0,0,100,0,100,1,1,1,0,100,100,0,3,3,0,0,7347.40621239588,17314.1697766762,45.3347639261446,0,5.25851837484071,5.48364391480473
abrupt,S_none,"Shared, no forgetting",S,adaptive,32,1,3,whole,0,120,1,complete,1200,1200,0.0789281567885397,0.606717319396445,0.431573365319579,0.0183236288480792,21.970030988847,1199,1200,1200,0.0325265863842638,0.0340189886390545,-0.576931405841541,0.770354921555895,-0.752611263816831,0.779935981304538,0,0,0,0,1199,0,1199,1,1,1,0,1150,1150,0,3,3,0,0,30.8499535715117,78046.7715029769,46.3777478454591,0,3.99620477107523,5.4942967863517
abrupt,S_none,"Shared, no forgetting",S,adaptive,32,1,3,pre,30,40,1,complete,100,100,0.0746334973429146,0.606717319396445,0.54816543082205,0.0209418290445822,2.09418290445822,100,100,100,0.00737431507627124,0.0128771232903052,-0.576931405841541,0.106717319396445,-0.682355011720978,0.617020986699495,0,0,0,0,100,0,100,1,1,1,0,100,100,0,3,3,0,0,1772.87604034834,78046.7715029769,31.316806502658,0,0.022293833914775,0.0248241502946709
abrupt,S_none,"Shared, no forgetting",S,adaptive,32,1,3,event,50,60,1,complete,100,100,0.147944999706952,0.476357993649231,0.498703487314759,0.0222724465882549,2.22724465882549,100,100,100,0.0735864921090862,0.0751379379598529,0.273642006350769,0.733193814559391,-0.406631540098173,0.610025846190635,0,0,0,0,100,0,100,1,1,1,0,100,100,0,3,3,0,0,5094.22990888383,33348.5081593643,43.972186993535,0,6.49614875882576,4.85330167163418
abrupt,S_none,"Shared, no forgetting",S,adaptive,32,1,3,late,90,100,1,complete,100,100,0.072780017103283,0.304378416343991,0.436986988076192,0.0233314087220503,2.33314087220503,100,100,100,0.0348871293294673,0.0345448900590556,0.295621583656009,0.571773931300074,-0.316449036043711,0.498518176483596,0,0,0,0,100,0,100,1,1,1,0,100,100,0,3,3,0,0,7686.67474142217,19676.9705800687,45.0156053718054,0,5.36142771973563,5.57685106424011
abrupt,S_none,"Shared, no forgetting",S,adaptive,33,1,3,whole,0,120,1,complete,1200,1200,0.0785953855050316,0.605617721596245,0.431261899971824,0.0179990091285984,21.5808119451894,1199,1200,1200,0.0326052753369564,0.0336467665809468,-0.572414842657508,0.769206097666635,-0.755978061726783,0.786140447297252,0,0,0,0,1199,0,1199,1,1,1,0,1150,1150,0,3,3,0,0,30.6898320523767,95850.2531932874,46.8388850605472,0,3.95300548782777,5.41723628089976
abrupt,S_none,"Shared, no forgetting",S,adaptive,33,1,3,pre,30,40,1,complete,100,100,0.0752190708729287,0.605617721596245,0.548399928111035,0.021336324404574,2.1336324404574,100,100,100,0.00853945358373962,0.0130160987302538,-0.572414842657508,0.105617721596245,-0.692212267569893,0.620628714739336,0,0,0,0,100,0,100,1,1,1,0,100,100,0,3,3,0,0,1696.75581722436,95850.2531932874,31.4844156792947,0,0.0645856982185663,0.0523095902436175
abrupt,S_none,"Shared, no forgetting",S,adaptive,33,1,3,event,50,60,1,complete,100,100,0.147521386159116,0.468579432551654,0.498883570679037,0.0231718380576064,2.31718380576064,100,100,100,0.0740488245130572,0.0750402805735686,0.281420567448346,0.750948222785601,-0.411144851718022,0.595861913331083,0,0,0,0,100,0,100,1,1,1,0,100,100,0,3,3,0,0,4312.99168530771,46558.9680107023,44.3638952452104,0,6.47205557085951,4.83942320434295
abrupt,S_none,"Shared, no forgetting",S,adaptive,33,1,3,late,90,100,1,complete,100,100,0.072448005121588,0.288755658473581,0.436101976615806,0.0212749426684814,2.12749426684814,100,100,100,0.0344768962344822,0.0339292410079511,0.311244341526419,0.570433530283412,-0.314156618073759,0.514179305169968,0,0,0,0,100,0,100,1,1,1,0,100,100,0,3,3,0,0,9568.01588769324,24719.3779104849,45.4224519751969,0,5.24599797279167,5.47414827396713
abrupt,S_none,"Shared, no forgetting",S,adaptive,34,1,3,whole,0,120,1,complete,1200,1200,0.0784585957781269,0.604926578571603,0.430982988249808,0.0180995775752935,21.7013935127768,1199,1200,1200,0.032334031614265,0.0338521902035137,-0.575851419944597,0.764082805924014,-0.748039964191209,0.765339736528717,0,0,0,0,1199,0,1199,1,1,1,0,1150,1150,0,3,3,0,0,32.4601429813936,79426.1878365272,47.0081699278237,0,3.96879234787437,5.42449784456258
abrupt,S_none,"Shared, no forgetting",S,adaptive,34,1,3,pre,30,40,1,complete,100,100,0.0752111301173938,0.604926578571603,0.547984602445507,0.0215259785041011,2.15259785041011,100,100,100,0.00807095978407416,0.0134333283324751,-0.575851419944597,0.104926578571603,-0.684586087626816,0.616303478690429,0,0,0,0,100,0,100,1,1,1,0,100,100,0,3,3,0,0,1814.80577499966,79426.1878365272,31.4287846677536,0,0.0183366307156058,0.0702945642608427
abrupt,S_none,"Shared, no forgetting",S,adaptive,34,1,3,event,50,60,1,complete,100,100,0.145596722094651,0.472328866595216,0.497257425018214,0.0208256353019758,2.08256353019758,100,100,100,0.072587784724275,0.0735407186843891,0.277671133404784,0.753720848561099,-0.403128977587029,0.578953378256215,0,0,0,0,100,0,100,1,1,1,0,100,100,0,3,3,0,0,4864.62917682487,27907.1701609399,44.6192441571946,0,6.52547749485092,4.90219976624247
abrupt,S_none,"Shared, no forgetting",S,adaptive,34,1,3,late,90,100,1,complete,100,100,0.0735242248760253,0.309073865796791,0.437082064746608,0.0233155809750273,2.33155809750273,100,100,100,0.0347499248146688,0.0359944342738512,0.290926134203209,0.562031591340196,-0.319393909841768,0.490860406052249,0,0,0,0,100,0,100,1,1,1,0,100,100,0,3,3,0,0,9380.5681444375,21395.6815564668,45.5077132515041,0,5.28398889008451,5.50934906246789
abrupt,S_none,"Shared, no forgetting",S,adaptive,35,1,3,whole,0,120,1,complete,1200,1200,0.0787102769690326,0.603493707796164,0.431478542809651,0.0179873905672835,21.5668812901729,1199,1200,1200,0.0325638808124524,0.0339868610776993,-0.577541949878955,0.771249455548748,-0.758476330050649,0.767688987214521,0,0,0,0,1199,0,1199,1,1,1,0,1150,1150,0,3,3,0,0,33.3210571958043,98287.0602342531,47.3130252086288,0,3.95333491282631,5.35485789353934
abrupt,S_none,"Shared, no forgetting",S,adaptive,35,1,3,pre,30,40,1,complete,100,100,0.0744261398667747,0.603493707796164,0.549568830774985,0.0209780073240376,2.09780073240376,100,100,100,0.0089894919729586,0.0141349450415394,-0.577541949878955,0.103493707796164,-0.685875900525009,0.613029217689838,0,0,0,0,100,0,100,1,1,1,0,100,100,0,3,3,0,0,1714.84961068622,98287.0602342531,32.0712301417022,0,0.467068743137969,0.473826717129431
abrupt,S_none,"Shared, no forgetting",S,adaptive,35,1,3,event,50,60,1,complete,100,100,0.148277364956541,0.473226977930736,0.498551229034136,0.0223954209835727,2.23954209835727,100,100,100,0.0742343146555426,0.0754425413517521,0.276773022069264,0.749036767198307,-0.40108721062695,0.591349259577244,0,0,0,0,100,0,100,1,1,1,0,100,100,0,3,3,0,0,5517.85766214595,33757.9772036041,44.8940786319587,0,6.64488789470848,4.87895056458224
abrupt,S_none,"Shared, no forgetting",S,adaptive,35,1,3,late,90,100,1,complete,100,100,0.0722001792413978,0.290209522243697,0.437388456642912,0.0227499192215468,2.27499192215468,100,100,100,0.0336571942009926,0.0350410356143738,0.309790477756303,0.566198986571525,-0.310920145752115,0.495386377245099,0,0,0,0,100,0,100,1,1,1,0,100,100,0,3,3,0,0,7034.45236837144,19441.8611254015,45.8831483137749,0,5.18320217061408,5.41037127495743
abrupt,S_none,"Shared, no forgetting",S,adaptive,36,1,3,whole,0,120,1,complete,1200,1200,0.0791629420044779,0.609924528071449,0.432128022496791,0.0179711475593301,21.5474059236368,1199,1200,1200,0.0325083660812951,0.0341230579247186,-0.571564215287111,0.7719910426272,-0.750749088926502,0.774058981666923,0,0,0,0,1199,0,1199,1,1,1,0,1150,1150,0,3,3,0,0,31.5216865418228,72574.0500720385,46.321181043355,0,4.06047039980444,5.67965351826272
abrupt,S_none,"Shared, no forgetting",S,adaptive,36,1,3,pre,30,40,1,complete,100,100,0.0750064976973313,0.609924528071449,0.548138090774894,0.0218638195090864,2.18638195090864,100,100,100,0.00735880151935742,0.0131268137813419,-0.571564215287111,0.109924528071449,-0.688608577042289,0.629950297061237,0,0,0,0,100,0,100,1,1,1,0,100,100,0,3,3,0,0,1598.69566753092,72574.0500720385,31.5176608776944,0,0.0613658628408344,0.0941343701733193
abrupt,S_none,"Shared, no forgetting",S,adaptive,36,1,3,event,50,60,1,complete,100,100,0.147935331786323,0.47721034858472,0.498922282715689,0.0222196381593565,2.22196381593565,100,100,100,0.0744796460734505,0.0745146172739408,0.27278965141528,0.746889540612485,-0.407148566347695,0.617144825297899,0,0,0,0,100,0,100,1,1,1,0,100,100,0,3,3,0,0,4799.5377329222,27598.5961388017,44.2766990247592,0,6.44770111585486,4.85078242537629
abrupt,S_none,"Shared, no forgetting",S,adaptive,36,1,3,late,90,100,1,complete,100,100,0.0723698864852869,0.302107920479628,0.439987584474341,0.0225471324101026,2.25471324101026,100,100,100,0.0330406522764471,0.0352201669741556,0.297892079520372,0.57077880834462,-0.328910900369326,0.508060594555641,0,0,0,0,100,0,100,1,1,1,0,100,100,0,3,3,0,0,6779.64027179238,17900.9591348794,44.9452498853736,0,5.50709869425581,5.75182749573146
abrupt,S_none,"Shared, no forgetting",S,adaptive,37,1,3,whole,0,120,1,complete,1200,1200,0.07892054121717,0.620980269689607,0.431928595278436,0.0182762379702313,21.9132093263073,1199,1200,1200,0.0323256817221722,0.0341357848791948,-0.579746778937679,0.775518223315721,-0.748642823338688,0.761475920136208,0,0,0,0,1199,0,1199,1,1,1,0,1150,1150,0,3,3,0,0,31.5990591990542,65238.8877382038,46.8057197529047,0,4.03303624617865,5.60856381707753
abrupt,S_none,"Shared, no forgetting",S,adaptive,37,1,3,pre,30,40,1,complete,100,100,0.0760936361257669,0.620980269689607,0.548064600450855,0.0219843836387221,2.19843836387221,100,100,100,0.00783149420650706,0.0133002250832997,-0.579746778937679,0.120980269689607,-0.689389265880318,0.628818938651075,0,0,0,0,100,0,100,1,1,1,0,100,100,0,3,3,0,0,1633.37484145327,60486.3849910732,31.7736698307986,0,0.0426318451785623,0.0677599868802853
abrupt,S_none,"Shared, no forgetting",S,adaptive,37,1,3,event,50,60,1,complete,100,100,0.146618259744908,0.481793305314023,0.498067822175841,0.0222238198159379,2.22238198159379,100,100,100,0.0726901157722796,0.0743043636184275,0.268206694685977,0.749750188563134,-0.405869277571364,0.597475600914195,0,0,0,0,100,0,100,1,1,1,0,100,100,0,3,3,0,0,5468.27629042242,43177.5701165998,44.7809189279763,0,6.47186029573747,4.87386565605557
abrupt,S_none,"Shared, no forgetting",S,adaptive,37,1,3,late,90,100,1,complete,100,100,0.0703715162376602,0.292678998167413,0.437938965340786,0.023081126858361,2.3081126858361,100,100,100,0.0315923926406221,0.0346670430874264,0.307321001832587,0.556511772953216,-0.313580498482965,0.492801127060942,0,0,0,0,100,0,100,1,1,1,0,100,100,0,3,3,0,0,7493.55151723549,22081.7404257297,45.3634337378838,0,5.43014433664009,5.67299656735747
abrupt,S_none,"Shared, no forgetting",S,adaptive,38,1,3,whole,0,120,1,complete,1200,1200,0.0786198203357677,0.602520805898774,0.430773386082927,0.0182668656133587,21.9019718704171,1199,1200,1200,0.0325061561259464,0.0339050548686844,-0.572659919337638,0.771261365067533,-0.745473379031407,0.77919390118635,0,0,0,0,1199,0,1199,1,1,1,0,1150,1150,0,3,3,0,0,31.3606663026222,94470.3403581978,46.8415546962572,0,3.93004295101288,5.32440777907581
abrupt,S_none,"Shared, no forgetting",S,adaptive,38,1,3,pre,30,40,1,complete,100,100,0.0745176839434768,0.602520805898774,0.548832664294598,0.0204825121658367,2.04825121658367,100,100,100,0.00723398434547071,0.0114294473904697,-0.572659919337638,0.102520805898774,-0.693655543034921,0.61574260765683,0,0,0,0,100,0,100,1,1,1,0,100,100,0,3,3,0,0,1804.4443559626,94470.3403581978,31.4882125323835,0,0.162904667279826,0.142718074952289
abrupt,S_none,"Shared, no forgetting",S,adaptive,38,1,3,event,50,60,1,complete,100,100,0.147674324979207,0.485090144954025,0.498334919882787,0.0228446639179185,2.28446639179185,100,100,100,0.0734615542520503,0.0749062768426786,0.264909855045975,0.753174398071657,-0.406300026152874,0.602780530352269,0,0,0,0,100,0,100,1,1,1,0,100,100,0,3,3,0,0,4558.99356568679,24416.4713142004,44.2423788669959,0,6.55285978334713,4.87159585771951
abrupt,S_none,"Shared, no forgetting",S,adaptive,38,1,3,late,90,100,1,complete,100,100,0.0718053888020042,0.296564078204126,0.436661733731267,0.0253463500235479,2.53463500235479,100,100,100,0.0338485502887953,0.0351122035989105,0.303435921795874,0.573075331437029,-0.312030213219759,0.500583597326405,0,0,0,0,100,0,100,1,1,1,0,100,100,0,3,3,0,0,6722.8126310247,16288.5708781291,45.514298741883,0,5.17974796899525,5.38917475051032
abrupt,S_none,"Shared, no forgetting",S,adaptive,39,1,3,whole,0,120,1,complete,1200,1200,0.0784784347828331,0.61219925355141,0.43155332085926,0.0180824193536188,21.6808208049889,1199,1200,1200,0.0321951061702329,0.0337496491106451,-0.560874230712319,0.766620294279439,-0.748712429403966,0.77213091607983,0,0,0,0,1199,0,1199,1,1,1,0,1150,1150,0,3,3,0,0,32.3819485189837,75012.9305554373,47.1378061868734,0,3.97281598409041,5.44667320402973
abrupt,S_none,"Shared, no forgetting",S,adaptive,39,1,3,pre,30,40,1,complete,100,100,0.0757329092616576,0.61219925355141,0.549012144836524,0.0214274049117405,2.14274049117405,100,100,100,0.00817451283551496,0.0125691990003527,-0.560874230712319,0.11219925355141,-0.695164328718304,0.623057966884959,0,0,0,0,100,0,100,1,1,1,0,100,100,0,3,3,0,0,1910.86949885247,75012.9305554373,31.750199310368,0,0.14131160627866,0.15106785327647
abrupt,S_none,"Shared, no forgetting",S,adaptive,39,1,3,event,50,60,1,complete,100,100,0.146976314233021,0.472427787776355,0.498433392429088,0.0229538158870276,2.29538158870276,100,100,100,0.0739166279017608,0.0742015534453194,0.277572212223645,0.748684223506371,-0.404390174442219,0.607076102148991,0,0,0,0,100,0,100,1,1,1,0,100,100,0,3,3,0,0,6577.92489107748,33879.8455940592,44.8680767150813,0,6.55901668306079,4.8656787129417
abrupt,S_none,"Shared, no forgetting",S,adaptive,39,1,3,late,90,100,1,complete,100,100,0.0727012624784794,0.295033754738889,0.438215582488314,0.021944595003043,2.1944595003043,100,100,100,0.0338467784772879,0.034682198842262,0.304966245261111,0.564068305993883,-0.307915172849227,0.49656155473866,0,0,0,0,100,0,100,1,1,1,0,100,100,0,3,3,0,0,9817.15422884297,17118.0436479768,45.6990470719207,0,5.27925563906674,5.51154999670913
abrupt,S_none,"Shared, no forgetting",S,adaptive,40,1,3,whole,0,120,1,complete,1200,1200,0.0791294643417783,0.609040324984324,0.431229098959732,0.0175585693530269,21.0527246542792,1199,1200,1200,0.0329801122097956,0.034092153692888,-0.565379808855282,0.768450413346406,-0.743333903905661,0.772036573138896,0,0,0,0,1199,0,1199,1,1,1,0,1150,1150,0,3,3,0,0,31.8583954900793,116478.962130047,46.8238953590337,0,3.98206736122962,5.40167093366995
abrupt,S_none,"Shared, no forgetting",S,adaptive,40,1,3,pre,30,40,1,complete,100,100,0.0751434138839485,0.609040324984324,0.54726612311881,0.0202225347569388,2.02225347569388,100,100,100,0.00735741512621368,0.0112994543735955,-0.565379808855282,0.109040324984325,-0.683880710563948,0.608170206523902,0,0,0,0,100,0,100,1,1,1,0,100,100,0,3,3,0,0,2508.74387736255,116478.962130047,31.5945542999861,0,0.347405630627285,0.397133723661417
abrupt,S_none,"Shared, no forgetting",S,adaptive,40,1,3,event,50,60,1,complete,100,100,0.147260454024633,0.46933296071825,0.496556040333755,0.0225404306068893,2.25404306068893,100,100,100,0.0743921241021521,0.0749998604018363,0.28066703928175,0.759721678993899,-0.400385919500958,0.592690657690031,0,0,0,0,100,0,100,1,1,1,0,100,100,0,3,3,0,0,7013.03291424646,31249.6473209005,44.8461229081289,0,6.73357907465931,4.97115712251243
abrupt,S_none,"Shared, no forgetting",S,adaptive,40,1,3,late,90,100,1,complete,100,100,0.0726488203594489,0.294345332273554,0.438076354241384,0.0227941072469688,2.27941072469688,100,100,100,0.0341344793886598,0.035369909919261,0.305654667726446,0.570263659436082,-0.323253889875128,0.489467575044172,0,0,0,0,100,0,100,1,1,1,0,100,100,0,3,3,0,0,5704.79436391241,25076.0192138678,45.4312092247745,0,5.2525917868409,5.46650421061689
abrupt,S_fixed,"Shared, fixed forgetting",S,adaptive,0,0,3,whole,0,120,1,complete,1200,1200,0.0650760755880389,0.792140605382003,0.465805129822706,0.00863803647128008,10.3570057290648,1199,1200,1200,0.0118629394310431,0.0118629394310431,-0.571958796083167,0.760730595795876,-0.930148243362909,0.802615220772039,0,0,0,0,1199,0,1199,0.99,0.99,0.99,1199,1150,1150,0,1,3,653,0.567826086956522,31.6559426996967,Inf,854.008058331684,0,6.73537979221564,0.757524492080514
abrupt,S_fixed,"Shared, fixed forgetting",S,adaptive,0,0,3,pre,30,40,1,complete,100,100,0.0750357173973978,0.61057009397644,0.547529283994612,0.0147305891987841,1.47305891987841,100,100,100,1.8507814393281e-06,1.8507814393281e-06,-0.571958796083167,0.11057009397644,-0.689678388930055,0.622117777259411,0,0,0,0,100,0,100,0.99,0.99,0.99,100,100,100,0,1,3,93,0.93,2276.47199996039,Inf,293.085976636943,0,0.001796247658673,0.000647668861182653
abrupt,S_fixed,"Shared, fixed forgetting",S,adaptive,0,0,3,event,50,60,1,complete,100,100,0.142499833115185,0.792140605382003,0.552788662076373,0.0173761771487829,1.73761771487829,100,100,100,0.0365889305491653,0.0365889305491653,-0.042140605382003,0.750000356414702,-0.757748433563184,0.596534145432232,0,0,0,0,100,0,100,0.99,0.99,0.99,100,100,100,0,1,3,3,0.03,2132.80325325704,Inf,205.550352648823,0,15.8036434251528,12.9416808092052
abrupt,S_fixed,"Shared, fixed forgetting",S,adaptive,0,0,3,late,90,100,1,complete,100,100,0.0260541253192167,0.242317289084246,0.489165732043697,0.00898281989784347,0.898281989784347,100,100,100,0.00243284284495715,0.00243284284495715,0.357682710915754,0.632457587207231,-0.269922823532171,0.558143154371461,0,0,0,0,100,0,100,0.99,0.99,0.99,100,100,100,0,2,3,92,0.92,25289.8855980618,Inf,854.008058331684,0,3.54450179273145,1.48020414717175
abrupt,S_fixed,"Shared, fixed forgetting",S,adaptive,1,1,3,whole,0,120,1,complete,1200,1200,0.062759199065095,0.78040811230745,0.467674500319663,0.0208350269996363,24.981197372564,1199,1200,1200,0.0153371217905183,0.0182937542014135,-0.562271611261902,0.79296044589735,-0.872774703666746,0.829139270985231,0,0,0,0,1199,0,1199,0.99,0.99,0.99,1199,1150,1150,0,3,3,0,0,30.3354362122928,119554.872541879,677.543178257416,0,5.79257978842266,3.02354590451055
abrupt,S_fixed,"Shared, fixed forgetting",S,adaptive,1,1,3,pre,30,40,1,complete,100,100,0.0713581116802744,0.584201579629373,0.547033204948616,0.0207910907857716,2.07910907857716,100,100,100,0.00808147922954342,0.0125031937158895,-0.562271611261902,0.0842015796293731,-0.677543315528129,0.598989840789378,0,0,0,0,100,0,100,0.99,0.99,0.99,100,100,100,0,3,3,0,0,2173.85975490251,119554.872541879,279.286338130016,0,0.531439820212182,0.748231215933723
abrupt,S_fixed,"Shared, fixed forgetting",S,adaptive,1,1,3,event,50,60,1,complete,100,100,0.133320976160402,0.78040811230745,0.562457446500561,0.0454773099353577,4.54773099353577,100,100,100,0.0406795701350272,0.0405012761683426,-0.0304081123074501,0.79296044589735,-0.750000022546348,0.736963852036449,0,0,0,0,100,0,100,0.99,0.99,0.99,100,100,100,0,3,3,0,0,920.486475783649,23649.3228586425,200.995654807245,0,14.6950887854148,10.6050058186406
abrupt,S_fixed,"Shared, fixed forgetting",S,adaptive,1,1,3,late,90,100,1,complete,100,100,0.0234908787554922,0.208135749486916,0.489594125458753,0.0208432227601254,2.08432227601254,100,100,100,0.0102925526333865,0.0134908445466551,0.391864250513084,0.627871356809059,-0.23418023343353,0.5621394846971,0,0,0,0,100,0,100,0.99,0.99,0.99,100,100,100,0,3,3,0,0,8698.92588570943,25361.5074723296,677.543178257416,0,1.8098541574257,0.203588786829832
abrupt,S_fixed,"Shared, fixed forgetting",S,adaptive,2,1,3,whole,0,120,1,complete,1200,1200,0.0645501576348593,0.841934952942351,0.466028539193145,0.02009007317437,24.0879977360696,1199,1200,1200,0.014771665883559,0.0177403913192765,-0.565434193562242,0.766903011300067,-0.830391389571584,0.852479902447874,0,0,0,0,1199,0,1199,0.99,0.99,0.99,1199,1150,1150,0,3,3,0,0,31.2247199447502,121057.582725113,686.258536667992,0,6.08990893706207,3.39287622899143
abrupt,S_fixed,"Shared, fixed forgetting",S,adaptive,2,1,3,pre,30,40,1,complete,100,100,0.072624607682749,0.591620181606234,0.543256942719119,0.0193870792878578,1.93870792878578,100,100,100,0.0067561101145065,0.00997990762755066,-0.565434193562242,0.0916201816062342,-0.667763673218573,0.607720656921486,0,0,0,0,100,0,100,0.99,0.99,0.99,100,100,100,0,3,3,0,0,2077.62065894925,121057.582725113,287.944331243948,0,0.646445593667078,0.652988447881602
abrupt,S_fixed,"Shared, fixed forgetting",S,adaptive,2,1,3,event,50,60,1,complete,100,100,0.143059156071131,0.841934952942351,0.561653984182178,0.0449073986691138,4.49073986691138,100,100,100,0.0382441950866702,0.0409804821963004,-0.0919349529423513,0.75667366994826,-0.822034050473087,0.687788470969691,0,0,0,0,100,0,100,0.99,0.99,0.99,100,100,100,0,3,3,0,0,1705.33645135514,42125.2133498816,201.843364733011,0,15.1249135096863,11.4371243602031
abrupt,S_fixed,"Shared, fixed forgetting",S,adaptive,2,1,3,late,90,100,1,complete,100,100,0.0248751131858808,0.221169724722627,0.490261530045337,0.0191322163013025,1.91322163013025,100,100,100,0.00901408138949336,0.0114848697632609,0.378830275277373,0.618503159567799,-0.230015566371532,0.569856894659734,0,0,0,0,100,0,100,0.99,0.99,0.99,100,100,100,0,3,3,0,0,10595.6591868385,39536.7741731454,686.258536667992,0,1.58033186020215,0.603831926123652
abrupt,S_fixed,"Shared, fixed forgetting",S,adaptive,3,1,3,whole,0,120,1,complete,1200,1200,0.065373425349627,0.821647435866427,0.466236151907862,0.020011028762112,23.9932234857723,1199,1200,1200,0.0146509404949049,0.0181000767677186,-0.56017072113916,0.771355899872959,-0.885775966846918,0.818161395447532,0,0,0,0,1199,0,1199,0.99,0.99,0.99,1199,1150,1150,0,3,3,0,0,31.418896247567,102599.306475116,755.238011572237,0,6.23257540866287,2.67130526834621
abrupt,S_fixed,"Shared, fixed forgetting",S,adaptive,3,1,3,pre,30,40,1,complete,100,100,0.073098596274725,0.598252534797507,0.54812297063114,0.0199433656019068,1.99433656019068,100,100,100,0.00768081469172239,0.0118639505345797,-0.56017072113916,0.0982525347975068,-0.672281684933735,0.606700227197275,0,0,0,0,100,0,100,0.99,0.99,0.99,100,100,100,0,3,3,0,0,2041.09936762462,102599.306475116,288.359747205839,0,1.16680719189244,1.09559027485294
abrupt,S_fixed,"Shared, fixed forgetting",S,adaptive,3,1,3,event,50,60,1,complete,100,100,0.144745526371101,0.821647435866427,0.555072918073525,0.039480292660153,3.9480292660153,100,100,100,0.0373927676054552,0.0409277238781349,-0.0716474358664273,0.76304723709964,-0.781117943530723,0.698494772911057,0,0,0,0,100,0,100,0.99,0.99,0.99,100,100,100,0,3,3,0,0,1772.67610205562,25098.9957423744,204.128000935005,0,15.1872720836029,12.4791203140368
abrupt,S_fixed,"Shared, fixed forgetting",S,adaptive,3,1,3,late,90,100,1,complete,100,100,0.0234599422691826,0.212726391976672,0.487284816740441,0.0205972985306847,2.05972985306847,100,100,100,0.00911305173264347,0.0144839924406543,0.387273608023328,0.631958368574908,-0.225918514707975,0.542024974095489,0,0,0,0,100,0,100,0.99,0.99,0.99,100,100,100,0,3,3,0,0,8573.36569160246,29465.7274729355,755.238011572237,0,1.1302033518108,0.0868218732114278
abrupt,S_fixed,"Shared, fixed forgetting",S,adaptive,4,1,3,whole,0,120,1,complete,1200,1200,0.0645102517679508,0.807950342209027,0.467329070634276,0.0206571384873577,24.7679090463419,1199,1200,1200,0.0147828657974075,0.0178430182121542,-0.562296209677667,0.769597303545104,-0.899998828224168,0.835212334706296,0,0,0,0,1199,0,1199,0.99,0.99,0.99,1199,1150,1150,0,3,3,0,0,32.6889566747439,80158.8222656706,680.62416837738,0,6.21082456035059,1.60496206664385
abrupt,S_fixed,"Shared, fixed forgetting",S,adaptive,4,1,3,pre,30,40,1,complete,100,100,0.0734413466957539,0.599348116923711,0.548785282632756,0.0208976976328151,2.08976976328151,100,100,100,0.00761052657600243,0.0123030557422098,-0.562296209677667,0.0993481169237115,-0.679839567910721,0.606104237437344,0,0,0,0,100,0,100,0.99,0.99,0.99,100,100,100,0,3,3,0,0,2319.93439863626,80158.8222656706,288.806270473554,0,0.947693641362153,0.42744851850497
abrupt,S_fixed,"Shared, fixed forgetting",S,adaptive,4,1,3,event,50,60,1,complete,100,100,0.141250564361768,0.807950342209027,0.555893258167134,0.0412645679512549,4.12645679512549,100,100,100,0.0389092299350743,0.0403400181932017,-0.0579503422090271,0.753697273088467,-0.797635276721148,0.66498284415338,0,0,0,0,100,0,100,0.99,0.99,0.99,100,100,100,0,3,3,0,0,1829.79876450886,30979.4433461344,198.767253981359,0,14.8970905983468,12.2970238407654
abrupt,S_fixed,"Shared, fixed forgetting",S,adaptive,4,1,3,late,90,100,1,complete,100,100,0.0267601493485661,0.242598030870625,0.487611030366762,0.0197460599470874,1.97460599470874,100,100,100,0.008513470591202,0.0126033674298092,0.357401969129375,0.619477996207511,-0.255492369941744,0.550875460780901,0,0,0,0,100,0,100,0.99,0.99,0.99,100,100,100,0,3,3,0,0,12982.4520487516,30575.3769776042,680.62416837738,0,2.5827869606404,0.086675398241012
abrupt,S_fixed,"Shared, fixed forgetting",S,adaptive,5,1,3,whole,0,120,1,complete,1200,1200,0.0646321379834936,0.818789909274038,0.467123240730644,0.0203178282548139,24.3610760775219,1199,1200,1200,0.0150519691043295,0.0181874256040068,-0.568302143738042,0.782472992441306,-0.869758561894633,0.869982729851307,0,0,0,0,1199,0,1199,0.99,0.99,0.99,1199,1150,1150,0,3,3,0,0,31.5798176350058,93374.6616953605,685.201138919733,0,6.14449857106845,3.60873633119367
abrupt,S_fixed,"Shared, fixed forgetting",S,adaptive,5,1,3,pre,30,40,1,complete,100,100,0.0733359548306941,0.592581639740953,0.546574453098587,0.0208446880059932,2.08446880059932,100,100,100,0.0080861011025906,0.012593132742242,-0.568302143738042,0.0925816397409525,-0.68287435185903,0.601270253996662,0,0,0,0,100,0,100,0.99,0.99,0.99,100,100,100,0,3,3,0,0,1907.86751493522,93374.6616953605,282.223232579988,0,0.408707897244696,0.0643961116739228
abrupt,S_fixed,"Shared, fixed forgetting",S,adaptive,5,1,3,event,50,60,1,complete,100,100,0.143367994565096,0.818789909274038,0.555156509251059,0.0404688061236585,4.04688061236585,100,100,100,0.0399252841846472,0.0407139861523795,-0.0687899092740384,0.747631496642767,-0.767786467939811,0.671493808286052,0,0,0,0,100,0,100,0.99,0.99,0.99,100,100,100,0,3,3,0,0,1607.37131751096,26856.3374892796,196.695081390167,0,14.8302586939491,11.8906868327557
abrupt,S_fixed,"Shared, fixed forgetting",S,adaptive,5,1,3,late,90,100,1,complete,100,100,0.0257537027189162,0.225298032030383,0.491525558694582,0.0193726762797473,1.93726762797473,100,100,100,0.00894144814464295,0.0126046986749556,0.374701967969617,0.639385916441605,-0.234000418019285,0.534288362073766,0,0,0,0,100,0,100,0.99,0.99,0.99,100,100,100,0,3,3,0,0,6332.7078553496,28225.6330183704,685.201138919733,0,1.99907894349754,0.802300293576037
abrupt,S_fixed,"Shared, fixed forgetting",S,adaptive,6,1,3,whole,0,120,1,complete,1200,1200,0.0636578659895187,0.803805909560175,0.466205321075333,0.0205063971738227,24.5871702114134,1199,1200,1200,0.0154204020236303,0.0179243831443973,-0.559636804339288,0.770015163493823,-0.914002584615466,0.810296442224733,0,0,0,0,1199,0,1199,0.99,0.99,0.99,1199,1150,1150,0,3,3,0,0,34.5364236238296,96078.904548265,738.240290457646,0,5.93273256147835,1.014738399805
abrupt,S_fixed,"Shared, fixed forgetting",S,adaptive,6,1,3,pre,30,40,1,complete,100,100,0.0709321852535743,0.582118675672179,0.548592474316432,0.0207208726788719,2.07208726788719,100,100,100,0.00756841903886709,0.0125521938274178,-0.559636804339288,0.0821186756721788,-0.667372001983653,0.599139770855145,0,0,0,0,100,0,100,0.99,0.99,0.99,100,100,100,0,3,3,0,0,1984.5233571218,96078.904548265,296.144382112188,0,1.0650060858145,0.279897293441403
abrupt,S_fixed,"Shared, fixed forgetting",S,adaptive,6,1,3,event,50,60,1,complete,100,100,0.137879692456944,0.803805909560175,0.558512428480248,0.0441126226877585,4.41126226877585,100,100,100,0.0412958756053,0.0398940487918237,-0.0538059095601754,0.763002768443252,-0.781855021293575,0.68781059179889,0,0,0,0,100,0,100,0.99,0.99,0.99,100,100,100,0,3,3,0,0,1291.2949924514,24153.4384312061,197.900824149122,0,14.7230030298038,11.692040995298
abrupt,S_fixed,"Shared, fixed forgetting",S,adaptive,6,1,3,late,90,100,1,complete,100,100,0.0230862705051742,0.206954806990537,0.488486603244125,0.0205675317189428,2.05675317189428,100,100,100,0.00895009341171024,0.0142601266966395,0.393045193009463,0.62758263885171,-0.226477316112201,0.539661581454105,0,0,0,0,100,0,100,0.99,0.99,0.99,100,100,100,0,3,3,0,0,8410.048089716,25285.7729176908,738.240290457646,0,1.51082209519293,0.452937208483892
abrupt,S_fixed,"Shared, fixed forgetting",S,adaptive,7,1,3,whole,0,120,1,complete,1200,1200,0.0648399652787809,0.808725771289538,0.467039074485716,0.0200382278951764,24.0258352463166,1199,1200,1200,0.0144371215190321,0.01766574050118,-0.573659545506013,0.764882461040183,-0.943600039983387,0.802228787167737,0,0,0,0,1199,0,1199,0.99,0.99,0.99,1199,1150,1150,0,3,3,0,0,30.2127416978583,96552.2502820951,712.113193307923,0,6.34211148256287,3.17008409462935
abrupt,S_fixed,"Shared, fixed forgetting",S,adaptive,7,1,3,pre,30,40,1,complete,100,100,0.0730650325563215,0.596813689746649,0.5483879872285,0.0211849381299155,2.11849381299155,100,100,100,0.00814071420844657,0.0122229690321304,-0.573659545506013,0.096813689746649,-0.682964478172759,0.602031428666167,0,0,0,0,100,0,100,0.99,0.99,0.99,100,100,100,0,3,3,0,0,1880.60390849275,96552.2502820951,283.634890182504,0,0.573197879877561,0.726336595867655
abrupt,S_fixed,"Shared, fixed forgetting",S,adaptive,7,1,3,event,50,60,1,complete,100,100,0.143813949384419,0.808725771289538,0.552112001780344,0.0378703667713068,3.78703667713068,100,100,100,0.0377501951636804,0.0393146159102384,-0.0587257712895382,0.740815698712178,-0.783424096666837,0.633877172017725,0,0,0,0,100,0,100,0.99,0.99,0.99,100,100,100,0,3,3,0,0,2122.65057503282,24399.5800456496,202.423851158718,0,15.0167826512162,12.9963016381804
abrupt,S_fixed,"Shared, fixed forgetting",S,adaptive,7,1,3,late,90,100,1,complete,100,100,0.0260035333854998,0.231652559503333,0.490020007635763,0.0211854427398273,2.11854427398273,100,100,100,0.00880808585534493,0.0133840859580161,0.368347440496667,0.628508447867275,-0.243103392576706,0.553692881963538,0,0,0,0,100,0,100,0.99,0.99,0.99,100,100,100,0,3,3,0,0,10189.073424159,25785.5983052976,712.113193307923,0,2.73336768187998,1.24949221320083
abrupt,S_fixed,"Shared, fixed forgetting",S,adaptive,8,1,3,whole,0,120,1,complete,1200,1200,0.0652627245103335,0.821894415732332,0.466916531809222,0.0200044593329315,23.9853467401849,1199,1200,1200,0.0149146767864141,0.0178465731884722,-0.569777488388942,0.769537901131961,-0.847356087326944,0.825101227770766,0,0,0,0,1199,0,1199,0.99,0.99,0.99,1199,1150,1150,0,3,3,0,0,30.606555869606,79904.9299059918,722.331223347387,0,6.22503454460846,2.3105475265092
abrupt,S_fixed,"Shared, fixed forgetting",S,adaptive,8,1,3,pre,30,40,1,complete,100,100,0.0758927608725295,0.615758468077799,0.54591330512038,0.0206553490220504,2.06553490220504,100,100,100,0.00697143683596481,0.0125749535339408,-0.569777488388942,0.115758468077799,-0.67818228671918,0.609093845377129,0,0,0,0,100,0,100,0.99,0.99,0.99,100,100,100,0,3,3,0,0,1316.78906108938,79904.9299059918,279.060190433358,0,0.634123164492352,1.23259893612777
abrupt,S_fixed,"Shared, fixed forgetting",S,adaptive,8,1,3,event,50,60,1,complete,100,100,0.143284616279564,0.821894415732332,0.555409323090224,0.0377955407824733,3.77955407824733,100,100,100,0.0389906944703311,0.0401544725580454,-0.0718944157323324,0.745581937072461,-0.784952401798415,0.658641170179708,0,0,0,0,100,0,100,0.99,0.99,0.99,100,100,100,0,3,3,0,0,1772.2373675288,22000.8944987789,203.374648892596,0,14.8913279380922,11.865380010448
abrupt,S_fixed,"Shared, fixed forgetting",S,adaptive,8,1,3,late,90,100,1,complete,100,100,0.0236437737354871,0.210811280956963,0.491666715864814,0.0199536627566975,1.99536627566975,100,100,100,0.00906041127400013,0.0127802468425053,0.389188719043037,0.636397023705634,-0.230140214209882,0.542559475446172,0,0,0,0,100,0,100,0.99,0.99,0.99,100,100,100,0,3,3,0,0,8114.51272591408,30312.7716400715,722.331223347387,0,1.73809339738786,0.530775029082542
abrupt,S_fixed,"Shared, fixed forgetting",S,adaptive,9,1,3,whole,0,120,1,complete,1200,1200,0.0648782379659466,0.832739257958281,0.46658013825103,0.0202245090231012,24.2491863186983,1199,1200,1200,0.0145518506628268,0.0179607980307896,-0.567448331938411,0.770349588415202,-0.839438206426535,0.817229618729483,0,0,0,0,1199,0,1199,0.99,0.99,0.99,1199,1150,1150,0,3,3,0,0,29.4408055542164,106591.76816267,755.45887451006,0,6.05173800465637,2.26966489191571
abrupt,S_fixed,"Shared, fixed forgetting",S,adaptive,9,1,3,pre,30,40,1,complete,100,100,0.0720766926491737,0.584412940164021,0.546180862626865,0.0211006393544939,2.11006393544939,100,100,100,0.00714194678316665,0.0133866781916027,-0.567448331938411,0.084412940164021,-0.697758739180183,0.603600339748693,0,0,0,0,100,0,100,0.99,0.99,0.99,100,100,100,0,3,3,0,0,1923.02199891808,106591.76816267,271.847727029934,0,0.416711387807654,0.0931890052481352
abrupt,S_fixed,"Shared, fixed forgetting",S,adaptive,9,1,3,event,50,60,1,complete,100,100,0.142980596051988,0.832739257958281,0.555857777947425,0.0369151283736407,3.69151283736407,100,100,100,0.0373219466123092,0.0394489920918941,-0.0827392579582805,0.752171393021678,-0.803206548564674,0.648039364504008,0,0,0,0,100,0,100,0.99,0.99,0.99,100,100,100,0,3,3,0,0,1892.91927664264,33148.7002930025,191.593093994993,0,14.6780202635329,11.8219383374454
abrupt,S_fixed,"Shared, fixed forgetting",S,adaptive,9,1,3,late,90,100,1,complete,100,100,0.02335044303826,0.207058422063174,0.491118831826351,0.0207763735340822,2.07763735340822,100,100,100,0.00885270624865859,0.0131646417175929,0.392941577936826,0.626956321705976,-0.231760354963748,0.544493029309008,0,0,0,0,100,0,100,0.99,0.99,0.99,100,100,100,0,3,3,0,0,15132.1937948548,25912.9398564818,755.45887451006,0,1.96287908429543,0.764740476648351
abrupt,S_fixed,"Shared, fixed forgetting",S,adaptive,10,1,3,whole,0,120,1,complete,1200,1200,0.0644946310353846,0.82888308480206,0.466483920128144,0.0202491872465474,24.2787755086103,1199,1200,1200,0.0145655710966248,0.0181444857423809,-0.551496744033471,0.765663600736904,-0.873401029468637,0.805118908552981,0,0,0,0,1199,0,1199,0.99,0.99,0.99,1199,1150,1150,0,3,3,0,0,31.7888394319698,82447.954339073,724.614740956172,0,6.12566158143336,2.9950110495779
abrupt,S_fixed,"Shared, fixed forgetting",S,adaptive,10,1,3,pre,30,40,1,complete,100,100,0.0728261273999055,0.60258072688678,0.546098449925134,0.0204204297231815,2.04204297231815,100,100,100,0.00792805394661982,0.0128090363864641,-0.551496744033471,0.10258072688678,-0.670692186833849,0.61429157879421,0,0,0,0,100,0,100,0.99,0.99,0.99,100,100,100,0,3,3,0,0,1976.30195395362,82447.954339073,285.744845458451,0,1.0315425535189,0.774200406118172
abrupt,S_fixed,"Shared, fixed forgetting",S,adaptive,10,1,3,event,50,60,1,complete,100,100,0.141863860509752,0.82888308480206,0.559248349192964,0.0378470669055796,3.78470669055796,100,100,100,0.0371976179835987,0.039818140565887,-0.0788830848020598,0.747329383875405,-0.81201806160228,0.654937894810496,0,0,0,0,100,0,100,0.99,0.99,0.99,100,100,100,0,3,3,0,0,1882.07803678302,38371.4270399863,195.801606004014,0,15.0614912314396,12.0700138459839
abrupt,S_fixed,"Shared, fixed forgetting",S,adaptive,10,1,3,late,90,100,1,complete,100,100,0.0242048916310093,0.221456225631726,0.490326605546086,0.0215338409228346,2.15338409228346,100,100,100,0.0089084466161616,0.0147804680238585,0.378543774368274,0.621615452798755,-0.234839219830378,0.539455060192711,0,0,0,0,100,0,100,0.99,0.99,0.99,100,100,100,0,3,3,0,0,10349.734582636,20983.2668215954,724.614740956172,0,1.87347853038778,0.233654419499877
abrupt,S_fixed,"Shared, fixed forgetting",S,adaptive,11,1,3,whole,0,120,1,complete,1200,1200,0.063610993062565,0.791175737956388,0.466319593420642,0.0205948201098554,24.6931893117166,1199,1200,1200,0.0152344969317919,0.0179705781002129,-0.567588933855522,0.766545918496256,-0.900835059015004,0.844024099932377,0,0,0,0,1199,0,1199,0.99,0.99,0.99,1199,1150,1150,0,3,3,0,0,31.0851506133146,91105.5974082537,690.151961473573,0,6.01106222059739,2.93871811213957
abrupt,S_fixed,"Shared, fixed forgetting",S,adaptive,11,1,3,pre,30,40,1,complete,100,100,0.0734616806377555,0.597373827553001,0.547015544557094,0.0204707367392452,2.04707367392452,100,100,100,0.00676781429353498,0.0115386536660193,-0.567588933855522,0.0973738275530014,-0.684023067042102,0.613232246609846,0,0,0,0,100,0,100,0.99,0.99,0.99,100,100,100,0,3,3,0,0,1685.8393704604,91105.5974082537,279.221143118933,0,0.461949667099571,0.426903417107937
abrupt,S_fixed,"Shared, fixed forgetting",S,adaptive,11,1,3,event,50,60,1,complete,100,100,0.136459563894773,0.791175737956388,0.556282533182093,0.0429648036848758,4.29648036848758,100,100,100,0.0394810116114555,0.0405102166389231,-0.041175737956388,0.757817361287072,-0.7747449621471,0.669634187877442,0,0,0,0,100,0,100,0.99,0.99,0.99,100,100,100,0,3,3,0,0,1467.0568179023,29086.5930788341,195.909774993374,0,14.8339688430864,11.6104758116418
abrupt,S_fixed,"Shared, fixed forgetting",S,adaptive,11,1,3,late,90,100,1,complete,100,100,0.0240380613738215,0.213607527262195,0.4903597094365,0.0230455218866311,2.30455218866311,100,100,100,0.0106674097999109,0.0156192178249839,0.386392472737805,0.626471879509817,-0.231105437064519,0.549809400721597,0,0,0,0,100,0,100,0.99,0.99,0.99,100,100,100,0,3,3,0,0,9743.01056071797,24425.2793351435,690.151961473573,0,1.38845529036066,0.533306045407576
abrupt,S_fixed,"Shared, fixed forgetting",S,adaptive,12,1,3,whole,0,120,1,complete,1200,1200,0.0648536778584303,0.831620252437178,0.466322278270283,0.0194468735846636,23.3168014280117,1199,1200,1200,0.0146506081664056,0.017548449317009,-0.562552907670627,0.774816631835106,-0.82097409711572,0.781651251341427,0,0,0,0,1199,0,1199,0.99,0.99,0.99,1199,1150,1150,0,3,3,0,0,31.3237606016209,80464.8676682535,801.120430041749,0,6.13914931055487,3.67300172897644
abrupt,S_fixed,"Shared, fixed forgetting",S,adaptive,12,1,3,pre,30,40,1,complete,100,100,0.0713476167121833,0.58006445477431,0.54818322053688,0.0202139129791916,2.02139129791916,100,100,100,0.00837622427780055,0.0124799649747043,-0.562552907670627,0.0800644547743099,-0.678007611849763,0.594765234246553,0,0,0,0,100,0,100,0.99,0.99,0.99,100,100,100,0,3,3,0,0,1751.3344561185,80464.8676682535,284.48415138254,0,0.925346220153883,0.773769065749674
abrupt,S_fixed,"Shared, fixed forgetting",S,adaptive,12,1,3,event,50,60,1,complete,100,100,0.14321508230696,0.831620252437178,0.557896134799089,0.0398263748503437,3.98263748503437,100,100,100,0.0384601759380239,0.0404264375915698,-0.081620252437178,0.749689045999139,-0.82097409711572,0.647802187206927,0,0,0,0,100,0,100,0.99,0.99,0.99,100,100,100,0,3,3,0,0,1956.28826966438,26735.6739495399,202.049756233103,0,14.9948420142948,11.5324992474177
abrupt,S_fixed,"Shared, fixed forgetting",S,adaptive,12,1,3,late,90,100,1,complete,100,100,0.0231180140364354,0.209663726275659,0.489762533476079,0.019474449641992,1.9474449641992,100,100,100,0.00730180502767855,0.0124130500660556,0.390336273724341,0.62764705448099,-0.228967049711611,0.559122476251791,0,0,0,0,100,0,100,0.99,0.99,0.99,100,100,100,0,3,3,0,0,13303.6512621891,33722.0295231591,801.120430041749,0,1.21502340358964,1.02157102602751
abrupt,S_fixed,"Shared, fixed forgetting",S,adaptive,13,1,3,whole,0,120,1,complete,1200,1200,0.06424970574591,0.82081850117106,0.467683947752954,0.0204626489620635,24.5347161055142,1199,1200,1200,0.0147569541891407,0.017954742690973,-0.570370194365011,0.76918981746288,-0.876993787874596,0.830539690288282,0,0,0,0,1199,0,1199,0.99,0.99,0.99,1199,1150,1150,0,3,3,0,0,30.4818238853883,105860.070682229,700.088295276509,0,6.04599828406597,2.95413521614299
abrupt,S_fixed,"Shared, fixed forgetting",S,adaptive,13,1,3,pre,30,40,1,complete,100,100,0.0750277428199787,0.610155557465614,0.548571869814416,0.0204383622526716,2.04383622526716,100,100,100,0.00665558283279687,0.0111151234037709,-0.570370194365011,0.110155557465614,-0.687869208981397,0.610387030439064,0,0,0,0,100,0,100,0.99,0.99,0.99,100,100,100,0,3,3,0,0,1549.75434819897,105860.070682229,278.567155707817,0,0.71116072170162,0.80750537570018
abrupt,S_fixed,"Shared, fixed forgetting",S,adaptive,13,1,3,event,50,60,1,complete,100,100,0.139810415730775,0.82081850117106,0.557527789023614,0.0412741437117333,4.12741437117333,100,100,100,0.0382361586522189,0.040273057339602,-0.0708185011710596,0.753667578580079,-0.798707799761802,0.686727373853602,0,0,0,0,100,0,100,0.99,0.99,0.99,100,100,100,0,3,3,0,0,1889.69728325558,43471.9713558703,201.979833734318,0,15.0400053065365,11.7810099357985
abrupt,S_fixed,"Shared, fixed forgetting",S,adaptive,13,1,3,late,90,100,1,complete,100,100,0.0241185324404865,0.217109222491029,0.489739157113122,0.0226899482965069,2.26899482965069,100,100,100,0.0100525438439648,0.0154215605023109,0.382890777508971,0.632981855591708,-0.231900125697481,0.558164967253592,0,0,0,0,100,0,100,0.99,0.99,0.99,100,100,100,0,3,3,0,0,10471.1081256301,21253.4078575478,700.088295276509,0,1.66747837634755,0.407398324251793
abrupt,S_fixed,"Shared, fixed forgetting",S,adaptive,14,1,3,whole,0,120,1,complete,1200,1200,0.065078163911534,0.832208864025034,0.466527060274382,0.0197555942852192,23.6869575479778,1199,1200,1200,0.014793208871275,0.017919469055224,-0.566062332066411,0.769892907695682,-0.877690646528085,0.775075938657349,0,0,0,0,1199,0,1199,0.99,0.99,0.99,1199,1150,1150,0,3,3,0,0,31.7070753503292,70069.6889069292,766.66635384644,0,6.14495690999982,2.10233537721724
abrupt,S_fixed,"Shared, fixed forgetting",S,adaptive,14,1,3,pre,30,40,1,complete,100,100,0.0719211530775863,0.584712513092148,0.546406998302832,0.0213456617151655,2.13456617151655,100,100,100,0.00771272991414869,0.0135796620244792,-0.566062332066411,0.0847125130921478,-0.666057706377191,0.605294193424739,0,0,0,0,100,0,100,0.99,0.99,0.99,100,100,100,0,3,3,0,0,1665.93335399007,63747.2321421469,285.684746765731,0,1.08638517707187,0.860247172581157
abrupt,S_fixed,"Shared, fixed forgetting",S,adaptive,14,1,3,event,50,60,1,complete,100,100,0.145524782495969,0.832208864025034,0.554288782291085,0.0379242432145312,3.79242432145312,100,100,100,0.0394218055290374,0.04044406764753,-0.0822088640250344,0.758896502253255,-0.796842551366551,0.66143342012226,0,0,0,0,100,0,100,0.99,0.99,0.99,100,100,100,0,3,3,0,0,1723.96135376808,23849.2411737964,199.749891257864,0,14.7155442190851,12.2774250964101
abrupt,S_fixed,"Shared, fixed forgetting",S,adaptive,14,1,3,late,90,100,1,complete,100,100,0.0239894852989012,0.219435978484156,0.489919936348193,0.019217112042965,1.9217112042965,100,100,100,0.00778918544714025,0.0119726495750071,0.380564021515844,0.619167842076517,-0.236978560556384,0.55385277104392,0,0,0,0,100,0,100,0.99,0.99,0.99,100,100,100,0,3,3,0,0,13688.4574558693,30967.4474884201,766.66635384644,0,1.59426404262345,1.20198862792994
abrupt,S_fixed,"Shared, fixed forgetting",S,adaptive,15,1,3,whole,0,120,1,complete,1200,1200,0.0645852783804663,0.827389132972009,0.466957444279133,0.0199771161200033,23.952562227884,1199,1200,1200,0.0143980478747489,0.0177476123377385,-0.564624261970274,0.766040259644899,-0.836401969213201,0.840851125574325,0,0,0,0,1199,0,1199,0.99,0.99,0.99,1199,1150,1150,0,3,3,0,0,31.0359388276835,99002.1576209279,721.911242341612,0,6.05196559385884,2.3246077687909
abrupt,S_fixed,"Shared, fixed forgetting",S,adaptive,15,1,3,pre,30,40,1,complete,100,100,0.0738456241875405,0.603134699877062,0.54629166960905,0.0201318571043573,2.01318571043573,100,100,100,0.00764664429964599,0.0111416597322394,-0.564624261970274,0.103134699877062,-0.682133087700521,0.623053454076663,0,0,0,0,100,0,100,0.99,0.99,0.99,100,100,100,0,3,3,0,0,1639.11366841194,99002.1576209279,283.946781560256,0,0.722891326357563,0.352155215390467
abrupt,S_fixed,"Shared, fixed forgetting",S,adaptive,15,1,3,event,50,60,1,complete,100,100,0.14204306551927,0.827389132972009,0.557332608406066,0.0397695446248938,3.97695446248938,100,100,100,0.0374475168687806,0.039992607605512,-0.0773891329720091,0.756540316765284,-0.774977393501793,0.665197733180353,0,0,0,0,100,0,100,0.99,0.99,0.99,100,100,100,0,3,3,0,0,1745.77551950019,35896.5096164726,199.830990949899,0,14.9707034126463,11.5848239549632
abrupt,S_fixed,"Shared, fixed forgetting",S,adaptive,15,1,3,late,90,100,1,complete,100,100,0.0234074653229823,0.2132511650607,0.487722403724088,0.020595315897182,2.0595315897182,100,100,100,0.00920076987350872,0.0144397103121299,0.3867488349393,0.61956907768778,-0.226960396626879,0.536292941409625,0,0,0,0,100,0,100,0.99,0.99,0.99,100,100,100,0,3,3,0,0,10838.9154263212,41886.5066945744,721.911242341612,0,1.16421410082016,0.0750549581552085
abrupt,S_fixed,"Shared, fixed forgetting",S,adaptive,16,1,3,whole,0,120,1,complete,1200,1200,0.0633239012606429,0.784221065531384,0.465552075074163,0.020677001588712,24.7917249048656,1199,1200,1200,0.0150168915688639,0.0179396527289255,-0.568728131169124,0.788035070098188,-0.91290235190122,0.875720112427778,0,0,0,0,1199,0,1199,0.99,0.99,0.99,1199,1150,1150,0,3,3,0,0,31.6492644648761,88884.3404112673,688.715326671551,0,5.9350679765891,3.18038983180607
abrupt,S_fixed,"Shared, fixed forgetting",S,adaptive,16,1,3,pre,30,40,1,complete,100,100,0.0715491605722394,0.578965312365813,0.547096308197516,0.0205449018873034,2.05449018873034,100,100,100,0.00860867594782589,0.013482468883089,-0.568728131169124,0.0789653123658133,-0.680995647805682,0.597808509792264,0,0,0,0,100,0,100,0.99,0.99,0.99,100,100,100,0,3,3,0,0,1961.30249418622,88884.3404112673,281.314080490486,0,0.694724550393203,0.516789543195734
abrupt,S_fixed,"Shared, fixed forgetting",S,adaptive,16,1,3,event,50,60,1,complete,100,100,0.138257301328309,0.784221065531384,0.554376246238323,0.0413684149539576,4.13684149539576,100,100,100,0.0391341097715533,0.040803720625589,-0.0342210655313839,0.759471210963846,-0.723995978902248,0.664492237909328,0,0,0,0,100,0,100,0.99,0.99,0.99,100,100,100,0,3,3,0,0,1451.08980208673,24460.3346595341,188.284261978149,0,14.3931192972005,11.7768116096161
abrupt,S_fixed,"Shared, fixed forgetting",S,adaptive,16,1,3,late,90,100,1,complete,100,100,0.0241301112280847,0.218117978566708,0.488623675944622,0.018582751439741,1.8582751439741,100,100,100,0.00792713424730916,0.0106944240284392,0.381882021433292,0.634394003053832,-0.24397198407013,0.560665276223762,0,0,0,0,100,0,100,0.99,0.99,0.99,100,100,100,0,3,3,0,0,11867.2210737876,32713.9340708194,688.715326671551,0,2.12083794934895,0.582012117169239
abrupt,S_fixed,"Shared, fixed forgetting",S,adaptive,17,1,3,whole,0,120,1,complete,1200,1200,0.0649717277011553,0.830238352798708,0.467357485210008,0.0201889418356866,24.2065412609883,1199,1200,1200,0.0151862993985421,0.0177895066120523,-0.564633099913764,0.768706326895014,-0.852955450284199,0.800307904567378,0,0,0,0,1199,0,1199,0.99,0.99,0.99,1199,1150,1150,0,3,3,0,0,31.4912421895303,87331.4784907236,730.306072162925,0,6.11998737314341,2.24725681224888
abrupt,S_fixed,"Shared, fixed forgetting",S,adaptive,17,1,3,pre,30,40,1,complete,100,100,0.0740876476544511,0.601172633212484,0.549246229518386,0.0208262351819325,2.08262351819325,100,100,100,0.00773199537463786,0.0119482673676654,-0.564633099913764,0.101172633212484,-0.675608283534509,0.621353258492874,0,0,0,0,100,0,100,0.99,0.99,0.99,100,100,100,0,3,3,0,0,1955.56470249715,87331.4784907236,285.225424571803,0,0.234766011647903,0.057781008094417
abrupt,S_fixed,"Shared, fixed forgetting",S,adaptive,17,1,3,event,50,60,1,complete,100,100,0.143400764661066,0.830238352798708,0.560433304923149,0.0444454227581668,4.44454227581668,100,100,100,0.0395200636796914,0.0408832982751783,-0.0802383527987081,0.765338045229102,-0.815708180765022,0.706506822361231,0,0,0,0,100,0,100,0.99,0.99,0.99,100,100,100,0,3,3,0,0,1736.17598538396,42856.3922240271,196.490046306288,0,15.2091786746264,11.9973889043901
abrupt,S_fixed,"Shared, fixed forgetting",S,adaptive,17,1,3,late,90,100,1,complete,100,100,0.0245228128122086,0.219828170348794,0.493146608588746,0.0186459771571915,1.86459771571915,100,100,100,0.00872618446577395,0.0118090135324635,0.380171829651206,0.622291632922832,-0.225411408369112,0.554399659384898,0,0,0,0,100,0,100,0.99,0.99,0.99,100,100,100,0,3,3,0,0,11739.7458445973,36819.8123720853,730.306072162925,0,1.29745275174115,0.396049929958053
abrupt,S_fixed,"Shared, fixed forgetting",S,adaptive,18,1,3,whole,0,120,1,complete,1200,1200,0.0637090152070772,0.791126857131827,0.466279586986078,0.0207632516190454,24.8951386912354,1199,1200,1200,0.0149022719408745,0.0182529947924738,-0.563347142173016,0.77584872016138,-0.902607697389764,0.81151280364074,0,0,0,0,1199,0,1199,0.99,0.99,0.99,1199,1150,1150,0,3,3,0,0,31.6672258981511,95777.2723763869,708.49629926543,0,5.77130991537696,3.36911386250062
abrupt,S_fixed,"Shared, fixed forgetting",S,adaptive,18,1,3,pre,30,40,1,complete,100,100,0.0755383315709224,0.614072626972968,0.54632698712912,0.0202584401171395,2.02584401171395,100,100,100,0.00769569581486237,0.0120552012903854,-0.563347142173016,0.114072626972968,-0.673205909086138,0.626803075061695,0,0,0,0,100,0,100,0.99,0.99,0.99,100,100,100,0,3,3,0,0,1667.81385985864,95777.2723763869,286.262967023053,0,0.524154983230012,0.0773421624163944
abrupt,S_fixed,"Shared, fixed forgetting",S,adaptive,18,1,3,event,50,60,1,complete,100,100,0.137547946358476,0.791126857131827,0.555677032574466,0.0438292886115632,4.38292886115632,100,100,100,0.0389408876002416,0.0410579318685148,-0.0411268571318272,0.751926519803608,-0.737094764702358,0.678957746344029,0,0,0,0,100,0,100,0.99,0.99,0.99,100,100,100,0,3,3,0,0,1113.66099492639,21397.7661601651,196.618189868036,0,14.4588594448547,11.4332832529457
abrupt,S_fixed,"Shared, fixed forgetting",S,adaptive,18,1,3,late,90,100,1,complete,100,100,0.0242633135398744,0.218524239377952,0.489523959175747,0.021447137813268,2.1447137813268,100,100,100,0.00929830629935575,0.0146640585383096,0.381475760622048,0.632948067157539,-0.23094375794495,0.562523859078496,0,0,0,0,100,0,100,0.99,0.99,0.99,100,100,100,0,3,3,0,0,7323.27223142855,24445.0515947585,708.49629926543,0,1.57550921437831,0.747071973437609
abrupt,S_fixed,"Shared, fixed forgetting",S,adaptive,19,1,3,whole,0,120,1,complete,1200,1200,0.0653362312011686,0.82979186437934,0.466810514634429,0.0203306774213235,24.3764822281669,1199,1200,1200,0.0151754484861889,0.0178273020027601,-0.57623986784411,0.76592199688431,-0.838475402065548,0.813531393065921,0,0,0,0,1199,0,1199,0.99,0.99,0.99,1199,1150,1150,0,3,3,0,0,31.1414086139052,121664.185039338,721.095842752369,0,6.16810692038262,2.16255314932831
abrupt,S_fixed,"Shared, fixed forgetting",S,adaptive,19,1,3,pre,30,40,1,complete,100,100,0.0744671089613579,0.609015513462154,0.548596890347154,0.0203583317382914,2.03583317382914,100,100,100,0.00705504146057532,0.010860939910853,-0.57623986784411,0.109015513462154,-0.687163826636575,0.626993821909777,0,0,0,0,100,0,100,0.99,0.99,0.99,100,100,100,0,3,3,0,0,1784.01836691153,121664.185039338,277.740649942868,0,0.304965260927302,0.144277620071345
abrupt,S_fixed,"Shared, fixed forgetting",S,adaptive,19,1,3,event,50,60,1,complete,100,100,0.144351974616551,0.82979186437934,0.555186323548763,0.0395620166295258,3.95620166295258,100,100,100,0.0406325218754735,0.0391417332677339,-0.0797918643793402,0.75567992290733,-0.809516709744734,0.656171954437307,0,0,0,0,100,0,100,0.99,0.99,0.99,100,100,100,0,3,3,0,0,2071.12348951836,18196.6300038645,193.012783357063,0,14.5823976685903,11.8106093174616
abrupt,S_fixed,"Shared, fixed forgetting",S,adaptive,19,1,3,late,90,100,1,complete,100,100,0.0255889484549882,0.227487604413976,0.489604686871473,0.0221372437802805,2.21372437802805,100,100,100,0.00946680335299414,0.0147026641895956,0.372512395586024,0.636759708005208,-0.242801427307078,0.56268151824223,0,0,0,0,100,0,100,0.99,0.99,0.99,100,100,100,0,3,3,0,0,7155.83029836494,25792.9794550745,721.095842752369,0,2.44978645882097,0.338928372302911
abrupt,S_fixed,"Shared, fixed forgetting",S,adaptive,20,1,3,whole,0,120,1,complete,1200,1200,0.0643136502642165,0.804942562884696,0.466854780895919,0.0203450436458251,24.3937073313443,1199,1200,1200,0.0149834742853599,0.0179682902962552,-0.555377414049818,0.763966452177173,-0.89092747322598,0.856024100931713,0,0,0,0,1199,0,1199,0.99,0.99,0.99,1199,1150,1150,0,3,3,0,0,30.6688600870801,73019.0703242256,670.910783439217,0,6.23548511833943,3.46827357887802
abrupt,S_fixed,"Shared, fixed forgetting",S,adaptive,20,1,3,pre,30,40,1,complete,100,100,0.0731087023793196,0.596967120238993,0.547342441825402,0.0207551855868955,2.07551855868955,100,100,100,0.00740527133250078,0.0125292738674833,-0.555377414049818,0.0969671202389935,-0.671668991687419,0.601752005700385,0,0,0,0,100,0,100,0.99,0.99,0.99,100,100,100,0,3,3,0,0,2462.49048361357,73019.0703242256,285.69966928701,0,0.912974191797448,1.16550934047079
abrupt,S_fixed,"Shared, fixed forgetting",S,adaptive,20,1,3,event,50,60,1,complete,100,100,0.141484836822169,0.804942562884696,0.553933641780595,0.0401510557119488,4.01510557119488,100,100,100,0.0389363473271006,0.0407525064936956,-0.0549425628846958,0.748891023921538,-0.750000004185701,0.641188800653547,0,0,0,0,100,0,100,0.99,0.99,0.99,100,100,100,0,3,3,0,0,1771.29244092944,25284.9900467876,205.270457638777,0,15.0895107130734,12.1463540028352
abrupt,S_fixed,"Shared, fixed forgetting",S,adaptive,20,1,3,late,90,100,1,complete,100,100,0.0268595103533297,0.240957425693789,0.489859881089426,0.0214191305345943,2.14191305345943,100,100,100,0.00956710273227154,0.0138173053004244,0.359042574306211,0.632418336885839,-0.242814217020411,0.561855664894287,0,0,0,0,100,0,100,0.99,0.99,0.99,100,100,100,0,3,3,0,0,12214.0255424852,27298.3979443206,670.910783439217,0,2.08887918811703,0.94331218592062
abrupt,S_fixed,"Shared, fixed forgetting",S,adaptive,21,1,3,whole,0,120,1,complete,1200,1200,0.0639288294886773,0.816469784969271,0.467118724144256,0.0207346492698047,24.8608444744958,1199,1200,1200,0.0148339949087319,0.0183279437620804,-0.566640408108795,0.771850745658947,-0.858785292010773,0.852729515495525,0,0,0,0,1199,0,1199,0.99,0.99,0.99,1199,1150,1150,0,3,3,0,0,30.3642821633873,71237.9870032056,711.864143877856,0,5.98679164626909,1.7176519182697
abrupt,S_fixed,"Shared, fixed forgetting",S,adaptive,21,1,3,pre,30,40,1,complete,100,100,0.0720053267569311,0.588590414777568,0.547673205163457,0.0212710687716239,2.12710687716239,100,100,100,0.00802260847532561,0.0130762746755106,-0.566640408108795,0.0885904147775677,-0.681576570390364,0.609469583802385,0,0,0,0,100,0,100,0.99,0.99,0.99,100,100,100,0,3,3,0,0,1676.21162351064,71237.9870032056,278.662744139661,0,0.477145756371526,0.744031807707574
abrupt,S_fixed,"Shared, fixed forgetting",S,adaptive,21,1,3,event,50,60,1,complete,100,100,0.141885907235799,0.816469784969271,0.557232791380927,0.0413575334104579,4.13575334104579,100,100,100,0.0391170369184666,0.0413365029183562,-0.0664697849692708,0.749488086280418,-0.798416359936582,0.672867831837193,0,0,0,0,100,0,100,0.99,0.99,0.99,100,100,100,0,3,3,0,0,1699.48374147019,28941.8100114106,196.439913360663,0,14.810315941891,11.8956962334188
abrupt,S_fixed,"Shared, fixed forgetting",S,adaptive,21,1,3,late,90,100,1,complete,100,100,0.0234276455392564,0.211765091904333,0.48949998455923,0.0220940749562761,2.20940749562761,100,100,100,0.00957811879267961,0.0154278504122926,0.388234908095667,0.634489797638934,-0.234160309135394,0.551299168333191,0,0,0,0,100,0,100,0.99,0.99,0.99,100,100,100,0,3,3,0,0,10376.2787154917,26153.3709728808,711.864143877856,0,1.61770233777156,1.10981523728459
abrupt,S_fixed,"Shared, fixed forgetting",S,adaptive,22,1,3,whole,0,120,1,complete,1200,1200,0.0647322020063524,0.810685061135296,0.467206861825658,0.0206069594155532,24.7077443392483,1199,1200,1200,0.0151097030200032,0.0184953422788996,-0.569819692815256,0.771237756357882,-0.896260425631151,0.765772490377715,0,0,0,0,1199,0,1199,0.99,0.99,0.99,1199,1150,1150,0,3,3,0,0,32.2812370037427,79203.8631478173,722.050181395274,0,6.12502230696794,2.83481979935297
abrupt,S_fixed,"Shared, fixed forgetting",S,adaptive,22,1,3,pre,30,40,1,complete,100,100,0.0741555148794722,0.605238242669597,0.545749709946743,0.0202917910682964,2.02917910682964,100,100,100,0.00757955558840575,0.0112421301386967,-0.569819692815256,0.105238242669597,-0.676941261941983,0.614080159369866,0,0,0,0,100,0,100,0.99,0.99,0.99,100,100,100,0,3,3,0,0,1975.38251016666,78602.1482369064,286.983384943295,0,0.668728865446719,0.650064892527021
abrupt,S_fixed,"Shared, fixed forgetting",S,adaptive,22,1,3,event,50,60,1,complete,100,100,0.141360632805257,0.810685061135296,0.556743759533664,0.0377383899207266,3.77383899207266,100,100,100,0.0386459181808713,0.0403918344199863,-0.0606850611352959,0.757217515219293,-0.762273791833093,0.646790937625749,0,0,0,0,100,0,100,0.99,0.99,0.99,100,100,100,0,3,3,0,0,1703.92471459151,26761.8159218989,199.553018138488,0,14.9201968800678,12.2034350738716
abrupt,S_fixed,"Shared, fixed forgetting",S,adaptive,22,1,3,late,90,100,1,complete,100,100,0.0243984795931263,0.217372731171081,0.489980627934852,0.0232656731935692,2.32656731935692,100,100,100,0.0110554796528744,0.01686622285617,0.382627268828919,0.618407039464838,-0.227120216050841,0.528459377843633,0,0,0,0,100,0,100,0.99,0.99,0.99,100,100,100,0,3,3,0,0,9485.70992468776,24836.9642233635,722.050181395274,0,2.04004848998994,1.06244613272336
abrupt,S_fixed,"Shared, fixed forgetting",S,adaptive,23,1,3,whole,0,120,1,complete,1200,1200,0.0647235727599289,0.823073089158465,0.465855149640551,0.0202957961973595,24.3346596406341,1199,1200,1200,0.0151842207323046,0.0180403219350012,-0.575529456441462,0.774695181092407,-0.8766101112442,0.808600605307365,0,0,0,0,1199,0,1199,0.99,0.99,0.99,1199,1150,1150,0,3,3,0,0,30.0157348119855,84538.6928459727,751.006287993078,0,6.04369467666854,2.75022109414497
abrupt,S_fixed,"Shared, fixed forgetting",S,adaptive,23,1,3,pre,30,40,1,complete,100,100,0.0726539583476595,0.58926298740905,0.547506800127194,0.0207249930440022,2.07249930440022,100,100,100,0.00769210377170474,0.0121935731584836,-0.575529456441462,0.0892629874090503,-0.683681072446546,0.606667421658981,0,0,0,0,100,0,100,0.99,0.99,0.99,100,100,100,0,3,3,0,0,1879.05436177049,84538.6928459727,276.435534943371,0,0.709382490540327,0.188857649841173
abrupt,S_fixed,"Shared, fixed forgetting",S,adaptive,23,1,3,event,50,60,1,complete,100,100,0.144137448156799,0.823073089158465,0.55286931718193,0.0392041993736173,3.92041993736173,100,100,100,0.0401537939813785,0.04016548543838,-0.0730730891584647,0.764461560436417,-0.791695850092746,0.643809915812003,0,0,0,0,100,0,100,0.99,0.99,0.99,100,100,100,0,3,3,0,0,1796.98834184076,31259.8410654057,195.009958850541,0,14.7317964687888,12.0404366676162
abrupt,S_fixed,"Shared, fixed forgetting",S,adaptive,23,1,3,late,90,100,1,complete,100,100,0.0228061864001465,0.207053625721522,0.490019063191259,0.0214753757416949,2.14753757416949,100,100,100,0.00913794667941203,0.0147039576460061,0.392946374278478,0.627646450379787,-0.214667289907803,0.547133933728424,0,0,0,0,100,0,100,0.99,0.99,0.99,100,100,100,0,3,3,0,0,9372.02448830638,32280.2261680204,751.006287993078,0,1.26531831802586,1.41407082213918
abrupt,S_fixed,"Shared, fixed forgetting",S,adaptive,24,1,3,whole,0,120,1,complete,1200,1200,0.0650527951389483,0.811382477838493,0.466652029463791,0.0205659014632536,24.658515854441,1199,1200,1200,0.0149241120719995,0.0180355245425031,-0.562669338954715,0.774168181060142,-0.894169494984439,0.798365927474244,0,0,0,0,1199,0,1199,0.99,0.99,0.99,1199,1150,1150,0,3,3,0,0,32.3674095437079,86852.3845315419,737.980962640075,0,6.16136813884538,2.67612353291642
abrupt,S_fixed,"Shared, fixed forgetting",S,adaptive,24,1,3,pre,30,40,1,complete,100,100,0.0729228097346143,0.591905627253378,0.548370272534413,0.0210502279568896,2.10502279568896,100,100,100,0.00738476070742354,0.0137345027821381,-0.562669338954715,0.091905627253378,-0.669638270633325,0.599605709632784,0,0,0,0,100,0,100,0.99,0.99,0.99,100,100,100,0,3,3,0,0,1655.78434370963,82801.1413391372,291.033866507878,0,0.954711604371872,0.344394289363009
abrupt,S_fixed,"Shared, fixed forgetting",S,adaptive,24,1,3,event,50,60,1,complete,100,100,0.142444293646263,0.811382477838493,0.553994881287659,0.0406445128023552,4.06445128023552,100,100,100,0.0386095304982075,0.0400718299917601,-0.0613824778384929,0.751501496226257,-0.793199572534446,0.643749996219088,0,0,0,0,100,0,100,0.99,0.99,0.99,100,100,100,0,3,3,0,0,1867.55486086384,37106.4499674053,196.868158182803,0,14.8350706977334,12.3045424150026
abrupt,S_fixed,"Shared, fixed forgetting",S,adaptive,24,1,3,late,90,100,1,complete,100,100,0.0228659483766226,0.205386378523062,0.489879720910587,0.0223259808586588,2.23259808586588,100,100,100,0.0092841478274691,0.014817213524916,0.394613621476938,0.63450402332547,-0.225381259045049,0.558967910802628,0,0,0,0,100,0,100,0.99,0.99,0.99,100,100,100,0,3,3,0,0,8070.40056471453,23505.1738506323,737.980962640075,0,1.58313755203681,1.00060791531532
abrupt,S_fixed,"Shared, fixed forgetting",S,adaptive,25,1,3,whole,0,120,1,complete,1200,1200,0.0641223998122521,0.826177429187057,0.466285891335231,0.020216703884022,24.2398279569424,1199,1200,1200,0.0150170805035408,0.0181163721796471,-0.567754259750498,0.769720726449446,-0.835830384530972,0.828725221108912,0,0,0,0,1199,0,1199,0.99,0.99,0.99,1199,1150,1150,0,3,3,0,0,31.3023592087803,90997.6903308605,704.135181778962,0,5.92262241791003,3.04034798119017
abrupt,S_fixed,"Shared, fixed forgetting",S,adaptive,25,1,3,pre,30,40,1,complete,100,100,0.0732431426853628,0.597276080391881,0.546730157110968,0.0200496438837964,2.00496438837964,100,100,100,0.00828238336544202,0.0117044575908946,-0.567754259750498,0.0972760803918811,-0.670483964983289,0.618730605192255,0,0,0,0,100,0,100,0.99,0.99,0.99,100,100,100,0,3,3,0,0,1756.5942563969,90997.6903308605,286.098751665252,0,0.776414947614628,0.100551483411187
abrupt,S_fixed,"Shared, fixed forgetting",S,adaptive,25,1,3,event,50,60,1,complete,100,100,0.141394793104434,0.826177429187057,0.557677518018313,0.0418810587242137,4.18810587242137,100,100,100,0.0387073797928996,0.0410887270063824,-0.076177429187057,0.748880798848756,-0.811684528365299,0.695445369872914,0,0,0,0,100,0,100,0.99,0.99,0.99,100,100,100,0,3,3,0,0,1829.90051607576,32961.557308363,193.734108468188,0,14.6019683604879,11.5986145817119
abrupt,S_fixed,"Shared, fixed forgetting",S,adaptive,25,1,3,late,90,100,1,complete,100,100,0.0233628688032044,0.210012224157852,0.489475334232952,0.0213529249800035,2.13529249800035,100,100,100,0.00935773622094798,0.0139735861250551,0.389987775842148,0.633157724952808,-0.230156955097711,0.544343636707146,0,0,0,0,100,0,100,0.99,0.99,0.99,100,100,100,0,3,3,0,0,8033.92422758947,20347.3824951177,704.135181778962,0,1.71691907965843,0.193457851355611
abrupt,S_fixed,"Shared, fixed forgetting",S,adaptive,26,1,3,whole,0,120,1,complete,1200,1200,0.0635676222673732,0.816806242317378,0.466446496732632,0.0206007606482689,24.7003120172744,1199,1200,1200,0.0154315243541776,0.0181017068691022,-0.557963650169101,0.776072195329131,-0.862424481593772,0.848627523081221,0,0,0,0,1199,0,1199,0.99,0.99,0.99,1199,1150,1150,0,3,3,0,0,31.5950157052917,120723.326292328,697.428505913149,0,5.83517938260375,2.0800657943545
abrupt,S_fixed,"Shared, fixed forgetting",S,adaptive,26,1,3,pre,30,40,1,complete,100,100,0.0720369539327912,0.58442580090137,0.548162648086987,0.0198968652126837,1.98968652126837,100,100,100,0.00778479105562391,0.01239290909767,-0.557963650169101,0.0844258009013702,-0.671654711166162,0.595826412119988,0,0,0,0,100,0,100,0.99,0.99,0.99,100,100,100,0,3,3,0,0,1723.88639468813,93499.5871179788,286.524665411771,0,0.937690284476607,0.246373261534742
abrupt,S_fixed,"Shared, fixed forgetting",S,adaptive,26,1,3,event,50,60,1,complete,100,100,0.13795150637985,0.816806242317378,0.558538933947512,0.0470688837253978,4.70688837253978,100,100,100,0.0410729638838471,0.0421228222280064,-0.0668062423173778,0.763410341091487,-0.778454086401743,0.68945958324488,0,0,0,0,100,0,100,0.99,0.99,0.99,100,100,100,0,3,3,0,0,1215.31952862597,31900.2834853065,194.870417677282,0,14.3470120630359,11.0649565206689
abrupt,S_fixed,"Shared, fixed forgetting",S,adaptive,26,1,3,late,90,100,1,complete,100,100,0.0243568897066329,0.21830542439494,0.491152065197285,0.0225456533613111,2.25456533613111,100,100,100,0.0107289075787108,0.0155595396958941,0.38169457560506,0.635730970049904,-0.233006393366398,0.548485305626108,0,0,0,0,100,0,100,0.99,0.99,0.99,100,100,100,0,3,3,0,0,9995.0510744654,19482.7040832718,697.428505913149,0,1.71683200957967,0.770779632356373
abrupt,S_fixed,"Shared, fixed forgetting",S,adaptive,27,1,3,whole,0,120,1,complete,1200,1200,0.0645563516285903,0.816527517739677,0.466536320633445,0.020127952313858,24.1334148243158,1199,1200,1200,0.0144757601669775,0.0179832575076485,-0.551317905573281,0.766810375800158,-0.888057394117366,0.826865749824524,0,0,0,0,1199,0,1199,0.99,0.99,0.99,1199,1150,1150,0,3,3,0,0,33.7803611855822,101899.47564968,725.877726381211,0,6.33308636112909,3.33017151006977
abrupt,S_fixed,"Shared, fixed forgetting",S,adaptive,27,1,3,pre,30,40,1,complete,100,100,0.0731957952971764,0.59904413816155,0.545927865274754,0.0201818577613121,2.01818577613121,100,100,100,0.00727272152809222,0.0119644105683332,-0.551317905573281,0.0990441381615503,-0.666843022175391,0.603627494879903,0,0,0,0,100,0,100,0.99,0.99,0.99,100,100,100,0,3,3,0,0,1819.92418427673,101899.47564968,292.912195679116,0,0.985640720517442,1.12316866942149
abrupt,S_fixed,"Shared, fixed forgetting",S,adaptive,27,1,3,event,50,60,1,complete,100,100,0.141881562423875,0.816527517739677,0.556373704005864,0.0397172794075427,3.97172794075427,100,100,100,0.0379088044730567,0.0405744406316619,-0.0665275177396768,0.741201013712921,-0.775199272742866,0.671766330080582,0,0,0,0,100,0,100,0.99,0.99,0.99,100,100,100,0,3,3,0,0,1760.65783004322,38839.608382075,206.86145040359,0,15.2022368071563,12.3657498976292
abrupt,S_fixed,"Shared, fixed forgetting",S,adaptive,27,1,3,late,90,100,1,complete,100,100,0.0248008043261244,0.222030956026998,0.489338892169692,0.0213626551964115,2.13626551964115,100,100,100,0.00911021029992509,0.0144221758183413,0.377969043973002,0.63756910583583,-0.235253819323121,0.565990116709454,0,0,0,0,100,0,100,0.99,0.99,0.99,100,100,100,0,3,3,0,0,6777.6714859544,26077.1297964759,725.877726381211,0,1.94307908117794,0.566709385781285
abrupt,S_fixed,"Shared, fixed forgetting",S,adaptive,28,1,3,whole,0,120,1,complete,1200,1200,0.0647062877831242,0.817058334917349,0.465992577165825,0.0200378197459278,24.0253458753675,1199,1200,1200,0.0147997221052464,0.0176582626274048,-0.564385336216098,0.770819765670356,-0.84250782410297,0.81671619327685,0,0,0,0,1199,0,1199,0.99,0.99,0.99,1199,1150,1150,0,3,3,0,0,32.2508261542233,126707.459487563,729.950995622264,0,6.16827451740728,1.90450233565079
abrupt,S_fixed,"Shared, fixed forgetting",S,adaptive,28,1,3,pre,30,40,1,complete,100,100,0.0726635675337753,0.591058085112772,0.547170206882169,0.019593910835084,1.9593910835084,100,100,100,0.00717845738303802,0.0117222493190646,-0.564385336216098,0.0910580851127717,-0.670109109018862,0.600648701467971,0,0,0,0,100,0,100,0.99,0.99,0.99,100,100,100,0,3,3,0,0,1834.39062035524,126707.459487563,284.771495360579,0,0.732933346957099,0.255048507292841
abrupt,S_fixed,"Shared, fixed forgetting",S,adaptive,28,1,3,event,50,60,1,complete,100,100,0.142324488186824,0.817058334917349,0.556417815841827,0.0423559198643954,4.23559198643954,100,100,100,0.03888127932049,0.0402789681454044,-0.0670583349173485,0.750350519077486,-0.786646429392467,0.683104717700339,0,0,0,0,100,0,100,0.99,0.99,0.99,100,100,100,0,3,3,0,0,1766.79591405649,25319.7941950097,195.434330239947,0,14.7018689945689,11.7777203095215
abrupt,S_fixed,"Shared, fixed forgetting",S,adaptive,28,1,3,late,90,100,1,complete,100,100,0.0251818869476391,0.228031284850947,0.490756956227466,0.0191696328272323,1.91696328272323,100,100,100,0.00967231391868952,0.0136631095225963,0.371968715149053,0.626562477408142,-0.241887610672113,0.548573458425219,0,0,0,0,100,0,100,0.99,0.99,0.99,100,100,100,0,3,3,0,0,9586.57979922869,28807.3930800592,729.950995622264,0,2.09492295760174,0.681041936602536
abrupt,S_fixed,"Shared, fixed forgetting",S,adaptive,29,1,3,whole,0,120,1,complete,1200,1200,0.0655158439207339,0.856692405024146,0.4671703711569,0.0194589781842921,23.3313148429662,1199,1200,1200,0.0151798385152408,0.0173558926247212,-0.562949237200586,0.771921106698979,-0.856564250138235,0.792431700706785,0,0,0,0,1199,0,1199,0.99,0.99,0.99,1199,1150,1150,0,3,3,0,0,31.2709706869781,87072.5048463263,720.615550905851,0,6.20478350026965,3.77805158603726
abrupt,S_fixed,"Shared, fixed forgetting",S,adaptive,29,1,3,pre,30,40,1,complete,100,100,0.0726532027164898,0.594046699104642,0.547721137320508,0.0206739318630749,2.06739318630749,100,100,100,0.0077770750045957,0.0126245569448025,-0.562949237200586,0.0940466991046424,-0.674463711894926,0.607355297030721,0,0,0,0,100,0,100,0.99,0.99,0.99,100,100,100,0,3,3,0,0,1911.66828838858,74647.6415002566,285.605728697763,0,0.720882785087905,0.176700424855207
abrupt,S_fixed,"Shared, fixed forgetting",S,adaptive,29,1,3,event,50,60,1,complete,100,100,0.146317212218718,0.856692405024146,0.558617613126684,0.040109501117303,4.0109501117303,100,100,100,0.041104030696423,0.0395866437498946,-0.106692405024146,0.755749600602484,-0.856564250138235,0.659394773628637,0,0,0,0,100,0,100,0.99,0.99,0.99,100,100,100,0,3,3,0,0,2104.18609320143,38685.1698900823,194.497079844683,0,14.9983987144704,11.8942709309153
abrupt,S_fixed,"Shared, fixed forgetting",S,adaptive,29,1,3,late,90,100,1,complete,100,100,0.0242476318742707,0.217293142860913,0.490707850993914,0.0204361588343439,2.04361588343439,100,100,100,0.00915014161859275,0.0142342245183052,0.382706857139087,0.622336236379694,-0.227110413812109,0.55236987419524,0,0,0,0,100,0,100,0.99,0.99,0.99,100,100,100,0,3,3,0,0,8711.06790294329,31493.1675852041,720.615550905851,0,1.82225346838438,0.751694257973007
abrupt,S_fixed,"Shared, fixed forgetting",S,adaptive,30,1,3,whole,0,120,1,complete,1200,1200,0.0638643476169399,0.80913206121504,0.467102705643836,0.0203051079219818,24.3458243984562,1199,1200,1200,0.0151615456427019,0.0179802758444362,-0.557953277128256,0.7653807678222,-0.859698504323134,0.804696468552978,0,0,0,0,1199,0,1199,0.99,0.99,0.99,1199,1150,1150,0,3,3,0,0,31.3675614086703,76152.2111959361,706.139799148102,0,6.04075159140181,3.28882809938327
abrupt,S_fixed,"Shared, fixed forgetting",S,adaptive,30,1,3,pre,30,40,1,complete,100,100,0.0714394976588038,0.585462770826578,0.547847164029634,0.0209043585088303,2.09043585088303,100,100,100,0.00776617854241474,0.0136523792991379,-0.557953277128256,0.0854627708265783,-0.68122751667285,0.601644004326397,0,0,0,0,100,0,100,0.99,0.99,0.99,100,100,100,0,3,3,0,0,2652.05215123325,76152.2111959361,284.194472612778,0,0.460839456545048,0.119837433864134
abrupt,S_fixed,"Shared, fixed forgetting",S,adaptive,30,1,3,event,50,60,1,complete,100,100,0.1393124188668,0.80913206121504,0.556183089814549,0.0390703295916678,3.90703295916678,100,100,100,0.0402922169581701,0.0398287421944858,-0.0591320612150403,0.757954746523099,-0.794308784155502,0.672924012466279,0,0,0,0,100,0,100,0.99,0.99,0.99,100,100,100,0,3,3,0,0,1935.34747394221,51813.3159303355,194.554252780617,0,14.7547907543264,11.5227683455605
abrupt,S_fixed,"Shared, fixed forgetting",S,adaptive,30,1,3,late,90,100,1,complete,100,100,0.0244111775871107,0.218836640197795,0.488255133424599,0.0215357527456748,2.15357527456748,100,100,100,0.00947501005939035,0.0137800980289252,0.381163359802205,0.628966644317887,-0.236765731250973,0.565054994081032,0,0,0,0,100,0,100,0.99,0.99,0.99,100,100,100,0,3,3,0,0,8148.70527350395,23409.3135207122,706.139799148102,0,1.86588896396767,0.667011983229696
abrupt,S_fixed,"Shared, fixed forgetting",S,adaptive,31,1,3,whole,0,120,1,complete,1200,1200,0.0631732121908956,0.795602462196064,0.467454309923184,0.0204792521582692,24.5546233377648,1199,1200,1200,0.0151144687687004,0.0181135083728335,-0.552248790968727,0.772325306169782,-0.879448582153931,0.82616535536303,0,0,0,0,1199,0,1199,0.99,0.99,0.99,1199,1150,1150,0,3,3,0,0,32.7005595461831,79507.4719572089,656.48822547832,0,5.7700408200174,2.8892080209811
abrupt,S_fixed,"Shared, fixed forgetting",S,adaptive,31,1,3,pre,30,40,1,complete,100,100,0.0721634123469876,0.592793654630836,0.546855059481476,0.0213880708349619,2.13880708349619,100,100,100,0.00799737468303066,0.0137638872979473,-0.552248790968727,0.0927936546308356,-0.676776118586124,0.605095197298214,0,0,0,0,100,0,100,0.99,0.99,0.99,100,100,100,0,3,3,0,0,2151.86393764469,79507.4719572089,291.801178534392,0,1.06001468093778,0.402079018877524
abrupt,S_fixed,"Shared, fixed forgetting",S,adaptive,31,1,3,event,50,60,1,complete,100,100,0.134841703257435,0.795602462196064,0.560667982514947,0.0442711635599873,4.42711635599873,100,100,100,0.039725310884457,0.0409131836031093,-0.0456024621960642,0.772325306169782,-0.782724430557332,0.722049836029092,0,0,0,0,100,0,100,0.99,0.99,0.99,100,100,100,0,3,3,0,0,1031.01615635011,31197.7646355798,199.623669532637,0,14.5320188574454,10.8950826076169
abrupt,S_fixed,"Shared, fixed forgetting",S,adaptive,31,1,3,late,90,100,1,complete,100,100,0.0236577661152682,0.21525382514759,0.490452618355634,0.020219785096356,2.0219785096356,100,100,100,0.00918730245539685,0.0128561112478827,0.38474617485241,0.630021646380316,-0.229184616751733,0.563474459270275,0,0,0,0,100,0,100,0.99,0.99,0.99,100,100,100,0,3,3,0,0,9896.05055858431,24392.969043123,656.48822547832,0,1.84038431101068,1.07148271017196
abrupt,S_fixed,"Shared, fixed forgetting",S,adaptive,32,1,3,whole,0,120,1,complete,1200,1200,0.0633570460960603,0.788736344945037,0.467670166863537,0.0207152164540644,24.8375445284232,1199,1200,1200,0.01483267859643,0.0180656021660428,-0.571045652012218,0.771856993960616,-0.8679636407457,0.8630850893802,0,0,0,0,1199,0,1199,0.99,0.99,0.99,1199,1150,1150,0,3,3,0,0,30.8585710883885,74112.6042006685,712.160840799915,0,5.94560615813191,2.13820577100582
abrupt,S_fixed,"Shared, fixed forgetting",S,adaptive,32,1,3,pre,30,40,1,complete,100,100,0.0725844280849415,0.593150111256785,0.547649015189439,0.0206709700313908,2.06709700313908,100,100,100,0.00738465248806138,0.0129649402745442,-0.571045652012218,0.093150111256785,-0.672688889959327,0.60459271994568,0,0,0,0,100,0,100,0.99,0.99,0.99,100,100,100,0,3,3,0,0,1852.09718063205,74112.6042006685,278.455346017032,0,0.552811353395545,0.393225382893807
abrupt,S_fixed,"Shared, fixed forgetting",S,adaptive,32,1,3,event,50,60,1,complete,100,100,0.136608520675003,0.788736344945037,0.558279895004612,0.0426344095323415,4.26344095323415,100,100,100,0.0380986347776209,0.0407340227027369,-0.0387363449450371,0.771856993960616,-0.752328226799942,0.686232765110433,0,0,0,0,100,0,100,0.99,0.99,0.99,100,100,100,0,3,3,0,0,1447.54705444719,32558.8984127582,194.650678595303,0,14.6352208755195,11.4065868175244
abrupt,S_fixed,"Shared, fixed forgetting",S,adaptive,32,1,3,late,90,100,1,complete,100,100,0.024387708544394,0.220735785711855,0.4889444787223,0.0204690611147008,2.04690611147008,100,100,100,0.00930418597464851,0.0133223239914909,0.379264214288145,0.631636949901501,-0.229379124764467,0.542335777412593,0,0,0,0,100,0,100,0.99,0.99,0.99,100,100,100,0,3,3,0,0,10611.9751279533,28165.2503128784,712.160840799915,0,1.41497551244795,1.13369924726321
abrupt,S_fixed,"Shared, fixed forgetting",S,adaptive,33,1,3,whole,0,120,1,complete,1200,1200,0.0649229330548555,0.812245115908511,0.466235140650468,0.0199455420471717,23.9147049145588,1199,1200,1200,0.0147237377134594,0.0176254679660134,-0.567620303495045,0.771705273336188,-0.893670050905544,0.832678312533356,0,0,0,0,1199,0,1199,0.99,0.99,0.99,1199,1150,1150,0,3,3,0,0,30.677411393192,91968.6281630836,709.750178220252,0,6.31160370289737,1.93846210566654
abrupt,S_fixed,"Shared, fixed forgetting",S,adaptive,33,1,3,pre,30,40,1,complete,100,100,0.0742333742090235,0.599459637827136,0.547136461951891,0.0212917228517825,2.12917228517825,100,100,100,0.00902710936415709,0.0133381865716,-0.567620303495045,0.0994596378271363,-0.685276351472645,0.615184184286774,0,0,0,0,100,0,100,0.99,0.99,0.99,100,100,100,0,3,3,0,0,1745.74610732617,91968.6281630836,280.657063387998,0,0.459491765198616,0.0645961366207041
abrupt,S_fixed,"Shared, fixed forgetting",S,adaptive,33,1,3,event,50,60,1,complete,100,100,0.143306621421716,0.812245115908511,0.556339631412183,0.0375856601564808,3.75856601564808,100,100,100,0.0379320457590824,0.0397905805213203,-0.0622451159085107,0.751522873963217,-0.808970749582256,0.679431927901897,0,0,0,0,100,0,100,0.99,0.99,0.99,100,100,100,0,3,3,0,0,1867.14579463474,44584.9530492752,200.70938657375,0,15.2862434996757,12.6063769812868
abrupt,S_fixed,"Shared, fixed forgetting",S,adaptive,33,1,3,late,90,100,1,complete,100,100,0.0239352401031625,0.212294499529591,0.487076006369573,0.0190981183350004,1.90981183350004,100,100,100,0.00886465120823143,0.0114183174313741,0.387705500470409,0.625557718579086,-0.236497055241336,0.557421778742985,0,0,0,0,100,0,100,0.99,0.99,0.99,100,100,100,0,3,3,0,0,12527.1763576028,32944.4724268003,709.750178220252,0,1.6131533452364,1.27435123143697
abrupt,S_fixed,"Shared, fixed forgetting",S,adaptive,34,1,3,whole,0,120,1,complete,1200,1200,0.0636186318680735,0.795340295409563,0.466891061925158,0.020197226839328,24.2164749803543,1199,1200,1200,0.0143727425521865,0.0179504455872282,-0.569647297832056,0.764522236598254,-0.889129602504032,0.798635318917598,0,0,0,0,1199,0,1199,0.99,0.99,0.99,1199,1150,1150,0,3,3,0,0,32.4767115198602,73818.210774349,723.30278420249,0,6.13137077358661,3.21664163421301
abrupt,S_fixed,"Shared, fixed forgetting",S,adaptive,34,1,3,pre,30,40,1,complete,100,100,0.0729871874119325,0.590276932737316,0.548214319003993,0.0212479831868225,2.12479831868225,100,100,100,0.00835856551576069,0.0135571373596733,-0.569647297832056,0.0902769327373164,-0.674434776642951,0.602758705243636,0,0,0,0,100,0,100,0.99,0.99,0.99,100,100,100,0,3,3,0,0,1912.153166326,73818.210774349,284.433309878761,0,0.524603218687924,1.04935838093707
abrupt,S_fixed,"Shared, fixed forgetting",S,adaptive,34,1,3,event,50,60,1,complete,100,100,0.137396638408795,0.795340295409563,0.554109375420081,0.0394056406970372,3.94056406970372,100,100,100,0.0369342713268729,0.0395731574501835,-0.045340295409563,0.754060930867342,-0.774913328278015,0.649311224097255,0,0,0,0,100,0,100,0.99,0.99,0.99,100,100,100,0,3,3,0,0,2016.96943584559,27291.6425430526,205.814027411517,0,14.8754702512447,11.8334202646213
abrupt,S_fixed,"Shared, fixed forgetting",S,adaptive,34,1,3,late,90,100,1,complete,100,100,0.025526224862943,0.228419772848056,0.488391296674224,0.0209067213211387,2.09067213211387,100,100,100,0.0100839654879623,0.0152227754849034,0.371580227151944,0.62146670238625,-0.234374803329547,0.537846321691469,0,0,0,0,100,0,100,0.99,0.99,0.99,100,100,100,0,3,3,0,0,12667.3964623556,29230.7963549522,723.30278420249,0,1.86969096269776,0.982911214461398
abrupt,S_fixed,"Shared, fixed forgetting",S,adaptive,35,1,3,whole,0,120,1,complete,1200,1200,0.063679133491514,0.788366102901067,0.467093465565997,0.0205808491961049,24.6764381861298,1199,1200,1200,0.0148530429524291,0.0179470781551595,-0.568402869533633,0.771367800233551,-0.930938301172772,0.785130616640362,0,0,0,0,1199,0,1199,0.99,0.99,0.99,1199,1150,1150,0,3,3,0,0,33.3103660681707,91779.9467948228,758.463762969615,0,6.06831064293126,2.20099886284376
abrupt,S_fixed,"Shared, fixed forgetting",S,adaptive,35,1,3,pre,30,40,1,complete,100,100,0.0713568457730994,0.581029592433974,0.54837833271839,0.0204641616253064,2.04641616253064,100,100,100,0.00916188415987017,0.0142616976250603,-0.568402869533633,0.0810295924339744,-0.670254498593105,0.588111319047339,0,0,0,0,100,0,100,0.99,0.99,0.99,100,100,100,0,3,3,0,0,1844.86372241246,91779.9467948228,291.5509770588,0,1.03767758568676,0.893751569468489
abrupt,S_fixed,"Shared, fixed forgetting",S,adaptive,35,1,3,event,50,60,1,complete,100,100,0.136658376720411,0.788366102901067,0.559210481370149,0.0444819729539658,4.44819729539658,100,100,100,0.0387772306476099,0.0401414343575793,-0.0383661029010674,0.758585967023451,-0.757902019091232,0.70313332067807,0,0,0,0,100,0,100,0.99,0.99,0.99,100,100,100,0,3,3,0,0,1598.36232714301,31760.4462826107,198.498732734337,0,15.026899466677,12.0271389069741
abrupt,S_fixed,"Shared, fixed forgetting",S,adaptive,35,1,3,late,90,100,1,complete,100,100,0.0236137111789435,0.210273505877169,0.488735538002055,0.0202031522141942,2.02031522141942,100,100,100,0.00921530264584125,0.0129439528716067,0.389726494122831,0.626292049029005,-0.230555792889065,0.539410606262513,0,0,0,0,100,0,100,0.99,0.99,0.99,100,100,100,0,3,3,0,0,9537.28322978673,25763.6397323987,758.463762969615,0,1.46389858785402,0.640110546201736
abrupt,S_fixed,"Shared, fixed forgetting",S,adaptive,36,1,3,whole,0,120,1,complete,1200,1200,0.0648149597199836,0.805351324095696,0.4681289424245,0.0202442325317753,24.2728348055985,1199,1200,1200,0.0148351107791328,0.0180148941208649,-0.566512443581302,0.77979581852598,-0.883730898171477,0.810999265885084,0,0,0,0,1199,0,1199,0.99,0.99,0.99,1199,1150,1150,0,3,3,0,0,31.4605186669125,66017.1615999397,747.78989740434,0,6.09320490853701,1.59718015672419
abrupt,S_fixed,"Shared, fixed forgetting",S,adaptive,36,1,3,pre,30,40,1,complete,100,100,0.0738823315096031,0.602377156420491,0.54774575966941,0.0217817133555314,2.17817133555314,100,100,100,0.0074615704277689,0.0132177461562101,-0.566512443581302,0.102377156420491,-0.680232108146887,0.622690402352201,0,0,0,0,100,0,100,0.99,0.99,0.99,100,100,100,0,3,3,0,0,1635.28615219667,66017.1615999397,280.752542951703,0,0.301436640761112,0.425990005703579
abrupt,S_fixed,"Shared, fixed forgetting",S,adaptive,36,1,3,event,50,60,1,complete,100,100,0.142386492597358,0.805351324095696,0.554899756956366,0.0377108049805096,3.77108049805096,100,100,100,0.039123244047508,0.0403397113661996,-0.0553513240956962,0.746722628157217,-0.758982736316669,0.661179430250755,0,0,0,0,100,0,100,0.99,0.99,0.99,100,100,100,0,3,3,0,0,1869.03874362367,26695.0590054245,189.875050148042,0,14.646492810054,12.0956852997355
abrupt,S_fixed,"Shared, fixed forgetting",S,adaptive,36,1,3,late,90,100,1,complete,100,100,0.0244975660353685,0.218882296688052,0.492274830164405,0.0202216671350899,2.02216671350899,100,100,100,0.00908407098226466,0.0132200350591859,0.381117703311948,0.627985703591201,-0.241431178291428,0.553579488460694,0,0,0,0,100,0,100,0.99,0.99,0.99,100,100,100,0,3,3,0,0,9625.96604372408,25353.8469743867,747.78989740434,0,2.29883113307218,2.07429520512632
abrupt,S_fixed,"Shared, fixed forgetting",S,adaptive,37,1,3,whole,0,120,1,complete,1200,1200,0.0641657314923087,0.811091105886849,0.468193688184985,0.0206497165181766,24.7590101052938,1199,1200,1200,0.014886694232057,0.0180979634152241,-0.57154922165801,0.775173004046901,-0.857634676331428,0.800526512612452,0,0,0,0,1199,0,1199,0.99,0.99,0.99,1199,1150,1150,0,3,3,0,0,31.648629135714,58499.6719625852,734.61738510566,0,5.91447483678532,2.12282193713299
abrupt,S_fixed,"Shared, fixed forgetting",S,adaptive,37,1,3,pre,30,40,1,complete,100,100,0.0742090119255917,0.607865031593705,0.547161732413896,0.0216816853363282,2.16816853363282,100,100,100,0.00793608703367732,0.0133239930255833,-0.57154922165801,0.107865031593705,-0.67641820813807,0.615119004565219,0,0,0,0,100,0,100,0.99,0.99,0.99,100,100,100,0,3,3,0,0,1692.87133360533,58499.6719625852,284.188270453567,0,0.614073530320493,0.745973976590053
abrupt,S_fixed,"Shared, fixed forgetting",S,adaptive,37,1,3,event,50,60,1,complete,100,100,0.138697240134446,0.811091105886849,0.558174097911631,0.0446734394688743,4.46734394688743,100,100,100,0.0384307600074922,0.0403882881864772,-0.0610911058868489,0.757336338409994,-0.785274315948244,0.679322174385262,0,0,0,0,100,0,100,0.99,0.99,0.99,100,100,100,0,3,3,0,0,1451.50946854739,41826.3320580321,202.227308135491,0,14.8078722290838,11.3860108148518
abrupt,S_fixed,"Shared, fixed forgetting",S,adaptive,37,1,3,late,90,100,1,complete,100,100,0.022479594090175,0.20420020409536,0.490160088495608,0.0198863626786767,1.98863626786767,100,100,100,0.00917841630194259,0.0129681471717443,0.39579979590464,0.622806139020313,-0.219204570051459,0.531709325708122,0,0,0,0,100,0,100,0.99,0.99,0.99,100,100,100,0,3,3,0,0,10123.304283948,30227.29919471,734.61738510566,0,1.13198557267563,1.1109415693945
abrupt,S_fixed,"Shared, fixed forgetting",S,adaptive,38,1,3,whole,0,120,1,complete,1200,1200,0.0636379768419328,0.791211023812883,0.466363205536104,0.0206236544230685,24.7277616532592,1199,1200,1200,0.0148742103815596,0.0182652412642762,-0.565913553193494,0.771130366158652,-0.888493029602688,0.822278549903509,0,0,0,0,1199,0,1199,0.99,0.99,0.99,1199,1150,1150,0,3,3,0,0,31.3941694236945,91300.7163862449,693.004024923305,0,5.76496594193004,2.87024582304516
abrupt,S_fixed,"Shared, fixed forgetting",S,adaptive,38,1,3,pre,30,40,1,complete,100,100,0.0729759184226194,0.592486521274371,0.549265585891121,0.0202081647085284,2.02081647085284,100,100,100,0.00729869141024951,0.011492423667769,-0.565913553193494,0.0924865212743712,-0.683003986437351,0.606597404799785,0,0,0,0,100,0,100,0.99,0.99,0.99,100,100,100,0,3,3,0,0,1882.52687395298,91300.7163862449,281.03440074156,0,0.74017291133686,0.0766737167896357
abrupt,S_fixed,"Shared, fixed forgetting",S,adaptive,38,1,3,event,50,60,1,complete,100,100,0.13600798224518,0.791211023812883,0.557936316304227,0.0440597556436189,4.40597556436189,100,100,100,0.0384012175970178,0.04144082187571,-0.041211023812883,0.752589203581163,-0.722141345592973,0.711681395497092,0,0,0,0,100,0,100,0.99,0.99,0.99,100,100,100,0,3,3,0,0,856.830743946271,23066.646035722,191.101097511592,0,14.299638853173,11.1438573091998
abrupt,S_fixed,"Shared, fixed forgetting",S,adaptive,38,1,3,late,90,100,1,complete,100,100,0.0233755205248833,0.207627775049927,0.487598453327903,0.0218274776231633,2.18274776231633,100,100,100,0.00939548516004805,0.0150102838401913,0.392372224950073,0.625645864911634,-0.215734702205138,0.53426523881153,0,0,0,0,100,0,100,0.99,0.99,0.99,100,100,100,0,3,3,0,0,9640.76781963008,23277.2998185282,693.004024923305,0,1.23830152842074,0.339046446426792
abrupt,S_fixed,"Shared, fixed forgetting",S,adaptive,39,1,3,whole,0,120,1,complete,1200,1200,0.0649093013410714,0.815792570573595,0.466796302390226,0.0202534856719127,24.2839293206234,1199,1200,1200,0.0147401312171936,0.0176617798976497,-0.553216857893432,0.765518112902199,-0.900682417582954,0.798827958664349,0,0,0,0,1199,0,1199,0.99,0.99,0.99,1199,1150,1150,0,3,3,0,0,32.410250575691,74652.6193884732,742.49038557377,0,6.29154357541077,3.02386308159484
abrupt,S_fixed,"Shared, fixed forgetting",S,adaptive,39,1,3,pre,30,40,1,complete,100,100,0.0736757104393355,0.597354359282735,0.548466229543421,0.021040750531946,2.1040750531946,100,100,100,0.00826943974287577,0.0126411025927555,-0.553216857893432,0.0973543592827354,-0.683501323569472,0.606849202252631,0,0,0,0,100,0,100,0.99,0.99,0.99,100,100,100,0,3,3,0,0,2001.1317224193,74652.6193884732,285.371746390623,0,0.796006472551853,0.600257971267809
abrupt,S_fixed,"Shared, fixed forgetting",S,adaptive,39,1,3,event,50,60,1,complete,100,100,0.142564130440362,0.815792570573595,0.555585337211319,0.0416248642432441,4.16248642432441,100,100,100,0.0385628731557795,0.0393140296207925,-0.0657925705735953,0.749818057114152,-0.788297638219239,0.671616808834747,0,0,0,0,100,0,100,0.99,0.99,0.99,100,100,100,0,3,3,0,0,2032.34245534649,32847.9597870333,203.097265516254,0,15.1134090043084,12.4578981827299
abrupt,S_fixed,"Shared, fixed forgetting",S,adaptive,39,1,3,late,90,100,1,complete,100,100,0.0247149715256166,0.222437721212612,0.489859745883001,0.0198202324284153,1.98202324284153,100,100,100,0.00874993978637259,0.0127918022108842,0.377562278787388,0.621336212208212,-0.237096627994931,0.539814384556797,0,0,0,0,100,0,100,0.99,0.99,0.99,100,100,100,0,3,3,0,0,12628.3039358674,22749.7594139297,742.49038557377,0,1.96801140433888,0.943523193805334
abrupt,S_fixed,"Shared, fixed forgetting",S,adaptive,40,1,3,whole,0,120,1,complete,1200,1200,0.0654005631758671,0.834577233139485,0.467034919836039,0.0193661543679365,23.2200190871559,1199,1200,1200,0.0150521235987667,0.0176884233165295,-0.559660894699723,0.771143708553743,-0.884771575108947,0.820137349835678,0,0,0,0,1199,0,1199,0.99,0.99,0.99,1199,1150,1150,0,3,3,0,0,31.8931854916176,111425.102114152,730.934363865112,0,6.31965630582843,2.16882750359569
abrupt,S_fixed,"Shared, fixed forgetting",S,adaptive,40,1,3,pre,30,40,1,complete,100,100,0.0734984118957652,0.598068243813476,0.546177622002881,0.020062867294411,2.0062867294411,100,100,100,0.00768045557118301,0.0114351019930491,-0.559660894699723,0.098068243813476,-0.674537705361679,0.597620504074503,0,0,0,0,100,0,100,0.99,0.99,0.99,100,100,100,0,3,3,0,0,2678.44248556582,111425.102114152,284.982895533864,0,0.754429851697567,1.26145419997031
abrupt,S_fixed,"Shared, fixed forgetting",S,adaptive,40,1,3,event,50,60,1,complete,100,100,0.145647726617009,0.834577233139485,0.554173630775426,0.0356422020889261,3.56422020889261,100,100,100,0.0385869224334268,0.0399313813448134,-0.0845772331394849,0.759689849051215,-0.830494749865768,0.655707589719265,0,0,0,0,100,0,100,0.99,0.99,0.99,100,100,100,0,3,3,0,0,1837.82345401304,30694.0480940765,211.133444430808,0,15.1254089738697,12.5849241266892
abrupt,S_fixed,"Shared, fixed forgetting",S,adaptive,40,1,3,late,90,100,1,complete,100,100,0.0246108688456548,0.219521213765933,0.490806244953364,0.0210189465571317,2.10189465571317,100,100,100,0.00939016087894804,0.0139689103360613,0.380478786234067,0.630315926569259,-0.247840359829165,0.53935514721796,0,0,0,0,100,0,100,0.99,0.99,0.99,100,100,100,0,3,3,0,0,7503.40448563472,32942.2089945324,730.934363865112,0,2.53375337220291,1.2847790607224
abrupt,S_vrf,"Shared, variable forgetting",S,adaptive,0,0,3,whole,0,120,1,complete,1200,1200,0.0620762893372105,0.610579397305078,0.46288945539466,0.00860747823754841,10.3203664068205,1199,1200,1200,0.0171308639097145,0.0171308639097145,-0.571983775450775,0.79906411299481,-0.802632971777344,0.875293329734733,0,0,0,0,1199,0,1199,0.946182124722364,1,1,82,1150,1150,0,1,3,675,0.58695652173913,31.6568365040235,Inf,135.320183436944,0,3.84298275703941,3.71777254835519
abrupt,S_vrf,"Shared, variable forgetting",S,adaptive,0,0,3,pre,30,40,1,complete,100,100,0.0750375842268308,0.610579397305078,0.547546834575339,0.0147311024058136,1.47311024058136,100,100,100,1.05799908897371e-05,1.05799908897371e-05,-0.571983775450775,0.110579397305078,-0.689711272970107,0.622125471261662,0,0,0,0,100,0,100,1,1,1,0,100,100,0,1,3,93,0.93,2276.33477980566,Inf,31.8178067223835,0,0.00264641961058011,0.00257399716723597
abrupt,S_vrf,"Shared, variable forgetting",S,adaptive,0,0,3,event,50,60,1,complete,100,100,0.124443355138261,0.555594293291584,0.534043752098455,0.0164498826746583,1.64498826746583,100,100,100,0.0554660604733355,0.0554660604733355,0.194405706708416,0.79906411299481,-0.530447855306531,0.703778280008719,0,0,0,0,100,0,100,0.946182124722364,0.968457684966937,1,71,100,100,0,1,3,3,0.03,2322.28609277068,Inf,103.948043842606,0,6.69182481026682,6.16238022377067
abrupt,S_vrf,"Shared, variable forgetting",S,adaptive,0,0,3,late,90,100,1,complete,100,100,0.0289857082518897,0.257261670571324,0.483741471378936,0.00915261107907817,0.915261107907817,100,100,100,0.00612716718963375,0.00612716718963375,0.342738329428676,0.628181035149123,-0.288147210159733,0.554661562012138,0,0,0,0,100,0,100,1,1,1,0,100,100,0,2,3,92,0.92,22511.581713629,Inf,135.320183436944,0,4.3987952168653,4.10357303172663
abrupt,S_vrf,"Shared, variable forgetting",S,adaptive,1,1,3,whole,0,120,1,complete,1200,1200,0.0618049868780701,0.6,0.463843507836767,0.0190239999353448,22.8097759224784,1199,1200,1200,0.0190850244745197,0.0217065127917333,-0.567290499481721,0.815594301624152,-0.8050171023135,0.880375014793462,0,0,0,0,1199,0,1199,0.945511737380752,1,1,85,1150,1150,0,3,3,0,0,30.4449497928191,128152.896093335,131.06677407262,0,3.31123543234943,2.51123796197118
abrupt,S_vrf,"Shared, variable forgetting",S,adaptive,1,1,3,pre,30,40,1,complete,100,100,0.0728005071491191,0.593982589388958,0.547219394251214,0.0209037263162244,2.09037263162244,100,100,100,0.00787517646627471,0.012403105865499,-0.567290499481721,0.0939825893889583,-0.685528765162675,0.608416912375553,0,0,0,0,100,0,100,1,1,1,0,100,100,0,3,3,0,0,2076.70656091282,128152.896093335,31.9217919087107,0,0.268909496441222,0.296882337607864
abrupt,S_vrf,"Shared, variable forgetting",S,adaptive,1,1,3,event,50,60,1,complete,100,100,0.123332962599508,0.540212128588569,0.536148168225514,0.0281586767720154,2.81586767720154,100,100,100,0.0563856294793584,0.0568476404302503,0.209787871411431,0.815594301624152,-0.522633329065869,0.706477776201449,0,0,0,0,100,0,100,0.945511737380752,0.969335773588326,1,75,100,100,0,3,3,0,0,1753.4810402325,24228.6088405731,108.764957630793,0,6.65308247562652,5.63832107739887
abrupt,S_vrf,"Shared, variable forgetting",S,adaptive,1,1,3,late,90,100,1,complete,100,100,0.0273708731611931,0.233322363829993,0.484524187517504,0.021894698867417,2.1894698867417,100,100,100,0.0109592154823749,0.0143224056511525,0.366677636170007,0.626140924940836,-0.267542165301658,0.565272378906747,0,0,0,0,100,0,100,1,1,1,0,100,100,0,3,3,0,0,8024.55576015515,23482.7522639648,131.06677407262,0,3.4279636711345,3.07977924637851
abrupt,S_vrf,"Shared, variable forgetting",S,adaptive,2,1,3,whole,0,120,1,complete,1200,1200,0.062036849168959,0.601329121749482,0.46381510921504,0.0183115718870137,21.9555746925295,1199,1200,1200,0.0189382030834994,0.0213024707535538,-0.571892983455559,0.793098332653473,-0.797735401283567,0.902433931504824,0,0,0,0,1199,0,1199,0.942761921756348,1,1,89,1150,1150,0,3,3,0,0,31.2875517709329,127836.207924163,147.429214896721,0,3.21171681675993,2.12583822787701
abrupt,S_vrf,"Shared, variable forgetting",S,adaptive,2,1,3,pre,30,40,1,complete,100,100,0.0740955061266289,0.601329121749482,0.544490913131214,0.0196120200370734,1.96120200370734,100,100,100,0.00642830283350899,0.00996099806837819,-0.571892983455559,0.101329121749482,-0.678626674921522,0.616805183955886,0,0,0,0,100,0,100,1,1,1,0,100,100,0,3,3,0,0,1977.84546571087,127836.207924163,31.7403624561336,0,0.237930851677188,0.249310939049186
abrupt,S_vrf,"Shared, variable forgetting",S,adaptive,2,1,3,event,50,60,1,complete,100,100,0.126033908766956,0.567522039729363,0.537669139504217,0.0295064088117771,2.95064088117771,100,100,100,0.0563105363951679,0.0579759816449722,0.182477960270637,0.793098332653473,-0.531621576762054,0.71350953999324,0,0,0,0,100,0,100,0.942761921756348,0.967621782043721,1,74,100,100,0,3,3,0,0,1902.44178423457,44846.6415714245,108.474889078045,0,6.84181725143932,5.79878961493868
abrupt,S_vrf,"Shared, variable forgetting",S,adaptive,2,1,3,late,90,100,1,complete,100,100,0.0278666423621166,0.240605672584856,0.486253302779394,0.0198573783200966,1.98573783200966,100,100,100,0.0102720332603781,0.0122362626287559,0.359394327415144,0.613239629320764,-0.255713422866395,0.572359362982215,0,0,0,0,100,0,100,1,1,1,0,100,100,0,3,3,0,0,10158.0355363129,38104.1045050589,141.486708807049,0,2.95562553627615,2.72523756524812
abrupt,S_vrf,"Shared, variable forgetting",S,adaptive,3,1,3,whole,0,120,1,complete,1200,1200,0.0617365503493561,0.60848034952418,0.464259460846888,0.0187530459262512,22.4849020655752,1199,1200,1200,0.0186569522390091,0.0215609501584888,-0.567165034972188,0.789673169636962,-0.833317423511096,0.894767418538137,0,0,0,0,1199,0,1199,0.942051954637732,1,1,91,1150,1150,0,3,3,0,0,31.4192827317302,104163.491863126,138.326531394731,0,2.97628070332892,1.83653992328919
abrupt,S_vrf,"Shared, variable forgetting",S,adaptive,3,1,3,pre,30,40,1,complete,100,100,0.074666278307122,0.60848034952418,0.548456874881964,0.0202836144283526,2.02836144283526,100,100,100,0.00745047485400207,0.0117170583592176,-0.567165034972188,0.10848034952418,-0.683972343676591,0.615854785929653,0,0,0,0,100,0,100,1,1,1,0,100,100,0,3,3,0,0,1995.91066223432,104163.491863126,31.9206296119286,0,0.506338523183539,0.536180007028144
abrupt,S_vrf,"Shared, variable forgetting",S,adaptive,3,1,3,event,50,60,1,complete,100,100,0.122718983180606,0.547162752741545,0.535564750072472,0.0317035558679168,3.17035558679168,100,100,100,0.0551554695467405,0.0579764497112381,0.202837247258455,0.789673169636962,-0.515060701176087,0.716635805660847,0,0,0,0,100,0,100,0.942051954637732,0.967732234873661,1,83,100,100,0,3,3,0,0,2165.46567870509,26211.5940842752,108.786765823565,0,6.673295083685,5.62284978837152
abrupt,S_vrf,"Shared, variable forgetting",S,adaptive,3,1,3,late,90,100,1,complete,100,100,0.0264357497855765,0.235765131852392,0.48315721396232,0.0215703458137122,2.15703458137122,100,100,100,0.0100135650281967,0.0149555547925204,0.364234868147608,0.621636090212066,-0.257036423990365,0.54548722922607,0,0,0,0,100,0,100,1,1,1,0,100,100,0,3,3,0,0,8054.50762632088,28709.9841572934,138.326531394731,0,2.55599269434475,2.31108570558075
abrupt,S_vrf,"Shared, variable forgetting",S,adaptive,4,1,3,whole,0,120,1,complete,1200,1200,0.0620861500739586,0.60785459452771,0.465133051759157,0.0190052172692166,22.7872555057908,1199,1200,1200,0.0188989346310828,0.021282686116506,-0.568971872786236,0.807169607939829,-0.820093184160093,0.897163460497296,0,0,0,0,1199,0,1199,0.944864318107324,1,1,92,1150,1150,0,3,3,0,0,32.7045971718374,81554.6663657235,140.765522990147,0,3.39586544009327,2.90889041386225
abrupt,S_vrf,"Shared, variable forgetting",S,adaptive,4,1,3,pre,30,40,1,complete,100,100,0.0747706788626704,0.60785459452771,0.549542663388799,0.0211467572330019,2.11467572330019,100,100,100,0.00760443533558334,0.0122147575036323,-0.568971872786236,0.10785459452771,-0.689979883420022,0.613854105683783,0,0,0,0,100,0,100,1,1,1,0,100,100,0,3,3,0,0,2237.23966416276,81554.6663657235,31.8666355237235,0,0.382447455330352,0.36337878897985
abrupt,S_vrf,"Shared, variable forgetting",S,adaptive,4,1,3,event,50,60,1,complete,100,100,0.12409939843154,0.540488224765619,0.53431854426617,0.0299319125481941,2.99319125481941,100,100,100,0.0566121501517612,0.0572375480988701,0.209511775234381,0.807169607939829,-0.523199283908974,0.720524509656812,0,0,0,0,100,0,100,0.944864318107324,0.96882682301383,1,79,100,100,0,3,3,0,0,2238.40091680641,32217.3773994795,111.123510887611,0,6.66540280512601,6.07368011771111
abrupt,S_vrf,"Shared, variable forgetting",S,adaptive,4,1,3,late,90,100,1,complete,100,100,0.0286843894404313,0.254571913670092,0.483750471381597,0.0200550687730935,2.00550687730935,100,100,100,0.0090700286161459,0.0127717660055023,0.345428086329908,0.617737341561337,-0.270780392127018,0.549802268641401,0,0,0,0,100,0,100,1,1,1,0,100,100,0,3,3,0,0,12920.8821296985,29989.8075171437,136.047255351591,0,3.49290976788495,3.10189212123452
abrupt,S_vrf,"Shared, variable forgetting",S,adaptive,5,1,3,whole,0,120,1,complete,1200,1200,0.0617655624980426,0.611166379661478,0.465579538768682,0.0188606742244197,22.6139483950793,1199,1200,1200,0.0187610485870621,0.0214558884088726,-0.57505226313213,0.799650827291506,-0.820050140945176,0.912972348562441,0,0,0,0,1199,0,1199,0.943833482729585,1,1,98,1150,1150,0,3,3,0,0,31.5532749223684,101082.284314717,164.42937441899,0,3.10176511046932,2.01459096019635
abrupt,S_vrf,"Shared, variable forgetting",S,adaptive,5,1,3,pre,30,40,1,complete,100,100,0.0758302055181316,0.611166379661478,0.547293782626919,0.0211833382501396,2.11833382501396,100,100,100,0.00793689256810162,0.0125106661634948,-0.57505226313213,0.111166379661478,-0.692813613397097,0.622517056453651,0,0,0,0,100,0,100,1,1,1,0,100,100,0,3,3,0,0,1799.43069448255,101082.284314717,31.9159536949795,0,0.1638637221956,0.17751948418622
abrupt,S_vrf,"Shared, variable forgetting",S,adaptive,5,1,3,event,50,60,1,complete,100,100,0.124561331332309,0.563430474624385,0.535099715574521,0.0299954037715348,2.99954037715348,100,100,100,0.0559916110646603,0.0569403730335867,0.186569525375615,0.799650827291506,-0.531984283235751,0.713302718123092,0,0,0,0,100,0,100,0.943833482729585,0.968269526208033,1,79,100,100,0,3,3,0,0,1813.47426184829,27844.3849375883,110.493787683478,0,6.67776176038093,5.66771458898338
abrupt,S_vrf,"Shared, variable forgetting",S,adaptive,5,1,3,late,90,100,1,complete,100,100,0.0288884320405985,0.247379536477961,0.487065707366898,0.0198805370207185,1.98805370207185,100,100,100,0.0101703691564885,0.013921406252088,0.352620463522039,0.63711711883627,-0.262363597247259,0.532851695687022,0,0,0,0,100,0,100,1,1,1,0,100,100,0,3,3,0,0,5862.8977979417,27752.1285588186,144.909975153279,0,2.98089311674014,2.48658337820975
abrupt,S_vrf,"Shared, variable forgetting",S,adaptive,6,1,3,whole,0,120,1,complete,1200,1200,0.0622084670402028,0.601506357684933,0.463037634042132,0.0187608852984955,22.4943014728961,1199,1200,1200,0.019415310015538,0.0213685220188042,-0.568665217302602,0.797343325496357,-0.83062442958697,0.868629693949791,0,0,0,0,1199,0,1199,0.944949259648716,1,1,87,1150,1150,0,3,3,0,0,34.3856253583124,96786.5959920079,138.189152922232,0,3.43932231805851,2.81518934751887
abrupt,S_vrf,"Shared, variable forgetting",S,adaptive,6,1,3,pre,30,40,1,complete,100,100,0.0737018369275785,0.601506357684933,0.549325635056773,0.0212590850915645,2.12590850915645,100,100,100,0.00730252141840288,0.0124311638971222,-0.568665217302602,0.101506357684933,-0.682975949063099,0.619193506400995,0,0,0,0,100,0,100,1,1,1,0,100,100,0,3,3,0,0,1851.61316502018,96786.5959920079,31.6040574953541,0,0.313611778661472,0.289698501503279
abrupt,S_vrf,"Shared, variable forgetting",S,adaptive,6,1,3,event,50,60,1,complete,100,100,0.124632233960925,0.539822725436631,0.533844872296182,0.0290732443728085,2.90732443728085,100,100,100,0.0580643592088338,0.0567506654887642,0.210177274563369,0.797343325496357,-0.513545386559453,0.724047524072443,0,0,0,0,100,0,100,0.944949259648716,0.966610392317854,1,74,100,100,0,3,3,0,0,2014.54114451479,25079.2294138323,106.233650762689,0,6.63048480737235,6.32108056898468
abrupt,S_vrf,"Shared, variable forgetting",S,adaptive,6,1,3,late,90,100,1,complete,100,100,0.0271289057272934,0.234283269332953,0.483888596850453,0.0218408334591424,2.18408334591424,100,100,100,0.00976466299069022,0.014549392777526,0.365716730667047,0.61905441620146,-0.262768015573936,0.541999339334361,0,0,0,0,100,0,100,1,1,1,0,100,100,0,3,3,0,0,7607.30952897259,23550.2439437682,138.189152922232,0,3.41934172973361,3.14384345661219
abrupt,S_vrf,"Shared, variable forgetting",S,adaptive,7,1,3,whole,0,120,1,complete,1200,1200,0.0614302736696121,0.608717455143913,0.465578839953717,0.0185688595343736,22.264062581714,1199,1200,1200,0.0185996120157202,0.0211191171581698,-0.579625341326196,0.807018187512877,-0.817515421150523,0.882344632879429,0,0,0,0,1199,0,1199,0.94683113160914,1,1,98,1150,1150,0,3,3,0,0,30.2950221532969,101566.741658878,161.548403279167,0,3.31505211204652,2.4388241201977
abrupt,S_vrf,"Shared, variable forgetting",S,adaptive,7,1,3,pre,30,40,1,complete,100,100,0.0748590170945005,0.608717455143913,0.548997718730921,0.0214218819949749,2.14218819949749,100,100,100,0.00793689628874125,0.0121424693109,-0.579625341326196,0.108717455143913,-0.692368245745947,0.613275898453648,0,0,0,0,100,0,100,1,1,1,0,100,100,0,3,3,0,0,1785.23948145578,101566.741658878,31.6414345655132,0,0.05533978324309,0.0911660909873855
abrupt,S_vrf,"Shared, variable forgetting",S,adaptive,7,1,3,event,50,60,1,complete,100,100,0.122577776022364,0.539034048683231,0.533113134329799,0.0273459986877104,2.73459986877104,100,100,100,0.0557756471267802,0.0564564568847491,0.210965951316769,0.807018187512877,-0.523206089251398,0.70159032339047,0,0,0,0,100,0,100,0.94683113160914,0.967897938022862,1,78,100,100,0,3,3,0,0,2015.73785307436,25275.1780837631,107.925221656851,0,6.54869283619593,6.19905378802179
abrupt,S_vrf,"Shared, variable forgetting",S,adaptive,7,1,3,late,90,100,1,complete,100,100,0.0288311141633457,0.251490326420391,0.486072553850661,0.0216049964462486,2.16049964462486,100,100,100,0.00978707103978905,0.0141624528922046,0.348509673579609,0.628241714661888,-0.269424992979171,0.554107696398766,0,0,0,0,100,0,100,1,1,1,0,100,100,0,3,3,0,0,9354.77571652167,25979.9260034339,145.676073554912,0,3.48382212228825,3.19453874601484
abrupt,S_vrf,"Shared, variable forgetting",S,adaptive,8,1,3,whole,0,120,1,complete,1200,1200,0.0624731550687626,0.632142928772655,0.464819155472839,0.0186318400031133,22.3395761637328,1199,1200,1200,0.0189067901613222,0.0213249474880239,-0.576913911913666,0.808328346918008,-0.805448452474189,0.88759730884527,0,0,0,0,1199,0,1199,0.943618802749611,1,1,93,1150,1150,0,3,3,0,0,30.62108673023,84923.0997372634,151.983055016185,0,3.29506135539415,2.3284407044685
abrupt,S_vrf,"Shared, variable forgetting",S,adaptive,8,1,3,pre,30,40,1,complete,100,100,0.0781426041594259,0.632142928772655,0.546737870594359,0.0210063200636049,2.10063200636049,100,100,100,0.00703593901395928,0.0125342022887759,-0.576913911913666,0.132142928772655,-0.689658968995382,0.627162081290753,0,0,0,0,100,0,100,1,1,1,0,100,100,0,3,3,0,0,1268.14491656879,84923.0997372634,31.5848754430971,0,0.0593409014651461,0.119680786377218
abrupt,S_vrf,"Shared, variable forgetting",S,adaptive,8,1,3,event,50,60,1,complete,100,100,0.125138055431522,0.564853660401557,0.535059528112063,0.0271723924194751,2.71723924194751,100,100,100,0.0560774860915082,0.0568911638371788,0.185146339598443,0.808328346918008,-0.531650459311305,0.710207687594212,0,0,0,0,100,0,100,0.943618802749611,0.967636119601586,1,76,100,100,0,3,3,0,0,1939.62651443446,22170.5992060557,109.619201378961,0,6.7053317637381,5.77722329218952
abrupt,S_vrf,"Shared, variable forgetting",S,adaptive,8,1,3,late,90,100,1,complete,100,100,0.0272126875882251,0.238426283483531,0.486952412161346,0.0209288528114668,2.09288528114668,100,100,100,0.009739484653118,0.0134927005064186,0.361573716516469,0.6356185580602,-0.267239418719965,0.545196136701866,0,0,0,0,100,0,100,1,1,1,0,100,100,0,3,3,0,0,7186.62029384352,29014.504150203,143.556447847984,0,3.18150542553907,2.88652361978115
abrupt,S_vrf,"Shared, variable forgetting",S,adaptive,9,1,3,whole,0,120,1,complete,1200,1200,0.0616682240445831,0.6,0.464852965428641,0.0187048575994712,22.427124261766,1199,1200,1200,0.0185234408325876,0.0213171993747525,-0.569913135056037,0.819406152587322,-0.809741077019655,0.892410264116681,0,0,0,0,1199,0,1199,0.944473736376019,1,1,93,1150,1150,0,3,3,0,0,29.5482132623289,114899.568074968,148.950791456435,0,3.08947255130761,2.21550218602482
abrupt,S_vrf,"Shared, variable forgetting",S,adaptive,9,1,3,pre,30,40,1,complete,100,100,0.0737235199245834,0.597662511733092,0.546971849720679,0.0211503777047041,2.11503777047041,100,100,100,0.00696367230361347,0.0132313661239155,-0.569913135056037,0.0976625117330924,-0.698987856312363,0.620088629982781,0,0,0,0,100,0,100,1,1,1,0,100,100,0,3,3,0,0,1886.13423539257,114899.568074968,31.5055989479726,0,0.0830048173476746,0.0629324068769552
abrupt,S_vrf,"Shared, variable forgetting",S,adaptive,9,1,3,event,50,60,1,complete,100,100,0.123001708892852,0.557119124304063,0.535559525100035,0.0278578077770664,2.78578077770664,100,100,100,0.0547179759709735,0.0564078338384605,0.192880875695937,0.819406152587322,-0.528006863123941,0.705789142305236,0,0,0,0,100,0,100,0.944473736376019,0.967493967449852,1,78,100,100,0,3,3,0,0,1936.42419157748,35158.1484361732,108.622759100818,0,6.63764327002627,5.62776972187616
abrupt,S_vrf,"Shared, variable forgetting",S,adaptive,9,1,3,late,90,100,1,complete,100,100,0.026435789143172,0.226481207832419,0.486800406709856,0.0212905033185471,2.12905033185471,100,100,100,0.00970038500485449,0.0137612190318395,0.373518792167581,0.62304701027684,-0.256964702055884,0.544231435662611,0,0,0,0,100,0,100,1,1,1,0,100,100,0,3,3,0,0,14065.5466620148,25042.7896528093,144.381838021501,0,2.96456079477443,2.72658638843969
abrupt,S_vrf,"Shared, variable forgetting",S,adaptive,10,1,3,whole,0,120,1,complete,1200,1200,0.0619376995961815,0.616163758016226,0.463658856320383,0.0187906786400635,22.5300236894361,1199,1200,1200,0.0187459680124539,0.0216993962507464,-0.560373525290657,0.811314192673155,-0.80656454653055,0.867091132704642,0,0,0,0,1199,0,1199,0.945309513963348,1,1,88,1150,1150,0,3,3,0,0,31.635100961296,81950.7405801817,140.199806385365,0,3.27298396067177,2.45601199728172
abrupt,S_vrf,"Shared, variable forgetting",S,adaptive,10,1,3,pre,30,40,1,complete,100,100,0.0748834236522212,0.616163758016226,0.545646342059655,0.0209470703748244,2.09470703748244,100,100,100,0.00783858985402958,0.0126013840433738,-0.560373525290657,0.116163758016226,-0.685437868230216,0.626484098592711,0,0,0,0,100,0,100,1,1,1,0,100,100,0,3,3,0,0,1905.14612707509,81950.7405801817,31.3541522112993,0,0.173312665353899,0.193455364949351
abrupt,S_vrf,"Shared, variable forgetting",S,adaptive,10,1,3,event,50,60,1,complete,100,100,0.123719262297204,0.542530260951544,0.536485439730242,0.0265924210280237,2.65924210280237,100,100,100,0.0553914311474089,0.0573483334953051,0.207469739048456,0.811314192673155,-0.518396056513147,0.707980184510486,0,0,0,0,100,0,100,0.945309513963348,0.968031955850378,1,75,100,100,0,3,3,0,0,1978.57709765493,40718.122982631,109.601006250217,0,6.72053642008141,5.95841159810874
abrupt,S_vrf,"Shared, variable forgetting",S,adaptive,10,1,3,late,90,100,1,complete,100,100,0.027813202777943,0.246064861465913,0.485849166502729,0.0223291447601589,2.23291447601589,100,100,100,0.00974609033806655,0.0154243476423941,0.353935138534087,0.620097111773176,-0.267666951674044,0.539949477744201,0,0,0,0,100,0,100,1,1,1,0,100,100,0,3,3,0,0,9391.32657770404,20659.8683840197,139.81343523751,0,3.24195920469365,2.91361714964819
abrupt,S_vrf,"Shared, variable forgetting",S,adaptive,11,1,3,whole,0,120,1,complete,1200,1200,0.0618824790320557,0.606596025475666,0.464036120873055,0.0187843997513753,22.522495301899,1199,1200,1200,0.0191615342093708,0.0213052211550828,-0.572525295388818,0.789986176063974,-0.806832733165727,0.89135449084915,0,0,0,0,1199,0,1199,0.944340438478789,1,1,97,1150,1150,0,3,3,0,0,31.0524411826584,94775.8579976418,161.979253797763,0,3.16585842565933,1.9776661426553
abrupt,S_vrf,"Shared, variable forgetting",S,adaptive,11,1,3,pre,30,40,1,complete,100,100,0.0748549941372653,0.606596025475666,0.547596257700988,0.0206124634887248,2.06124634887248,100,100,100,0.00663169553190727,0.0114480337730991,-0.572525295388818,0.106596025475667,-0.691245279384909,0.621846454366975,0,0,0,0,100,0,100,1,1,1,0,100,100,0,3,3,0,0,1618.00623908332,94775.8579976418,31.355281952622,0,0.0212429558749349,0.0195966108370599
abrupt,S_vrf,"Shared, variable forgetting",S,adaptive,11,1,3,event,50,60,1,complete,100,100,0.12326617517765,0.536749874478007,0.533090225860826,0.0285786125189104,2.85786125189104,100,100,100,0.056565683853399,0.0566855509670053,0.213250125521993,0.789986176063974,-0.518475326314126,0.702817480666704,0,0,0,0,100,0,100,0.944340438478789,0.967680930556534,1,77,100,100,0,3,3,0,0,2164.12195991348,30209.7615968221,109.6714670394,0,6.61665801927597,6.12232019991654
abrupt,S_vrf,"Shared, variable forgetting",S,adaptive,11,1,3,late,90,100,1,complete,100,100,0.0272153813933946,0.235968827531365,0.486121738869694,0.0240102460439066,2.40102460439066,100,100,100,0.0114675215095103,0.0164475078776583,0.364031172468635,0.625677818021723,-0.260444994686459,0.550999564605391,0,0,0,0,100,0,100,1,1,1,0,100,100,0,3,3,0,0,9023.64706411399,24247.6516766007,146.753497470181,0,2.87404632721518,2.62209160356975
abrupt,S_vrf,"Shared, variable forgetting",S,adaptive,12,1,3,whole,0,120,1,complete,1200,1200,0.0616291885681726,0.6,0.46442495248467,0.0180621973768464,21.6565746548389,1199,1200,1200,0.0185467230530074,0.0210956638298917,-0.566990940510106,0.801342618804727,-0.825416714204792,0.840075498880445,0,0,0,0,1199,0,1199,0.943975764143369,1,1,94,1150,1150,0,3,3,0,0,31.4139598610701,82453.5158349363,153.052205911075,0,2.98813732195672,1.79112730973537
abrupt,S_vrf,"Shared, variable forgetting",S,adaptive,12,1,3,pre,30,40,1,complete,100,100,0.0732880174473518,0.593456500730341,0.547620820582905,0.0204272385919135,2.04272385919135,100,100,100,0.00810173758126205,0.0123830377941658,-0.566990940510106,0.0934565007303412,-0.685310461032585,0.607580165228215,0,0,0,0,100,0,100,1,1,1,0,100,100,0,3,3,0,0,1657.79780333528,82453.5158349363,31.7820093428851,0,0.48163494380211,0.495807763736367
abrupt,S_vrf,"Shared, variable forgetting",S,adaptive,12,1,3,event,50,60,1,complete,100,100,0.122908022174393,0.542402579919017,0.535580936168664,0.0286589777189371,2.86589777189371,100,100,100,0.0555004636709098,0.0576421608630004,0.207597420080983,0.801342618804727,-0.513338767816129,0.689828600830106,0,0,0,0,100,0,100,0.943975764143369,0.967978089997974,1,79,100,100,0,3,3,0,0,2052.00777707412,27800.7615123204,113.968620660948,0,6.71925337688226,5.20585194585161
abrupt,S_vrf,"Shared, variable forgetting",S,adaptive,12,1,3,late,90,100,1,complete,100,100,0.0262891084477036,0.232854029919192,0.485872832145526,0.0202640735168764,2.02640735168764,100,100,100,0.00791539957418536,0.0130738032899592,0.367145970080808,0.627927825207533,-0.259872312294768,0.562356983980418,0,0,0,0,100,0,100,1,1,1,0,100,100,0,3,3,0,0,11956.4857143207,31749.1730563656,150.65137863437,0,2.54639096778102,2.40142334281088
abrupt,S_vrf,"Shared, variable forgetting",S,adaptive,13,1,3,whole,0,120,1,complete,1200,1200,0.0618547621676324,0.621116882468066,0.465383711484797,0.0187862567513359,22.5247218448518,1199,1200,1200,0.0187131314237064,0.0214033174044799,-0.573493329291812,0.788561575111237,-0.795235308680144,0.903371286543809,0,0,0,0,1199,0,1199,0.942295891852489,1,1,92,1150,1150,0,3,3,0,0,30.4771805511976,109012.850993914,155.910691175927,0,3.1145469880438,1.96545613067284
abrupt,S_vrf,"Shared, variable forgetting",S,adaptive,13,1,3,pre,30,40,1,complete,100,100,0.0764993078743012,0.621116882468066,0.548572398183487,0.0205633387025895,2.05633387025895,100,100,100,0.00657651889515609,0.0111064428802567,-0.573493329291812,0.121116882468066,-0.691837068875493,0.622669554387816,0,0,0,0,100,0,100,1,1,1,0,100,100,0,3,3,0,0,1511.70901105635,109012.850993914,31.547315664281,0,0.290979151848249,0.319377143448776
abrupt,S_vrf,"Shared, variable forgetting",S,adaptive,13,1,3,event,50,60,1,complete,100,100,0.123472944932486,0.550619123330748,0.534506906686638,0.0273939397358924,2.73939397358924,100,100,100,0.0555644087353267,0.0570872900010453,0.199380876669252,0.788561575111237,-0.513408838381405,0.700367538048326,0,0,0,0,100,0,100,0.942295891852489,0.968437039810918,1,76,100,100,0,3,3,0,0,2262.62436051049,44683.7078037737,110.521891675391,0,6.6542300146072,5.96428465559823
abrupt,S_vrf,"Shared, variable forgetting",S,adaptive,13,1,3,late,90,100,1,complete,100,100,0.0277503742216068,0.241687826572062,0.485586055016375,0.0235032200944735,2.35032200944735,100,100,100,0.0112272687041319,0.0163426020534519,0.358312173427938,0.633377220234625,-0.264480742703177,0.560765162395028,0,0,0,0,100,0,100,1,1,1,0,100,100,0,3,3,0,0,9691.47952490477,20997.0008429012,143.934799621065,0,2.92646237963834,2.65399964800426
abrupt,S_vrf,"Shared, variable forgetting",S,adaptive,14,1,3,whole,0,120,1,complete,1200,1200,0.0617877563670623,0.602899670524771,0.464513788682113,0.0184549828396719,22.1275244247666,1199,1200,1200,0.0187113916027803,0.0212649441222329,-0.575291451117701,0.813155297585787,-0.798239537760305,0.850385756940075,0,0,0,0,1199,0,1199,0.943856252270281,1,1,92,1150,1150,0,3,3,0,0,31.6341635932769,81390.6699324755,146.152083151221,0,3.1737140701704,2.27247073986506
abrupt,S_vrf,"Shared, variable forgetting",S,adaptive,14,1,3,pre,30,40,1,complete,100,100,0.0746968282623288,0.602899670524771,0.54647084090763,0.0218567486492342,2.18567486492342,100,100,100,0.00762384911462655,0.0135025933292622,-0.575291451117701,0.102899670524771,-0.682042914178011,0.621774893374204,0,0,0,0,100,0,100,1,1,1,0,100,100,0,3,3,0,0,1540.48826842385,66972.4652002167,31.3574358225195,0,0.303379159977738,0.325526319836951
abrupt,S_vrf,"Shared, variable forgetting",S,adaptive,14,1,3,event,50,60,1,complete,100,100,0.123774938700748,0.555184559936388,0.534936950262419,0.0292175076758376,2.92175076758376,100,100,100,0.0561216607853836,0.0567943929356859,0.194815440063612,0.813155297585787,-0.527114176253488,0.716611786152849,0,0,0,0,100,0,100,0.943856252270281,0.968132762285186,1,78,100,100,0,3,3,0,0,1955.0882142289,24222.9045820798,111.470664959987,0,6.64879629487697,5.8757724736232
abrupt,S_vrf,"Shared, variable forgetting",S,adaptive,14,1,3,late,90,100,1,complete,100,100,0.0269099676419322,0.239083725601338,0.485757844289664,0.0198302449767114,1.98302449767114,100,100,100,0.00844832597287795,0.0127701598281717,0.360916274398662,0.618755818255062,-0.262948147471535,0.554869629983705,0,0,0,0,100,0,100,1,1,1,0,100,100,0,3,3,0,0,12477.5676760822,29798.7507565141,144.682487966332,0,2.92581881177383,2.77332409938889
abrupt,S_vrf,"Shared, variable forgetting",S,adaptive,15,1,3,whole,0,120,1,complete,1200,1200,0.0617078330529387,0.608716982286032,0.464796253199422,0.0182668428903405,21.9019446255183,1199,1200,1200,0.0184264505070842,0.0213286182059382,-0.569637762187389,0.796355506911121,-0.830574757159099,0.907838643892225,0,0,0,0,1199,0,1199,0.942258551843359,1,1,91,1150,1150,0,3,3,0,0,31.0954918831097,101258.738115539,157.34185335213,0,3.05590228424811,1.92114236526815
abrupt,S_vrf,"Shared, variable forgetting",S,adaptive,15,1,3,pre,30,40,1,complete,100,100,0.0746584416274354,0.608716982286032,0.547377839684599,0.0202782555633647,2.02782555633647,100,100,100,0.00753317128035943,0.0111038548780397,-0.569637762187389,0.108716982286032,-0.689326781105045,0.629195191227255,0,0,0,0,100,0,100,1,1,1,0,100,100,0,3,3,0,0,1621.48565156578,101258.738115539,31.6376461576015,0,0.265678212669958,0.246210134640127
abrupt,S_vrf,"Shared, variable forgetting",S,adaptive,15,1,3,event,50,60,1,complete,100,100,0.123573466644667,0.556827406801415,0.535479351452734,0.0262165562440835,2.62165562440835,100,100,100,0.0548551016116954,0.0574650773041985,0.193172593198585,0.796355506911121,-0.514451533504879,0.688948707568752,0,0,0,0,100,0,100,0.942258551843359,0.968073963936279,1,74,100,100,0,3,3,0,0,2087.34903942155,37170.4525291446,109.411353120151,0,6.62164265931686,5.46270625594819
abrupt,S_vrf,"Shared, variable forgetting",S,adaptive,15,1,3,late,90,100,1,complete,100,100,0.0269427838447636,0.240301638905891,0.483553300681694,0.0216869193752567,2.16869193752567,100,100,100,0.00985277955399971,0.015106587380042,0.359698361094109,0.620472127085917,-0.263589978565131,0.539103348975027,0,0,0,0,100,0,100,1,1,1,0,100,100,0,3,3,0,0,9750.42757671349,39958.9670074519,146.223172872641,0,2.70709444221827,2.42381032286557
abrupt,S_vrf,"Shared, variable forgetting",S,adaptive,16,1,3,whole,0,120,1,complete,1200,1200,0.0615443979328073,0.6,0.462647428424586,0.0188530241218662,22.6047759221176,1199,1200,1200,0.0189033727435115,0.0212590462842542,-0.574924795343518,0.809336288623216,-0.81751955724902,0.912189867732249,0,0,0,0,1199,0,1199,0.945143456437428,1,1,88,1150,1150,0,3,3,0,0,31.5800274032073,88685.739802488,139.615021248114,0,3.31296565220628,2.51011219707356
abrupt,S_vrf,"Shared, variable forgetting",S,adaptive,16,1,3,pre,30,40,1,complete,100,100,0.074143352219071,0.596349759884517,0.546694199664402,0.0209795495425321,2.09795495425321,100,100,100,0.00833774110795044,0.0131356714109141,-0.574924795343518,0.0963497598845172,-0.691427362531815,0.614136659139018,0,0,0,0,100,0,100,1,1,1,0,100,100,0,3,3,0,0,1821.75033911844,88685.739802488,31.1847731207636,0,0.08108310657592,0.112143851552473
abrupt,S_vrf,"Shared, variable forgetting",S,adaptive,16,1,3,event,50,60,1,complete,100,100,0.123523768310661,0.552695265612954,0.534021123241087,0.0276046133404171,2.76046133404171,100,100,100,0.0554730386638263,0.0566450979928359,0.197304734387046,0.809336288623216,-0.526260496678235,0.718981761053559,0,0,0,0,100,0,100,0.945143456437428,0.967531531151768,1,73,100,100,0,3,3,0,0,2356.44445976165,25299.700673995,106.205068772706,0,6.5315153999744,6.01324354034838
abrupt,S_vrf,"Shared, variable forgetting",S,adaptive,16,1,3,late,90,100,1,complete,100,100,0.0271500640618917,0.237923861550728,0.484002335254107,0.0192059373109296,1.92059373109296,100,100,100,0.00922497372732527,0.0116942152219254,0.362076138449272,0.633722331525183,-0.269957550615195,0.561511876887662,0,0,0,0,100,0,100,1,1,1,0,100,100,0,3,3,0,0,10895.6491842294,31578.5658348462,137.246981412573,0,3.41362062702184,3.10016069259562
abrupt,S_vrf,"Shared, variable forgetting",S,adaptive,17,1,3,whole,0,120,1,complete,1200,1200,0.0620223384022682,0.604118049638929,0.465185957735776,0.0184659956118683,22.1407287386301,1199,1200,1200,0.0190064329284575,0.0212375379366787,-0.566718658408665,0.797076113727018,-0.816017591170295,0.881381486297255,0,0,0,0,1199,0,1199,0.943797530960751,1,1,91,1150,1150,0,3,3,0,0,31.5130049031565,92848.3876935169,144.830633329704,0,3.16808540106616,2.08643066129021
abrupt,S_vrf,"Shared, variable forgetting",S,adaptive,17,1,3,pre,30,40,1,complete,100,100,0.0745838750329688,0.604118049638929,0.549872155836791,0.0206776081148166,2.06776081148166,100,100,100,0.00770247735297002,0.0118913709636512,-0.566718658408665,0.104118049638929,-0.676527001757327,0.623731725769975,0,0,0,0,100,0,100,1,1,1,0,100,100,0,3,3,0,0,1969.50817274977,92848.3876935169,31.5897879335423,0,0.0580233861241825,0.0368560363702813
abrupt,S_vrf,"Shared, variable forgetting",S,adaptive,17,1,3,event,50,60,1,complete,100,100,0.124308921906078,0.551609138820061,0.538604426154775,0.0303704431127391,3.03704431127391,100,100,100,0.056139849080977,0.057438755015405,0.198390861179939,0.797076113727018,-0.529825379971781,0.711939871514879,0,0,0,0,100,0,100,0.943797530960751,0.967768665835289,1,75,100,100,0,3,3,0,0,2056.06772428642,44973.1800471138,107.600592355727,0,6.80506612819981,6.10862484732308
abrupt,S_vrf,"Shared, variable forgetting",S,adaptive,17,1,3,late,90,100,1,complete,100,100,0.0280701655749221,0.24270432449318,0.488680616567239,0.0195339255629145,1.95339255629145,100,100,100,0.0101240487054246,0.0131937019250204,0.35729567550682,0.621601024699843,-0.255522291382212,0.555487790925372,0,0,0,0,100,0,100,1,1,1,0,100,100,0,3,3,0,0,10893.9468441542,34522.6627377201,143.615627363934,0,2.83922482689564,2.62327266357336
abrupt,S_vrf,"Shared, variable forgetting",S,adaptive,18,1,3,whole,0,120,1,complete,1200,1200,0.0619252512705986,0.621123423921337,0.463320266999957,0.019046622016326,22.8368997975749,1199,1200,1200,0.0188779966108762,0.0215346632433048,-0.567675252462052,0.81563480363374,-0.821495576317954,0.876363204008927,0,0,0,0,1199,0,1199,0.944027386948868,1,1,89,1150,1150,0,3,3,0,0,31.6882210557612,96619.8101615117,141.540894865262,0,3.11416557615977,2.11005882119478
abrupt,S_vrf,"Shared, variable forgetting",S,adaptive,18,1,3,pre,30,40,1,complete,100,100,0.076654116638994,0.621123423921337,0.545606841172481,0.0204132351686681,2.04132351686681,100,100,100,0.00751327926085363,0.0119156917644548,-0.567675252462052,0.121123423921337,-0.680561905300082,0.632573348458338,0,0,0,0,100,0,100,1,1,1,0,100,100,0,3,3,0,0,1638.35471564589,96619.8101615117,31.4518491808616,0,0.0637761491245783,0.0535966761825963
abrupt,S_vrf,"Shared, variable forgetting",S,adaptive,18,1,3,event,50,60,1,complete,100,100,0.123514296585414,0.544852465153494,0.533473695646066,0.0306147854841978,3.06147854841978,100,100,100,0.055978664024022,0.0570448928392889,0.205147534846506,0.81563480363374,-0.523683096037548,0.721768438970914,0,0,0,0,100,0,100,0.944027386948868,0.968550591688838,1,75,100,100,0,3,3,0,0,1865.17511675691,21901.88318479,107.895289184464,0,6.57454072303185,5.95725939427357
abrupt,S_vrf,"Shared, variable forgetting",S,adaptive,18,1,3,late,90,100,1,complete,100,100,0.0283277747997073,0.24941200792433,0.48490709435691,0.0225245081861561,2.25245081861561,100,100,100,0.01025718272672,0.0153074615151752,0.35058799207567,0.634368123401615,-0.272777787083766,0.566953901455556,0,0,0,0,100,0,100,1,1,1,0,100,100,0,3,3,0,0,6333.84084504989,23611.6726561064,139.8185854555,0,3.04511815005326,2.79732969081281
abrupt,S_vrf,"Shared, variable forgetting",S,adaptive,19,1,3,whole,0,120,1,complete,1200,1200,0.0623591941170686,0.611791102316394,0.464187111250981,0.018942658700589,22.7122477820062,1199,1200,1200,0.0191840552278473,0.0213108695935071,-0.579252476304483,0.800359192296249,-0.820234299880708,0.867198254123395,0,0,0,0,1199,0,1199,0.945743263229234,1,1,91,1150,1150,0,3,3,0,0,31.0686745770058,129176.571751651,136.886747180575,0,3.42194149043256,2.72824367417215
abrupt,S_vrf,"Shared, variable forgetting",S,adaptive,19,1,3,pre,30,40,1,complete,100,100,0.0749457217500659,0.611791102316394,0.547965327906101,0.0203362385679148,2.03362385679148,100,100,100,0.00683902266531958,0.0107244016893494,-0.579252476304483,0.111791102316394,-0.691660294368346,0.628941465706108,0,0,0,0,100,0,100,1,1,1,0,100,100,0,3,3,0,0,1754.14153254356,129176.571751651,31.1708503863978,0,0.0502853315654119,0.0506331134859835
abrupt,S_vrf,"Shared, variable forgetting",S,adaptive,19,1,3,event,50,60,1,complete,100,100,0.124924623115001,0.553355781575579,0.533779488368143,0.0282612597001254,2.82612597001254,100,100,100,0.057380632672856,0.0563172597697833,0.196644218424421,0.800359192296249,-0.53076109704086,0.711580261519617,0,0,0,0,100,0,100,0.945743263229234,0.967841661473158,1,78,100,100,0,3,3,0,0,1969.83320955252,18517.577265944,105.907827108432,0,6.68025296655604,5.82153864180014
abrupt,S_vrf,"Shared, variable forgetting",S,adaptive,19,1,3,late,90,100,1,complete,100,100,0.0293853829898166,0.253078778102169,0.485132868668237,0.0229448469133367,2.29448469133367,100,100,100,0.011064001973849,0.0155281501254183,0.346921221897831,0.637202542006187,-0.276563766843581,0.564083931853914,0,0,0,0,100,0,100,1,1,1,0,100,100,0,3,3,0,0,6540.32377476132,25062.4846340584,136.115001463577,0,3.61720515984916,3.24865687252755
abrupt,S_vrf,"Shared, variable forgetting",S,adaptive,20,1,3,whole,0,120,1,complete,1200,1200,0.0619150927200381,0.607031322328011,0.464135680352026,0.0187834313338001,22.5213341692263,1199,1200,1200,0.0191406061912007,0.0215256313020703,-0.564673561813437,0.786722892483936,-0.815296450305653,0.905451137634091,0,0,0,0,1199,0,1199,0.94296248591922,1,1,84,1150,1150,0,3,3,0,0,30.6802000414515,76183.5144813799,139.93083504726,0,3.36965239258286,2.52676349382239
abrupt,S_vrf,"Shared, variable forgetting",S,adaptive,20,1,3,pre,30,40,1,complete,100,100,0.0747063629539922,0.607031322328011,0.548809854427942,0.0210759474469312,2.10759474469312,100,100,100,0.00726056724093101,0.0125426906090356,-0.564673561813437,0.107031322328011,-0.686222709128702,0.611016289942897,0,0,0,0,100,0,100,1,1,1,0,100,100,0,3,3,0,0,2354.23859446137,76183.5144813799,31.864679705973,0,0.346022337154104,0.365397968028867
abrupt,S_vrf,"Shared, variable forgetting",S,adaptive,20,1,3,event,50,60,1,complete,100,100,0.124463106492496,0.558584660768916,0.53395101867616,0.0285989663290498,2.85989663290498,100,100,100,0.056142766242365,0.0574704255914381,0.191415339231084,0.786722892483936,-0.514165112847401,0.701605768182797,0,0,0,0,100,0,100,0.94296248591922,0.966710242865426,1,71,100,100,0,3,3,0,0,2583.88769342632,25978.3234576104,108.647946932554,0,6.62028620855911,5.76507196974398
abrupt,S_vrf,"Shared, variable forgetting",S,adaptive,20,1,3,late,90,100,1,complete,100,100,0.0306373579317364,0.264794910441461,0.484702980953425,0.0222616735974849,2.22616735974849,100,100,100,0.0116537115206599,0.0149677012204537,0.335205089558539,0.631575119181917,-0.274253162426945,0.563454869221243,0,0,0,0,100,0,100,1,1,1,0,100,100,0,3,3,0,0,10792.9284610486,25795.4786018518,134.954317838624,0,3.51854965550695,3.24689251298324
abrupt,S_vrf,"Shared, variable forgetting",S,adaptive,21,1,3,whole,0,120,1,complete,1200,1200,0.0612168827549473,0.600030637632029,0.465979212055575,0.0188238605122757,22.5698087542185,1199,1200,1200,0.0186198403909948,0.0214346273692925,-0.573039407541535,0.801286959958479,-0.823681865268516,0.902210376263203,0,0,0,0,1199,0,1199,0.944014025845525,1,1,101,1150,1150,0,3,3,0,0,30.462049058292,99050.7285584139,164.843190235443,0,2.8396361708506,1.70063914801472
abrupt,S_vrf,"Shared, variable forgetting",S,adaptive,21,1,3,pre,30,40,1,complete,100,100,0.0737386569034123,0.600030637632029,0.548045950598468,0.0215038057711755,2.15038057711755,100,100,100,0.00764659424304761,0.0128832500461208,-0.573039407541535,0.100030637632029,-0.69210834318836,0.619907998964856,0,0,0,0,100,0,100,1,1,1,0,100,100,0,3,3,0,0,1600.94292107395,72140.5570806082,31.4026357645186,0,0.0448962871145297,0.0355198432526073
abrupt,S_vrf,"Shared, variable forgetting",S,adaptive,21,1,3,event,50,60,1,complete,100,100,0.123786695017766,0.549268948141776,0.536621319091914,0.0288203201509765,2.88203201509765,100,100,100,0.0559910293819306,0.0573532781704954,0.200731051858224,0.801286959958479,-0.524147068429125,0.701814393093984,0,0,0,0,100,0,100,0.944014025845525,0.969026158355467,1,84,100,100,0,3,3,0,0,1992.90357869988,30023.6336033767,111.244149751151,0,6.62393092640351,5.65575865135208
abrupt,S_vrf,"Shared, variable forgetting",S,adaptive,21,1,3,late,90,100,1,complete,100,100,0.0257268805392421,0.22684626453427,0.48606455668327,0.022454589700551,2.2454589700551,100,100,100,0.0103122561456953,0.0157005378914311,0.37315373546573,0.634089664039704,-0.253979184776564,0.55215160606625,0,0,0,0,100,0,100,1,1,1,0,100,100,0,3,3,0,0,9738.06631624383,26080.3567065776,148.697371911761,0,2.34972427025338,2.19272896403229
abrupt,S_vrf,"Shared, variable forgetting",S,adaptive,22,1,3,whole,0,120,1,complete,1200,1200,0.0620847738039081,0.618571897411212,0.465013833105334,0.0193005034070886,23.1413035850993,1199,1200,1200,0.018861412026495,0.021803970295726,-0.576885385620202,0.786669291590589,-0.815469304200423,0.837739250760697,0,0,0,0,1199,0,1199,0.945052058087396,1,1,91,1150,1150,0,3,3,0,0,32.228260057348,95264.9856506166,154.567876379139,0,3.18293729921163,2.17990257022442
abrupt,S_vrf,"Shared, variable forgetting",S,adaptive,22,1,3,pre,30,40,1,complete,100,100,0.0760715051685914,0.618571897411212,0.546213420098398,0.0206271994880278,2.06271994880278,100,100,100,0.00757558849423419,0.0111918655009082,-0.576885385620202,0.118571897411212,-0.688188030601872,0.627942776858764,0,0,0,0,100,0,100,1,1,1,0,100,100,0,3,3,0,0,1875.30678835312,81144.828701251,31.6384234484892,0,0.0820473969351644,0.101708934627286
abrupt,S_vrf,"Shared, variable forgetting",S,adaptive,22,1,3,event,50,60,1,complete,100,100,0.123897612843155,0.557337228423618,0.536542958301488,0.0299240045324877,2.99240045324877,100,100,100,0.0553879360400383,0.0571080434976244,0.192662771576382,0.786669291590589,-0.51936891726208,0.722318174281263,0,0,0,0,100,0,100,0.945052058087396,0.966528419771868,1,75,100,100,0,3,3,0,0,2053.93723085447,27587.6244082427,110.475043899454,0,6.72446514314345,6.03103678933159
abrupt,S_vrf,"Shared, variable forgetting",S,adaptive,22,1,3,late,90,100,1,complete,100,100,0.0277763811720556,0.24098562183831,0.485990160998573,0.0241038424667971,2.41038424667971,100,100,100,0.0120856765968649,0.0175134883307634,0.35901437816169,0.613706743911918,-0.258655855838839,0.533009234913478,0,0,0,0,100,0,100,1,1,1,0,100,100,0,3,3,0,0,8729.34006520996,25457.7517490412,146.887801448865,0,3.14809323238916,2.91204773499903
abrupt,S_vrf,"Shared, variable forgetting",S,adaptive,23,1,3,whole,0,120,1,complete,1200,1200,0.0621889742736601,0.603321273913727,0.463207704033475,0.0188826150598091,22.6402554567111,1199,1200,1200,0.0193814157194084,0.0214518023034847,-0.581984271444403,0.797858527317294,-0.813727130937684,0.862962094044616,0,0,0,0,1199,0,1199,0.944355982891256,1,1,89,1150,1150,0,3,3,0,0,29.9831489717121,92556.0522062389,142.660063757415,0,3.14535256240772,2.16673607025111
abrupt,S_vrf,"Shared, variable forgetting",S,adaptive,23,1,3,pre,30,40,1,complete,100,100,0.0747841305762503,0.603321273913727,0.547483379585482,0.0210439499222038,2.10439499222038,100,100,100,0.0076243760513297,0.0121245119585257,-0.581984271444403,0.103321273913727,-0.693599093424131,0.619616112264126,0,0,0,0,100,0,100,1,1,1,0,100,100,0,3,3,0,0,1759.88428112503,85722.980719775,31.3480216874042,0,0.103393496626805,0.094453602741437
abrupt,S_vrf,"Shared, variable forgetting",S,adaptive,23,1,3,event,50,60,1,complete,100,100,0.124703016070391,0.544589470328526,0.532378399718371,0.0287157198925037,2.87157198925037,100,100,100,0.0576467717937362,0.0566964230786745,0.205410529671474,0.797858527317294,-0.513775986125549,0.6993829926921,0,0,0,0,100,0,100,0.944355982891256,0.96721871666198,1,76,100,100,0,3,3,0,0,2105.84207543634,32144.6770317469,109.233249932179,0,6.55515260372399,5.77897501918779
abrupt,S_vrf,"Shared, variable forgetting",S,adaptive,23,1,3,late,90,100,1,complete,100,100,0.0274481228003985,0.241483224112394,0.485056819931964,0.0231018084589539,2.31018084589539,100,100,100,0.0101194296764832,0.0153390465740455,0.358516775887606,0.629133344389325,-0.261392652782309,0.552641824160868,0,0,0,0,100,0,100,1,1,1,0,100,100,0,3,3,0,0,8015.12834530633,31199.8399014017,142.660063757415,0,2.96038346146327,2.82420532980462
abrupt,S_vrf,"Shared, variable forgetting",S,adaptive,24,1,3,whole,0,120,1,complete,1200,1200,0.0624515175639924,0.615810204530443,0.463933289179813,0.0191990389214131,23.0196476667743,1199,1200,1200,0.019019796435134,0.0215111475068069,-0.571625439514153,0.796267973369814,-0.818381113170199,0.857870739900482,0,0,0,0,1199,0,1199,0.94412983578115,1,1,84,1150,1150,0,3,3,0,0,32.3391311556911,105052.569865913,136.155775952055,0,3.41275349699796,2.64044325906945
abrupt,S_vrf,"Shared, variable forgetting",S,adaptive,24,1,3,pre,30,40,1,complete,100,100,0.0765194919454104,0.615810204530443,0.549049241903521,0.0216221043113589,2.16221043113589,100,100,100,0.00740098881014677,0.0136400542660604,-0.571625439514153,0.115810204530443,-0.683003931703605,0.621403700112187,0,0,0,0,100,0,100,1,1,1,0,100,100,0,3,3,0,0,1539.92924598776,87488.3611529765,31.7812136604818,0,0.0453281357655875,0.0506016379534376
abrupt,S_vrf,"Shared, variable forgetting",S,adaptive,24,1,3,event,50,60,1,complete,100,100,0.122935522701375,0.540995116901523,0.53387263013894,0.0292062143764487,2.92062143764487,100,100,100,0.055817536808093,0.0566191356851037,0.209004883098477,0.796267973369814,-0.523256795442574,0.699591857001866,0,0,0,0,100,0,100,0.94412983578115,0.967100587294673,1,71,100,100,0,3,3,0,0,1991.06095129414,37085.2523200789,106.683126857298,0,6.61815749552822,6.08759408746728
abrupt,S_vrf,"Shared, variable forgetting",S,adaptive,24,1,3,late,90,100,1,complete,100,100,0.0275569821424638,0.238580675482062,0.484556668306182,0.0237841066639819,2.37841066639819,100,100,100,0.0104015598569563,0.015508798501223,0.361419324517938,0.62736666087992,-0.270526727119245,0.563152945308544,0,0,0,0,100,0,100,1,1,1,0,100,100,0,3,3,0,0,7086.19628674791,22161.5779594532,136.155775952055,0,3.45293517126147,3.23206806597651
abrupt,S_vrf,"Shared, variable forgetting",S,adaptive,25,1,3,whole,0,120,1,complete,1200,1200,0.0616804426122399,0.605952525028307,0.463944265366193,0.0184801354178721,22.1576823660286,1199,1200,1200,0.0189433782617773,0.0214054764900179,-0.574028780028965,0.799552622405875,-0.817921308258354,0.866723736462729,0,0,0,0,1199,0,1199,0.943314070561569,1,1,92,1150,1150,0,3,3,0,0,31.2547555053479,97037.5148761779,156.835859427971,0,3.07574500995111,2.06619283457341
abrupt,S_vrf,"Shared, variable forgetting",S,adaptive,25,1,3,pre,30,40,1,complete,100,100,0.0746053817748601,0.605952525028307,0.546846605902348,0.0202738776329615,2.02738776329615,100,100,100,0.00799376832907577,0.0115821218815621,-0.574028780028965,0.105952525028307,-0.681353406735766,0.62623130704439,0,0,0,0,100,0,100,1,1,1,0,100,100,0,3,3,0,0,1684.20275901323,97037.5148761779,31.5499893851338,0,0.304509544155441,0.270615574335448
abrupt,S_vrf,"Shared, variable forgetting",S,adaptive,25,1,3,event,50,60,1,complete,100,100,0.123966905574095,0.548091897252695,0.534607281633544,0.0281834840330828,2.81834840330828,100,100,100,0.0562173790239009,0.0573592338409008,0.201908102747305,0.799552622405875,-0.517968895541048,0.723721709221803,0,0,0,0,100,0,100,0.943314070561569,0.966896334189972,1,76,100,100,0,3,3,0,0,2325.98668159692,34437.9144200914,109.11152629499,0,6.61972212927005,5.85878295067664
abrupt,S_vrf,"Shared, variable forgetting",S,adaptive,25,1,3,late,90,100,1,complete,100,100,0.0263098840271919,0.233749120232312,0.485797679645097,0.0221497145809806,2.21497145809806,100,100,100,0.00983858439275911,0.014678756281034,0.366250879767688,0.634283206589466,-0.262063946032458,0.547352839811047,0,0,0,0,100,0,100,1,1,1,0,100,100,0,3,3,0,0,7349.59075468885,20015.7656198287,147.418112607492,0,2.85108432958862,2.48438150500371
abrupt,S_vrf,"Shared, variable forgetting",S,adaptive,26,1,3,whole,0,120,1,complete,1200,1200,0.0619567042071879,0.605459958166601,0.463824165734593,0.0186831067667383,22.4010450133193,1199,1200,1200,0.0192395148455565,0.0213340589101477,-0.564901057166768,0.803313935666992,-0.810122299839044,0.894624237704343,0,0,0,0,1199,0,1199,0.943832200606941,1,1,94,1150,1150,0,3,3,0,0,31.5092624073837,129810.964497597,149.957408873023,0,3.10513863054252,2.14177786270456
abrupt,S_vrf,"Shared, variable forgetting",S,adaptive,26,1,3,pre,30,40,1,complete,100,100,0.0748459523541458,0.605459958166601,0.547967026781854,0.0203692882756207,2.03692882756207,100,100,100,0.0076693129293173,0.0122726575438957,-0.564901057166768,0.105459958166601,-0.683896457244078,0.619344314131072,0,0,0,0,100,0,100,1,1,1,0,100,100,0,3,3,0,0,1652.12144034179,99158.7674224187,31.3911613291154,0,0.297092107513714,0.277424663817473
abrupt,S_vrf,"Shared, variable forgetting",S,adaptive,26,1,3,event,50,60,1,complete,100,100,0.124145011391138,0.550910925544129,0.534629113053419,0.0313846781742719,3.13846781742719,100,100,100,0.0570722001303816,0.057604700938811,0.199089074455871,0.803313935666992,-0.507312861622014,0.707998698475224,0,0,0,0,100,0,100,0.943832200606941,0.966960331602466,1,78,100,100,0,3,3,0,0,1906.12313721117,32641.7574427514,108.967573211273,0,6.60795537436184,5.60423831824371
abrupt,S_vrf,"Shared, variable forgetting",S,adaptive,26,1,3,late,90,100,1,complete,100,100,0.0278939748936866,0.241811931162165,0.486976705971305,0.0233421247214779,2.33421247214779,100,100,100,0.0122267850216714,0.0162553876876335,0.358188068837835,0.635889333074354,-0.264210062918366,0.54957049639907,0,0,0,0,100,0,100,1,1,1,0,100,100,0,3,3,0,0,9081.98155834147,18607.7593529609,143.328180617538,0,2.96835283691557,2.71328114081073
abrupt,S_vrf,"Shared, variable forgetting",S,adaptive,27,1,3,whole,0,120,1,complete,1200,1200,0.0618157785973433,0.61967099733874,0.464919298693931,0.0185898185130255,22.2891923971175,1199,1200,1200,0.018474807721182,0.0214002639682235,-0.561823356589889,0.802071925792169,-0.798562113604032,0.881209115158891,0,0,0,0,1199,0,1199,0.943606113070957,1,1,94,1150,1150,0,3,3,0,0,33.7320423887993,102088.761821117,150.70786635341,0,3.27607886117059,2.13075569203255
abrupt,S_vrf,"Shared, variable forgetting",S,adaptive,27,1,3,pre,30,40,1,complete,100,100,0.0761517133735769,0.61967099733874,0.54772369804206,0.0208011937504901,2.08011937504901,100,100,100,0.00681904541271609,0.0119583673844455,-0.561823356589889,0.11967099733874,-0.682440554875121,0.625002093921029,0,0,0,0,100,0,100,1,1,1,0,100,100,0,3,3,0,0,1747.22022342019,102088.761821117,31.834143457198,0,0.0312532735185774,0.0541446389970701
abrupt,S_vrf,"Shared, variable forgetting",S,adaptive,27,1,3,event,50,60,1,complete,100,100,0.124275746673839,0.568352142054332,0.536615141437357,0.028037639826444,2.8037639826444,100,100,100,0.0551643329646493,0.0572291870307553,0.181647857945668,0.802071925792169,-0.534086767831202,0.706525611233738,0,0,0,0,100,0,100,0.943606113070957,0.968810799741452,1,79,100,100,0,3,3,0,0,2084.67496012834,40403.4830468932,107.497345847002,0,6.73067948050176,6.09285617194314
abrupt,S_vrf,"Shared, variable forgetting",S,adaptive,27,1,3,late,90,100,1,complete,100,100,0.0286415796880364,0.249852891145625,0.48523503949507,0.0223020576164536,2.23020576164536,100,100,100,0.0106649531124824,0.015383903920296,0.350147108854375,0.638777760524687,-0.272706024830676,0.570315445564897,0,0,0,0,100,0,100,1,1,1,0,100,100,0,3,3,0,0,6071.35282048781,25105.606447533,145.087622202175,0,3.20922531264119,2.89434364870185
abrupt,S_vrf,"Shared, variable forgetting",S,adaptive,28,1,3,whole,0,120,1,complete,1200,1200,0.0620616489268762,0.606301921092622,0.463797844650661,0.0183684247596756,22.023741286851,1199,1200,1200,0.0189079350200477,0.0211382507230816,-0.570879358927401,0.809137920377736,-0.795211897517995,0.873136791631465,0,0,0,0,1199,0,1199,0.947429736017294,1,1,89,1150,1150,0,3,3,0,0,32.2165562483978,137492.766227693,144.141613268993,0,3.29145405199627,2.47661674470549
abrupt,S_vrf,"Shared, variable forgetting",S,adaptive,28,1,3,pre,30,40,1,complete,100,100,0.0749463980931731,0.606301921092622,0.546945842914368,0.0198838336700743,1.98838336700743,100,100,100,0.00707942771497155,0.0116151203502751,-0.570879358927401,0.106301921092622,-0.681780024505394,0.614783456748939,0,0,0,0,100,0,100,1,1,1,0,100,100,0,3,3,0,0,1715.90847664571,137492.766227693,31.5515166481481,0,0.323801269004781,0.311333057362227
abrupt,S_vrf,"Shared, variable forgetting",S,adaptive,28,1,3,event,50,60,1,complete,100,100,0.124667591829363,0.555797669857458,0.535397270318245,0.0289348870508397,2.89348870508397,100,100,100,0.056359383190907,0.0570482324441808,0.194202330142542,0.809137920377736,-0.531878234715097,0.704867669864026,0,0,0,0,100,0,100,0.947429736017294,0.963499549100653,1,74,100,100,0,3,3,0,0,1753.05558096364,26539.7356504707,106.469993153129,0,6.78804406979371,5.74257008575558
abrupt,S_vrf,"Shared, variable forgetting",S,adaptive,28,1,3,late,90,100,1,complete,100,100,0.0281510396296619,0.248197558066301,0.486641418297457,0.0196826351246072,1.96826351246072,100,100,100,0.0106254306176358,0.0140912647062627,0.351802441933699,0.623628456070763,-0.268166431246203,0.549585129665216,0,0,0,0,100,0,100,1,1,1,0,100,100,0,3,3,0,0,8961.65684776224,28124.0496660548,141.342320166281,0,3.17943550244448,2.72767268770008
abrupt,S_vrf,"Shared, variable forgetting",S,adaptive,29,1,3,whole,0,120,1,complete,1200,1200,0.0622872230499319,0.60675033249982,0.464334735235813,0.0181799954598799,21.797814556396,1199,1200,1200,0.0191061987095788,0.0210208585784019,-0.570126096741619,0.797030792990706,-0.802232069320835,0.862665326869846,0,0,0,0,1199,0,1199,0.945624692879296,1,1,88,1150,1150,0,3,3,0,0,31.2047243588583,95327.1641908226,137.892863823348,0,3.36376611612684,2.38596046520511
abrupt,S_vrf,"Shared, variable forgetting",S,adaptive,29,1,3,pre,30,40,1,complete,100,100,0.0745817496251602,0.60675033249982,0.548185798052617,0.021006880004656,2.1006880004656,100,100,100,0.00770508899000195,0.0125661540414921,-0.570126096741619,0.10675033249982,-0.686807648733932,0.618953667327935,0,0,0,0,100,0,100,1,1,1,0,100,100,0,3,3,0,0,1816.0817588818,75635.4339056726,31.5223410234066,0,0.140158731350682,0.125279365051092
abrupt,S_vrf,"Shared, variable forgetting",S,adaptive,29,1,3,event,50,60,1,complete,100,100,0.124027122916421,0.54381144741162,0.535496308675476,0.028385076451015,2.8385076451015,100,100,100,0.0573438713148843,0.0566776926910488,0.20618855258838,0.797030792990706,-0.51614228114868,0.716005169370253,0,0,0,0,100,0,100,0.945624692879296,0.966272895194641,1,74,100,100,0,3,3,0,0,1823.58979553712,41183.6392724004,106.560419966976,0,6.70672086121366,5.99536430505209
abrupt,S_vrf,"Shared, variable forgetting",S,adaptive,29,1,3,late,90,100,1,complete,100,100,0.0280369301408523,0.244782118142952,0.485660146839279,0.0213924022098109,2.13924022098109,100,100,100,0.0100217970322607,0.0151428188986765,0.355217881857048,0.62314313653357,-0.263986156515911,0.553566045799101,0,0,0,0,100,0,100,1,1,1,0,100,100,0,3,3,0,0,7736.79993676026,30634.6513901571,137.892863823348,0,3.35655265651756,3.0930868023808
abrupt,S_vrf,"Shared, variable forgetting",S,adaptive,30,1,3,whole,0,120,1,complete,1200,1200,0.0618440829506211,0.6,0.464316306458704,0.0191124556243771,22.9158342936282,1199,1200,1200,0.0193497315676507,0.0215052678861294,-0.562448440584816,0.792375680277206,-0.847616140298434,0.876552505616475,0,0,0,0,1199,0,1199,0.944302265508165,1,1,90,1150,1150,0,3,3,0,0,31.3943078871544,81850.2844458309,144.031526452514,0,3.24258544979196,2.28046250812579
abrupt,S_vrf,"Shared, variable forgetting",S,adaptive,30,1,3,pre,30,40,1,complete,100,100,0.0725048531789696,0.592568718380387,0.548306593583815,0.0209536587864179,2.09536587864179,100,100,100,0.00746631853122494,0.0135051659400982,-0.562448440584816,0.0925687183803872,-0.688196772005177,0.608554857348247,0,0,0,0,100,0,100,1,1,1,0,100,100,0,3,3,0,0,2558.63494931424,81850.2844458309,31.7183687414552,0,0.193278949266892,0.164884139374645
abrupt,S_vrf,"Shared, variable forgetting",S,adaptive,30,1,3,event,50,60,1,complete,100,100,0.124171229834333,0.536606690907773,0.532930291930307,0.0295986813219705,2.95986813219705,100,100,100,0.0578029947021308,0.0569741036275186,0.213393309092227,0.792375680277206,-0.508136099449167,0.708161022167732,0,0,0,0,100,0,100,0.944302265508165,0.966062951856559,1,73,100,100,0,3,3,0,0,2036.53690700833,54371.6011921397,106.165502278366,0,6.58504849143965,5.69485042754741
abrupt,S_vrf,"Shared, variable forgetting",S,adaptive,30,1,3,late,90,100,1,complete,100,100,0.0281738611960987,0.243679040520759,0.483799752682832,0.0224251716414221,2.24251716414221,100,100,100,0.0108401012916626,0.0143585785014284,0.356320959479241,0.629156738976389,-0.269920284972195,0.569106591263401,0,0,0,0,100,0,100,1,1,1,0,100,100,0,3,3,0,0,7422.7033784235,21813.5304674055,141.147812236394,0,3.1374339580659,2.69446917563452
abrupt,S_vrf,"Shared, variable forgetting",S,adaptive,31,1,3,whole,0,120,1,complete,1200,1200,0.0621382802946033,0.604185113541878,0.464134892904146,0.0187011775130345,22.4227118381283,1199,1200,1200,0.0191016664490932,0.0214276776924488,-0.558673537943009,0.803878030647113,-0.803991847128268,0.880383428636827,0,0,0,0,1199,0,1199,0.94462680375171,1,1,87,1150,1150,0,3,3,0,0,32.6546760741158,78933.455237351,141.201055709939,0,3.35313407008297,2.3763342028168
abrupt,S_vrf,"Shared, variable forgetting",S,adaptive,31,1,3,pre,30,40,1,complete,100,100,0.0738872927308765,0.604185113541878,0.546698192568789,0.0217275058382932,2.17275058382932,100,100,100,0.00781362438995827,0.0136011452303654,-0.558673537943009,0.104185113541878,-0.687426809199465,0.615356627655548,0,0,0,0,100,0,100,1,1,1,0,100,100,0,3,3,0,0,2061.73771821466,78933.455237351,31.7628217947079,0,0.355330629774023,0.345642840002813
abrupt,S_vrf,"Shared, variable forgetting",S,adaptive,31,1,3,event,50,60,1,complete,100,100,0.124085630855837,0.544851709099821,0.535090464131793,0.0270944540679764,2.70944540679764,100,100,100,0.056431228905226,0.0567114175481608,0.205148290900179,0.803878030647113,-0.519748013864353,0.709968843764821,0,0,0,0,100,0,100,0.94462680375171,0.968672823916533,1,72,100,100,0,3,3,0,0,2053.2322078011,32119.9390441748,106.235176105148,0,6.6835311602269,6.18897891739198
abrupt,S_vrf,"Shared, variable forgetting",S,adaptive,31,1,3,late,90,100,1,complete,100,100,0.0279455698113005,0.244039941723032,0.485718267176536,0.0214541789476864,2.14541789476864,100,100,100,0.0111641510086363,0.0138434672743368,0.355960058276968,0.628386120022763,-0.268015274796271,0.567732506273843,0,0,0,0,100,0,100,1,1,1,0,100,100,0,3,3,0,0,8940.46042243739,22906.7161716051,136.998441623736,0,3.37920830777642,3.14978518428931
abrupt,S_vrf,"Shared, variable forgetting",S,adaptive,32,1,3,whole,0,120,1,complete,1200,1200,0.0619003117177017,0.606717319396445,0.465492773064828,0.018840349061143,22.5895785243105,1199,1200,1200,0.0187690012447293,0.0213836387162036,-0.576931405841541,0.810921038669853,-0.810839605246042,0.892946621226111,0,0,0,0,1199,0,1199,0.944168342875794,1,1,93,1150,1150,0,3,3,0,0,30.8499535715117,78046.7715029769,149.838964715153,0,3.18824938808458,2.10881561198104
abrupt,S_vrf,"Shared, variable forgetting",S,adaptive,32,1,3,pre,30,40,1,complete,100,100,0.0746334973429146,0.606717319396445,0.54816543082205,0.0209418290445822,2.09418290445822,100,100,100,0.00737431507627124,0.0128771232903052,-0.576931405841541,0.106717319396445,-0.682355011720978,0.617020986699495,0,0,0,0,100,0,100,1,1,1,0,100,100,0,3,3,0,0,1772.87604034834,78046.7715029769,31.316806502658,0,0.022293833914775,0.0248241502946709
abrupt,S_vrf,"Shared, variable forgetting",S,adaptive,32,1,3,event,50,60,1,complete,100,100,0.123598764535652,0.547975442143892,0.535905017437048,0.0282517591107378,2.82517591107378,100,100,100,0.0551346863832066,0.0571031387501359,0.202024557856108,0.810921038669853,-0.528040664321892,0.715015842111677,0,0,0,0,100,0,100,0.944168342875794,0.967551185743406,1,77,100,100,0,3,3,0,0,1946.30559320624,33348.5081593643,108.82967440031,0,6.70432879190409,5.76056368828359
abrupt,S_vrf,"Shared, variable forgetting",S,adaptive,32,1,3,late,90,100,1,complete,100,100,0.0280460561794143,0.246454567446285,0.484754343654256,0.0216120449851476,2.16120449851475,100,100,100,0.0111146046855734,0.0140741542204087,0.353545432553715,0.628149644720599,-0.264066417190609,0.54520029417867,0,0,0,0,100,0,100,1,1,1,0,100,100,0,3,3,0,0,9558.94513350537,26778.9369664177,144.418448362387,0,2.96672384413595,2.79030961374769
abrupt,S_vrf,"Shared, variable forgetting",S,adaptive,33,1,3,whole,0,120,1,complete,1200,1200,0.0618107982169081,0.605617721596245,0.463794706426459,0.0186546961538625,22.3669806884812,1199,1200,1200,0.0187955189086638,0.0212655808707995,-0.572414842657508,0.808920478736766,-0.820947772893096,0.903020007021535,0,0,0,0,1199,0,1199,0.944024687671382,1,1,86,1150,1150,0,3,3,0,0,30.6898320523767,95850.2531932874,133.039033584479,0,3.33038228922246,2.55230586718196
abrupt,S_vrf,"Shared, variable forgetting",S,adaptive,33,1,3,pre,30,40,1,complete,100,100,0.0752190708729287,0.605617721596245,0.548399928111035,0.021336324404574,2.1336324404574,100,100,100,0.00853945358373962,0.0130160987302538,-0.572414842657508,0.105617721596245,-0.692212267569893,0.620628714739336,0,0,0,0,100,0,100,1,1,1,0,100,100,0,3,3,0,0,1696.75581722436,95850.2531932874,31.4844156792947,0,0.0645856982185663,0.0523095902436175
abrupt,S_vrf,"Shared, variable forgetting",S,adaptive,33,1,3,event,50,60,1,complete,100,100,0.122524878971531,0.535771028954642,0.536120026133109,0.0283311528780619,2.83311528780619,100,100,100,0.0552331736719748,0.0572832763666462,0.214228971045358,0.808920478736766,-0.526271617191061,0.697118667155487,0,0,0,0,100,0,100,0.944024687671382,0.967035648275297,1,73,100,100,0,3,3,0,0,1700.47156373237,46558.9680107023,106.371343688835,0,6.71207861533332,5.92980455034844
abrupt,S_vrf,"Shared, variable forgetting",S,adaptive,33,1,3,late,90,100,1,complete,100,100,0.0277704988133323,0.235866678683707,0.482431343364403,0.0199821143982918,1.99821143982918,100,100,100,0.0103690789056618,0.0123177002967481,0.364133321316293,0.625603754405181,-0.267821002858033,0.559262037841861,0,0,0,0,100,0,100,1,1,1,0,100,100,0,3,3,0,0,11287.6226376378,32206.4244920909,133.039033584479,0,3.21865997131861,3.05782831161344
abrupt,S_vrf,"Shared, variable forgetting",S,adaptive,34,1,3,whole,0,120,1,complete,1200,1200,0.0616223867866937,0.604926578571603,0.464236251272112,0.0186886902954654,22.4077396642631,1199,1200,1200,0.0185877097518294,0.0214073278277232,-0.575851419944597,0.789426983155784,-0.806352467483723,0.867141247012009,0,0,0,0,1199,0,1199,0.94636311054016,1,1,88,1150,1150,0,3,3,0,0,32.4601429813936,79426.1878365272,140.263937809051,0,3.29460447372236,2.42171962654311
abrupt,S_vrf,"Shared, variable forgetting",S,adaptive,34,1,3,pre,30,40,1,complete,100,100,0.0752111301173938,0.604926578571603,0.547984602445507,0.0215259785041011,2.15259785041011,100,100,100,0.00807095978407416,0.0134333283324751,-0.575851419944597,0.104926578571603,-0.684586087626816,0.616303478690429,0,0,0,0,100,0,100,1,1,1,0,100,100,0,3,3,0,0,1814.80577499966,79426.1878365272,31.4287846677536,0,0.0183366307156058,0.0702945642608427
abrupt,S_vrf,"Shared, variable forgetting",S,adaptive,34,1,3,event,50,60,1,complete,100,100,0.12151432668313,0.533888351111849,0.532929665345653,0.0266176098678654,2.66176098678654,100,100,100,0.054676959081857,0.0562777091573456,0.216111648888151,0.789426983155784,-0.510171726958721,0.721577360099522,0,0,0,0,100,0,100,0.94636311054016,0.967714388388401,1,75,100,100,0,3,3,0,0,1905.6129098816,27907.1701609399,108.917941772679,0,6.61944317009743,5.7539616830196
abrupt,S_vrf,"Shared, variable forgetting",S,adaptive,34,1,3,late,90,100,1,complete,100,100,0.0292051756146063,0.2510876169569,0.48367160128958,0.0218031389488595,2.18031389488595,100,100,100,0.0117200712798216,0.0162705510810182,0.3489123830431,0.618819635800865,-0.264302246645942,0.535860229259153,0,0,0,0,100,0,100,1,1,1,0,100,100,0,3,3,0,0,11384.6126168658,28361.7739369623,138.536521790684,0,3.33584098324156,3.1025962931417
abrupt,S_vrf,"Shared, variable forgetting",S,adaptive,35,1,3,whole,0,120,1,complete,1200,1200,0.0619854898802197,0.603493707796164,0.464658316682297,0.0186676791102956,22.3825472532445,1199,1200,1200,0.0188817881276497,0.0214578468321958,-0.577541949878955,0.805472257713559,-0.80972624074258,0.843548343882886,0,0,0,0,1199,0,1199,0.944142222025651,1,1,92,1150,1150,0,3,3,0,0,33.3210571958043,98287.0602342531,144.34166248784,0,3.3104274413618,2.32972393938975
abrupt,S_vrf,"Shared, variable forgetting",S,adaptive,35,1,3,pre,30,40,1,complete,100,100,0.0744261398667747,0.603493707796164,0.549568830774985,0.0209780073240376,2.09780073240376,100,100,100,0.0089894919729586,0.0141349450415394,-0.577541949878955,0.103493707796164,-0.685875900525009,0.613029217689838,0,0,0,0,100,0,100,1,1,1,0,100,100,0,3,3,0,0,1714.84961068622,98287.0602342531,32.0712301417022,0,0.467068743137969,0.473826717129431
abrupt,S_vrf,"Shared, variable forgetting",S,adaptive,35,1,3,event,50,60,1,complete,100,100,0.123876223577504,0.546818759481891,0.536274075711694,0.0291897165008866,2.91897165008866,100,100,100,0.0560482535466568,0.0573560145930558,0.203181240518109,0.805472257713559,-0.526669960315078,0.703444787066904,0,0,0,0,100,0,100,0.944142222025651,0.968504772961919,1,77,100,100,0,3,3,0,0,2028.12761675957,33757.9772036041,111.055278892967,0,6.74755594111248,6.27540127962734
abrupt,S_vrf,"Shared, variable forgetting",S,adaptive,35,1,3,late,90,100,1,complete,100,100,0.0275766185011727,0.238600620486634,0.484774482992238,0.0212051532150167,2.12051532150167,100,100,100,0.0100302567596206,0.0136669147135483,0.361399379513366,0.623185849621118,-0.268558591327651,0.541868610410756,0,0,0,0,100,0,100,1,1,1,0,100,100,0,3,3,0,0,8489.46719917508,24888.029996914,144.34166248784,0,3.0931105836035,2.85038539389902
abrupt,S_vrf,"Shared, variable forgetting",S,adaptive,36,1,3,whole,0,120,1,complete,1200,1200,0.0621310249588506,0.609924528071449,0.466197401330201,0.0185489682270368,22.2402129042171,1199,1200,1200,0.0188430310959871,0.0212750121368147,-0.571564215287111,0.82089832791659,-0.829450366082968,0.871123288853678,0,0,0,0,1199,0,1199,0.945284058743487,1,1,97,1150,1150,0,3,3,0,0,31.5216865418228,72574.0500720385,158.361735145384,0,3.19308454217826,2.36707710105288
abrupt,S_vrf,"Shared, variable forgetting",S,adaptive,36,1,3,pre,30,40,1,complete,100,100,0.0750064976973313,0.609924528071449,0.548138090774894,0.0218638195090864,2.18638195090864,100,100,100,0.00735880151935742,0.0131268137813419,-0.571564215287111,0.109924528071449,-0.688608577042289,0.629950297061237,0,0,0,0,100,0,100,1,1,1,0,100,100,0,3,3,0,0,1598.69566753092,72574.0500720385,31.5176608776944,0,0.0613658628408344,0.0941343701733193
abrupt,S_vrf,"Shared, variable forgetting",S,adaptive,36,1,3,event,50,60,1,complete,100,100,0.124030124652727,0.549651870452332,0.536192463269489,0.0279930062699183,2.79930062699183,100,100,100,0.0563967183501424,0.0566394387213723,0.200348129547668,0.82089832791659,-0.530166380556019,0.716739782450788,0,0,0,0,100,0,100,0.945284058743487,0.968473567963777,1,78,100,100,0,3,3,0,0,1922.54894379552,27598.5961388017,110.023164849676,0,6.64169506184058,5.7604228294673
abrupt,S_vrf,"Shared, variable forgetting",S,adaptive,36,1,3,late,90,100,1,complete,100,100,0.0273703511342017,0.23944537205238,0.488168724009305,0.020734593811885,2.0734593811885,100,100,100,0.00964726695075836,0.0136409833770546,0.36055462794762,0.627581289058968,-0.268617465311923,0.554569963106792,0,0,0,0,100,0,100,1,1,1,0,100,100,0,3,3,0,0,8616.83321181087,24283.0166800658,150.345338156831,0,3.18470135794464,3.04300122091458
abrupt,S_vrf,"Shared, variable forgetting",S,adaptive,37,1,3,whole,0,120,1,complete,1200,1200,0.0620847267441404,0.620980269689607,0.465191434017966,0.0188627008972261,22.6163783757741,1199,1200,1200,0.0186703336716127,0.0215250563718669,-0.579746778937679,0.790828754881116,-0.816035666405586,0.860707993010871,0,0,0,0,1199,0,1199,0.943619964800884,1,1,86,1150,1150,0,3,3,0,0,31.5990591990542,65238.8877382038,143.941986478812,0,3.30105147109026,2.44411843852934
abrupt,S_vrf,"Shared, variable forgetting",S,adaptive,37,1,3,pre,30,40,1,complete,100,100,0.0760936361257669,0.620980269689607,0.548064600450855,0.0219843836387221,2.19843836387221,100,100,100,0.00783149420650706,0.0133002250832997,-0.579746778937679,0.120980269689607,-0.689389265880318,0.628818938651075,0,0,0,0,100,0,100,1,1,1,0,100,100,0,3,3,0,0,1633.37484145327,60486.3849910732,31.7736698307986,0,0.0426318451785623,0.0677599868802853
abrupt,S_vrf,"Shared, variable forgetting",S,adaptive,37,1,3,event,50,60,1,complete,100,100,0.122176143366907,0.546911454660895,0.534762798674504,0.028681091572693,2.8681091572693,100,100,100,0.0545300881481148,0.056789191536629,0.203088545339105,0.790828754881116,-0.519356155310904,0.712684997440366,0,0,0,0,100,0,100,0.943619964800884,0.966047306863838,1,70,100,100,0,3,3,0,0,2221.8085197267,43177.5701165998,107.549340248185,0,6.62843603627463,5.86830481408032
abrupt,S_vrf,"Shared, variable forgetting",S,adaptive,37,1,3,late,90,100,1,complete,100,100,0.0266482388001932,0.236502058636271,0.484896552355655,0.0213310239032947,2.13310239032948,100,100,100,0.00958905684020175,0.0137488020464015,0.363497941363729,0.61277451771393,-0.262993048425907,0.538719917670149,0,0,0,0,100,0,100,1,1,1,0,100,100,0,3,3,0,0,9709.51646381707,28843.7630634189,142.918078723348,0,3.19407739748346,3.03353139733247
abrupt,S_vrf,"Shared, variable forgetting",S,adaptive,38,1,3,whole,0,120,1,complete,1200,1200,0.0619039250962524,0.602520805898774,0.463893152225416,0.0187927970961301,22.53256371826,1199,1200,1200,0.018812061483154,0.0214819995032954,-0.572659919337638,0.819323918936991,-0.815342609769732,0.885086464202856,0,0,0,0,1199,0,1199,0.945290753349707,1,1,92,1150,1150,0,3,3,0,0,31.3606663026222,94470.3403581978,147.110501149567,0,3.07543557645916,2.01800853036358
abrupt,S_vrf,"Shared, variable forgetting",S,adaptive,38,1,3,pre,30,40,1,complete,100,100,0.0745176839434768,0.602520805898774,0.548832664294598,0.0204825121658367,2.04825121658367,100,100,100,0.00723398434547071,0.0114294473904697,-0.572659919337638,0.102520805898774,-0.693655543034921,0.61574260765683,0,0,0,0,100,0,100,1,1,1,0,100,100,0,3,3,0,0,1804.4443559626,94470.3403581978,31.4882125323835,0,0.162904667279826,0.142718074952289
abrupt,S_vrf,"Shared, variable forgetting",S,adaptive,38,1,3,event,50,60,1,complete,100,100,0.123969964603867,0.555949631900138,0.535119207743377,0.0291768347005896,2.91768347005896,100,100,100,0.05535953353051,0.0572478667438745,0.194050368099862,0.819323918936991,-0.527773458542006,0.71136923579141,0,0,0,0,100,0,100,0.945290753349707,0.967622082987426,1,78,100,100,0,3,3,0,0,1801.19478044498,24416.4713142004,106.044979654219,0,6.61742452771305,5.83718784490197
abrupt,S_vrf,"Shared, variable forgetting",S,adaptive,38,1,3,late,90,100,1,complete,100,100,0.0273942777784189,0.237218073037506,0.483851206132602,0.0232899840044467,2.32899840044467,100,100,100,0.010796662652374,0.015430047331302,0.362781926962494,0.628752949916598,-0.256537578649403,0.543478920588617,0,0,0,0,100,0,100,1,1,1,0,100,100,0,3,3,0,0,8577.5192149601,21930.5078985798,140.896326499449,0,2.7985969889749,2.55636513353727
abrupt,S_vrf,"Shared, variable forgetting",S,adaptive,39,1,3,whole,0,120,1,complete,1200,1200,0.0619888490781597,0.61219925355141,0.46487103511002,0.0186462554688758,22.3568603071821,1199,1200,1200,0.018874716070794,0.0211736396657085,-0.560874230712319,0.815349503416091,-0.806434431794946,0.873652140309306,0,0,0,0,1199,0,1199,0.945239843160112,1,1,93,1150,1150,0,3,3,0,0,32.3819485189837,75012.9305554373,139.067920485574,0,3.29243386184975,2.4381810043473
abrupt,S_vrf,"Shared, variable forgetting",S,adaptive,39,1,3,pre,30,40,1,complete,100,100,0.0757329092616576,0.61219925355141,0.549012144836524,0.0214274049117405,2.14274049117405,100,100,100,0.00817451283551496,0.0125691990003527,-0.560874230712319,0.11219925355141,-0.695164328718304,0.623057966884959,0,0,0,0,100,0,100,1,1,1,0,100,100,0,3,3,0,0,1910.86949885247,75012.9305554373,31.750199310368,0,0.14131160627866,0.15106785327647
abrupt,S_vrf,"Shared, variable forgetting",S,adaptive,39,1,3,event,50,60,1,complete,100,100,0.123564399915623,0.547793907982145,0.535005502768573,0.0286684076297103,2.86684076297103,100,100,100,0.0562269149453836,0.0564642581585341,0.202206092017855,0.815349503416091,-0.53153276226587,0.712367589614346,0,0,0,0,100,0,100,0.945239843160112,0.968277361848409,1,80,100,100,0,3,3,0,0,2227.25455253127,33879.8455940592,110.65653574852,0,6.66234541872971,6.1171270450283
abrupt,S_vrf,"Shared, variable forgetting",S,adaptive,39,1,3,late,90,100,1,complete,100,100,0.0280603841548886,0.243844252751777,0.48557830991757,0.0206713160504072,2.06713160504072,100,100,100,0.0100391199855311,0.0135854866805844,0.356155747248223,0.621389313353137,-0.265580334594111,0.544483547168019,0,0,0,0,100,0,100,1,1,1,0,100,100,0,3,3,0,0,11651.5107715944,22405.911984294,138.490578832733,0,3.28180315030361,3.0488079918258
abrupt,S_vrf,"Shared, variable forgetting",S,adaptive,40,1,3,whole,0,120,1,complete,1200,1200,0.0620752539635794,0.609040324984324,0.464394718316331,0.0183098449672697,21.9535041157563,1199,1200,1200,0.0191713887503062,0.0213049526577333,-0.565379808855282,0.804676520280417,-0.828355085517962,0.881741751268132,0,0,0,0,1199,0,1199,0.944295860528705,1,1,86,1150,1150,0,3,3,0,0,31.8583954900793,116478.962130047,134.557949770139,0,3.42016901711961,2.77208022661093
abrupt,S_vrf,"Shared, variable forgetting",S,adaptive,40,1,3,pre,30,40,1,complete,100,100,0.0751434138839485,0.609040324984324,0.54726612311881,0.0202225347569388,2.02225347569388,100,100,100,0.00735741512621368,0.0112994543735955,-0.565379808855282,0.109040324984325,-0.683880710563948,0.608170206523902,0,0,0,0,100,0,100,1,1,1,0,100,100,0,3,3,0,0,2508.74387736255,116478.962130047,31.5945542999861,0,0.347405630627285,0.397133723661417
abrupt,S_vrf,"Shared, variable forgetting",S,adaptive,40,1,3,event,50,60,1,complete,100,100,0.123261438976176,0.542237270001865,0.533345359579849,0.0285709936984666,2.85709936984666,100,100,100,0.0561976548163093,0.0571107811130688,0.207762729998135,0.804676520280417,-0.524990020045678,0.716943559374055,0,0,0,0,100,0,100,0.944295860528705,0.966284865858398,1,75,100,100,0,3,3,0,0,2403.99267331933,31249.6473209005,111.392104691042,0,6.67471648595186,6.22415270132864
abrupt,S_vrf,"Shared, variable forgetting",S,adaptive,40,1,3,late,90,100,1,complete,100,100,0.0278585425705399,0.239937797558,0.485527505331814,0.0216329457357173,2.16329457357173,100,100,100,0.010712554695531,0.014762577118029,0.360062202442,0.628501826583482,-0.274241815421229,0.538775706219755,0,0,0,0,100,0,100,1,1,1,0,100,100,0,3,3,0,0,6849.0677540257,32528.8227921007,134.557949770139,0,3.62005982165337,3.36637877078083
abrupt,S_pretrained,"Shared, pretrained-frozen",S,pretrained,0,0,3,whole,0,120,1,complete,1200,1200,0.0965836805157411,0.610541868715954,0.411397961243563,0.00702119336536711,8.41841084507516,1199,1200,1200,0.0464254672303351,0.0464254672303351,-0.572113045620252,0.760926346773625,-0.748206802700148,0.769713177514718,0,0,0,0,0,0,0,NaN,NaN,NaN,0,1150,1150,0,1,3,788,0.685217391304348,31.6605248551045,Inf,13.6429091617965,0,6.61123911498093,8.65614255958402
abrupt,S_pretrained,"Shared, pretrained-frozen",S,pretrained,0,0,3,pre,30,40,1,complete,100,100,0.0750351760955938,0.610541868715954,0.547655144880698,0.0147322520564849,1.47322520564849,100,100,100,6.76044391416114e-05,6.76044391416114e-05,-0.572113045620252,0.110541868715954,-0.689875255551417,0.622085148890404,0,0,0,0,0,0,0,NaN,NaN,NaN,0,100,100,0,1,3,93,0.93,2276.56903445185,Inf,13.6429091617965,0,0.00571913545218456,0.00571913545218456
abrupt,S_pretrained,"Shared, pretrained-frozen",S,pretrained,0,0,3,event,50,60,1,complete,100,100,0.166189624614539,0.463217267330466,0.479999218141839,0.0115790106376048,1.15790106376048,100,100,100,0.0867918940571756,0.0867918940571756,0.286782732669534,0.750156797964509,-0.365112753427825,0.597164167956739,0,0,0,0,0,0,0,NaN,NaN,NaN,0,100,100,0,1,3,43,0.43,12102.0152894095,Inf,13.6429091617965,0,8.65614255958402,8.65614255958402
abrupt,S_pretrained,"Shared, pretrained-frozen",S,pretrained,0,0,3,late,90,100,1,complete,100,100,0.125989051345027,0.267222812696384,0.38703114106373,0.00719772082872281,0.719772082872281,100,100,100,0.0676637414726166,0.0676637414726166,0.332777187303616,0.50018878451,-0.222169705759971,0.44313424891197,0,0,0,0,0,0,0,NaN,NaN,NaN,0,100,100,0,1,3,95,0.95,74734.9059026749,Inf,13.6429091617965,0,8.65614255958402,8.65614255958402
abrupt,S_pretrained,"Shared, pretrained-frozen",S,pretrained,1,1,3,whole,0,120,1,complete,1200,1200,0.0960413949552657,0.6,0.412445493799263,0.0155280704779551,18.6181565030681,1199,1200,1200,0.0468533554156216,0.0481866828690642,-0.569375601081141,0.769074404367498,-0.752905419543149,0.775117901807942,0,0,0,0,0,0,0,NaN,NaN,NaN,0,1150,1150,0,3,3,0,0,30.5401895839652,136314.251817939,13.8193943692923,0,6.71696476054674,8.79187191413266
abrupt,S_pretrained,"Shared, pretrained-frozen",S,pretrained,1,1,3,pre,30,40,1,complete,100,100,0.0731088664403891,0.595819379255824,0.547994282833757,0.0208012790656973,2.08012790656973,100,100,100,0.0078006425835653,0.0124087326397554,-0.569375601081141,0.0958193792558235,-0.688525099325851,0.60996083712814,0,0,0,0,0,0,0,NaN,NaN,NaN,0,100,100,0,3,3,0,0,2060.83462482222,136314.251817939,13.8193943692923,0,0.257800252720957,0.257800252720957
abrupt,S_pretrained,"Shared, pretrained-frozen",S,pretrained,1,1,3,event,50,60,1,complete,100,100,0.164255534786564,0.451987761169929,0.482450884952316,0.020754851252459,2.0754851252459,100,100,100,0.0866273105740539,0.0868736529064078,0.298012238830071,0.753139246884687,-0.362531250200827,0.601961534647992,0,0,0,0,0,0,0,NaN,NaN,NaN,0,100,100,0,3,3,0,0,4774.45218853215,36335.2327953899,13.8193943692923,0,8.79187191413266,8.79187191413266
abrupt,S_pretrained,"Shared, pretrained-frozen",S,pretrained,1,1,3,late,90,100,1,complete,100,100,0.124033631390642,0.255056948823017,0.388875884042712,0.0168876663521863,1.68876663521863,100,100,100,0.0675125779030612,0.0683076191019321,0.344943051176983,0.507244577044758,-0.223175429253779,0.45233428438143,0,0,0,0,0,0,0,NaN,NaN,NaN,0,100,100,0,3,3,0,0,7586.76579584022,20464.3608711324,13.8193943692923,0,8.79187191413266,8.79187191413266
abrupt,S_pretrained,"Shared, pretrained-frozen",S,pretrained,2,1,3,whole,0,120,1,complete,1200,1200,0.0969719655619456,0.601102410390919,0.412043267278753,0.0149096222600782,17.8766370898337,1199,1200,1200,0.0473382154895293,0.0482010179141898,-0.576071253570667,0.768259761496818,-0.756400894449098,0.771648566290437,0,0,0,0,0,0,0,NaN,NaN,NaN,0,1150,1150,0,3,3,0,0,31.3620514879977,139888.970286894,13.6834203619577,0,6.67823459570317,8.74272490454273
abrupt,S_pretrained,"Shared, pretrained-frozen",S,pretrained,2,1,3,pre,30,40,1,complete,100,100,0.0742055214579012,0.601102410390919,0.547993771527381,0.0195114717557761,1.95114717557761,100,100,100,0.00628793638062208,0.0103760449636192,-0.576071253570667,0.101102410390919,-0.682603205156697,0.616490673438752,0,0,0,0,0,0,0,NaN,NaN,NaN,0,100,100,0,3,3,0,0,1983.14734817456,139888.970286894,13.6834203619577,0,0.16681515960941,0.16681515960941
abrupt,S_pretrained,"Shared, pretrained-frozen",S,pretrained,2,1,3,event,50,60,1,complete,100,100,0.168788472999722,0.474700225035649,0.48167168339367,0.0214318511352588,2.14318511352588,100,100,100,0.0883363886509368,0.0893126372948373,0.275299774964351,0.757470723485676,-0.366100769322231,0.596795347960793,0,0,0,0,0,0,0,NaN,NaN,NaN,0,100,100,0,3,3,0,0,5089.40224386871,45972.0386021332,13.6834203619577,0,8.74272490454273,8.74272490454273
abrupt,S_pretrained,"Shared, pretrained-frozen",S,pretrained,2,1,3,late,90,100,1,complete,100,100,0.127223334400688,0.27138333581019,0.387638640632436,0.0156578457480358,1.56578457480358,100,100,100,0.0688234786541861,0.0689803708133895,0.32861666418981,0.494501425940675,-0.221553798122924,0.45997087107155,0,0,0,0,0,0,0,NaN,NaN,NaN,0,100,100,0,3,3,0,0,8059.20763588701,33771.7272504875,13.6834203619577,0,8.74272490454273,8.74272490454273
abrupt,S_pretrained,"Shared, pretrained-frozen",S,pretrained,3,1,3,whole,0,120,1,complete,1200,1200,0.0968838259241026,0.610190029524463,0.410905072723152,0.0154057057259862,18.4714411654574,1199,1200,1200,0.047276366078341,0.04862229920353,-0.567636614540287,0.771183944407454,-0.741572617490314,0.759585682477697,0,0,0,0,0,0,0,NaN,NaN,NaN,0,1150,1150,0,3,3,0,0,31.4008346645379,107953.017831972,13.6688142620126,0,6.86067093704446,8.97650486043502
abrupt,S_pretrained,"Shared, pretrained-frozen",S,pretrained,3,1,3,pre,30,40,1,complete,100,100,0.0749160196161896,0.610190029524463,0.548315431079958,0.0202231572646906,2.02231572646906,100,100,100,0.00740768267556077,0.0117010403069715,-0.567636614540287,0.110190029524463,-0.684885854994845,0.617427062783329,0,0,0,0,0,0,0,NaN,NaN,NaN,0,100,100,0,3,3,0,0,1987.85743542074,107953.017831972,13.6688142620126,0,0.395522922466169,0.395522922466169
abrupt,S_pretrained,"Shared, pretrained-frozen",S,pretrained,3,1,3,event,50,60,1,complete,100,100,0.167047935920343,0.464445680808394,0.4792180602811,0.0231392175326074,2.31392175326074,100,100,100,0.0873361356834308,0.0897671500363165,0.285554319191606,0.762088972804945,-0.359380669477884,0.598199289594932,0,0,0,0,0,0,0,NaN,NaN,NaN,0,100,100,0,3,3,0,0,6481.02318729424,30213.5569104416,13.6688142620126,0,8.97650486043502,8.97650486043502
abrupt,S_pretrained,"Shared, pretrained-frozen",S,pretrained,3,1,3,late,90,100,1,complete,100,100,0.124638569541342,0.266691670717635,0.384887394914143,0.0179127629679683,1.79127629679683,100,100,100,0.0676084671580956,0.0685695022698169,0.333308329282365,0.506281464919498,-0.222980784384739,0.444838080984072,0,0,0,0,0,0,0,NaN,NaN,NaN,0,100,100,0,3,3,0,0,7030.78439379894,22794.5995292383,13.6688142620126,0,8.97650486043502,8.97650486043502
abrupt,S_pretrained,"Shared, pretrained-frozen",S,pretrained,4,1,3,whole,0,120,1,complete,1200,1200,0.0961453584317527,0.608383899223321,0.413427756730409,0.0155325277177917,18.6235007336323,1199,1200,1200,0.0467430798112446,0.0479562465773178,-0.57292223505354,0.772022973409423,-0.752980430021679,0.775754080836118,0,0,0,0,0,0,0,NaN,NaN,NaN,0,1150,1150,0,3,3,0,0,32.7260890545329,85973.9858486127,13.6996970542357,0,6.72603801404228,8.80233998718972
abrupt,S_pretrained,"Shared, pretrained-frozen",S,pretrained,4,1,3,pre,30,40,1,complete,100,100,0.074977850601876,0.608383899223321,0.551825604796844,0.0210677250056009,2.10677250056009,100,100,100,0.00782682495195087,0.012269191086871,-0.57292223505354,0.108383899223321,-0.695195616833995,0.614261221017593,0,0,0,0,0,0,0,NaN,NaN,NaN,0,100,100,0,3,3,0,0,2227.28848721499,85973.9858486127,13.6996970542357,0,0.318346869169303,0.318346869169303
abrupt,S_pretrained,"Shared, pretrained-frozen",S,pretrained,4,1,3,event,50,60,1,complete,100,100,0.164500385686117,0.45022791212303,0.48099044058549,0.0223593688282473,2.23593688282473,100,100,100,0.086781862140593,0.0875559073572754,0.29977208787697,0.751095105817477,-0.36037943660401,0.597692141140814,0,0,0,0,0,0,0,NaN,NaN,NaN,0,100,100,0,3,3,0,0,6948.62082580596,32787.5919728028,13.6996970542357,0,8.80233998718972,8.80233998718972
abrupt,S_pretrained,"Shared, pretrained-frozen",S,pretrained,4,1,3,late,90,100,1,complete,100,100,0.12413273607627,0.272597691086498,0.38687110551612,0.0161034582017454,1.61034582017454,100,100,100,0.0675802669627631,0.0675242669620425,0.327402308913502,0.495015923567764,-0.216112910164027,0.447731988835169,0,0,0,0,0,0,0,NaN,NaN,NaN,0,100,100,0,3,3,0,0,10954.5999060764,24811.0809764662,13.6996970542357,0,8.80233998718972,8.80233998718972
abrupt,S_pretrained,"Shared, pretrained-frozen",S,pretrained,5,1,3,whole,0,120,1,complete,1200,1200,0.09575981493705,0.614464277549076,0.413562713785012,0.0157128099830474,18.8396591696738,1199,1200,1200,0.0463515255195512,0.0475156883217317,-0.577741930896444,0.783740884277327,-0.752709596623898,0.782889328000592,0,0,0,0,0,0,0,NaN,NaN,NaN,0,1150,1150,0,3,3,0,0,31.6311878272704,108597.108564568,13.8477305492788,0,6.3827270938502,8.35259702834175
abrupt,S_pretrained,"Shared, pretrained-frozen",S,pretrained,5,1,3,pre,30,40,1,complete,100,100,0.0763793604158689,0.614464277549076,0.549175697637371,0.0210294786269403,2.10294786269403,100,100,100,0.007970925984524,0.0126284005715763,-0.577741930896444,0.114464277549076,-0.693615930461759,0.625797299564828,0,0,0,0,0,0,0,NaN,NaN,NaN,0,100,100,0,3,3,0,0,1798.20714560984,108597.108564568,13.8477305492788,0,0.319162037150729,0.319162037150729
abrupt,S_pretrained,"Shared, pretrained-frozen",S,pretrained,5,1,3,event,50,60,1,complete,100,100,0.162790003763701,0.470627155648176,0.483045403105408,0.0220300858195386,2.20300858195386,100,100,100,0.0851706912941035,0.0853934108998725,0.279372844351824,0.753039706340588,-0.36784240275822,0.596146532180845,0,0,0,0,0,0,0,NaN,NaN,NaN,0,100,100,0,3,3,0,0,5080.38773927863,31912.609619434,13.8477305492788,0,8.35259702834175,8.35259702834175
abrupt,S_pretrained,"Shared, pretrained-frozen",S,pretrained,5,1,3,late,90,100,1,complete,100,100,0.124323948359223,0.277536326704892,0.390882057127764,0.0165388205468288,1.65388205468288,100,100,100,0.0666429282596379,0.0679287668525176,0.322463673295108,0.507127564534038,-0.22880819627887,0.447084972718719,0,0,0,0,0,0,0,NaN,NaN,NaN,0,100,100,0,3,3,0,0,5823.01389924033,25956.3244571817,13.8477305492788,0,8.35259702834175,8.35259702834175
abrupt,S_pretrained,"Shared, pretrained-frozen",S,pretrained,6,1,3,whole,0,120,1,complete,1200,1200,0.0961926815746422,0.604275912692317,0.411937027481591,0.0151958109238819,18.2197772977344,1199,1200,1200,0.0469017292777928,0.0477068276855887,-0.570080690902031,0.765272424804668,-0.743023038030719,0.774357819136765,0,0,0,0,0,0,0,NaN,NaN,NaN,0,1150,1150,0,3,3,0,0,34.333454729339,100105.585671321,13.5428279184025,0,6.66832132828395,8.73002260533017
abrupt,S_pretrained,"Shared, pretrained-frozen",S,pretrained,6,1,3,pre,30,40,1,complete,100,100,0.0741422178075749,0.604275912692317,0.549983845281437,0.0211964265448441,2.11964265448441,100,100,100,0.00728796367602924,0.012428092246653,-0.570080690902031,0.104275912692317,-0.684142763911556,0.621689830124441,0,0,0,0,0,0,0,NaN,NaN,NaN,0,100,100,0,3,3,0,0,1839.82765278712,100105.585671321,13.5428279184025,0,0.144947728459648,0.144947728459648
abrupt,S_pretrained,"Shared, pretrained-frozen",S,pretrained,6,1,3,event,50,60,1,complete,100,100,0.166522770223098,0.459488145389972,0.480109297197085,0.0205417608628612,2.05417608628612,100,100,100,0.0879036760906383,0.087498090679783,0.290511854610028,0.745368998849059,-0.363758941070168,0.598865165416775,0,0,0,0,0,0,0,NaN,NaN,NaN,0,100,100,0,3,3,0,0,6036.7313915104,33145.466691838,13.5428279184025,0,8.73002260533017,8.73002260533017
abrupt,S_pretrained,"Shared, pretrained-frozen",S,pretrained,6,1,3,late,90,100,1,complete,100,100,0.126008197086838,0.260586982333343,0.386881008296508,0.0178171929754856,1.78171929754856,100,100,100,0.068855163683284,0.0688054643584881,0.339413017666656,0.507479685540956,-0.2236108447852,0.4596932505718,0,0,0,0,0,0,0,NaN,NaN,NaN,0,100,100,0,3,3,0,0,7254.96242212604,19681.5886817701,13.5428279184025,0,8.73002260533017,8.73002260533017
abrupt,S_pretrained,"Shared, pretrained-frozen",S,pretrained,7,1,3,whole,0,120,1,complete,1200,1200,0.0954440824030098,0.610459508487215,0.41408202084725,0.0153676677733307,18.4258336602235,1199,1200,1200,0.0463597180798103,0.0473722503477608,-0.583947332073491,0.769150442010094,-0.760388919543052,0.777135967238661,0,0,0,0,0,0,0,NaN,NaN,NaN,0,1150,1150,0,3,3,0,0,30.3954720254216,109207.692284307,13.7044325315325,0,6.49764635500413,8.50610672079343
abrupt,S_pretrained,"Shared, pretrained-frozen",S,pretrained,7,1,3,pre,30,40,1,complete,100,100,0.0752995382296167,0.610459508487215,0.551952395913199,0.0213156789786752,2.13156789786752,100,100,100,0.00827818472003263,0.0121932857612489,-0.583947332073491,0.110459508487215,-0.69752017014603,0.614715761742213,0,0,0,0,0,0,0,NaN,NaN,NaN,0,100,100,0,3,3,0,0,1773.56126218504,109207.692284307,13.7044325315325,0,0.176599568340426,0.176599568340426
abrupt,S_pretrained,"Shared, pretrained-frozen",S,pretrained,7,1,3,event,50,60,1,complete,100,100,0.161969115696021,0.452279926672842,0.481652894150262,0.0210752792017374,2.10752792017374,100,100,100,0.0852606856897518,0.0853815310415479,0.297720073327158,0.74327925332416,-0.36384872212555,0.599372141702695,0,0,0,0,0,0,0,NaN,NaN,NaN,0,100,100,0,3,3,0,0,5676.76723019651,30672.5507886473,13.7044325315325,0,8.50610672079343,8.50610672079343
abrupt,S_pretrained,"Shared, pretrained-frozen",S,pretrained,7,1,3,late,90,100,1,complete,100,100,0.123950760655642,0.272930958745087,0.389259594271295,0.017063312413208,1.7063312413208,100,100,100,0.0665521265026449,0.0678399711440735,0.327069041254913,0.503243690447842,-0.220306806956854,0.448923444112423,0,0,0,0,0,0,0,NaN,NaN,NaN,0,100,100,0,3,3,0,0,9738.33764196653,28598.5993673751,13.7044325315325,0,8.50610672079343,8.50610672079343
abrupt,S_pretrained,"Shared, pretrained-frozen",S,pretrained,8,1,3,whole,0,120,1,complete,1200,1200,0.0971547749721769,0.632867702971071,0.412403862613296,0.015451878478873,18.5268022961687,1199,1200,1200,0.0472244442708681,0.0482034168427197,-0.579745494104688,0.776400242034156,-0.751195560657375,0.756453501453952,0,0,0,0,0,0,0,NaN,NaN,NaN,0,1150,1150,0,3,3,0,0,30.6485946217257,91427.0795082603,13.7063591539528,0,6.58110579974278,8.61655029923261
abrupt,S_pretrained,"Shared, pretrained-frozen",S,pretrained,8,1,3,pre,30,40,1,complete,100,100,0.0783093766736629,0.632867702971071,0.548424544799986,0.0209319747021402,2.09319747021402,100,100,100,0.00712610422764197,0.0126140351995,-0.579745494104688,0.132867702971071,-0.693617140144788,0.628113741836416,0,0,0,0,0,0,0,NaN,NaN,NaN,0,100,100,0,3,3,0,0,1267.89581989016,91427.0795082603,13.7063591539528,0,0.0580846872344822,0.0580846872344822
abrupt,S_pretrained,"Shared, pretrained-frozen",S,pretrained,8,1,3,event,50,60,1,complete,100,100,0.166324313304983,0.471301417768183,0.480959306380969,0.0207772541388011,2.07772541388011,100,100,100,0.0872741661685751,0.0871987076060004,0.278698582231817,0.737878648095509,-0.36437298755293,0.594741329062059,0,0,0,0,0,0,0,NaN,NaN,NaN,0,100,100,0,3,3,0,0,6610.06229655328,44612.0565712935,13.7063591539528,0,8.61655029923261,8.61655029923261
abrupt,S_pretrained,"Shared, pretrained-frozen",S,pretrained,8,1,3,late,90,100,1,complete,100,100,0.125177478551781,0.264756602681497,0.388273448381926,0.0169782675458555,1.69782675458555,100,100,100,0.0672428083070784,0.0691163356407047,0.335243397318503,0.508417418004815,-0.224164332937124,0.441935174075716,0,0,0,0,0,0,0,NaN,NaN,NaN,0,100,100,0,3,3,0,0,7281.55177977866,25969.2116923498,13.7063591539528,0,8.61655029923261,8.61655029923261
abrupt,S_pretrained,"Shared, pretrained-frozen",S,pretrained,9,1,3,whole,0,120,1,complete,1200,1200,0.0961398760435214,0.6,0.413009765387072,0.0155756389840835,18.6751911419162,1199,1200,1200,0.0468292384025579,0.0478319797536944,-0.572711286052095,0.769477953769284,-0.757262952038834,0.777288207435153,0,0,0,0,0,0,0,NaN,NaN,NaN,0,1150,1150,0,3,3,0,0,29.6293066798021,125587.437243376,13.7230565875187,0,6.6450882214535,8.69918575733435
abrupt,S_pretrained,"Shared, pretrained-frozen",S,pretrained,9,1,3,pre,30,40,1,complete,100,100,0.0737704167474122,0.597487173484138,0.549640117577261,0.0209858598433831,2.09858598433831,100,100,100,0.00712048492489715,0.0132862077784738,-0.572711286052095,0.0974871734841385,-0.702267118951167,0.620309818200505,0,0,0,0,0,0,0,NaN,NaN,NaN,0,100,100,0,3,3,0,0,1896.97327528521,125587.437243376,13.7230565875187,0,0.176374468979979,0.176374468979979
abrupt,S_pretrained,"Shared, pretrained-frozen",S,pretrained,9,1,3,event,50,60,1,complete,100,100,0.163853189402545,0.464954593771063,0.481894738618292,0.0211654568172372,2.11654568172372,100,100,100,0.0855936196366975,0.0868628999270801,0.285045406228937,0.753577360597647,-0.362625123882484,0.599098468972921,0,0,0,0,0,0,0,NaN,NaN,NaN,0,100,100,0,3,3,0,0,6942.13928308119,36282.0827986053,13.7230565875187,0,8.69918575733435,8.69918575733435
abrupt,S_pretrained,"Shared, pretrained-frozen",S,pretrained,9,1,3,late,90,100,1,complete,100,100,0.125760699940317,0.255261882978848,0.38959574657582,0.0181571410061015,1.81571410061015,100,100,100,0.0677846494661463,0.0692274888819698,0.344738117021152,0.507083338531088,-0.221111069464162,0.459421193916995,0,0,0,0,0,0,0,NaN,NaN,NaN,0,100,100,0,3,3,0,0,13153.1912257484,20522.1609735844,13.7230565875187,0,8.69918575733435,8.69918575733435
abrupt,S_pretrained,"Shared, pretrained-frozen",S,pretrained,10,1,3,whole,0,120,1,complete,1200,1200,0.0974235626745493,0.619220959791409,0.410028025303073,0.0155684445361984,18.6665649989018,1199,1200,1200,0.0474281870673793,0.0487847081691202,-0.56079427276997,0.765979260822983,-0.730467105286746,0.75781660149067,0,0,0,0,0,0,0,NaN,NaN,NaN,0,1150,1150,0,3,3,0,0,31.6141324893195,84118.0623819887,13.4854133537524,0,6.65039819701607,8.7071725590662
abrupt,S_pretrained,"Shared, pretrained-frozen",S,pretrained,10,1,3,pre,30,40,1,complete,100,100,0.0753494402727751,0.619220959791409,0.544685101638649,0.020926815517886,2.0926815517886,100,100,100,0.00795289664666471,0.0125649353220251,-0.56079427276997,0.119220959791409,-0.686451106401045,0.629211573552201,0,0,0,0,0,0,0,NaN,NaN,NaN,0,100,100,0,3,3,0,0,1888.14539944042,84118.0623819887,13.4854133537524,0,0.0769107703837622,0.0769107703837622
abrupt,S_pretrained,"Shared, pretrained-frozen",S,pretrained,10,1,3,event,50,60,1,complete,100,100,0.167334702391285,0.459977776294387,0.480432515542937,0.0194105520847494,1.94105520847494,100,100,100,0.0872231116699495,0.0886807466829986,0.290022223705613,0.734335436337251,-0.365369728460744,0.596190388989088,0,0,0,0,0,0,0,NaN,NaN,NaN,0,100,100,0,3,3,0,0,6690.74509332428,47160.1042548023,13.4854133537524,0,8.70717255906621,8.7071725590662
abrupt,S_pretrained,"Shared, pretrained-frozen",S,pretrained,10,1,3,late,90,100,1,complete,100,100,0.126944465716447,0.268391368920211,0.386896765439576,0.0189382639396731,1.89382639396731,100,100,100,0.0688422398915049,0.0697464644726862,0.331608631079789,0.495525057504787,-0.215359314096315,0.441929286889857,0,0,0,0,0,0,0,NaN,NaN,NaN,0,100,100,0,3,3,0,0,8518.7474785118,14855.7853941996,13.4854133537524,0,8.70717255906621,8.7071725590662
abrupt,S_pretrained,"Shared, pretrained-frozen",S,pretrained,11,1,3,whole,0,120,1,complete,1200,1200,0.096962264550763,0.607379444916198,0.410907735921153,0.0156414470462846,18.7540950084952,1199,1200,1200,0.0473812118369069,0.0480930358224999,-0.572971659233915,0.766070763337338,-0.75282982943364,0.766154705224705,0,0,0,0,0,0,0,NaN,NaN,NaN,0,1150,1150,0,3,3,0,0,30.9824394638007,98025.1490780545,13.5185764022365,0,6.57772659247108,8.61191076511724
abrupt,S_pretrained,"Shared, pretrained-frozen",S,pretrained,11,1,3,pre,30,40,1,complete,100,100,0.0749641990990001,0.607379444916198,0.547047210188972,0.020532841738416,2.0532841738416,100,100,100,0.00661403036718869,0.0114085457055372,-0.572971659233915,0.107379444916198,-0.691825508212672,0.62263757818789,0,0,0,0,0,0,0,NaN,NaN,NaN,0,100,100,0,3,3,0,0,1606.29504307667,98025.1490780545,13.5185764022365,0,0.0925162896129582,0.0925162896129582
abrupt,S_pretrained,"Shared, pretrained-frozen",S,pretrained,11,1,3,event,50,60,1,complete,100,100,0.167008108710371,0.455256033629921,0.478576005107488,0.0216673569308934,2.16673569308934,100,100,100,0.0883150354859221,0.0872497206172953,0.294743966370079,0.745211355856334,-0.36745516821186,0.595266047196222,0,0,0,0,0,0,0,NaN,NaN,NaN,0,100,100,0,3,3,0,0,6140.43726048986,30366.6585070243,13.5185764022365,0,8.61191076511724,8.61191076511724
abrupt,S_pretrained,"Shared, pretrained-frozen",S,pretrained,11,1,3,late,90,100,1,complete,100,100,0.127178231022327,0.266330597968832,0.386868905976961,0.0198265335548971,1.98265335548971,100,100,100,0.06863171110007,0.070318370142687,0.333669402031168,0.499283753413731,-0.221345809787528,0.444838991597771,0,0,0,0,0,0,0,NaN,NaN,NaN,0,100,100,0,3,3,0,0,8167.99656061507,21263.1305157746,13.5185764022365,0,8.61191076511724,8.61191076511724
abrupt,S_pretrained,"Shared, pretrained-frozen",S,pretrained,12,1,3,whole,0,120,1,complete,1200,1200,0.0971831016226836,0.6,0.41083875876734,0.0149351726359989,17.9072719905627,1199,1200,1200,0.0476841950118932,0.0484352521104032,-0.566820941472071,0.775332173904231,-0.74697221359044,0.77295291055849,0,0,0,0,0,0,0,NaN,NaN,NaN,0,1150,1150,0,3,3,0,0,31.4294061724404,84882.9491701568,13.5939035114413,0,6.86044572749096,8.97601543442767
abrupt,S_pretrained,"Shared, pretrained-frozen",S,pretrained,12,1,3,pre,30,40,1,complete,100,100,0.0735953699484211,0.595680892257415,0.546955107289179,0.0203440501126332,2.03440501126332,100,100,100,0.00801067029043151,0.0123777803993044,-0.566820941472071,0.0956808922574152,-0.685326417224434,0.609621655304512,0,0,0,0,0,0,0,NaN,NaN,NaN,0,100,100,0,3,3,0,0,1644.7784648692,84882.9491701568,13.5939035114413,0,0.401650446185132,0.401650446185132
abrupt,S_pretrained,"Shared, pretrained-frozen",S,pretrained,12,1,3,event,50,60,1,complete,100,100,0.166291879613046,0.460428534816964,0.480272526071842,0.0220552131070853,2.20552131070853,100,100,100,0.0873014494717474,0.0887570684827742,0.289571465183036,0.745106521453622,-0.359960343661503,0.603715309531569,0,0,0,0,0,0,0,NaN,NaN,NaN,0,100,100,0,3,3,0,0,6404.37761850426,31112.1305445689,13.5939035114413,0,8.97601543442767,8.97601543442767
abrupt,S_pretrained,"Shared, pretrained-frozen",S,pretrained,12,1,3,late,90,100,1,complete,100,100,0.125501465248343,0.260822764293456,0.387151578565162,0.0159643320928969,1.59643320928969,100,100,100,0.0675623430786096,0.0690239320529071,0.339177235706544,0.497353836274542,-0.216012887928363,0.430202959789478,0,0,0,0,0,0,0,NaN,NaN,NaN,0,100,100,0,3,3,0,0,13133.494808008,30120.0291079783,13.5939035114413,0,8.97601543442767,8.97601543442767
abrupt,S_pretrained,"Shared, pretrained-frozen",S,pretrained,13,1,3,whole,0,120,1,complete,1200,1200,0.0972217609517079,0.622825763742004,0.411568526328512,0.015473836425581,18.5531298742716,1199,1200,1200,0.0474621282378831,0.0484616153599653,-0.573815504513851,0.769416333792338,-0.751151034490892,0.759326901024946,0,0,0,0,0,0,0,NaN,NaN,NaN,0,1150,1150,0,3,3,0,0,30.4775751309829,112463.680999595,13.6138990047743,0,6.7327321329729,8.81342920939908
abrupt,S_pretrained,"Shared, pretrained-frozen",S,pretrained,13,1,3,pre,30,40,1,complete,100,100,0.0767444555981811,0.622825763742004,0.548420464144225,0.0204806869673775,2.04806869673775,100,100,100,0.00655765927460888,0.0110942840913942,-0.573815504513851,0.122825763742004,-0.692371077589519,0.624301766533703,0,0,0,0,0,0,0,NaN,NaN,NaN,0,100,100,0,3,3,0,0,1505.27394234939,112463.680999595,13.6138990047743,0,0.209972707163605,0.209972707163605
abrupt,S_pretrained,"Shared, pretrained-frozen",S,pretrained,13,1,3,event,50,60,1,complete,100,100,0.166266562522523,0.469438390700431,0.480178753550458,0.0208303718859982,2.08303718859982,100,100,100,0.0867050780445568,0.0878861238238674,0.280561609299569,0.741862990488189,-0.362748415247758,0.602493588845628,0,0,0,0,0,0,0,NaN,NaN,NaN,0,100,100,0,3,3,0,0,6855.49298235913,45154.3860758394,13.6138990047743,0,8.81342920939908,8.81342920939908
abrupt,S_pretrained,"Shared, pretrained-frozen",S,pretrained,13,1,3,late,90,100,1,complete,100,100,0.126865416496933,0.268851028478495,0.387275974608488,0.0192154787513821,1.92154787513821,100,100,100,0.0689397215921116,0.0697204171504637,0.331148971521505,0.497432132441889,-0.222209713365951,0.438446646250171,0,0,0,0,0,0,0,NaN,NaN,NaN,0,100,100,0,3,3,0,0,9096.41794841538,18858.6305367029,13.6138990047743,0,8.81342920939908,8.81342920939908
abrupt,S_pretrained,"Shared, pretrained-frozen",S,pretrained,14,1,3,whole,0,120,1,complete,1200,1200,0.0977493012312366,0.604049257165451,0.409651951232171,0.0153678780005928,18.4260857227107,1199,1200,1200,0.0476742167116553,0.0490439963555305,-0.574356330910207,0.764961188099489,-0.737176003159834,0.760915030880117,0,0,0,0,0,0,0,NaN,NaN,NaN,0,1150,1150,0,3,3,0,0,31.5423279673102,88330.1990686584,13.4404606570639,0,6.78334219538656,8.87947475080669
abrupt,S_pretrained,"Shared, pretrained-frozen",S,pretrained,14,1,3,pre,30,40,1,complete,100,100,0.0748461320257653,0.604049257165451,0.545291370940446,0.0217584656295421,2.17584656295421,100,100,100,0.00768476666542287,0.0134895180131759,-0.574356330910207,0.104049257165451,-0.680953318981851,0.622960194051685,0,0,0,0,0,0,0,NaN,NaN,NaN,0,100,100,0,3,3,0,0,1531.09739877919,70650.7235713568,13.4404606570639,0,0.223281492760014,0.223281492760014
abrupt,S_pretrained,"Shared, pretrained-frozen",S,pretrained,14,1,3,event,50,60,1,complete,100,100,0.168229814071566,0.468057320402858,0.477500558705618,0.0223167002941781,2.23167002941781,100,100,100,0.0882067600046214,0.0891044357763718,0.281942679597142,0.754659731739397,-0.364568536455281,0.593267541279767,0,0,0,0,0,0,0,NaN,NaN,NaN,0,100,100,0,3,3,0,0,7115.60979703343,29840.9482236039,13.4404606570639,0,8.87947475080669,8.87947475080669
abrupt,S_pretrained,"Shared, pretrained-frozen",S,pretrained,14,1,3,late,90,100,1,complete,100,100,0.12804061515885,0.265601659463547,0.385422070614632,0.0164093325998091,1.64093325998091,100,100,100,0.0686564898879778,0.0705975026846372,0.334398340536453,0.489895915313999,-0.215134035097911,0.445737551860999,0,0,0,0,0,0,0,NaN,NaN,NaN,0,100,100,0,3,3,0,0,13072.8954511434,24710.5200009759,13.4404606570639,0,8.87947475080669,8.87947475080669
abrupt,S_pretrained,"Shared, pretrained-frozen",S,pretrained,15,1,3,whole,0,120,1,complete,1200,1200,0.0964697957398227,0.609014501055827,0.411709236655182,0.0151207926350605,18.1298303694375,1199,1200,1200,0.0467069645486512,0.0483599533374808,-0.572694657806354,0.760286703564442,-0.750287721204968,0.760441020686911,0,0,0,0,0,0,0,NaN,NaN,NaN,0,1150,1150,0,3,3,0,0,31.0709575541008,105652.835986649,13.6234784881012,0,6.69855371171842,8.76945453989767
abrupt,S_pretrained,"Shared, pretrained-frozen",S,pretrained,15,1,3,pre,30,40,1,complete,100,100,0.0747689131404764,0.609014501055827,0.548839670591573,0.0202261628333463,2.02261628333463,100,100,100,0.00756932743962445,0.0111923053493154,-0.572694657806354,0.109014501055827,-0.693201417192426,0.629641593699215,0,0,0,0,0,0,0,NaN,NaN,NaN,0,100,100,0,3,3,0,0,1618.48338492919,105652.835986649,13.6234784881012,0,0.157563608740777,0.157563608740777
abrupt,S_pretrained,"Shared, pretrained-frozen",S,pretrained,15,1,3,event,50,60,1,complete,100,100,0.166661640489236,0.477034173493909,0.479509142934014,0.0205702540609361,2.05702540609361,100,100,100,0.0862850589947097,0.0888287542730297,0.272965826506091,0.753497199183359,-0.364770094146445,0.599753126409039,0,0,0,0,0,0,0,NaN,NaN,NaN,0,100,100,0,3,3,0,0,8813.14378146524,37904.6404710491,13.6234784881012,0,8.76945453989768,8.76945453989767
abrupt,S_pretrained,"Shared, pretrained-frozen",S,pretrained,15,1,3,late,90,100,1,complete,100,100,0.125048026763338,0.26661921305432,0.385171452854216,0.0177971492562709,1.77971492562709,100,100,100,0.0674855027252747,0.0690438183263775,0.33338078694568,0.492625928565035,-0.217886972657238,0.431755689448474,0,0,0,0,0,0,0,NaN,NaN,NaN,0,100,100,0,3,3,0,0,9006.44345363101,42321.6280026492,13.6234784881012,0,8.76945453989768,8.76945453989767
abrupt,S_pretrained,"Shared, pretrained-frozen",S,pretrained,16,1,3,whole,0,120,1,complete,1200,1200,0.0968066980073353,0.600500666881994,0.409761412563956,0.0155475011537874,18.641453883391,1199,1200,1200,0.0473159570677809,0.0478230896031073,-0.573472894799963,0.772176065703165,-0.749246596452601,0.790664111703725,0,0,0,0,0,0,0,NaN,NaN,NaN,0,1150,1150,0,3,3,0,0,31.48503992733,90555.1158829331,13.3823543503099,0,6.49932614845579,8.50608807234213
abrupt,S_pretrained,"Shared, pretrained-frozen",S,pretrained,16,1,3,pre,30,40,1,complete,100,100,0.0747764862556952,0.600500666881994,0.544611004758781,0.0209615257786874,2.09615257786874,100,100,100,0.00856618200263354,0.0132814706124683,-0.573472894799963,0.100500666881994,-0.689761507154866,0.618030697612749,0,0,0,0,0,0,0,NaN,NaN,NaN,0,100,100,0,3,3,0,0,1794.9849244864,90258.2907160254,13.3823543503099,0,0.289877404060681,0.289877404060681
abrupt,S_pretrained,"Shared, pretrained-frozen",S,pretrained,16,1,3,event,50,60,1,complete,100,100,0.16578215990678,0.4655582707463,0.479482937355504,0.0204794879919658,2.04794879919658,100,100,100,0.0864239439493883,0.0872625030998596,0.2844417292537,0.743471398946375,-0.364708428796645,0.588631190917132,0,0,0,0,0,0,0,NaN,NaN,NaN,0,100,100,0,3,3,0,0,8057.04505748471,34202.0936085241,13.3823543503099,0,8.50608807234213,8.50608807234213
abrupt,S_pretrained,"Shared, pretrained-frozen",S,pretrained,16,1,3,late,90,100,1,complete,100,100,0.125505216406076,0.263196483843379,0.386616911948268,0.0154915431745584,1.54915431745584,100,100,100,0.0679202095132716,0.0675296720433069,0.336803516156621,0.512709724162547,-0.227275355169277,0.445188031995046,0,0,0,0,0,0,0,NaN,NaN,NaN,0,100,100,0,3,3,0,0,11805.2132902316,27948.7453955187,13.3823543503099,0,8.50608807234213,8.50608807234213
abrupt,S_pretrained,"Shared, pretrained-frozen",S,pretrained,17,1,3,whole,0,120,1,complete,1200,1200,0.0969619615229203,0.603362198176425,0.413113741660796,0.015197037457969,18.2212479121049,1199,1200,1200,0.047196391688712,0.0481888556814112,-0.568846793114604,0.768048547347303,-0.755475755580787,0.772443474626124,0,0,0,0,0,0,0,NaN,NaN,NaN,0,1150,1150,0,3,3,0,0,31.5029334394431,98330.6093114884,13.6590916750922,0,6.57667985635066,8.61050948773412
abrupt,S_pretrained,"Shared, pretrained-frozen",S,pretrained,17,1,3,pre,30,40,1,complete,100,100,0.0745658938454759,0.603362198176425,0.551328388370373,0.0205337874929111,2.05337874929111,100,100,100,0.00786175505076951,0.0119480288207907,-0.568846793114604,0.103362198176425,-0.67884622780222,0.623002762646447,0,0,0,0,0,0,0,NaN,NaN,NaN,0,100,100,0,3,3,0,0,1976.29064872973,98330.6093114884,13.6590916750922,0,0.0964362241334459,0.096436224133446
abrupt,S_pretrained,"Shared, pretrained-frozen",S,pretrained,17,1,3,event,50,60,1,complete,100,100,0.167973266182158,0.461647434616401,0.481658008913553,0.0217962153300472,2.17962153300472,100,100,100,0.0879702886864172,0.0892198996393158,0.288352565383599,0.754643252764991,-0.366055184407123,0.596221361318607,0,0,0,0,0,0,0,NaN,NaN,NaN,0,100,100,0,3,3,0,0,7339.60718727252,45756.5552562417,13.6590916750922,0,8.61050948773412,8.61050948773412
abrupt,S_pretrained,"Shared, pretrained-frozen",S,pretrained,17,1,3,late,90,100,1,complete,100,100,0.129187845162584,0.27527152178559,0.389132470265401,0.0161212038416939,1.61212038416939,100,100,100,0.0690290693377554,0.0710229225680039,0.32472847821441,0.493585145315319,-0.223608824180866,0.455989515461769,0,0,0,0,0,0,0,NaN,NaN,NaN,0,100,100,0,3,3,0,0,9980.5711448692,34462.1848539523,13.6590916750922,0,8.61050948773412,8.61050948773412
abrupt,S_pretrained,"Shared, pretrained-frozen",S,pretrained,18,1,3,whole,0,120,1,complete,1200,1200,0.0973925156286847,0.623225079333953,0.409443553837302,0.0156029992940885,18.7079961536121,1199,1200,1200,0.0473827798335606,0.0486232762569593,-0.566079381742619,0.771976783969829,-0.742984992437324,0.762820786324825,0,0,0,0,0,0,0,NaN,NaN,NaN,0,1150,1150,0,3,3,0,0,31.663693175434,98475.2153867119,13.4669623139412,0,6.62038034100103,8.66737090539122
abrupt,S_pretrained,"Shared, pretrained-frozen",S,pretrained,18,1,3,pre,30,40,1,complete,100,100,0.0769528711974522,0.623225079333953,0.544025077740873,0.0203085684398143,2.03085684398143,100,100,100,0.00758574329670552,0.0119461305071903,-0.566079381742619,0.123225079333953,-0.678223821264586,0.634451557219078,0,0,0,0,0,0,0,NaN,NaN,NaN,0,100,100,0,3,3,0,0,1631.62581973136,98475.2153867119,13.4669623139412,0,0.134165146591569,0.134165146591569
abrupt,S_pretrained,"Shared, pretrained-frozen",S,pretrained,18,1,3,event,50,60,1,complete,100,100,0.166384240347055,0.460197526842083,0.47861981335978,0.0220328879450849,2.20328879450849,100,100,100,0.0873993281422252,0.087812812751088,0.289802473157917,0.743104967870819,-0.366542308508481,0.589918823441874,0,0,0,0,0,0,0,NaN,NaN,NaN,0,100,100,0,3,3,0,0,5966.31920024589,25069.0061049082,13.4669623139412,0,8.66737090539122,8.66737090539122
abrupt,S_pretrained,"Shared, pretrained-frozen",S,pretrained,18,1,3,late,90,100,1,complete,100,100,0.126065055203571,0.274334966053408,0.386083140842674,0.0176935563740912,1.76935563740912,100,100,100,0.0677073451655369,0.0693487764120643,0.325665033946592,0.495007138444712,-0.22231609208784,0.423607302465408,0,0,0,0,0,0,0,NaN,NaN,NaN,0,100,100,0,3,3,0,0,7286.45739621492,18396.6401795597,13.4669623139412,0,8.66737090539122,8.66737090539122
abrupt,S_pretrained,"Shared, pretrained-frozen",S,pretrained,19,1,3,whole,0,120,1,complete,1200,1200,0.0976323532912057,0.613640667480773,0.410111525734666,0.015578519712164,18.6786451348846,1199,1200,1200,0.0476252614844939,0.048566823678867,-0.577422603132692,0.762721579150019,-0.746101787942292,0.758716033237542,0,0,0,0,0,0,0,NaN,NaN,NaN,0,1150,1150,0,3,3,0,0,31.0364135870094,133818.472862955,13.4271867220734,0,6.64413997768028,8.6989539234302
abrupt,S_pretrained,"Shared, pretrained-frozen",S,pretrained,19,1,3,pre,30,40,1,complete,100,100,0.075209332502008,0.613640667480773,0.545652359394614,0.0202242611895596,2.02242611895596,100,100,100,0.00695553822396793,0.0107432013629725,-0.577422603132692,0.113640667480773,-0.689322981534366,0.630571367760253,0,0,0,0,0,0,0,NaN,NaN,NaN,0,100,100,0,3,3,0,0,1740.47656958407,133818.472862955,13.4271867220734,0,0.0806932244734851,0.0806932244734851
abrupt,S_pretrained,"Shared, pretrained-frozen",S,pretrained,19,1,3,event,50,60,1,complete,100,100,0.167632002789818,0.463357673185621,0.478753942381703,0.0211685603187544,2.11685603187544,100,100,100,0.0884075341713924,0.0877790838222985,0.286642326814379,0.753345805436493,-0.367118987774452,0.594185279733504,0,0,0,0,0,0,0,NaN,NaN,NaN,0,100,100,0,3,3,0,0,7184.78009075032,35174.6520631924,13.4271867220734,0,8.6989539234302,8.6989539234302
abrupt,S_pretrained,"Shared, pretrained-frozen",S,pretrained,19,1,3,late,90,100,1,complete,100,100,0.128076924386145,0.273258121947327,0.386301274566318,0.017999429359641,1.7999429359641,100,100,100,0.0697266211297877,0.069640333270245,0.326741878052673,0.503465602007961,-0.223475064776326,0.429859329256977,0,0,0,0,0,0,0,NaN,NaN,NaN,0,100,100,0,3,3,0,0,6573.85724069071,20669.8341821562,13.4271867220734,0,8.6989539234302,8.6989539234302
abrupt,S_pretrained,"Shared, pretrained-frozen",S,pretrained,20,1,3,whole,0,120,1,complete,1200,1200,0.0958016113872072,0.608423457325459,0.413322397503205,0.0152937861552259,18.3372496001159,1199,1200,1200,0.0467154372251694,0.047713341727849,-0.568772896120557,0.766997126188427,-0.753878354860958,0.76951531311166,0,0,0,0,0,0,0,NaN,NaN,NaN,0,1150,1150,0,3,3,0,0,30.722739413112,80896.7834855589,13.7543324032623,0,6.68072277914281,8.74450045823743
abrupt,S_pretrained,"Shared, pretrained-frozen",S,pretrained,20,1,3,pre,30,40,1,complete,100,100,0.0750253533206167,0.608423457325459,0.550129126174705,0.0210258571096577,2.10258571096577,100,100,100,0.00729103667009903,0.0126701262053009,-0.568772896120557,0.108423457325459,-0.691791389560706,0.612182526026751,0,0,0,0,0,0,0,NaN,NaN,NaN,0,100,100,0,3,3,0,0,2328.66963186427,80896.7834855589,13.7543324032623,0,0.253244692851747,0.253244692851747
abrupt,S_pretrained,"Shared, pretrained-frozen",S,pretrained,20,1,3,event,50,60,1,complete,100,100,0.16489145709416,0.475619728318256,0.481227057780608,0.0214763222398368,2.14763222398368,100,100,100,0.0861710715529184,0.0868257818836956,0.274380271681744,0.753308180033084,-0.362034788356687,0.603177189896591,0,0,0,0,0,0,0,NaN,NaN,NaN,0,100,100,0,3,3,0,0,8329.11320514783,33892.1330955888,13.7543324032623,0,8.74450045823743,8.74450045823743
abrupt,S_pretrained,"Shared, pretrained-frozen",S,pretrained,20,1,3,late,90,100,1,complete,100,100,0.125809483863668,0.283658061810076,0.388197913088459,0.0174705081396532,1.74705081396532,100,100,100,0.0682318784433145,0.068274766826792,0.316341938189924,0.494878428207736,-0.219392014435549,0.439602162296954,0,0,0,0,0,0,0,NaN,NaN,NaN,0,100,100,0,3,3,0,0,12511.9672760763,22063.0602956021,13.7543324032623,0,8.74450045823743,8.74450045823743
abrupt,S_pretrained,"Shared, pretrained-frozen",S,pretrained,21,1,3,whole,0,120,1,complete,1200,1200,0.0960925022525099,0.600552959383249,0.412892718421105,0.0158071169521995,18.9527332256872,1199,1200,1200,0.0467313307691177,0.0479719975093381,-0.575631804924477,0.774158207016837,-0.757653841783903,0.768574531558206,0,0,0,0,0,0,0,NaN,NaN,NaN,0,1150,1150,0,3,3,0,0,30.4782224741556,115705.062292164,13.6038533454803,0,6.51671015219777,8.53168166954327
abrupt,S_pretrained,"Shared, pretrained-frozen",S,pretrained,21,1,3,pre,30,40,1,complete,100,100,0.0738833293018715,0.600552959383249,0.549830761052733,0.0214058553317927,2.14058553317927,100,100,100,0.00767645156645506,0.012881396889614,-0.575631804924477,0.100552959383249,-0.695688253944205,0.62036287482057,0,0,0,0,0,0,0,NaN,NaN,NaN,0,100,100,0,3,3,0,0,1596.07667845481,75545.3208198451,13.6038533454803,0,0.128833008304518,0.128833008304518
abrupt,S_pretrained,"Shared, pretrained-frozen",S,pretrained,21,1,3,event,50,60,1,complete,100,100,0.166009110237513,0.461941294881464,0.481704307393508,0.0227380727899628,2.27380727899628,100,100,100,0.0872428109671479,0.0878799494405573,0.288058705118536,0.751985305367673,-0.364653599673479,0.60263366459152,0,0,0,0,0,0,0,NaN,NaN,NaN,0,100,100,0,3,3,0,0,6017.53191213604,34683.260399302,13.6038533454803,0,8.53168166954326,8.53168166954327
abrupt,S_pretrained,"Shared, pretrained-frozen",S,pretrained,21,1,3,late,90,100,1,complete,100,100,0.125274305814566,0.260760045505405,0.387875270653651,0.0191650117048626,1.91650117048626,100,100,100,0.0683476515327436,0.0685519117248472,0.339239954494595,0.500169539632629,-0.220392214744477,0.445261154692064,0,0,0,0,0,0,0,NaN,NaN,NaN,0,100,100,0,3,3,0,0,8499.67553744174,20471.3106407143,13.6038533454803,0,8.53168166954326,8.53168166954327
abrupt,S_pretrained,"Shared, pretrained-frozen",S,pretrained,22,1,3,whole,0,120,1,complete,1200,1200,0.0973657376718334,0.619836042634818,0.410961685175732,0.0160719174000166,19.2702289626199,1199,1200,1200,0.0473003960868014,0.0488553991946201,-0.577665734801797,0.768784758396727,-0.748015542985257,0.76009172792676,0,0,0,0,0,0,0,NaN,NaN,NaN,0,1150,1150,0,3,3,0,0,32.175210785242,104300.934401826,13.5974501255778,0,6.61382469109215,8.65945175784689
abrupt,S_pretrained,"Shared, pretrained-frozen",S,pretrained,22,1,3,pre,30,40,1,complete,100,100,0.0762578906168892,0.619836042634818,0.545788694832435,0.0205676537326239,2.05676537326239,100,100,100,0.00757836413454147,0.0111606499181497,-0.577665734801797,0.119836042634818,-0.689345528660092,0.629187256862839,0,0,0,0,0,0,0,NaN,NaN,NaN,0,100,100,0,3,3,0,0,1857.82040127097,84593.413124854,13.5974501255778,0,0.0433389170562084,0.0433389170562084
abrupt,S_pretrained,"Shared, pretrained-frozen",S,pretrained,22,1,3,event,50,60,1,complete,100,100,0.167294430749322,0.472152121073573,0.480254727777266,0.0217774676577835,2.17774676577835,100,100,100,0.0868730773971417,0.0886580354571175,0.277847878926427,0.747869022900468,-0.361846725148113,0.597554531525869,0,0,0,0,0,0,0,NaN,NaN,NaN,0,100,100,0,3,3,0,0,7058.18633986014,27705.4437699354,13.5974501255778,0,8.65945175784689,8.65945175784689
abrupt,S_pretrained,"Shared, pretrained-frozen",S,pretrained,22,1,3,late,90,100,1,complete,100,100,0.127298782048081,0.26901404671148,0.386803873329492,0.0204038929369548,2.04038929369548,100,100,100,0.0694225116038521,0.0694749403245456,0.33098595328852,0.492666585402744,-0.218756710990396,0.459025972722969,0,0,0,0,0,0,0,NaN,NaN,NaN,0,100,100,0,3,3,0,0,7672.29709881209,25888.9104207957,13.5974501255778,0,8.65945175784689,8.65945175784689
abrupt,S_pretrained,"Shared, pretrained-frozen",S,pretrained,23,1,3,whole,0,120,1,complete,1200,1200,0.0964507562179854,0.605900278634508,0.411583130502696,0.0156436360979725,18.7567196814691,1199,1200,1200,0.0470851703957053,0.0477713869960623,-0.583557873550642,0.774025008819555,-0.752650350672047,0.776668130476067,0,0,0,0,0,0,0,NaN,NaN,NaN,0,1150,1150,0,3,3,0,0,29.9676877168029,103741.178976813,13.5630775114259,0,6.57586777409326,8.60970933776411
abrupt,S_pretrained,"Shared, pretrained-frozen",S,pretrained,23,1,3,pre,30,40,1,complete,100,100,0.0751904248500092,0.605900278634508,0.547608846495254,0.0209901564665487,2.09901564665487,100,100,100,0.0076330663248805,0.0121043848825827,-0.583557873550642,0.105900278634508,-0.695699534450503,0.621907896620556,0,0,0,0,0,0,0,NaN,NaN,NaN,0,100,100,0,3,3,0,0,1736.86344218355,88530.2282692322,13.5630775114259,0,0.0543684151321652,0.0543684151321652
abrupt,S_pretrained,"Shared, pretrained-frozen",S,pretrained,23,1,3,event,50,60,1,complete,100,100,0.16578033842802,0.464248420603715,0.479859618707711,0.022469678363081,2.2469678363081,100,100,100,0.0878845870528801,0.0861504884857969,0.285751579396285,0.765759381597649,-0.364753011879111,0.59748003185134,0,0,0,0,0,0,0,NaN,NaN,NaN,0,100,100,0,3,3,0,0,8144.30632672078,32400.9788274203,13.5630775114259,0,8.60970933776411,8.60970933776411
abrupt,S_pretrained,"Shared, pretrained-frozen",S,pretrained,23,1,3,late,90,100,1,complete,100,100,0.124274768918407,0.268398186269977,0.388255907003063,0.0180671123990615,1.80671123990615,100,100,100,0.0664205164150822,0.0693509773958392,0.331601813730023,0.499529464977129,-0.216088208124527,0.448371283520835,0,0,0,0,0,0,0,NaN,NaN,NaN,0,100,100,0,3,3,0,0,7726.59106467545,30101.5336769723,13.5630775114259,0,8.60970933776411,8.60970933776411
abrupt,S_pretrained,"Shared, pretrained-frozen",S,pretrained,24,1,3,whole,0,120,1,complete,1200,1200,0.0961500018136184,0.61697980963185,0.413112590198329,0.015691065490217,18.8135875227702,1199,1200,1200,0.0464675301143483,0.0476474774135403,-0.573759230178969,0.77335272203552,-0.745606158098065,0.779562489085586,0,0,0,0,0,0,0,NaN,NaN,NaN,0,1150,1150,0,3,3,0,0,32.3547073864694,115931.176641699,13.7126994290656,0,6.49437257282171,8.50203446447041
abrupt,S_pretrained,"Shared, pretrained-frozen",S,pretrained,24,1,3,pre,30,40,1,complete,100,100,0.0767633325930325,0.61697980963185,0.551182712017059,0.0214801772482067,2.14801772482067,100,100,100,0.00753973504163951,0.0136287552716095,-0.573759230178969,0.11697980963185,-0.684264911807966,0.622451366741518,0,0,0,0,0,0,0,NaN,NaN,NaN,0,100,100,0,3,3,0,0,1546.24533857164,94449.6686585306,13.7126994290656,0,0.16147515606343,0.16147515606343
abrupt,S_pretrained,"Shared, pretrained-frozen",S,pretrained,24,1,3,event,50,60,1,complete,100,100,0.163823257561071,0.456378545897811,0.480677177707388,0.0213719380576583,2.13719380576583,100,100,100,0.0857510902261522,0.0865986529799043,0.293621454102189,0.753491529639669,-0.369693890342567,0.593209049084213,0,0,0,0,0,0,0,NaN,NaN,NaN,0,100,100,0,3,3,0,0,6866.49625410438,37104.313593813,13.7126994290656,0,8.50203446447041,8.50203446447041
abrupt,S_pretrained,"Shared, pretrained-frozen",S,pretrained,24,1,3,late,90,100,1,complete,100,100,0.125041267640386,0.263215726752344,0.387839479369718,0.0191421609590939,1.91421609590939,100,100,100,0.06753665486587,0.0689823036518186,0.336784273247656,0.507782853433858,-0.226585284524157,0.448051515120816,0,0,0,0,0,0,0,NaN,NaN,NaN,0,100,100,0,3,3,0,0,6957.73055753169,17893.8058045802,13.7126994290656,0,8.50203446447041,8.50203446447041
abrupt,S_pretrained,"Shared, pretrained-frozen",S,pretrained,25,1,3,whole,0,120,1,complete,1200,1200,0.0970115301867576,0.608404907582324,0.410200945076201,0.0151802419412283,18.2011100875327,1199,1200,1200,0.047409173004171,0.0485072394724282,-0.573153408791613,0.766535679194161,-0.743180459359664,0.770014379693491,0,0,0,0,0,0,0,NaN,NaN,NaN,0,1150,1150,0,3,3,0,0,31.1988641556678,100462.455805518,13.5026825447067,0,6.73480779812411,8.81675667805156
abrupt,S_pretrained,"Shared, pretrained-frozen",S,pretrained,25,1,3,pre,30,40,1,complete,100,100,0.0749716961262834,0.608404907582324,0.545051866341839,0.020220875703808,2.0220875703808,100,100,100,0.00812876767558506,0.0115457471548554,-0.573153408791613,0.108404907582324,-0.680372606468338,0.628464031978045,0,0,0,0,0,0,0,NaN,NaN,NaN,0,100,100,0,3,3,0,0,1665.73697945449,100462.455805518,13.5026825447067,0,0.170437491364984,0.170437491364984
abrupt,S_pretrained,"Shared, pretrained-frozen",S,pretrained,25,1,3,event,50,60,1,complete,100,100,0.167253402693109,0.46452060996827,0.479725911375775,0.0210799332300681,2.10799332300681,100,100,100,0.0875864967906251,0.088443686629552,0.28547939003173,0.748535089461959,-0.362764903111639,0.597414342449874,0,0,0,0,0,0,0,NaN,NaN,NaN,0,100,100,0,3,3,0,0,6683.84120819534,34633.295182313,13.5026825447067,0,8.81675667805156,8.81675667805156
abrupt,S_pretrained,"Shared, pretrained-frozen",S,pretrained,25,1,3,late,90,100,1,complete,100,100,0.125194077836978,0.264144211402557,0.3866027401348,0.0175002494855651,1.75002494855651,100,100,100,0.0676738756181176,0.0688558586176672,0.335855788597443,0.501303972204887,-0.224917374867967,0.439274045938163,0,0,0,0,0,0,0,NaN,NaN,NaN,0,100,100,0,3,3,0,0,7481.23055169603,19112.0402761738,13.5026825447067,0,8.81675667805156,8.81675667805156
abrupt,S_pretrained,"Shared, pretrained-frozen",S,pretrained,26,1,3,whole,0,120,1,complete,1200,1200,0.0978063699266508,0.609083496833714,0.409981325506183,0.0154584153327882,18.534639984013,1199,1200,1200,0.0479507084473178,0.0485187089928413,-0.563515151788138,0.767895057064432,-0.736308367279109,0.771613946689967,0,0,0,0,0,0,0,NaN,NaN,NaN,0,1150,1150,0,3,3,0,0,31.4232448508765,138585.690790427,13.4281984786031,0,6.7109942288039,8.78610058811173
abrupt,S_pretrained,"Shared, pretrained-frozen",S,pretrained,26,1,3,pre,30,40,1,complete,100,100,0.0753898762454499,0.609083496833714,0.545559294219118,0.0203525012807846,2.03525012807846,100,100,100,0.00789288192111625,0.0123764334399839,-0.563515151788138,0.109083496833714,-0.682555812126449,0.622662033687463,0,0,0,0,0,0,0,NaN,NaN,NaN,0,100,100,0,3,3,0,0,1630.27868777483,104513.787514793,13.4281984786031,0,0.126789319384035,0.126789319384035
abrupt,S_pretrained,"Shared, pretrained-frozen",S,pretrained,26,1,3,event,50,60,1,complete,100,100,0.167939101302421,0.476076979783232,0.47903012756409,0.0229552939833016,2.29552939833016,100,100,100,0.0877906271119136,0.0887839400614415,0.273923020216768,0.747641419258185,-0.363357457301634,0.599085156601051,0,0,0,0,0,0,0,NaN,NaN,NaN,0,100,100,0,3,3,0,0,5436.90846285467,32484.6413015654,13.4281984786031,0,8.78610058811173,8.78610058811173
abrupt,S_pretrained,"Shared, pretrained-frozen",S,pretrained,26,1,3,late,90,100,1,complete,100,100,0.12939267034446,0.271302488150306,0.386756107475972,0.0191149370604015,1.91149370604015,100,100,100,0.0708126743502286,0.0704805143538042,0.328697511849694,0.504578376552993,-0.222411896861023,0.437196851820664,0,0,0,0,0,0,0,NaN,NaN,NaN,0,100,100,0,3,3,0,0,7150.08820662233,15046.0032703939,13.4281984786031,0,8.78610058811173,8.78610058811173
abrupt,S_pretrained,"Shared, pretrained-frozen",S,pretrained,27,1,3,whole,0,120,1,complete,1200,1200,0.0953536531668627,0.622043515433431,0.413907467896494,0.0154316742915113,18.502577475522,1199,1200,1200,0.0458948114108251,0.0474899828853996,-0.566830088551692,0.768671523208903,-0.747141465319841,0.764333093869291,0,0,0,0,0,0,0,NaN,NaN,NaN,0,1150,1150,0,3,3,0,0,33.78525350506,107446.105247249,13.7736646003165,0,6.43097194038413,8.4175156107658
abrupt,S_pretrained,"Shared, pretrained-frozen",S,pretrained,27,1,3,pre,30,40,1,complete,100,100,0.0767187793855228,0.622043515433431,0.551954894836773,0.0206791768400333,2.06791768400333,100,100,100,0.00723326087001885,0.0123598893164697,-0.566830088551692,0.122043515433431,-0.685281209271386,0.627553622996658,0,0,0,0,0,0,0,NaN,NaN,NaN,0,100,100,0,3,3,0,0,1768.84353385162,107446.105247249,13.7736646003165,0,0.247716682398744,0.247716682398744
abrupt,S_pretrained,"Shared, pretrained-frozen",S,pretrained,27,1,3,event,50,60,1,complete,100,100,0.164896112953113,0.474216702451805,0.482425604733696,0.0206214279237682,2.06214279237682,100,100,100,0.0852160834860527,0.0873568650527097,0.275783297548195,0.743988099562878,-0.366878432720846,0.59678532432788,0,0,0,0,0,0,0,NaN,NaN,NaN,0,100,100,0,3,3,0,0,5077.12173062098,47687.8778370543,13.7736646003165,0,8.41751561076581,8.4175156107658
abrupt,S_pretrained,"Shared, pretrained-frozen",S,pretrained,27,1,3,late,90,100,1,complete,100,100,0.1250456435023,0.274850782444483,0.388178503743529,0.0172837109978373,1.72837109978373,100,100,100,0.0673662436046471,0.0682283869146304,0.325149217555517,0.501561462985778,-0.227279418967303,0.431146288308392,0,0,0,0,0,0,0,NaN,NaN,NaN,0,100,100,0,3,3,0,0,6228.45357596244,23086.5395684632,13.7736646003165,0,8.41751561076581,8.4175156107658
abrupt,S_pretrained,"Shared, pretrained-frozen",S,pretrained,28,1,3,whole,0,120,1,complete,1200,1200,0.0972639543596205,0.609067824093436,0.410754328509258,0.0152456826099463,18.2795734493257,1199,1200,1200,0.0476083576326279,0.0483142585703872,-0.571448876393954,0.766855594795625,-0.745300992573376,0.776638651620469,0,0,0,0,0,0,0,NaN,NaN,NaN,0,1150,1150,0,3,3,0,0,32.1969388842897,144087.112678095,13.516959192891,0,6.74742155140192,8.83265478228648
abrupt,S_pretrained,"Shared, pretrained-frozen",S,pretrained,28,1,3,pre,30,40,1,complete,100,100,0.0753662782328277,0.609067824093436,0.546205273352601,0.0198480941838118,1.98480941838118,100,100,100,0.00714811857244902,0.0115766776423741,-0.571448876393954,0.109067824093436,-0.683016569856818,0.617254077498275,0,0,0,0,0,0,0,NaN,NaN,NaN,0,100,100,0,3,3,0,0,1697.38535862302,144087.112678095,13.516959192891,0,0.21063598293693,0.21063598293693
abrupt,S_pretrained,"Shared, pretrained-frozen",S,pretrained,28,1,3,event,50,60,1,complete,100,100,0.167353313810009,0.462512742997617,0.480052773920019,0.0216587256655796,2.16587256655796,100,100,100,0.0881361920642287,0.0884114790023914,0.287487257002383,0.750749951148942,-0.363019677985196,0.594316968712299,0,0,0,0,0,0,0,NaN,NaN,NaN,0,100,100,0,3,3,0,0,6337.88523321802,26835.3621667205,13.516959192891,0,8.83265478228648,8.83265478228648
abrupt,S_pretrained,"Shared, pretrained-frozen",S,pretrained,28,1,3,late,90,100,1,complete,100,100,0.127325397634989,0.272740462550597,0.387618477684941,0.0163262970200252,1.63262970200252,100,100,100,0.0689771741649058,0.0697034912088477,0.327259537449403,0.499501958532697,-0.222337663120801,0.437042700029889,0,0,0,0,0,0,0,NaN,NaN,NaN,0,100,100,0,3,3,0,0,8883.95123085683,22221.4830800103,13.516959192891,0,8.83265478228648,8.83265478228648
abrupt,S_pretrained,"Shared, pretrained-frozen",S,pretrained,29,1,3,whole,0,120,1,complete,1200,1200,0.0974505676255897,0.608588002259728,0.411073277165342,0.0149029224996772,17.868604077113,1199,1200,1200,0.0474527196986644,0.0483387715021645,-0.569910889788204,0.76908414369136,-0.746008018288951,0.773229943320279,0,0,0,0,0,0,0,NaN,NaN,NaN,0,1150,1150,0,3,3,0,0,31.1489003576478,100938.132670959,13.5160416124088,0,6.64058378877935,8.69450148265862
abrupt,S_pretrained,"Shared, pretrained-frozen",S,pretrained,29,1,3,pre,30,40,1,complete,100,100,0.0748201417465807,0.608588002259728,0.547182483850481,0.0209460501086637,2.09460501086637,100,100,100,0.00762947911697922,0.0125229945854609,-0.569910889788204,0.108588002259728,-0.686823273501572,0.620694087425453,0,0,0,0,0,0,0,NaN,NaN,NaN,0,100,100,0,3,3,0,0,1802.8657698316,76988.5025427598,13.5160416124088,0,0.0393559294547956,0.0393559294547956
abrupt,S_pretrained,"Shared, pretrained-frozen",S,pretrained,29,1,3,event,50,60,1,complete,100,100,0.168304883013801,0.464776872890228,0.479614092968797,0.0208925794458011,2.08925794458011,100,100,100,0.0886392284446055,0.0881270891644848,0.285223127109772,0.754704246412289,-0.368746560846795,0.596915806779867,0,0,0,0,0,0,0,NaN,NaN,NaN,0,100,100,0,3,3,0,0,5292.02608379359,41401.9552293673,13.5160416124088,0,8.69450148265862,8.69450148265862
abrupt,S_pretrained,"Shared, pretrained-frozen",S,pretrained,29,1,3,late,90,100,1,complete,100,100,0.127051507860591,0.271910666663404,0.386539435522302,0.0170615648320377,1.70615648320377,100,100,100,0.0683850721379824,0.0697582612283291,0.328089333336596,0.496758291318899,-0.221188691656253,0.453674357781299,0,0,0,0,0,0,0,NaN,NaN,NaN,0,100,100,0,3,3,0,0,7773.56617063693,28782.6611048778,13.5160416124088,0,8.69450148265862,8.69450148265862
abrupt,S_pretrained,"Shared, pretrained-frozen",S,pretrained,30,1,3,whole,0,120,1,complete,1200,1200,0.0970735204607699,0.6,0.410822712128757,0.0155706773852243,18.669242184884,1199,1200,1200,0.0475485957936251,0.0485229295609614,-0.56165683938387,0.763058061099364,-0.746831521156185,0.780859434128218,0,0,0,0,0,0,0,NaN,NaN,NaN,0,1150,1150,0,3,3,0,0,31.3494682008773,85597.0916239279,13.595296133144,0,6.72346552319137,8.80206270900529
abrupt,S_pretrained,"Shared, pretrained-frozen",S,pretrained,30,1,3,pre,30,40,1,complete,100,100,0.0726177945203795,0.593507232463702,0.547175845446405,0.020831068496316,2.0831068496316,100,100,100,0.00745023111020064,0.0134710823650985,-0.56165683938387,0.0935072324637024,-0.687201864652311,0.609510894985508,0,0,0,0,0,0,0,NaN,NaN,NaN,0,100,100,0,3,3,0,0,2551.2988163844,85597.0916239279,13.595296133144,0,0.158561133751899,0.1585611337519
abrupt,S_pretrained,"Shared, pretrained-frozen",S,pretrained,30,1,3,event,50,60,1,complete,100,100,0.167391972449623,0.461648840325084,0.478424652100204,0.0215414992051723,2.15414992051723,100,100,100,0.0884126972653386,0.0882732570032673,0.288351159674916,0.748830891504028,-0.366001621592481,0.596719959879319,0,0,0,0,0,0,0,NaN,NaN,NaN,0,100,100,0,3,3,0,0,6233.48601859474,54637.0171822782,13.595296133144,0,8.80206270900529,8.80206270900529
abrupt,S_pretrained,"Shared, pretrained-frozen",S,pretrained,30,1,3,late,90,100,1,complete,100,100,0.127333750642771,0.268572086185993,0.38550795356106,0.0173572525088302,1.73572525088302,100,100,100,0.069577459159806,0.0691496608137007,0.331427913814007,0.501127013988398,-0.22517750111981,0.43588673693483,0,0,0,0,0,0,0,NaN,NaN,NaN,0,100,100,0,3,3,0,0,7505.82334279018,21189.4074077737,13.595296133144,0,8.80206270900529,8.80206270900529
abrupt,S_pretrained,"Shared, pretrained-frozen",S,pretrained,31,1,3,whole,0,120,1,complete,1200,1200,0.0977095952362262,0.606290195253432,0.410303177745587,0.0152803371164117,18.3211242025776,1199,1200,1200,0.0478259632731684,0.0487547511438513,-0.558378044640862,0.768259276428971,-0.742926344480763,0.770929378422439,0,0,0,0,0,0,0,NaN,NaN,NaN,0,1150,1150,0,3,3,0,0,32.622249856917,80964.6395466806,13.5994008850348,0,6.78414245117053,8.88011948153067
abrupt,S_pretrained,"Shared, pretrained-frozen",S,pretrained,31,1,3,pre,30,40,1,complete,100,100,0.0741904567533496,0.606290195253432,0.546062385111147,0.0216363459638904,2.16363459638904,100,100,100,0.00782467853118551,0.0135993871132383,-0.558378044640862,0.106290195253432,-0.687267050033375,0.61730922227656,0,0,0,0,0,0,0,NaN,NaN,NaN,0,100,100,0,3,3,0,0,2046.91221152322,80964.6395466806,13.5994008850348,0,0.244708614260097,0.244708614260097
abrupt,S_pretrained,"Shared, pretrained-frozen",S,pretrained,31,1,3,event,50,60,1,complete,100,100,0.168170017648476,0.460356311620795,0.479297755832343,0.0198932764358699,1.98932764358699,100,100,100,0.0884112184661905,0.0886666973452013,0.289643688379205,0.74965042332431,-0.363451212773812,0.598948508622321,0,0,0,0,0,0,0,NaN,NaN,NaN,0,100,100,0,3,3,0,0,6002.80204883224,48460.8795673714,13.5994008850348,0,8.88011948153067,8.88011948153067
abrupt,S_pretrained,"Shared, pretrained-frozen",S,pretrained,31,1,3,late,90,100,1,complete,100,100,0.128151187694039,0.268810719699743,0.386665511847569,0.0160422917355649,1.60422917355649,100,100,100,0.0694088351949501,0.0692595229988659,0.331189280300257,0.501965965019904,-0.223815389499862,0.444642821355906,0,0,0,0,0,0,0,NaN,NaN,NaN,0,100,100,0,3,3,0,0,8433.9147091565,22424.6831289101,13.5994008850348,0,8.88011948153067,8.88011948153067
abrupt,S_pretrained,"Shared, pretrained-frozen",S,pretrained,32,1,3,whole,0,120,1,complete,1200,1200,0.0967583628703998,0.608080509745687,0.412512543203488,0.0155239183969471,18.6131781579396,1199,1200,1200,0.0470478085889965,0.0480459226104934,-0.577945946682517,0.773192573717879,-0.754185765180109,0.774065840562886,0,0,0,0,0,0,0,NaN,NaN,NaN,0,1150,1150,0,3,3,0,0,30.8637058637343,83802.6020441182,13.5888681941466,0,6.5419282901597,8.56500373466675
abrupt,S_pretrained,"Shared, pretrained-frozen",S,pretrained,32,1,3,pre,30,40,1,complete,100,100,0.0748798880603586,0.608080509745687,0.549228563508177,0.0208139154960028,2.08139154960028,100,100,100,0.0074644112257492,0.0128687903634655,-0.577945946682517,0.108080509745687,-0.682740786600325,0.618202649503693,0,0,0,0,0,0,0,NaN,NaN,NaN,0,100,100,0,3,3,0,0,1776.76532164684,83802.6020441182,13.5888681941466,0,0.0968361700113931,0.0968361700113931
abrupt,S_pretrained,"Shared, pretrained-frozen",S,pretrained,32,1,3,event,50,60,1,complete,100,100,0.16573465776971,0.45752557285627,0.481312975359198,0.0208581370686995,2.08581370686995,100,100,100,0.0865522046555303,0.0879268802589751,0.29247442714373,0.734459149433258,-0.365123444282312,0.595741632696345,0,0,0,0,0,0,0,NaN,NaN,NaN,0,100,100,0,3,3,0,0,6566.56609786459,34280.4305212444,13.5888681941466,0,8.56500373466675,8.56500373466675
abrupt,S_pretrained,"Shared, pretrained-frozen",S,pretrained,32,1,3,late,90,100,1,complete,100,100,0.125805047826323,0.275178719152124,0.386987796020184,0.0173458079942675,1.73458079942675,100,100,100,0.0684698083809452,0.0676063359802949,0.324821280847876,0.506449692623925,-0.227736498201034,0.442747700621511,0,0,0,0,0,0,0,NaN,NaN,NaN,0,100,100,0,3,3,0,0,9399.64552929758,24492.0768142369,13.5888681941466,0,8.56500373466675,8.56500373466675
abrupt,S_pretrained,"Shared, pretrained-frozen",S,pretrained,33,1,3,whole,0,120,1,complete,1200,1200,0.0962600695307582,0.605272084721774,0.412803625287118,0.0153252920935118,18.3750252201206,1199,1200,1200,0.0470922468645109,0.0475296508375588,-0.575868346032933,0.769894778781604,-0.756460639747407,0.777814525588303,0,0,0,0,0,0,0,NaN,NaN,NaN,0,1150,1150,0,3,3,0,0,30.6838618462018,101257.993523768,13.6525632709881,0,6.57850613178885,8.61290205102969
abrupt,S_pretrained,"Shared, pretrained-frozen",S,pretrained,33,1,3,pre,30,40,1,complete,100,100,0.0752848239377727,0.605272084721774,0.550855512799817,0.0212118604846951,2.12118604846951,100,100,100,0.00861323438386551,0.0130794899626,-0.575868346032933,0.105272084721774,-0.696571105813785,0.620260616581435,0,0,0,0,0,0,0,NaN,NaN,NaN,0,100,100,0,3,3,0,0,1691.88945611212,101257.993523768,13.6525632709881,0,0.0962734931131338,0.0962734931131339
abrupt,S_pretrained,"Shared, pretrained-frozen",S,pretrained,33,1,3,event,50,60,1,complete,100,100,0.16586990276846,0.447733780970335,0.480997040262493,0.0222883556039425,2.22883556039425,100,100,100,0.0875214408541171,0.088143674896773,0.302266219029665,0.751760948555081,-0.366684417544099,0.597469765439092,0,0,0,0,0,0,0,NaN,NaN,NaN,0,100,100,0,3,3,0,0,5754.33939668798,47309.8723351555,13.6525632709881,0,8.61290205102969,8.61290205102969
abrupt,S_pretrained,"Shared, pretrained-frozen",S,pretrained,33,1,3,late,90,100,1,complete,100,100,0.125713111581084,0.259856047415236,0.386341381000935,0.0160756298317434,1.60756298317434,100,100,100,0.0688081424323962,0.067751415882227,0.340143952584764,0.499881488713912,-0.22275694070931,0.448414330110369,0,0,0,0,0,0,0,NaN,NaN,NaN,0,100,100,0,3,3,0,0,11786.5720248425,29513.5643555123,13.6525632709881,0,8.61290205102969,8.61290205102969
abrupt,S_pretrained,"Shared, pretrained-frozen",S,pretrained,34,1,3,whole,0,120,1,complete,1200,1200,0.0971545502559646,0.607222572953074,0.410284159201294,0.0155283605215105,18.618504265291,1199,1200,1200,0.0474380097998637,0.048336962388352,-0.574463330676501,0.761592538511621,-0.746097604068288,0.763063969548785,0,0,0,0,0,0,0,NaN,NaN,NaN,0,1150,1150,0,3,3,0,0,32.3675464917743,82588.0070860337,13.442290460918,0,6.58046686562907,8.61505670800123
abrupt,S_pretrained,"Shared, pretrained-frozen",S,pretrained,34,1,3,pre,30,40,1,complete,100,100,0.0755590444681798,0.607222572953074,0.546163924166876,0.0214487227139855,2.14487227139855,100,100,100,0.00827031167570368,0.013493987027961,-0.574463330676501,0.107222572953074,-0.682750554871297,0.618510432520047,0,0,0,0,0,0,0,NaN,NaN,NaN,0,100,100,0,3,3,0,0,1801.4444220682,82588.0070860337,13.442290460918,0,0.138647366486371,0.138647366486371
abrupt,S_pretrained,"Shared, pretrained-frozen",S,pretrained,34,1,3,event,50,60,1,complete,100,100,0.165610670132738,0.459595841713211,0.478338663758983,0.0203590978247243,2.03590978247243,100,100,100,0.0864886866145424,0.0871642982594415,0.290404158286789,0.751241399375376,-0.37058132689299,0.597911550195991,0,0,0,0,0,0,0,NaN,NaN,NaN,0,100,100,0,3,3,0,0,5869.82185359532,42945.875163304,13.442290460918,0,8.61505670800123,8.61505670800123
abrupt,S_pretrained,"Shared, pretrained-frozen",S,pretrained,34,1,3,late,90,100,1,complete,100,100,0.127639325741383,0.275915212198979,0.385980242701966,0.018219554538773,1.8219554538773,100,100,100,0.0692631732372378,0.0695588333147451,0.324084787801021,0.499986606410842,-0.217193427904528,0.460303845228495,0,0,0,0,0,0,0,NaN,NaN,NaN,0,100,100,0,3,3,0,0,10657.7009450698,25850.6899013573,13.442290460918,0,8.61505670800123,8.61505670800123
abrupt,S_pretrained,"Shared, pretrained-frozen",S,pretrained,35,1,3,whole,0,120,1,complete,1200,1200,0.0960100608846199,0.605546877448238,0.413352582603585,0.0152105842609212,18.2374905288445,1199,1200,1200,0.0469160831755974,0.0478083454216071,-0.581362028814911,0.774278207193494,-0.759787495517634,0.771131433470206,0,0,0,0,0,0,0,NaN,NaN,NaN,0,1150,1150,0,3,3,0,0,33.3564622035717,105431.223327457,13.7942419184614,0,6.78363745150411,8.87504843940358
abrupt,S_pretrained,"Shared, pretrained-frozen",S,pretrained,35,1,3,pre,30,40,1,complete,100,100,0.0748126935054871,0.605546877448238,0.551701138792766,0.0209348508572548,2.09348508572548,100,100,100,0.00905108019423712,0.0142123258140225,-0.581362028814911,0.105546877448238,-0.691416861271716,0.615256489212477,0,0,0,0,0,0,0,NaN,NaN,NaN,0,100,100,0,3,3,0,0,1697.08234106107,105431.223327457,13.7942419184614,0,0.41169194042899,0.41169194042899
abrupt,S_pretrained,"Shared, pretrained-frozen",S,pretrained,35,1,3,event,50,60,1,complete,100,100,0.165268767729393,0.454608671742405,0.481848522370235,0.021216972790658,2.1216972790658,100,100,100,0.0868088154146219,0.0879109070714303,0.295391328257595,0.752235439135913,-0.360446272679027,0.596237539851976,0,0,0,0,0,0,0,NaN,NaN,NaN,0,100,100,0,3,3,0,0,6681.21777518705,35895.8054082002,13.7942419184614,0,8.87504843940359,8.87504843940358
abrupt,S_pretrained,"Shared, pretrained-frozen",S,pretrained,35,1,3,late,90,100,1,complete,100,100,0.124934277182538,0.260313449488041,0.387840033710014,0.0166390095034117,1.66390095034117,100,100,100,0.0679468093645161,0.0686794405852487,0.339686550511959,0.497413373858875,-0.218496311693531,0.421359032355816,0,0,0,0,0,0,0,NaN,NaN,NaN,0,100,100,0,3,3,0,0,9165.79976103931,21962.9017711463,13.7942419184614,0,8.87504843940359,8.87504843940358
abrupt,S_pretrained,"Shared, pretrained-frozen",S,pretrained,36,1,3,whole,0,120,1,complete,1200,1200,0.0967923261587738,0.609522547500918,0.413502118951339,0.0152508866320717,18.2858130718539,1199,1200,1200,0.0470223062743053,0.0482754261868074,-0.573176508378567,0.774473484106205,-0.753382353250981,0.777487002255522,0,0,0,0,0,0,0,NaN,NaN,NaN,0,1150,1150,0,3,3,0,0,31.6061515763141,79373.6435537929,13.6848375295815,0,6.55116133037334,8.5769262941608
abrupt,S_pretrained,"Shared, pretrained-frozen",S,pretrained,36,1,3,pre,30,40,1,complete,100,100,0.0750078321671672,0.609522547500918,0.549935332805767,0.0216479068121653,2.16479068121653,100,100,100,0.00733505399412575,0.01316454771332,-0.573176508378567,0.109522547500918,-0.689859143110157,0.629380348702202,0,0,0,0,0,0,0,NaN,NaN,NaN,0,100,100,0,3,3,0,0,1614.44688335375,79373.6435537929,13.6848375295815,0,0.115693327966712,0.115693327966712
abrupt,S_pretrained,"Shared, pretrained-frozen",S,pretrained,36,1,3,event,50,60,1,complete,100,100,0.16455263016652,0.457799314846872,0.482310316140172,0.0204195411791698,2.04195411791698,100,100,100,0.0868032952805975,0.0867362412036149,0.292200685153128,0.749945606652646,-0.364930328353632,0.589890536178328,0,0,0,0,0,0,0,NaN,NaN,NaN,0,100,100,0,3,3,0,0,6248.32196413401,31089.5142491209,13.6848375295815,0,8.5769262941608,8.5769262941608
abrupt,S_pretrained,"Shared, pretrained-frozen",S,pretrained,36,1,3,late,90,100,1,complete,100,100,0.125242703249596,0.263278412006354,0.38974699473971,0.0164183318156308,1.64183318156308,100,100,100,0.0674386840167726,0.0691699326557889,0.336721587993646,0.496367323509067,-0.218690302530209,0.439295442281487,0,0,0,0,0,0,0,NaN,NaN,NaN,0,100,100,0,3,3,0,0,10010.9694433801,23336.9167858305,13.6848375295815,0,8.5769262941608,8.5769262941608
abrupt,S_pretrained,"Shared, pretrained-frozen",S,pretrained,37,1,3,whole,0,120,1,complete,1200,1200,0.0966421642072412,0.621260403507587,0.412999446230135,0.0154975510074485,18.5815636579308,1199,1200,1200,0.0469302565870186,0.0482576440184212,-0.581916060664921,0.777210849812882,-0.749778798524766,0.760359111749154,0,0,0,0,0,0,0,NaN,NaN,NaN,0,1150,1150,0,3,3,0,0,31.6227299998044,75577.4346367456,13.7361407322916,0,6.5857239550133,8.62239569804253
abrupt,S_pretrained,"Shared, pretrained-frozen",S,pretrained,37,1,3,pre,30,40,1,complete,100,100,0.0761927054020509,0.621260403507587,0.549686740791652,0.0218166198189855,2.18166198189855,100,100,100,0.00789092149367949,0.0133305517243748,-0.581916060664921,0.121260403507587,-0.691889329763715,0.629264186772648,0,0,0,0,0,0,0,NaN,NaN,NaN,0,100,100,0,3,3,0,0,1636.50830664189,64228.7049972783,13.7361407322916,0,0.0907382215775123,0.0907382215775123
abrupt,S_pretrained,"Shared, pretrained-frozen",S,pretrained,37,1,3,event,50,60,1,complete,100,100,0.163930004278303,0.462924606150065,0.481025178534173,0.0210820529953417,2.10820529953417,100,100,100,0.0854965877662099,0.0867826207787954,0.287075393849935,0.751743258677365,-0.364820342642543,0.599709392922299,0,0,0,0,0,0,0,NaN,NaN,NaN,0,100,100,0,3,3,0,0,6792.16310766838,43923.3510960553,13.7361407322916,0,8.62239569804253,8.62239569804253
abrupt,S_pretrained,"Shared, pretrained-frozen",S,pretrained,37,1,3,late,90,100,1,complete,100,100,0.12357656646172,0.259264477693296,0.38801582537813,0.0176797379110425,1.76797379110425,100,100,100,0.0660023935341938,0.0685164191119627,0.340735522306704,0.499436931235575,-0.214771213370694,0.457762254496133,0,0,0,0,0,0,0,NaN,NaN,NaN,0,100,100,0,3,3,0,0,8040.97129606999,22678.4079124179,13.7361407322916,0,8.62239569804253,8.62239569804253
abrupt,S_pretrained,"Shared, pretrained-frozen",S,pretrained,38,1,3,whole,0,120,1,complete,1200,1200,0.0968599871469105,0.605316809935375,0.410567508131422,0.015484515077678,18.5659335781359,1199,1200,1200,0.0472631813343981,0.0481495243479213,-0.571510039030948,0.770419062690565,-0.744398582368106,0.776683442861058,0,0,0,0,0,0,0,NaN,NaN,NaN,0,1150,1150,0,3,3,0,0,31.3203063337007,101319.113307513,13.5004096318553,0,6.65316092144273,8.71091360988829
abrupt,S_pretrained,"Shared, pretrained-frozen",S,pretrained,38,1,3,pre,30,40,1,complete,100,100,0.074921136513668,0.605316809935375,0.546749359491318,0.0204280924148123,2.04280924148123,100,100,100,0.00728538650496062,0.0114913609083768,-0.571510039030948,0.105316809935375,-0.692322856402392,0.618329244483638,0,0,0,0,0,0,0,NaN,NaN,NaN,0,100,100,0,3,3,0,0,1784.22613601244,96633.5612766932,13.5004096318553,0,0.0538359114195845,0.0538359114195845
abrupt,S_pretrained,"Shared, pretrained-frozen",S,pretrained,38,1,3,event,50,60,1,complete,100,100,0.166640583288443,0.466943604645247,0.479913291016553,0.021635021660741,2.1635021660741,100,100,100,0.0870190398611494,0.0882995306351921,0.283056395354753,0.752442622630912,-0.364965167147656,0.597021557537506,0,0,0,0,0,0,0,NaN,NaN,NaN,0,100,100,0,3,3,0,0,5352.67020753218,42535.5755715645,13.5004096318553,0,8.71091360988829,8.71091360988829
abrupt,S_pretrained,"Shared, pretrained-frozen",S,pretrained,38,1,3,late,90,100,1,complete,100,100,0.125239132464596,0.269412224030927,0.386395348212931,0.0187309340756864,1.87309340756864,100,100,100,0.067805103769422,0.0684313901793289,0.330587775969073,0.501250843015241,-0.225438974748731,0.456317799070238,0,0,0,0,0,0,0,NaN,NaN,NaN,0,100,100,0,3,3,0,0,8176.39265338987,20731.3914629507,13.5004096318553,0,8.71091360988829,8.71091360988829
abrupt,S_pretrained,"Shared, pretrained-frozen",S,pretrained,39,1,3,whole,0,120,1,complete,1200,1200,0.095794218473146,0.613955751209712,0.413256850127495,0.0154134803867448,18.480762983707,1199,1200,1200,0.046376077599777,0.0475552452214562,-0.56446980919557,0.768212526158506,-0.7502135761626,0.768920374668538,0,0,0,0,0,0,0,NaN,NaN,NaN,0,1150,1150,0,3,3,0,0,32.3985741885796,82832.0220219567,13.7006650700032,0,6.55676668536022,8.58427314862016
abrupt,S_pretrained,"Shared, pretrained-frozen",S,pretrained,39,1,3,pre,30,40,1,complete,100,100,0.0760641196536243,0.613955751209712,0.550871898468981,0.0214049641304457,2.14049641304457,100,100,100,0.00825681080306864,0.0125859804033074,-0.56446980919557,0.113955751209712,-0.700214998140924,0.62488927842881,0,0,0,0,0,0,0,NaN,NaN,NaN,0,100,100,0,3,3,0,0,1894.68294973662,78382.5550871019,13.7006650700032,0,0.114938213096383,0.114938213096383
abrupt,S_pretrained,"Shared, pretrained-frozen",S,pretrained,39,1,3,event,50,60,1,complete,100,100,0.164148610133234,0.454642334308986,0.481615949796256,0.0215696340742687,2.15696340742687,100,100,100,0.0863050608751123,0.0866026449744176,0.295357665691014,0.750287004602855,-0.364588018346053,0.597284014195775,0,0,0,0,0,0,0,NaN,NaN,NaN,0,100,100,0,3,3,0,0,8048.59813786239,34478.4355351946,13.7006650700032,0,8.58427314862016,8.58427314862016
abrupt,S_pretrained,"Shared, pretrained-frozen",S,pretrained,39,1,3,late,90,100,1,complete,100,100,0.1256350357166,0.267263917587803,0.388670175686839,0.0167286078964482,1.67286078964482,100,100,100,0.0679448309553658,0.0681444823766485,0.332736082412197,0.49586127648364,-0.22090031458154,0.454422675827227,0,0,0,0,0,0,0,NaN,NaN,NaN,0,100,100,0,3,3,0,0,10862.0854390695,20262.4815832228,13.7006650700032,0,8.58427314862016,8.58427314862016
abrupt,S_pretrained,"Shared, pretrained-frozen",S,pretrained,40,1,3,whole,0,120,1,complete,1200,1200,0.097140919552336,0.609192929445421,0.412205666642286,0.0150128370098389,18.0003915747969,1199,1200,1200,0.0476677429348071,0.0483435034582364,-0.568014839989683,0.768487998147209,-0.744191592893333,0.767089842546567,0,0,0,0,0,0,0,NaN,NaN,NaN,0,1150,1150,0,3,3,0,0,31.8283512717245,122688.141886269,13.6095268335718,0,6.75635891921005,8.84288949284066
abrupt,S_pretrained,"Shared, pretrained-frozen",S,pretrained,40,1,3,pre,30,40,1,complete,100,100,0.0752369996331616,0.609192929445421,0.548859771148822,0.0201469163397134,2.01469163397134,100,100,100,0.00736978840856362,0.0113683420804412,-0.568014839989683,0.109192929445421,-0.687601672539611,0.608352717218031,0,0,0,0,0,0,0,NaN,NaN,NaN,0,100,100,0,3,3,0,0,2491.0437758258,122688.141886269,13.6095268335718,0,0.284171801601929,0.284171801601929
abrupt,S_pretrained,"Shared, pretrained-frozen",S,pretrained,40,1,3,event,50,60,1,complete,100,100,0.165289161273259,0.452350332214455,0.479058647426464,0.0215721425341294,2.15721425341294,100,100,100,0.0873102564745794,0.0878516528173212,0.297649667785545,0.760013481657245,-0.361102595563233,0.597628069068209,0,0,0,0,0,0,0,NaN,NaN,NaN,0,100,100,0,3,3,0,0,8489.52023833257,31502.9379769977,13.6095268335718,0,8.84288949284066,8.84288949284066
abrupt,S_pretrained,"Shared, pretrained-frozen",S,pretrained,40,1,3,late,90,100,1,complete,100,100,0.126963632881421,0.261929770676757,0.387110703789508,0.017153046006211,1.7153046006211,100,100,100,0.0690593353355465,0.069484387622501,0.338070229323243,0.506143411511814,-0.227309040937396,0.442211240637214,0,0,0,0,0,0,0,NaN,NaN,NaN,0,100,100,0,3,3,0,0,7130.22920080654,28434.6292856224,13.6095268335718,0,8.84288949284066,8.84288949284066
abrupt,S_prior,"Shared, prior-frozen",S,prior,0,0,3,whole,0,120,1,complete,1200,1200,0.461503062540775,0.998560964633792,0.763970271368521,0.0096513199230957,11.5719325877917,1199,1200,1200,0.274475986840194,0.274475986840194,-0.827586186700745,1.74856096463379,-0.999999993234196,0.999999998997819,0.548560964633792,388,0,0,0,0,0,NaN,NaN,NaN,0,1150,1150,0,1,3,741,0.644347826086957,37.2806014371865,Inf,1,0,11.7650612691421,9.29157324317757
abrupt,S_prior,"Shared, prior-frozen",S,prior,0,0,3,pre,30,40,1,complete,100,100,0.329544098607745,0.733992840275571,0.968942078675313,0.0174999996752392,1.74999996752392,100,100,100,0.230048723136544,0.230048723136544,-0.827586186700745,0.233992840275571,-0.999999967936161,0.749999999587762,0,0,0,0,0,0,0,NaN,NaN,NaN,0,100,100,0,1,3,93,0.93,8356.27707666269,Inf,1,0,14.5373083249044,14.5373083249044
abrupt,S_prior,"Shared, prior-frozen",S,prior,0,0,3,event,50,60,1,complete,100,100,0.569629117719967,0.891548927808603,0.965674868260641,0.0126666916884888,1.26666916884888,100,100,100,0.297842103619529,0.297842103619529,0.811792738570231,1.6415489278086,-2.39651135736419e-08,0.999999977960556,0.441548927808603,98,0,0,0,0,0,NaN,NaN,NaN,0,100,100,0,1,3,36,0.36,56037.4278984492,Inf,1,0,9.29157324317757,9.29157324317757
abrupt,S_prior,"Shared, prior-frozen",S,prior,0,0,3,late,90,100,1,complete,100,100,0.385481369636746,0.425158744285398,0.773979497724486,0.00772962941028712,0.772962941028712,100,100,100,0.229668132013456,0.229668132013456,0.786463747603787,1.0251587442854,0.107767065293224,0.830610621750311,0,0,0,0,0,0,0,NaN,NaN,NaN,0,100,100,0,1,3,93,0.93,122858.371986186,Inf,1,0,9.29157324317757,9.29157324317757
abrupt,K,"Known model",K,known,0,0,0,whole,0,120,1,complete,1200,1200,0.0520374337066423,0.610542240652279,0.478726723197105,0.00834107507584681,10.0009490159403,1199,1200,1200,5.87945874118702e-17,5.87945874118702e-17,-0.57194012757205,0.81824352100922,-0.88054850384452,0.864485341635986,0,0,0,0,0,0,0,NaN,NaN,NaN,0,0,0,0,NaN,NaN,0,NaN,NaN,NaN,NaN,0,NaN,NaN
abrupt,K,"Known model",K,known,0,0,0,pre,30,40,1,complete,100,100,0.0750313051306961,0.610542240652279,0.547527522405778,0.0147300280904721,1.47300280904721,100,100,100,6.30485480024342e-17,6.30485480024342e-17,-0.57194012757205,0.110542240652279,-0.689652441705812,0.622093260329003,0,0,0,0,0,0,0,NaN,NaN,NaN,0,0,0,0,NaN,NaN,0,NaN,NaN,NaN,NaN,0,NaN,NaN
abrupt,K,"Known model",K,known,0,0,0,event,50,60,1,complete,100,100,0.0500911668829608,0.42533662559957,0.605955618390401,0.0155964740571137,1.55964740571137,100,100,100,7.53501259192947e-17,7.53501259192947e-17,0.32466337440043,0.81824352100922,-0.380548513285499,0.739727747163696,0,0,0,0,0,0,0,NaN,NaN,NaN,0,0,0,0,NaN,NaN,0,NaN,NaN,NaN,NaN,0,NaN,NaN
abrupt,K,"Known model",K,known,0,0,0,late,90,100,1,complete,100,100,0.0219950432066625,0.208305803143295,0.490770439014388,0.0082702949097609,0.82702949097609,100,100,100,6.87195767131718e-17,6.87195767131718e-17,0.391694196856705,0.628941279896483,-0.221439372673866,0.548203164648452,0,0,0,0,0,0,0,NaN,NaN,NaN,0,0,0,0,NaN,NaN,0,NaN,NaN,NaN,NaN,0,NaN,NaN
abrupt,K,"Known model",K,known,1,1,0,whole,0,120,1,complete,1200,1200,0.0523069204677276,0.6,0.478953047805778,0.017405281265754,20.8689322376391,1199,1200,1200,0.00839694471389876,0.0133092631572426,-0.569903153352467,0.83195129324724,-0.880531428571439,0.866455483118662,0,0,0,0,0,0,0,NaN,NaN,NaN,0,0,0,0,NaN,NaN,0,NaN,NaN,NaN,NaN,0,NaN,NaN
abrupt,K,"Known model",K,known,1,1,0,pre,30,40,1,complete,100,100,0.0733761814863676,0.597729107456397,0.547247020554939,0.0209524181421774,2.09524181421774,100,100,100,0.00782442254554503,0.0124126137032095,-0.569903153352467,0.0977291074563972,-0.689385800506269,0.611872719944814,0,0,0,0,0,0,0,NaN,NaN,NaN,0,0,0,0,NaN,NaN,0,NaN,NaN,NaN,NaN,0,NaN,NaN
abrupt,K,"Known model",K,known,1,1,0,event,50,60,1,complete,100,100,0.0502126285010164,0.416691911849015,0.606782833455312,0.0255674551897619,2.55674551897619,100,100,100,0.00912876781141055,0.0127603543751661,0.333308088150985,0.83195129324724,-0.380531437851782,0.735954354355716,0,0,0,0,0,0,0,NaN,NaN,NaN,0,0,0,0,NaN,NaN,0,NaN,NaN,NaN,NaN,0,NaN,NaN
abrupt,K,"Known model",K,known,1,1,0,late,90,100,1,complete,100,100,0.0221109292298129,0.19715940249265,0.490867184095991,0.0190558556419609,1.90558556419609,100,100,100,0.0097336938247987,0.0130778804192218,0.40284059750735,0.63201089363386,-0.218838188086259,0.557727601803782,0,0,0,0,0,0,0,NaN,NaN,NaN,0,0,0,0,NaN,NaN,0,NaN,NaN,NaN,NaN,0,NaN,NaN
abrupt,K,"Known model",K,known,2,1,0,whole,0,120,1,complete,1200,1200,0.052346298589806,0.6041512160447,0.478579171202712,0.0167871825882316,20.1278319232896,1199,1200,1200,0.00803564849781294,0.0124534906616152,-0.574280012946158,0.813315922796118,-0.881495937556026,0.858833475267548,0,0,0,0,0,0,0,NaN,NaN,NaN,0,0,0,0,NaN,NaN,0,NaN,NaN,NaN,NaN,0,NaN,NaN
abrupt,K,"Known model",K,known,2,1,0,pre,30,40,1,complete,100,100,0.0745678950704875,0.6041512160447,0.54587030629361,0.0195547354535562,1.95547354535562,100,100,100,0.00622705074268967,0.0100514564724123,-0.574280012946158,0.1041512160447,-0.679519808556178,0.619270377887377,0,0,0,0,0,0,0,NaN,NaN,NaN,0,0,0,0,NaN,NaN,0,NaN,NaN,NaN,NaN,0,NaN,NaN
abrupt,K,"Known model",K,known,2,1,0,event,50,60,1,complete,100,100,0.0518180663401143,0.437134315718741,0.607757277554802,0.0266223058584041,2.66223058584041,100,100,100,0.00826300613018496,0.0130577013778253,0.312865684281259,0.813315922796118,-0.381495948370525,0.759063628488226,0,0,0,0,0,0,0,NaN,NaN,NaN,0,0,0,0,NaN,NaN,0,NaN,NaN,NaN,NaN,0,NaN,NaN
abrupt,K,"Known model",K,known,2,1,0,late,90,100,1,complete,100,100,0.0236657402202779,0.211829203236441,0.491266834723797,0.0176505547348734,1.76505547348734,100,100,100,0.00847817242911942,0.0112784247753619,0.388170796763559,0.61847220711927,-0.216430804823862,0.564779325017727,0,0,0,0,0,0,0,NaN,NaN,NaN,0,0,0,0,NaN,NaN,0,NaN,NaN,NaN,NaN,0,NaN,NaN
abrupt,K,"Known model",K,known,3,1,0,whole,0,120,1,complete,1200,1200,0.0526312200672018,0.616050799329194,0.47865852301315,0.0172989646581005,20.7414586250625,1199,1200,1200,0.00843674678705198,0.0131192849496524,-0.570806379165055,0.807635536871142,-0.880752621492917,0.85936054854127,0,0,0,0,0,0,0,NaN,NaN,NaN,0,0,0,0,NaN,NaN,0,NaN,NaN,NaN,NaN,0,NaN,NaN
abrupt,K,"Known model",K,known,3,1,0,pre,30,40,1,complete,100,100,0.0758156883150079,0.616050799329194,0.548153723861218,0.0205032036590017,2.05032036590017,100,100,100,0.00741318953886503,0.0117614634427291,-0.570806379165055,0.116050799329194,-0.689859301369528,0.622696414787061,0,0,0,0,0,0,0,NaN,NaN,NaN,0,0,0,0,NaN,NaN,0,NaN,NaN,NaN,NaN,0,NaN,NaN
abrupt,K,"Known model",K,known,3,1,0,event,50,60,1,complete,100,100,0.0509656867185721,0.430070978409679,0.606448159736496,0.0280632852217907,2.80632852217907,100,100,100,0.00963671400911486,0.0149472413076745,0.319929021590321,0.807635536871142,-0.380752631198385,0.741217393351134,0,0,0,0,0,0,0,NaN,NaN,NaN,0,0,0,0,NaN,NaN,0,NaN,NaN,NaN,NaN,0,NaN,NaN
abrupt,K,"Known model",K,known,3,1,0,late,90,100,1,complete,100,100,0.0228786869541307,0.206292653488423,0.489302175535178,0.0194303602998128,1.94303602998128,100,100,100,0.00896365612445165,0.0142702237747939,0.393707346511577,0.635459951839262,-0.21773804327541,0.543456345689493,0,0,0,0,0,0,0,NaN,NaN,NaN,0,0,0,0,NaN,NaN,0,NaN,NaN,NaN,NaN,0,NaN,NaN
abrupt,K,"Known model",K,known,4,1,0,whole,0,120,1,complete,1200,1200,0.0526515126833075,0.613508708627885,0.478858612034928,0.0173522817553303,20.8053858246411,1199,1200,1200,0.00784138856804554,0.0128271377049696,-0.570725537467621,0.826671985062859,-0.881274870553884,0.86609937723719,0,0,0,0,0,0,0,NaN,NaN,NaN,0,0,0,0,NaN,NaN,0,NaN,NaN,NaN,NaN,0,NaN,NaN
abrupt,K,"Known model",K,known,4,1,0,pre,30,40,1,complete,100,100,0.0756007919719262,0.613508708627885,0.547950155772391,0.021258424165729,2.1258424165729,100,100,100,0.00761267185443932,0.0121807432133076,-0.570725537467621,0.113508708627885,-0.692813404792546,0.619009987264584,0,0,0,0,0,0,0,NaN,NaN,NaN,0,0,0,0,NaN,NaN,0,NaN,NaN,NaN,NaN,0,NaN,NaN
abrupt,K,"Known model",K,known,4,1,0,event,50,60,1,complete,100,100,0.0499974161366577,0.416699319931121,0.605833558405584,0.0267013354685516,2.67013354685516,100,100,100,0.00884932910659175,0.0136477577676816,0.333300680068879,0.826671985062859,-0.381274879544595,0.752969366597589,0,0,0,0,0,0,0,NaN,NaN,NaN,0,0,0,0,NaN,NaN,0,NaN,NaN,NaN,NaN,0,NaN,NaN
abrupt,K,"Known model",K,known,4,1,0,late,90,100,1,complete,100,100,0.0236673702636607,0.216168005436137,0.489498988258487,0.0176126285109224,1.76126285109224,100,100,100,0.00795807365016849,0.0122408239667057,0.383831994563863,0.617763859032835,-0.218416735744744,0.544947495989085,0,0,0,0,0,0,0,NaN,NaN,NaN,0,0,0,0,NaN,NaN,0,NaN,NaN,NaN,NaN,0,NaN,NaN
abrupt,K,"Known model",K,known,5,1,0,whole,0,120,1,complete,1200,1200,0.0524487071633234,0.609248465836334,0.478891483630008,0.0172085292767324,20.6330266028022,1199,1200,1200,0.0081479315309366,0.0131014997122548,-0.573817148305145,0.820006631459803,-0.88137304135507,0.857655069499531,0,0,0,0,0,0,0,NaN,NaN,NaN,0,0,0,0,NaN,NaN,0,NaN,NaN,NaN,NaN,0,NaN,NaN
abrupt,K,"Known model",K,known,5,1,0,pre,30,40,1,complete,100,100,0.075507552981445,0.609248465836334,0.5469412843002,0.0209334644703027,2.09334644703027,100,100,100,0.00788717161042624,0.0124422010412634,-0.573817148305145,0.109248465836334,-0.690968657124387,0.621088199594942,0,0,0,0,0,0,0,NaN,NaN,NaN,0,0,0,0,NaN,NaN,0,NaN,NaN,NaN,NaN,0,NaN,NaN
abrupt,K,"Known model",K,known,5,1,0,event,50,60,1,complete,100,100,0.0514747766172018,0.432482765367855,0.605921123310012,0.0264831160564509,2.64831160564509,100,100,100,0.00858646314752386,0.0133829108720398,0.317517234632145,0.820006631459803,-0.381373051168934,0.748589663948108,0,0,0,0,0,0,0,NaN,NaN,NaN,0,0,0,0,NaN,NaN,0,NaN,NaN,NaN,NaN,0,NaN,NaN
abrupt,K,"Known model",K,known,5,1,0,late,90,100,1,complete,100,100,0.0246175271703047,0.216302358883292,0.492101958935873,0.0177145881801159,1.77145881801159,100,100,100,0.00852755229406963,0.0123460399092263,0.383697641116708,0.635550247224506,-0.220543624036527,0.531288118438054,0,0,0,0,0,0,0,NaN,NaN,NaN,0,0,0,0,NaN,NaN,0,NaN,NaN,NaN,NaN,0,NaN,NaN
abrupt,K,"Known model",K,known,6,1,0,whole,0,120,1,complete,1200,1200,0.0525735843242177,0.606999119440636,0.478348679430792,0.0169662831735088,20.3425735250371,1199,1200,1200,0.00819057332801635,0.0129502910362224,-0.56841506980337,0.818583722137185,-0.880289536641439,0.856569069165926,0,0,0,0,0,0,0,NaN,NaN,NaN,0,0,0,0,NaN,NaN,0,NaN,NaN,NaN,NaN,0,NaN,NaN
abrupt,K,"Known model",K,known,6,1,0,pre,30,40,1,complete,100,100,0.0744887594789287,0.606999119440636,0.548054153185942,0.0212556206784349,2.12556206784349,100,100,100,0.00712444587447114,0.0124472071225278,-0.56841506980337,0.106999119440636,-0.681372440870791,0.624170415294277,0,0,0,0,0,0,0,NaN,NaN,NaN,0,0,0,0,NaN,NaN,0,NaN,NaN,NaN,NaN,0,NaN,NaN
abrupt,K,"Known model",K,known,6,1,0,event,50,60,1,complete,100,100,0.0501439053982324,0.422793523145744,0.6059141238934,0.0253767005019416,2.53767005019416,100,100,100,0.00809518839538207,0.0124150019893435,0.327206476854256,0.818583722137185,-0.380289545338364,0.740623286369503,0,0,0,0,0,0,0,NaN,NaN,NaN,0,0,0,0,NaN,NaN,0,NaN,NaN,NaN,NaN,0,NaN,NaN
abrupt,K,"Known model",K,known,6,1,0,late,90,100,1,complete,100,100,0.0220775899731774,0.198972129143078,0.490406384991103,0.0190044292758888,1.90044292758888,100,100,100,0.00859205553382944,0.0140802179282994,0.401027870856922,0.63121891952037,-0.215794330156219,0.538342613946349,0,0,0,0,0,0,0,NaN,NaN,NaN,0,0,0,0,NaN,NaN,0,NaN,NaN,NaN,NaN,0,NaN,NaN
abrupt,K,"Known model",K,known,7,1,0,whole,0,120,1,complete,1200,1200,0.052249986881458,0.610305539024633,0.478856534960231,0.0170668281632735,20.4631269677649,1199,1200,1200,0.00813454691642408,0.012817473030655,-0.578546253564278,0.820823884341389,-0.880647900209388,0.86481289567349,0,0,0,0,0,0,0,NaN,NaN,NaN,0,0,0,0,NaN,NaN,0,NaN,NaN,NaN,NaN,0,NaN,NaN
abrupt,K,"Known model",K,known,7,1,0,pre,30,40,1,complete,100,100,0.0750465008694585,0.610305539024633,0.547834068731117,0.0212896338109444,2.12896338109444,100,100,100,0.00780506406103566,0.0121418305936266,-0.578546253564278,0.110305539024633,-0.691033037902742,0.614768599478828,0,0,0,0,0,0,0,NaN,NaN,NaN,0,0,0,0,NaN,NaN,0,NaN,NaN,NaN,NaN,0,NaN,NaN
abrupt,K,"Known model",K,known,7,1,0,event,50,60,1,complete,100,100,0.0499666711330146,0.415724593979462,0.605149508319843,0.0254781049435341,2.54781049435341,100,100,100,0.00929822005302367,0.0136019513461994,0.334275406020538,0.820823884341389,-0.380647909085946,0.737670478897343,0,0,0,0,0,0,0,NaN,NaN,NaN,0,0,0,0,NaN,NaN,0,NaN,NaN,NaN,NaN,0,NaN,NaN
abrupt,K,"Known model",K,known,7,1,0,late,90,100,1,complete,100,100,0.024052525498581,0.215822186268955,0.491012096215556,0.0187941544244372,1.87941544244372,100,100,100,0.00816647539521308,0.0128958400675793,0.384177813731045,0.628800867739767,-0.220419914334239,0.548342832160768,0,0,0,0,0,0,0,NaN,NaN,NaN,0,0,0,0,NaN,NaN,0,NaN,NaN,NaN,NaN,0,NaN,NaN
abrupt,K,"Known model",K,known,8,1,0,whole,0,120,1,complete,1200,1200,0.0528702398644821,0.632720457113366,0.479001254903758,0.0171935178359816,20.6150278853419,1199,1200,1200,0.00802367341921757,0.012790330215894,-0.577922200225599,0.824562982096008,-0.880886839900817,0.869435587396796,0,0,0,0,0,0,0,NaN,NaN,NaN,0,0,0,0,NaN,NaN,0,NaN,NaN,NaN,NaN,0,NaN,NaN
abrupt,K,"Known model",K,known,8,1,0,pre,30,40,1,complete,100,100,0.0782316618614786,0.632720457113366,0.546976534778902,0.0209075545906041,2.09075545906041,100,100,100,0.00703737891669525,0.0125190588668413,-0.577922200225599,0.132720457113366,-0.691087579455973,0.627900867536457,0,0,0,0,0,0,0,NaN,NaN,NaN,0,0,0,0,NaN,NaN,0,NaN,NaN,NaN,NaN,0,NaN,NaN
abrupt,K,"Known model",K,known,8,1,0,event,50,60,1,complete,100,100,0.051912688366463,0.43457175412766,0.606181664124078,0.0255536428018974,2.55536428018974,100,100,100,0.00824617067451646,0.0127777773235664,0.31542824587234,0.824562982096008,-0.380886849480422,0.738690908282645,0,0,0,0,0,0,0,NaN,NaN,NaN,0,0,0,0,NaN,NaN,0,NaN,NaN,NaN,NaN,0,NaN,NaN
abrupt,K,"Known model",K,known,8,1,0,late,90,100,1,complete,100,100,0.0229573289119549,0.20564178668522,0.491496137320388,0.0184858989121478,1.84858989121478,100,100,100,0.00873754317468889,0.0125652813542976,0.39435821331478,0.637506705343357,-0.222295873004722,0.540298406667083,0,0,0,0,0,0,0,NaN,NaN,NaN,0,0,0,0,NaN,NaN,0,NaN,NaN,NaN,NaN,0,NaN,NaN
abrupt,K,"Known model",K,known,9,1,0,whole,0,120,1,complete,1200,1200,0.0524947606996051,0.6,0.478822477955414,0.0172232422112201,20.6506674112528,1199,1200,1200,0.00815410150174029,0.0130249162390605,-0.57089003251009,0.834607593680253,-0.880985655320709,0.857589092976821,0,0,0,0,0,0,0,NaN,NaN,NaN,0,0,0,0,NaN,NaN,0,NaN,NaN,NaN,NaN,0,NaN,NaN
abrupt,K,"Known model",K,known,9,1,0,pre,30,40,1,complete,100,100,0.0738867808977302,0.598794172102822,0.547335648971659,0.0210633427727538,2.10633427727538,100,100,100,0.00693954284702722,0.0132001054798254,-0.57089003251009,0.0987941721028219,-0.700128891094425,0.621364270035128,0,0,0,0,0,0,0,NaN,NaN,NaN,0,0,0,0,NaN,NaN,0,NaN,NaN,NaN,NaN,0,NaN,NaN
abrupt,K,"Known model",K,known,9,1,0,event,50,60,1,complete,100,100,0.0512717694133944,0.429627746664155,0.60626672338007,0.0254191449328707,2.54191449328707,100,100,100,0.00897264999513588,0.0126494338186928,0.320372253335845,0.834607593680253,-0.380985664628136,0.743840029601101,0,0,0,0,0,0,0,NaN,NaN,NaN,0,0,0,0,NaN,NaN,0,NaN,NaN,NaN,NaN,0,NaN,NaN
abrupt,K,"Known model",K,known,9,1,0,late,90,100,1,complete,100,100,0.0218826841533379,0.196518833283815,0.492064866251863,0.0189910889754724,1.89910889754724,100,100,100,0.00837895519421992,0.0128939507766969,0.403481166716185,0.630288961101396,-0.216552620025505,0.540991792629668,0,0,0,0,0,0,0,NaN,NaN,NaN,0,0,0,0,NaN,NaN,0,NaN,NaN,NaN,NaN,0,NaN,NaN
abrupt,K,"Known model",K,known,10,1,0,whole,0,120,1,complete,1200,1200,0.0524412351885229,0.617953724306506,0.478775645258116,0.0172738845184482,20.7113875376194,1199,1200,1200,0.0082621870460369,0.01311020538006,-0.563761549271674,0.831402191402689,-0.880623473900568,0.871749846107302,0,0,0,0,0,0,0,NaN,NaN,NaN,0,0,0,0,NaN,NaN,0,NaN,NaN,NaN,NaN,0,NaN,NaN
abrupt,K,"Known model",K,known,10,1,0,pre,30,40,1,complete,100,100,0.0751732580303064,0.617953724306506,0.547281610980803,0.0209381190689796,2.09381190689796,100,100,100,0.00767423226169428,0.0125700129142758,-0.563761549271674,0.117953724306506,-0.690269633106914,0.62803588673143,0,0,0,0,0,0,0,NaN,NaN,NaN,0,0,0,0,NaN,NaN,0,NaN,NaN,NaN,NaN,0,NaN,NaN
abrupt,K,"Known model",K,known,10,1,0,event,50,60,1,complete,100,100,0.0503716275851148,0.42173961157004,0.607137808319108,0.0242630380423985,2.42630380423985,100,100,100,0.00792517654796654,0.0110543976582619,0.32826038842996,0.831402191402689,-0.38062348343327,0.743370519642957,0,0,0,0,0,0,0,NaN,NaN,NaN,0,0,0,0,NaN,NaN,0,NaN,NaN,NaN,NaN,0,NaN,NaN
abrupt,K,"Known model",K,known,10,1,0,late,90,100,1,complete,100,100,0.0229694886219942,0.21128398372349,0.491062193411581,0.0197873927784454,1.97873927784454,100,100,100,0.00852443582767559,0.0144569993646015,0.38871601627651,0.624938573537111,-0.220208477722747,0.537821897797066,0,0,0,0,0,0,0,NaN,NaN,NaN,0,0,0,0,NaN,NaN,0,NaN,NaN,NaN,NaN,0,NaN,NaN
abrupt,K,"Known model",K,known,11,1,0,whole,0,120,1,complete,1200,1200,0.052319766919026,0.606873982546136,0.478545815490257,0.0172374756416365,20.6677332943221,1199,1200,1200,0.00828464619790349,0.0129869082571901,-0.572505275452677,0.810967436645975,-0.880430999545314,0.872713235620037,0,0,0,0,0,0,0,NaN,NaN,NaN,0,0,0,0,NaN,NaN,0,NaN,NaN,NaN,NaN,0,NaN,NaN
abrupt,K,"Known model",K,known,11,1,0,pre,30,40,1,complete,100,100,0.0748885345268016,0.606873982546136,0.547053195792222,0.0204821368201118,2.04821368201118,100,100,100,0.00660095316494022,0.011406035219149,-0.572505275452677,0.106873982546136,-0.69117967935756,0.622106462355655,0,0,0,0,0,0,0,NaN,NaN,NaN,0,0,0,0,NaN,NaN,0,NaN,NaN,NaN,NaN,0,NaN,NaN
abrupt,K,"Known model",K,known,11,1,0,event,50,60,1,complete,100,100,0.0490300959949659,0.415727003785409,0.605193928214195,0.0256043315724148,2.56043315724148,100,100,100,0.00774141096383446,0.0134271956460553,0.334272996214591,0.810967436645975,-0.38043101014193,0.736890886747608,0,0,0,0,0,0,0,NaN,NaN,NaN,0,0,0,0,NaN,NaN,0,NaN,NaN,NaN,NaN,0,NaN,NaN
abrupt,K,"Known model",K,known,11,1,0,late,90,100,1,complete,100,100,0.023137113537673,0.206231090310872,0.491498391409179,0.0213123551277627,2.13123551277627,100,100,100,0.0103768238746172,0.0153387545354641,0.393768909689128,0.627823362407513,-0.220453862059233,0.546748938372055,0,0,0,0,0,0,0,NaN,NaN,NaN,0,0,0,0,NaN,NaN,0,NaN,NaN,NaN,NaN,0,NaN,NaN
abrupt,K,"Known model",K,known,12,1,0,whole,0,120,1,complete,1200,1200,0.0523819103728979,0.600051683257507,0.478735131977836,0.0168700517311784,20.2271920256829,1199,1200,1200,0.00784022432248531,0.0124175444165817,-0.570853457446085,0.819035799517737,-0.879507632072506,0.863142114265464,0,0,0,0,0,0,0,NaN,NaN,NaN,0,0,0,0,NaN,NaN,0,NaN,NaN,NaN,NaN,0,NaN,NaN
abrupt,K,"Known model",K,known,12,1,0,pre,30,40,1,complete,100,100,0.0743001853587367,0.600051683257507,0.547899012565976,0.0206484448416624,2.06484448416624,100,100,100,0.00808340421325496,0.0123896471723609,-0.570853457446085,0.100051683257507,-0.691661614380559,0.613611387988002,0,0,0,0,0,0,0,NaN,NaN,NaN,0,0,0,0,NaN,NaN,0,NaN,NaN,NaN,NaN,0,NaN,NaN
abrupt,K,"Known model",K,known,12,1,0,event,50,60,1,complete,100,100,0.0508559633777417,0.425735486416008,0.606464096295837,0.0259130340245982,2.59130340245982,100,100,100,0.00873895015731731,0.0139718255917245,0.324264513583992,0.819035799517737,-0.379507641401767,0.729551996259776,0,0,0,0,0,0,0,NaN,NaN,NaN,0,0,0,0,NaN,NaN,0,NaN,NaN,NaN,NaN,0,NaN,NaN
abrupt,K,"Known model",K,known,12,1,0,late,90,100,1,complete,100,100,0.0224152390298718,0.203945282566711,0.491044341387103,0.0182668875205159,1.82668875205159,100,100,100,0.00715901960983173,0.0121239208190603,0.396054717433289,0.629382450593582,-0.220657170146305,0.558318680595178,0,0,0,0,0,0,0,NaN,NaN,NaN,0,0,0,0,NaN,NaN,0,NaN,NaN,NaN,NaN,0,NaN,NaN
abrupt,K,"Known model",K,known,13,1,0,whole,0,120,1,complete,1200,1200,0.0525618588926687,0.625491695093857,0.478943800175051,0.0173323643989554,20.7815049143475,1199,1200,1200,0.00806389477576129,0.0128374742895663,-0.575193610975123,0.80885322794609,-0.879244261994548,0.864143696335851,0,0,0,0,0,0,0,NaN,NaN,NaN,0,0,0,0,NaN,NaN,0,NaN,NaN,NaN,NaN,0,NaN,NaN
abrupt,K,"Known model",K,known,13,1,0,pre,30,40,1,complete,100,100,0.0771570188062336,0.625491695093857,0.548186460297983,0.0206286392419528,2.06286392419528,100,100,100,0.00658619684742786,0.0111408673708133,-0.575193610975123,0.125491695093857,-0.694707231107016,0.626666966059916,0,0,0,0,0,0,0,NaN,NaN,NaN,0,0,0,0,NaN,NaN,0,NaN,NaN,NaN,NaN,0,NaN,NaN
abrupt,K,"Known model",K,known,13,1,0,event,50,60,1,complete,100,100,0.0513124173198301,0.43317269297295,0.606153179052877,0.0257113081356252,2.57113081356252,100,100,100,0.00801879416302164,0.0123056311068993,0.31682730702705,0.80885322794609,-0.379244272107102,0.728740981751033,0,0,0,0,0,0,0,NaN,NaN,NaN,0,0,0,0,NaN,NaN,0,NaN,NaN,NaN,NaN,0,NaN,NaN
abrupt,K,"Known model",K,known,13,1,0,late,90,100,1,complete,100,100,0.0230450449250382,0.208596095685151,0.491135335051297,0.020860252651254,2.0860252651254,100,100,100,0.00969905921902477,0.0151339533958866,0.391403904314849,0.630513770159852,-0.218731015319228,0.554566143432401,0,0,0,0,0,0,0,NaN,NaN,NaN,0,0,0,0,NaN,NaN,0,NaN,NaN,NaN,NaN,0,NaN,NaN
abrupt,K,"Known model",K,known,14,1,0,whole,0,120,1,complete,1200,1200,0.0524741448211565,0.606879598282741,0.4788588888182,0.0171552376884207,20.5691299884164,1199,1200,1200,0.00801086452380691,0.0127815553688719,-0.578184592944225,0.826958316770887,-0.88135010949082,0.866096633972583,0,0,0,0,0,0,0,NaN,NaN,NaN,0,0,0,0,NaN,NaN,0,NaN,NaN,NaN,NaN,0,NaN,NaN
abrupt,K,"Known model",K,known,14,1,0,pre,30,40,1,complete,100,100,0.0753281314488918,0.606879598282741,0.547377182069954,0.0219072960286873,2.19072960286873,100,100,100,0.00759466457183341,0.0135005945436247,-0.578184592944225,0.106879598282741,-0.686028148195204,0.625348947263307,0,0,0,0,0,0,0,NaN,NaN,NaN,0,0,0,0,NaN,NaN,0,NaN,NaN,NaN,NaN,0,NaN,NaN
abrupt,K,"Known model",K,known,14,1,0,event,50,60,1,complete,100,100,0.0510879110109623,0.429301592067768,0.605799294669742,0.0263005792681215,2.63005792681215,100,100,100,0.0080996712826884,0.0126200640001309,0.320698407932232,0.826958316770887,-0.381350120074833,0.750557843478873,0,0,0,0,0,0,0,NaN,NaN,NaN,0,0,0,0,NaN,NaN,0,NaN,NaN,NaN,NaN,0,NaN,NaN
abrupt,K,"Known model",K,known,14,1,0,late,90,100,1,complete,100,100,0.0225366555980431,0.207151690874055,0.491222804714467,0.0177849530959667,1.77849530959667,100,100,100,0.00764073526337925,0.0117491173339878,0.392848309125945,0.620791938060108,-0.219066913874551,0.549540511665799,0,0,0,0,0,0,0,NaN,NaN,NaN,0,0,0,0,NaN,NaN,0,NaN,NaN,NaN,NaN,0,NaN,NaN
abrupt,K,"Known model",K,known,15,1,0,whole,0,120,1,complete,1200,1200,0.0524113390503927,0.61257406130708,0.478814158300565,0.0168553060976456,20.2095120110771,1199,1200,1200,0.00809527095427945,0.0126089214248629,-0.572413132787358,0.818604891000734,-0.879441094470101,0.864572099970645,0,0,0,0,0,0,0,NaN,NaN,NaN,0,0,0,0,NaN,NaN,0,NaN,NaN,NaN,NaN,0,NaN,NaN
abrupt,K,"Known model",K,known,15,1,0,pre,30,40,1,complete,100,100,0.0752489279637499,0.61257406130708,0.547161128378354,0.0203151126373181,2.03151126373181,100,100,100,0.00745157450890064,0.0110891288546491,-0.572413132787358,0.11257406130708,-0.693160900180576,0.632694338734409,0,0,0,0,0,0,0,NaN,NaN,NaN,0,0,0,0,NaN,NaN,0,NaN,NaN,NaN,NaN,0,NaN,NaN
abrupt,K,"Known model",K,known,15,1,0,event,50,60,1,complete,100,100,0.0519601345553512,0.438320416869625,0.606459459607713,0.0243138957428881,2.43138957428881,100,100,100,0.00885448831455837,0.0128163537227417,0.311679583130375,0.818604891000734,-0.379441105359834,0.714304929416036,0,0,0,0,0,0,0,NaN,NaN,NaN,0,0,0,0,NaN,NaN,0,NaN,NaN,NaN,NaN,0,NaN,NaN
abrupt,K,"Known model",K,known,15,1,0,late,90,100,1,complete,100,100,0.0229967402457848,0.208315168428742,0.489843530418106,0.0193586286314198,1.93586286314198,100,100,100,0.00919138254578649,0.0142380689749598,0.391684831571258,0.62123455495217,-0.220886092482517,0.537568690495538,0,0,0,0,0,0,0,NaN,NaN,NaN,0,0,0,0,NaN,NaN,0,NaN,NaN,NaN,NaN,0,NaN,NaN
abrupt,K,"Known model",K,known,16,1,0,whole,0,120,1,complete,1200,1200,0.052082702852117,0.6,0.478417411060093,0.0171471260712503,20.5594041594291,1199,1200,1200,0.00827755495170942,0.0127819137922656,-0.57481981647056,0.826772958738957,-0.881643017376558,0.856071366850824,0,0,0,0,0,0,0,NaN,NaN,NaN,0,0,0,0,NaN,NaN,0,NaN,NaN,NaN,NaN,0,NaN,NaN
abrupt,K,"Known model",K,known,16,1,0,pre,30,40,1,complete,100,100,0.073929523854252,0.595058319640997,0.547881821032722,0.0207800413078241,2.07800413078241,100,100,100,0.00821901618203406,0.0130411570756476,-0.57481981647056,0.0950583196409973,-0.691023759206242,0.613100746991214,0,0,0,0,0,0,0,NaN,NaN,NaN,0,0,0,0,NaN,NaN,0,NaN,NaN,NaN,NaN,0,NaN,NaN
abrupt,K,"Known model",K,known,16,1,0,event,50,60,1,complete,100,100,0.0513206294825075,0.427233294518836,0.605704063050274,0.0255004370306697,2.55004370306697,100,100,100,0.00925062544422316,0.0129954667453141,0.322766705481164,0.826772958738957,-0.381643027503102,0.750426477978678,0,0,0,0,0,0,0,NaN,NaN,NaN,0,0,0,0,NaN,NaN,0,NaN,NaN,NaN,NaN,0,NaN,NaN
abrupt,K,"Known model",K,known,16,1,0,late,90,100,1,complete,100,100,0.0222874415842282,0.201536331187319,0.490234177499805,0.0168920773447337,1.68920773447337,100,100,100,0.00757285749887873,0.010478081276884,0.398463668812681,0.640892922670041,-0.2209972425455,0.555391690409591,0,0,0,0,0,0,0,NaN,NaN,NaN,0,0,0,0,NaN,NaN,0,NaN,NaN,NaN,NaN,0,NaN,NaN
abrupt,K,"Known model",K,known,17,1,0,whole,0,120,1,complete,1200,1200,0.0524272360302597,0.605424739463134,0.479031101433272,0.0168857084046317,20.2459643771534,1199,1200,1200,0.00819121333197721,0.01249969802767,-0.565323217318046,0.81032706316586,-0.880812741563537,0.863100797587297,0,0,0,0,0,0,0,NaN,NaN,NaN,0,0,0,0,NaN,NaN,0,NaN,NaN,NaN,NaN,0,NaN,NaN
abrupt,K,"Known model",K,known,17,1,0,pre,30,40,1,complete,100,100,0.0747118265836557,0.605424739463134,0.547846427603322,0.0205487307730736,2.05487307730736,100,100,100,0.00749772874504612,0.0118488712841219,-0.565323217318046,0.105424739463134,-0.674886545740988,0.624873541347473,0,0,0,0,0,0,0,NaN,NaN,NaN,0,0,0,0,NaN,NaN,0,NaN,NaN,NaN,NaN,0,NaN,NaN
abrupt,K,"Known model",K,known,17,1,0,event,50,60,1,complete,100,100,0.0500756242079438,0.423174676521132,0.607717770632056,0.0266123527703284,2.66123527703284,100,100,100,0.00904020615074457,0.0132813223144398,0.326825323478868,0.81032706316586,-0.38081275174406,0.749825447531725,0,0,0,0,0,0,0,NaN,NaN,NaN,0,0,0,0,NaN,NaN,0,NaN,NaN,NaN,NaN,0,NaN,NaN
abrupt,K,"Known model",K,known,17,1,0,late,90,100,1,complete,100,100,0.0237965908295741,0.214949178701534,0.493202017296786,0.0174167636332929,1.74167636332929,100,100,100,0.00833940714655612,0.0116006080256626,0.385050821298466,0.619086504889008,-0.217340599325348,0.550056262537315,0,0,0,0,0,0,0,NaN,NaN,NaN,0,0,0,0,NaN,NaN,0,NaN,NaN,NaN,NaN,0,NaN,NaN
abrupt,K,"Known model",K,known,18,1,0,whole,0,120,1,complete,1200,1200,0.0525392377698588,0.620695601390184,0.478646307734936,0.017333135447631,20.7824294017096,1199,1200,1200,0.0081683334002684,0.0131398987333544,-0.569255935194147,0.834711878444523,-0.8815910831244,0.860953165080065,0,0,0,0,0,0,0,NaN,NaN,NaN,0,0,0,0,NaN,NaN,0,NaN,NaN,NaN,NaN,0,NaN,NaN
abrupt,K,"Known model",K,known,18,1,0,pre,30,40,1,complete,100,100,0.0766293730992244,0.620695601390184,0.547434509759277,0.0202740897106222,2.02740897106222,100,100,100,0.00747402006818648,0.0118987781218824,-0.569255935194147,0.120695601390184,-0.682145068268689,0.632094289331589,0,0,0,0,0,0,0,NaN,NaN,NaN,0,0,0,0,NaN,NaN,0,NaN,NaN,NaN,NaN,0,NaN,NaN
abrupt,K,"Known model",K,known,18,1,0,event,50,60,1,complete,100,100,0.0502583672936679,0.42082445665588,0.60559584244504,0.0268464533063218,2.68464533063218,100,100,100,0.00831196552409944,0.0140043245116538,0.32917554334412,0.834711878444523,-0.381591092637399,0.75345729620619,0,0,0,0,0,0,0,NaN,NaN,NaN,0,0,0,0,NaN,NaN,0,NaN,NaN,NaN,NaN,0,NaN,NaN
abrupt,K,"Known model",K,known,18,1,0,late,90,100,1,complete,100,100,0.0238505354548126,0.215267602101927,0.490609764062425,0.0198955586254552,1.98955586254552,100,100,100,0.00896479620946414,0.0143114497348314,0.384732397898073,0.631355217258908,-0.225801297153347,0.559571861543585,0,0,0,0,0,0,0,NaN,NaN,NaN,0,0,0,0,NaN,NaN,0,NaN,NaN,NaN,NaN,0,NaN,NaN
abrupt,K,"Known model",K,known,19,1,0,whole,0,120,1,complete,1200,1200,0.0527159144313703,0.612694729338128,0.478827072539378,0.017352466250917,20.8056070348494,1199,1200,1200,0.0082052453364399,0.013036127656973,-0.57998512417558,0.815963793048564,-0.881177823280437,0.872339739427871,0,0,0,0,0,0,0,NaN,NaN,NaN,0,0,0,0,NaN,NaN,0,NaN,NaN,NaN,NaN,0,NaN,NaN
abrupt,K,"Known model",K,known,19,1,0,pre,30,40,1,complete,100,100,0.0750901745030889,0.612694729338128,0.547920698942379,0.0202370669262955,2.02370669262955,100,100,100,0.00679555285110872,0.0106844531407665,-0.57998512417558,0.112694729338128,-0.692755243163905,0.629645160069234,0,0,0,0,0,0,0,NaN,NaN,NaN,0,0,0,0,NaN,NaN,0,NaN,NaN,NaN,NaN,0,NaN,NaN
abrupt,K,"Known model",K,known,19,1,0,event,50,60,1,complete,100,100,0.0500773664874236,0.423952471142052,0.605612636197468,0.025769030496664,2.5769030496664,100,100,100,0.0084014980564206,0.0127072640921294,0.326047528857948,0.815963793048564,-0.381177831971533,0.746923280196963,0,0,0,0,0,0,0,NaN,NaN,NaN,0,0,0,0,NaN,NaN,0,NaN,NaN,NaN,NaN,0,NaN,NaN
abrupt,K,"Known model",K,known,19,1,0,late,90,100,1,complete,100,100,0.0236581067420728,0.211580018763227,0.490912514520944,0.0198928578217267,1.98928578217267,100,100,100,0.00898612034644702,0.0143377639921398,0.388419981236773,0.636750314300669,-0.219120754650413,0.557324383661647,0,0,0,0,0,0,0,NaN,NaN,NaN,0,0,0,0,NaN,NaN,0,NaN,NaN,NaN,NaN,0,NaN,NaN
abrupt,K,"Known model",K,known,20,1,0,whole,0,120,1,complete,1200,1200,0.0521568083601173,0.612217481051433,0.478712448820248,0.0172305319563776,20.6594078156968,1199,1200,1200,0.0082245012178714,0.0129022063914836,-0.566160529759784,0.808948478205415,-0.879677328003953,0.871153238576764,0,0,0,0,0,0,0,NaN,NaN,NaN,0,0,0,0,NaN,NaN,0,NaN,NaN,NaN,NaN,0,NaN,NaN
abrupt,K,"Known model",K,known,20,1,0,pre,30,40,1,complete,100,100,0.0754083449928332,0.612217481051433,0.546509411191307,0.0211631501177424,2.11631501177424,100,100,100,0.00706959183800036,0.0123488038381721,-0.566160529759784,0.112217481051433,-0.688701928732979,0.615745913743533,0,0,0,0,0,0,0,NaN,NaN,NaN,0,0,0,0,NaN,NaN,0,NaN,NaN,NaN,NaN,0,NaN,NaN
abrupt,K,"Known model",K,known,20,1,0,event,50,60,1,complete,100,100,0.0522340389001488,0.44070419205849,0.605674086750844,0.026128745877713,2.6128745877713,100,100,100,0.00866664181528857,0.0134091296340359,0.30929580794151,0.808948478205415,-0.379677339995552,0.724026081862196,0,0,0,0,0,0,0,NaN,NaN,NaN,0,0,0,0,NaN,NaN,0,NaN,NaN,NaN,NaN,0,NaN,NaN
abrupt,K,"Known model",K,known,20,1,0,late,90,100,1,complete,100,100,0.0250727425415591,0.226932876184275,0.490950910177146,0.0194370509895418,1.94370509895418,100,100,100,0.00876339359385479,0.013455389704963,0.373067123815725,0.629175908366029,-0.222885527449161,0.555990075478262,0,0,0,0,0,0,0,NaN,NaN,NaN,0,0,0,0,NaN,NaN,0,NaN,NaN,NaN,NaN,0,NaN,NaN
abrupt,K,"Known model",K,known,21,1,0,whole,0,120,1,complete,1200,1200,0.0521098833859592,0.6,0.47892205350856,0.0173491700710924,20.8016549152398,1199,1200,1200,0.00819870467563203,0.0132195366249669,-0.572172715009293,0.815568079886537,-0.878568571738311,0.854136955648946,0,0,0,0,0,0,0,NaN,NaN,NaN,0,0,0,0,NaN,NaN,0,NaN,NaN,NaN,NaN,0,NaN,NaN
abrupt,K,"Known model",K,known,21,1,0,pre,30,40,1,complete,100,100,0.0736687315606861,0.599723480606377,0.547627046032171,0.0213147133421813,2.13147133421813,100,100,100,0.0075970777855647,0.012847022974877,-0.572172715009293,0.0997234806063766,-0.690828126632715,0.619700033112784,0,0,0,0,0,0,0,NaN,NaN,NaN,0,0,0,0,NaN,NaN,0,NaN,NaN,NaN,NaN,0,NaN,NaN
abrupt,K,"Known model",K,known,21,1,0,event,50,60,1,complete,100,100,0.0507471293862216,0.423409304032794,0.606537606828814,0.0261241984942208,2.61241984942208,100,100,100,0.0095343179729297,0.0148308005292312,0.326590695967206,0.815568079886537,-0.378568581156423,0.706676061681371,0,0,0,0,0,0,0,NaN,NaN,NaN,0,0,0,0,NaN,NaN,0,NaN,NaN,NaN,NaN,0,NaN,NaN
abrupt,K,"Known model",K,known,21,1,0,late,90,100,1,complete,100,100,0.0222113457382754,0.202374866586652,0.49062093368025,0.0204214993963055,2.04214993963055,100,100,100,0.00904484901903559,0.0152109318553868,0.397625133413348,0.632915400102695,-0.221116409774977,0.548589313921738,0,0,0,0,0,0,0,NaN,NaN,NaN,0,0,0,0,NaN,NaN,0,NaN,NaN,NaN,NaN,0,NaN,NaN
abrupt,K,"Known model",K,known,22,1,0,whole,0,120,1,complete,1200,1200,0.0526714855986979,0.619180604994432,0.4790245658473,0.0177667401989167,21.3023214985012,1199,1200,1200,0.00858550407509015,0.0135443182014017,-0.578673104246939,0.806396571277672,-0.880074524748436,0.880915549650587,0,0,0,0,0,0,0,NaN,NaN,NaN,0,0,0,0,NaN,NaN,0,NaN,NaN,NaN,NaN,0,NaN,NaN
abrupt,K,"Known model",K,known,22,1,0,pre,30,40,1,complete,100,100,0.0761832515796314,0.619180604994432,0.546855853446,0.0205550052663695,2.05550052663695,100,100,100,0.00754678978294686,0.0112042876841144,-0.578673104246939,0.119180604994432,-0.690580000332299,0.628665366985069,0,0,0,0,0,0,0,NaN,NaN,NaN,0,0,0,0,NaN,NaN,0,NaN,NaN,NaN,NaN,0,NaN,NaN
abrupt,K,"Known model",K,known,22,1,0,event,50,60,1,complete,100,100,0.051876660614028,0.435953606987478,0.606646185548,0.0263961189074692,2.63961189074692,100,100,100,0.00827562543534312,0.013239148163371,0.314046393012522,0.806396571277672,-0.380074535336903,0.733806375114722,0,0,0,0,0,0,0,NaN,NaN,NaN,0,0,0,0,NaN,NaN,0,NaN,NaN,NaN,NaN,0,NaN,NaN
abrupt,K,"Known model",K,known,22,1,0,late,90,100,1,complete,100,100,0.0233538380016783,0.209635427863025,0.490675634534468,0.0212667784818591,2.12667784818591,100,100,100,0.0105574761130327,0.0164644573133059,0.390364572136975,0.618260429306566,-0.216136329113147,0.533863649851499,0,0,0,0,0,0,0,NaN,NaN,NaN,0,0,0,0,NaN,NaN,0,NaN,NaN,NaN,NaN,0,NaN,NaN
abrupt,K,"Known model",K,known,23,1,0,whole,0,120,1,complete,1200,1200,0.0525601023191375,0.604708566712677,0.478537279000013,0.0173104010398792,20.7551708468152,1199,1200,1200,0.00825517972956975,0.0130689652880776,-0.582817697796726,0.822092557977431,-0.88041580437532,0.856436595602931,0,0,0,0,0,0,0,NaN,NaN,NaN,0,0,0,0,NaN,NaN,0,NaN,NaN,NaN,NaN,0,NaN,NaN
abrupt,K,"Known model",K,known,23,1,0,pre,30,40,1,complete,100,100,0.0749970379348659,0.604708566712677,0.547515906349826,0.0209630383054406,2.09630383054406,100,100,100,0.00761297091109554,0.0120999531611512,-0.582817697796726,0.104708566712677,-0.694652247864313,0.620911600251823,0,0,0,0,0,0,0,NaN,NaN,NaN,0,0,0,0,NaN,NaN,0,NaN,NaN,NaN,NaN,0,NaN,NaN
abrupt,K,"Known model",K,known,23,1,0,event,50,60,1,complete,100,100,0.0507745508368213,0.426953748073834,0.604785548204257,0.0259464019505116,2.59464019505116,100,100,100,0.00822208143471942,0.0131473668663867,0.323046251926166,0.822092557977431,-0.380415814385954,0.732986978181429,0,0,0,0,0,0,0,NaN,NaN,NaN,0,0,0,0,NaN,NaN,0,NaN,NaN,NaN,NaN,0,NaN,NaN
abrupt,K,"Known model",K,known,23,1,0,late,90,100,1,complete,100,100,0.023225930904529,0.210851161503799,0.491288025789041,0.0202639586631803,2.02639586631803,100,100,100,0.00882514307430625,0.0145100471232416,0.389148838496201,0.627998569454736,-0.220318324525157,0.549143664789831,0,0,0,0,0,0,0,NaN,NaN,NaN,0,0,0,0,NaN,NaN,0,NaN,NaN,NaN,NaN,0,NaN,NaN
abrupt,K,"Known model",K,known,24,1,0,whole,0,120,1,complete,1200,1200,0.0529835817809574,0.616539975074474,0.478845723194012,0.0174498824413935,20.9224090472308,1199,1200,1200,0.00825157778056084,0.0130683609280691,-0.570541002856207,0.817544674448715,-0.880834796358237,0.869220483502136,0,0,0,0,0,0,0,NaN,NaN,NaN,0,0,0,0,NaN,NaN,0,NaN,NaN,NaN,NaN,0,NaN,NaN
abrupt,K,"Known model",K,known,24,1,0,pre,30,40,1,complete,100,100,0.0765948184053419,0.616539975074474,0.548155502118946,0.0214703222993076,2.14703222993076,100,100,100,0.0073485681063561,0.0136332439354948,-0.570541002856207,0.116539975074474,-0.682219021193646,0.62212765598973,0,0,0,0,0,0,0,NaN,NaN,NaN,0,0,0,0,NaN,NaN,0,NaN,NaN,NaN,NaN,0,NaN,NaN
abrupt,K,"Known model",K,known,24,1,0,event,50,60,1,complete,100,100,0.0496472770816211,0.416306349872829,0.605592054045152,0.0261510009247617,2.61510009247617,100,100,100,0.00838145307802467,0.0129476722720661,0.333693650127171,0.817544674448715,-0.380834805274173,0.735345113968548,0,0,0,0,0,0,0,NaN,NaN,NaN,0,0,0,0,NaN,NaN,0,NaN,NaN,NaN,NaN,0,NaN,NaN
abrupt,K,"Known model",K,known,24,1,0,late,90,100,1,complete,100,100,0.0224213205407694,0.202183053506526,0.490884229399388,0.020790259564192,2.0790259564192,100,100,100,0.00893910494405929,0.0145233823805934,0.397816946493474,0.635733042813276,-0.220922584993954,0.557502862739769,0,0,0,0,0,0,0,NaN,NaN,NaN,0,0,0,0,NaN,NaN,0,NaN,NaN,NaN,NaN,0,NaN,NaN
abrupt,K,"Known model",K,known,25,1,0,whole,0,120,1,complete,1200,1200,0.0522939484631056,0.609364924548067,0.47869476200882,0.0171733455830121,20.5908413540315,1199,1200,1200,0.00836903450485542,0.0129372199808801,-0.575536825423141,0.82066714499363,-0.881351267584351,0.874651811842284,0,0,0,0,0,0,0,NaN,NaN,NaN,0,0,0,0,NaN,NaN,0,NaN,NaN,NaN,NaN,0,NaN,NaN
abrupt,K,"Known model",K,known,25,1,0,pre,30,40,1,complete,100,100,0.0751236990715069,0.609364924548067,0.547153937517158,0.0202765763437154,2.02765763437154,100,100,100,0.0079004399345242,0.0115371034689434,-0.575536825423141,0.109364924548067,-0.682050661262722,0.629326834801341,0,0,0,0,0,0,0,NaN,NaN,NaN,0,0,0,0,NaN,NaN,0,NaN,NaN,NaN,NaN,0,NaN,NaN
abrupt,K,"Known model",K,known,25,1,0,event,50,60,1,complete,100,100,0.051091861599468,0.428471634969821,0.606327281502302,0.0263989972165364,2.63989972165365,100,100,100,0.00945580280394154,0.0134789028882923,0.321528365030179,0.82066714499363,-0.381351279118822,0.764885249043311,0,0,0,0,0,0,0,NaN,NaN,NaN,0,0,0,0,NaN,NaN,0,NaN,NaN,NaN,NaN,0,NaN,NaN
abrupt,K,"Known model",K,known,25,1,0,late,90,100,1,complete,100,100,0.0227073011019525,0.20414314217765,0.490579933110142,0.0196178863423736,1.96178863423736,100,100,100,0.00905800555102204,0.0137647438898221,0.39585685782235,0.632025379731539,-0.22142351880897,0.542529685081089,0,0,0,0,0,0,0,NaN,NaN,NaN,0,0,0,0,NaN,NaN,0,NaN,NaN,NaN,NaN,0,NaN,NaN
abrupt,K,"Known model",K,known,26,1,0,whole,0,120,1,complete,1200,1200,0.0525622739560908,0.610065387130079,0.478686131095086,0.0171908838764486,20.6118697678618,1199,1200,1200,0.00834619605159704,0.0128950188709975,-0.566511887690544,0.824707056019743,-0.879594140157475,0.857775489239539,0,0,0,0,0,0,0,NaN,NaN,NaN,0,0,0,0,NaN,NaN,0,NaN,NaN,NaN,NaN,0,NaN,NaN
abrupt,K,"Known model",K,known,26,1,0,pre,30,40,1,complete,100,100,0.075521892608564,0.610065387130079,0.547831251737958,0.0204248511813262,2.04248511813262,100,100,100,0.00768293761866223,0.0122748560234423,-0.566511887690544,0.110065387130079,-0.686184146435637,0.623669982655578,0,0,0,0,0,0,0,NaN,NaN,NaN,0,0,0,0,NaN,NaN,0,NaN,NaN,NaN,NaN,0,NaN,NaN
abrupt,K,"Known model",K,known,26,1,0,event,50,60,1,complete,100,100,0.0520787012677115,0.438473772172824,0.60609756719947,0.0277696037900459,2.77696037900459,100,100,100,0.00947644780930665,0.0146830897875833,0.311526227827176,0.824707056019743,-0.379594150280754,0.736202200364132,0,0,0,0,0,0,0,NaN,NaN,NaN,0,0,0,0,NaN,NaN,0,NaN,NaN,NaN,NaN,0,NaN,NaN
abrupt,K,"Known model",K,known,26,1,0,late,90,100,1,complete,100,100,0.0234691208224603,0.211866350192285,0.491561987158976,0.0207327459818029,2.07327459818029,100,100,100,0.0101188534648402,0.015234044949094,0.388133649807715,0.636496304589249,-0.223258931894187,0.545412667581582,0,0,0,0,0,0,0,NaN,NaN,NaN,0,0,0,0,NaN,NaN,0,NaN,NaN,NaN,NaN,0,NaN,NaN
abrupt,K,"Known model",K,known,27,1,0,whole,0,120,1,complete,1200,1200,0.0523574954484146,0.620759555086477,0.478683539457285,0.0171212692850909,20.528401872824,1199,1200,1200,0.0079931776135835,0.012875117878681,-0.561611656174621,0.817335563597993,-0.88052454423248,0.863307547373161,0,0,0,0,0,0,0,NaN,NaN,NaN,0,0,0,0,NaN,NaN,0,NaN,NaN,NaN,NaN,0,NaN,NaN
abrupt,K,"Known model",K,known,27,1,0,pre,30,40,1,complete,100,100,0.0762900317651268,0.620759555086477,0.546979058426515,0.0206574952753062,2.06574952753062,100,100,100,0.00673877491634715,0.0118892645210327,-0.561611656174621,0.120759555086477,-0.68179509145231,0.626095734042245,0,0,0,0,0,0,0,NaN,NaN,NaN,0,0,0,0,NaN,NaN,0,NaN,NaN,NaN,NaN,0,NaN,NaN
abrupt,K,"Known model",K,known,27,1,0,event,50,60,1,complete,100,100,0.051413455533992,0.43571793651639,0.606997902585683,0.02527611151625,2.527611151625,100,100,100,0.00836558607868096,0.0126318365209427,0.31428206348361,0.817335563597993,-0.380524555109936,0.744899256665662,0,0,0,0,0,0,0,NaN,NaN,NaN,0,0,0,0,NaN,NaN,0,NaN,NaN,NaN,NaN,0,NaN,NaN
abrupt,K,"Known model",K,known,27,1,0,late,90,100,1,complete,100,100,0.0239836104749587,0.215375760087896,0.490926969742812,0.0195513179400769,1.95513179400769,100,100,100,0.00873418973060887,0.0140328291152762,0.384624239912104,0.63609654793114,-0.225855602648426,0.562651750684921,0,0,0,0,0,0,0,NaN,NaN,NaN,0,0,0,0,NaN,NaN,0,NaN,NaN,NaN,NaN,0,NaN,NaN
abrupt,K,"Known model",K,known,28,1,0,whole,0,120,1,complete,1200,1200,0.0525470100742788,0.611093353665305,0.478694914654328,0.0170074028476603,20.3918760143447,1199,1200,1200,0.00808234381562421,0.0126297781606296,-0.573472222049456,0.822457977127068,-0.880933013280593,0.875425169350777,0,0,0,0,0,0,0,NaN,NaN,NaN,0,0,0,0,NaN,NaN,0,NaN,NaN,NaN,NaN,0,NaN,NaN
abrupt,K,"Known model",K,known,28,1,0,pre,30,40,1,complete,100,100,0.0756842988900684,0.611093353665305,0.547206085903797,0.0199683180107555,1.99683180107555,100,100,100,0.00709244782501939,0.011593646733994,-0.573472222049456,0.111093353665305,-0.685241818458716,0.619093874929674,0,0,0,0,0,0,0,NaN,NaN,NaN,0,0,0,0,NaN,NaN,0,NaN,NaN,NaN,NaN,0,NaN,NaN
abrupt,K,"Known model",K,known,28,1,0,event,50,60,1,complete,100,100,0.0510045374647131,0.425891228598818,0.606361248281394,0.0262657671372684,2.62657671372684,100,100,100,0.00930093680328409,0.0137665421085827,0.324108771401182,0.822457977127068,-0.380933023181104,0.739579953349715,0,0,0,0,0,0,0,NaN,NaN,NaN,0,0,0,0,NaN,NaN,0,NaN,NaN,NaN,NaN,0,NaN,NaN
abrupt,K,"Known model",K,known,28,1,0,late,90,100,1,complete,100,100,0.0234040028840994,0.212891250377589,0.491641248369342,0.0174560755177452,1.74560755177452,100,100,100,0.00909261625935879,0.0131616707805034,0.387108749622411,0.630277972400819,-0.219218769416071,0.542468692826796,0,0,0,0,0,0,0,NaN,NaN,NaN,0,0,0,0,NaN,NaN,0,NaN,NaN,NaN,NaN,0,NaN,NaN
abrupt,K,"Known model",K,known,29,1,0,whole,0,120,1,complete,1200,1200,0.0526766770163695,0.609236593803703,0.478919251073913,0.0166482354741031,19.9612343334497,1199,1200,1200,0.00802457952447375,0.0122484050138886,-0.570420279081793,0.819018897071539,-0.880007937086544,0.862610486112389,0,0,0,0,0,0,0,NaN,NaN,NaN,0,0,0,0,NaN,NaN,0,NaN,NaN,NaN,NaN,0,NaN,NaN
abrupt,K,"Known model",K,known,29,1,0,pre,30,40,1,complete,100,100,0.0749304400760532,0.609236593803703,0.547500620192859,0.0209552702402401,2.09552702402401,100,100,100,0.00763340129491967,0.0125168523769062,-0.570420279081793,0.109236593803703,-0.687359082205347,0.621209409619326,0,0,0,0,0,0,0,NaN,NaN,NaN,0,0,0,0,NaN,NaN,0,NaN,NaN,NaN,NaN,0,NaN,NaN
abrupt,K,"Known model",K,known,29,1,0,event,50,60,1,complete,100,100,0.0497934036463025,0.424159328890321,0.606500781163962,0.0249985318224525,2.49985318224525,100,100,100,0.00858128817354288,0.0122597076977776,0.325840671109679,0.819018897071539,-0.380007946562515,0.729954799866922,0,0,0,0,0,0,0,NaN,NaN,NaN,0,0,0,0,NaN,NaN,0,NaN,NaN,NaN,NaN,0,NaN,NaN
abrupt,K,"Known model",K,known,29,1,0,late,90,100,1,complete,100,100,0.0234370332588328,0.21107049326162,0.49104633482083,0.0187357506856305,1.87357506856305,100,100,100,0.00859906065701284,0.0137763352658484,0.38892950673838,0.623852677287277,-0.218027221933203,0.549919192660981,0,0,0,0,0,0,0,NaN,NaN,NaN,0,0,0,0,NaN,NaN,0,NaN,NaN,NaN,NaN,0,NaN,NaN
abrupt,K,"Known model",K,known,30,1,0,whole,0,120,1,complete,1200,1200,0.05218208960512,0.6,0.478784920955592,0.0173647108708772,20.8202883341817,1199,1200,1200,0.00827990008506704,0.0131034581823024,-0.563609276680204,0.818166787988324,-0.880424114901434,0.863704267141883,0,0,0,0,0,0,0,NaN,NaN,NaN,0,0,0,0,NaN,NaN,0,NaN,NaN,NaN,NaN,0,NaN,NaN
abrupt,K,"Known model",K,known,30,1,0,pre,30,40,1,complete,100,100,0.0730280745560754,0.596057039138606,0.547506278583952,0.0209341754723989,2.09341754723989,100,100,100,0.0074451455120391,0.0134384890701614,-0.563609276680204,0.0960570391386064,-0.689926769777717,0.611740614049382,0,0,0,0,0,0,0,NaN,NaN,NaN,0,0,0,0,NaN,NaN,0,NaN,NaN,NaN,NaN,0,NaN,NaN
abrupt,K,"Known model",K,known,30,1,0,event,50,60,1,complete,100,100,0.0504153459520758,0.423275252168479,0.605437776384169,0.0264945341903703,2.64945341903703,100,100,100,0.00925719891215871,0.0137266816541892,0.326724747831521,0.818166787988324,-0.380424122982838,0.741129534718387,0,0,0,0,0,0,0,NaN,NaN,NaN,0,0,0,0,NaN,NaN,0,NaN,NaN,NaN,NaN,0,NaN,NaN
abrupt,K,"Known model",K,known,30,1,0,late,90,100,1,complete,100,100,0.0229181802474931,0.207423965916045,0.490325862859298,0.0196363211719593,1.96363211719593,100,100,100,0.00884951751530527,0.0134465825592395,0.392576034083955,0.632971615448339,-0.22059146565398,0.561224268076791,0,0,0,0,0,0,0,NaN,NaN,NaN,0,0,0,0,NaN,NaN,0,NaN,NaN,NaN,NaN,0,NaN,NaN
abrupt,K,"Known model",K,known,31,1,0,whole,0,120,1,complete,1200,1200,0.052530241653182,0.608872629538317,0.47889218937994,0.0172032116962816,20.6266508238416,1199,1200,1200,0.00817407046044212,0.0128326807674664,-0.56245238638305,0.82208810092026,-0.880444483338667,0.877614538489659,0,0,0,0,0,0,0,NaN,NaN,NaN,0,0,0,0,NaN,NaN,0,NaN,NaN,NaN,NaN,0,NaN,NaN
abrupt,K,"Known model",K,known,31,1,0,pre,30,40,1,complete,100,100,0.074610924401261,0.608872629538317,0.547790537146673,0.0218068670055465,2.18068670055465,100,100,100,0.00780302017972627,0.0135822512160119,-0.56245238638305,0.108872629538317,-0.692906347589437,0.619609589230463,0,0,0,0,0,0,0,NaN,NaN,NaN,0,0,0,0,NaN,NaN,0,NaN,NaN,NaN,NaN,0,NaN,NaN
abrupt,K,"Known model",K,known,31,1,0,event,50,60,1,complete,100,100,0.0509031903716197,0.423522661454837,0.606409368291264,0.0246196737593353,2.46196737593353,100,100,100,0.00798377036856416,0.0113165806140963,0.326477338545163,0.82208810092026,-0.380444493017908,0.73942198385988,0,0,0,0,0,0,0,NaN,NaN,NaN,0,0,0,0,NaN,NaN,0,NaN,NaN,NaN,NaN,0,NaN,NaN
abrupt,K,"Known model",K,known,31,1,0,late,90,100,1,complete,100,100,0.0226754096243286,0.207951797747277,0.491257323084228,0.0185083073896449,1.85083073896449,100,100,100,0.00837168374437939,0.0124842553792326,0.392048202252723,0.631790369224593,-0.218252493901214,0.560206701136891,0,0,0,0,0,0,0,NaN,NaN,NaN,0,0,0,0,NaN,NaN,0,NaN,NaN,NaN,NaN,0,NaN,NaN
abrupt,K,"Known model",K,known,32,1,0,whole,0,120,1,complete,1200,1200,0.0526624824532937,0.607773439341188,0.478962438156392,0.0172685924547511,20.7050423532466,1199,1200,1200,0.00844903444188459,0.0128787546250001,-0.576101628164712,0.829520927659647,-0.881046102028363,0.852678852569197,0,0,0,0,0,0,0,NaN,NaN,NaN,0,0,0,0,NaN,NaN,0,NaN,NaN,NaN,NaN,0,NaN,NaN
abrupt,K,"Known model",K,known,32,1,0,pre,30,40,1,complete,100,100,0.0747594178246126,0.607773439341188,0.54744056270879,0.0207880532171305,2.07880532171305,100,100,100,0.00729171708905295,0.0128331792579398,-0.576101628164712,0.107773439341188,-0.681242699067641,0.617964741533604,0,0,0,0,0,0,0,NaN,NaN,NaN,0,0,0,0,NaN,NaN,0,NaN,NaN,NaN,NaN,0,NaN,NaN
abrupt,K,"Known model",K,known,32,1,0,event,50,60,1,complete,100,100,0.0502742568625174,0.420052638833622,0.60680128525888,0.0259831440993541,2.59831440993541,100,100,100,0.00849053331904926,0.0126711782569348,0.329947361166378,0.829520927659647,-0.381046111216134,0.750282105425556,0,0,0,0,0,0,0,NaN,NaN,NaN,0,0,0,0,NaN,NaN,0,NaN,NaN,NaN,NaN,0,NaN,NaN
abrupt,K,"Known model",K,known,32,1,0,late,90,100,1,complete,100,100,0.0236107407956336,0.214605533605508,0.490198843762033,0.0189680477399746,1.89680477399746,100,100,100,0.00850189521392587,0.0129790027588143,0.385394466394492,0.63458283382465,-0.221278064734819,0.541954285544886,0,0,0,0,0,0,0,NaN,NaN,NaN,0,0,0,0,NaN,NaN,0,NaN,NaN,NaN,NaN,0,NaN,NaN
abrupt,K,"Known model",K,known,33,1,0,whole,0,120,1,complete,1200,1200,0.0523562857379815,0.607178754715589,0.478580482758058,0.0169342104003836,20.30411827006,1199,1200,1200,0.00807779639758901,0.0126015197171196,-0.572179769028198,0.828032043752386,-0.880297881303057,0.864398425099704,0,0,0,0,0,0,0,NaN,NaN,NaN,0,0,0,0,NaN,NaN,0,NaN,NaN,NaN,NaN,0,NaN,NaN
abrupt,K,"Known model",K,known,33,1,0,pre,30,40,1,complete,100,100,0.0754388395012783,0.607178754715589,0.547498721454621,0.0212156985442393,2.12156985442393,100,100,100,0.00847606138988688,0.0129694623280082,-0.572179769028198,0.107178754715589,-0.691955913515449,0.621997954880962,0,0,0,0,0,0,0,NaN,NaN,NaN,0,0,0,0,NaN,NaN,0,NaN,NaN,NaN,NaN,0,NaN,NaN
abrupt,K,"Known model",K,known,33,1,0,event,50,60,1,complete,100,100,0.048752436135147,0.408462388915565,0.606689904046442,0.0253241699776501,2.53241699776501,100,100,100,0.00870746840095963,0.0133667209086769,0.341537611084435,0.828032043752386,-0.380297890226137,0.733808871947307,0,0,0,0,0,0,0,NaN,NaN,NaN,0,0,0,0,NaN,NaN,0,NaN,NaN,NaN,NaN,0,NaN,NaN
abrupt,K,"Known model",K,known,33,1,0,late,90,100,1,complete,100,100,0.0223958091763808,0.200412916573556,0.489737226001947,0.0176364684973818,1.76364684973818,100,100,100,0.00835088214663181,0.011212670980458,0.399587083426444,0.627919590261061,-0.220363018695886,0.554495034475371,0,0,0,0,0,0,0,NaN,NaN,NaN,0,0,0,0,NaN,NaN,0,NaN,NaN,NaN,NaN,0,NaN,NaN
abrupt,K,"Known model",K,known,34,1,0,whole,0,120,1,complete,1200,1200,0.0523217376287297,0.605382394958619,0.478716703243877,0.0171338097539349,20.5434378949679,1199,1200,1200,0.00805923882740692,0.01304271828228,-0.575804433800982,0.815810500164073,-0.879136743155461,0.867770415793419,0,0,0,0,0,0,0,NaN,NaN,NaN,0,0,0,0,NaN,NaN,0,NaN,NaN,NaN,NaN,0,NaN,NaN
abrupt,K,"Known model",K,known,34,1,0,pre,30,40,1,complete,100,100,0.0752754690647807,0.605382394958619,0.547869777617445,0.021375711933901,2.1375711933901,100,100,100,0.00805679916316511,0.0133983835969151,-0.575804433800982,0.105382394958619,-0.684604736332553,0.616761535783293,0,0,0,0,0,0,0,NaN,NaN,NaN,0,0,0,0,NaN,NaN,0,NaN,NaN,NaN,NaN,0,NaN,NaN
abrupt,K,"Known model",K,known,34,1,0,event,50,60,1,complete,100,100,0.0496386496947091,0.417554862750554,0.605028836514045,0.0244662407379699,2.44662407379699,100,100,100,0.00782752400468989,0.0121487058149943,0.332445137249446,0.815810500164073,-0.379136752908083,0.716411332248626,0,0,0,0,0,0,0,NaN,NaN,NaN,0,0,0,0,NaN,NaN,0,NaN,NaN,NaN,NaN,0,NaN,NaN
abrupt,K,"Known model",K,known,34,1,0,late,90,100,1,complete,100,100,0.023721071407423,0.215088069743566,0.49044657490008,0.0190791748240997,1.90791748240997,100,100,100,0.00932379641201147,0.0148246527030148,0.384911930256434,0.625319157878204,-0.216048329641571,0.533951661014231,0,0,0,0,0,0,0,NaN,NaN,NaN,0,0,0,0,NaN,NaN,0,NaN,NaN,NaN,NaN,0,NaN,NaN
abrupt,K,"Known model",K,known,35,1,0,whole,0,120,1,complete,1200,1200,0.0525587799752908,0.611244006292343,0.478681085054246,0.0172212978022959,20.6483360649527,1199,1200,1200,0.00840909535662166,0.0130229484048351,-0.579627972692918,0.819714302543643,-0.880697773692172,0.867074844566089,0,0,0,0,0,0,0,NaN,NaN,NaN,0,0,0,0,NaN,NaN,0,NaN,NaN,NaN,NaN,0,NaN,NaN
abrupt,K,"Known model",K,known,35,1,0,pre,30,40,1,complete,100,100,0.0755589345204656,0.611244006292343,0.547554555416599,0.0211916065845991,2.11916065845991,100,100,100,0.00896586779616497,0.0140786751060916,-0.579627972692918,0.111244006292343,-0.689923910422448,0.620092011476869,0,0,0,0,0,0,0,NaN,NaN,NaN,0,0,0,0,NaN,NaN,0,NaN,NaN,NaN,NaN,0,NaN,NaN
abrupt,K,"Known model",K,known,35,1,0,event,50,60,1,complete,100,100,0.0500147016511631,0.420673982358542,0.606878449483285,0.0263284975110654,2.63284975110654,100,100,100,0.00908599078313462,0.0134241965924679,0.329326017641458,0.819714302543643,-0.380697783860261,0.73556908823328,0,0,0,0,0,0,0,NaN,NaN,NaN,0,0,0,0,NaN,NaN,0,NaN,NaN,NaN,NaN,0,NaN,NaN
abrupt,K,"Known model",K,known,35,1,0,late,90,100,1,complete,100,100,0.0225213056974287,0.202685523774116,0.490943344935547,0.0187970114849207,1.87970114849207,100,100,100,0.00889841125118844,0.0126895273933814,0.397314476225884,0.62968657958705,-0.220336817069025,0.538978949073057,0,0,0,0,0,0,0,NaN,NaN,NaN,0,0,0,0,NaN,NaN,0,NaN,NaN,NaN,NaN,0,NaN,NaN
abrupt,K,"Known model",K,known,36,1,0,whole,0,120,1,complete,1200,1200,0.0528668299687477,0.609233710300766,0.479365841693624,0.0170002202461801,20.38326407517,1199,1200,1200,0.00818440479411504,0.0128725619433988,-0.571102770186847,0.83785392513651,-0.881880423381275,0.863105257812441,0,0,0,0,0,0,0,NaN,NaN,NaN,0,0,0,0,NaN,NaN,0,NaN,NaN,NaN,NaN,0,NaN,NaN
abrupt,K,"Known model",K,known,36,1,0,pre,30,40,1,complete,100,100,0.0748948807281408,0.609233710300766,0.547658362164672,0.0216732920829817,2.16732920829817,100,100,100,0.00731419281812476,0.0130817054329844,-0.571102770186847,0.109233710300766,-0.688327367953845,0.629298805468026,0,0,0,0,0,0,0,NaN,NaN,NaN,0,0,0,0,NaN,NaN,0,NaN,NaN,NaN,NaN,0,NaN,NaN
abrupt,K,"Known model",K,known,36,1,0,event,50,60,1,complete,100,100,0.0501542432212934,0.420847811439083,0.60659329846951,0.0260081549736575,2.60081549736575,100,100,100,0.0085419741303,0.0125501725710564,0.329152188560917,0.83785392513651,-0.381880432476337,0.756367332340678,0,0,0,0,0,0,0,NaN,NaN,NaN,0,0,0,0,NaN,NaN,0,NaN,NaN,NaN,NaN,0,NaN,NaN
abrupt,K,"Known model",K,known,36,1,0,late,90,100,1,complete,100,100,0.0229794188017138,0.206763465967752,0.492066463413683,0.0183058423587661,1.83058423587661,100,100,100,0.00837506043414411,0.012734576855274,0.393236534032248,0.62471479010864,-0.223369196683095,0.54737109918157,0,0,0,0,0,0,0,NaN,NaN,NaN,0,0,0,0,NaN,NaN,0,NaN,NaN,NaN,NaN,0,NaN,NaN
abrupt,K,"Known model",K,known,37,1,0,whole,0,120,1,complete,1200,1200,0.0526973512679489,0.621694790798194,0.479131061863244,0.0172532071812859,20.6865954103617,1199,1200,1200,0.00822446824986121,0.0129796828234433,-0.579422236900638,0.810043060568912,-0.880230727969176,0.863669188132317,0,0,0,0,0,0,0,NaN,NaN,NaN,0,0,0,0,NaN,NaN,0,NaN,NaN,NaN,NaN,0,NaN,NaN
abrupt,K,"Known model",K,known,37,1,0,pre,30,40,1,complete,100,100,0.0761711646194153,0.621694790798194,0.547336927919485,0.0218380764166651,2.18380764166651,100,100,100,0.00777641240584322,0.0132603816663059,-0.579422236900638,0.121694790798194,-0.689038821520652,0.629522695234693,0,0,0,0,0,0,0,NaN,NaN,NaN,0,0,0,0,NaN,NaN,0,NaN,NaN,NaN,NaN,0,NaN,NaN
abrupt,K,"Known model",K,known,37,1,0,event,50,60,1,complete,100,100,0.0505246397816706,0.425655175925492,0.60588517481302,0.0257763730668601,2.57763730668601,100,100,100,0.00847568874037144,0.0127400099683372,0.324344824074508,0.810043060568912,-0.380230737588426,0.740174064782022,0,0,0,0,0,0,0,NaN,NaN,NaN,0,0,0,0,NaN,NaN,0,NaN,NaN,NaN,NaN,0,NaN,NaN
abrupt,K,"Known model",K,known,37,1,0,late,90,100,1,complete,100,100,0.0223431054221121,0.202645027238672,0.490789257051274,0.018800484867883,1.8800484867883,100,100,100,0.00909036809926833,0.0128255502135187,0.397354972761328,0.623655444453108,-0.217226631744847,0.532769636916532,0,0,0,0,0,0,0,NaN,NaN,NaN,0,0,0,0,NaN,NaN,0,NaN,NaN,NaN,NaN,0,NaN,NaN
abrupt,K,"Known model",K,known,38,1,0,whole,0,120,1,complete,1200,1200,0.052526607022132,0.605082668573379,0.478610675630009,0.0172767790051279,20.7148580271483,1199,1200,1200,0.00821246675159022,0.0131417402321618,-0.573352328740211,0.833765891333684,-0.880721570505174,0.864008911473126,0,0,0,0,0,0,0,NaN,NaN,NaN,0,0,0,0,NaN,NaN,0,NaN,NaN,NaN,NaN,0,NaN,NaN
abrupt,K,"Known model",K,known,38,1,0,pre,30,40,1,complete,100,100,0.0748948465361199,0.605082668573379,0.548152485021244,0.0204645811837481,2.04645811837481,100,100,100,0.00721506015117875,0.011405164891347,-0.573352328740211,0.105082668573379,-0.694873288942423,0.618104517058732,0,0,0,0,0,0,0,NaN,NaN,NaN,0,0,0,0,NaN,NaN,0,NaN,NaN,NaN,NaN,0,NaN,NaN
abrupt,K,"Known model",K,known,38,1,0,event,50,60,1,complete,100,100,0.0508704156836298,0.428720059463753,0.606324679232229,0.026159955212429,2.6159955212429,100,100,100,0.00858113604123927,0.0134439456305314,0.321279940536247,0.833765891333684,-0.380721582039434,0.744360555758323,0,0,0,0,0,0,0,NaN,NaN,NaN,0,0,0,0,NaN,NaN,0,NaN,NaN,NaN,NaN,0,NaN,NaN
abrupt,K,"Known model",K,known,38,1,0,late,90,100,1,complete,100,100,0.0232849602206626,0.207926340409038,0.490206297567677,0.0204979946467398,2.04979946467398,100,100,100,0.00903292310659256,0.0148016680387158,0.392073659590962,0.628486476900772,-0.217626077175483,0.537617543237377,0,0,0,0,0,0,0,NaN,NaN,NaN,0,0,0,0,NaN,NaN,0,NaN,NaN,NaN,NaN,0,NaN,NaN
abrupt,K,"Known model",K,known,39,1,0,whole,0,120,1,complete,1200,1200,0.0525611543310395,0.614043625404176,0.478821041001731,0.0171194650665001,20.5262386147337,1199,1200,1200,0.0080873785577399,0.0127872656738476,-0.560781320211021,0.829330237919096,-0.881299602581034,0.867367288602448,0,0,0,0,0,0,0,NaN,NaN,NaN,0,0,0,0,NaN,NaN,0,NaN,NaN,NaN,NaN,0,NaN,NaN
abrupt,K,"Known model",K,known,39,1,0,pre,30,40,1,complete,100,100,0.0759788359690652,0.614043625404176,0.547821588489236,0.0213690427285744,2.13690427285744,100,100,100,0.00812411111503574,0.0125510397474735,-0.560781320211021,0.114043625404176,-0.695178642419921,0.624810550305675,0,0,0,0,0,0,0,NaN,NaN,NaN,0,0,0,0,NaN,NaN,0,NaN,NaN,NaN,NaN,0,NaN,NaN
abrupt,K,"Known model",K,known,39,1,0,event,50,60,1,complete,100,100,0.048946775895961,0.417756532777957,0.606188980836493,0.0262580520680613,2.62580520680613,100,100,100,0.00756171825105999,0.0125192516688747,0.332243467222043,0.829330237919096,-0.381299611833834,0.750064405871419,0,0,0,0,0,0,0,NaN,NaN,NaN,0,0,0,0,NaN,NaN,0,NaN,NaN,NaN,NaN,0,NaN,NaN
abrupt,K,"Known model",K,known,39,1,0,late,90,100,1,complete,100,100,0.0228993903577759,0.208250886724365,0.49120927149323,0.0180055482278481,1.80055482278481,100,100,100,0.00826056315842725,0.012467732724111,0.391749113275635,0.621208186532109,-0.216822317096921,0.536796406289894,0,0,0,0,0,0,0,NaN,NaN,NaN,0,0,0,0,NaN,NaN,0,NaN,NaN,NaN,NaN,0,NaN,NaN
abrupt,K,"Known model",K,known,40,1,0,whole,0,120,1,complete,1200,1200,0.0525132894890491,0.614133822516415,0.478844340403734,0.016759528951682,20.0946752130667,1199,1200,1200,0.00833091772061575,0.0126660627713476,-0.567557449097458,0.820179399353612,-0.880877041888836,0.862272628832366,0,0,0,0,0,0,0,NaN,NaN,NaN,0,0,0,0,NaN,NaN,0,NaN,NaN,NaN,NaN,0,NaN,NaN
abrupt,K,"Known model",K,known,40,1,0,pre,30,40,1,complete,100,100,0.0759127663608041,0.614133822516415,0.546633811704451,0.0202925813921533,2.02925813921533,100,100,100,0.00733355741586533,0.0112595296387058,-0.567557449097458,0.114133822516415,-0.68682977852146,0.612808511842286,0,0,0,0,0,0,0,NaN,NaN,NaN,0,0,0,0,NaN,NaN,0,NaN,NaN,NaN,NaN,0,NaN,NaN
abrupt,K,"Known model",K,known,40,1,0,event,50,60,1,complete,100,100,0.0492282212291594,0.417221043210449,0.605161736223147,0.0258230289627487,2.58230289627487,100,100,100,0.00909212688308185,0.0133303381032989,0.332778956789551,0.820179399353612,-0.380877050436428,0.742185548809607,0,0,0,0,0,0,0,NaN,NaN,NaN,0,0,0,0,NaN,NaN,0,NaN,NaN,NaN,NaN,0,NaN,NaN
abrupt,K,"Known model",K,known,40,1,0,late,90,100,1,complete,100,100,0.0224165399729186,0.200648377225446,0.49125383856482,0.0187310535216095,1.87310535216095,100,100,100,0.00872498354025719,0.0134654999323961,0.399351622774554,0.634960587872492,-0.221171802858978,0.533934481053,0,0,0,0,0,0,0,NaN,NaN,NaN,0,0,0,0,NaN,NaN,0,NaN,NaN,NaN,NaN,0,NaN,NaN
drift,A_none,"Affine, no forgetting",A,adaptive,0,0,3,whole,0,120,1,complete,1200,1200,0.0692555995541401,0.6,0.402674751100394,0.00759381506690743,9.10498426522201,1199,1200,1200,0.0264596444533225,0.0264596444533225,-0.534768420135315,0.827764724339731,-0.802288716299776,0.745044512765342,0,0,0,0,1199,0,1199,1,1,1,0,1150,1150,0,2,3,483,0.42,27.3216778887049,Inf,50.10121404761,0,NaN,NaN
drift,A_none,"Affine, no forgetting",A,adaptive,0,0,3,pre,30,40,1,complete,100,100,0.0576321259337956,0.455749794176306,0.519937406917736,0.0124357273567367,1.24357273567367,100,100,100,0.0140755433749863,0.0140755433749863,-0.534768420135315,-0.0442502058236944,-0.649153159046545,0.464411989886397,0,0,0,0,100,0,100,1,1,1,0,100,100,0,2,3,92,0.92,4395.8417068229,Inf,32.6420401642697,0,NaN,NaN
drift,A_none,"Affine, no forgetting",A,adaptive,0,0,3,changing,50,90,1,complete,400,400,0.0752623369818004,0.533167484749613,0.443869273408134,0.00856549538279248,3.42619815311699,400,400,400,0.0325686073349331,0.0325686073349331,-0.382971355394333,0.817238854174029,-0.755244858992592,0.660299291501488,0,0,0,0,400,0,400,1,1,1,0,400,400,0,2,3,46,0.115,37.0795304067615,Inf,49.2334868570216,0,NaN,NaN
drift,A_none,"Affine, no forgetting",A,adaptive,0,0,3,late,90,100,1,complete,100,100,0.0993941389987077,0.326917949123339,0.413722153737577,0.00911879737182722,0.911879737182722,100,100,100,0.0494558515032459,0.0494558515032459,0.273082050876661,0.543108708066901,-0.346477778385582,0.48441113390843,0,0,0,0,100,0,100,1,1,1,0,100,100,0,2,3,42,0.42,17978.9849136378,Inf,48.149856847984,0,NaN,NaN
drift,A_fixed,"Affine, fixed forgetting",A,adaptive,0,0,3,whole,0,120,1,complete,1200,1200,0.0539611142951733,0.6,0.422244664627723,0.00822784544231136,9.86518668533132,1199,1200,1200,0.00983064928646393,0.00983064928646393,-0.544980257733158,0.864477166454969,-0.805768096313387,0.842010613455529,0,0,0,0,1199,0,1199,0.99,0.99,0.99,1199,1150,1150,0,2,3,402,0.349565217391304,25.7595602570568,Inf,584.161546564605,0,NaN,NaN
drift,A_fixed,"Affine, fixed forgetting",A,adaptive,0,0,3,pre,30,40,1,complete,100,100,0.0478578213335053,0.416105008588582,0.541529837290578,0.011924716647807,1.19247166478069,100,100,100,0.0059209367442523,0.0059209367442523,-0.544980257733158,-0.0838949914114182,-0.657102097802688,0.423187165585725,0,0,0,0,100,0,100,0.99,0.99,0.99,100,100,100,0,2,3,92,0.92,5436.8087091461,Inf,380.710443087235,0,NaN,NaN
drift,A_fixed,"Affine, fixed forgetting",A,adaptive,0,0,3,changing,50,90,1,complete,400,400,0.0547060346718615,0.596136810740226,0.472224747406671,0.00931874658200046,3.72749863280018,400,400,400,0.0121957944170446,0.0121957944170446,-0.40769089233938,0.81657129065103,-0.745047901575565,0.708894171139092,0,0,0,0,400,0,400,0.99,0.99,0.99,400,400,400,0,2,3,10,0.025,32.1788947588803,Inf,559.464225710764,0,NaN,NaN
drift,A_fixed,"Affine, fixed forgetting",A,adaptive,0,0,3,late,90,100,1,complete,100,100,0.0384847563030302,0.330053690454339,0.482838336391421,0.0102154894590097,1.02154894590097,100,100,100,0.00841979680216744,0.00841979680216744,0.269946309545661,0.639631927389893,-0.391335838407428,0.554643582830559,0,0,0,0,100,0,100,0.99,0.99,0.99,100,100,100,0,2,3,38,0.38,9818.01461007047,Inf,543.286618644539,0,NaN,NaN
drift,A_vrf,"Affine, variable forgetting",A,adaptive,0,0,3,whole,0,120,1,complete,1200,1200,0.0612407684745311,0.6,0.409645203172084,0.00801821808481989,9.61384348369905,1199,1200,1200,0.0192853476441588,0.0192853476441588,-0.537587718269442,0.829616804834974,-0.802288716299776,0.749884661286878,0,0,0,0,1199,0,1199,0.96492566468431,1,1,121,1150,1150,0,2,3,424,0.368695652173913,27.3280393479342,Inf,148.970045779685,0,NaN,NaN
drift,A_vrf,"Affine, variable forgetting",A,adaptive,0,0,3,pre,30,40,1,complete,100,100,0.0563553949313305,0.453506449985831,0.522984026412683,0.0124517547103354,1.24517547103354,100,100,100,0.0127168035090912,0.0127168035090912,-0.537587718269442,-0.0464935500141689,-0.65259374320166,0.462464483338812,0,0,0,0,100,0,100,1,1,1,0,100,100,0,2,3,92,0.92,4421.32948377012,Inf,36.5591836748326,0,NaN,NaN
drift,A_vrf,"Affine, variable forgetting",A,adaptive,0,0,3,changing,50,90,1,complete,400,400,0.0673443006460296,0.542208748400946,0.450647006087877,0.00873469390829291,3.49387756331716,400,400,400,0.0259594156564848,0.0259594156564848,-0.38664092416638,0.811838570225239,-0.762761430434416,0.659723732364996,0,0,0,0,400,0,400,0.96492566468431,1,1,92,400,400,0,2,3,3,0.0075,36.7265360893668,Inf,81.8981655867578,0,NaN,NaN
drift,A_vrf,"Affine, variable forgetting",A,adaptive,0,0,3,late,90,100,1,complete,100,100,0.052530386425984,0.381047059877557,0.468348380008627,0.0109334553911022,1.09334553911022,100,100,100,0.0178223305726416,0.0178223305726416,0.218952940122443,0.624675213899309,-0.455954189595139,0.54718658227398,0,0,0,0,100,0,100,0.978877031170627,1,1,1,100,100,0,2,3,37,0.37,6864.22176725794,Inf,148.970045779685,0,NaN,NaN
drift,S_none,"Shared, no forgetting",S,adaptive,0,0,3,whole,0,120,1,complete,1200,1200,0.0661526787235281,0.610579397305078,0.40483271148695,0.00717657490556711,8.60471331177496,1199,1200,1200,0.023599962756603,0.023599962756603,-0.571983775450775,0.788104147469624,-0.74809337037237,0.769525455140371,0,0,0,0,1199,0,1199,1,1,1,0,1150,1150,0,1,3,502,0.436521739130435,30.5104792737588,Inf,55.0349307925196,0,3.09305792117212,4.25313302346289
drift,S_none,"Shared, no forgetting",S,adaptive,0,0,3,pre,30,40,1,complete,100,100,0.0750375842268308,0.610579397305078,0.547546834575339,0.0147311024058136,1.47311024058136,100,100,100,1.05799908897371e-05,1.05799908897371e-05,-0.571983775450775,0.110579397305078,-0.689711272970107,0.622125471261662,0,0,0,0,100,0,100,1,1,1,0,100,100,0,1,3,93,0.93,2276.33477980566,Inf,31.8178067223835,0,0.00264641961058011,0.00257399716723597
drift,S_none,"Shared, no forgetting",S,adaptive,0,0,3,changing,50,90,1,complete,400,400,0.073488621284521,0.47654838297067,0.441535820783456,0.00822411192857345,3.28964477142938,400,400,400,0.0317715104180565,0.0317715104180565,-0.380407268125508,0.788104147469624,-0.650083790359208,0.694683536278275,0,0,0,0,400,0,400,1,1,1,0,400,400,0,1,3,6,0.015,30.5104792737588,Inf,53.0756293957148,0,3.73970691197429,5.28906994130141
drift,S_none,"Shared, no forgetting",S,adaptive,0,0,3,late,90,100,1,complete,100,100,0.09832688673917,0.273311361698485,0.412524391498435,0.00785529287539354,0.785529287539354,100,100,100,0.0494583091517341,0.0494583091517341,0.326688638301515,0.53835393945203,-0.264129293257055,0.463664344471538,0,0,0,0,100,0,100,1,1,1,0,100,100,0,2,3,39,0.39,33435.7112641411,Inf,53.0597195955462,0,4.70674031025439,4.32270081999222
drift,S_fixed,"Shared, fixed forgetting",S,adaptive,0,0,3,whole,0,120,1,complete,1200,1200,0.0521459011169715,0.61057009397644,0.422676547478787,0.0076537166746114,9.17680629285907,1199,1200,1200,0.00723421832104242,0.00723421832104242,-0.571958796083167,0.807668937061785,-0.748056869452624,0.769481010588588,0,0,0,0,1199,0,1199,0.99,0.99,0.99,1199,1150,1150,0,1,3,485,0.421739130434783,30.4854608702805,Inf,669.574179330766,0,2.45801754953743,3.1375229168818
drift,S_fixed,"Shared, fixed forgetting",S,adaptive,0,0,3,pre,30,40,1,complete,100,100,0.0750357173973978,0.61057009397644,0.547529283994612,0.0147305891987841,1.47305891987841,100,100,100,1.8507814393281e-06,1.8507814393281e-06,-0.571958796083167,0.11057009397644,-0.689678388930055,0.622117777259411,0,0,0,0,100,0,100,0.99,0.99,0.99,100,100,100,0,1,3,93,0.93,2276.47199996039,Inf,293.085976636943,0,0.001796247658673,0.000647668861182653
drift,S_fixed,"Shared, fixed forgetting",S,adaptive,0,0,3,changing,50,90,1,complete,400,400,0.0522138090925072,0.470068640436744,0.472161332963923,0.00903732815026317,3.61493126010527,400,400,400,0.0114501146680492,0.0114501146680492,-0.437448326838037,0.807668937061785,-0.661662007943577,0.730261262575948,0,0,0,0,400,0,400,0.99,0.99,0.99,400,400,400,0,1,3,15,0.0375,30.4854608702805,Inf,632.166850837493,0,2.38379002582919,4.34316400913502
drift,S_fixed,"Shared, fixed forgetting",S,adaptive,0,0,3,late,90,100,1,complete,100,100,0.0317878123779297,0.263849942055606,0.480180745984919,0.00936713178998202,0.936713178998202,100,100,100,0.00749318145827378,0.00749318145827378,0.336150057944394,0.629550907592903,-0.297536048201011,0.555300759228021,0,0,0,0,100,0,100,0.99,0.99,0.99,100,100,100,0,2,3,38,0.38,19718.2681009379,Inf,669.574179330766,0,5.47131941686627,3.50703883255032
drift,S_vrf,"Shared, variable forgetting",S,adaptive,0,0,3,whole,0,120,1,complete,1200,1200,0.0581881484931362,0.610579397305078,0.41172960950207,0.00752383793209408,9.0210816805808,1199,1200,1200,0.0161214694447997,0.0161214694447997,-0.571983775450775,0.788104147469624,-0.74809337037237,0.769525455140371,0,0,0,0,1199,0,1199,0.968633589456661,1,1,117,1150,1150,0,1,3,495,0.430434782608696,30.5104792737588,Inf,175.791667559586,0,4.12294362405526,7.56482710741096
drift,S_vrf,"Shared, variable forgetting",S,adaptive,0,0,3,pre,30,40,1,complete,100,100,0.0750375842268308,0.610579397305078,0.547546834575339,0.0147311024058136,1.47311024058136,100,100,100,1.05799908897371e-05,1.05799908897371e-05,-0.571983775450775,0.110579397305078,-0.689711272970107,0.622125471261662,0,0,0,0,100,0,100,1,1,1,0,100,100,0,1,3,93,0.93,2276.33477980566,Inf,31.8178067223835,0,0.00264641961058011,0.00257399716723597
drift,S_vrf,"Shared, variable forgetting",S,adaptive,0,0,3,changing,50,90,1,complete,400,400,0.0657873549531594,0.47654838297067,0.447376262973235,0.00838662635710482,3.35465054284193,400,400,400,0.0257588304615142,0.0257588304615142,-0.380407268125508,0.788104147469624,-0.650083790359208,0.699284982824396,0,0,0,0,400,0,400,0.968633589456661,1,1,117,400,400,0,1,3,6,0.015,30.5104792737588,Inf,95.0901772672211,0,3.41607969876,5.59235990366603
drift,S_vrf,"Shared, variable forgetting",S,adaptive,0,0,3,late,90,100,1,complete,100,100,0.0450093585340189,0.294295911535624,0.465904347506585,0.00965063178833168,0.965063178833168,100,100,100,0.0161379040062768,0.0161379040062768,0.305704088464376,0.616210546796922,-0.33323053946229,0.54312726828996,0,0,0,0,100,0,100,1,1,1,0,100,100,0,2,3,37,0.37,15825.7234200397,Inf,175.791667559586,0,7.19097188931676,7.17184437995373
drift,S_pretrained,"Shared, pretrained-frozen",S,pretrained,0,0,3,whole,0,120,1,complete,1200,1200,0.0726832124457751,0.610541868715954,0.399533814249301,0.00695539930789532,8.33952377016648,1199,1200,1200,0.0296059031135369,0.0296059031135369,-0.572113045620252,0.784069888543928,-0.748206802700148,0.769713177514718,0,0,0,0,0,0,0,NaN,NaN,NaN,0,1150,1150,0,1,3,739,0.642608695652174,30.4895565018621,Inf,13.6429091617965,0,5.1983163753779,8.65614255958402
drift,S_pretrained,"Shared, pretrained-frozen",S,pretrained,0,0,3,pre,30,40,1,complete,100,100,0.0750351760955938,0.610541868715954,0.547655144880698,0.0147322520564849,1.47322520564849,100,100,100,6.76044391416114e-05,6.76044391416114e-05,-0.572113045620252,0.110541868715954,-0.689875255551417,0.622085148890404,0,0,0,0,0,0,0,NaN,NaN,NaN,0,100,100,0,1,3,93,0.93,2276.56903445185,Inf,13.6429091617965,0,0.00571913545218456,0.00571913545218456
drift,S_pretrained,"Shared, pretrained-frozen",S,pretrained,0,0,3,changing,50,90,1,complete,400,400,0.0807096103388209,0.47345365653551,0.432881917832112,0.00789787739194885,3.15915095677954,400,400,400,0.0376197081275012,0.0376197081275012,-0.379415671113877,0.784069888543928,-0.646350798491476,0.676304752769264,0,0,0,0,0,0,0,NaN,NaN,NaN,0,400,400,0,1,3,225,0.5625,30.4895565018621,Inf,13.6429091617965,0,4.98706682540418,8.63449192677737
drift,S_pretrained,"Shared, pretrained-frozen",S,pretrained,0,0,3,late,90,100,1,complete,100,100,0.125978006384192,0.267222812696384,0.387022466447964,0.00720385990803302,0.720385990803302,100,100,100,0.0676624557958854,0.0676624557958854,0.332777187303616,0.50018878451,-0.222169705759971,0.44313424891197,0,0,0,0,0,0,0,NaN,NaN,NaN,0,100,100,0,1,3,50,0.5,74734.9059026749,Inf,13.6429091617965,0,8.65614255958402,8.65614255958402
drift,S_prior,"Shared, prior-frozen",S,prior,0,0,3,whole,0,120,1,complete,1200,1200,0.505325423954798,1.07816609256055,0.737686586427094,0.00960599274696513,11.5175853036112,1199,1200,1200,0.302406130020316,0.302406130020316,-0.827586186700745,1.74856096463379,-0.999999993234196,0.999999999616545,0.548560964633792,389,0,0,0,0,0,NaN,NaN,NaN,0,1150,1150,0,1,3,701,0.609565217391304,37.2806014371865,Inf,1,0,12.4553379202788,9.29157324317757
drift,S_prior,"Shared, prior-frozen",S,prior,0,0,3,pre,30,40,1,complete,100,100,0.329544098607745,0.733992840275571,0.968942078675313,0.0174999996752392,1.74999996752392,100,100,100,0.230048723136544,0.230048723136544,-0.827586186700745,0.233992840275571,-0.999999967936161,0.749999999587762,0,0,0,0,0,0,0,NaN,NaN,NaN,0,100,100,0,1,3,93,0.93,8356.27707666269,Inf,1,0,14.5373083249044,14.5373083249044
drift,S_prior,"Shared, prior-frozen",S,prior,0,0,3,changing,50,90,1,complete,400,400,0.507949312729367,1.07816609256055,0.80428398036755,0.0112253808962049,4.49015235848197,400,400,400,0.295241925068083,0.295241925068083,-0.672607112684899,1.67119842802583,-0.999999938188222,0.999999999616545,0.471198428025825,99,0,0,0,0,0,NaN,NaN,NaN,0,400,400,0,1,3,217,0.5425,38.3531859786013,Inf,1,0,11.6828789884315,9.29832254136913
drift,S_prior,"Shared, prior-frozen",S,prior,0,0,3,late,90,100,1,complete,100,100,0.38550073766264,0.425158744285398,0.773958595943465,0.00774553148559971,0.774553148559971,100,100,100,0.229669902377901,0.229669902377901,0.786463747603787,1.0251587442854,0.107767065293224,0.830610621750311,0,0,0,0,0,0,0,NaN,NaN,NaN,0,100,100,0,1,3,47,0.47,122858.371986424,Inf,1,0,9.29157324317757,9.29157324317757
drift,K,"Known model",K,known,0,0,0,whole,0,120,1,complete,1200,1200,0.0503615464440745,0.610542240652279,0.430956195386404,0.00788009537903811,9.4482343594667,1199,1200,1200,5.49335187441306e-17,5.49335187441306e-17,-0.57194012757205,0.828938711613303,-0.747984972203211,0.83110921837881,0,0,0,0,0,0,0,NaN,NaN,NaN,0,0,0,0,NaN,NaN,0,NaN,NaN,NaN,NaN,0,NaN,NaN
drift,K,"Known model",K,known,0,0,0,pre,30,40,1,complete,100,100,0.0750313051306961,0.610542240652279,0.547527522405778,0.0147300280904721,1.47300280904721,100,100,100,6.30485480024342e-17,6.30485480024342e-17,-0.57194012757205,0.110542240652279,-0.689652441705812,0.622093260329003,0,0,0,0,0,0,0,NaN,NaN,NaN,0,0,0,0,NaN,NaN,0,NaN,NaN,NaN,NaN,0,NaN,NaN
drift,K,"Known model",K,known,0,0,0,changing,50,90,1,complete,400,400,0.0478842209299544,0.480495814341567,0.49057346101969,0.00974207178008893,3.89682871203557,400,400,400,5.05968613510436e-17,5.05968613510436e-17,-0.453246601430966,0.828938711613303,-0.710401573206297,0.83110921837881,0,0,0,0,0,0,0,NaN,NaN,NaN,0,0,0,0,NaN,NaN,0,NaN,NaN,NaN,NaN,0,NaN,NaN
drift,K,"Known model",K,known,0,0,0,late,90,100,1,complete,100,100,0.0219950961887361,0.208305803143295,0.490773339021836,0.0082862702243872,0.82862702243872,100,100,100,6.69018773335692e-17,6.69018773335692e-17,0.391694196856705,0.628941279896483,-0.221439372673866,0.548203164648453,0,0,0,0,0,0,0,NaN,NaN,NaN,0,0,0,0,NaN,NaN,0,NaN,NaN,NaN,NaN,0,NaN,NaN
