kind,sourceStudy,plant,modelId,model,unit,sourceFile,sourceCampaign,trial,scenario,evaluationRange,status,snapshot,fittingTransitions,snapshotTime,inputMode,initialization,squaredUnit,currentTrueGain,horizon,horizonSeconds,attemptedQueries,finiteQueries,failedQueries,modelMeanError,modelMSE,modelRMSE,freezingMeanError,freezingMSE,freezingRMSE,totalMeanError,totalMSE,totalRMSE,initializationMeanError,initializationMSE,initializationRMSE,changeMeanError,changeMSE,changeRMSE,combinedMeanError,combinedMSE,combinedRMSE,meanCrossTerm,meanCombinedCrossTerm,aggregateSquaredResidual,aggregateCombinedSquaredResidual,identityResidualMax,squaredIdentityResidualMax,combinedIdentityResidualMax,combinedSquaredIdentityResidualMax,referenceRefinementRMSE,archiveComparisonMax
onlineCommonQueries,3,A,A,"Affine, no forgetting",dimensionless state,study3_pilot_20260918/runs/abrupt_A_none_000.mat,pilot,0,abrupt,0.5,derived pilot,Online at 49.9 s; different training histories,NaN,49.9,held,clean,(dimensionless state)^2,0.45,1,0.1,29,29,0,0.0158244123854145,0.000441079485163848,0.0210018924186333,-1.67490542508106e-18,5.36271872445756e-34,2.31575446117622e-17,0.0158244123854145,0.000441079485163848,0.0210018924186333,0,0,0,0,0,0,0.0158244123854145,0.000441079485163848,0.0210018924186333,8.08488751679638e-20,8.08488751679638e-20,8.17814507048614e-20,8.17814507048614e-20,0,8.47615369263552e-20,0,8.47615369263552e-20,0,NaN
onlineCommonQueries,3,A,A,"Affine, no forgetting",dimensionless state,study3_pilot_20260918/runs/abrupt_A_none_000.mat,pilot,0,abrupt,0.5,derived pilot,Online at 49.9 s; different training histories,NaN,49.9,held,clean,(dimensionless state)^2,0.45,2,0.2,29,29,0,0.0259548607583273,0.00114861127122847,0.0338911680416664,1.50741488257295e-17,3.27242062102348e-33,5.72050751334485e-17,0.0259548607583273,0.00114861127122847,0.0338911680416665,0,0,0,0,0,0,0.0259548607583273,0.00114861127122847,0.0338911680416665,9.20232011418907e-19,9.20232011418907e-19,1.63970161066594e-19,1.63970161066594e-19,0,1.61078132344941e-19,0,1.61078132344941e-19,0,NaN
onlineCommonQueries,3,A,A,"Affine, no forgetting",dimensionless state,study3_pilot_20260918/runs/abrupt_A_none_000.mat,pilot,0,abrupt,0.5,derived pilot,Online at 49.9 s; different training histories,NaN,49.9,held,clean,(dimensionless state)^2,0.45,5,0.5,29,29,0,0.0390497634813986,0.00274672782561583,0.0524092341636073,1.24421545863164e-17,5.23321653854187e-33,7.23409741332108e-17,0.0390497634813986,0.00274672782561583,0.0524092341636073,0,0,0,0,0,0,0.0390497634813986,0.00274672782561583,0.0524092341636073,1.24901558698144e-18,1.24901558698144e-18,-3.81653848993043e-19,-3.81653848993043e-19,0,2.21836822438083e-19,0,2.21836822438083e-19,0,NaN
onlineCommonQueries,3,A,A,"Affine, no forgetting",dimensionless state,study3_pilot_20260918/runs/abrupt_A_none_000.mat,pilot,0,abrupt,0.5,derived pilot,Online at 49.9 s; different training histories,NaN,49.9,held,clean,(dimensionless state)^2,0.45,10,1,29,29,0,0.0427379741005987,0.0038325751129655,0.0619077952520157,2.39272203583008e-17,5.87076576151144e-33,7.66209224788598e-17,0.0427379741005988,0.0038325751129655,0.0619077952520157,0,0,0,0,0,0,0.0427379741005988,0.0038325751129655,0.0619077952520157,1.72522418082765e-18,1.72522418082765e-18,9.49929514914775e-21,9.49929514914775e-21,0,4.1221585657162e-19,0,4.1221585657162e-19,0,NaN
onlineCommonQueries,3,A,A,"Affine, no forgetting",dimensionless state,study3_pilot_20260918/runs/abrupt_A_none_000.mat,pilot,0,abrupt,0.5,derived pilot,Online at 49.9 s; different training histories,NaN,49.9,held,clean,(dimensionless state)^2,0.45,20,2,29,29,0,0.0428626329247721,0.00416348654931398,0.0645250846517382,7.65671051465625e-18,4.6753609684435e-33,6.8376611267622e-17,0.0428626329247721,0.00416348654931398,0.0645250846517382,0,0,0,0,0,0,0.0428626329247721,0.00416348654931398,0.0645250846517382,7.12203045134818e-19,7.12203045134818e-19,1.55158692853581e-19,1.55158692853581e-19,0,4.37928458741193e-19,0,4.37928458741193e-19,0,NaN
onlineCommonQueries,3,A,A,"Affine, no forgetting",dimensionless state,study3_pilot_20260918/runs/abrupt_A_none_000.mat,pilot,0,abrupt,0.5,derived pilot,Online at 49.9 s; different training histories,NaN,49.9,rateLimited,clean,(dimensionless state)^2,0.45,1,0.1,29,29,0,0.0158244123854145,0.000441079485163848,0.0210018924186333,-1.67490542508106e-18,5.36271872445756e-34,2.31575446117622e-17,0.0158244123854145,0.000441079485163848,0.0210018924186333,0,0,0,0,0,0,0.0158244123854145,0.000441079485163848,0.0210018924186333,8.08488751679638e-20,8.08488751679638e-20,8.17814507048614e-20,8.17814507048614e-20,0,8.47615369263552e-20,0,8.47615369263552e-20,0,NaN
onlineCommonQueries,3,A,A,"Affine, no forgetting",dimensionless state,study3_pilot_20260918/runs/abrupt_A_none_000.mat,pilot,0,abrupt,0.5,derived pilot,Online at 49.9 s; different training histories,NaN,49.9,rateLimited,clean,(dimensionless state)^2,0.45,2,0.2,29,29,0,0.0323223509740849,0.00156600170725409,0.0395727394459126,1.43563322149805e-18,1.99566189064953e-33,4.46728316838046e-17,0.0323223509740849,0.00156600170725409,0.0395727394459126,0,0,0,0,0,0,0.0323223509740849,0.00156600170725409,0.0395727394459126,2.91994938368917e-19,2.91994938368917e-19,-2.91994938368919e-19,-2.91994938368919e-19,0,5.71081416539975e-19,0,5.71081416539975e-19,0,NaN
onlineCommonQueries,3,A,A,"Affine, no forgetting",dimensionless state,study3_pilot_20260918/runs/abrupt_A_none_000.mat,pilot,0,abrupt,0.5,derived pilot,Online at 49.9 s; different training histories,NaN,49.9,rateLimited,clean,(dimensionless state)^2,0.45,5,0.5,29,29,0,0.0411780723798368,0.00348157309416861,0.059004856530362,7.17816610749024e-18,7.04624714136158e-33,8.39419271958988e-17,0.0411780723798368,0.00348157309416861,0.059004856530362,0,0,0,0,0,0,0.0411780723798368,0.00348157309416861,0.059004856530362,-1.13715375142917e-18,-1.13715375142917e-18,-1.03125059354184e-18,-1.03125059354184e-18,0,4.75831337209629e-19,0,4.75831337209629e-19,0,NaN
onlineCommonQueries,3,A,A,"Affine, no forgetting",dimensionless state,study3_pilot_20260918/runs/abrupt_A_none_000.mat,pilot,0,abrupt,0.5,derived pilot,Online at 49.9 s; different training histories,NaN,49.9,rateLimited,clean,(dimensionless state)^2,0.45,10,1,29,29,0,0.0518077072807657,0.00425837709333876,0.0652562417960057,7.17816610749024e-19,1.18262060291985e-32,1.08748361041436e-16,0.0518077072807657,0.00425837709333876,0.0652562417960057,0,0,0,0,0,0,0.0518077072807657,0.00425837709333876,0.0652562417960057,2.15198171959978e-19,2.15198171959978e-19,6.52163566028414e-19,6.52163566028414e-19,1.38777878078145e-17,3.12254575983488e-18,1.38777878078145e-17,3.12254575983488e-18,0,NaN
onlineCommonQueries,3,A,A,"Affine, no forgetting",dimensionless state,study3_pilot_20260918/runs/abrupt_A_none_000.mat,pilot,0,abrupt,0.5,derived pilot,Online at 49.9 s; different training histories,NaN,49.9,rateLimited,clean,(dimensionless state)^2,0.45,20,2,29,29,0,0.0344409930832067,0.00410252381980966,0.0640509470641119,-6.93889390390723e-18,9.62466886863173e-33,9.81053967355096e-17,0.0344409930832067,0.00410252381980966,0.0640509470641119,0,0,0,0,0,0,0.0344409930832067,0.00410252381980966,0.0640509470641119,-1.47420202629337e-18,-1.47420202629337e-18,6.06840288304959e-19,6.06840288304959e-19,6.93889390390723e-18,6.81003665499602e-19,6.93889390390723e-18,6.81003665499602e-19,0,NaN
onlineCommonQueries,3,A,A,"Affine, no forgetting",dimensionless state,study3_pilot_20260918/runs/abrupt_A_none_000.mat,pilot,0,abrupt,0.5,derived pilot,Online at 55 s; different training histories,NaN,55,held,clean,(dimensionless state)^2,0.3,1,0.1,29,29,0,0.0158359070432874,0.00156706177335943,0.0395861310733877,2.15344983224707e-18,1.07918488263078e-34,1.03883823698918e-17,0.0158359070432874,0.00156706177335943,0.0395861310733877,0,0,0,0,0,0,0.0158359070432874,0.00156706177335943,0.0395861310733877,2.46821569307309e-19,2.46821569307309e-19,-2.99811348102084e-20,-2.99811348102084e-20,0,2.15915294845422e-19,0,2.15915294845422e-19,0,NaN
onlineCommonQueries,3,A,A,"Affine, no forgetting",dimensionless state,study3_pilot_20260918/runs/abrupt_A_none_000.mat,pilot,0,abrupt,0.5,derived pilot,Online at 55 s; different training histories,NaN,55,held,clean,(dimensionless state)^2,0.3,2,0.2,29,29,0,0.0272004219233766,0.00419564890077819,0.0647738288259865,1.07672491612354e-17,3.32887029180725e-33,5.76963628992959e-17,0.0272004219233766,0.0041956489007782,0.0647738288259865,0,0,0,0,0,0,0.0272004219233766,0.0041956489007782,0.0647738288259865,2.87749294798186e-18,2.87749294798186e-18,-2.75407734016654e-19,-2.75407734016654e-19,0,5.21269922365018e-19,0,5.21269922365018e-19,0,NaN
onlineCommonQueries,3,A,A,"Affine, no forgetting",dimensionless state,study3_pilot_20260918/runs/abrupt_A_none_000.mat,pilot,0,abrupt,0.5,derived pilot,Online at 55 s; different training histories,NaN,55,held,clean,(dimensionless state)^2,0.3,5,0.5,29,29,0,0.0449951197801427,0.00969221691514132,0.0984490574619245,-9.0923437361543e-18,5.79771324637951e-33,7.61427163054977e-17,0.0449951197801427,0.00969221691514132,0.0984490574619245,0,0,0,0,0,0,0.0449951197801427,0.00969221691514132,0.0984490574619245,6.44986362576391e-19,6.44986362576391e-19,-6.44986362576397e-19,-6.44986362576397e-19,0,1.86792792782849e-18,0,1.86792792782849e-18,0,NaN
onlineCommonQueries,3,A,A,"Affine, no forgetting",dimensionless state,study3_pilot_20260918/runs/abrupt_A_none_000.mat,pilot,0,abrupt,0.5,derived pilot,Online at 55 s; different training histories,NaN,55,held,clean,(dimensionless state)^2,0.3,10,1,29,29,0,0.052643885077688,0.0121524489390561,0.110238146478685,-3.54122861302852e-17,1.29369363160908e-32,1.13740653752697e-16,0.052643885077688,0.0121524489390561,0.110238146478685,0,0,0,0,0,0,0.052643885077688,0.0121524489390561,0.110238146478685,-8.17063924865557e-18,-8.17063924865557e-18,2.96646882072514e-18,2.96646882072514e-18,0,2.18195680046089e-18,0,2.18195680046089e-18,0,NaN
onlineCommonQueries,3,A,A,"Affine, no forgetting",dimensionless state,study3_pilot_20260918/runs/abrupt_A_none_000.mat,pilot,0,abrupt,0.5,derived pilot,Online at 55 s; different training histories,NaN,55,held,clean,(dimensionless state)^2,0.3,20,2,29,29,0,0.0539912010282702,0.0125321269149445,0.111946982607592,-1.72275986579766e-17,1.15821442172805e-32,1.07620370828577e-16,0.0539912010282702,0.0125321269149445,0.111946982607592,0,0,0,0,0,0,0.0539912010282702,0.0125321269149445,0.111946982607592,-2.30465496390151e-18,-2.30465496390151e-18,-1.16479198805212e-18,-1.16479198805212e-18,0,2.21450976653297e-18,0,2.21450976653297e-18,0,NaN
onlineCommonQueries,3,A,A,"Affine, no forgetting",dimensionless state,study3_pilot_20260918/runs/abrupt_A_none_000.mat,pilot,0,abrupt,0.5,derived pilot,Online at 55 s; different training histories,NaN,55,rateLimited,clean,(dimensionless state)^2,0.3,1,0.1,29,29,0,0.0158359070432874,0.00156706177335943,0.0395861310733877,2.15344983224707e-18,1.07918488263078e-34,1.03883823698918e-17,0.0158359070432874,0.00156706177335943,0.0395861310733877,0,0,0,0,0,0,0.0158359070432874,0.00156706177335943,0.0395861310733877,2.46821569307309e-19,2.46821569307309e-19,-2.99811348102084e-20,-2.99811348102084e-20,0,2.15915294845422e-19,0,2.15915294845422e-19,0,NaN
onlineCommonQueries,3,A,A,"Affine, no forgetting",dimensionless state,study3_pilot_20260918/runs/abrupt_A_none_000.mat,pilot,0,abrupt,0.5,derived pilot,Online at 55 s; different training histories,NaN,55,rateLimited,clean,(dimensionless state)^2,0.3,2,0.2,29,29,0,0.030269428066309,0.00397437305280752,0.0630426288538757,3.58908305374512e-18,1.75492064760113e-33,4.18917730300488e-17,0.030269428066309,0.00397437305280752,0.0630426288538757,0,0,0,0,0,0,0.030269428066309,0.00397437305280752,0.0630426288538757,1.35188084227171e-18,1.35188084227171e-18,3.82842633705094e-19,3.82842633705094e-19,0,6.22943247552193e-19,0,6.22943247552193e-19,0,NaN
onlineCommonQueries,3,A,A,"Affine, no forgetting",dimensionless state,study3_pilot_20260918/runs/abrupt_A_none_000.mat,pilot,0,abrupt,0.5,derived pilot,Online at 55 s; different training histories,NaN,55,rateLimited,clean,(dimensionless state)^2,0.3,5,0.5,29,29,0,0.0426465812867158,0.0110036116275342,0.104898101162672,2.39272203583008e-18,7.01968259040451e-33,8.37835460600977e-17,0.0426465812867158,0.0110036116275342,0.104898101162672,0,0,0,0,0,0,0.0426465812867158,0.0110036116275342,0.104898101162672,4.08614907960112e-18,4.08614907960112e-18,2.8527448243061e-18,2.8527448243061e-18,0,2.4441957942799e-18,0,2.4441957942799e-18,0,NaN
onlineCommonQueries,3,A,A,"Affine, no forgetting",dimensionless state,study3_pilot_20260918/runs/abrupt_A_none_000.mat,pilot,0,abrupt,0.5,derived pilot,Online at 55 s; different training histories,NaN,55,rateLimited,clean,(dimensionless state)^2,0.3,10,1,29,29,0,0.0461478560222047,0.010555928071306,0.102742046267855,2.63199423941309e-18,1.28854674986115e-32,1.13514173117772e-16,0.0461478560222048,0.010555928071306,0.102742046267855,0,0,0,0,0,0,0.0461478560222048,0.010555928071306,0.102742046267855,2.41980742756064e-18,2.41980742756064e-18,2.78436300036977e-18,2.78436300036977e-18,0,2.56285264384906e-18,0,2.56285264384906e-18,0,NaN
onlineCommonQueries,3,A,A,"Affine, no forgetting",dimensionless state,study3_pilot_20260918/runs/abrupt_A_none_000.mat,pilot,0,abrupt,0.5,derived pilot,Online at 55 s; different training histories,NaN,55,rateLimited,clean,(dimensionless state)^2,0.3,20,2,29,29,0,0.0529455192846111,0.0154208056303786,0.124180536439406,9.57088814332031e-19,1.97142173790121e-32,1.40407326657166e-16,0.0529455192846111,0.0154208056303786,0.124180536439406,0,0,0,0,0,0,0.0529455192846111,0.0154208056303786,0.124180536439406,4.69485146446975e-18,4.69485146446975e-18,-2.96012798849296e-18,-2.96012798849296e-18,0,2.83122498726885e-18,0,2.83122498726885e-18,0,NaN
onlineCommonQueries,3,A,A,"Affine, no forgetting",dimensionless state,study3_pilot_20260918/runs/abrupt_A_none_000.mat,pilot,0,abrupt,0.5,derived pilot,Online at 59.9 s; different training histories,NaN,59.9,held,clean,(dimensionless state)^2,0.3,1,0.1,29,29,0,0.0127537942625338,0.00140644283742297,0.0375025710775004,4.78544407166016e-19,6.64113773926633e-36,2.57704050012147e-18,0.0127537942625338,0.00140644283742297,0.0375025710775004,0,0,0,0,0,0,0.0127537942625338,0.00140644283742297,0.0375025710775004,7.45478221004596e-21,7.45478221004596e-21,-7.45478221004597e-21,-7.45478221004597e-21,0,6.12451317226659e-21,0,6.12451317226659e-21,0,NaN
onlineCommonQueries,3,A,A,"Affine, no forgetting",dimensionless state,study3_pilot_20260918/runs/abrupt_A_none_000.mat,pilot,0,abrupt,0.5,derived pilot,Online at 59.9 s; different training histories,NaN,59.9,held,clean,(dimensionless state)^2,0.3,2,0.2,29,29,0,0.0220113259214596,0.00368288557190752,0.0606867825140493,4.30689966449414e-18,1.75658093203594e-33,4.19115846996501e-17,0.0220113259214596,0.00368288557190752,0.0606867825140493,0,0,0,0,0,0,0.0220113259214596,0.00368288557190752,0.0606867825140493,2.6583046000158e-18,2.6583046000158e-18,3.77461482943614e-19,3.77461482943614e-19,0,9.57113740083214e-19,0,9.57113740083214e-19,0,NaN
onlineCommonQueries,3,A,A,"Affine, no forgetting",dimensionless state,study3_pilot_20260918/runs/abrupt_A_none_000.mat,pilot,0,abrupt,0.5,derived pilot,Online at 59.9 s; different training histories,NaN,59.9,held,clean,(dimensionless state)^2,0.3,5,0.5,29,29,0,0.0367081948450667,0.00817301465522273,0.0904047269517625,-5.74253288599219e-18,5.41916839524133e-33,7.36150011562951e-17,0.0367081948450667,0.00817301465522274,0.0904047269517625,0,0,0,0,0,0,0.0367081948450667,0.00817301465522274,0.0904047269517625,7.57210572175274e-18,7.57210572175274e-18,-6.33211817845521e-19,-6.33211817845521e-19,0,8.43475137788798e-19,0,8.43475137788798e-19,0,NaN
onlineCommonQueries,3,A,A,"Affine, no forgetting",dimensionless state,study3_pilot_20260918/runs/abrupt_A_none_000.mat,pilot,0,abrupt,0.5,derived pilot,Online at 59.9 s; different training histories,NaN,59.9,held,clean,(dimensionless state)^2,0.3,10,1,29,29,0,0.0431205266365767,0.0100535729141061,0.100267506771168,-9.57088814332032e-18,8.5006563062609e-33,9.21990038246667e-17,0.0431205266365767,0.0100535729141061,0.100267506771168,0,0,0,0,0,0,0.0431205266365767,0.0100535729141061,0.100267506771168,7.44367024416123e-18,7.44367024416123e-18,-5.04776340254012e-19,-5.04776340254012e-19,0,2.28615253802039e-18,0,2.28615253802039e-18,0,NaN
onlineCommonQueries,3,A,A,"Affine, no forgetting",dimensionless state,study3_pilot_20260918/runs/abrupt_A_none_000.mat,pilot,0,abrupt,0.5,derived pilot,Online at 59.9 s; different training histories,NaN,59.9,held,clean,(dimensionless state)^2,0.3,20,2,29,29,0,0.0442561286251101,0.010327054615581,0.101622116763926,-1.91417762866406e-18,9.03194732540221e-33,9.50365578364569e-17,0.0442561286251101,0.010327054615581,0.101622116763926,0,0,0,0,0,0,0.0442561286251101,0.010327054615581,0.101622116763926,9.23623851365261e-18,9.23623851365261e-18,-4.0320680857222e-18,-4.0320680857222e-18,0,2.53626449037845e-18,0,2.53626449037845e-18,0,NaN
onlineCommonQueries,3,A,A,"Affine, no forgetting",dimensionless state,study3_pilot_20260918/runs/abrupt_A_none_000.mat,pilot,0,abrupt,0.5,derived pilot,Online at 59.9 s; different training histories,NaN,59.9,rateLimited,clean,(dimensionless state)^2,0.3,1,0.1,29,29,0,0.0127537942625338,0.00140644283742297,0.0375025710775004,4.78544407166016e-19,6.64113773926633e-36,2.57704050012147e-18,0.0127537942625338,0.00140644283742297,0.0375025710775004,0,0,0,0,0,0,0.0127537942625338,0.00140644283742297,0.0375025710775004,7.45478221004596e-21,7.45478221004596e-21,-7.45478221004597e-21,-7.45478221004597e-21,0,6.12451317226659e-21,0,6.12451317226659e-21,0,NaN
onlineCommonQueries,3,A,A,"Affine, no forgetting",dimensionless state,study3_pilot_20260918/runs/abrupt_A_none_000.mat,pilot,0,abrupt,0.5,derived pilot,Online at 59.9 s; different training histories,NaN,59.9,rateLimited,clean,(dimensionless state)^2,0.3,2,0.2,29,29,0,0.0252647738137169,0.0034552285616343,0.0587811922440699,3.1105386465791e-18,2.17331232517491e-33,4.66187979808028e-17,0.0252647738137169,0.0034552285616343,0.0587811922440699,0,0,0,0,0,0,0.0252647738137169,0.0034552285616343,0.0587811922440699,2.35132343412912e-18,2.35132343412912e-18,2.5076177983609e-19,2.5076177983609e-19,0,9.57113740083214e-19,0,9.57113740083214e-19,0,NaN
onlineCommonQueries,3,A,A,"Affine, no forgetting",dimensionless state,study3_pilot_20260918/runs/abrupt_A_none_000.mat,pilot,0,abrupt,0.5,derived pilot,Online at 59.9 s; different training histories,NaN,59.9,rateLimited,clean,(dimensionless state)^2,0.3,5,0.5,29,29,0,0.0352347008147348,0.00832814308746758,0.0912586603422797,7.17816610749024e-18,6.51495612222027e-33,8.07152781214329e-17,0.0352347008147348,0.00832814308746759,0.0912586603422798,0,0,0,0,0,0,0.0352347008147348,0.00832814308746759,0.0912586603422798,5.75521638998459e-18,5.75521638998459e-18,-5.51045962054175e-19,-5.51045962054175e-19,0,7.67015566664321e-19,0,7.67015566664321e-19,0,NaN
onlineCommonQueries,3,A,A,"Affine, no forgetting",dimensionless state,study3_pilot_20260918/runs/abrupt_A_none_000.mat,pilot,0,abrupt,0.5,derived pilot,Online at 59.9 s; different training histories,NaN,59.9,rateLimited,clean,(dimensionless state)^2,0.3,10,1,29,29,0,0.0378005802432427,0.00814835401123643,0.090268233677393,1.05279769576523e-17,9.98495059098693e-33,9.99247246230227e-17,0.0378005802432427,0.00814835401123642,0.090268233677393,0,0,0,0,0,0,0.0378005802432427,0.00814835401123642,0.090268233677393,-1.67656618057931e-18,-1.67656618057931e-18,-1.79288077137432e-18,-1.79288077137432e-18,0,2.66239208999885e-18,0,2.66239208999885e-18,0,NaN
onlineCommonQueries,3,A,A,"Affine, no forgetting",dimensionless state,study3_pilot_20260918/runs/abrupt_A_none_000.mat,pilot,0,abrupt,0.5,derived pilot,Online at 59.9 s; different training histories,NaN,59.9,rateLimited,clean,(dimensionless state)^2,0.3,20,2,29,29,0,0.0429752496991719,0.0119886567495766,0.109492724642218,4.06762746091113e-18,1.2799132708001e-32,1.13133251999582e-16,0.0429752496991719,0.0119886567495766,0.109492724642218,0,0,0,0,0,0,0.0429752496991719,0.0119886567495766,0.109492724642218,3.5883658220074e-19,3.5883658220074e-19,4.84533384572967e-18,4.84533384572967e-18,0,3.01881760207405e-18,0,3.01881760207405e-18,0,NaN
onlineCommonQueries,3,A,A,"Affine, no forgetting",dimensionless state,study3_pilot_20260918/runs/abrupt_A_none_000.mat,pilot,0,abrupt,0.5,derived pilot,Online at 95 s; different training histories,NaN,95,held,clean,(dimensionless state)^2,0.3,1,0.1,29,29,0,0.0161227564087421,0.00155532196257988,0.0394375704446899,4.78544407166016e-19,2.49042665222487e-34,1.57810856794609e-17,0.0161227564087421,0.00155532196257988,0.0394375704446899,0,0,0,0,0,0,0.0161227564087421,0.00155532196257988,0.0394375704446899,2.28654244916363e-19,2.28654244916363e-19,-1.18138104192621e-20,-1.18138104192621e-20,0,1.11954715896194e-19,0,1.11954715896194e-19,0,NaN
onlineCommonQueries,3,A,A,"Affine, no forgetting",dimensionless state,study3_pilot_20260918/runs/abrupt_A_none_000.mat,pilot,0,abrupt,0.5,derived pilot,Online at 95 s; different training histories,NaN,95,held,clean,(dimensionless state)^2,0.3,2,0.2,29,29,0,0.0279064523064551,0.0037073557882469,0.0608880594882683,-3.82835525732813e-18,9.49682696715085e-34,3.0816922245985e-17,0.0279064523064551,0.00370735578824691,0.0608880594882683,0,0,0,0,0,0,0.0279064523064551,0.00370735578824691,0.0608880594882683,9.54443953307163e-19,9.54443953307163e-19,3.46598653675442e-19,3.46598653675442e-19,0,3.77853700644413e-19,0,3.77853700644413e-19,0,NaN
onlineCommonQueries,3,A,A,"Affine, no forgetting",dimensionless state,study3_pilot_20260918/runs/abrupt_A_none_000.mat,pilot,0,abrupt,0.5,derived pilot,Online at 95 s; different training histories,NaN,95,held,clean,(dimensionless state)^2,0.3,5,0.5,29,29,0,0.0469758022324413,0.00656804075289683,0.0810434497840315,-1.72275986579766e-17,6.22938719943182e-33,7.89264670400989e-17,0.0469758022324413,0.00656804075289683,0.0810434497840315,0,0,0,0,0,0,0.0469758022324413,0.00656804075289683,0.0810434497840315,4.74118834854492e-18,4.74118834854492e-18,4.629820793855e-19,4.629820793855e-19,0,5.34185256977169e-19,0,5.34185256977169e-19,0,NaN
onlineCommonQueries,3,A,A,"Affine, no forgetting",dimensionless state,study3_pilot_20260918/runs/abrupt_A_none_000.mat,pilot,0,abrupt,0.5,derived pilot,Online at 95 s; different training histories,NaN,95,held,clean,(dimensionless state)^2,0.3,10,1,29,29,0,0.0558006565796022,0.00700143201937974,0.0836745601684272,-1.57919654364785e-17,1.16684790078909e-32,1.08020734157341e-16,0.0558006565796022,0.00700143201937975,0.0836745601684272,0,0,0,0,0,0,0.0558006565796022,0.00700143201937975,0.0836745601684272,8.71963204704658e-18,8.71963204704658e-18,8.21347070825845e-19,8.21347070825845e-19,0,2.42570201494291e-18,0,2.42570201494291e-18,0,NaN
onlineCommonQueries,3,A,A,"Affine, no forgetting",dimensionless state,study3_pilot_20260918/runs/abrupt_A_none_000.mat,pilot,0,abrupt,0.5,derived pilot,Online at 95 s; different training histories,NaN,95,held,clean,(dimensionless state)^2,0.3,20,2,29,29,0,0.0576274297691336,0.00696753132175969,0.0834717396593583,-1.05279769576523e-17,1.68286430313009e-32,1.2972525980433e-16,0.0576274297691335,0.0069675313217597,0.0834717396593583,0,0,0,0,0,0,0.0576274297691335,0.0069675313217597,0.0834717396593583,1.03908771531e-17,1.03908771531e-17,8.8482544074921e-19,8.8482544074921e-19,0,1.29820942154856e-18,0,1.29820942154856e-18,0,NaN
onlineCommonQueries,3,A,A,"Affine, no forgetting",dimensionless state,study3_pilot_20260918/runs/abrupt_A_none_000.mat,pilot,0,abrupt,0.5,derived pilot,Online at 95 s; different training histories,NaN,95,rateLimited,clean,(dimensionless state)^2,0.3,1,0.1,29,29,0,0.0161227564087421,0.00155532196257988,0.0394375704446899,4.78544407166016e-19,2.49042665222487e-34,1.57810856794609e-17,0.0161227564087421,0.00155532196257988,0.0394375704446899,0,0,0,0,0,0,0.0161227564087421,0.00155532196257988,0.0394375704446899,2.28654244916363e-19,2.28654244916363e-19,-1.18138104192621e-20,-1.18138104192621e-20,0,1.11954715896194e-19,0,1.11954715896194e-19,0,NaN
onlineCommonQueries,3,A,A,"Affine, no forgetting",dimensionless state,study3_pilot_20260918/runs/abrupt_A_none_000.mat,pilot,0,abrupt,0.5,derived pilot,Online at 95 s; different training histories,NaN,95,rateLimited,clean,(dimensionless state)^2,0.3,2,0.2,29,29,0,0.0319467603960177,0.0043321675982662,0.0658192038714098,-7.17816610749024e-19,1.07752459819596e-33,3.28256698057475e-17,0.0319467603960177,0.00433216759826621,0.0658192038714098,0,0,0,0,0,0,0.0319467603960177,0.00433216759826621,0.0658192038714098,1.5007365431063e-18,1.5007365431063e-18,1.10134867085891e-18,1.10134867085891e-18,0,3.77853700644413e-19,0,3.77853700644413e-19,0,NaN
onlineCommonQueries,3,A,A,"Affine, no forgetting",dimensionless state,study3_pilot_20260918/runs/abrupt_A_none_000.mat,pilot,0,abrupt,0.5,derived pilot,Online at 95 s; different training histories,NaN,95,rateLimited,clean,(dimensionless state)^2,0.3,5,0.5,29,29,0,0.0494369666622963,0.00639818826748424,0.079988675870302,-2.39272203583008e-19,8.02415467346854e-33,8.95776460589836e-17,0.0494369666622963,0.00639818826748424,0.0799886758703021,0,0,0,0,0,0,0.0494369666622963,0.00639818826748424,0.0799886758703021,5.91927350162358e-18,5.91927350162358e-18,1.01962040228365e-18,1.01962040228365e-18,6.93889390390723e-18,1.9328870857423e-18,6.93889390390723e-18,1.9328870857423e-18,0,NaN
onlineCommonQueries,3,A,A,"Affine, no forgetting",dimensionless state,study3_pilot_20260918/runs/abrupt_A_none_000.mat,pilot,0,abrupt,0.5,derived pilot,Online at 95 s; different training histories,NaN,95,rateLimited,clean,(dimensionless state)^2,0.3,10,1,29,29,0,0.0560732393303664,0.00560738756016554,0.0748824916797347,8.37452712540528e-18,1.14111349204944e-32,1.06822913836379e-16,0.0560732393303665,0.00560738756016554,0.0748824916797347,0,0,0,0,0,0,0.0560732393303665,0.00560738756016554,0.0748824916797347,1.52150880909046e-18,1.52150880909046e-18,-6.54147071102065e-19,-6.54147071102065e-19,6.93889390390723e-18,1.65196897304916e-18,6.93889390390723e-18,1.65196897304916e-18,0,NaN
onlineCommonQueries,3,A,A,"Affine, no forgetting",dimensionless state,study3_pilot_20260918/runs/abrupt_A_none_000.mat,pilot,0,abrupt,0.5,derived pilot,Online at 95 s; different training histories,NaN,95,rateLimited,clean,(dimensionless state)^2,0.3,20,2,29,29,0,0.0550131053282054,0.00634372946695625,0.0796475327110404,1.43563322149805e-18,1.58756397657162e-32,1.25998570490765e-16,0.0550131053282054,0.00634372946695625,0.0796475327110404,0,0,0,0,0,0,0.0550131053282054,0.00634372946695625,0.0796475327110404,-6.45637269511513e-18,-6.45637269511513e-18,3.84840529196292e-19,3.84840529196292e-19,1.38777878078145e-17,5.93127887211698e-18,1.38777878078145e-17,5.93127887211698e-18,0,NaN
onlineCommonQueries,3,A,A,"Affine, fixed forgetting",dimensionless state,study3_pilot_20260918/runs/abrupt_A_fixed_000.mat,pilot,0,abrupt,0.5,derived pilot,Online at 49.9 s; different training histories,NaN,49.9,held,clean,(dimensionless state)^2,0.45,1,0.1,29,29,0,0.0285306805235917,0.00106542848666479,0.0326409020504151,0,0,0,0.0285306805235917,0.00106542848666479,0.0326409020504151,0,0,0,0,0,0,0.0285306805235917,0.00106542848666479,0.0326409020504151,0,0,0,0,0,0,0,0,0,NaN
onlineCommonQueries,3,A,A,"Affine, fixed forgetting",dimensionless state,study3_pilot_20260918/runs/abrupt_A_fixed_000.mat,pilot,0,abrupt,0.5,derived pilot,Online at 49.9 s; different training histories,NaN,49.9,held,clean,(dimensionless state)^2,0.45,2,0.2,29,29,0,0.0475034589114341,0.00285261857011089,0.0534099107854609,-7.65671051465625e-18,1.43448575168153e-33,3.78746056307063e-17,0.0475034589114341,0.00285261857011089,0.0534099107854609,0,0,0,0,0,0,0.0475034589114341,0.00285261857011089,0.0534099107854609,-2.96024738863872e-19,-2.96024738863872e-19,-1.00501786811873e-18,-1.00501786811873e-18,0,1.46142567176256e-19,0,1.46142567176256e-19,0,NaN
onlineCommonQueries,3,A,A,"Affine, fixed forgetting",dimensionless state,study3_pilot_20260918/runs/abrupt_A_fixed_000.mat,pilot,0,abrupt,0.5,derived pilot,Online at 49.9 s; different training histories,NaN,49.9,held,clean,(dimensionless state)^2,0.45,5,0.5,29,29,0,0.0739897068461622,0.00681149837940063,0.0825318022304168,-9.57088814332031e-19,2.36424503517881e-33,4.86235029093834e-17,0.0739897068461622,0.00681149837940064,0.0825318022304168,0,0,0,0,0,0,0.0739897068461622,0.00681149837940064,0.0825318022304168,6.07604044363185e-19,6.07604044363185e-19,2.86184290759043e-18,2.86184290759043e-18,0,1.18150312480842e-18,0,1.18150312480842e-18,0,NaN
onlineCommonQueries,3,A,A,"Affine, fixed forgetting",dimensionless state,study3_pilot_20260918/runs/abrupt_A_fixed_000.mat,pilot,0,abrupt,0.5,derived pilot,Online at 49.9 s; different training histories,NaN,49.9,held,clean,(dimensionless state)^2,0.45,10,1,29,29,0,0.0833227680209536,0.00898180000943464,0.0947723588892597,1.67490542508106e-17,3.81865420007814e-33,6.17952603366807e-17,0.0833227680209537,0.00898180000943464,0.0947723588892597,0,0,0,0,0,0,0.0833227680209537,0.00898180000943464,0.0947723588892597,3.05117540165523e-18,3.05117540165523e-18,4.18271550298383e-19,4.18271550298383e-19,0,1.04397892988792e-18,0,1.04397892988792e-18,0,NaN
onlineCommonQueries,3,A,A,"Affine, fixed forgetting",dimensionless state,study3_pilot_20260918/runs/abrupt_A_fixed_000.mat,pilot,0,abrupt,0.5,derived pilot,Online at 49.9 s; different training histories,NaN,49.9,held,clean,(dimensionless state)^2,0.45,20,2,29,29,0,0.0844901105555126,0.00946532638750386,0.0972899089705806,2.77555756156289e-17,5.18008743662774e-33,7.19728242924212e-17,0.0844901105555126,0.00946532638750386,0.0972899089705806,0,0,0,0,0,0,0.0844901105555126,0.00946532638750386,0.0972899089705806,5.5062529094782e-18,5.5062529094782e-18,-2.03680595752459e-18,-2.03680595752459e-18,2.77555756156289e-17,7.0899131361061e-18,2.77555756156289e-17,7.0899131361061e-18,0,NaN
onlineCommonQueries,3,A,A,"Affine, fixed forgetting",dimensionless state,study3_pilot_20260918/runs/abrupt_A_fixed_000.mat,pilot,0,abrupt,0.5,derived pilot,Online at 49.9 s; different training histories,NaN,49.9,rateLimited,clean,(dimensionless state)^2,0.45,1,0.1,29,29,0,0.0285306805235917,0.00106542848666479,0.0326409020504151,0,0,0,0.0285306805235917,0.00106542848666479,0.0326409020504151,0,0,0,0,0,0,0.0285306805235917,0.00106542848666479,0.0326409020504151,0,0,0,0,0,0,0,0,0,NaN
onlineCommonQueries,3,A,A,"Affine, fixed forgetting",dimensionless state,study3_pilot_20260918/runs/abrupt_A_fixed_000.mat,pilot,0,abrupt,0.5,derived pilot,Online at 49.9 s; different training histories,NaN,49.9,rateLimited,clean,(dimensionless state)^2,0.45,2,0.2,29,29,0,0.0540695501310431,0.00374876904528936,0.0612271920415215,-4.78544407166016e-18,7.30525151319296e-34,2.70282287862023e-17,0.0540695501310431,0.00374876904528936,0.0612271920415215,0,0,0,0,0,0,0.0540695501310431,0.00374876904528936,0.0612271920415215,-2.85236279051195e-19,-2.85236279051195e-19,2.85236279051194e-19,2.85236279051194e-19,0,7.53380752085195e-19,0,7.53380752085195e-19,0,NaN
onlineCommonQueries,3,A,A,"Affine, fixed forgetting",dimensionless state,study3_pilot_20260918/runs/abrupt_A_fixed_000.mat,pilot,0,abrupt,0.5,derived pilot,Online at 49.9 s; different training histories,NaN,49.9,rateLimited,clean,(dimensionless state)^2,0.45,5,0.5,29,29,0,0.0768996870218064,0.00857175869953348,0.0925837928556261,-4.78544407166016e-18,2.0720349746511e-33,4.55196108798295e-17,0.0768996870218063,0.00857175869953348,0.0925837928556261,0,0,0,0,0,0,0.0768996870218063,0.00857175869953348,0.0925837928556261,-9.38087137709613e-19,-9.38087137709613e-19,9.38087137709611e-19,9.38087137709611e-19,2.77555756156289e-17,9.29281900519346e-18,2.77555756156289e-17,9.29281900519346e-18,0,NaN
onlineCommonQueries,3,A,A,"Affine, fixed forgetting",dimensionless state,study3_pilot_20260918/runs/abrupt_A_fixed_000.mat,pilot,0,abrupt,0.5,derived pilot,Online at 49.9 s; different training histories,NaN,49.9,rateLimited,clean,(dimensionless state)^2,0.45,10,1,29,29,0,0.093082083841583,0.0105964887210495,0.102939247719466,1.19636101791504e-17,4.98749444218901e-33,7.06221951102415e-17,0.093082083841583,0.0105964887210495,0.102939247719466,0,0,0,0,0,0,0.093082083841583,0.0105964887210495,0.102939247719466,2.11747110396181e-18,2.11747110396181e-18,1.3519758479918e-18,1.3519758479918e-18,2.77555756156289e-17,6.32467452093701e-18,2.77555756156289e-17,6.32467452093701e-18,0,NaN
onlineCommonQueries,3,A,A,"Affine, fixed forgetting",dimensionless state,study3_pilot_20260918/runs/abrupt_A_fixed_000.mat,pilot,0,abrupt,0.5,derived pilot,Online at 49.9 s; different training histories,NaN,49.9,rateLimited,clean,(dimensionless state)^2,0.45,20,2,29,29,0,0.076021551697904,0.00918806957045642,0.0958544186277107,2.24915871368027e-17,4.0046060567776e-33,6.32819568026906e-17,0.0760215516979041,0.00918806957045642,0.0958544186277108,0,0,0,0,0,0,0.0760215516979041,0.00918806957045642,0.0958544186277108,4.5845945562142e-18,4.5845945562142e-18,-1.11514760426059e-18,-1.11514760426059e-18,2.77555756156289e-17,9.11030635908136e-18,2.77555756156289e-17,9.11030635908136e-18,0,NaN
onlineCommonQueries,3,A,A,"Affine, fixed forgetting",dimensionless state,study3_pilot_20260918/runs/abrupt_A_fixed_000.mat,pilot,0,abrupt,0.5,derived pilot,Online at 55 s; different training histories,NaN,55,held,clean,(dimensionless state)^2,0.3,1,0.1,29,29,0,0.0139615133041955,0.00469218054648267,0.0684994930381435,0,0,0,0.0139615133041955,0.00469218054648267,0.0684994930381435,0,0,0,0,0,0,0.0139615133041955,0.00469218054648267,0.0684994930381435,0,0,0,0,0,0,0,0,0,NaN
onlineCommonQueries,3,A,A,"Affine, fixed forgetting",dimensionless state,study3_pilot_20260918/runs/abrupt_A_fixed_000.mat,pilot,0,abrupt,0.5,derived pilot,Online at 55 s; different training histories,NaN,55,held,clean,(dimensionless state)^2,0.3,2,0.2,29,29,0,0.0243374553609059,0.0112997415816723,0.106300242622829,-1.19636101791504e-19,2.07535554352073e-36,1.44060943476042e-18,0.0243374553609059,0.0112997415816723,0.106300242622829,0,0,0,0,0,0,0.0243374553609059,0.0112997415816723,0.106300242622829,-2.45508084428091e-20,-2.45508084428091e-20,2.45508084428091e-20,2.45508084428091e-20,6.93889390390723e-18,7.25256123281617e-19,6.93889390390723e-18,7.25256123281617e-19,0,NaN
onlineCommonQueries,3,A,A,"Affine, fixed forgetting",dimensionless state,study3_pilot_20260918/runs/abrupt_A_fixed_000.mat,pilot,0,abrupt,0.5,derived pilot,Online at 55 s; different training histories,NaN,55,held,clean,(dimensionless state)^2,0.3,5,0.5,29,29,0,0.041789511033088,0.017900268568394,0.133791885286044,4.78544407166016e-19,8.56706768365357e-34,2.92695536072103e-17,0.041789511033088,0.017900268568394,0.133791885286044,0,0,0,0,0,0,0.041789511033088,0.017900268568394,0.133791885286044,9.71476702914115e-19,9.71476702914115e-19,-9.71476702914116e-19,-9.71476702914116e-19,0,7.88400845272658e-19,0,7.88400845272658e-19,0,NaN
onlineCommonQueries,3,A,A,"Affine, fixed forgetting",dimensionless state,study3_pilot_20260918/runs/abrupt_A_fixed_000.mat,pilot,0,abrupt,0.5,derived pilot,Online at 55 s; different training histories,NaN,55,held,clean,(dimensionless state)^2,0.3,10,1,29,29,0,0.051054664001147,0.012617230137661,0.112326444516245,-6.2210772931582e-18,1.04265862506481e-33,3.22902249150546e-17,0.051054664001147,0.012617230137661,0.112326444516245,0,0,0,0,0,0,0.051054664001147,0.012617230137661,0.112326444516245,-2.62243201568435e-19,-2.62243201568435e-19,2.62243201568434e-19,2.62243201568434e-19,0,5.42459529658713e-19,0,5.42459529658713e-19,0,NaN
onlineCommonQueries,3,A,A,"Affine, fixed forgetting",dimensionless state,study3_pilot_20260918/runs/abrupt_A_fixed_000.mat,pilot,0,abrupt,0.5,derived pilot,Online at 55 s; different training histories,NaN,55,held,clean,(dimensionless state)^2,0.3,20,2,29,29,0,0.0543556696891281,0.00849411263503611,0.0921635103228827,0,1.9923413217799e-34,1.41150321352093e-17,0.0543556696891281,0.00849411263503611,0.0921635103228827,0,0,0,0,0,0,0.0543556696891281,0.00849411263503611,0.0921635103228827,6.16457851216871e-19,6.16457851216871e-19,-6.16457851216871e-19,-6.16457851216871e-19,0,7.13904618255799e-19,0,7.13904618255799e-19,0,NaN
onlineCommonQueries,3,A,A,"Affine, fixed forgetting",dimensionless state,study3_pilot_20260918/runs/abrupt_A_fixed_000.mat,pilot,0,abrupt,0.5,derived pilot,Online at 55 s; different training histories,NaN,55,rateLimited,clean,(dimensionless state)^2,0.3,1,0.1,29,29,0,0.0139615133041955,0.00469218054648267,0.0684994930381435,0,0,0,0.0139615133041955,0.00469218054648267,0.0684994930381435,0,0,0,0,0,0,0.0139615133041955,0.00469218054648267,0.0684994930381435,0,0,0,0,0,0,0,0,0,NaN
onlineCommonQueries,3,A,A,"Affine, fixed forgetting",dimensionless state,study3_pilot_20260918/runs/abrupt_A_fixed_000.mat,pilot,0,abrupt,0.5,derived pilot,Online at 55 s; different training histories,NaN,55,rateLimited,clean,(dimensionless state)^2,0.3,2,0.2,29,29,0,0.0295155447164309,0.0166955595875409,0.129211298219393,-2.39272203583008e-19,1.66028443481658e-36,1.28852025006074e-18,0.0295155447164309,0.0166955595875409,0.129211298219393,0,0,0,0,0,0,0.0295155447164309,0.0166955595875409,0.129211298219393,-5.21423587694988e-20,-5.21423587694988e-20,5.21423587694988e-20,5.21423587694988e-20,6.93889390390723e-18,1.95731854763815e-18,6.93889390390723e-18,1.95731854763815e-18,0,NaN
onlineCommonQueries,3,A,A,"Affine, fixed forgetting",dimensionless state,study3_pilot_20260918/runs/abrupt_A_fixed_000.mat,pilot,0,abrupt,0.5,derived pilot,Online at 55 s; different training histories,NaN,55,rateLimited,clean,(dimensionless state)^2,0.3,5,0.5,29,29,0,0.0502218126573436,0.0430835755543729,0.207565834265596,-4.30689966449414e-18,4.31673953052311e-34,2.07767647397835e-17,0.0502218126573436,0.0430835755543729,0.207565834265596,0,0,0,0,0,0,0.0502218126573436,0.0430835755543729,0.207565834265596,-4.34711729672149e-19,-4.34711729672149e-19,4.34711729672149e-19,4.34711729672149e-19,1.38777878078145e-17,2.855633191199e-18,1.38777878078145e-17,2.855633191199e-18,0,NaN
onlineCommonQueries,3,A,A,"Affine, fixed forgetting",dimensionless state,study3_pilot_20260918/runs/abrupt_A_fixed_000.mat,pilot,0,abrupt,0.5,derived pilot,Online at 55 s; different training histories,NaN,55,rateLimited,clean,(dimensionless state)^2,0.3,10,1,29,29,0,0.0594289056552423,0.0248352285351855,0.157591968498352,3.82835525732813e-18,1.07918488263078e-33,3.28509494935957e-17,0.0594289056552423,0.0248352285351855,0.157591968498352,0,0,0,0,0,0,0.0594289056552423,0.0248352285351855,0.157591968498352,9.53677385779614e-20,9.53677385779614e-20,-9.53677385779625e-20,-9.53677385779625e-20,5.55111512312578e-17,3.49387759760211e-17,5.55111512312578e-17,3.49387759760211e-17,0,NaN
onlineCommonQueries,3,A,A,"Affine, fixed forgetting",dimensionless state,study3_pilot_20260918/runs/abrupt_A_fixed_000.mat,pilot,0,abrupt,0.5,derived pilot,Online at 55 s; different training histories,NaN,55,rateLimited,clean,(dimensionless state)^2,0.3,20,2,29,29,0,0.0475579695023799,0.0159223696377314,0.126183872336093,2.15344983224707e-18,9.77907532106967e-34,3.12715131086899e-17,0.0475579695023799,0.0159223696377314,0.126183872336093,0,0,0,0,0,0,0.0475579695023799,0.0159223696377314,0.126183872336093,1.02352002640373e-18,1.02352002640373e-18,-1.02352002640373e-18,-1.02352002640373e-18,2.77555756156289e-17,8.92869358407974e-18,2.77555756156289e-17,8.92869358407974e-18,0,NaN
onlineCommonQueries,3,A,A,"Affine, fixed forgetting",dimensionless state,study3_pilot_20260918/runs/abrupt_A_fixed_000.mat,pilot,0,abrupt,0.5,derived pilot,Online at 59.9 s; different training histories,NaN,59.9,held,clean,(dimensionless state)^2,0.3,1,0.1,29,29,0,0.00284207900283047,0.00271902830092674,0.0521443026698674,0,3.32056886963317e-36,1.82224281302827e-18,0.00284207900283047,0.00271902830092674,0.0521443026698674,0,0,0,0,0,0,0.00284207900283047,0.00271902830092674,0.0521443026698674,-2.1831152568068e-21,-2.1831152568068e-21,2.1831152568068e-21,2.1831152568068e-21,0,2.3521474961516e-20,0,2.3521474961516e-20,0,NaN
onlineCommonQueries,3,A,A,"Affine, fixed forgetting",dimensionless state,study3_pilot_20260918/runs/abrupt_A_fixed_000.mat,pilot,0,abrupt,0.5,derived pilot,Online at 59.9 s; different training histories,NaN,59.9,held,clean,(dimensionless state)^2,0.3,2,0.2,29,29,0,0.00414201333032176,0.00620324594544279,0.0787606878172276,3.82835525732813e-18,4.59068646226785e-34,2.14258872914702e-17,0.00414201333032176,0.00620324594544279,0.0787606878172276,0,0,0,0,0,0,0.00414201333032176,0.00620324594544279,0.0787606878172276,6.02794737332065e-19,6.02794737332065e-19,1.13192873864474e-18,1.13192873864474e-18,3.46944695195361e-18,2.50334318704531e-19,3.46944695195361e-18,2.50334318704531e-19,0,NaN
onlineCommonQueries,3,A,A,"Affine, fixed forgetting",dimensionless state,study3_pilot_20260918/runs/abrupt_A_fixed_000.mat,pilot,0,abrupt,0.5,derived pilot,Online at 59.9 s; different training histories,NaN,59.9,held,clean,(dimensionless state)^2,0.3,5,0.5,29,29,0,0.00316784343960827,0.00860229305614526,0.0927485474611072,8.85307153257129e-18,2.59170400274869e-33,5.09087811948851e-17,0.00316784343960828,0.00860229305614526,0.0927485474611072,0,0,0,0,0,0,0.00316784343960828,0.00860229305614526,0.0927485474611072,1.59088524607434e-18,1.59088524607434e-18,1.43838229902467e-19,1.43838229902467e-19,6.93889390390723e-18,1.02715056584188e-18,6.93889390390723e-18,1.02715056584188e-18,0,NaN
onlineCommonQueries,3,A,A,"Affine, fixed forgetting",dimensionless state,study3_pilot_20260918/runs/abrupt_A_fixed_000.mat,pilot,0,abrupt,0.5,derived pilot,Online at 59.9 s; different training histories,NaN,59.9,held,clean,(dimensionless state)^2,0.3,10,1,29,29,0,-0.00173538740340953,0.00586160671747359,0.0765611305916624,0,6.04343534273236e-33,7.77395352618753e-17,-0.00173538740340953,0.00586160671747359,0.0765611305916625,0,0,0,0,0,0,-0.00173538740340953,0.00586160671747359,0.0765611305916625,4.78055362476393e-18,4.78055362476393e-18,4.23616803166486e-19,4.23616803166486e-19,0,7.06604633750843e-19,0,7.06604633750843e-19,0,NaN
onlineCommonQueries,3,A,A,"Affine, fixed forgetting",dimensionless state,study3_pilot_20260918/runs/abrupt_A_fixed_000.mat,pilot,0,abrupt,0.5,derived pilot,Online at 59.9 s; different training histories,NaN,59.9,held,clean,(dimensionless state)^2,0.3,20,2,29,29,0,-0.00577365878553789,0.0046209471784729,0.0679775490766834,-2.00988651009727e-17,1.09578772697894e-32,1.04679879966446e-16,-0.00577365878553791,0.0046209471784729,0.0679775490766834,0,0,0,0,0,0,-0.00577365878553791,0.0046209471784729,0.0679775490766834,6.34118100773468e-18,6.34118100773468e-18,-1.13701057980427e-18,-1.13701057980427e-18,0,6.31125367534559e-19,0,6.31125367534559e-19,0,NaN
onlineCommonQueries,3,A,A,"Affine, fixed forgetting",dimensionless state,study3_pilot_20260918/runs/abrupt_A_fixed_000.mat,pilot,0,abrupt,0.5,derived pilot,Online at 59.9 s; different training histories,NaN,59.9,rateLimited,clean,(dimensionless state)^2,0.3,1,0.1,29,29,0,0.00284207900283047,0.00271902830092674,0.0521443026698674,0,3.32056886963317e-36,1.82224281302827e-18,0.00284207900283047,0.00271902830092674,0.0521443026698674,0,0,0,0,0,0,0.00284207900283047,0.00271902830092674,0.0521443026698674,-2.1831152568068e-21,-2.1831152568068e-21,2.1831152568068e-21,2.1831152568068e-21,0,2.3521474961516e-20,0,2.3521474961516e-20,0,NaN
onlineCommonQueries,3,A,A,"Affine, fixed forgetting",dimensionless state,study3_pilot_20260918/runs/abrupt_A_fixed_000.mat,pilot,0,abrupt,0.5,derived pilot,Online at 59.9 s; different training histories,NaN,59.9,rateLimited,clean,(dimensionless state)^2,0.3,2,0.2,29,29,0,0.00875833066335242,0.00843036880040616,0.0918170398150918,3.23017474837061e-18,2.65230438461949e-34,1.62858969191736e-17,0.00875833066335243,0.00843036880040616,0.0918170398150918,0,0,0,0,0,0,0.00875833066335243,0.00843036880040616,0.0918170398150918,1.02099417285626e-18,1.02099417285626e-18,-1.02099417285626e-18,-1.02099417285626e-18,3.46944695195361e-18,1.47219758083459e-18,3.46944695195361e-18,1.47219758083459e-18,0,NaN
onlineCommonQueries,3,A,A,"Affine, fixed forgetting",dimensionless state,study3_pilot_20260918/runs/abrupt_A_fixed_000.mat,pilot,0,abrupt,0.5,derived pilot,Online at 59.9 s; different training histories,NaN,59.9,rateLimited,clean,(dimensionless state)^2,0.3,5,0.5,29,29,0,0.00842165484751525,0.0147297990064135,0.121366383345692,-2.39272203583008e-18,2.08614739234704e-33,4.56743625280861e-17,0.00842165484751524,0.0147297990064135,0.121366383345692,0,0,0,0,0,0,0.00842165484751524,0.0147297990064135,0.121366383345692,2.46822826251771e-18,2.46822826251771e-18,2.73594216541271e-18,2.73594216541271e-18,2.77555756156289e-17,1.39943245645998e-17,2.77555756156289e-17,1.39943245645998e-17,0,NaN
onlineCommonQueries,3,A,A,"Affine, fixed forgetting",dimensionless state,study3_pilot_20260918/runs/abrupt_A_fixed_000.mat,pilot,0,abrupt,0.5,derived pilot,Online at 59.9 s; different training histories,NaN,59.9,rateLimited,clean,(dimensionless state)^2,0.3,10,1,29,29,0,0.0017519484439328,0.00658623478523058,0.0811556207864285,-2.14148622206792e-17,4.95138325573175e-33,7.03660660811144e-17,0.00175194844393277,0.00658623478523058,0.0811556207864285,0,0,0,0,0,0,0.00175194844393277,0.00658623478523058,0.0811556207864285,-8.28526825488109e-19,-8.28526825488109e-19,-3.88349125002992e-20,-3.88349125002992e-20,1.38777878078145e-17,5.43371734207672e-18,1.38777878078145e-17,5.43371734207672e-18,0,NaN
onlineCommonQueries,3,A,A,"Affine, fixed forgetting",dimensionless state,study3_pilot_20260918/runs/abrupt_A_fixed_000.mat,pilot,0,abrupt,0.5,derived pilot,Online at 59.9 s; different training histories,NaN,59.9,rateLimited,clean,(dimensionless state)^2,0.3,20,2,29,29,0,-0.00980505077461023,0.00586483795163222,0.0765822299990815,-2.87126644299609e-17,1.09288222921802e-32,1.04541007705972e-16,-0.00980505077461027,0.00586483795163222,0.0765822299990815,0,0,0,0,0,0,-0.00980505077461027,0.00586483795163222,0.0765822299990815,-3.45872354445456e-18,-3.45872354445456e-18,2.59136180646614e-18,2.59136180646614e-18,3.46944695195361e-18,1.11869541935427e-18,3.46944695195361e-18,1.11869541935427e-18,0,NaN
onlineCommonQueries,3,A,A,"Affine, fixed forgetting",dimensionless state,study3_pilot_20260918/runs/abrupt_A_fixed_000.mat,pilot,0,abrupt,0.5,derived pilot,Online at 95 s; different training histories,NaN,95,held,clean,(dimensionless state)^2,0.3,1,0.1,29,29,0,0.0181952601915195,0.000713925519059475,0.0267193847058549,3.34981085016211e-18,4.31673953052311e-34,2.07767647397835e-17,0.0181952601915195,0.000713925519059475,0.0267193847058549,0,0,0,0,0,0,0.0181952601915195,0.000713925519059475,0.0267193847058549,-2.52084619521754e-19,-2.52084619521754e-19,1.43664402273203e-19,1.43664402273203e-19,0,4.0725548012875e-20,0,4.0725548012875e-20,0,NaN
onlineCommonQueries,3,A,A,"Affine, fixed forgetting",dimensionless state,study3_pilot_20260918/runs/abrupt_A_fixed_000.mat,pilot,0,abrupt,0.5,derived pilot,Online at 95 s; different training histories,NaN,95,held,clean,(dimensionless state)^2,0.3,2,0.2,29,29,0,0.0313481805981345,0.00172406045109001,0.0415218069343087,1.17243379755674e-17,2.00728388169325e-33,4.48027218112164e-17,0.0313481805981345,0.00172406045109001,0.0415218069343087,0,0,0,0,0,0,0.0313481805981345,0.00172406045109001,0.0415218069343087,-4.44344429107344e-19,-4.44344429107344e-19,-2.06176874383961e-19,-2.06176874383961e-19,0,6.8447874893843e-19,0,6.8447874893843e-19,0,NaN
onlineCommonQueries,3,A,A,"Affine, fixed forgetting",dimensionless state,study3_pilot_20260918/runs/abrupt_A_fixed_000.mat,pilot,0,abrupt,0.5,derived pilot,Online at 95 s; different training histories,NaN,95,held,clean,(dimensionless state)^2,0.3,5,0.5,29,29,0,0.0522580159445911,0.00340468179250073,0.0583496511771984,-1.24421545863164e-17,1.10408914915303e-32,1.05075646519687e-16,0.0522580159445911,0.00340468179250073,0.0583496511771984,0,0,0,0,0,0,0.0522580159445911,0.00340468179250073,0.0583496511771984,-2.07937204760932e-18,-2.07937204760932e-18,3.44648571632499e-19,3.44648571632499e-19,6.93889390390723e-18,1.45425698708724e-18,6.93889390390723e-18,1.45425698708724e-18,0,NaN
onlineCommonQueries,3,A,A,"Affine, fixed forgetting",dimensionless state,study3_pilot_20260918/runs/abrupt_A_fixed_000.mat,pilot,0,abrupt,0.5,derived pilot,Online at 95 s; different training histories,NaN,95,held,clean,(dimensionless state)^2,0.3,10,1,29,29,0,0.0615911480643902,0.00420989723242058,0.0648837208583214,-2.39272203583008e-17,1.53177841956178e-32,1.23765036240522e-16,0.0615911480643902,0.00420989723242057,0.0648837208583214,0,0,0,0,0,0,0.0615911480643902,0.00420989723242057,0.0648837208583214,-3.69413399913785e-18,-3.69413399913785e-18,2.24687047184217e-19,2.24687047184217e-19,6.93889390390723e-18,8.38248127465543e-19,6.93889390390723e-18,8.38248127465543e-19,0,NaN
onlineCommonQueries,3,A,A,"Affine, fixed forgetting",dimensionless state,study3_pilot_20260918/runs/abrupt_A_fixed_000.mat,pilot,0,abrupt,0.5,derived pilot,Online at 95 s; different training histories,NaN,95,held,clean,(dimensionless state)^2,0.3,20,2,29,29,0,0.0633773985034975,0.00441608903703575,0.0664536608249369,1.84239596758916e-17,2.611461387523e-32,1.61600166693076e-16,0.0633773985034976,0.00441608903703575,0.0664536608249369,0,0,0,0,0,0,0.0633773985034976,0.00441608903703575,0.0664536608249369,-6.1308286602525e-19,-6.1308286602525e-19,-2.5427887196318e-19,-2.5427887196318e-19,6.93889390390723e-18,1.19839199423027e-18,6.93889390390723e-18,1.19839199423027e-18,0,NaN
onlineCommonQueries,3,A,A,"Affine, fixed forgetting",dimensionless state,study3_pilot_20260918/runs/abrupt_A_fixed_000.mat,pilot,0,abrupt,0.5,derived pilot,Online at 95 s; different training histories,NaN,95,rateLimited,clean,(dimensionless state)^2,0.3,1,0.1,29,29,0,0.0181952601915195,0.000713925519059475,0.0267193847058549,3.34981085016211e-18,4.31673953052311e-34,2.07767647397835e-17,0.0181952601915195,0.000713925519059475,0.0267193847058549,0,0,0,0,0,0,0.0181952601915195,0.000713925519059475,0.0267193847058549,-2.52084619521754e-19,-2.52084619521754e-19,1.43664402273203e-19,1.43664402273203e-19,0,4.0725548012875e-20,0,4.0725548012875e-20,0,NaN
onlineCommonQueries,3,A,A,"Affine, fixed forgetting",dimensionless state,study3_pilot_20260918/runs/abrupt_A_fixed_000.mat,pilot,0,abrupt,0.5,derived pilot,Online at 95 s; different training histories,NaN,95,rateLimited,clean,(dimensionless state)^2,0.3,2,0.2,29,29,0,0.0357192809604023,0.00256333278253511,0.0506293667996659,7.89598271823926e-18,1.95415477977912e-33,4.42058229171126e-17,0.0357192809604023,0.00256333278253511,0.0506293667996659,0,0,0,0,0,0,0.0357192809604023,0.00256333278253511,0.0506293667996659,-3.48468953629169e-19,-3.48468953629169e-19,-8.52119153650344e-20,-8.52119153650344e-20,0,6.8447874893843e-19,0,6.8447874893843e-19,0,NaN
onlineCommonQueries,3,A,A,"Affine, fixed forgetting",dimensionless state,study3_pilot_20260918/runs/abrupt_A_fixed_000.mat,pilot,0,abrupt,0.5,derived pilot,Online at 95 s; different training histories,NaN,95,rateLimited,clean,(dimensionless state)^2,0.3,5,0.5,29,29,0,0.0571512658738789,0.00604772622204456,0.0777671281586542,4.78544407166016e-19,8.25161364103842e-33,9.08383929901802e-17,0.0571512658738789,0.00604772622204456,0.0777671281586543,0,0,0,0,0,0,0.0571512658738789,0.00604772622204456,0.0777671281586543,2.29340630237465e-18,2.29340630237465e-18,3.08678911590556e-19,3.08678911590556e-19,2.77555756156289e-17,9.09397197495691e-18,2.77555756156289e-17,9.09397197495691e-18,0,NaN
onlineCommonQueries,3,A,A,"Affine, fixed forgetting",dimensionless state,study3_pilot_20260918/runs/abrupt_A_fixed_000.mat,pilot,0,abrupt,0.5,derived pilot,Online at 95 s; different training histories,NaN,95,rateLimited,clean,(dimensionless state)^2,0.3,10,1,29,29,0,0.0675255112209991,0.00570018403924784,0.0754995631725631,1.12457935684014e-17,1.95465286510956e-32,1.39808900471664e-16,0.0675255112209991,0.00570018403924785,0.0754995631725631,0,0,0,0,0,0,0.0675255112209991,0.00570018403924785,0.0754995631725631,4.15238207157331e-18,4.15238207157331e-18,1.8442661836869e-19,1.8442661836869e-19,6.93889390390723e-18,9.71385024636429e-19,6.93889390390723e-18,9.71385024636429e-19,0,NaN
onlineCommonQueries,3,A,A,"Affine, fixed forgetting",dimensionless state,study3_pilot_20260918/runs/abrupt_A_fixed_000.mat,pilot,0,abrupt,0.5,derived pilot,Online at 95 s; different training histories,NaN,95,rateLimited,clean,(dimensionless state)^2,0.3,20,2,29,29,0,0.0593008842411796,0.00499372055683525,0.0706662618003475,2.84733922263779e-17,1.60931370266771e-32,1.26858728618401e-16,0.0593008842411796,0.00499372055683525,0.0706662618003475,0,0,0,0,0,0,0.0593008842411796,0.00499372055683525,0.0706662618003475,4.44771922435792e-18,4.44771922435792e-18,-9.7827227240432e-19,-9.7827227240432e-19,6.93889390390723e-18,1.21514887196538e-18,6.93889390390723e-18,1.21514887196538e-18,0,NaN
onlineCommonQueries,3,A,A,"Affine, variable forgetting",dimensionless state,study3_pilot_20260918/runs/abrupt_A_vrf_000.mat,pilot,0,abrupt,0.5,derived pilot,Online at 49.9 s; different training histories,NaN,49.9,held,clean,(dimensionless state)^2,0.45,1,0.1,29,29,0,0.0176278948116436,0.000507683787818755,0.0225318394237744,1.19636101791504e-18,1.49425599133492e-35,3.86556075018221e-18,0.0176278948116436,0.000507683787818756,0.0225318394237744,0,0,0,0,0,0,0.0176278948116436,0.000507683787818756,0.0225318394237744,9.82105564178203e-20,9.82105564178203e-20,1.02096608307302e-20,1.02096608307302e-20,0,1.16301557334795e-19,0,1.16301557334795e-19,0,NaN
onlineCommonQueries,3,A,A,"Affine, variable forgetting",dimensionless state,study3_pilot_20260918/runs/abrupt_A_vrf_000.mat,pilot,0,abrupt,0.5,derived pilot,Online at 49.9 s; different training histories,NaN,49.9,held,clean,(dimensionless state)^2,0.45,2,0.2,29,29,0,0.0289941339330491,0.00132696485483076,0.0364275288048854,4.78544407166016e-18,1.51417940455272e-33,3.89124582178089e-17,0.0289941339330491,0.00132696485483076,0.0364275288048854,0,0,0,0,0,0,0.0289941339330491,0.00132696485483076,0.0364275288048854,-1.13183373974583e-19,-1.13183373974583e-19,3.30023808471682e-19,3.30023808471682e-19,0,1.66522796664504e-19,0,1.66522796664504e-19,0,NaN
onlineCommonQueries,3,A,A,"Affine, variable forgetting",dimensionless state,study3_pilot_20260918/runs/abrupt_A_vrf_000.mat,pilot,0,abrupt,0.5,derived pilot,Online at 49.9 s; different training histories,NaN,49.9,held,clean,(dimensionless state)^2,0.45,5,0.5,29,29,0,0.0439108501293336,0.00315329250110132,0.0561541850720079,3.1583930872957e-17,5.56527342550519e-33,7.4600760220692e-17,0.0439108501293337,0.00315329250110132,0.0561541850720079,0,0,0,0,0,0,0.0439108501293337,0.00315329250110132,0.0561541850720079,1.61171813228087e-18,1.61171813228087e-18,-1.17803726328667e-18,-1.17803726328667e-18,0,5.75518243187718e-19,0,5.75518243187718e-19,0,NaN
onlineCommonQueries,3,A,A,"Affine, variable forgetting",dimensionless state,study3_pilot_20260918/runs/abrupt_A_vrf_000.mat,pilot,0,abrupt,0.5,derived pilot,Online at 49.9 s; different training histories,NaN,49.9,held,clean,(dimensionless state)^2,0.45,10,1,29,29,0,0.048326955202692,0.00432646350459729,0.0657758580681187,5.45540624169258e-17,1.69747480615647e-32,1.30287175353389e-16,0.048326955202692,0.0043264635045973,0.0657758580681187,0,0,0,0,0,0,0.048326955202692,0.0043264635045973,0.0657758580681187,4.28594037956158e-18,4.28594037956158e-18,5.08683103804251e-20,5.08683103804251e-20,0,1.31335878442056e-18,0,1.31335878442056e-18,0,NaN
onlineCommonQueries,3,A,A,"Affine, variable forgetting",dimensionless state,study3_pilot_20260918/runs/abrupt_A_vrf_000.mat,pilot,0,abrupt,0.5,derived pilot,Online at 49.9 s; different training histories,NaN,49.9,held,clean,(dimensionless state)^2,0.45,20,2,29,29,0,0.0485751663394095,0.00466340137995117,0.068289101472718,5.26398847882617e-17,1.23525161950354e-32,1.11141874174567e-16,0.0485751663394095,0.00466340137995118,0.068289101472718,0,0,0,0,0,0,0.0485751663394095,0.00466340137995118,0.068289101472718,3.16109378018425e-18,3.16109378018425e-18,3.08353171769353e-19,3.08353171769353e-19,0,8.56836853049902e-19,0,8.56836853049902e-19,0,NaN
onlineCommonQueries,3,A,A,"Affine, variable forgetting",dimensionless state,study3_pilot_20260918/runs/abrupt_A_vrf_000.mat,pilot,0,abrupt,0.5,derived pilot,Online at 49.9 s; different training histories,NaN,49.9,rateLimited,clean,(dimensionless state)^2,0.45,1,0.1,29,29,0,0.0176278948116436,0.000507683787818755,0.0225318394237744,1.19636101791504e-18,1.49425599133492e-35,3.86556075018221e-18,0.0176278948116436,0.000507683787818756,0.0225318394237744,0,0,0,0,0,0,0.0176278948116436,0.000507683787818756,0.0225318394237744,9.82105564178203e-20,9.82105564178203e-20,1.02096608307302e-20,1.02096608307302e-20,0,1.16301557334795e-19,0,1.16301557334795e-19,0,NaN
onlineCommonQueries,3,A,A,"Affine, variable forgetting",dimensionless state,study3_pilot_20260918/runs/abrupt_A_vrf_000.mat,pilot,0,abrupt,0.5,derived pilot,Online at 49.9 s; different training histories,NaN,49.9,rateLimited,clean,(dimensionless state)^2,0.45,2,0.2,29,29,0,0.0353933330585063,0.0018104209679601,0.0425490419158892,1.10065213648184e-17,1.25517503272134e-33,3.54284494823205e-17,0.0353933330585063,0.0018104209679601,0.0425490419158892,0,0,0,0,0,0,0.0353933330585063,0.0018104209679601,0.0425490419158892,4.38581775544677e-19,4.38581775544677e-19,2.11939527946624e-19,2.11939527946624e-19,0,3.10352884882883e-19,0,3.10352884882883e-19,0,NaN
onlineCommonQueries,3,A,A,"Affine, variable forgetting",dimensionless state,study3_pilot_20260918/runs/abrupt_A_vrf_000.mat,pilot,0,abrupt,0.5,derived pilot,Online at 49.9 s; different training histories,NaN,49.9,rateLimited,clean,(dimensionless state)^2,0.45,5,0.5,29,29,0,0.0461512026290031,0.00401220400695335,0.0633419608707637,2.87126644299609e-17,5.07382923279948e-33,7.12308165950628e-17,0.0461512026290031,0.00401220400695336,0.0633419608707637,0,0,0,0,0,0,0.0461512026290031,0.00401220400695336,0.0633419608707637,3.40541581344e-18,3.40541581344e-18,9.31392876502014e-19,9.31392876502014e-19,0,1.27748635853811e-18,0,1.27748635853811e-18,0,NaN
onlineCommonQueries,3,A,A,"Affine, variable forgetting",dimensionless state,study3_pilot_20260918/runs/abrupt_A_vrf_000.mat,pilot,0,abrupt,0.5,derived pilot,Online at 49.9 s; different training histories,NaN,49.9,rateLimited,clean,(dimensionless state)^2,0.45,10,1,29,29,0,0.0574631034844398,0.00491009640311742,0.0700720800541658,4.59402630879375e-17,1.10674560424873e-32,1.05201977369664e-16,0.0574631034844398,0.00491009640311742,0.0700720800541658,0,0,0,0,0,0,0.0574631034844398,0.00491009640311742,0.0700720800541658,2.88382023249776e-18,2.88382023249776e-18,-1.14909675652096e-18,-1.14909675652096e-18,6.93889390390723e-18,2.69384154785444e-18,6.93889390390723e-18,2.69384154785444e-18,0,NaN
onlineCommonQueries,3,A,A,"Affine, variable forgetting",dimensionless state,study3_pilot_20260918/runs/abrupt_A_vrf_000.mat,pilot,0,abrupt,0.5,derived pilot,Online at 49.9 s; different training histories,NaN,49.9,rateLimited,clean,(dimensionless state)^2,0.45,20,2,29,29,0,0.0401620539080354,0.00457260149651608,0.0676210137199678,2.8951936633544e-17,9.08673671175116e-33,9.53243762725524e-17,0.0401620539080354,0.00457260149651608,0.0676210137199678,0,0,0,0,0,0,0.0401620539080354,0.00457260149651608,0.0676210137199678,4.03115223150763e-18,4.03115223150763e-18,-2.29642875553083e-18,-2.29642875553083e-18,6.93889390390723e-18,1.47265838853703e-18,6.93889390390723e-18,1.47265838853703e-18,0,NaN
onlineCommonQueries,3,A,A,"Affine, variable forgetting",dimensionless state,study3_pilot_20260918/runs/abrupt_A_vrf_000.mat,pilot,0,abrupt,0.5,derived pilot,Online at 55 s; different training histories,NaN,55,held,clean,(dimensionless state)^2,0.3,1,0.1,29,29,0,0.00975710856710351,0.00148734652309265,0.0385661318139718,0,3.32056886963317e-36,1.82224281302827e-18,0.00975710856710351,0.00148734652309265,0.0385661318139718,0,0,0,0,0,0,0.00975710856710351,0.00148734652309265,0.0385661318139718,1.23978401754309e-21,1.23978401754309e-21,-1.23978401754309e-21,-1.23978401754309e-21,0,1.96442699053872e-20,0,1.96442699053872e-20,0,NaN
onlineCommonQueries,3,A,A,"Affine, variable forgetting",dimensionless state,study3_pilot_20260918/runs/abrupt_A_vrf_000.mat,pilot,0,abrupt,0.5,derived pilot,Online at 55 s; different training histories,NaN,55,held,clean,(dimensionless state)^2,0.3,2,0.2,29,29,0,0.0168463203002078,0.0036428287954159,0.0603558513767795,-1.29206989934824e-17,2.46054153239818e-33,4.96038459436179e-17,0.0168463203002078,0.0036428287954159,0.0603558513767795,0,0,0,0,0,0,0.0168463203002078,0.0036428287954159,0.0603558513767795,-1.65440528427839e-18,-1.65440528427839e-18,-5.13999060692622e-19,-5.13999060692622e-19,0,2.83890762932247e-19,0,2.83890762932247e-19,0,NaN
onlineCommonQueries,3,A,A,"Affine, variable forgetting",dimensionless state,study3_pilot_20260918/runs/abrupt_A_vrf_000.mat,pilot,0,abrupt,0.5,derived pilot,Online at 55 s; different training histories,NaN,55,held,clean,(dimensionless state)^2,0.3,5,0.5,29,29,0,0.0280151842487317,0.00694937555400946,0.0833629147403656,2.87126644299609e-18,6.61457318830927e-33,8.13300263636332e-17,0.0280151842487317,0.00694937555400946,0.0833629147403656,0,0,0,0,0,0,0.0280151842487317,0.00694937555400946,0.0833629147403656,-6.72602339366642e-19,-6.72602339366642e-19,6.72602339366635e-19,6.72602339366635e-19,0,2.32479517531589e-18,0,2.32479517531589e-18,0,NaN
onlineCommonQueries,3,A,A,"Affine, variable forgetting",dimensionless state,study3_pilot_20260918/runs/abrupt_A_vrf_000.mat,pilot,0,abrupt,0.5,derived pilot,Online at 55 s; different training histories,NaN,55,held,clean,(dimensionless state)^2,0.3,10,1,29,29,0,0.0326965651072294,0.00779881555226554,0.0883109027938541,3.44551973159531e-17,1.89139602814305e-32,1.37528034529075e-16,0.0326965651072294,0.00779881555226555,0.0883109027938541,0,0,0,0,0,0,0.0326965651072294,0.00779881555226555,0.0883109027938541,7.72946969677386e-18,7.72946969677386e-18,9.44147683110161e-19,9.44147683110161e-19,0,2.1062227111684e-18,0,2.1062227111684e-18,0,NaN
onlineCommonQueries,3,A,A,"Affine, variable forgetting",dimensionless state,study3_pilot_20260918/runs/abrupt_A_vrf_000.mat,pilot,0,abrupt,0.5,derived pilot,Online at 55 s; different training histories,NaN,55,held,clean,(dimensionless state)^2,0.3,20,2,29,29,0,0.0334160967750824,0.00784340655868281,0.0885630089748695,4.59402630879375e-17,2.14641571733088e-32,1.46506508979324e-16,0.0334160967750824,0.00784340655868282,0.0885630089748695,0,0,0,0,0,0,0.0334160967750824,0.00784340655868282,0.0885630089748695,1.15871906231967e-17,1.15871906231967e-17,5.55873708640906e-19,5.55873708640906e-19,0,1.28355356258908e-18,0,1.28355356258908e-18,0,NaN
onlineCommonQueries,3,A,A,"Affine, variable forgetting",dimensionless state,study3_pilot_20260918/runs/abrupt_A_vrf_000.mat,pilot,0,abrupt,0.5,derived pilot,Online at 55 s; different training histories,NaN,55,rateLimited,clean,(dimensionless state)^2,0.3,1,0.1,29,29,0,0.00975710856710351,0.00148734652309265,0.0385661318139718,0,3.32056886963317e-36,1.82224281302827e-18,0.00975710856710351,0.00148734652309265,0.0385661318139718,0,0,0,0,0,0,0.00975710856710351,0.00148734652309265,0.0385661318139718,1.23978401754309e-21,1.23978401754309e-21,-1.23978401754309e-21,-1.23978401754309e-21,0,1.96442699053872e-20,0,1.96442699053872e-20,0,NaN
onlineCommonQueries,3,A,A,"Affine, variable forgetting",dimensionless state,study3_pilot_20260918/runs/abrupt_A_vrf_000.mat,pilot,0,abrupt,0.5,derived pilot,Online at 55 s; different training histories,NaN,55,rateLimited,clean,(dimensionless state)^2,0.3,2,0.2,29,29,0,0.0205351714514019,0.003665847643082,0.060546243839581,1.67490542508106e-18,3.23589436345752e-33,5.68849221099715e-17,0.0205351714514019,0.003665847643082,0.060546243839581,0,0,0,0,0,0,0.0205351714514019,0.003665847643082,0.060546243839581,2.1726297906098e-19,2.1726297906098e-19,-1.08462471704939e-18,-1.08462471704939e-18,0,9.03032296889033e-19,0,9.03032296889033e-19,0,NaN
onlineCommonQueries,3,A,A,"Affine, variable forgetting",dimensionless state,study3_pilot_20260918/runs/abrupt_A_vrf_000.mat,pilot,0,abrupt,0.5,derived pilot,Online at 55 s; different training histories,NaN,55,rateLimited,clean,(dimensionless state)^2,0.3,5,0.5,29,29,0,0.0285675319341264,0.00553489339879763,0.0743968641731466,8.61379932898828e-18,1.18245457447637e-32,1.08740727166797e-16,0.0285675319341264,0.00553489339879763,0.0743968641731466,0,0,0,0,0,0,0.0285675319341264,0.00553489339879763,0.0743968641731466,-1.05702611120566e-18,-1.05702611120566e-18,1.89664373217249e-19,1.89664373217249e-19,6.93889390390723e-18,2.32479517531589e-18,6.93889390390723e-18,2.32479517531589e-18,0,NaN
onlineCommonQueries,3,A,A,"Affine, variable forgetting",dimensionless state,study3_pilot_20260918/runs/abrupt_A_vrf_000.mat,pilot,0,abrupt,0.5,derived pilot,Online at 55 s; different training histories,NaN,55,rateLimited,clean,(dimensionless state)^2,0.3,10,1,29,29,0,0.0298799721905631,0.00515609500773098,0.0718059538459798,3.75657359625322e-17,1.73117858018325e-32,1.3157425964767e-16,0.0298799721905631,0.00515609500773098,0.0718059538459798,0,0,0,0,0,0,0.0298799721905631,0.00515609500773098,0.0718059538459798,-7.44872481644985e-19,-7.44872481644985e-19,7.44872481644967e-19,7.44872481644967e-19,0,8.97506715146587e-19,0,8.97506715146587e-19,0,NaN
onlineCommonQueries,3,A,A,"Affine, variable forgetting",dimensionless state,study3_pilot_20260918/runs/abrupt_A_vrf_000.mat,pilot,0,abrupt,0.5,derived pilot,Online at 55 s; different training histories,NaN,55,rateLimited,clean,(dimensionless state)^2,0.3,20,2,29,29,0,0.0316007439940931,0.00741063887619208,0.0860850676725765,1.24421545863164e-17,2.77367117680458e-32,1.66543423070519e-16,0.0316007439940931,0.00741063887619207,0.0860850676725765,0,0,0,0,0,0,0.0316007439940931,0.00741063887619207,0.0860850676725765,-8.38913971164111e-18,-8.38913971164111e-18,5.82884069745453e-19,5.82884069745453e-19,0,1.50423300659236e-18,0,1.50423300659236e-18,0,NaN
onlineCommonQueries,3,A,A,"Affine, variable forgetting",dimensionless state,study3_pilot_20260918/runs/abrupt_A_vrf_000.mat,pilot,0,abrupt,0.5,derived pilot,Online at 59.9 s; different training histories,NaN,59.9,held,clean,(dimensionless state)^2,0.3,1,0.1,29,29,0,0.00141246095786064,0.00103367337761002,0.0321507912439183,0,0,0,0.00141246095786064,0.00103367337761002,0.0321507912439183,0,0,0,0,0,0,0.00141246095786064,0.00103367337761002,0.0321507912439183,0,0,0,0,0,0,0,0,0,NaN
onlineCommonQueries,3,A,A,"Affine, variable forgetting",dimensionless state,study3_pilot_20260918/runs/abrupt_A_vrf_000.mat,pilot,0,abrupt,0.5,derived pilot,Online at 59.9 s; different training histories,NaN,59.9,held,clean,(dimensionless state)^2,0.3,2,0.2,29,29,0,0.002476371320501,0.00239966820306081,0.0489864083502843,2.39272203583008e-18,1.09578772697894e-33,3.31026845886998e-17,0.00247637132050101,0.00239966820306081,0.0489864083502843,0,0,0,0,0,0,0.00247637132050101,0.00239966820306081,0.0489864083502843,7.4397300909644e-19,7.4397300909644e-19,5.57069597886164e-19,5.57069597886164e-19,0,7.5950646964899e-19,0,7.5950646964899e-19,0,NaN
onlineCommonQueries,3,A,A,"Affine, variable forgetting",dimensionless state,study3_pilot_20260918/runs/abrupt_A_vrf_000.mat,pilot,0,abrupt,0.5,derived pilot,Online at 59.9 s; different training histories,NaN,59.9,held,clean,(dimensionless state)^2,0.3,5,0.5,29,29,0,0.00388547101035381,0.0039711868563523,0.0630173536127335,1.43563322149805e-17,6.25595175038888e-33,7.90945747215881e-17,0.00388547101035382,0.0039711868563523,0.0630173536127336,0,0,0,0,0,0,0.00388547101035382,0.0039711868563523,0.0630173536127336,3.01404880377391e-18,3.01404880377391e-18,4.55398148179698e-19,4.55398148179698e-19,0,5.57588956949024e-19,0,5.57588956949024e-19,0,NaN
onlineCommonQueries,3,A,A,"Affine, variable forgetting",dimensionless state,study3_pilot_20260918/runs/abrupt_A_vrf_000.mat,pilot,0,abrupt,0.5,derived pilot,Online at 59.9 s; different training histories,NaN,59.9,held,clean,(dimensionless state)^2,0.3,10,1,29,29,0,0.00383230337388138,0.00399117176806276,0.0631757213497619,3.25410196872891e-17,1.23657984705139e-32,1.11201611816169e-16,0.00383230337388142,0.00399117176806277,0.0631757213497619,0,0,0,0,0,0,0.00383230337388142,0.00399117176806277,0.0631757213497619,7.2979310916338e-18,7.2979310916338e-18,-1.22639892571498e-18,-1.22639892571498e-18,0,7.30316008327793e-19,0,7.30316008327793e-19,0,NaN
onlineCommonQueries,3,A,A,"Affine, variable forgetting",dimensionless state,study3_pilot_20260918/runs/abrupt_A_vrf_000.mat,pilot,0,abrupt,0.5,derived pilot,Online at 59.9 s; different training histories,NaN,59.9,held,clean,(dimensionless state)^2,0.3,20,2,29,29,0,0.00344125219658241,0.00389222653238513,0.0623877113892241,4.11548190162774e-17,1.73333694994851e-32,1.31656255071626e-16,0.00344125219658245,0.00389222653238513,0.0623877113892242,0,0,0,0,0,0,0.00344125219658245,0.00389222653238513,0.0623877113892242,8.7897200360303e-18,8.7897200360303e-18,-1.16102656146279e-19,-1.16102656146279e-19,0,6.07004507025729e-19,0,6.07004507025729e-19,0,NaN
onlineCommonQueries,3,A,A,"Affine, variable forgetting",dimensionless state,study3_pilot_20260918/runs/abrupt_A_vrf_000.mat,pilot,0,abrupt,0.5,derived pilot,Online at 59.9 s; different training histories,NaN,59.9,rateLimited,clean,(dimensionless state)^2,0.3,1,0.1,29,29,0,0.00141246095786064,0.00103367337761002,0.0321507912439183,0,0,0,0.00141246095786064,0.00103367337761002,0.0321507912439183,0,0,0,0,0,0,0.00141246095786064,0.00103367337761002,0.0321507912439183,0,0,0,0,0,0,0,0,0,NaN
onlineCommonQueries,3,A,A,"Affine, variable forgetting",dimensionless state,study3_pilot_20260918/runs/abrupt_A_vrf_000.mat,pilot,0,abrupt,0.5,derived pilot,Online at 59.9 s; different training histories,NaN,59.9,rateLimited,clean,(dimensionless state)^2,0.3,2,0.2,29,29,0,0.00630158293904036,0.00248312136145187,0.0498309277602963,-1.91417762866406e-18,7.57089702276362e-34,2.75152630784509e-17,0.00630158293904036,0.00248312136145187,0.0498309277602963,0,0,0,0,0,0,0.00630158293904036,0.00248312136145187,0.0498309277602963,5.44088963562368e-19,5.44088963562368e-19,-1.10408094568167e-19,-1.10408094568167e-19,0,7.5950646964899e-19,0,7.5950646964899e-19,0,NaN
onlineCommonQueries,3,A,A,"Affine, variable forgetting",dimensionless state,study3_pilot_20260918/runs/abrupt_A_vrf_000.mat,pilot,0,abrupt,0.5,derived pilot,Online at 59.9 s; different training histories,NaN,59.9,rateLimited,clean,(dimensionless state)^2,0.3,5,0.5,29,29,0,0.005346338615349,0.00311502975384721,0.0558124516021937,-9.0923437361543e-18,4.34994521921945e-33,6.59541144980315e-17,0.00534633861534899,0.00311502975384722,0.0558124516021937,0,0,0,0,0,0,0.00534633861534899,0.00311502975384722,0.0558124516021937,1.26127810955833e-18,1.26127810955833e-18,1.34080710440687e-18,1.34080710440687e-18,0,3.31805640569013e-19,0,3.31805640569013e-19,0,NaN
onlineCommonQueries,3,A,A,"Affine, variable forgetting",dimensionless state,study3_pilot_20260918/runs/abrupt_A_vrf_000.mat,pilot,0,abrupt,0.5,derived pilot,Online at 59.9 s; different training histories,NaN,59.9,rateLimited,clean,(dimensionless state)^2,0.3,10,1,29,29,0,0.002941041016416,0.00254449695992858,0.0504430070468502,-7.53707441286475e-18,5.00783292651552e-33,7.07660435980105e-17,0.00294104101641599,0.00254449695992858,0.0504430070468502,0,0,0,0,0,0,0.00294104101641599,0.00254449695992858,0.0504430070468502,-1.94921361967115e-18,-1.94921361967115e-18,-2.19190725299865e-19,-2.19190725299865e-19,0,6.11200565646686e-19,0,6.11200565646686e-19,0,NaN
onlineCommonQueries,3,A,A,"Affine, variable forgetting",dimensionless state,study3_pilot_20260918/runs/abrupt_A_vrf_000.mat,pilot,0,abrupt,0.5,derived pilot,Online at 59.9 s; different training histories,NaN,59.9,rateLimited,clean,(dimensionless state)^2,0.3,20,2,29,29,0,0.00112720952006633,0.00374297159445835,0.0611798299642811,-1.60312376400615e-17,1.04680933615186e-32,1.0231370075175e-16,0.00112720952006631,0.00374297159445835,0.0611798299642811,0,0,0,0,0,0,0.00112720952006631,0.00374297159445835,0.0611798299642811,-4.42909897409961e-18,-4.42909897409961e-18,-3.41390584836623e-19,-3.41390584836623e-19,0,7.20262069848066e-19,0,7.20262069848066e-19,0,NaN
onlineCommonQueries,3,A,A,"Affine, variable forgetting",dimensionless state,study3_pilot_20260918/runs/abrupt_A_vrf_000.mat,pilot,0,abrupt,0.5,derived pilot,Online at 95 s; different training histories,NaN,95,held,clean,(dimensionless state)^2,0.3,1,0.1,29,29,0,0.0180791008634988,0.000936082468349848,0.030595464833041,0,3.32056886963317e-36,1.82224281302827e-18,0.0180791008634988,0.000936082468349848,0.030595464833041,0,0,0,0,0,0,0.0180791008634988,0.000936082468349848,0.030595464833041,4.25986001002149e-21,4.25986001002149e-21,-4.25986001002149e-21,-4.25986001002149e-21,0,1.02622411569999e-19,0,1.02622411569999e-19,0,NaN
onlineCommonQueries,3,A,A,"Affine, variable forgetting",dimensionless state,study3_pilot_20260918/runs/abrupt_A_vrf_000.mat,pilot,0,abrupt,0.5,derived pilot,Online at 95 s; different training histories,NaN,95,held,clean,(dimensionless state)^2,0.3,2,0.2,29,29,0,0.0312456814030809,0.00217584630824819,0.0466459677597988,7.17816610749024e-19,2.60664656266203e-34,1.61451124575273e-17,0.0312456814030809,0.00217584630824819,0.0466459677597988,0,0,0,0,0,0,0.0312456814030809,0.00217584630824819,0.0466459677597988,2.54823302732786e-19,2.54823302732786e-19,1.78857566261416e-19,1.78857566261416e-19,0,5.16332722208854e-19,0,5.16332722208854e-19,0,NaN
onlineCommonQueries,3,A,A,"Affine, variable forgetting",dimensionless state,study3_pilot_20260918/runs/abrupt_A_vrf_000.mat,pilot,0,abrupt,0.5,derived pilot,Online at 95 s; different training histories,NaN,95,held,clean,(dimensionless state)^2,0.3,5,0.5,29,29,0,0.0524608177170348,0.00380159993848685,0.0616571158787601,-1.89025040830576e-17,5.52376631463477e-33,7.43220446074701e-17,0.0524608177170348,0.00380159993848685,0.0616571158787601,0,0,0,0,0,0,0.0524608177170348,0.00380159993848685,0.0616571158787601,2.3222667463893e-19,2.3222667463893e-19,6.35135063349468e-19,6.35135063349468e-19,1.38777878078145e-17,2.20913900281446e-18,1.38777878078145e-17,2.20913900281446e-18,0,NaN
onlineCommonQueries,3,A,A,"Affine, variable forgetting",dimensionless state,study3_pilot_20260918/runs/abrupt_A_vrf_000.mat,pilot,0,abrupt,0.5,derived pilot,Online at 95 s; different training histories,NaN,95,held,clean,(dimensionless state)^2,0.3,10,1,29,29,0,0.0622199239202459,0.00431212540756387,0.0656667755228157,-7.89598271823926e-18,1.42900681304663e-32,1.19541072985256e-16,0.0622199239202458,0.00431212540756387,0.0656667755228157,0,0,0,0,0,0,0.0622199239202458,0.00431212540756387,0.0656667755228157,1.49633555745555e-18,1.49633555745555e-18,1.10574965650964e-18,1.10574965650964e-18,1.38777878078145e-17,1.67770674263775e-18,1.38777878078145e-17,1.67770674263775e-18,0,NaN
onlineCommonQueries,3,A,A,"Affine, variable forgetting",dimensionless state,study3_pilot_20260918/runs/abrupt_A_vrf_000.mat,pilot,0,abrupt,0.5,derived pilot,Online at 95 s; different training histories,NaN,95,held,clean,(dimensionless state)^2,0.3,20,2,29,29,0,0.0642134092816451,0.00446024282871357,0.0667850494400773,-5.02471627524317e-18,1.7597354724621e-32,1.32655021482871e-16,0.0642134092816451,0.00446024282871357,0.0667850494400773,0,0,0,0,0,0,0.0642134092816451,0.00446024282871357,0.0667850494400773,1.10544115711065e-18,1.10544115711065e-18,-2.38079419122267e-19,-2.38079419122267e-19,1.38777878078145e-17,1.80042783983689e-18,1.38777878078145e-17,1.80042783983689e-18,0,NaN
onlineCommonQueries,3,A,A,"Affine, variable forgetting",dimensionless state,study3_pilot_20260918/runs/abrupt_A_vrf_000.mat,pilot,0,abrupt,0.5,derived pilot,Online at 95 s; different training histories,NaN,95,rateLimited,clean,(dimensionless state)^2,0.3,1,0.1,29,29,0,0.0180791008634988,0.000936082468349848,0.030595464833041,0,3.32056886963317e-36,1.82224281302827e-18,0.0180791008634988,0.000936082468349848,0.030595464833041,0,0,0,0,0,0,0.0180791008634988,0.000936082468349848,0.030595464833041,4.25986001002149e-21,4.25986001002149e-21,-4.25986001002149e-21,-4.25986001002149e-21,0,1.02622411569999e-19,0,1.02622411569999e-19,0,NaN
onlineCommonQueries,3,A,A,"Affine, variable forgetting",dimensionless state,study3_pilot_20260918/runs/abrupt_A_vrf_000.mat,pilot,0,abrupt,0.5,derived pilot,Online at 95 s; different training histories,NaN,95,rateLimited,clean,(dimensionless state)^2,0.3,2,0.2,29,29,0,0.0356815363051564,0.00326538063678909,0.0571435091396135,-3.58908305374512e-18,1.61047590177209e-34,1.2690452717583e-17,0.0356815363051564,0.00326538063678909,0.0571435091396135,0,0,0,0,0,0,0.0356815363051564,0.00326538063678909,0.0571435091396135,2.00194993745404e-19,2.00194993745404e-19,-1.06755673173381e-18,-1.06755673173381e-18,6.93889390390723e-18,7.00155300899946e-19,6.93889390390723e-18,7.00155300899946e-19,0,NaN
onlineCommonQueries,3,A,A,"Affine, variable forgetting",dimensionless state,study3_pilot_20260918/runs/abrupt_A_vrf_000.mat,pilot,0,abrupt,0.5,derived pilot,Online at 95 s; different training histories,NaN,95,rateLimited,clean,(dimensionless state)^2,0.3,5,0.5,29,29,0,0.0575326891418152,0.00719980176354854,0.0848516456148526,-1.89025040830576e-17,6.74905622752941e-33,8.21526398086477e-17,0.0575326891418152,0.00719980176354854,0.0848516456148526,0,0,0,0,0,0,0.0575326891418152,0.00719980176354854,0.0848516456148526,1.60564926842224e-18,1.60564926842224e-18,-1.60564926842225e-18,-1.60564926842225e-18,1.38777878078145e-17,5.12539843177247e-18,1.38777878078145e-17,5.12539843177247e-18,0,NaN
onlineCommonQueries,3,A,A,"Affine, variable forgetting",dimensionless state,study3_pilot_20260918/runs/abrupt_A_vrf_000.mat,pilot,0,abrupt,0.5,derived pilot,Online at 95 s; different training histories,NaN,95,rateLimited,clean,(dimensionless state)^2,0.3,10,1,29,29,0,0.0679967260673756,0.00613138070800154,0.0783031334494446,-1.10065213648184e-17,8.02913552677299e-33,8.96054436224329e-17,0.0679967260673756,0.00613138070800154,0.0783031334494446,0,0,0,0,0,0,0.0679967260673756,0.00613138070800154,0.0783031334494446,-1.48896637519731e-18,-1.48896637519731e-18,6.21604637208903e-19,6.21604637208903e-19,6.93889390390723e-18,1.5214383351339e-18,6.93889390390723e-18,1.5214383351339e-18,0,NaN
onlineCommonQueries,3,A,A,"Affine, variable forgetting",dimensionless state,study3_pilot_20260918/runs/abrupt_A_vrf_000.mat,pilot,0,abrupt,0.5,derived pilot,Online at 95 s; different training histories,NaN,95,rateLimited,clean,(dimensionless state)^2,0.3,20,2,29,29,0,0.0601979841866623,0.00537523428374533,0.0733159892775466,-2.15344983224707e-18,1.25534106116482e-32,1.12042003782725e-16,0.0601979841866623,0.00537523428374533,0.0733159892775466,0,0,0,0,0,0,0.0601979841866623,0.00537523428374533,0.0733159892775466,-4.59279386475526e-19,-4.59279386475526e-19,1.32664112446392e-18,1.32664112446392e-18,1.38777878078145e-17,3.95125237525288e-18,1.38777878078145e-17,3.95125237525288e-18,0,NaN
onlineCommonQueries,3,A,S,"Shared, no forgetting",dimensionless state,study3_pilot_20260918/runs/abrupt_S_none_000.mat,pilot,0,abrupt,0.5,derived pilot,Online at 49.9 s; different training histories,NaN,49.9,held,clean,(dimensionless state)^2,0.45,1,0.1,29,29,0,-4.48960586769725e-07,4.60111258717207e-11,6.78315014368109e-06,-1.19636101791504e-18,8.81611034887605e-34,2.96919355193899e-17,-4.48960586770921e-07,4.60111258717342e-11,6.78315014368208e-06,0,0,0,0,0,0,-4.48960586770921e-07,4.60111258717342e-11,6.78315014368208e-06,1.34774132200294e-23,1.34774132200294e-23,9.50817282466691e-27,9.50817282466691e-27,0,1.17492403481751e-26,0,1.17492403481751e-26,0,NaN
onlineCommonQueries,3,A,S,"Shared, no forgetting",dimensionless state,study3_pilot_20260918/runs/abrupt_S_none_000.mat,pilot,0,abrupt,0.5,derived pilot,Online at 49.9 s; different training histories,NaN,49.9,held,clean,(dimensionless state)^2,0.45,2,0.2,29,29,0,-1.09577670061204e-06,1.06093772332698e-10,1.03001831213187e-05,7.89598271823926e-18,2.59170400274869e-33,5.09087811948851e-17,-1.09577670060414e-06,1.06093772333227e-10,1.03001831213443e-05,0,0,0,0,0,0,-1.09577670060414e-06,1.06093772333227e-10,1.03001831213443e-05,5.28485774262635e-22,5.28485774262635e-22,-7.83572333971541e-27,-7.83572333971541e-27,0,5.69223663539532e-26,0,5.69223663539532e-26,0,NaN
onlineCommonQueries,3,A,S,"Shared, no forgetting",dimensionless state,study3_pilot_20260918/runs/abrupt_S_none_000.mat,pilot,0,abrupt,0.5,derived pilot,Online at 49.9 s; different training histories,NaN,49.9,held,clean,(dimensionless state)^2,0.45,5,0.5,29,29,0,-2.79436523136998e-06,1.95913215418994e-10,1.399690020751e-05,1.81846874723086e-17,1.09844418207465e-32,1.04806687862686e-16,-2.7943652313518e-06,1.95913215419874e-10,1.39969002075414e-05,0,0,0,0,0,0,-2.7943652313518e-06,1.95913215419874e-10,1.39969002075414e-05,8.80057807708109e-22,8.80057807708109e-22,-1.51841450988863e-26,-1.51841450988863e-26,0,6.95040814946462e-26,0,6.95040814946462e-26,0,NaN
onlineCommonQueries,3,A,S,"Shared, no forgetting",dimensionless state,study3_pilot_20260918/runs/abrupt_S_none_000.mat,pilot,0,abrupt,0.5,derived pilot,Online at 49.9 s; different training histories,NaN,49.9,held,clean,(dimensionless state)^2,0.45,10,1,29,29,0,-3.92249958603401e-06,2.29463268815351e-10,1.5148045049291e-05,2.63199423941309e-17,1.58922426100643e-32,1.26064438324471e-16,-3.92249958600769e-06,2.29463268816411e-10,1.5148045049326e-05,0,0,0,0,0,0,-3.92249958600769e-06,2.29463268816411e-10,1.5148045049326e-05,1.05988621880283e-21,1.05988621880283e-21,6.81879855588493e-26,6.81879855588493e-26,0,3.68786803253067e-26,0,3.68786803253067e-26,0,NaN
onlineCommonQueries,3,A,S,"Shared, no forgetting",dimensionless state,study3_pilot_20260918/runs/abrupt_S_none_000.mat,pilot,0,abrupt,0.5,derived pilot,Online at 49.9 s; different training histories,NaN,49.9,held,clean,(dimensionless state)^2,0.45,20,2,29,29,0,-4.16685255711579e-06,2.31885810211947e-10,1.52277972869338e-05,9.0923437361543e-18,1.51749997342236e-32,1.23186848868796e-16,-4.1668525571067e-06,2.31885810213678e-10,1.52277972869906e-05,0,0,0,0,0,0,-4.1668525571067e-06,2.31885810213678e-10,1.52277972869906e-05,1.73106443079421e-21,1.73106443079421e-21,1.77961109670516e-26,1.77961109670516e-26,0,1.29887710655725e-25,0,1.29887710655725e-25,0,NaN
onlineCommonQueries,3,A,S,"Shared, no forgetting",dimensionless state,study3_pilot_20260918/runs/abrupt_S_none_000.mat,pilot,0,abrupt,0.5,derived pilot,Online at 49.9 s; different training histories,NaN,49.9,rateLimited,clean,(dimensionless state)^2,0.45,1,0.1,29,29,0,-4.48960586769725e-07,4.60111258717207e-11,6.78315014368109e-06,-1.19636101791504e-18,8.81611034887605e-34,2.96919355193899e-17,-4.48960586770921e-07,4.60111258717342e-11,6.78315014368208e-06,0,0,0,0,0,0,-4.48960586770921e-07,4.60111258717342e-11,6.78315014368208e-06,1.34774132200294e-23,1.34774132200294e-23,9.50817282466691e-27,9.50817282466691e-27,0,1.17492403481751e-26,0,1.17492403481751e-26,0,NaN
onlineCommonQueries,3,A,S,"Shared, no forgetting",dimensionless state,study3_pilot_20260918/runs/abrupt_S_none_000.mat,pilot,0,abrupt,0.5,derived pilot,Online at 49.9 s; different training histories,NaN,49.9,rateLimited,clean,(dimensionless state)^2,0.45,2,0.2,29,29,0,-2.89537999406818e-07,1.88487239293367e-10,1.37290654923548e-05,-0.0017668540637175,6.37188910615606e-06,0.00252426011063758,-0.00176714360171691,6.36266609289615e-06,0.0025224325744995,0,0,0,0,0,0,-0.00176714360171691,6.36266609289615e-06,0.0025224325744995,-9.41150049919994e-09,-9.41150049919994e-09,-2.38393452537783e-21,-2.38393452537783e-21,0,1.87935435172048e-21,0,1.87935435172048e-21,0,NaN
onlineCommonQueries,3,A,S,"Shared, no forgetting",dimensionless state,study3_pilot_20260918/runs/abrupt_S_none_000.mat,pilot,0,abrupt,0.5,derived pilot,Online at 49.9 s; different training histories,NaN,49.9,rateLimited,clean,(dimensionless state)^2,0.45,5,0.5,29,29,0,-3.07263630820635e-06,7.17573097861866e-10,2.67875549063715e-05,-0.045303397996891,0.00470138802403698,0.0685666684624313,-0.0453064706331992,0.00470116930564594,0.0685650735115623,0,0,0,0,0,0,-0.0453064706331992,0.00470116930564594,0.0685650735115623,-2.19435964133412e-07,-2.19435964133412e-07,-3.9278505950958e-19,-3.9278505950958e-19,0,3.1712913545201e-18,0,3.1712913545201e-18,0,NaN
onlineCommonQueries,3,A,S,"Shared, no forgetting",dimensionless state,study3_pilot_20260918/runs/abrupt_S_none_000.mat,pilot,0,abrupt,0.5,derived pilot,Online at 49.9 s; different training histories,NaN,49.9,rateLimited,clean,(dimensionless state)^2,0.45,10,1,29,29,0,-2.51915552301715e-06,4.34790200672699e-10,2.0851623454127e-05,-0.0824856911446195,0.0195730652263341,0.139903771308475,-0.0824882103001425,0.0195730345736022,0.139903661759091,0,0,0,0,0,0,-0.0824882103001425,0.0195730345736022,0.139903661759091,-3.10875221140716e-08,-3.10875221140716e-08,5.42451810822475e-18,5.42451810822475e-18,0,6.30023106167749e-18,0,6.30023106167749e-18,0,NaN
onlineCommonQueries,3,A,S,"Shared, no forgetting",dimensionless state,study3_pilot_20260918/runs/abrupt_S_none_000.mat,pilot,0,abrupt,0.5,derived pilot,Online at 49.9 s; different training histories,NaN,49.9,rateLimited,clean,(dimensionless state)^2,0.45,20,2,29,29,0,-7.00965600331619e-06,6.75066307258915e-10,2.59820381659891e-05,-0.114187866228997,0.0294199041488556,0.171522313851159,-0.114194875885,0.0294214370882529,0.171526782422609,0,0,0,0,0,0,-0.114194875885,0.0294214370882529,0.171526782422609,1.5322643310748e-06,1.5322643310748e-06,-5.34520141364826e-18,-5.34520141364826e-18,0,7.65040157960084e-18,0,7.65040157960084e-18,0,NaN
onlineCommonQueries,3,A,S,"Shared, no forgetting",dimensionless state,study3_pilot_20260918/runs/abrupt_S_none_000.mat,pilot,0,abrupt,0.5,derived pilot,Online at 55 s; different training histories,NaN,55,held,clean,(dimensionless state)^2,0.3,1,0.1,29,29,0,0.000551084331807319,0.00147833163969703,0.0384490785285816,7.17816610749024e-19,7.47127995667462e-36,2.7333642195424e-18,0.000551084331807319,0.00147833163969703,0.0384490785285816,0,0,0,0,0,0,0.000551084331807319,0.00147833163969703,0.0384490785285816,-4.19464935855297e-20,-4.19464935855297e-20,4.19464935855297e-20,4.19464935855297e-20,0,9.88666131290313e-20,0,9.88666131290313e-20,0,NaN
onlineCommonQueries,3,A,S,"Shared, no forgetting",dimensionless state,study3_pilot_20260918/runs/abrupt_S_none_000.mat,pilot,0,abrupt,0.5,derived pilot,Online at 55 s; different training histories,NaN,55,held,clean,(dimensionless state)^2,0.3,2,0.2,29,29,0,0.00164080064097029,0.00401782270352355,0.0633862974429296,1.38777878078145e-17,1.86698984695125e-33,4.32086779125588e-17,0.00164080064097031,0.00401782270352355,0.0633862974429296,0,0,0,0,0,0,0.00164080064097031,0.00401782270352355,0.0633862974429296,1.05882838292757e-18,1.05882838292757e-18,6.75895093049237e-19,6.75895093049237e-19,0,5.51282525765514e-19,0,5.51282525765514e-19,0,NaN
onlineCommonQueries,3,A,S,"Shared, no forgetting",dimensionless state,study3_pilot_20260918/runs/abrupt_S_none_000.mat,pilot,0,abrupt,0.5,derived pilot,Online at 55 s; different training histories,NaN,55,held,clean,(dimensionless state)^2,0.3,5,0.5,29,29,0,0.00487848337527245,0.00965837161135493,0.0982770146644419,1.24421545863164e-17,1.29402568849604e-32,1.13755249922632e-16,0.00487848337527246,0.00965837161135494,0.0982770146644419,0,0,0,0,0,0,0.00487848337527246,0.00965837161135494,0.0982770146644419,3.1725466247196e-18,3.1725466247196e-18,-1.4378231487428e-18,-1.4378231487428e-18,0,3.89378225039909e-18,0,3.89378225039909e-18,0,NaN
onlineCommonQueries,3,A,S,"Shared, no forgetting",dimensionless state,study3_pilot_20260918/runs/abrupt_S_none_000.mat,pilot,0,abrupt,0.5,derived pilot,Online at 55 s; different training histories,NaN,55,held,clean,(dimensionless state)^2,0.3,10,1,29,29,0,0.00735822327455194,0.0127094462994257,0.112736180081754,1.48348766221465e-17,2.89885662318975e-32,1.70260289650575e-16,0.00735822327455195,0.0127094462994258,0.112736180081754,0,0,0,0,0,0,0.00735822327455195,0.0127094462994258,0.112736180081754,9.4694812723052e-18,9.4694812723052e-18,9.38859583555615e-19,9.38859583555615e-19,0,1.26800893826004e-17,0,1.26800893826004e-17,0,NaN
onlineCommonQueries,3,A,S,"Shared, no forgetting",dimensionless state,study3_pilot_20260918/runs/abrupt_S_none_000.mat,pilot,0,abrupt,0.5,derived pilot,Online at 55 s; different training histories,NaN,55,held,clean,(dimensionless state)^2,0.3,20,2,29,29,0,0.0081626063037308,0.0134959498776481,0.116172070127239,-1.48348766221465e-17,2.44061811918038e-32,1.56224777778059e-16,0.00816260630373078,0.0134959498776481,0.116172070127239,0,0,0,0,0,0,0.00816260630373078,0.0134959498776481,0.116172070127239,-2.4368046635605e-18,-2.4368046635605e-18,4.17152813953728e-18,4.17152813953728e-18,0,2.32726563065e-18,0,2.32726563065e-18,0,NaN
onlineCommonQueries,3,A,S,"Shared, no forgetting",dimensionless state,study3_pilot_20260918/runs/abrupt_S_none_000.mat,pilot,0,abrupt,0.5,derived pilot,Online at 55 s; different training histories,NaN,55,rateLimited,clean,(dimensionless state)^2,0.3,1,0.1,29,29,0,0.000551084331807319,0.00147833163969703,0.0384490785285816,7.17816610749024e-19,7.47127995667462e-36,2.7333642195424e-18,0.000551084331807319,0.00147833163969703,0.0384490785285816,0,0,0,0,0,0,0.000551084331807319,0.00147833163969703,0.0384490785285816,-4.19464935855297e-20,-4.19464935855297e-20,4.19464935855297e-20,4.19464935855297e-20,0,9.88666131290313e-20,0,9.88666131290313e-20,0,NaN
onlineCommonQueries,3,A,S,"Shared, no forgetting",dimensionless state,study3_pilot_20260918/runs/abrupt_S_none_000.mat,pilot,0,abrupt,0.5,derived pilot,Online at 55 s; different training histories,NaN,55,rateLimited,clean,(dimensionless state)^2,0.3,2,0.2,29,29,0,-0.000959904469435853,0.00346922899905441,0.0589001612820747,-0.00147947665874135,4.45545695124492e-06,0.00211079533618135,-0.0024393811281772,0.00349373199291954,0.0591077997638174,0,0,0,0,0,0,-0.0024393811281772,0.00349373199291954,0.0591077997638174,2.00475369138773e-05,2.00475369138773e-05,-4.54009659728305e-19,-4.54009659728305e-19,0,6.50521303491303e-19,0,6.50521303491303e-19,0,NaN
onlineCommonQueries,3,A,S,"Shared, no forgetting",dimensionless state,study3_pilot_20260918/runs/abrupt_S_none_000.mat,pilot,0,abrupt,0.5,derived pilot,Online at 55 s; different training histories,NaN,55,rateLimited,clean,(dimensionless state)^2,0.3,5,0.5,29,29,0,-0.00156855754006356,0.0114783529836392,0.107137075672426,-0.0384713425242178,0.00340859738984043,0.0583831944127797,-0.0400399000642814,0.0167305621164131,0.129346674160618,0,0,0,0,0,0,-0.0400399000642814,0.0167305621164131,0.129346674160618,0.00184361174293341,0.00184361174293341,5.63785129692462e-18,5.63785129692462e-18,0,3.89378225039909e-18,0,3.89378225039909e-18,0,NaN
onlineCommonQueries,3,A,S,"Shared, no forgetting",dimensionless state,study3_pilot_20260918/runs/abrupt_S_none_000.mat,pilot,0,abrupt,0.5,derived pilot,Online at 55 s; different training histories,NaN,55,rateLimited,clean,(dimensionless state)^2,0.3,10,1,29,29,0,-0.00895668363393292,0.00951521540682676,0.0975459656102022,-0.0739282553885156,0.0160887610028781,0.126841479819805,-0.0828849390224486,0.0328040863308713,0.181118983905253,0,0,0,0,0,0,-0.0828849390224486,0.0328040863308713,0.181118983905253,0.00720010992116645,0.00720010992116645,4.33680868994202e-18,4.33680868994202e-18,2.77555756156289e-17,1.38777878078145e-17,2.77555756156289e-17,1.38777878078145e-17,0,NaN
onlineCommonQueries,3,A,S,"Shared, no forgetting",dimensionless state,study3_pilot_20260918/runs/abrupt_S_none_000.mat,pilot,0,abrupt,0.5,derived pilot,Online at 55 s; different training histories,NaN,55,rateLimited,clean,(dimensionless state)^2,0.3,20,2,29,29,0,0.0118923530637833,0.0152862250186023,0.123637474167836,-0.105668469814361,0.0252402879687604,0.15887192316064,-0.0937761167505772,0.0364245139479457,0.190852073470386,0,0,0,0,0,0,-0.0937761167505772,0.0364245139479457,0.190852073470386,-0.00410199903941698,-0.00410199903941698,5.20417042793042e-18,5.20417042793042e-18,2.77555756156289e-17,2.77555756156289e-17,2.77555756156289e-17,2.77555756156289e-17,0,NaN
onlineCommonQueries,3,A,S,"Shared, no forgetting",dimensionless state,study3_pilot_20260918/runs/abrupt_S_none_000.mat,pilot,0,abrupt,0.5,derived pilot,Online at 59.9 s; different training histories,NaN,59.9,held,clean,(dimensionless state)^2,0.3,1,0.1,29,29,0,-0.00200971464485201,0.0013968950209808,0.0373750588090614,-2.39272203583008e-19,8.30142217408291e-37,9.11121406514133e-19,-0.00200971464485201,0.0013968950209808,0.0373750588090614,0,0,0,0,0,0,-0.00200971464485201,0.0013968950209808,0.0373750588090614,1.14330180475922e-20,1.14330180475922e-20,-1.14330180475922e-20,-1.14330180475922e-20,0,5.4639289426541e-20,0,5.4639289426541e-20,0,NaN
onlineCommonQueries,3,A,S,"Shared, no forgetting",dimensionless state,study3_pilot_20260918/runs/abrupt_S_none_000.mat,pilot,0,abrupt,0.5,derived pilot,Online at 59.9 s; different training histories,NaN,59.9,held,clean,(dimensionless state)^2,0.3,2,0.2,29,29,0,-0.00303548023893859,0.00365952332566355,0.0604939941288683,5.9818050895752e-19,1.79518254514543e-33,4.23695945832083e-17,-0.00303548023893859,0.00365952332566355,0.0604939941288683,0,0,0,0,0,0,-0.00303548023893859,0.00365952332566355,0.0604939941288683,-9.81023958833646e-19,-9.81023958833646e-19,5.47343089839442e-19,5.47343089839442e-19,0,6.40300100325904e-19,0,6.40300100325904e-19,0,NaN
onlineCommonQueries,3,A,S,"Shared, no forgetting",dimensionless state,study3_pilot_20260918/runs/abrupt_S_none_000.mat,pilot,0,abrupt,0.5,derived pilot,Online at 59.9 s; different training histories,NaN,59.9,held,clean,(dimensionless state)^2,0.3,5,0.5,29,29,0,-0.00390153809898525,0.00821256036171684,0.0906231778394294,4.42653576628565e-18,4.82520163868569e-33,6.94636713591046e-17,-0.00390153809898524,0.00821256036171684,0.0906231778394293,0,0,0,0,0,0,-0.00390153809898524,0.00821256036171684,0.0906231778394293,-4.59739847793934e-18,-4.59739847793934e-18,-2.34149542596789e-18,-2.34149542596789e-18,0,2.2857158923068e-18,0,2.2857158923068e-18,0,NaN
onlineCommonQueries,3,A,S,"Shared, no forgetting",dimensionless state,study3_pilot_20260918/runs/abrupt_S_none_000.mat,pilot,0,abrupt,0.5,derived pilot,Online at 59.9 s; different training histories,NaN,59.9,held,clean,(dimensionless state)^2,0.3,10,1,29,29,0,-0.00393232900340074,0.0104850617625616,0.102396590580749,1.26814267898994e-17,5.28136478715155e-33,7.26729990240636e-17,-0.00393232900340073,0.0104850617625616,0.102396590580749,0,0,0,0,0,0,-0.00393232900340073,0.0104850617625616,0.102396590580749,-6.14780026506968e-18,-6.14780026506968e-18,2.67835331311606e-18,2.67835331311606e-18,0,1.99563376360829e-18,0,1.99563376360829e-18,0,NaN
onlineCommonQueries,3,A,S,"Shared, no forgetting",dimensionless state,study3_pilot_20260918/runs/abrupt_S_none_000.mat,pilot,0,abrupt,0.5,derived pilot,Online at 59.9 s; different training histories,NaN,59.9,held,clean,(dimensionless state)^2,0.3,20,2,29,29,0,-0.00382111136567166,0.0111245254524496,0.105472865953522,9.57088814332031e-19,9.53335322471682e-33,9.76388919678876e-17,-0.00382111136567165,0.0111245254524496,0.105472865953522,0,0,0,0,0,0,-0.00382111136567165,0.0111245254524496,0.105472865953522,-8.80550570036031e-18,-8.80550570036031e-18,3.60133527242988e-18,3.60133527242988e-18,0,2.41896183540171e-18,0,2.41896183540171e-18,0,NaN
onlineCommonQueries,3,A,S,"Shared, no forgetting",dimensionless state,study3_pilot_20260918/runs/abrupt_S_none_000.mat,pilot,0,abrupt,0.5,derived pilot,Online at 59.9 s; different training histories,NaN,59.9,rateLimited,clean,(dimensionless state)^2,0.3,1,0.1,29,29,0,-0.00200971464485201,0.0013968950209808,0.0373750588090614,-2.39272203583008e-19,8.30142217408291e-37,9.11121406514133e-19,-0.00200971464485201,0.0013968950209808,0.0373750588090614,0,0,0,0,0,0,-0.00200971464485201,0.0013968950209808,0.0373750588090614,1.14330180475922e-20,1.14330180475922e-20,-1.14330180475922e-20,-1.14330180475922e-20,0,5.4639289426541e-20,0,5.4639289426541e-20,0,NaN
onlineCommonQueries,3,A,S,"Shared, no forgetting",dimensionless state,study3_pilot_20260918/runs/abrupt_S_none_000.mat,pilot,0,abrupt,0.5,derived pilot,Online at 59.9 s; different training histories,NaN,59.9,rateLimited,clean,(dimensionless state)^2,0.3,2,0.2,29,29,0,-0.00494196584956718,0.00312556250131744,0.0559067303758451,-0.00129468943862533,3.42290388713794e-06,0.00185010915546568,-0.0062366552881925,0.00314487236282427,0.0560791615738348,0,0,0,0,0,0,-0.0062366552881925,0.00314487236282427,0.0560791615738348,1.58869576196859e-05,1.58869576196859e-05,1.5551524911589e-18,1.5551524911589e-18,0,6.40300100325904e-19,0,6.40300100325904e-19,0,NaN
onlineCommonQueries,3,A,S,"Shared, no forgetting",dimensionless state,study3_pilot_20260918/runs/abrupt_S_none_000.mat,pilot,0,abrupt,0.5,derived pilot,Online at 59.9 s; different training histories,NaN,59.9,rateLimited,clean,(dimensionless state)^2,0.3,5,0.5,29,29,0,-0.0104817719272845,0.0079165489495327,0.0889749905846171,-0.0339256278297048,0.00266459456233276,0.0516197109865288,-0.0444073997569894,0.0124551908276804,0.111602826253104,0,0,0,0,0,0,-0.0444073997569894,0.0124551908276804,0.111602826253104,0.00187404731581497,0.00187404731581497,-5.20417042793042e-18,-5.20417042793042e-18,0,3.46944695195361e-18,0,3.46944695195361e-18,0,NaN
onlineCommonQueries,3,A,S,"Shared, no forgetting",dimensionless state,study3_pilot_20260918/runs/abrupt_S_none_000.mat,pilot,0,abrupt,0.5,derived pilot,Online at 59.9 s; different training histories,NaN,59.9,rateLimited,clean,(dimensionless state)^2,0.3,10,1,29,29,0,-0.0193628287767426,0.00720168292355355,0.0848627298851124,-0.0678145316115215,0.0137568690618634,0.117289680116639,-0.0871773603882641,0.028815889055706,0.169752434609068,0,0,0,0,0,0,-0.0871773603882641,0.028815889055706,0.169752434609068,0.00785733707028905,0.00785733707028905,-8.67361737988404e-18,-8.67361737988404e-18,6.93889390390723e-18,1.38777878078145e-17,6.93889390390723e-18,1.38777878078145e-17,0,NaN
onlineCommonQueries,3,A,S,"Shared, no forgetting",dimensionless state,study3_pilot_20260918/runs/abrupt_S_none_000.mat,pilot,0,abrupt,0.5,derived pilot,Online at 59.9 s; different training histories,NaN,59.9,rateLimited,clean,(dimensionless state)^2,0.3,20,2,29,29,0,-0.00276629500112495,0.0108511010455172,0.104168618333533,-0.0995057539341911,0.0224065863752494,0.149688297389106,-0.102272048935316,0.0322378662655305,0.179549063672107,0,0,0,0,0,0,-0.102272048935316,0.0322378662655305,0.179549063672107,-0.00101982115523605,-0.00101982115523605,8.67361737988404e-19,8.67361737988404e-19,1.38777878078145e-17,6.93889390390723e-18,1.38777878078145e-17,6.93889390390723e-18,0,NaN
onlineCommonQueries,3,A,S,"Shared, no forgetting",dimensionless state,study3_pilot_20260918/runs/abrupt_S_none_000.mat,pilot,0,abrupt,0.5,derived pilot,Online at 95 s; different training histories,NaN,95,held,clean,(dimensionless state)^2,0.3,1,0.1,29,29,0,0.00460145288175147,0.00138135181274153,0.0371665415762824,0,0,0,0.00460145288175147,0.00138135181274153,0.0371665415762824,0,0,0,0,0,0,0.00460145288175147,0.00138135181274153,0.0371665415762824,0,0,0,0,0,0,0,0,0,NaN
onlineCommonQueries,3,A,S,"Shared, no forgetting",dimensionless state,study3_pilot_20260918/runs/abrupt_S_none_000.mat,pilot,0,abrupt,0.5,derived pilot,Online at 95 s; different training histories,NaN,95,held,clean,(dimensionless state)^2,0.3,2,0.2,29,29,0,0.00760758813091231,0.0031914807225218,0.0564931918245181,-1.65097820472275e-17,3.41520508241771e-33,5.84397560092247e-17,0.00760758813091229,0.0031914807225218,0.0564931918245181,0,0,0,0,0,0,0.00760758813091229,0.0031914807225218,0.0564931918245181,-9.63415427515543e-19,-9.63415427515543e-19,-3.37627179467066e-19,-3.37627179467066e-19,0,4.54796893735261e-19,0,4.54796893735261e-19,0,NaN
onlineCommonQueries,3,A,S,"Shared, no forgetting",dimensionless state,study3_pilot_20260918/runs/abrupt_S_none_000.mat,pilot,0,abrupt,0.5,derived pilot,Online at 95 s; different training histories,NaN,95,held,clean,(dimensionless state)^2,0.3,5,0.5,29,29,0,0.0110825300574331,0.00510822651971002,0.0714718582360219,-1.72275986579766e-17,7.13258193197204e-33,8.44546146280476e-17,0.0110825300574331,0.00510822651971001,0.0714718582360219,0,0,0,0,0,0,0.0110825300574331,0.00510822651971001,0.0714718582360219,-3.64007085964763e-18,-3.64007085964763e-18,1.70623907694014e-19,1.70623907694014e-19,0,1.07624517801891e-18,0,1.07624517801891e-18,0,NaN
onlineCommonQueries,3,A,S,"Shared, no forgetting",dimensionless state,study3_pilot_20260918/runs/abrupt_S_none_000.mat,pilot,0,abrupt,0.5,derived pilot,Online at 95 s; different training histories,NaN,95,held,clean,(dimensionless state)^2,0.3,10,1,29,29,0,0.0109332728669526,0.00507359903274909,0.0712292007027251,-2.20130427296367e-17,2.05343978898115e-32,1.43298282926947e-16,0.0109332728669525,0.00507359903274909,0.0712292007027251,0,0,0,0,0,0,0.0109332728669525,0.00507359903274909,0.0712292007027251,-6.76836698151965e-18,-6.76836698151965e-18,-1.037888660376e-18,-1.037888660376e-18,0,1.61502859601189e-18,0,1.61502859601189e-18,0,NaN
onlineCommonQueries,3,A,S,"Shared, no forgetting",dimensionless state,study3_pilot_20260918/runs/abrupt_S_none_000.mat,pilot,0,abrupt,0.5,derived pilot,Online at 95 s; different training histories,NaN,95,held,clean,(dimensionless state)^2,0.3,20,2,29,29,0,0.0101075056948386,0.00515562717499969,0.0718026961541117,-2.10559539153047e-17,2.91147478489436e-32,1.70630442327691e-16,0.0101075056948385,0.00515562717499968,0.0718026961541116,0,0,0,0,0,0,0.0101075056948385,0.00515562717499968,0.0718026961541116,-9.74348627806045e-18,-9.74348627806045e-18,-6.64854577800422e-19,-6.64854577800422e-19,0,6.61496846829231e-19,0,6.61496846829231e-19,0,NaN
onlineCommonQueries,3,A,S,"Shared, no forgetting",dimensionless state,study3_pilot_20260918/runs/abrupt_S_none_000.mat,pilot,0,abrupt,0.5,derived pilot,Online at 95 s; different training histories,NaN,95,rateLimited,clean,(dimensionless state)^2,0.3,1,0.1,29,29,0,0.00460145288175147,0.00138135181274153,0.0371665415762824,0,0,0,0.00460145288175147,0.00138135181274153,0.0371665415762824,0,0,0,0,0,0,0.00460145288175147,0.00138135181274153,0.0371665415762824,0,0,0,0,0,0,0,0,0,NaN
onlineCommonQueries,3,A,S,"Shared, no forgetting",dimensionless state,study3_pilot_20260918/runs/abrupt_S_none_000.mat,pilot,0,abrupt,0.5,derived pilot,Online at 95 s; different training histories,NaN,95,rateLimited,clean,(dimensionless state)^2,0.3,2,0.2,29,29,0,0.00757308437088475,0.00344504088034646,0.0586944706113486,-0.000877431442281719,1.52795247989507e-06,0.00123610374964849,0.00669565292860303,0.00342276143105957,0.0585043710423381,0,0,0,0,0,0,0.00669565292860303,0.00342276143105957,0.0585043710423381,-2.38074017667842e-05,-2.38074017667842e-05,5.79370535921941e-19,5.79370535921941e-19,0,6.50521303491303e-19,0,6.50521303491303e-19,0,NaN
onlineCommonQueries,3,A,S,"Shared, no forgetting",dimensionless state,study3_pilot_20260918/runs/abrupt_S_none_000.mat,pilot,0,abrupt,0.5,derived pilot,Online at 95 s; different training histories,NaN,95,rateLimited,clean,(dimensionless state)^2,0.3,5,0.5,29,29,0,0.00579541295797502,0.00404594626024452,0.0636077531457016,-0.0228454562051804,0.00120719321701463,0.0347446861694653,-0.0170500432472054,0.00491381687823815,0.0700986225131289,0,0,0,0,0,0,-0.0170500432472054,0.00491381687823815,0.0700986225131289,-0.000339322599021003,-0.000339322599021003,-1.62630325872826e-19,-1.62630325872826e-19,0,3.46944695195361e-18,0,3.46944695195361e-18,0,NaN
onlineCommonQueries,3,A,S,"Shared, no forgetting",dimensionless state,study3_pilot_20260918/runs/abrupt_S_none_000.mat,pilot,0,abrupt,0.5,derived pilot,Online at 95 s; different training histories,NaN,95,rateLimited,clean,(dimensionless state)^2,0.3,10,1,29,29,0,-0.000408884905588088,0.00288129286924533,0.0536776757064362,-0.0503312953371359,0.00766388578604089,0.0875436221894028,-0.050740180242724,0.0131058401605347,0.114480741439487,0,0,0,0,0,0,-0.050740180242724,0.0131058401605347,0.114480741439487,0.0025606615052485,0.0025606615052485,8.67361737988404e-19,8.67361737988404e-19,1.38777878078145e-17,3.46944695195361e-18,1.38777878078145e-17,3.46944695195361e-18,0,NaN
onlineCommonQueries,3,A,S,"Shared, no forgetting",dimensionless state,study3_pilot_20260918/runs/abrupt_S_none_000.mat,pilot,0,abrupt,0.5,derived pilot,Online at 95 s; different training histories,NaN,95,rateLimited,clean,(dimensionless state)^2,0.3,20,2,29,29,0,0.00512253134921005,0.00351956050762591,0.0593258839599202,-0.0803302145733464,0.0144846682378641,0.120352267273467,-0.0752076832241363,0.0148997872499868,0.122064684696217,0,0,0,0,0,0,-0.0752076832241363,0.0148997872499868,0.122064684696217,-0.00310444149550325,-0.00310444149550325,-3.46944695195361e-18,-3.46944695195361e-18,1.38777878078145e-17,5.20417042793042e-18,1.38777878078145e-17,5.20417042793042e-18,0,NaN
onlineCommonQueries,3,A,S,"Shared, fixed forgetting",dimensionless state,study3_pilot_20260918/runs/abrupt_S_fixed_000.mat,pilot,0,abrupt,0.5,derived pilot,Online at 49.9 s; different training histories,NaN,49.9,held,clean,(dimensionless state)^2,0.45,1,0.1,29,29,0,1.68330466912319e-07,1.17956672725421e-12,1.08607860086377e-06,-3.34981085016211e-18,4.31673953052311e-34,2.07767647397835e-17,1.68330466908969e-07,1.17956672727076e-12,1.08607860087139e-06,0,0,0,0,0,0,1.68330466908969e-07,1.17956672727076e-12,1.08607860087139e-06,1.65450167017621e-23,1.65450167017621e-23,-1.92760782783199e-28,-1.92760782783199e-28,0,5.89488637378045e-28,0,5.89488637378045e-28,0,NaN
onlineCommonQueries,3,A,S,"Shared, fixed forgetting",dimensionless state,study3_pilot_20260918/runs/abrupt_S_fixed_000.mat,pilot,0,abrupt,0.5,derived pilot,Online at 49.9 s; different training histories,NaN,49.9,held,clean,(dimensionless state)^2,0.45,2,0.2,29,29,0,2.35352483839062e-07,2.12410421289122e-12,1.45743068888068e-06,-6.69962170032422e-18,4.38315090791578e-33,6.62053691773996e-17,2.35352483832362e-07,2.12410421298131e-12,1.45743068891159e-06,0,0,0,0,0,0,2.35352483832362e-07,2.12410421298131e-12,1.45743068891159e-06,9.00839354028533e-23,9.00839354028533e-23,3.95385049755634e-28,3.95385049755634e-28,0,7.41775769940633e-28,0,7.41775769940633e-28,0,NaN
onlineCommonQueries,3,A,S,"Shared, fixed forgetting",dimensionless state,study3_pilot_20260918/runs/abrupt_S_fixed_000.mat,pilot,0,abrupt,0.5,derived pilot,Online at 49.9 s; different training histories,NaN,49.9,held,clean,(dimensionless state)^2,0.45,5,0.5,29,29,0,2.33999871826245e-07,1.49858578264554e-12,1.2241673834266e-06,3.82835525732813e-18,6.42862133160981e-33,8.01786837732437e-17,2.33999871830074e-07,1.49858578271937e-12,1.22416738345676e-06,0,0,0,0,0,0,2.33999871830074e-07,1.49858578271937e-12,1.22416738345676e-06,7.38342836488719e-23,7.38342836488719e-23,6.78475101396133e-29,6.78475101396133e-29,0,1.91730177823638e-28,0,1.91730177823638e-28,0,NaN
onlineCommonQueries,3,A,S,"Shared, fixed forgetting",dimensionless state,study3_pilot_20260918/runs/abrupt_S_fixed_000.mat,pilot,0,abrupt,0.5,derived pilot,Online at 49.9 s; different training histories,NaN,49.9,held,clean,(dimensionless state)^2,0.45,10,1,29,29,0,1.84904731725656e-07,4.64121579438211e-13,6.81264691172389e-07,-1.91417762866406e-18,1.23259516440783e-32,1.11022302462516e-16,1.84904731723742e-07,4.64121579505913e-13,6.81264691222078e-07,0,0,0,0,0,0,1.84904731723742e-07,4.64121579505913e-13,6.81264691222078e-07,6.770226659974e-23,6.770226659974e-23,2.29498593849103e-29,2.29498593849103e-29,0,3.57896331937458e-28,0,3.57896331937458e-28,0,NaN
onlineCommonQueries,3,A,S,"Shared, fixed forgetting",dimensionless state,study3_pilot_20260918/runs/abrupt_S_fixed_000.mat,pilot,0,abrupt,0.5,derived pilot,Online at 49.9 s; different training histories,NaN,49.9,held,clean,(dimensionless state)^2,0.45,20,2,29,29,0,1.81353737300905e-07,2.74559935597769e-13,5.23984671147705e-07,-4.78544407166016e-18,1.70278771634789e-32,1.30490908355636e-16,1.8135373729612e-07,2.74559935635957e-13,5.23984671184145e-07,0,0,0,0,0,0,1.8135373729612e-07,2.74559935635957e-13,5.23984671184145e-07,3.81880941169149e-23,3.81880941169149e-23,-5.71533391752815e-29,-5.71533391752815e-29,0,3.61158086891272e-29,0,3.61158086891272e-29,0,NaN
onlineCommonQueries,3,A,S,"Shared, fixed forgetting",dimensionless state,study3_pilot_20260918/runs/abrupt_S_fixed_000.mat,pilot,0,abrupt,0.5,derived pilot,Online at 49.9 s; different training histories,NaN,49.9,rateLimited,clean,(dimensionless state)^2,0.45,1,0.1,29,29,0,1.68330466912319e-07,1.17956672725421e-12,1.08607860086377e-06,-3.34981085016211e-18,4.31673953052311e-34,2.07767647397835e-17,1.68330466908969e-07,1.17956672727076e-12,1.08607860087139e-06,0,0,0,0,0,0,1.68330466908969e-07,1.17956672727076e-12,1.08607860087139e-06,1.65450167017621e-23,1.65450167017621e-23,-1.92760782783199e-28,-1.92760782783199e-28,0,5.89488637378045e-28,0,5.89488637378045e-28,0,NaN
onlineCommonQueries,3,A,S,"Shared, fixed forgetting",dimensionless state,study3_pilot_20260918/runs/abrupt_S_fixed_000.mat,pilot,0,abrupt,0.5,derived pilot,Online at 49.9 s; different training histories,NaN,49.9,rateLimited,clean,(dimensionless state)^2,0.45,2,0.2,29,29,0,3.39597199366171e-07,4.9686938546139e-12,2.22905671857266e-06,-0.00176701463026054,6.37313209013538e-06,0.00252450630621818,-0.00176667503306118,6.37038886618752e-06,0.00252396292884573,0,0,0,0,0,0,-0.00176667503306118,6.37038886618752e-06,0.00252396292884573,-2.74819264171409e-09,-2.74819264171409e-09,-9.32646140653539e-22,-9.32646140653539e-22,0,1.72715311901072e-21,0,1.72715311901072e-21,0,NaN
onlineCommonQueries,3,A,S,"Shared, fixed forgetting",dimensionless state,study3_pilot_20260918/runs/abrupt_S_fixed_000.mat,pilot,0,abrupt,0.5,derived pilot,Online at 49.9 s; different training histories,NaN,49.9,rateLimited,clean,(dimensionless state)^2,0.45,5,0.5,29,29,0,7.53828767884668e-08,1.17853326882175e-11,3.43297723386239e-06,-0.045308040591559,0.00470233898970452,0.0685736027178427,-0.0453079652086822,0.00470227353637294,0.0685731254674376,0,0,0,0,0,0,-0.0453079652086822,0.00470227353637294,0.0685731254674376,-6.54651169161792e-08,-6.54651169161792e-08,-6.37987862849899e-19,-6.37987862849899e-19,0,3.12173992710572e-18,0,3.12173992710572e-18,0,NaN
onlineCommonQueries,3,A,S,"Shared, fixed forgetting",dimensionless state,study3_pilot_20260918/runs/abrupt_S_fixed_000.mat,pilot,0,abrupt,0.5,derived pilot,Online at 49.9 s; different training histories,NaN,49.9,rateLimited,clean,(dimensionless state)^2,0.45,10,1,29,29,0,1.26517228392138e-07,6.42008213277413e-12,2.53378809942231e-06,-0.0824921584952545,0.0195759930699997,0.139914234693971,-0.0824920319780261,0.0195759955887333,0.139914243694962,0,0,0,0,0,0,-0.0824920319780261,0.0195759955887333,0.139914243694962,2.51231355761143e-09,2.51231355761143e-09,-2.50281444147211e-18,-2.50281444147211e-18,0,8.42247211102314e-18,0,8.42247211102314e-18,0,NaN
onlineCommonQueries,3,A,S,"Shared, fixed forgetting",dimensionless state,study3_pilot_20260918/runs/abrupt_S_fixed_000.mat,pilot,0,abrupt,0.5,derived pilot,Online at 49.9 s; different training histories,NaN,49.9,rateLimited,clean,(dimensionless state)^2,0.45,20,2,29,29,0,-2.78424455503898e-07,7.88284835157015e-12,2.807641065302e-06,-0.114195480962481,0.0294237985099012,0.17153366582074,-0.114195759386937,0.0294237918211484,0.171533646323829,0,0,0,0,0,0,-0.114195759386937,0.0294237918211484,0.171533646323829,-6.69663568177652e-09,-6.69663568177652e-09,-1.70203826125239e-18,-1.70203826125239e-18,1.38777878078145e-17,1.51934417331372e-17,1.38777878078145e-17,1.51934417331372e-17,0,NaN
onlineCommonQueries,3,A,S,"Shared, fixed forgetting",dimensionless state,study3_pilot_20260918/runs/abrupt_S_fixed_000.mat,pilot,0,abrupt,0.5,derived pilot,Online at 55 s; different training histories,NaN,55,held,clean,(dimensionless state)^2,0.3,1,0.1,29,29,0,0.00545429907894615,0.00547492066563603,0.0739927068408504,-4.78544407166016e-18,3.45339162441849e-34,1.85833033242707e-17,0.00545429907894615,0.00547492066563603,0.0739927068408504,0,0,0,0,0,0,0.00545429907894615,0.00547492066563603,0.0739927068408504,5.01148226481329e-19,5.01148226481329e-19,-5.0114822648133e-19,-5.0114822648133e-19,0,2.87511589770603e-19,0,2.87511589770603e-19,0,NaN
onlineCommonQueries,3,A,S,"Shared, fixed forgetting",dimensionless state,study3_pilot_20260918/runs/abrupt_S_fixed_000.mat,pilot,0,abrupt,0.5,derived pilot,Online at 55 s; different training histories,NaN,55,held,clean,(dimensionless state)^2,0.3,2,0.2,29,29,0,0.00826134133355785,0.0133544931153939,0.115561642059093,-4.90508017345166e-18,4.31217374832737e-33,6.56671435980534e-17,0.00826134133355785,0.0133544931153939,0.115561642059093,0,0,0,0,0,0,0.00826134133355785,0.0133544931153939,0.115561642059093,1.05770000074438e-18,1.05770000074438e-18,6.77023475232426e-19,6.77023475232426e-19,3.46944695195361e-18,1.48233416264497e-18,3.46944695195361e-18,1.48233416264497e-18,0,NaN
onlineCommonQueries,3,A,S,"Shared, fixed forgetting",dimensionless state,study3_pilot_20260918/runs/abrupt_S_fixed_000.mat,pilot,0,abrupt,0.5,derived pilot,Online at 55 s; different training histories,NaN,55,held,clean,(dimensionless state)^2,0.3,5,0.5,29,29,0,0.00764970026601078,0.0215212629216293,0.146701271029359,5.3537155551698e-18,1.56951097753742e-32,1.25280125220939e-16,0.00764970026601078,0.0215212629216293,0.146701271029359,0,0,0,0,0,0,0.00764970026601078,0.0215212629216293,0.146701271029359,6.78380678902976e-18,6.78380678902976e-18,1.55087114877456e-19,1.55087114877456e-19,3.46944695195361e-18,5.49112801082221e-18,3.46944695195361e-18,5.49112801082221e-18,0,NaN
onlineCommonQueries,3,A,S,"Shared, fixed forgetting",dimensionless state,study3_pilot_20260918/runs/abrupt_S_fixed_000.mat,pilot,0,abrupt,0.5,derived pilot,Online at 55 s; different training histories,NaN,55,held,clean,(dimensionless state)^2,0.3,10,1,29,29,0,-0.00216349389960765,0.013898054980397,0.11789001221646,-1.2771153866243e-17,3.48280200666461e-32,1.86622667612073e-16,-0.00216349389960766,0.013898054980397,0.11789001221646,0,0,0,0,0,0,-0.00216349389960766,0.013898054980397,0.11789001221646,9.90548993866318e-18,9.90548993866318e-18,-2.96659603475598e-18,-2.96659603475598e-18,1.12757025938492e-17,5.13128777118898e-18,1.12757025938492e-17,5.13128777118898e-18,0,NaN
onlineCommonQueries,3,A,S,"Shared, fixed forgetting",dimensionless state,study3_pilot_20260918/runs/abrupt_S_fixed_000.mat,pilot,0,abrupt,0.5,derived pilot,Online at 55 s; different training histories,NaN,55,held,clean,(dimensionless state)^2,0.3,20,2,29,29,0,-0.0155532317585259,0.00685667609962909,0.0828050487568789,-3.74460998607407e-17,6.32340080555331e-32,2.51463731093637e-16,-0.0155532317585259,0.00685667609962908,0.0828050487568788,0,0,0,0,0,0,-0.0155532317585259,0.00685667609962908,0.0828050487568788,-1.42192344409354e-17,-1.42192344409354e-17,3.41446633120848e-19,3.41446633120848e-19,3.46944695195361e-18,1.89370097128678e-18,3.46944695195361e-18,1.89370097128678e-18,0,NaN
onlineCommonQueries,3,A,S,"Shared, fixed forgetting",dimensionless state,study3_pilot_20260918/runs/abrupt_S_fixed_000.mat,pilot,0,abrupt,0.5,derived pilot,Online at 55 s; different training histories,NaN,55,rateLimited,clean,(dimensionless state)^2,0.3,1,0.1,29,29,0,0.00545429907894615,0.00547492066563603,0.0739927068408504,-4.78544407166016e-18,3.45339162441849e-34,1.85833033242707e-17,0.00545429907894615,0.00547492066563603,0.0739927068408504,0,0,0,0,0,0,0.00545429907894615,0.00547492066563603,0.0739927068408504,5.01148226481329e-19,5.01148226481329e-19,-5.0114822648133e-19,-5.0114822648133e-19,0,2.87511589770603e-19,0,2.87511589770603e-19,0,NaN
onlineCommonQueries,3,A,S,"Shared, fixed forgetting",dimensionless state,study3_pilot_20260918/runs/abrupt_S_fixed_000.mat,pilot,0,abrupt,0.5,derived pilot,Online at 55 s; different training histories,NaN,55,rateLimited,clean,(dimensionless state)^2,0.3,2,0.2,29,29,0,0.0117144006251154,0.020204744538445,0.142143394283537,-0.000161836006867926,5.37689816930354e-08,0.000231881395745833,0.0115525646182475,0.0201866150616047,0.142079608183598,0,0,0,0,0,0,0.0115525646182475,0.0201866150616047,0.142079608183598,-1.81832458220033e-05,-1.81832458220033e-05,-5.63107503334659e-18,-5.63107503334659e-18,6.93889390390723e-18,6.23416249179165e-18,6.93889390390723e-18,6.23416249179165e-18,0,NaN
onlineCommonQueries,3,A,S,"Shared, fixed forgetting",dimensionless state,study3_pilot_20260918/runs/abrupt_S_fixed_000.mat,pilot,0,abrupt,0.5,derived pilot,Online at 55 s; different training histories,NaN,55,rateLimited,clean,(dimensionless state)^2,0.3,5,0.5,29,29,0,0.00819772736229194,0.0591244410315852,0.243155178911709,-0.00536855729013734,6.67466609231347e-05,0.0081698629684429,0.0028291700721546,0.0583330163033664,0.241522289454548,0,0,0,0,0,0,0.0028291700721546,0.0583330163033664,0.241522289454548,-0.000858171389141901,-0.000858171389141901,-9.86623976961809e-18,-9.86623976961809e-18,5.55111512312578e-17,5.89805981832114e-17,5.55111512312578e-17,5.89805981832114e-17,0,NaN
onlineCommonQueries,3,A,S,"Shared, fixed forgetting",dimensionless state,study3_pilot_20260918/runs/abrupt_S_fixed_000.mat,pilot,0,abrupt,0.5,derived pilot,Online at 55 s; different training histories,NaN,55,rateLimited,clean,(dimensionless state)^2,0.3,10,1,29,29,0,-0.00840293444989723,0.0363766270781737,0.190726576748427,-0.0170818300469432,0.000996756835533174,0.0315714560249155,-0.0254847644968404,0.0360691599973618,0.189918824757742,0,0,0,0,0,0,-0.0254847644968404,0.0360691599973618,0.189918824757742,-0.00130422391634506,-0.00130422391634506,-9.10729824887824e-18,-9.10729824887824e-18,2.77555756156289e-17,2.94902990916057e-17,2.77555756156289e-17,2.94902990916057e-17,0,NaN
onlineCommonQueries,3,A,S,"Shared, fixed forgetting",dimensionless state,study3_pilot_20260918/runs/abrupt_S_fixed_000.mat,pilot,0,abrupt,0.5,derived pilot,Online at 55 s; different training histories,NaN,55,rateLimited,clean,(dimensionless state)^2,0.3,20,2,29,29,0,-0.0437675453225707,0.0228514470632724,0.151166950962412,-0.045538477317146,0.00470743460850853,0.0686107470335991,-0.0893060226397167,0.0295627582135593,0.17193823953257,0,0,0,0,0,0,-0.0893060226397167,0.0295627582135593,0.17193823953257,0.00200387654177837,0.00200387654177837,1.73472347597681e-18,1.73472347597681e-18,2.77555756156289e-17,1.90819582357449e-17,2.77555756156289e-17,1.90819582357449e-17,0,NaN
onlineCommonQueries,3,A,S,"Shared, fixed forgetting",dimensionless state,study3_pilot_20260918/runs/abrupt_S_fixed_000.mat,pilot,0,abrupt,0.5,derived pilot,Online at 59.9 s; different training histories,NaN,59.9,held,clean,(dimensionless state)^2,0.3,1,0.1,29,29,0,-0.00890840273618366,0.00359456070272547,0.0599546553882638,-1.19636101791504e-19,2.07535554352073e-36,1.44060943476042e-18,-0.00890840273618366,0.00359456070272547,0.0599546553882638,0,0,0,0,0,0,-0.00890840273618366,0.00359456070272547,0.0599546553882638,-5.96984926456694e-21,-5.96984926456694e-21,5.96984926456693e-21,5.96984926456693e-21,0,7.41624304185563e-21,0,7.41624304185563e-21,0,NaN
onlineCommonQueries,3,A,S,"Shared, fixed forgetting",dimensionless state,study3_pilot_20260918/runs/abrupt_S_fixed_000.mat,pilot,0,abrupt,0.5,derived pilot,Online at 59.9 s; different training histories,NaN,59.9,held,clean,(dimensionless state)^2,0.3,2,0.2,29,29,0,-0.0177936334544419,0.0084565329699749,0.0919594093607332,-1.33992434006484e-17,3.0341698046273e-33,5.50832987812758e-17,-0.0177936334544419,0.0084565329699749,0.0919594093607332,0,0,0,0,0,0,-0.0177936334544419,0.0084565329699749,0.0919594093607332,-4.25411473879753e-18,-4.25411473879753e-18,7.84667786843912e-19,7.84667786843912e-19,3.46944695195361e-18,2.04341929969072e-18,3.46944695195361e-18,2.04341929969072e-18,0,NaN
onlineCommonQueries,3,A,S,"Shared, fixed forgetting",dimensionless state,study3_pilot_20260918/runs/abrupt_S_fixed_000.mat,pilot,0,abrupt,0.5,derived pilot,Online at 59.9 s; different training histories,NaN,59.9,held,clean,(dimensionless state)^2,0.3,5,0.5,29,29,0,-0.0417583475462029,0.0130591929380002,0.114276825900968,-3.72068276571577e-17,1.75081144362496e-32,1.32318231685016e-16,-0.041758347546203,0.0130591929380002,0.114276825900968,0,0,0,0,0,0,-0.041758347546203,0.0130591929380002,0.114276825900968,-7.67578924463251e-18,-7.67578924463251e-18,-2.73255161122835e-18,-2.73255161122835e-18,6.93889390390723e-18,2.31539526116784e-18,6.93889390390723e-18,2.31539526116784e-18,0,NaN
onlineCommonQueries,3,A,S,"Shared, fixed forgetting",dimensionless state,study3_pilot_20260918/runs/abrupt_S_fixed_000.mat,pilot,0,abrupt,0.5,derived pilot,Online at 59.9 s; different training histories,NaN,59.9,held,clean,(dimensionless state)^2,0.3,10,1,29,29,0,-0.0680265699290504,0.0111267381973674,0.105483355072577,-6.63980364942847e-17,5.0693049577146e-32,2.25151170499169e-16,-0.0680265699290505,0.0111267381973674,0.105483355072577,0,0,0,0,0,0,-0.0680265699290505,0.0111267381973674,0.105483355072577,-2.753784923869e-18,-2.753784923869e-18,2.75378492386894e-18,2.75378492386894e-18,6.93889390390723e-18,2.40476996924091e-18,6.93889390390723e-18,2.40476996924091e-18,0,NaN
onlineCommonQueries,3,A,S,"Shared, fixed forgetting",dimensionless state,study3_pilot_20260918/runs/abrupt_S_fixed_000.mat,pilot,0,abrupt,0.5,derived pilot,Online at 59.9 s; different training histories,NaN,59.9,held,clean,(dimensionless state)^2,0.3,20,2,29,29,0,-0.0864212607322556,0.0114203134683774,0.106865866713265,-7.00918011370974e-17,8.3794120897626e-32,2.89472141833417e-16,-0.0864212607322557,0.0114203134683774,0.106865866713265,0,0,0,0,0,0,-0.0864212607322557,0.0114203134683774,0.106865866713265,2.30216365433626e-18,2.30216365433626e-18,1.16728329761727e-18,1.16728329761727e-18,9.10729824887824e-18,2.73849684196184e-18,9.10729824887824e-18,2.73849684196184e-18,0,NaN
onlineCommonQueries,3,A,S,"Shared, fixed forgetting",dimensionless state,study3_pilot_20260918/runs/abrupt_S_fixed_000.mat,pilot,0,abrupt,0.5,derived pilot,Online at 59.9 s; different training histories,NaN,59.9,rateLimited,clean,(dimensionless state)^2,0.3,1,0.1,29,29,0,-0.00890840273618366,0.00359456070272547,0.0599546553882638,-1.19636101791504e-19,2.07535554352073e-36,1.44060943476042e-18,-0.00890840273618366,0.00359456070272547,0.0599546553882638,0,0,0,0,0,0,-0.00890840273618366,0.00359456070272547,0.0599546553882638,-5.96984926456694e-21,-5.96984926456694e-21,5.96984926456693e-21,5.96984926456693e-21,0,7.41624304185563e-21,0,7.41624304185563e-21,0,NaN
onlineCommonQueries,3,A,S,"Shared, fixed forgetting",dimensionless state,study3_pilot_20260918/runs/abrupt_S_fixed_000.mat,pilot,0,abrupt,0.5,derived pilot,Online at 59.9 s; different training histories,NaN,59.9,rateLimited,clean,(dimensionless state)^2,0.3,2,0.2,29,29,0,-0.0156538549666491,0.0118820883091873,0.10900499212966,-0.000366105017277614,3.16965958907088e-07,0.000562997299200528,-0.0160199599839267,0.0118485564162425,0.108851074483638,0,0,0,0,0,0,-0.0160199599839267,0.0118485564162425,0.108851074483638,-3.38488589036983e-05,-3.38488589036983e-05,2.04643160056639e-18,2.04643160056639e-18,1.38777878078145e-17,3.23905399030044e-18,1.38777878078145e-17,3.23905399030044e-18,0,NaN
onlineCommonQueries,3,A,S,"Shared, fixed forgetting",dimensionless state,study3_pilot_20260918/runs/abrupt_S_fixed_000.mat,pilot,0,abrupt,0.5,derived pilot,Online at 59.9 s; different training histories,NaN,59.9,rateLimited,clean,(dimensionless state)^2,0.3,5,0.5,29,29,0,-0.0447888539505198,0.0273267917233183,0.165308171979846,-0.0109088988671285,0.000291396466436882,0.0170703387909227,-0.0556977528176483,0.027183051343433,0.164872833855166,0,0,0,0,0,0,-0.0556977528176483,0.027183051343433,0.164872833855166,-0.000435136846322128,-0.000435136846322128,-1.57209315010398e-18,-1.57209315010398e-18,2.77555756156289e-17,9.54097911787244e-18,2.77555756156289e-17,9.54097911787244e-18,0,NaN
onlineCommonQueries,3,A,S,"Shared, fixed forgetting",dimensionless state,study3_pilot_20260918/runs/abrupt_S_fixed_000.mat,pilot,0,abrupt,0.5,derived pilot,Online at 59.9 s; different training histories,NaN,59.9,rateLimited,clean,(dimensionless state)^2,0.3,10,1,29,29,0,-0.0777862865342608,0.0191614983020084,0.138425063850476,-0.0302724116808036,0.00314274995005998,0.0560602350160965,-0.108058698215064,0.0257835265379443,0.160572496206369,0,0,0,0,0,0,-0.108058698215064,0.0257835265379443,0.160572496206369,0.00347927828587594,0.00347927828587594,6.07153216591882e-18,6.07153216591882e-18,2.77555756156289e-17,1.21430643318376e-17,2.77555756156289e-17,1.21430643318376e-17,0,NaN
onlineCommonQueries,3,A,S,"Shared, fixed forgetting",dimensionless state,study3_pilot_20260918/runs/abrupt_S_fixed_000.mat,pilot,0,abrupt,0.5,derived pilot,Online at 59.9 s; different training histories,NaN,59.9,rateLimited,clean,(dimensionless state)^2,0.3,20,2,29,29,0,-0.104652903802457,0.0195343057665209,0.139765180808815,-0.0628745958686286,0.00900445387660436,0.0948918008924078,-0.167527499671086,0.038350523905645,0.195832897914638,0,0,0,0,0,0,-0.167527499671086,0.038350523905645,0.195832897914638,0.00981176426251973,0.00981176426251973,8.67361737988404e-18,8.67361737988404e-18,5.55111512312578e-17,3.38271077815477e-17,5.55111512312578e-17,3.38271077815477e-17,0,NaN
onlineCommonQueries,3,A,S,"Shared, fixed forgetting",dimensionless state,study3_pilot_20260918/runs/abrupt_S_fixed_000.mat,pilot,0,abrupt,0.5,derived pilot,Online at 95 s; different training histories,NaN,95,held,clean,(dimensionless state)^2,0.3,1,0.1,29,29,0,0.00174599502112675,0.000200758021973286,0.0141689104017665,3.58908305374512e-19,2.46137167461558e-34,1.56887592709417e-17,0.00174599502112675,0.000200758021973286,0.0141689104017665,0,0,0,0,0,0,0.00174599502112675,0.000200758021973286,0.0141689104017665,5.21056666511008e-20,5.21056666511008e-20,2.92094962853118e-20,2.92094962853118e-20,0,2.85111495392453e-20,0,2.85111495392453e-20,0,NaN
onlineCommonQueries,3,A,S,"Shared, fixed forgetting",dimensionless state,study3_pilot_20260918/runs/abrupt_S_fixed_000.mat,pilot,0,abrupt,0.5,derived pilot,Online at 95 s; different training histories,NaN,95,held,clean,(dimensionless state)^2,0.3,2,0.2,29,29,0,0.00262374391083236,0.000371636906214951,0.0192778864561173,5.14435237703467e-18,1.75865628757947e-33,4.19363361248866e-17,0.00262374391083236,0.00037163690621495,0.0192778864561173,0,0,0,0,0,0,0.00262374391083236,0.00037163690621495,0.0192778864561173,-4.37482636821257e-19,-4.37482636821257e-19,3.80176782705337e-21,3.80176782705337e-21,0,4.76626201553588e-20,0,4.76626201553588e-20,0,NaN
onlineCommonQueries,3,A,S,"Shared, fixed forgetting",dimensionless state,study3_pilot_20260918/runs/abrupt_S_fixed_000.mat,pilot,0,abrupt,0.5,derived pilot,Online at 95 s; different training histories,NaN,95,held,clean,(dimensionless state)^2,0.3,5,0.5,29,29,0,0.00268580228520934,0.000240424398752938,0.0155056247456508,-1.19636101791504e-17,8.69324930069963e-33,9.32375959616057e-17,0.00268580228520933,0.000240424398752937,0.0155056247456508,0,0,0,0,0,0,0.00268580228520933,0.000240424398752937,0.0155056247456508,-1.11861743755112e-18,-1.11861743755112e-18,3.44152650656082e-20,3.44152650656082e-20,0,8.80588482185076e-20,0,8.80588482185076e-20,0,NaN
onlineCommonQueries,3,A,S,"Shared, fixed forgetting",dimensionless state,study3_pilot_20260918/runs/abrupt_S_fixed_000.mat,pilot,0,abrupt,0.5,derived pilot,Online at 95 s; different training histories,NaN,95,held,clean,(dimensionless state)^2,0.3,10,1,29,29,0,0.00122850969772513,2.71049348662129e-05,0.00520623999314408,-2.82341200227949e-17,2.22942993907171e-32,1.49312756959066e-16,0.0012285096977251,2.71049348662121e-05,0.00520623999314401,0,0,0,0,0,0,0.0012285096977251,2.71049348662121e-05,0.00520623999314401,-8.2114577261636e-19,-8.2114577261636e-19,1.13822750412267e-20,1.13822750412267e-20,0,7.89006375982753e-21,0,7.89006375982753e-21,0,NaN
onlineCommonQueries,3,A,S,"Shared, fixed forgetting",dimensionless state,study3_pilot_20260918/runs/abrupt_S_fixed_000.mat,pilot,0,abrupt,0.5,derived pilot,Online at 95 s; different training histories,NaN,95,held,clean,(dimensionless state)^2,0.3,20,2,29,29,0,0.000366159673246537,2.07700497545654e-06,0.00144118179819776,-2.44057647654668e-17,2.14309514846124e-32,1.46393140155584e-16,0.000366159673246513,2.0770049754564e-06,0.00144118179819771,0,0,0,0,0,0,0.000366159673246513,2.0770049754564e-06,0.00144118179819771,-1.42025362366974e-19,-1.42025362366974e-19,1.47343701857146e-22,1.47343701857146e-22,0,4.3050422575237e-22,0,4.3050422575237e-22,0,NaN
onlineCommonQueries,3,A,S,"Shared, fixed forgetting",dimensionless state,study3_pilot_20260918/runs/abrupt_S_fixed_000.mat,pilot,0,abrupt,0.5,derived pilot,Online at 95 s; different training histories,NaN,95,rateLimited,clean,(dimensionless state)^2,0.3,1,0.1,29,29,0,0.00174599502112675,0.000200758021973286,0.0141689104017665,3.58908305374512e-19,2.46137167461558e-34,1.56887592709417e-17,0.00174599502112675,0.000200758021973286,0.0141689104017665,0,0,0,0,0,0,0.00174599502112675,0.000200758021973286,0.0141689104017665,5.21056666511008e-20,5.21056666511008e-20,2.92094962853118e-20,2.92094962853118e-20,0,2.85111495392453e-20,0,2.85111495392453e-20,0,NaN
onlineCommonQueries,3,A,S,"Shared, fixed forgetting",dimensionless state,study3_pilot_20260918/runs/abrupt_S_fixed_000.mat,pilot,0,abrupt,0.5,derived pilot,Online at 95 s; different training histories,NaN,95,rateLimited,clean,(dimensionless state)^2,0.3,2,0.2,29,29,0,0.00331214225267689,0.000638835380629215,0.0252751929889608,-0.0010491194545512,2.23638179981818e-06,0.00149545371035622,0.00226302279812569,0.000624087155673477,0.0249817364423188,0,0,0,0,0,0,0.00226302279812569,0.000624087155673477,0.0249817364423188,-1.69846067555569e-05,-1.69846067555569e-05,2.3039296165317e-19,2.3039296165317e-19,0,2.16840434497101e-19,0,2.16840434497101e-19,0,NaN
onlineCommonQueries,3,A,S,"Shared, fixed forgetting",dimensionless state,study3_pilot_20260918/runs/abrupt_S_fixed_000.mat,pilot,0,abrupt,0.5,derived pilot,Online at 95 s; different training histories,NaN,95,rateLimited,clean,(dimensionless state)^2,0.3,5,0.5,29,29,0,0.00190846757109548,0.0010665361888614,0.0326578656507342,-0.0215742232913083,0.0011142253650275,0.0333800144551721,-0.0196657557202128,0.00180743419144158,0.0425139293813402,0,0,0,0,0,0,-0.0196657557202128,0.00180743419144158,0.0425139293813402,-0.00037332736244732,-0.00037332736244732,1.62630325872826e-19,1.62630325872826e-19,0,1.73472347597681e-18,0,1.73472347597681e-18,0,NaN
onlineCommonQueries,3,A,S,"Shared, fixed forgetting",dimensionless state,study3_pilot_20260918/runs/abrupt_S_fixed_000.mat,pilot,0,abrupt,0.5,derived pilot,Online at 95 s; different training histories,NaN,95,rateLimited,clean,(dimensionless state)^2,0.3,10,1,29,29,0,0.000323267799998748,0.000433338239026559,0.0208167778252678,-0.0430409545104771,0.00529935791679877,0.0727966889137052,-0.0427176867104784,0.00579007452967486,0.0760925392510649,0,0,0,0,0,0,-0.0427176867104784,0.00579007452967486,0.0760925392510649,5.73783738495249e-05,5.73783738495249e-05,1.40268656065312e-18,1.40268656065312e-18,0,3.46944695195361e-18,0,3.46944695195361e-18,0,NaN
onlineCommonQueries,3,A,S,"Shared, fixed forgetting",dimensionless state,study3_pilot_20260918/runs/abrupt_S_fixed_000.mat,pilot,0,abrupt,0.5,derived pilot,Online at 95 s; different training histories,NaN,95,rateLimited,clean,(dimensionless state)^2,0.3,20,2,29,29,0,-0.00220937460709438,0.00043616301501538,0.0208845161546869,-0.0608610570822609,0.00850653955750886,0.092230903484184,-0.0630704316893552,0.00865124868452719,0.09301208891605,0,0,0,0,0,0,-0.0630704316893552,0.00865124868452719,0.09301208891605,-0.000291453887997046,-0.000291453887997046,-3.41523684332934e-18,-3.41523684332934e-18,6.93889390390723e-18,2.60208521396521e-18,6.93889390390723e-18,2.60208521396521e-18,0,NaN
onlineCommonQueries,3,A,S,"Shared, variable forgetting",dimensionless state,study3_pilot_20260918/runs/abrupt_S_vrf_000.mat,pilot,0,abrupt,0.5,derived pilot,Online at 49.9 s; different training histories,NaN,49.9,held,clean,(dimensionless state)^2,0.45,1,0.1,29,29,0,-4.48960586769725e-07,4.60111258717207e-11,6.78315014368109e-06,-1.19636101791504e-18,8.81611034887605e-34,2.96919355193899e-17,-4.48960586770921e-07,4.60111258717342e-11,6.78315014368208e-06,0,0,0,0,0,0,-4.48960586770921e-07,4.60111258717342e-11,6.78315014368208e-06,1.34774132200294e-23,1.34774132200294e-23,9.50817282466691e-27,9.50817282466691e-27,0,1.17492403481751e-26,0,1.17492403481751e-26,0,NaN
onlineCommonQueries,3,A,S,"Shared, variable forgetting",dimensionless state,study3_pilot_20260918/runs/abrupt_S_vrf_000.mat,pilot,0,abrupt,0.5,derived pilot,Online at 49.9 s; different training histories,NaN,49.9,held,clean,(dimensionless state)^2,0.45,2,0.2,29,29,0,-1.09577670061204e-06,1.06093772332698e-10,1.03001831213187e-05,7.89598271823926e-18,2.59170400274869e-33,5.09087811948851e-17,-1.09577670060414e-06,1.06093772333227e-10,1.03001831213443e-05,0,0,0,0,0,0,-1.09577670060414e-06,1.06093772333227e-10,1.03001831213443e-05,5.28485774262635e-22,5.28485774262635e-22,-7.83572333971541e-27,-7.83572333971541e-27,0,5.69223663539532e-26,0,5.69223663539532e-26,0,NaN
onlineCommonQueries,3,A,S,"Shared, variable forgetting",dimensionless state,study3_pilot_20260918/runs/abrupt_S_vrf_000.mat,pilot,0,abrupt,0.5,derived pilot,Online at 49.9 s; different training histories,NaN,49.9,held,clean,(dimensionless state)^2,0.45,5,0.5,29,29,0,-2.79436523136998e-06,1.95913215418994e-10,1.399690020751e-05,1.81846874723086e-17,1.09844418207465e-32,1.04806687862686e-16,-2.7943652313518e-06,1.95913215419874e-10,1.39969002075414e-05,0,0,0,0,0,0,-2.7943652313518e-06,1.95913215419874e-10,1.39969002075414e-05,8.80057807708109e-22,8.80057807708109e-22,-1.51841450988863e-26,-1.51841450988863e-26,0,6.95040814946462e-26,0,6.95040814946462e-26,0,NaN
onlineCommonQueries,3,A,S,"Shared, variable forgetting",dimensionless state,study3_pilot_20260918/runs/abrupt_S_vrf_000.mat,pilot,0,abrupt,0.5,derived pilot,Online at 49.9 s; different training histories,NaN,49.9,held,clean,(dimensionless state)^2,0.45,10,1,29,29,0,-3.92249958603401e-06,2.29463268815351e-10,1.5148045049291e-05,2.63199423941309e-17,1.58922426100643e-32,1.26064438324471e-16,-3.92249958600769e-06,2.29463268816411e-10,1.5148045049326e-05,0,0,0,0,0,0,-3.92249958600769e-06,2.29463268816411e-10,1.5148045049326e-05,1.05988621880283e-21,1.05988621880283e-21,6.81879855588493e-26,6.81879855588493e-26,0,3.68786803253067e-26,0,3.68786803253067e-26,0,NaN
onlineCommonQueries,3,A,S,"Shared, variable forgetting",dimensionless state,study3_pilot_20260918/runs/abrupt_S_vrf_000.mat,pilot,0,abrupt,0.5,derived pilot,Online at 49.9 s; different training histories,NaN,49.9,held,clean,(dimensionless state)^2,0.45,20,2,29,29,0,-4.16685255711579e-06,2.31885810211947e-10,1.52277972869338e-05,9.0923437361543e-18,1.51749997342236e-32,1.23186848868796e-16,-4.1668525571067e-06,2.31885810213678e-10,1.52277972869906e-05,0,0,0,0,0,0,-4.1668525571067e-06,2.31885810213678e-10,1.52277972869906e-05,1.73106443079421e-21,1.73106443079421e-21,1.77961109670516e-26,1.77961109670516e-26,0,1.29887710655725e-25,0,1.29887710655725e-25,0,NaN
onlineCommonQueries,3,A,S,"Shared, variable forgetting",dimensionless state,study3_pilot_20260918/runs/abrupt_S_vrf_000.mat,pilot,0,abrupt,0.5,derived pilot,Online at 49.9 s; different training histories,NaN,49.9,rateLimited,clean,(dimensionless state)^2,0.45,1,0.1,29,29,0,-4.48960586769725e-07,4.60111258717207e-11,6.78315014368109e-06,-1.19636101791504e-18,8.81611034887605e-34,2.96919355193899e-17,-4.48960586770921e-07,4.60111258717342e-11,6.78315014368208e-06,0,0,0,0,0,0,-4.48960586770921e-07,4.60111258717342e-11,6.78315014368208e-06,1.34774132200294e-23,1.34774132200294e-23,9.50817282466691e-27,9.50817282466691e-27,0,1.17492403481751e-26,0,1.17492403481751e-26,0,NaN
onlineCommonQueries,3,A,S,"Shared, variable forgetting",dimensionless state,study3_pilot_20260918/runs/abrupt_S_vrf_000.mat,pilot,0,abrupt,0.5,derived pilot,Online at 49.9 s; different training histories,NaN,49.9,rateLimited,clean,(dimensionless state)^2,0.45,2,0.2,29,29,0,-2.89537999406818e-07,1.88487239293367e-10,1.37290654923548e-05,-0.0017668540637175,6.37188910615606e-06,0.00252426011063758,-0.00176714360171691,6.36266609289615e-06,0.0025224325744995,0,0,0,0,0,0,-0.00176714360171691,6.36266609289615e-06,0.0025224325744995,-9.41150049919994e-09,-9.41150049919994e-09,-2.38393452537783e-21,-2.38393452537783e-21,0,1.87935435172048e-21,0,1.87935435172048e-21,0,NaN
onlineCommonQueries,3,A,S,"Shared, variable forgetting",dimensionless state,study3_pilot_20260918/runs/abrupt_S_vrf_000.mat,pilot,0,abrupt,0.5,derived pilot,Online at 49.9 s; different training histories,NaN,49.9,rateLimited,clean,(dimensionless state)^2,0.45,5,0.5,29,29,0,-3.07263630820635e-06,7.17573097861866e-10,2.67875549063715e-05,-0.045303397996891,0.00470138802403698,0.0685666684624313,-0.0453064706331992,0.00470116930564594,0.0685650735115623,0,0,0,0,0,0,-0.0453064706331992,0.00470116930564594,0.0685650735115623,-2.19435964133412e-07,-2.19435964133412e-07,-3.9278505950958e-19,-3.9278505950958e-19,0,3.1712913545201e-18,0,3.1712913545201e-18,0,NaN
onlineCommonQueries,3,A,S,"Shared, variable forgetting",dimensionless state,study3_pilot_20260918/runs/abrupt_S_vrf_000.mat,pilot,0,abrupt,0.5,derived pilot,Online at 49.9 s; different training histories,NaN,49.9,rateLimited,clean,(dimensionless state)^2,0.45,10,1,29,29,0,-2.51915552301715e-06,4.34790200672699e-10,2.0851623454127e-05,-0.0824856911446195,0.0195730652263341,0.139903771308475,-0.0824882103001425,0.0195730345736022,0.139903661759091,0,0,0,0,0,0,-0.0824882103001425,0.0195730345736022,0.139903661759091,-3.10875221140716e-08,-3.10875221140716e-08,5.42451810822475e-18,5.42451810822475e-18,0,6.30023106167749e-18,0,6.30023106167749e-18,0,NaN
onlineCommonQueries,3,A,S,"Shared, variable forgetting",dimensionless state,study3_pilot_20260918/runs/abrupt_S_vrf_000.mat,pilot,0,abrupt,0.5,derived pilot,Online at 49.9 s; different training histories,NaN,49.9,rateLimited,clean,(dimensionless state)^2,0.45,20,2,29,29,0,-7.00965600331619e-06,6.75066307258915e-10,2.59820381659891e-05,-0.114187866228997,0.0294199041488556,0.171522313851159,-0.114194875885,0.0294214370882529,0.171526782422609,0,0,0,0,0,0,-0.114194875885,0.0294214370882529,0.171526782422609,1.5322643310748e-06,1.5322643310748e-06,-5.34520141364826e-18,-5.34520141364826e-18,0,7.65040157960084e-18,0,7.65040157960084e-18,0,NaN
onlineCommonQueries,3,A,S,"Shared, variable forgetting",dimensionless state,study3_pilot_20260918/runs/abrupt_S_vrf_000.mat,pilot,0,abrupt,0.5,derived pilot,Online at 55 s; different training histories,NaN,55,held,clean,(dimensionless state)^2,0.3,1,0.1,29,29,0,-0.00508808635513053,0.00144977967792085,0.0380759724487879,-1.43563322149805e-18,2.45722096352854e-34,1.56755253931999e-17,-0.00508808635513053,0.00144977967792085,0.0380759724487879,0,0,0,0,0,0,-0.00508808635513053,0.00144977967792085,0.0380759724487879,-2.84314384822424e-19,-2.84314384822424e-19,-1.49366484171778e-19,-1.49366484171778e-19,0,2.16641996249552e-19,0,2.16641996249552e-19,0,NaN
onlineCommonQueries,3,A,S,"Shared, variable forgetting",dimensionless state,study3_pilot_20260918/runs/abrupt_S_vrf_000.mat,pilot,0,abrupt,0.5,derived pilot,Online at 55 s; different training histories,NaN,55,held,clean,(dimensionless state)^2,0.3,2,0.2,29,29,0,-0.00887268148866323,0.00355448791502392,0.0596195262898316,-1.00494325504863e-17,3.43014764233106e-33,5.85674623176646e-17,-0.00887268148866325,0.00355448791502392,0.0596195262898316,0,0,0,0,0,0,-0.00887268148866325,0.00355448791502392,0.0596195262898316,-2.11132031233134e-18,-2.11132031233134e-18,-5.70840326396684e-20,-5.70840326396684e-20,0,9.30343953729563e-19,0,9.30343953729563e-19,0,NaN
onlineCommonQueries,3,A,S,"Shared, variable forgetting",dimensionless state,study3_pilot_20260918/runs/abrupt_S_vrf_000.mat,pilot,0,abrupt,0.5,derived pilot,Online at 55 s; different training histories,NaN,55,held,clean,(dimensionless state)^2,0.3,5,0.5,29,29,0,-0.0157570428024658,0.00684804565189348,0.0827529192952942,-2.56619438342776e-17,1.30358270077396e-32,1.14174546233999e-16,-0.0157570428024658,0.00684804565189347,0.0827529192952942,0,0,0,0,0,0,-0.0157570428024658,0.00684804565189347,0.0827529192952942,-8.465320923703e-18,-8.465320923703e-18,-1.07565819416945e-18,-1.07565819416945e-18,1.73472347597681e-18,1.78116401131985e-18,1.73472347597681e-18,1.78116401131985e-18,0,NaN
onlineCommonQueries,3,A,S,"Shared, variable forgetting",dimensionless state,study3_pilot_20260918/runs/abrupt_S_vrf_000.mat,pilot,0,abrupt,0.5,derived pilot,Online at 55 s; different training histories,NaN,55,held,clean,(dimensionless state)^2,0.3,10,1,29,29,0,-0.0202209504883601,0.00801241350159459,0.0895120857850748,-4.78544407166016e-17,3.01540859051388e-32,1.73649318758061e-16,-0.0202209504883601,0.00801241350159457,0.0895120857850747,0,0,0,0,0,0,-0.0202209504883601,0.00801241350159457,0.0895120857850747,-1.6763241051431e-17,-1.6763241051431e-17,1.15072976763972e-18,1.15072976763972e-18,0,1.5110582904133e-18,0,1.5110582904133e-18,0,NaN
onlineCommonQueries,3,A,S,"Shared, variable forgetting",dimensionless state,study3_pilot_20260918/runs/abrupt_S_vrf_000.mat,pilot,0,abrupt,0.5,derived pilot,Online at 55 s; different training histories,NaN,55,held,clean,(dimensionless state)^2,0.3,20,2,29,29,0,-0.0217188959322586,0.00842181809748796,0.0917704641891276,-4.25904522377754e-17,3.62639326252638e-32,1.90430912998031e-16,-0.0217188959322586,0.00842181809748794,0.0917704641891276,0,0,0,0,0,0,-0.0217188959322586,0.00842181809748794,0.0917704641891276,-1.24359084905481e-17,-1.24359084905481e-17,-1.44187931726635e-18,-1.44187931726635e-18,0,1.48638773026049e-18,0,1.48638773026049e-18,0,NaN
onlineCommonQueries,3,A,S,"Shared, variable forgetting",dimensionless state,study3_pilot_20260918/runs/abrupt_S_vrf_000.mat,pilot,0,abrupt,0.5,derived pilot,Online at 55 s; different training histories,NaN,55,rateLimited,clean,(dimensionless state)^2,0.3,1,0.1,29,29,0,-0.00508808635513053,0.00144977967792085,0.0380759724487879,-1.43563322149805e-18,2.45722096352854e-34,1.56755253931999e-17,-0.00508808635513053,0.00144977967792085,0.0380759724487879,0,0,0,0,0,0,-0.00508808635513053,0.00144977967792085,0.0380759724487879,-2.84314384822424e-19,-2.84314384822424e-19,-1.49366484171778e-19,-1.49366484171778e-19,0,2.16641996249552e-19,0,2.16641996249552e-19,0,NaN
onlineCommonQueries,3,A,S,"Shared, variable forgetting",dimensionless state,study3_pilot_20260918/runs/abrupt_S_vrf_000.mat,pilot,0,abrupt,0.5,derived pilot,Online at 55 s; different training histories,NaN,55,rateLimited,clean,(dimensionless state)^2,0.3,2,0.2,29,29,0,-0.00976004954206024,0.0033298201453472,0.0577045937976103,-0.00104225678232187,2.24596634232493e-06,0.00149865484429368,-0.0108023063243821,0.00333650081084618,0.0577624515654086,0,0,0,0,0,0,-0.0108023063243821,0.00333650081084618,0.0577624515654086,4.43469915664817e-06,4.43469915664817e-06,-1.05032085459533e-19,-1.05032085459533e-19,0,9.30343953729563e-19,0,9.30343953729563e-19,0,NaN
onlineCommonQueries,3,A,S,"Shared, variable forgetting",dimensionless state,study3_pilot_20260918/runs/abrupt_S_vrf_000.mat,pilot,0,abrupt,0.5,derived pilot,Online at 55 s; different training histories,NaN,55,rateLimited,clean,(dimensionless state)^2,0.3,5,0.5,29,29,0,-0.0220915192905065,0.00525704807336204,0.072505503745316,-0.0275943905620962,0.00178005774442339,0.0421907305509562,-0.0496859098526027,0.00860820665228055,0.092780421707818,0,0,0,0,0,0,-0.0496859098526027,0.00860820665228055,0.092780421707818,0.00157110083449512,0.00157110083449512,1.73472347597681e-18,1.73472347597681e-18,0,1.82281490249125e-18,0,1.82281490249125e-18,0,NaN
onlineCommonQueries,3,A,S,"Shared, variable forgetting",dimensionless state,study3_pilot_20260918/runs/abrupt_S_vrf_000.mat,pilot,0,abrupt,0.5,derived pilot,Online at 55 s; different training histories,NaN,55,rateLimited,clean,(dimensionless state)^2,0.3,10,1,29,29,0,-0.0340736272203626,0.00536240641586464,0.0732284535946557,-0.0586810230272352,0.0105477562655055,0.102702270011454,-0.0927546502475979,0.0238471731808035,0.154425299678529,0,0,0,0,0,0,-0.0927546502475979,0.0238471731808035,0.154425299678529,0.00793701049943334,0.00793701049943334,-1.73472347597681e-18,-1.73472347597681e-18,2.77555756156289e-17,6.93889390390723e-18,2.77555756156289e-17,6.93889390390723e-18,0,NaN
onlineCommonQueries,3,A,S,"Shared, variable forgetting",dimensionless state,study3_pilot_20260918/runs/abrupt_S_vrf_000.mat,pilot,0,abrupt,0.5,derived pilot,Online at 55 s; different training histories,NaN,55,rateLimited,clean,(dimensionless state)^2,0.3,20,2,29,29,0,-0.0245152619812637,0.00669595461683656,0.0818288128768624,-0.0902269204099076,0.0184428709209393,0.135804532033873,-0.114742182391171,0.0277818727386922,0.166678951096688,0,0,0,0,0,0,-0.114742182391171,0.0277818727386922,0.166678951096688,0.00264304720091635,0.00264304720091635,-3.46944695195361e-18,-3.46944695195361e-18,1.38777878078145e-17,1.38777878078145e-17,1.38777878078145e-17,1.38777878078145e-17,0,NaN
onlineCommonQueries,3,A,S,"Shared, variable forgetting",dimensionless state,study3_pilot_20260918/runs/abrupt_S_vrf_000.mat,pilot,0,abrupt,0.5,derived pilot,Online at 59.9 s; different training histories,NaN,59.9,held,clean,(dimensionless state)^2,0.3,1,0.1,29,29,0,-0.0131137271125861,0.0014155394532965,0.0376236555015126,-1.16645199246716e-18,4.04953750429482e-35,6.36359764936064e-18,-0.0131137271125861,0.0014155394532965,0.0376236555015126,0,0,0,0,0,0,-0.0131137271125861,0.0014155394532965,0.0376236555015126,1.00463895306315e-19,1.00463895306315e-19,-1.00463895306315e-19,-1.00463895306315e-19,8.67361737988404e-19,6.04049967757298e-20,8.67361737988404e-19,6.04049967757298e-20,0,NaN
onlineCommonQueries,3,A,S,"Shared, variable forgetting",dimensionless state,study3_pilot_20260918/runs/abrupt_S_vrf_000.mat,pilot,0,abrupt,0.5,derived pilot,Online at 59.9 s; different training histories,NaN,59.9,held,clean,(dimensionless state)^2,0.3,2,0.2,29,29,0,-0.0234439178529566,0.0032804081126668,0.0572748471204141,6.93889390390723e-18,2.95779672062574e-33,5.43856297253764e-17,-0.0234439178529566,0.00328040811266681,0.0572748471204141,0,0,0,0,0,0,-0.0234439178529566,0.00328040811266681,0.0572748471204141,1.41452104201608e-18,1.41452104201608e-18,7.5388330295493e-19,7.5388330295493e-19,3.46944695195361e-18,5.18603294233117e-19,3.46944695195361e-18,5.18603294233117e-19,0,NaN
onlineCommonQueries,3,A,S,"Shared, variable forgetting",dimensionless state,study3_pilot_20260918/runs/abrupt_S_vrf_000.mat,pilot,0,abrupt,0.5,derived pilot,Online at 59.9 s; different training histories,NaN,59.9,held,clean,(dimensionless state)^2,0.3,5,0.5,29,29,0,-0.0433414904747463,0.0054510345145318,0.0738311215852218,1.14551567465365e-17,8.43022392750267e-33,9.18162508900394e-17,-0.0433414904747463,0.0054510345145318,0.0738311215852218,0,0,0,0,0,0,-0.0433414904747463,0.0054510345145318,0.0738311215852218,1.5698541345688e-18,1.5698541345688e-18,-1.56985413456881e-18,-1.56985413456881e-18,7.80625564189563e-18,9.83576198637516e-19,7.80625564189563e-18,9.83576198637516e-19,0,NaN
onlineCommonQueries,3,A,S,"Shared, variable forgetting",dimensionless state,study3_pilot_20260918/runs/abrupt_S_vrf_000.mat,pilot,0,abrupt,0.5,derived pilot,Online at 59.9 s; different training histories,NaN,59.9,held,clean,(dimensionless state)^2,0.3,10,1,29,29,0,-0.0569344213748337,0.00591011723673806,0.0768772868715985,8.04552784547864e-18,1.05733398295193e-32,1.02826746664082e-16,-0.0569344213748337,0.00591011723673806,0.0768772868715986,0,0,0,0,0,0,-0.0569344213748337,0.00591011723673806,0.0768772868715986,2.25074811941188e-18,2.25074811941188e-18,2.08606057053013e-18,2.08606057053013e-18,6.93889390390723e-18,1.25814911631961e-18,6.93889390390723e-18,1.25814911631961e-18,0,NaN
onlineCommonQueries,3,A,S,"Shared, variable forgetting",dimensionless state,study3_pilot_20260918/runs/abrupt_S_vrf_000.mat,pilot,0,abrupt,0.5,derived pilot,Online at 59.9 s; different training histories,NaN,59.9,held,clean,(dimensionless state)^2,0.3,20,2,29,29,0,-0.0620692021197963,0.00626328017045195,0.0791408881075513,-1.26216087390037e-17,1.46917531959148e-32,1.21209542511779e-16,-0.0620692021197963,0.00626328017045196,0.0791408881075513,0,0,0,0,0,0,-0.0620692021197963,0.00626328017045196,0.0791408881075513,4.15214448663075e-18,4.15214448663075e-18,1.05202594129965e-18,1.05202594129965e-18,1.04083408558608e-17,2.31490909890668e-18,1.04083408558608e-17,2.31490909890668e-18,0,NaN
onlineCommonQueries,3,A,S,"Shared, variable forgetting",dimensionless state,study3_pilot_20260918/runs/abrupt_S_vrf_000.mat,pilot,0,abrupt,0.5,derived pilot,Online at 59.9 s; different training histories,NaN,59.9,rateLimited,clean,(dimensionless state)^2,0.3,1,0.1,29,29,0,-0.0131137271125861,0.0014155394532965,0.0376236555015126,-1.16645199246716e-18,4.04953750429482e-35,6.36359764936064e-18,-0.0131137271125861,0.0014155394532965,0.0376236555015126,0,0,0,0,0,0,-0.0131137271125861,0.0014155394532965,0.0376236555015126,1.00463895306315e-19,1.00463895306315e-19,-1.00463895306315e-19,-1.00463895306315e-19,8.67361737988404e-19,6.04049967757298e-20,8.67361737988404e-19,6.04049967757298e-20,0,NaN
onlineCommonQueries,3,A,S,"Shared, variable forgetting",dimensionless state,study3_pilot_20260918/runs/abrupt_S_vrf_000.mat,pilot,0,abrupt,0.5,derived pilot,Online at 59.9 s; different training histories,NaN,59.9,rateLimited,clean,(dimensionless state)^2,0.3,2,0.2,29,29,0,-0.0230648916557045,0.00379833387553762,0.0616306244941394,-0.000843484181629532,1.55525281802191e-06,0.00124709775800533,-0.023908375837334,0.00380140083278194,0.0616555012369695,0,0,0,0,0,0,-0.023908375837334,0.00380140083278194,0.0616555012369695,1.51170442630159e-06,1.51170442630159e-06,5.93770096025265e-19,5.93770096025265e-19,3.46944695195361e-18,7.04731412115578e-19,3.46944695195361e-18,7.04731412115578e-19,0,NaN
onlineCommonQueries,3,A,S,"Shared, variable forgetting",dimensionless state,study3_pilot_20260918/runs/abrupt_S_vrf_000.mat,pilot,0,abrupt,0.5,derived pilot,Online at 59.9 s; different training histories,NaN,59.9,rateLimited,clean,(dimensionless state)^2,0.3,5,0.5,29,29,0,-0.047557966959566,0.0062140539200937,0.0788292707063417,-0.0211427220455598,0.00108172433183961,0.0328895778604653,-0.0687006890051257,0.00874955730105156,0.0935390683140021,0,0,0,0,0,0,-0.0687006890051257,0.00874955730105156,0.0935390683140021,0.00145377904911825,0.00145377904911825,8.67361737988404e-19,8.67361737988404e-19,1.38777878078145e-17,3.46944695195361e-18,1.38777878078145e-17,3.46944695195361e-18,0,NaN
onlineCommonQueries,3,A,S,"Shared, variable forgetting",dimensionless state,study3_pilot_20260918/runs/abrupt_S_vrf_000.mat,pilot,0,abrupt,0.5,derived pilot,Online at 59.9 s; different training histories,NaN,59.9,rateLimited,clean,(dimensionless state)^2,0.3,10,1,29,29,0,-0.0655232084131387,0.00644116304847532,0.0802568567069215,-0.0472720171612725,0.00697314869984267,0.0835053812627825,-0.112795225574411,0.0209479860231998,0.144734190926677,0,0,0,0,0,0,-0.112795225574411,0.0209479860231998,0.144734190926677,0.00753367427488184,0.00753367427488184,3.46944695195361e-18,3.46944695195361e-18,1.38777878078145e-17,6.93889390390723e-18,1.38777878078145e-17,6.93889390390723e-18,0,NaN
onlineCommonQueries,3,A,S,"Shared, variable forgetting",dimensionless state,study3_pilot_20260918/runs/abrupt_S_vrf_000.mat,pilot,0,abrupt,0.5,derived pilot,Online at 59.9 s; different training histories,NaN,59.9,rateLimited,clean,(dimensionless state)^2,0.3,20,2,29,29,0,-0.0677502446555587,0.0065745680859961,0.0810837103615523,-0.0745302795264803,0.0127536008980089,0.112931841825098,-0.142280524182039,0.0278046262865199,0.166747192739548,0,0,0,0,0,0,-0.142280524182039,0.0278046262865199,0.166747192739548,0.00847645730251497,0.00847645730251497,-1.04083408558608e-17,-1.04083408558608e-17,1.38777878078145e-17,1.38777878078145e-17,1.38777878078145e-17,1.38777878078145e-17,0,NaN
onlineCommonQueries,3,A,S,"Shared, variable forgetting",dimensionless state,study3_pilot_20260918/runs/abrupt_S_vrf_000.mat,pilot,0,abrupt,0.5,derived pilot,Online at 95 s; different training histories,NaN,95,held,clean,(dimensionless state)^2,0.3,1,0.1,29,29,0,0.00275107040004763,0.000351093915849025,0.0187375002561448,3.23017474837061e-18,1.39878963633297e-34,1.18270437402293e-17,0.00275107040004764,0.000351093915849025,0.0187375002561448,0,0,0,0,0,0,0.00275107040004764,0.000351093915849025,0.0187375002561448,-3.48931235822677e-20,-3.48931235822677e-20,3.48931235822675e-20,3.48931235822675e-20,0,6.81295085593953e-21,0,6.81295085593953e-21,0,NaN
onlineCommonQueries,3,A,S,"Shared, variable forgetting",dimensionless state,study3_pilot_20260918/runs/abrupt_S_vrf_000.mat,pilot,0,abrupt,0.5,derived pilot,Online at 95 s; different training histories,NaN,95,held,clean,(dimensionless state)^2,0.3,2,0.2,29,29,0,0.00428229115609713,0.000674425377405821,0.0259697011420197,1.83043235741001e-17,2.04920606367237e-33,4.52681572816076e-17,0.00428229115609715,0.000674425377405822,0.0259697011420197,0,0,0,0,0,0,0.00428229115609715,0.000674425377405822,0.0259697011420197,4.70892903012751e-19,4.70892903012751e-19,-1.45632251267101e-19,-1.45632251267101e-19,0,1.68726008416703e-19,0,1.68726008416703e-19,0,NaN
onlineCommonQueries,3,A,S,"Shared, variable forgetting",dimensionless state,study3_pilot_20260918/runs/abrupt_S_vrf_000.mat,pilot,0,abrupt,0.5,derived pilot,Online at 95 s; different training histories,NaN,95,held,clean,(dimensionless state)^2,0.3,5,0.5,29,29,0,0.00510190909232514,0.000511121141272903,0.0226079884393305,4.04370024055283e-17,1.45656753466459e-32,1.20688339729428e-16,0.00510190909232518,0.000511121141272905,0.0226079884393306,0,0,0,0,0,0,0.00510190909232518,0.000511121141272905,0.0226079884393306,2.45591643162056e-18,2.45591643162056e-18,3.77485650960843e-20,3.77485650960843e-20,0,2.78031861002287e-19,0,2.78031861002287e-19,0,NaN
onlineCommonQueries,3,A,S,"Shared, variable forgetting",dimensionless state,study3_pilot_20260918/runs/abrupt_S_vrf_000.mat,pilot,0,abrupt,0.5,derived pilot,Online at 95 s; different training histories,NaN,95,held,clean,(dimensionless state)^2,0.3,10,1,29,29,0,0.00359838285887754,0.000114438670347308,0.0106976011491973,6.0296595302918e-17,3.07484677328031e-32,1.75352410114042e-16,0.0035983828588776,0.000114438670347311,0.0106976011491975,0,0,0,0,0,0,0.0035983828588776,0.000114438670347311,0.0106976011491975,2.31408301012911e-18,2.31408301012911e-18,3.39913355862367e-21,3.39913355862367e-21,0,3.30512976907522e-20,0,3.30512976907522e-20,0,NaN
onlineCommonQueries,3,A,S,"Shared, variable forgetting",dimensionless state,study3_pilot_20260918/runs/abrupt_S_vrf_000.mat,pilot,0,abrupt,0.5,derived pilot,Online at 95 s; different training histories,NaN,95,held,clean,(dimensionless state)^2,0.3,20,2,29,29,0,0.00251383329301184,5.09684936346001e-05,0.00713922220095439,5.9818050895752e-17,2.60797479020989e-32,1.6149225338108e-16,0.0025138332930119,5.0968493634601e-05,0.00713922220095446,0,0,0,0,0,0,0.0025138332930119,5.0968493634601e-05,0.00713922220095446,9.62997878692889e-19,9.62997878692889e-19,-7.54471419006372e-21,-7.54471419006372e-21,0,4.21060903968354e-20,0,4.21060903968354e-20,0,NaN
onlineCommonQueries,3,A,S,"Shared, variable forgetting",dimensionless state,study3_pilot_20260918/runs/abrupt_S_vrf_000.mat,pilot,0,abrupt,0.5,derived pilot,Online at 95 s; different training histories,NaN,95,rateLimited,clean,(dimensionless state)^2,0.3,1,0.1,29,29,0,0.00275107040004763,0.000351093915849025,0.0187375002561448,3.23017474837061e-18,1.39878963633297e-34,1.18270437402293e-17,0.00275107040004764,0.000351093915849025,0.0187375002561448,0,0,0,0,0,0,0.00275107040004764,0.000351093915849025,0.0187375002561448,-3.48931235822677e-20,-3.48931235822677e-20,3.48931235822675e-20,3.48931235822675e-20,0,6.81295085593953e-21,0,6.81295085593953e-21,0,NaN
onlineCommonQueries,3,A,S,"Shared, variable forgetting",dimensionless state,study3_pilot_20260918/runs/abrupt_S_vrf_000.mat,pilot,0,abrupt,0.5,derived pilot,Online at 95 s; different training histories,NaN,95,rateLimited,clean,(dimensionless state)^2,0.3,2,0.2,29,29,0,0.00506261161767063,0.00107912044748222,0.0328499687592275,-0.0009712228475945,1.90884937776557e-06,0.00138161115288114,0.00409138877007614,0.00105991934156845,0.0325564024666186,0,0,0,0,0,0,0.00409138877007614,0.00105991934156845,0.0325564024666186,-2.11099552915396e-05,-2.11099552915396e-05,-3.3881317890172e-21,-3.3881317890172e-21,0,3.25260651745651e-19,0,3.25260651745651e-19,0,NaN
onlineCommonQueries,3,A,S,"Shared, variable forgetting",dimensionless state,study3_pilot_20260918/runs/abrupt_S_vrf_000.mat,pilot,0,abrupt,0.5,derived pilot,Online at 95 s; different training histories,NaN,95,rateLimited,clean,(dimensionless state)^2,0.3,5,0.5,29,29,0,0.00389108787350305,0.00166555613005744,0.0408112255397635,-0.0206822165503911,0.00101969636978597,0.031932684976149,-0.0167911286768881,0.00219954240342218,0.0468992793486444,0,0,0,0,0,0,-0.0167911286768881,0.00219954240342218,0.0468992793486444,-0.000485710096421234,-0.000485710096421234,-8.67361737988404e-19,-8.67361737988404e-19,0,1.73472347597681e-18,0,1.73472347597681e-18,0,NaN
onlineCommonQueries,3,A,S,"Shared, variable forgetting",dimensionless state,study3_pilot_20260918/runs/abrupt_S_vrf_000.mat,pilot,0,abrupt,0.5,derived pilot,Online at 95 s; different training histories,NaN,95,rateLimited,clean,(dimensionless state)^2,0.3,10,1,29,29,0,0.00178363672208259,0.000666039002872644,0.0258077314553729,-0.0424675120221957,0.00520037042244005,0.0721135938810433,-0.0406838753001131,0.00594966731249204,0.0771340865797479,0,0,0,0,0,0,-0.0406838753001131,0.00594966731249204,0.0771340865797479,8.32578871793427e-05,8.32578871793427e-05,9.48676900924816e-19,9.48676900924816e-19,0,3.03576608295941e-18,0,3.03576608295941e-18,0,NaN
onlineCommonQueries,3,A,S,"Shared, variable forgetting",dimensionless state,study3_pilot_20260918/runs/abrupt_S_vrf_000.mat,pilot,0,abrupt,0.5,derived pilot,Online at 95 s; different training histories,NaN,95,rateLimited,clean,(dimensionless state)^2,0.3,20,2,29,29,0,-0.000755903151765253,0.000611522416652343,0.0247289792885259,-0.0616873659921597,0.00869111352932741,0.093226141877305,-0.062443269143925,0.00864271924543864,0.0929662263697879,0,0,0,0,0,0,-0.062443269143925,0.00864271924543864,0.0929662263697879,-0.000659916700541114,-0.000659916700541114,2.38524477946811e-18,2.38524477946811e-18,1.38777878078145e-17,7.58941520739853e-18,1.38777878078145e-17,7.58941520739853e-18,0,NaN
onlineCommonQueries,3,A,S,"Shared, pretrained-frozen",dimensionless state,study3_pilot_20260918/runs/abrupt_S_pretrained_000.mat,pilot,0,abrupt,0.5,derived pilot,Online at 49.9 s; different training histories,NaN,49.9,held,clean,(dimensionless state)^2,0.45,1,0.1,29,29,0,-1.07389292419336e-05,2.31914871298684e-09,4.8157540562064e-05,-2.03381373045557e-18,3.23340393680529e-34,1.79816682674475e-17,-1.07389292419356e-05,2.31914871298703e-09,4.8157540562066e-05,0,0,0,0,0,0,-1.07389292419356e-05,2.31914871298703e-09,4.8157540562066e-05,1.93812767113261e-22,1.93812767113261e-22,1.6108653010109e-25,1.6108653010109e-25,0,3.56215790119889e-25,0,3.56215790119889e-25,0,NaN
onlineCommonQueries,3,A,S,"Shared, pretrained-frozen",dimensionless state,study3_pilot_20260918/runs/abrupt_S_pretrained_000.mat,pilot,0,abrupt,0.5,derived pilot,Online at 49.9 s; different training histories,NaN,49.9,held,clean,(dimensionless state)^2,0.45,2,0.2,29,29,0,-1.90030998632819e-05,6.16918599809391e-09,7.85441659074302e-05,-3.70871915553662e-18,1.68726405688235e-33,4.10763199043239e-17,-1.90030998632856e-05,6.16918599809555e-09,7.85441659074406e-05,0,0,0,0,0,0,-1.90030998632856e-05,6.16918599809555e-09,7.85441659074406e-05,1.63542632998682e-21,1.63542632998682e-21,-9.02589711704457e-26,-9.02589711704457e-26,0,1.28038599739769e-24,0,1.28038599739769e-24,0,NaN
onlineCommonQueries,3,A,S,"Shared, pretrained-frozen",dimensionless state,study3_pilot_20260918/runs/abrupt_S_pretrained_000.mat,pilot,0,abrupt,0.5,derived pilot,Online at 49.9 s; different training histories,NaN,49.9,held,clean,(dimensionless state)^2,0.45,5,0.5,29,29,0,-3.35924275588831e-05,1.49403299962118e-08,0.000122230642623737,-2.15344983224707e-17,6.93998893753332e-33,8.33065960025574e-17,-3.35924275589046e-05,1.494032999622e-08,0.000122230642623771,0,0,0,0,0,0,-3.35924275589046e-05,1.494032999622e-08,0.000122230642623771,8.25267736489331e-21,8.25267736489331e-21,5.89387082918142e-24,5.89387082918142e-24,0,5.20464175918202e-24,0,5.20464175918202e-24,0,NaN
onlineCommonQueries,3,A,S,"Shared, pretrained-frozen",dimensionless state,study3_pilot_20260918/runs/abrupt_S_pretrained_000.mat,pilot,0,abrupt,0.5,derived pilot,Online at 49.9 s; different training histories,NaN,49.9,held,clean,(dimensionless state)^2,0.45,10,1,29,29,0,-4.17312637763516e-05,2.08509341487984e-08,0.000144398525438449,-4.64188074951035e-17,1.69282600973899e-32,1.30108647281377e-16,-4.17312637763981e-05,2.08509341488143e-08,0.000144398525438504,0,0,0,0,0,0,-4.17312637763981e-05,2.08509341488143e-08,0.000144398525438504,1.58760874153689e-20,1.58760874153689e-20,-4.14582171837712e-24,-4.14582171837712e-24,0,2.79143148762298e-24,0,2.79143148762298e-24,0,NaN
onlineCommonQueries,3,A,S,"Shared, pretrained-frozen",dimensionless state,study3_pilot_20260918/runs/abrupt_S_pretrained_000.mat,pilot,0,abrupt,0.5,derived pilot,Online at 49.9 s; different training histories,NaN,49.9,held,clean,(dimensionless state)^2,0.45,20,2,29,29,0,-4.41686851130899e-05,2.29630160476714e-08,0.000151535527344816,-3.1583930872957e-17,2.1743084958358e-32,1.47455365986993e-16,-4.41686851131215e-05,2.29630160476767e-08,0.000151535527344833,0,0,0,0,0,0,-4.41686851131215e-05,2.29630160476767e-08,0.000151535527344833,5.30097989741453e-21,5.30097989741453e-21,-4.06532196469355e-25,-4.06532196469355e-25,0,2.32455489060883e-24,0,2.32455489060883e-24,0,NaN
onlineCommonQueries,3,A,S,"Shared, pretrained-frozen",dimensionless state,study3_pilot_20260918/runs/abrupt_S_pretrained_000.mat,pilot,0,abrupt,0.5,derived pilot,Online at 49.9 s; different training histories,NaN,49.9,rateLimited,clean,(dimensionless state)^2,0.45,1,0.1,29,29,0,-1.07389292419336e-05,2.31914871298684e-09,4.8157540562064e-05,-2.03381373045557e-18,3.23340393680529e-34,1.79816682674475e-17,-1.07389292419356e-05,2.31914871298703e-09,4.8157540562066e-05,0,0,0,0,0,0,-1.07389292419356e-05,2.31914871298703e-09,4.8157540562066e-05,1.93812767113261e-22,1.93812767113261e-22,1.6108653010109e-25,1.6108653010109e-25,0,3.56215790119889e-25,0,3.56215790119889e-25,0,NaN
onlineCommonQueries,3,A,S,"Shared, pretrained-frozen",dimensionless state,study3_pilot_20260918/runs/abrupt_S_pretrained_000.mat,pilot,0,abrupt,0.5,derived pilot,Online at 49.9 s; different training histories,NaN,49.9,rateLimited,clean,(dimensionless state)^2,0.45,2,0.2,29,29,0,-1.66948734958432e-05,5.26113277575423e-09,7.25336664987661e-05,-0.00176748055607714,6.37562479225668e-06,0.00252499995886271,-0.00178417542957299,6.42503209627621e-06,0.00253476470234935,0,0,0,0,0,0,-0.00178417542957299,6.42503209627621e-06,0.00253476470234935,4.41461712437673e-08,4.41461712437673e-08,2.04479047423108e-21,2.04479047423108e-21,0,4.02340649945793e-21,0,4.02340649945793e-21,0,NaN
onlineCommonQueries,3,A,S,"Shared, pretrained-frozen",dimensionless state,study3_pilot_20260918/runs/abrupt_S_pretrained_000.mat,pilot,0,abrupt,0.5,derived pilot,Online at 49.9 s; different training histories,NaN,49.9,rateLimited,clean,(dimensionless state)^2,0.45,5,0.5,29,29,0,-2.52351965607216e-05,1.36603840739221e-08,0.000116877645740843,-0.045299705300966,0.00470086935455443,0.0685628861305767,-0.0453249404975267,0.00470133661399508,0.0685662935704933,0,0,0,0,0,0,-0.0453249404975267,0.00470133661399508,0.0685662935704933,4.53599056572086e-07,4.53599056572086e-07,5.75823585455314e-19,5.75823585455314e-19,0,2.05490193003893e-18,0,2.05490193003893e-18,0,NaN
onlineCommonQueries,3,A,S,"Shared, pretrained-frozen",dimensionless state,study3_pilot_20260918/runs/abrupt_S_pretrained_000.mat,pilot,0,abrupt,0.5,derived pilot,Online at 49.9 s; different training histories,NaN,49.9,rateLimited,clean,(dimensionless state)^2,0.45,10,1,29,29,0,-1.99429278535178e-05,1.26844623358893e-08,0.000112625318360879,-0.0824659015484367,0.019561773227407,0.139863409179839,-0.0824858444762902,0.019557837599004,0.139849338929449,0,0,0,0,0,0,-0.0824858444762902,0.019557837599004,0.139849338929449,-3.94831286534913e-06,-3.94831286534913e-06,7.71647014948668e-19,7.71647014948668e-19,2.77555756156289e-17,7.99175585734432e-18,2.77555756156289e-17,7.99175585734432e-18,0,NaN
onlineCommonQueries,3,A,S,"Shared, pretrained-frozen",dimensionless state,study3_pilot_20260918/runs/abrupt_S_pretrained_000.mat,pilot,0,abrupt,0.5,derived pilot,Online at 49.9 s; different training histories,NaN,49.9,rateLimited,clean,(dimensionless state)^2,0.45,20,2,29,29,0,-4.5273631955741e-05,2.22161916424053e-08,0.000149050969947885,-0.114142748367485,0.0293975401655979,0.171457108821996,-0.114188021999441,0.0294123106164865,0.171500176724359,0,0,0,0,0,0,-0.114188021999441,0.0294123106164865,0.171500176724359,1.47482346970195e-05,1.47482346970195e-05,1.23327997120226e-18,1.23327997120226e-18,0,1.68864488364617e-17,0,1.68864488364617e-17,0,NaN
onlineCommonQueries,3,A,S,"Shared, pretrained-frozen",dimensionless state,study3_pilot_20260918/runs/abrupt_S_pretrained_000.mat,pilot,0,abrupt,0.5,derived pilot,Online at 55 s; different training histories,NaN,55,held,clean,(dimensionless state)^2,0.3,1,0.1,29,29,0,0.00461067642073844,0.00175516316457301,0.0418946674956731,-2.03381373045557e-18,3.23340393680529e-34,1.79816682674475e-17,0.00461067642073844,0.00175516316457301,0.0418946674956731,0,0,0,0,0,0,0.00461067642073844,0.00175516316457301,0.0418946674956731,-1.56174356730511e-19,-1.56174356730511e-19,1.56174356730511e-19,1.56174356730511e-19,3.46944695195361e-18,2.70627987445545e-19,3.46944695195361e-18,2.70627987445545e-19,0,NaN
onlineCommonQueries,3,A,S,"Shared, pretrained-frozen",dimensionless state,study3_pilot_20260918/runs/abrupt_S_pretrained_000.mat,pilot,0,abrupt,0.5,derived pilot,Online at 55 s; different training histories,NaN,55,held,clean,(dimensionless state)^2,0.3,2,0.2,29,29,0,0.00884762419360116,0.00489581761759598,0.0699701194624961,-3.70871915553662e-18,1.68726405688235e-33,4.10763199043239e-17,0.00884762419360115,0.00489581761759597,0.0699701194624961,0,0,0,0,0,0,0.00884762419360115,0.00489581761759597,0.0699701194624961,-1.23190074065043e-18,-1.23190074065043e-18,-1.37018447331478e-18,-1.37018447331478e-18,0,8.04211632869756e-19,0,8.04211632869756e-19,0,NaN
onlineCommonQueries,3,A,S,"Shared, pretrained-frozen",dimensionless state,study3_pilot_20260918/runs/abrupt_S_pretrained_000.mat,pilot,0,abrupt,0.5,derived pilot,Online at 55 s; different training histories,NaN,55,held,clean,(dimensionless state)^2,0.3,5,0.5,29,29,0,0.0176120165569947,0.012297621552455,0.11089464167603,-2.15344983224707e-17,6.93998893753332e-33,8.33065960025574e-17,0.0176120165569947,0.012297621552455,0.11089464167603,0,0,0,0,0,0,0.0176120165569947,0.012297621552455,0.11089464167603,-7.06426853631198e-18,-7.06426853631198e-18,1.25374632404744e-19,1.25374632404744e-19,0,3.05021838177169e-18,0,3.05021838177169e-18,0,NaN
onlineCommonQueries,3,A,S,"Shared, pretrained-frozen",dimensionless state,study3_pilot_20260918/runs/abrupt_S_pretrained_000.mat,pilot,0,abrupt,0.5,derived pilot,Online at 55 s; different training histories,NaN,55,held,clean,(dimensionless state)^2,0.3,10,1,29,29,0,0.02292971859686,0.01640634888813,0.128087270593646,-4.64188074951035e-17,1.69282600973899e-32,1.30108647281377e-16,0.0229297185968599,0.0164063488881299,0.128087270593646,0,0,0,0,0,0,0.0229297185968599,0.0164063488881299,0.128087270593646,-1.26767556483389e-17,-1.26767556483389e-17,-1.20103215947553e-18,-1.20103215947553e-18,0,1.97831648395499e-18,0,1.97831648395499e-18,0,NaN
onlineCommonQueries,3,A,S,"Shared, pretrained-frozen",dimensionless state,study3_pilot_20260918/runs/abrupt_S_pretrained_000.mat,pilot,0,abrupt,0.5,derived pilot,Online at 55 s; different training histories,NaN,55,held,clean,(dimensionless state)^2,0.3,20,2,29,29,0,0.0243192558130552,0.0173485215053881,0.131713786314828,-3.1583930872957e-17,2.1743084958358e-32,1.47455365986993e-16,0.0243192558130552,0.0173485215053881,0.131713786314828,0,0,0,0,0,0,0.0243192558130552,0.0173485215053881,0.131713786314828,-4.39790070847516e-18,-4.39790070847516e-18,4.39790070847514e-18,4.39790070847514e-18,0,2.45242523567342e-18,0,2.45242523567342e-18,0,NaN
onlineCommonQueries,3,A,S,"Shared, pretrained-frozen",dimensionless state,study3_pilot_20260918/runs/abrupt_S_pretrained_000.mat,pilot,0,abrupt,0.5,derived pilot,Online at 55 s; different training histories,NaN,55,rateLimited,clean,(dimensionless state)^2,0.3,1,0.1,29,29,0,0.00461067642073844,0.00175516316457301,0.0418946674956731,-2.03381373045557e-18,3.23340393680529e-34,1.79816682674475e-17,0.00461067642073844,0.00175516316457301,0.0418946674956731,0,0,0,0,0,0,0.00461067642073844,0.00175516316457301,0.0418946674956731,-1.56174356730511e-19,-1.56174356730511e-19,1.56174356730511e-19,1.56174356730511e-19,3.46944695195361e-18,2.70627987445545e-19,3.46944695195361e-18,2.70627987445545e-19,0,NaN
onlineCommonQueries,3,A,S,"Shared, pretrained-frozen",dimensionless state,study3_pilot_20260918/runs/abrupt_S_pretrained_000.mat,pilot,0,abrupt,0.5,derived pilot,Online at 55 s; different training histories,NaN,55,rateLimited,clean,(dimensionless state)^2,0.3,2,0.2,29,29,0,0.00525541985790336,0.004609286990141,0.0678917299097688,-0.00176748055607714,6.37562479225668e-06,0.00252499995886271,0.00348793930182622,0.00463416406486724,0.0680746947467798,0,0,0,0,0,0,0.00348793930182622,0.00463416406486724,0.0680746947467798,1.85014499339888e-05,1.85014499339888e-05,9.48676900924816e-19,9.48676900924816e-19,0,9.75781955236954e-19,0,9.75781955236954e-19,0,NaN
onlineCommonQueries,3,A,S,"Shared, pretrained-frozen",dimensionless state,study3_pilot_20260918/runs/abrupt_S_pretrained_000.mat,pilot,0,abrupt,0.5,derived pilot,Online at 55 s; different training histories,NaN,55,rateLimited,clean,(dimensionless state)^2,0.3,5,0.5,29,29,0,0.0118019996791958,0.018645056816453,0.136546903357246,-0.045299705300966,0.00470086935455443,0.0685628861305767,-0.0334977056217702,0.0247656531322987,0.157371068282257,0,0,0,0,0,0,-0.0334977056217702,0.0247656531322987,0.157371068282257,0.00141972696129125,0.00141972696129125,9.75781955236954e-18,9.75781955236954e-18,2.77555756156289e-17,2.77555756156289e-17,2.77555756156289e-17,2.77555756156289e-17,0,NaN
onlineCommonQueries,3,A,S,"Shared, pretrained-frozen",dimensionless state,study3_pilot_20260918/runs/abrupt_S_pretrained_000.mat,pilot,0,abrupt,0.5,derived pilot,Online at 55 s; different training histories,NaN,55,rateLimited,clean,(dimensionless state)^2,0.3,10,1,29,29,0,0.00569265518427449,0.0140686201004579,0.118611214058612,-0.0824659015484367,0.019561773227407,0.139863409179839,-0.0767732463641622,0.039085146231269,0.197699636396401,0,0,0,0,0,0,-0.0767732463641622,0.039085146231269,0.197699636396401,0.00545475290340405,0.00545475290340405,2.60208521396521e-18,2.60208521396521e-18,2.77555756156289e-17,2.77555756156289e-17,2.77555756156289e-17,2.77555756156289e-17,0,NaN
onlineCommonQueries,3,A,S,"Shared, pretrained-frozen",dimensionless state,study3_pilot_20260918/runs/abrupt_S_pretrained_000.mat,pilot,0,abrupt,0.5,derived pilot,Online at 55 s; different training histories,NaN,55,rateLimited,clean,(dimensionless state)^2,0.3,20,2,29,29,0,0.0319903384411804,0.0234396474466043,0.153100122294544,-0.114142748367485,0.0293975401655979,0.171457108821996,-0.0821524099263048,0.0436811903035515,0.209000455271159,0,0,0,0,0,0,-0.0821524099263048,0.0436811903035515,0.209000455271159,-0.00915599730865061,-0.00915599730865061,1.73472347597681e-18,1.73472347597681e-18,1.38777878078145e-17,5.55111512312578e-17,1.38777878078145e-17,5.55111512312578e-17,0,NaN
onlineCommonQueries,3,A,S,"Shared, pretrained-frozen",dimensionless state,study3_pilot_20260918/runs/abrupt_S_pretrained_000.mat,pilot,0,abrupt,0.5,derived pilot,Online at 59.9 s; different training histories,NaN,59.9,held,clean,(dimensionless state)^2,0.3,1,0.1,29,29,0,0.00461067642073844,0.00175516316457301,0.0418946674956731,-2.03381373045557e-18,3.23340393680529e-34,1.79816682674475e-17,0.00461067642073844,0.00175516316457301,0.0418946674956731,0,0,0,0,0,0,0.00461067642073844,0.00175516316457301,0.0418946674956731,-1.56174356730511e-19,-1.56174356730511e-19,1.56174356730511e-19,1.56174356730511e-19,3.46944695195361e-18,2.70627987445545e-19,3.46944695195361e-18,2.70627987445545e-19,0,NaN
onlineCommonQueries,3,A,S,"Shared, pretrained-frozen",dimensionless state,study3_pilot_20260918/runs/abrupt_S_pretrained_000.mat,pilot,0,abrupt,0.5,derived pilot,Online at 59.9 s; different training histories,NaN,59.9,held,clean,(dimensionless state)^2,0.3,2,0.2,29,29,0,0.00884762419360116,0.00489581761759598,0.0699701194624961,-3.70871915553662e-18,1.68726405688235e-33,4.10763199043239e-17,0.00884762419360115,0.00489581761759597,0.0699701194624961,0,0,0,0,0,0,0.00884762419360115,0.00489581761759597,0.0699701194624961,-1.23190074065043e-18,-1.23190074065043e-18,-1.37018447331478e-18,-1.37018447331478e-18,0,8.04211632869756e-19,0,8.04211632869756e-19,0,NaN
onlineCommonQueries,3,A,S,"Shared, pretrained-frozen",dimensionless state,study3_pilot_20260918/runs/abrupt_S_pretrained_000.mat,pilot,0,abrupt,0.5,derived pilot,Online at 59.9 s; different training histories,NaN,59.9,held,clean,(dimensionless state)^2,0.3,5,0.5,29,29,0,0.0176120165569947,0.012297621552455,0.11089464167603,-2.15344983224707e-17,6.93998893753332e-33,8.33065960025574e-17,0.0176120165569947,0.012297621552455,0.11089464167603,0,0,0,0,0,0,0.0176120165569947,0.012297621552455,0.11089464167603,-7.06426853631198e-18,-7.06426853631198e-18,1.25374632404744e-19,1.25374632404744e-19,0,3.05021838177169e-18,0,3.05021838177169e-18,0,NaN
onlineCommonQueries,3,A,S,"Shared, pretrained-frozen",dimensionless state,study3_pilot_20260918/runs/abrupt_S_pretrained_000.mat,pilot,0,abrupt,0.5,derived pilot,Online at 59.9 s; different training histories,NaN,59.9,held,clean,(dimensionless state)^2,0.3,10,1,29,29,0,0.02292971859686,0.01640634888813,0.128087270593646,-4.64188074951035e-17,1.69282600973899e-32,1.30108647281377e-16,0.0229297185968599,0.0164063488881299,0.128087270593646,0,0,0,0,0,0,0.0229297185968599,0.0164063488881299,0.128087270593646,-1.26767556483389e-17,-1.26767556483389e-17,-1.20103215947553e-18,-1.20103215947553e-18,0,1.97831648395499e-18,0,1.97831648395499e-18,0,NaN
onlineCommonQueries,3,A,S,"Shared, pretrained-frozen",dimensionless state,study3_pilot_20260918/runs/abrupt_S_pretrained_000.mat,pilot,0,abrupt,0.5,derived pilot,Online at 59.9 s; different training histories,NaN,59.9,held,clean,(dimensionless state)^2,0.3,20,2,29,29,0,0.0243192558130552,0.0173485215053881,0.131713786314828,-3.1583930872957e-17,2.1743084958358e-32,1.47455365986993e-16,0.0243192558130552,0.0173485215053881,0.131713786314828,0,0,0,0,0,0,0.0243192558130552,0.0173485215053881,0.131713786314828,-4.39790070847516e-18,-4.39790070847516e-18,4.39790070847514e-18,4.39790070847514e-18,0,2.45242523567342e-18,0,2.45242523567342e-18,0,NaN
onlineCommonQueries,3,A,S,"Shared, pretrained-frozen",dimensionless state,study3_pilot_20260918/runs/abrupt_S_pretrained_000.mat,pilot,0,abrupt,0.5,derived pilot,Online at 59.9 s; different training histories,NaN,59.9,rateLimited,clean,(dimensionless state)^2,0.3,1,0.1,29,29,0,0.00461067642073844,0.00175516316457301,0.0418946674956731,-2.03381373045557e-18,3.23340393680529e-34,1.79816682674475e-17,0.00461067642073844,0.00175516316457301,0.0418946674956731,0,0,0,0,0,0,0.00461067642073844,0.00175516316457301,0.0418946674956731,-1.56174356730511e-19,-1.56174356730511e-19,1.56174356730511e-19,1.56174356730511e-19,3.46944695195361e-18,2.70627987445545e-19,3.46944695195361e-18,2.70627987445545e-19,0,NaN
onlineCommonQueries,3,A,S,"Shared, pretrained-frozen",dimensionless state,study3_pilot_20260918/runs/abrupt_S_pretrained_000.mat,pilot,0,abrupt,0.5,derived pilot,Online at 59.9 s; different training histories,NaN,59.9,rateLimited,clean,(dimensionless state)^2,0.3,2,0.2,29,29,0,0.00525541985790336,0.004609286990141,0.0678917299097688,-0.00176748055607714,6.37562479225668e-06,0.00252499995886271,0.00348793930182622,0.00463416406486724,0.0680746947467798,0,0,0,0,0,0,0.00348793930182622,0.00463416406486724,0.0680746947467798,1.85014499339888e-05,1.85014499339888e-05,9.48676900924816e-19,9.48676900924816e-19,0,9.75781955236954e-19,0,9.75781955236954e-19,0,NaN
onlineCommonQueries,3,A,S,"Shared, pretrained-frozen",dimensionless state,study3_pilot_20260918/runs/abrupt_S_pretrained_000.mat,pilot,0,abrupt,0.5,derived pilot,Online at 59.9 s; different training histories,NaN,59.9,rateLimited,clean,(dimensionless state)^2,0.3,5,0.5,29,29,0,0.0118019996791958,0.018645056816453,0.136546903357246,-0.045299705300966,0.00470086935455443,0.0685628861305767,-0.0334977056217702,0.0247656531322987,0.157371068282257,0,0,0,0,0,0,-0.0334977056217702,0.0247656531322987,0.157371068282257,0.00141972696129125,0.00141972696129125,9.75781955236954e-18,9.75781955236954e-18,2.77555756156289e-17,2.77555756156289e-17,2.77555756156289e-17,2.77555756156289e-17,0,NaN
onlineCommonQueries,3,A,S,"Shared, pretrained-frozen",dimensionless state,study3_pilot_20260918/runs/abrupt_S_pretrained_000.mat,pilot,0,abrupt,0.5,derived pilot,Online at 59.9 s; different training histories,NaN,59.9,rateLimited,clean,(dimensionless state)^2,0.3,10,1,29,29,0,0.00569265518427449,0.0140686201004579,0.118611214058612,-0.0824659015484367,0.019561773227407,0.139863409179839,-0.0767732463641622,0.039085146231269,0.197699636396401,0,0,0,0,0,0,-0.0767732463641622,0.039085146231269,0.197699636396401,0.00545475290340405,0.00545475290340405,2.60208521396521e-18,2.60208521396521e-18,2.77555756156289e-17,2.77555756156289e-17,2.77555756156289e-17,2.77555756156289e-17,0,NaN
onlineCommonQueries,3,A,S,"Shared, pretrained-frozen",dimensionless state,study3_pilot_20260918/runs/abrupt_S_pretrained_000.mat,pilot,0,abrupt,0.5,derived pilot,Online at 59.9 s; different training histories,NaN,59.9,rateLimited,clean,(dimensionless state)^2,0.3,20,2,29,29,0,0.0319903384411804,0.0234396474466043,0.153100122294544,-0.114142748367485,0.0293975401655979,0.171457108821996,-0.0821524099263048,0.0436811903035515,0.209000455271159,0,0,0,0,0,0,-0.0821524099263048,0.0436811903035515,0.209000455271159,-0.00915599730865061,-0.00915599730865061,1.73472347597681e-18,1.73472347597681e-18,1.38777878078145e-17,5.55111512312578e-17,1.38777878078145e-17,5.55111512312578e-17,0,NaN
onlineCommonQueries,3,A,S,"Shared, pretrained-frozen",dimensionless state,study3_pilot_20260918/runs/abrupt_S_pretrained_000.mat,pilot,0,abrupt,0.5,derived pilot,Online at 95 s; different training histories,NaN,95,held,clean,(dimensionless state)^2,0.3,1,0.1,29,29,0,0.00461067642073844,0.00175516316457301,0.0418946674956731,-2.03381373045557e-18,3.23340393680529e-34,1.79816682674475e-17,0.00461067642073844,0.00175516316457301,0.0418946674956731,0,0,0,0,0,0,0.00461067642073844,0.00175516316457301,0.0418946674956731,-1.56174356730511e-19,-1.56174356730511e-19,1.56174356730511e-19,1.56174356730511e-19,3.46944695195361e-18,2.70627987445545e-19,3.46944695195361e-18,2.70627987445545e-19,0,NaN
onlineCommonQueries,3,A,S,"Shared, pretrained-frozen",dimensionless state,study3_pilot_20260918/runs/abrupt_S_pretrained_000.mat,pilot,0,abrupt,0.5,derived pilot,Online at 95 s; different training histories,NaN,95,held,clean,(dimensionless state)^2,0.3,2,0.2,29,29,0,0.00884762419360116,0.00489581761759598,0.0699701194624961,-3.70871915553662e-18,1.68726405688235e-33,4.10763199043239e-17,0.00884762419360115,0.00489581761759597,0.0699701194624961,0,0,0,0,0,0,0.00884762419360115,0.00489581761759597,0.0699701194624961,-1.23190074065043e-18,-1.23190074065043e-18,-1.37018447331478e-18,-1.37018447331478e-18,0,8.04211632869756e-19,0,8.04211632869756e-19,0,NaN
onlineCommonQueries,3,A,S,"Shared, pretrained-frozen",dimensionless state,study3_pilot_20260918/runs/abrupt_S_pretrained_000.mat,pilot,0,abrupt,0.5,derived pilot,Online at 95 s; different training histories,NaN,95,held,clean,(dimensionless state)^2,0.3,5,0.5,29,29,0,0.0176120165569947,0.012297621552455,0.11089464167603,-2.15344983224707e-17,6.93998893753332e-33,8.33065960025574e-17,0.0176120165569947,0.012297621552455,0.11089464167603,0,0,0,0,0,0,0.0176120165569947,0.012297621552455,0.11089464167603,-7.06426853631198e-18,-7.06426853631198e-18,1.25374632404744e-19,1.25374632404744e-19,0,3.05021838177169e-18,0,3.05021838177169e-18,0,NaN
onlineCommonQueries,3,A,S,"Shared, pretrained-frozen",dimensionless state,study3_pilot_20260918/runs/abrupt_S_pretrained_000.mat,pilot,0,abrupt,0.5,derived pilot,Online at 95 s; different training histories,NaN,95,held,clean,(dimensionless state)^2,0.3,10,1,29,29,0,0.02292971859686,0.01640634888813,0.128087270593646,-4.64188074951035e-17,1.69282600973899e-32,1.30108647281377e-16,0.0229297185968599,0.0164063488881299,0.128087270593646,0,0,0,0,0,0,0.0229297185968599,0.0164063488881299,0.128087270593646,-1.26767556483389e-17,-1.26767556483389e-17,-1.20103215947553e-18,-1.20103215947553e-18,0,1.97831648395499e-18,0,1.97831648395499e-18,0,NaN
onlineCommonQueries,3,A,S,"Shared, pretrained-frozen",dimensionless state,study3_pilot_20260918/runs/abrupt_S_pretrained_000.mat,pilot,0,abrupt,0.5,derived pilot,Online at 95 s; different training histories,NaN,95,held,clean,(dimensionless state)^2,0.3,20,2,29,29,0,0.0243192558130552,0.0173485215053881,0.131713786314828,-3.1583930872957e-17,2.1743084958358e-32,1.47455365986993e-16,0.0243192558130552,0.0173485215053881,0.131713786314828,0,0,0,0,0,0,0.0243192558130552,0.0173485215053881,0.131713786314828,-4.39790070847516e-18,-4.39790070847516e-18,4.39790070847514e-18,4.39790070847514e-18,0,2.45242523567342e-18,0,2.45242523567342e-18,0,NaN
onlineCommonQueries,3,A,S,"Shared, pretrained-frozen",dimensionless state,study3_pilot_20260918/runs/abrupt_S_pretrained_000.mat,pilot,0,abrupt,0.5,derived pilot,Online at 95 s; different training histories,NaN,95,rateLimited,clean,(dimensionless state)^2,0.3,1,0.1,29,29,0,0.00461067642073844,0.00175516316457301,0.0418946674956731,-2.03381373045557e-18,3.23340393680529e-34,1.79816682674475e-17,0.00461067642073844,0.00175516316457301,0.0418946674956731,0,0,0,0,0,0,0.00461067642073844,0.00175516316457301,0.0418946674956731,-1.56174356730511e-19,-1.56174356730511e-19,1.56174356730511e-19,1.56174356730511e-19,3.46944695195361e-18,2.70627987445545e-19,3.46944695195361e-18,2.70627987445545e-19,0,NaN
onlineCommonQueries,3,A,S,"Shared, pretrained-frozen",dimensionless state,study3_pilot_20260918/runs/abrupt_S_pretrained_000.mat,pilot,0,abrupt,0.5,derived pilot,Online at 95 s; different training histories,NaN,95,rateLimited,clean,(dimensionless state)^2,0.3,2,0.2,29,29,0,0.00525541985790336,0.004609286990141,0.0678917299097688,-0.00176748055607714,6.37562479225668e-06,0.00252499995886271,0.00348793930182622,0.00463416406486724,0.0680746947467798,0,0,0,0,0,0,0.00348793930182622,0.00463416406486724,0.0680746947467798,1.85014499339888e-05,1.85014499339888e-05,9.48676900924816e-19,9.48676900924816e-19,0,9.75781955236954e-19,0,9.75781955236954e-19,0,NaN
onlineCommonQueries,3,A,S,"Shared, pretrained-frozen",dimensionless state,study3_pilot_20260918/runs/abrupt_S_pretrained_000.mat,pilot,0,abrupt,0.5,derived pilot,Online at 95 s; different training histories,NaN,95,rateLimited,clean,(dimensionless state)^2,0.3,5,0.5,29,29,0,0.0118019996791958,0.018645056816453,0.136546903357246,-0.045299705300966,0.00470086935455443,0.0685628861305767,-0.0334977056217702,0.0247656531322987,0.157371068282257,0,0,0,0,0,0,-0.0334977056217702,0.0247656531322987,0.157371068282257,0.00141972696129125,0.00141972696129125,9.75781955236954e-18,9.75781955236954e-18,2.77555756156289e-17,2.77555756156289e-17,2.77555756156289e-17,2.77555756156289e-17,0,NaN
onlineCommonQueries,3,A,S,"Shared, pretrained-frozen",dimensionless state,study3_pilot_20260918/runs/abrupt_S_pretrained_000.mat,pilot,0,abrupt,0.5,derived pilot,Online at 95 s; different training histories,NaN,95,rateLimited,clean,(dimensionless state)^2,0.3,10,1,29,29,0,0.00569265518427449,0.0140686201004579,0.118611214058612,-0.0824659015484367,0.019561773227407,0.139863409179839,-0.0767732463641622,0.039085146231269,0.197699636396401,0,0,0,0,0,0,-0.0767732463641622,0.039085146231269,0.197699636396401,0.00545475290340405,0.00545475290340405,2.60208521396521e-18,2.60208521396521e-18,2.77555756156289e-17,2.77555756156289e-17,2.77555756156289e-17,2.77555756156289e-17,0,NaN
onlineCommonQueries,3,A,S,"Shared, pretrained-frozen",dimensionless state,study3_pilot_20260918/runs/abrupt_S_pretrained_000.mat,pilot,0,abrupt,0.5,derived pilot,Online at 95 s; different training histories,NaN,95,rateLimited,clean,(dimensionless state)^2,0.3,20,2,29,29,0,0.0319903384411804,0.0234396474466043,0.153100122294544,-0.114142748367485,0.0293975401655979,0.171457108821996,-0.0821524099263048,0.0436811903035515,0.209000455271159,0,0,0,0,0,0,-0.0821524099263048,0.0436811903035515,0.209000455271159,-0.00915599730865061,-0.00915599730865061,1.73472347597681e-18,1.73472347597681e-18,1.38777878078145e-17,5.55111512312578e-17,1.38777878078145e-17,5.55111512312578e-17,0,NaN
onlineCommonQueries,3,A,S,"Shared, prior-frozen",dimensionless state,study3_pilot_20260918/runs/abrupt_S_prior_000.mat,pilot,0,abrupt,0.5,derived pilot,Online at 49.9 s; different training histories,NaN,49.9,held,clean,(dimensionless state)^2,0.45,1,0.1,29,29,0,-0.0582626656664119,0.0163444266070023,0.127845322976644,0,0,0,-0.0582626656664119,0.0163444266070023,0.127845322976644,0,0,0,0,0,0,-0.0582626656664119,0.0163444266070023,0.127845322976644,0,0,0,0,0,0,0,0,0,NaN
onlineCommonQueries,3,A,S,"Shared, prior-frozen",dimensionless state,study3_pilot_20260918/runs/abrupt_S_prior_000.mat,pilot,0,abrupt,0.5,derived pilot,Online at 49.9 s; different training histories,NaN,49.9,held,clean,(dimensionless state)^2,0.45,2,0.2,29,29,0,-0.0887946582825919,0.036395971846233,0.19077728336003,-1.91417762866406e-18,5.31291019141306e-34,2.30497509561667e-17,-0.0887946582825919,0.036395971846233,0.19077728336003,0,0,0,0,0,0,-0.0887946582825919,0.036395971846233,0.19077728336003,4.8785941347969e-18,4.8785941347969e-18,2.06029976911033e-18,2.06029976911033e-18,0,7.28774483874482e-18,0,7.28774483874482e-18,0,NaN
onlineCommonQueries,3,A,S,"Shared, prior-frozen",dimensionless state,study3_pilot_20260918/runs/abrupt_S_prior_000.mat,pilot,0,abrupt,0.5,derived pilot,Online at 49.9 s; different training histories,NaN,49.9,held,clean,(dimensionless state)^2,0.45,5,0.5,29,29,0,-0.117394418158557,0.0620104860050229,0.249019047474331,6.69962170032422e-18,1.23525161950354e-33,3.51461465811479e-17,-0.117394418158557,0.0620104860050229,0.249019047474331,0,0,0,0,0,0,-0.117394418158557,0.0620104860050229,0.249019047474331,-5.62749269000238e-20,-5.62749269000238e-20,-6.88261897700721e-18,-6.88261897700721e-18,2.77555756156289e-17,1.49108206072044e-17,2.77555756156289e-17,1.49108206072044e-17,0,NaN
onlineCommonQueries,3,A,S,"Shared, prior-frozen",dimensionless state,study3_pilot_20260918/runs/abrupt_S_prior_000.mat,pilot,0,abrupt,0.5,derived pilot,Online at 49.9 s; different training histories,NaN,49.9,held,clean,(dimensionless state)^2,0.45,10,1,29,29,0,-0.122207636487795,0.0690490051420349,0.26277177386857,6.2210772931582e-18,1.01609407410775e-33,3.18762305504862e-17,-0.122207636487795,0.0690490051420349,0.26277177386857,0,0,0,0,0,0,-0.122207636487795,0.0690490051420349,0.26277177386857,2.17033505667976e-18,2.17033505667976e-18,-2.17033505667976e-18,-2.17033505667976e-18,2.77555756156289e-17,2.28692090660924e-17,2.77555756156289e-17,2.28692090660924e-17,0,NaN
onlineCommonQueries,3,A,S,"Shared, prior-frozen",dimensionless state,study3_pilot_20260918/runs/abrupt_S_prior_000.mat,pilot,0,abrupt,0.5,derived pilot,Online at 49.9 s; different training histories,NaN,49.9,held,clean,(dimensionless state)^2,0.45,20,2,29,29,0,-0.12274266848082,0.0704112582856374,0.265351198010556,6.2210772931582e-18,1.33486868559253e-33,3.65358547948797e-17,-0.12274266848082,0.0704112582856374,0.265351198010556,0,0,0,0,0,0,-0.12274266848082,0.0704112582856374,0.265351198010556,4.52934657282055e-18,4.52934657282055e-18,-1.8407134380635e-17,-1.8407134380635e-17,2.77555756156289e-17,3.66488525126953e-17,2.77555756156289e-17,3.66488525126953e-17,0,NaN
onlineCommonQueries,3,A,S,"Shared, prior-frozen",dimensionless state,study3_pilot_20260918/runs/abrupt_S_prior_000.mat,pilot,0,abrupt,0.5,derived pilot,Online at 49.9 s; different training histories,NaN,49.9,rateLimited,clean,(dimensionless state)^2,0.45,1,0.1,29,29,0,-0.0582626656664119,0.0163444266070023,0.127845322976644,0,0,0,-0.0582626656664119,0.0163444266070023,0.127845322976644,0,0,0,0,0,0,-0.0582626656664119,0.0163444266070023,0.127845322976644,0,0,0,0,0,0,0,0,0,NaN
onlineCommonQueries,3,A,S,"Shared, prior-frozen",dimensionless state,study3_pilot_20260918/runs/abrupt_S_prior_000.mat,pilot,0,abrupt,0.5,derived pilot,Online at 49.9 s; different training histories,NaN,49.9,rateLimited,clean,(dimensionless state)^2,0.45,2,0.2,29,29,0,-0.0833611519478562,0.0310446199390665,0.176194835165695,-0.00191733317623702,9.06149829787762e-06,0.00301023226643354,-0.0852784851240932,0.031463738557727,0.177380209036203,0,0,0,0,0,0,-0.0852784851240932,0.031463738557727,0.177380209036203,0.000410057120362603,0.000410057120362603,-7.58941520739853e-19,-7.58941520739853e-19,0,6.27416312119724e-18,0,6.27416312119724e-18,0,NaN
onlineCommonQueries,3,A,S,"Shared, prior-frozen",dimensionless state,study3_pilot_20260918/runs/abrupt_S_prior_000.mat,pilot,0,abrupt,0.5,derived pilot,Online at 49.9 s; different training histories,NaN,49.9,rateLimited,clean,(dimensionless state)^2,0.45,5,0.5,29,29,0,-0.1035254494486,0.064482898392383,0.25393483099485,-0.0209873016674309,0.00119867048201404,0.0346218208939686,-0.124512751116031,0.0670207186429181,0.258883600567742,0,0,0,0,0,0,-0.124512751116031,0.0670207186429181,0.258883600567742,0.0013391497685211,0.0013391497685211,5.63785129692462e-18,5.63785129692462e-18,2.77555756156289e-17,2.25514051876985e-17,2.77555756156289e-17,2.25514051876985e-17,0,NaN
onlineCommonQueries,3,A,S,"Shared, prior-frozen",dimensionless state,study3_pilot_20260918/runs/abrupt_S_prior_000.mat,pilot,0,abrupt,0.5,derived pilot,Online at 49.9 s; different training histories,NaN,49.9,rateLimited,clean,(dimensionless state)^2,0.45,10,1,29,29,0,-0.0906128550760674,0.0512178599040451,0.226313631723865,-0.0294911238064007,0.00244428249948622,0.0494396854711497,-0.120103978882468,0.052963584231154,0.230138185078344,0,0,0,0,0,0,-0.120103978882468,0.052963584231154,0.230138185078344,-0.000698558172377324,-0.000698558172377324,-2.00577401909818e-17,-2.00577401909818e-17,2.77555756156289e-17,2.28692090660924e-17,2.77555756156289e-17,2.28692090660924e-17,0,NaN
onlineCommonQueries,3,A,S,"Shared, prior-frozen",dimensionless state,study3_pilot_20260918/runs/abrupt_S_prior_000.mat,pilot,0,abrupt,0.5,derived pilot,Online at 49.9 s; different training histories,NaN,49.9,rateLimited,clean,(dimensionless state)^2,0.45,20,2,29,29,0,-0.133742571430917,0.0862630771265148,0.293705766246621,-0.0326613591402272,0.00288925501418458,0.0537517907997917,-0.166403930571145,0.0936991479170306,0.306103165480252,0,0,0,0,0,0,-0.166403930571145,0.0936991479170306,0.306103165480252,0.00454681577633128,0.00454681577633128,7.80625564189563e-18,7.80625564189563e-18,5.55111512312578e-17,3.64291929955129e-17,5.55111512312578e-17,3.64291929955129e-17,0,NaN
onlineCommonQueries,3,A,S,"Shared, prior-frozen",dimensionless state,study3_pilot_20260918/runs/abrupt_S_prior_000.mat,pilot,0,abrupt,0.5,derived pilot,Online at 55 s; different training histories,NaN,55,held,clean,(dimensionless state)^2,0.3,1,0.1,29,29,0,-0.0536412503164315,0.00873128361037311,0.0934413378027793,0,0,0,-0.0536412503164315,0.00873128361037311,0.0934413378027793,0,0,0,0,0,0,-0.0536412503164315,0.00873128361037311,0.0934413378027793,0,0,0,0,0,0,0,0,0,NaN
onlineCommonQueries,3,A,S,"Shared, prior-frozen",dimensionless state,study3_pilot_20260918/runs/abrupt_S_prior_000.mat,pilot,0,abrupt,0.5,derived pilot,Online at 55 s; different training histories,NaN,55,held,clean,(dimensionless state)^2,0.3,2,0.2,29,29,0,-0.0799280309891274,0.0172475552080027,0.131329947871773,-1.91417762866406e-18,5.31291019141306e-34,2.30497509561667e-17,-0.0799280309891275,0.0172475552080027,0.131329947871773,0,0,0,0,0,0,-0.0799280309891275,0.0172475552080027,0.131329947871773,3.33175934126907e-18,3.33175934126907e-18,1.37687610684549e-19,1.37687610684549e-19,0,1.56632966223725e-18,0,1.56632966223725e-18,0,NaN
onlineCommonQueries,3,A,S,"Shared, prior-frozen",dimensionless state,study3_pilot_20260918/runs/abrupt_S_prior_000.mat,pilot,0,abrupt,0.5,derived pilot,Online at 55 s; different training histories,NaN,55,held,clean,(dimensionless state)^2,0.3,5,0.5,29,29,0,-0.0997488091740036,0.0223959087257405,0.149652626858804,6.69962170032422e-18,1.23525161950354e-33,3.51461465811479e-17,-0.0997488091740036,0.0223959087257405,0.149652626858804,0,0,0,0,0,0,-0.0997488091740036,0.0223959087257405,0.149652626858804,-4.75912725470175e-19,-4.75912725470175e-19,4.75912725470174e-19,4.75912725470174e-19,0,1.67077179482237e-18,0,1.67077179482237e-18,0,NaN
onlineCommonQueries,3,A,S,"Shared, prior-frozen",dimensionless state,study3_pilot_20260918/runs/abrupt_S_prior_000.mat,pilot,0,abrupt,0.5,derived pilot,Online at 55 s; different training histories,NaN,55,held,clean,(dimensionless state)^2,0.3,10,1,29,29,0,-0.0992361866271591,0.0212291209882082,0.145702165351817,6.2210772931582e-18,1.01609407410775e-33,3.18762305504862e-17,-0.0992361866271591,0.0212291209882082,0.145702165351817,0,0,0,0,0,0,-0.0992361866271591,0.0212291209882082,0.145702165351817,4.99413372206775e-19,4.99413372206775e-19,-4.99413372206776e-19,-4.99413372206776e-19,0,4.40378542400906e-18,0,4.40378542400906e-18,0,NaN
onlineCommonQueries,3,A,S,"Shared, prior-frozen",dimensionless state,study3_pilot_20260918/runs/abrupt_S_prior_000.mat,pilot,0,abrupt,0.5,derived pilot,Online at 55 s; different training histories,NaN,55,held,clean,(dimensionless state)^2,0.3,20,2,29,29,0,-0.0983792439826519,0.0208786511347168,0.144494467488263,6.2210772931582e-18,1.33486868559253e-33,3.65358547948797e-17,-0.0983792439826519,0.0208786511347168,0.144494467488263,0,0,0,0,0,0,-0.0983792439826519,0.0208786511347168,0.144494467488263,1.41806300121029e-18,1.41806300121029e-18,2.05138395074332e-18,2.05138395074332e-18,0,4.07310960999661e-18,0,4.07310960999661e-18,0,NaN
onlineCommonQueries,3,A,S,"Shared, prior-frozen",dimensionless state,study3_pilot_20260918/runs/abrupt_S_prior_000.mat,pilot,0,abrupt,0.5,derived pilot,Online at 55 s; different training histories,NaN,55,rateLimited,clean,(dimensionless state)^2,0.3,1,0.1,29,29,0,-0.0536412503164315,0.00873128361037311,0.0934413378027793,0,0,0,-0.0536412503164315,0.00873128361037311,0.0934413378027793,0,0,0,0,0,0,-0.0536412503164315,0.00873128361037311,0.0934413378027793,0,0,0,0,0,0,0,0,0,NaN
onlineCommonQueries,3,A,S,"Shared, prior-frozen",dimensionless state,study3_pilot_20260918/runs/abrupt_S_prior_000.mat,pilot,0,abrupt,0.5,derived pilot,Online at 55 s; different training histories,NaN,55,rateLimited,clean,(dimensionless state)^2,0.3,2,0.2,29,29,0,-0.078089037216457,0.0158655837264807,0.12595865879915,-0.00191733317623702,9.06149829787762e-06,0.00301023226643354,-0.080006370392694,0.0162876035379863,0.127622895821973,0,0,0,0,0,0,-0.080006370392694,0.0162876035379863,0.127622895821973,0.00041295831320772,0.00041295831320772,3.46944695195361e-18,3.46944695195361e-18,0,4.33680868994202e-18,0,4.33680868994202e-18,0,NaN
onlineCommonQueries,3,A,S,"Shared, prior-frozen",dimensionless state,study3_pilot_20260918/runs/abrupt_S_prior_000.mat,pilot,0,abrupt,0.5,derived pilot,Online at 55 s; different training histories,NaN,55,rateLimited,clean,(dimensionless state)^2,0.3,5,0.5,29,29,0,-0.0916982145728436,0.0188206399058789,0.137188337353723,-0.0209873016674309,0.00119867048201404,0.0346218208939686,-0.112685516240275,0.0229958155505031,0.15164371253205,0,0,0,0,0,0,-0.112685516240275,0.0229958155505031,0.15164371253205,0.00297650516261015,0.00297650516261015,9.97465998686664e-18,9.97465998686664e-18,2.77555756156289e-17,8.67361737988404e-18,2.77555756156289e-17,8.67361737988404e-18,0,NaN
onlineCommonQueries,3,A,S,"Shared, prior-frozen",dimensionless state,study3_pilot_20260918/runs/abrupt_S_prior_000.mat,pilot,0,abrupt,0.5,derived pilot,Online at 55 s; different training histories,NaN,55,rateLimited,clean,(dimensionless state)^2,0.3,10,1,29,29,0,-0.0849002569639395,0.0153705417759441,0.123977989078482,-0.0294911238064007,0.00244428249948622,0.0494396854711497,-0.11439138077034,0.0199801548174526,0.141351175507856,0,0,0,0,0,0,-0.11439138077034,0.0199801548174526,0.141351175507856,0.00216533054202229,0.00216533054202229,-6.50521303491303e-18,-6.50521303491303e-18,2.77555756156289e-17,9.54097911787244e-18,2.77555756156289e-17,9.54097911787244e-18,0,NaN
onlineCommonQueries,3,A,S,"Shared, prior-frozen",dimensionless state,study3_pilot_20260918/runs/abrupt_S_prior_000.mat,pilot,0,abrupt,0.5,derived pilot,Online at 55 s; different training histories,NaN,55,rateLimited,clean,(dimensionless state)^2,0.3,20,2,29,29,0,-0.101706959357781,0.0230621902596092,0.151862405682279,-0.0326613591402272,0.00288925501418458,0.0537517907997917,-0.134368318498008,0.0308010248385745,0.175502207503423,0,0,0,0,0,0,-0.134368318498008,0.0308010248385745,0.175502207503423,0.00484957956478069,0.00484957956478069,8.67361737988404e-19,8.67361737988404e-19,1.38777878078145e-17,6.93889390390723e-18,1.38777878078145e-17,6.93889390390723e-18,0,NaN
onlineCommonQueries,3,A,S,"Shared, prior-frozen",dimensionless state,study3_pilot_20260918/runs/abrupt_S_prior_000.mat,pilot,0,abrupt,0.5,derived pilot,Online at 59.9 s; different training histories,NaN,59.9,held,clean,(dimensionless state)^2,0.3,1,0.1,29,29,0,-0.0536412503164315,0.00873128361037311,0.0934413378027793,0,0,0,-0.0536412503164315,0.00873128361037311,0.0934413378027793,0,0,0,0,0,0,-0.0536412503164315,0.00873128361037311,0.0934413378027793,0,0,0,0,0,0,0,0,0,NaN
onlineCommonQueries,3,A,S,"Shared, prior-frozen",dimensionless state,study3_pilot_20260918/runs/abrupt_S_prior_000.mat,pilot,0,abrupt,0.5,derived pilot,Online at 59.9 s; different training histories,NaN,59.9,held,clean,(dimensionless state)^2,0.3,2,0.2,29,29,0,-0.0799280309891274,0.0172475552080027,0.131329947871773,-1.91417762866406e-18,5.31291019141306e-34,2.30497509561667e-17,-0.0799280309891275,0.0172475552080027,0.131329947871773,0,0,0,0,0,0,-0.0799280309891275,0.0172475552080027,0.131329947871773,3.33175934126907e-18,3.33175934126907e-18,1.37687610684549e-19,1.37687610684549e-19,0,1.56632966223725e-18,0,1.56632966223725e-18,0,NaN
onlineCommonQueries,3,A,S,"Shared, prior-frozen",dimensionless state,study3_pilot_20260918/runs/abrupt_S_prior_000.mat,pilot,0,abrupt,0.5,derived pilot,Online at 59.9 s; different training histories,NaN,59.9,held,clean,(dimensionless state)^2,0.3,5,0.5,29,29,0,-0.0997488091740036,0.0223959087257405,0.149652626858804,6.69962170032422e-18,1.23525161950354e-33,3.51461465811479e-17,-0.0997488091740036,0.0223959087257405,0.149652626858804,0,0,0,0,0,0,-0.0997488091740036,0.0223959087257405,0.149652626858804,-4.75912725470175e-19,-4.75912725470175e-19,4.75912725470174e-19,4.75912725470174e-19,0,1.67077179482237e-18,0,1.67077179482237e-18,0,NaN
onlineCommonQueries,3,A,S,"Shared, prior-frozen",dimensionless state,study3_pilot_20260918/runs/abrupt_S_prior_000.mat,pilot,0,abrupt,0.5,derived pilot,Online at 59.9 s; different training histories,NaN,59.9,held,clean,(dimensionless state)^2,0.3,10,1,29,29,0,-0.0992361866271591,0.0212291209882082,0.145702165351817,6.2210772931582e-18,1.01609407410775e-33,3.18762305504862e-17,-0.0992361866271591,0.0212291209882082,0.145702165351817,0,0,0,0,0,0,-0.0992361866271591,0.0212291209882082,0.145702165351817,4.99413372206775e-19,4.99413372206775e-19,-4.99413372206776e-19,-4.99413372206776e-19,0,4.40378542400906e-18,0,4.40378542400906e-18,0,NaN
onlineCommonQueries,3,A,S,"Shared, prior-frozen",dimensionless state,study3_pilot_20260918/runs/abrupt_S_prior_000.mat,pilot,0,abrupt,0.5,derived pilot,Online at 59.9 s; different training histories,NaN,59.9,held,clean,(dimensionless state)^2,0.3,20,2,29,29,0,-0.0983792439826519,0.0208786511347168,0.144494467488263,6.2210772931582e-18,1.33486868559253e-33,3.65358547948797e-17,-0.0983792439826519,0.0208786511347168,0.144494467488263,0,0,0,0,0,0,-0.0983792439826519,0.0208786511347168,0.144494467488263,1.41806300121029e-18,1.41806300121029e-18,2.05138395074332e-18,2.05138395074332e-18,0,4.07310960999661e-18,0,4.07310960999661e-18,0,NaN
onlineCommonQueries,3,A,S,"Shared, prior-frozen",dimensionless state,study3_pilot_20260918/runs/abrupt_S_prior_000.mat,pilot,0,abrupt,0.5,derived pilot,Online at 59.9 s; different training histories,NaN,59.9,rateLimited,clean,(dimensionless state)^2,0.3,1,0.1,29,29,0,-0.0536412503164315,0.00873128361037311,0.0934413378027793,0,0,0,-0.0536412503164315,0.00873128361037311,0.0934413378027793,0,0,0,0,0,0,-0.0536412503164315,0.00873128361037311,0.0934413378027793,0,0,0,0,0,0,0,0,0,NaN
onlineCommonQueries,3,A,S,"Shared, prior-frozen",dimensionless state,study3_pilot_20260918/runs/abrupt_S_prior_000.mat,pilot,0,abrupt,0.5,derived pilot,Online at 59.9 s; different training histories,NaN,59.9,rateLimited,clean,(dimensionless state)^2,0.3,2,0.2,29,29,0,-0.078089037216457,0.0158655837264807,0.12595865879915,-0.00191733317623702,9.06149829787762e-06,0.00301023226643354,-0.080006370392694,0.0162876035379863,0.127622895821973,0,0,0,0,0,0,-0.080006370392694,0.0162876035379863,0.127622895821973,0.00041295831320772,0.00041295831320772,3.46944695195361e-18,3.46944695195361e-18,0,4.33680868994202e-18,0,4.33680868994202e-18,0,NaN
onlineCommonQueries,3,A,S,"Shared, prior-frozen",dimensionless state,study3_pilot_20260918/runs/abrupt_S_prior_000.mat,pilot,0,abrupt,0.5,derived pilot,Online at 59.9 s; different training histories,NaN,59.9,rateLimited,clean,(dimensionless state)^2,0.3,5,0.5,29,29,0,-0.0916982145728436,0.0188206399058789,0.137188337353723,-0.0209873016674309,0.00119867048201404,0.0346218208939686,-0.112685516240275,0.0229958155505031,0.15164371253205,0,0,0,0,0,0,-0.112685516240275,0.0229958155505031,0.15164371253205,0.00297650516261015,0.00297650516261015,9.97465998686664e-18,9.97465998686664e-18,2.77555756156289e-17,8.67361737988404e-18,2.77555756156289e-17,8.67361737988404e-18,0,NaN
onlineCommonQueries,3,A,S,"Shared, prior-frozen",dimensionless state,study3_pilot_20260918/runs/abrupt_S_prior_000.mat,pilot,0,abrupt,0.5,derived pilot,Online at 59.9 s; different training histories,NaN,59.9,rateLimited,clean,(dimensionless state)^2,0.3,10,1,29,29,0,-0.0849002569639395,0.0153705417759441,0.123977989078482,-0.0294911238064007,0.00244428249948622,0.0494396854711497,-0.11439138077034,0.0199801548174526,0.141351175507856,0,0,0,0,0,0,-0.11439138077034,0.0199801548174526,0.141351175507856,0.00216533054202229,0.00216533054202229,-6.50521303491303e-18,-6.50521303491303e-18,2.77555756156289e-17,9.54097911787244e-18,2.77555756156289e-17,9.54097911787244e-18,0,NaN
onlineCommonQueries,3,A,S,"Shared, prior-frozen",dimensionless state,study3_pilot_20260918/runs/abrupt_S_prior_000.mat,pilot,0,abrupt,0.5,derived pilot,Online at 59.9 s; different training histories,NaN,59.9,rateLimited,clean,(dimensionless state)^2,0.3,20,2,29,29,0,-0.101706959357781,0.0230621902596092,0.151862405682279,-0.0326613591402272,0.00288925501418458,0.0537517907997917,-0.134368318498008,0.0308010248385745,0.175502207503423,0,0,0,0,0,0,-0.134368318498008,0.0308010248385745,0.175502207503423,0.00484957956478069,0.00484957956478069,8.67361737988404e-19,8.67361737988404e-19,1.38777878078145e-17,6.93889390390723e-18,1.38777878078145e-17,6.93889390390723e-18,0,NaN
onlineCommonQueries,3,A,S,"Shared, prior-frozen",dimensionless state,study3_pilot_20260918/runs/abrupt_S_prior_000.mat,pilot,0,abrupt,0.5,derived pilot,Online at 95 s; different training histories,NaN,95,held,clean,(dimensionless state)^2,0.3,1,0.1,29,29,0,-0.0536412503164315,0.00873128361037311,0.0934413378027793,0,0,0,-0.0536412503164315,0.00873128361037311,0.0934413378027793,0,0,0,0,0,0,-0.0536412503164315,0.00873128361037311,0.0934413378027793,0,0,0,0,0,0,0,0,0,NaN
onlineCommonQueries,3,A,S,"Shared, prior-frozen",dimensionless state,study3_pilot_20260918/runs/abrupt_S_prior_000.mat,pilot,0,abrupt,0.5,derived pilot,Online at 95 s; different training histories,NaN,95,held,clean,(dimensionless state)^2,0.3,2,0.2,29,29,0,-0.0799280309891274,0.0172475552080027,0.131329947871773,-1.91417762866406e-18,5.31291019141306e-34,2.30497509561667e-17,-0.0799280309891275,0.0172475552080027,0.131329947871773,0,0,0,0,0,0,-0.0799280309891275,0.0172475552080027,0.131329947871773,3.33175934126907e-18,3.33175934126907e-18,1.37687610684549e-19,1.37687610684549e-19,0,1.56632966223725e-18,0,1.56632966223725e-18,0,NaN
onlineCommonQueries,3,A,S,"Shared, prior-frozen",dimensionless state,study3_pilot_20260918/runs/abrupt_S_prior_000.mat,pilot,0,abrupt,0.5,derived pilot,Online at 95 s; different training histories,NaN,95,held,clean,(dimensionless state)^2,0.3,5,0.5,29,29,0,-0.0997488091740036,0.0223959087257405,0.149652626858804,6.69962170032422e-18,1.23525161950354e-33,3.51461465811479e-17,-0.0997488091740036,0.0223959087257405,0.149652626858804,0,0,0,0,0,0,-0.0997488091740036,0.0223959087257405,0.149652626858804,-4.75912725470175e-19,-4.75912725470175e-19,4.75912725470174e-19,4.75912725470174e-19,0,1.67077179482237e-18,0,1.67077179482237e-18,0,NaN
onlineCommonQueries,3,A,S,"Shared, prior-frozen",dimensionless state,study3_pilot_20260918/runs/abrupt_S_prior_000.mat,pilot,0,abrupt,0.5,derived pilot,Online at 95 s; different training histories,NaN,95,held,clean,(dimensionless state)^2,0.3,10,1,29,29,0,-0.0992361866271591,0.0212291209882082,0.145702165351817,6.2210772931582e-18,1.01609407410775e-33,3.18762305504862e-17,-0.0992361866271591,0.0212291209882082,0.145702165351817,0,0,0,0,0,0,-0.0992361866271591,0.0212291209882082,0.145702165351817,4.99413372206775e-19,4.99413372206775e-19,-4.99413372206776e-19,-4.99413372206776e-19,0,4.40378542400906e-18,0,4.40378542400906e-18,0,NaN
onlineCommonQueries,3,A,S,"Shared, prior-frozen",dimensionless state,study3_pilot_20260918/runs/abrupt_S_prior_000.mat,pilot,0,abrupt,0.5,derived pilot,Online at 95 s; different training histories,NaN,95,held,clean,(dimensionless state)^2,0.3,20,2,29,29,0,-0.0983792439826519,0.0208786511347168,0.144494467488263,6.2210772931582e-18,1.33486868559253e-33,3.65358547948797e-17,-0.0983792439826519,0.0208786511347168,0.144494467488263,0,0,0,0,0,0,-0.0983792439826519,0.0208786511347168,0.144494467488263,1.41806300121029e-18,1.41806300121029e-18,2.05138395074332e-18,2.05138395074332e-18,0,4.07310960999661e-18,0,4.07310960999661e-18,0,NaN
onlineCommonQueries,3,A,S,"Shared, prior-frozen",dimensionless state,study3_pilot_20260918/runs/abrupt_S_prior_000.mat,pilot,0,abrupt,0.5,derived pilot,Online at 95 s; different training histories,NaN,95,rateLimited,clean,(dimensionless state)^2,0.3,1,0.1,29,29,0,-0.0536412503164315,0.00873128361037311,0.0934413378027793,0,0,0,-0.0536412503164315,0.00873128361037311,0.0934413378027793,0,0,0,0,0,0,-0.0536412503164315,0.00873128361037311,0.0934413378027793,0,0,0,0,0,0,0,0,0,NaN
onlineCommonQueries,3,A,S,"Shared, prior-frozen",dimensionless state,study3_pilot_20260918/runs/abrupt_S_prior_000.mat,pilot,0,abrupt,0.5,derived pilot,Online at 95 s; different training histories,NaN,95,rateLimited,clean,(dimensionless state)^2,0.3,2,0.2,29,29,0,-0.078089037216457,0.0158655837264807,0.12595865879915,-0.00191733317623702,9.06149829787762e-06,0.00301023226643354,-0.080006370392694,0.0162876035379863,0.127622895821973,0,0,0,0,0,0,-0.080006370392694,0.0162876035379863,0.127622895821973,0.00041295831320772,0.00041295831320772,3.46944695195361e-18,3.46944695195361e-18,0,4.33680868994202e-18,0,4.33680868994202e-18,0,NaN
onlineCommonQueries,3,A,S,"Shared, prior-frozen",dimensionless state,study3_pilot_20260918/runs/abrupt_S_prior_000.mat,pilot,0,abrupt,0.5,derived pilot,Online at 95 s; different training histories,NaN,95,rateLimited,clean,(dimensionless state)^2,0.3,5,0.5,29,29,0,-0.0916982145728436,0.0188206399058789,0.137188337353723,-0.0209873016674309,0.00119867048201404,0.0346218208939686,-0.112685516240275,0.0229958155505031,0.15164371253205,0,0,0,0,0,0,-0.112685516240275,0.0229958155505031,0.15164371253205,0.00297650516261015,0.00297650516261015,9.97465998686664e-18,9.97465998686664e-18,2.77555756156289e-17,8.67361737988404e-18,2.77555756156289e-17,8.67361737988404e-18,0,NaN
onlineCommonQueries,3,A,S,"Shared, prior-frozen",dimensionless state,study3_pilot_20260918/runs/abrupt_S_prior_000.mat,pilot,0,abrupt,0.5,derived pilot,Online at 95 s; different training histories,NaN,95,rateLimited,clean,(dimensionless state)^2,0.3,10,1,29,29,0,-0.0849002569639395,0.0153705417759441,0.123977989078482,-0.0294911238064007,0.00244428249948622,0.0494396854711497,-0.11439138077034,0.0199801548174526,0.141351175507856,0,0,0,0,0,0,-0.11439138077034,0.0199801548174526,0.141351175507856,0.00216533054202229,0.00216533054202229,-6.50521303491303e-18,-6.50521303491303e-18,2.77555756156289e-17,9.54097911787244e-18,2.77555756156289e-17,9.54097911787244e-18,0,NaN
onlineCommonQueries,3,A,S,"Shared, prior-frozen",dimensionless state,study3_pilot_20260918/runs/abrupt_S_prior_000.mat,pilot,0,abrupt,0.5,derived pilot,Online at 95 s; different training histories,NaN,95,rateLimited,clean,(dimensionless state)^2,0.3,20,2,29,29,0,-0.101706959357781,0.0230621902596092,0.151862405682279,-0.0326613591402272,0.00288925501418458,0.0537517907997917,-0.134368318498008,0.0308010248385745,0.175502207503423,0,0,0,0,0,0,-0.134368318498008,0.0308010248385745,0.175502207503423,0.00484957956478069,0.00484957956478069,8.67361737988404e-19,8.67361737988404e-19,1.38777878078145e-17,6.93889390390723e-18,1.38777878078145e-17,6.93889390390723e-18,0,NaN
onlineCommonQueries,3,A,K,"Known model",dimensionless state,study3_pilot_20260918/runs/abrupt_K_000.mat,pilot,0,abrupt,0.5,derived pilot,Online at 49.9 s; different training histories,NaN,49.9,held,clean,(dimensionless state)^2,0.45,1,0.1,29,29,0,2.39272203583008e-19,3.48659731311482e-35,5.90474158038675e-18,1.67490542508106e-18,3.48659731311482e-35,5.90474158038675e-18,1.91417762866406e-18,1.06258203828261e-34,1.03081620004859e-17,0,0,0,0,0,0,1.91417762866406e-18,1.06258203828261e-34,1.03081620004859e-17,3.65262575659648e-35,3.65262575659648e-35,5.34552942018439e-51,5.34552942018439e-51,0,0,0,0,0,NaN
onlineCommonQueries,3,A,K,"Known model",dimensionless state,study3_pilot_20260918/runs/abrupt_K_000.mat,pilot,0,abrupt,0.5,derived pilot,Online at 49.9 s; different training histories,NaN,49.9,held,clean,(dimensionless state)^2,0.45,2,0.2,29,29,0,1.43563322149805e-18,9.62964972193618e-34,3.10316769155909e-17,-1.14850657719844e-17,3.61277893016088e-33,6.01063967491055e-17,-1.00494325504863e-17,4.12414653608439e-33,6.42195183420461e-17,0,0,0,0,0,0,-1.00494325504863e-17,4.12414653608439e-33,6.42195183420461e-17,-4.5159736627011e-34,-4.5159736627011e-34,5.98699295060652e-49,5.98699295060652e-49,0,0,0,0,0,NaN
onlineCommonQueries,3,A,K,"Known model",dimensionless state,study3_pilot_20260918/runs/abrupt_K_000.mat,pilot,0,abrupt,0.5,derived pilot,Online at 49.9 s; different training histories,NaN,49.9,held,clean,(dimensionless state)^2,0.45,5,0.5,29,29,0,1.53134210293125e-17,2.01890587273696e-33,4.49322364537641e-17,-1.96203206938066e-17,1.45640150622111e-32,1.20681461137206e-16,-4.30689966449414e-18,1.50421769794382e-32,1.22646553067904e-16,0,0,0,0,0,0,-4.30689966449414e-18,1.50421769794382e-32,1.22646553067904e-16,-1.54074395550979e-33,-1.54074395550979e-33,0,0,0,0,0,0,0,NaN
onlineCommonQueries,3,A,K,"Known model",dimensionless state,study3_pilot_20260918/runs/abrupt_K_000.mat,pilot,0,abrupt,0.5,derived pilot,Online at 49.9 s; different training histories,NaN,49.9,held,clean,(dimensionless state)^2,0.45,10,1,29,29,0,1.14850657719844e-17,2.55019689187827e-33,5.0499474174275e-17,-6.2210772931582e-18,2.25068157983736e-32,1.50022717607613e-16,5.26398847882617e-18,2.56414328113073e-32,1.60129425188837e-16,0,0,0,0,0,0,5.26398847882617e-18,2.56414328113073e-32,1.60129425188837e-16,5.84420121055437e-34,5.84420121055437e-34,1.5395124730131e-48,1.5395124730131e-48,0,0,0,0,0,NaN
onlineCommonQueries,3,A,K,"Known model",dimensionless state,study3_pilot_20260918/runs/abrupt_K_000.mat,pilot,0,abrupt,0.5,derived pilot,Online at 49.9 s; different training histories,NaN,49.9,held,clean,(dimensionless state)^2,0.45,20,2,29,29,0,2.87126644299609e-18,8.23501079669025e-34,2.8696708516292e-17,-1.00494325504863e-17,2.09660718428638e-32,1.44796656877373e-16,-7.17816610749024e-18,2.08863781899926e-32,1.4452120325403e-16,0,0,0,0,0,0,-7.17816610749024e-18,2.08863781899926e-32,1.4452120325403e-16,-9.03194732540221e-34,-9.03194732540221e-34,-1.71056941445901e-49,-1.71056941445901e-49,0,0,0,0,0,NaN
onlineCommonQueries,3,A,K,"Known model",dimensionless state,study3_pilot_20260918/runs/abrupt_K_000.mat,pilot,0,abrupt,0.5,derived pilot,Online at 49.9 s; different training histories,NaN,49.9,rateLimited,clean,(dimensionless state)^2,0.45,1,0.1,29,29,0,2.39272203583008e-19,3.48659731311482e-35,5.90474158038675e-18,1.67490542508106e-18,3.48659731311482e-35,5.90474158038675e-18,1.91417762866406e-18,1.06258203828261e-34,1.03081620004859e-17,0,0,0,0,0,0,1.91417762866406e-18,1.06258203828261e-34,1.03081620004859e-17,3.65262575659648e-35,3.65262575659648e-35,5.34552942018439e-51,5.34552942018439e-51,0,0,0,0,0,NaN
onlineCommonQueries,3,A,K,"Known model",dimensionless state,study3_pilot_20260918/runs/abrupt_K_000.mat,pilot,0,abrupt,0.5,derived pilot,Online at 49.9 s; different training histories,NaN,49.9,rateLimited,clean,(dimensionless state)^2,0.45,2,0.2,29,29,0,2.87126644299609e-18,6.508314984481e-34,2.55113993823957e-17,-0.00176705391660353,6.37341935212812e-06,0.00252456320026418,-0.00176705391660353,6.37341935212811e-06,0.00252456320026418,0,0,0,0,0,0,-0.00176705391660353,6.37341935212811e-06,0.00252456320026418,-1.0691383127929e-20,-1.0691383127929e-20,5.26987760877356e-22,5.26987760877356e-22,0,9.96478813314232e-22,0,9.96478813314232e-22,0,NaN
onlineCommonQueries,3,A,K,"Known model",dimensionless state,study3_pilot_20260918/runs/abrupt_K_000.mat,pilot,0,abrupt,0.5,derived pilot,Online at 49.9 s; different training histories,NaN,49.9,rateLimited,clean,(dimensionless state)^2,0.45,5,0.5,29,29,0,2.58413979869648e-17,4.17063450025926e-33,6.45804498301092e-17,-0.0453088302349629,0.00470250507651461,0.0685748137184098,-0.0453088302349629,0.0047025050765146,0.0685748137184098,0,0,0,0,0,0,-0.0453088302349629,0.0047025050765146,0.0685748137184098,-2.16008981908401e-18,-2.16008981908401e-18,-4.41995394881204e-19,-4.41995394881204e-19,0,2.93800980579608e-18,0,2.93800980579608e-18,0,NaN
onlineCommonQueries,3,A,K,"Known model",dimensionless state,study3_pilot_20260918/runs/abrupt_K_000.mat,pilot,0,abrupt,0.5,derived pilot,Online at 49.9 s; different training histories,NaN,49.9,rateLimited,clean,(dimensionless state)^2,0.45,10,1,29,29,0,2.17737705260537e-17,1.88774340238645e-33,4.34481691488428e-17,-0.0824930313694846,0.0195763535035788,0.139915522739898,-0.0824930313694846,0.0195763535035788,0.139915522739898,0,0,0,0,0,0,-0.0824930313694846,0.0195763535035788,0.139915522739898,-4.85577208867662e-18,-4.85577208867662e-18,4.85577208867662e-18,4.85577208867662e-18,0,9.97498998123344e-18,0,9.97498998123344e-18,0,NaN
onlineCommonQueries,3,A,K,"Known model",dimensionless state,study3_pilot_20260918/runs/abrupt_K_000.mat,pilot,0,abrupt,0.5,derived pilot,Online at 49.9 s; different training histories,NaN,49.9,rateLimited,clean,(dimensionless state)^2,0.45,20,2,29,29,0,2.12952261188877e-17,2.18327403178381e-33,4.67255179937452e-17,-0.114196158262494,0.0294241584767514,0.171534715077594,-0.114196158262494,0.0294241584767514,0.171534715077594,0,0,0,0,0,0,-0.114196158262494,0.0294241584767514,0.171534715077594,-9.71704683151991e-18,-9.71704683151991e-18,-4.16074097629455e-18,-4.16074097629455e-18,0,6.90457584462979e-18,0,6.90457584462979e-18,0,NaN
onlineCommonQueries,3,A,K,"Known model",dimensionless state,study3_pilot_20260918/runs/abrupt_K_000.mat,pilot,0,abrupt,0.5,derived pilot,Online at 55 s; different training histories,NaN,55,held,clean,(dimensionless state)^2,0.3,1,0.1,29,29,0,0,4.6155907287901e-34,2.14839259186725e-17,7.17816610749024e-19,8.30142217408291e-36,2.88121886952083e-18,7.17816610749024e-19,4.53257650704927e-34,2.12898485364487e-17,0,0,0,0,0,0,7.17816610749024e-19,4.53257650704927e-34,2.12898485364487e-17,-1.66028443481658e-35,-1.66028443481658e-35,-5.34552942018439e-51,-5.34552942018439e-51,0,0,0,0,0,NaN
onlineCommonQueries,3,A,K,"Known model",dimensionless state,study3_pilot_20260918/runs/abrupt_K_000.mat,pilot,0,abrupt,0.5,derived pilot,Online at 55 s; different training histories,NaN,55,held,clean,(dimensionless state)^2,0.3,2,0.2,29,29,0,8.85307153257129e-18,1.23027076619909e-33,3.5075215839665e-17,2.87126644299609e-18,1.76322206977521e-33,4.19907379046286e-17,1.17243379755674e-17,3.50818101076744e-33,5.922989963496e-17,0,0,0,0,0,0,1.17243379755674e-17,3.50818101076744e-33,5.922989963496e-17,5.14688174793141e-34,5.14688174793141e-34,0,0,0,0,0,0,0,NaN
onlineCommonQueries,3,A,K,"Known model",dimensionless state,study3_pilot_20260918/runs/abrupt_K_000.mat,pilot,0,abrupt,0.5,derived pilot,Online at 55 s; different training histories,NaN,55,held,clean,(dimensionless state)^2,0.3,5,0.5,29,29,0,1.91417762866406e-17,2.88225377884159e-33,5.36866256980413e-17,2.87126644299609e-18,6.84037187144432e-33,8.27065406811597e-17,2.20130427296367e-17,7.30525151319296e-33,8.54707640845275e-17,0,0,0,0,0,0,2.20130427296367e-17,7.30525151319296e-33,8.54707640845275e-17,-2.41737413709294e-33,-2.41737413709294e-33,3.42113882891801e-49,3.42113882891801e-49,0,0,0,0,0,NaN
onlineCommonQueries,3,A,K,"Known model",dimensionless state,study3_pilot_20260918/runs/abrupt_K_000.mat,pilot,0,abrupt,0.5,derived pilot,Online at 55 s; different training histories,NaN,55,held,clean,(dimensionless state)^2,0.3,10,1,29,29,0,7.17816610749024e-18,6.17625809751769e-34,2.48520785801061e-17,8.61379932898828e-18,8.71317271391743e-33,9.33443769807128e-17,1.57919654364785e-17,7.40486857928196e-33,8.60515460598005e-17,0,0,0,0,0,0,1.57919654364785e-17,7.40486857928196e-33,8.60515460598005e-17,-1.92592994438724e-33,-1.92592994438724e-33,1.3684555315672e-48,1.3684555315672e-48,0,0,0,0,0,NaN
onlineCommonQueries,3,A,K,"Known model",dimensionless state,study3_pilot_20260918/runs/abrupt_K_000.mat,pilot,0,abrupt,0.5,derived pilot,Online at 55 s; different training histories,NaN,55,held,clean,(dimensionless state)^2,0.3,20,2,29,29,0,2.20130427296367e-17,3.08148791101958e-33,5.55111512312578e-17,6.2210772931582e-18,1.10574943358784e-32,1.05154621086657e-16,2.82341200227949e-17,1.02207109807309e-32,1.01097532020969e-16,0,0,0,0,0,0,2.82341200227949e-17,1.02207109807309e-32,1.01097532020969e-16,-3.91827126616714e-33,-3.91827126616714e-33,0,0,0,0,0,0,0,NaN
onlineCommonQueries,3,A,K,"Known model",dimensionless state,study3_pilot_20260918/runs/abrupt_K_000.mat,pilot,0,abrupt,0.5,derived pilot,Online at 55 s; different training histories,NaN,55,rateLimited,clean,(dimensionless state)^2,0.3,1,0.1,29,29,0,0,4.6155907287901e-34,2.14839259186725e-17,7.17816610749024e-19,8.30142217408291e-36,2.88121886952083e-18,7.17816610749024e-19,4.53257650704927e-34,2.12898485364487e-17,0,0,0,0,0,0,7.17816610749024e-19,4.53257650704927e-34,2.12898485364487e-17,-1.66028443481658e-35,-1.66028443481658e-35,-5.34552942018439e-51,-5.34552942018439e-51,0,0,0,0,0,NaN
onlineCommonQueries,3,A,K,"Known model",dimensionless state,study3_pilot_20260918/runs/abrupt_K_000.mat,pilot,0,abrupt,0.5,derived pilot,Online at 55 s; different training histories,NaN,55,rateLimited,clean,(dimensionless state)^2,0.3,2,0.2,29,29,0,6.46034949674121e-18,1.02439549628183e-33,3.20061790328341e-17,-0.00139914617234214,3.98150860327538e-06,0.0019953717957502,-0.00139914617234213,3.98150860327539e-06,0.0019953717957502,0,0,0,0,0,0,-0.00139914617234213,3.98150860327539e-06,0.0019953717957502,8.46709130731601e-21,8.46709130731601e-21,3.23816522699276e-24,3.23816522699276e-24,0,7.22168649624186e-22,0,7.22168649624186e-22,0,NaN
onlineCommonQueries,3,A,K,"Known model",dimensionless state,study3_pilot_20260918/runs/abrupt_K_000.mat,pilot,0,abrupt,0.5,derived pilot,Online at 55 s; different training histories,NaN,55,rateLimited,clean,(dimensionless state)^2,0.3,5,0.5,29,29,0,1.43563322149805e-17,2.36424503517881e-33,4.86235029093834e-17,-0.0264412428542601,0.0016816022508774,0.0410073438651835,-0.0264412428542601,0.0016816022508774,0.0410073438651835,0,0,0,0,0,0,-0.0264412428542601,0.0016816022508774,0.0410073438651835,6.2194496445345e-20,6.2194496445345e-20,-6.2194496445345e-20,-6.2194496445345e-20,0,8.39079521350518e-19,0,8.39079521350518e-19,0,NaN
onlineCommonQueries,3,A,K,"Known model",dimensionless state,study3_pilot_20260918/runs/abrupt_K_000.mat,pilot,0,abrupt,0.5,derived pilot,Online at 55 s; different training histories,NaN,55,rateLimited,clean,(dimensionless state)^2,0.3,10,1,29,29,0,5.74253288599219e-18,6.87357756014065e-34,2.6217508577553e-17,-0.0478988063490696,0.00641059492991211,0.0800661909292062,-0.0478988063490696,0.00641059492991211,0.0800661909292062,0,0,0,0,0,0,-0.0478988063490696,0.00641059492991211,0.0800661909292062,-1.02728537125148e-18,-1.02728537125148e-18,1.02728537125148e-18,1.02728537125148e-18,0,9.83314093754502e-19,0,9.83314093754502e-19,0,NaN
onlineCommonQueries,3,A,K,"Known model",dimensionless state,study3_pilot_20260918/runs/abrupt_K_000.mat,pilot,0,abrupt,0.5,derived pilot,Online at 55 s; different training histories,NaN,55,rateLimited,clean,(dimensionless state)^2,0.3,20,2,29,29,0,2.12952261188877e-17,2.87727292553714e-33,5.36402174262664e-17,-0.0631142661161695,0.0092639116640399,0.0962492164333814,-0.0631142661161695,0.00926391166403989,0.0962492164333814,0,0,0,0,0,0,-0.0631142661161695,0.00926391166403989,0.0962492164333814,-2.68893748956514e-18,-2.68893748956514e-18,-7.80509462388478e-19,-7.80509462388478e-19,0,1.93104890989298e-18,0,1.93104890989298e-18,0,NaN
onlineCommonQueries,3,A,K,"Known model",dimensionless state,study3_pilot_20260918/runs/abrupt_K_000.mat,pilot,0,abrupt,0.5,derived pilot,Online at 59.9 s; different training histories,NaN,59.9,held,clean,(dimensionless state)^2,0.3,1,0.1,29,29,0,0,4.6155907287901e-34,2.14839259186725e-17,7.17816610749024e-19,8.30142217408291e-36,2.88121886952083e-18,7.17816610749024e-19,4.53257650704927e-34,2.12898485364487e-17,0,0,0,0,0,0,7.17816610749024e-19,4.53257650704927e-34,2.12898485364487e-17,-1.66028443481658e-35,-1.66028443481658e-35,-5.34552942018439e-51,-5.34552942018439e-51,0,0,0,0,0,NaN
onlineCommonQueries,3,A,K,"Known model",dimensionless state,study3_pilot_20260918/runs/abrupt_K_000.mat,pilot,0,abrupt,0.5,derived pilot,Online at 59.9 s; different training histories,NaN,59.9,held,clean,(dimensionless state)^2,0.3,2,0.2,29,29,0,8.85307153257129e-18,1.23027076619909e-33,3.5075215839665e-17,2.87126644299609e-18,1.76322206977521e-33,4.19907379046286e-17,1.17243379755674e-17,3.50818101076744e-33,5.922989963496e-17,0,0,0,0,0,0,1.17243379755674e-17,3.50818101076744e-33,5.922989963496e-17,5.14688174793141e-34,5.14688174793141e-34,0,0,0,0,0,0,0,NaN
onlineCommonQueries,3,A,K,"Known model",dimensionless state,study3_pilot_20260918/runs/abrupt_K_000.mat,pilot,0,abrupt,0.5,derived pilot,Online at 59.9 s; different training histories,NaN,59.9,held,clean,(dimensionless state)^2,0.3,5,0.5,29,29,0,1.91417762866406e-17,2.88225377884159e-33,5.36866256980413e-17,2.87126644299609e-18,6.84037187144432e-33,8.27065406811597e-17,2.20130427296367e-17,7.30525151319296e-33,8.54707640845275e-17,0,0,0,0,0,0,2.20130427296367e-17,7.30525151319296e-33,8.54707640845275e-17,-2.41737413709294e-33,-2.41737413709294e-33,3.42113882891801e-49,3.42113882891801e-49,0,0,0,0,0,NaN
onlineCommonQueries,3,A,K,"Known model",dimensionless state,study3_pilot_20260918/runs/abrupt_K_000.mat,pilot,0,abrupt,0.5,derived pilot,Online at 59.9 s; different training histories,NaN,59.9,held,clean,(dimensionless state)^2,0.3,10,1,29,29,0,7.17816610749024e-18,6.17625809751769e-34,2.48520785801061e-17,8.61379932898828e-18,8.71317271391743e-33,9.33443769807128e-17,1.57919654364785e-17,7.40486857928196e-33,8.60515460598005e-17,0,0,0,0,0,0,1.57919654364785e-17,7.40486857928196e-33,8.60515460598005e-17,-1.92592994438724e-33,-1.92592994438724e-33,1.3684555315672e-48,1.3684555315672e-48,0,0,0,0,0,NaN
onlineCommonQueries,3,A,K,"Known model",dimensionless state,study3_pilot_20260918/runs/abrupt_K_000.mat,pilot,0,abrupt,0.5,derived pilot,Online at 59.9 s; different training histories,NaN,59.9,held,clean,(dimensionless state)^2,0.3,20,2,29,29,0,2.20130427296367e-17,3.08148791101958e-33,5.55111512312578e-17,6.2210772931582e-18,1.10574943358784e-32,1.05154621086657e-16,2.82341200227949e-17,1.02207109807309e-32,1.01097532020969e-16,0,0,0,0,0,0,2.82341200227949e-17,1.02207109807309e-32,1.01097532020969e-16,-3.91827126616714e-33,-3.91827126616714e-33,0,0,0,0,0,0,0,NaN
onlineCommonQueries,3,A,K,"Known model",dimensionless state,study3_pilot_20260918/runs/abrupt_K_000.mat,pilot,0,abrupt,0.5,derived pilot,Online at 59.9 s; different training histories,NaN,59.9,rateLimited,clean,(dimensionless state)^2,0.3,1,0.1,29,29,0,0,4.6155907287901e-34,2.14839259186725e-17,7.17816610749024e-19,8.30142217408291e-36,2.88121886952083e-18,7.17816610749024e-19,4.53257650704927e-34,2.12898485364487e-17,0,0,0,0,0,0,7.17816610749024e-19,4.53257650704927e-34,2.12898485364487e-17,-1.66028443481658e-35,-1.66028443481658e-35,-5.34552942018439e-51,-5.34552942018439e-51,0,0,0,0,0,NaN
onlineCommonQueries,3,A,K,"Known model",dimensionless state,study3_pilot_20260918/runs/abrupt_K_000.mat,pilot,0,abrupt,0.5,derived pilot,Online at 59.9 s; different training histories,NaN,59.9,rateLimited,clean,(dimensionless state)^2,0.3,2,0.2,29,29,0,6.46034949674121e-18,1.02439549628183e-33,3.20061790328341e-17,-0.00139914617234214,3.98150860327538e-06,0.0019953717957502,-0.00139914617234213,3.98150860327539e-06,0.0019953717957502,0,0,0,0,0,0,-0.00139914617234213,3.98150860327539e-06,0.0019953717957502,8.46709130731601e-21,8.46709130731601e-21,3.23816522699276e-24,3.23816522699276e-24,0,7.22168649624186e-22,0,7.22168649624186e-22,0,NaN
onlineCommonQueries,3,A,K,"Known model",dimensionless state,study3_pilot_20260918/runs/abrupt_K_000.mat,pilot,0,abrupt,0.5,derived pilot,Online at 59.9 s; different training histories,NaN,59.9,rateLimited,clean,(dimensionless state)^2,0.3,5,0.5,29,29,0,1.43563322149805e-17,2.36424503517881e-33,4.86235029093834e-17,-0.0264412428542601,0.0016816022508774,0.0410073438651835,-0.0264412428542601,0.0016816022508774,0.0410073438651835,0,0,0,0,0,0,-0.0264412428542601,0.0016816022508774,0.0410073438651835,6.2194496445345e-20,6.2194496445345e-20,-6.2194496445345e-20,-6.2194496445345e-20,0,8.39079521350518e-19,0,8.39079521350518e-19,0,NaN
onlineCommonQueries,3,A,K,"Known model",dimensionless state,study3_pilot_20260918/runs/abrupt_K_000.mat,pilot,0,abrupt,0.5,derived pilot,Online at 59.9 s; different training histories,NaN,59.9,rateLimited,clean,(dimensionless state)^2,0.3,10,1,29,29,0,5.74253288599219e-18,6.87357756014065e-34,2.6217508577553e-17,-0.0478988063490696,0.00641059492991211,0.0800661909292062,-0.0478988063490696,0.00641059492991211,0.0800661909292062,0,0,0,0,0,0,-0.0478988063490696,0.00641059492991211,0.0800661909292062,-1.02728537125148e-18,-1.02728537125148e-18,1.02728537125148e-18,1.02728537125148e-18,0,9.83314093754502e-19,0,9.83314093754502e-19,0,NaN
onlineCommonQueries,3,A,K,"Known model",dimensionless state,study3_pilot_20260918/runs/abrupt_K_000.mat,pilot,0,abrupt,0.5,derived pilot,Online at 59.9 s; different training histories,NaN,59.9,rateLimited,clean,(dimensionless state)^2,0.3,20,2,29,29,0,2.12952261188877e-17,2.87727292553714e-33,5.36402174262664e-17,-0.0631142661161695,0.0092639116640399,0.0962492164333814,-0.0631142661161695,0.00926391166403989,0.0962492164333814,0,0,0,0,0,0,-0.0631142661161695,0.00926391166403989,0.0962492164333814,-2.68893748956514e-18,-2.68893748956514e-18,-7.80509462388478e-19,-7.80509462388478e-19,0,1.93104890989298e-18,0,1.93104890989298e-18,0,NaN
onlineCommonQueries,3,A,K,"Known model",dimensionless state,study3_pilot_20260918/runs/abrupt_K_000.mat,pilot,0,abrupt,0.5,derived pilot,Online at 95 s; different training histories,NaN,95,held,clean,(dimensionless state)^2,0.3,1,0.1,29,29,0,0,4.6155907287901e-34,2.14839259186725e-17,7.17816610749024e-19,8.30142217408291e-36,2.88121886952083e-18,7.17816610749024e-19,4.53257650704927e-34,2.12898485364487e-17,0,0,0,0,0,0,7.17816610749024e-19,4.53257650704927e-34,2.12898485364487e-17,-1.66028443481658e-35,-1.66028443481658e-35,-5.34552942018439e-51,-5.34552942018439e-51,0,0,0,0,0,NaN
onlineCommonQueries,3,A,K,"Known model",dimensionless state,study3_pilot_20260918/runs/abrupt_K_000.mat,pilot,0,abrupt,0.5,derived pilot,Online at 95 s; different training histories,NaN,95,held,clean,(dimensionless state)^2,0.3,2,0.2,29,29,0,8.85307153257129e-18,1.23027076619909e-33,3.5075215839665e-17,2.87126644299609e-18,1.76322206977521e-33,4.19907379046286e-17,1.17243379755674e-17,3.50818101076744e-33,5.922989963496e-17,0,0,0,0,0,0,1.17243379755674e-17,3.50818101076744e-33,5.922989963496e-17,5.14688174793141e-34,5.14688174793141e-34,0,0,0,0,0,0,0,NaN
onlineCommonQueries,3,A,K,"Known model",dimensionless state,study3_pilot_20260918/runs/abrupt_K_000.mat,pilot,0,abrupt,0.5,derived pilot,Online at 95 s; different training histories,NaN,95,held,clean,(dimensionless state)^2,0.3,5,0.5,29,29,0,1.91417762866406e-17,2.88225377884159e-33,5.36866256980413e-17,2.87126644299609e-18,6.84037187144432e-33,8.27065406811597e-17,2.20130427296367e-17,7.30525151319296e-33,8.54707640845275e-17,0,0,0,0,0,0,2.20130427296367e-17,7.30525151319296e-33,8.54707640845275e-17,-2.41737413709294e-33,-2.41737413709294e-33,3.42113882891801e-49,3.42113882891801e-49,0,0,0,0,0,NaN
onlineCommonQueries,3,A,K,"Known model",dimensionless state,study3_pilot_20260918/runs/abrupt_K_000.mat,pilot,0,abrupt,0.5,derived pilot,Online at 95 s; different training histories,NaN,95,held,clean,(dimensionless state)^2,0.3,10,1,29,29,0,7.17816610749024e-18,6.17625809751769e-34,2.48520785801061e-17,8.61379932898828e-18,8.71317271391743e-33,9.33443769807128e-17,1.57919654364785e-17,7.40486857928196e-33,8.60515460598005e-17,0,0,0,0,0,0,1.57919654364785e-17,7.40486857928196e-33,8.60515460598005e-17,-1.92592994438724e-33,-1.92592994438724e-33,1.3684555315672e-48,1.3684555315672e-48,0,0,0,0,0,NaN
onlineCommonQueries,3,A,K,"Known model",dimensionless state,study3_pilot_20260918/runs/abrupt_K_000.mat,pilot,0,abrupt,0.5,derived pilot,Online at 95 s; different training histories,NaN,95,held,clean,(dimensionless state)^2,0.3,20,2,29,29,0,2.20130427296367e-17,3.08148791101958e-33,5.55111512312578e-17,6.2210772931582e-18,1.10574943358784e-32,1.05154621086657e-16,2.82341200227949e-17,1.02207109807309e-32,1.01097532020969e-16,0,0,0,0,0,0,2.82341200227949e-17,1.02207109807309e-32,1.01097532020969e-16,-3.91827126616714e-33,-3.91827126616714e-33,0,0,0,0,0,0,0,NaN
onlineCommonQueries,3,A,K,"Known model",dimensionless state,study3_pilot_20260918/runs/abrupt_K_000.mat,pilot,0,abrupt,0.5,derived pilot,Online at 95 s; different training histories,NaN,95,rateLimited,clean,(dimensionless state)^2,0.3,1,0.1,29,29,0,0,4.6155907287901e-34,2.14839259186725e-17,7.17816610749024e-19,8.30142217408291e-36,2.88121886952083e-18,7.17816610749024e-19,4.53257650704927e-34,2.12898485364487e-17,0,0,0,0,0,0,7.17816610749024e-19,4.53257650704927e-34,2.12898485364487e-17,-1.66028443481658e-35,-1.66028443481658e-35,-5.34552942018439e-51,-5.34552942018439e-51,0,0,0,0,0,NaN
onlineCommonQueries,3,A,K,"Known model",dimensionless state,study3_pilot_20260918/runs/abrupt_K_000.mat,pilot,0,abrupt,0.5,derived pilot,Online at 95 s; different training histories,NaN,95,rateLimited,clean,(dimensionless state)^2,0.3,2,0.2,29,29,0,6.46034949674121e-18,1.02439549628183e-33,3.20061790328341e-17,-0.00139914617234214,3.98150860327538e-06,0.0019953717957502,-0.00139914617234213,3.98150860327539e-06,0.0019953717957502,0,0,0,0,0,0,-0.00139914617234213,3.98150860327539e-06,0.0019953717957502,8.46709130731601e-21,8.46709130731601e-21,3.23816522699276e-24,3.23816522699276e-24,0,7.22168649624186e-22,0,7.22168649624186e-22,0,NaN
onlineCommonQueries,3,A,K,"Known model",dimensionless state,study3_pilot_20260918/runs/abrupt_K_000.mat,pilot,0,abrupt,0.5,derived pilot,Online at 95 s; different training histories,NaN,95,rateLimited,clean,(dimensionless state)^2,0.3,5,0.5,29,29,0,1.43563322149805e-17,2.36424503517881e-33,4.86235029093834e-17,-0.0264412428542601,0.0016816022508774,0.0410073438651835,-0.0264412428542601,0.0016816022508774,0.0410073438651835,0,0,0,0,0,0,-0.0264412428542601,0.0016816022508774,0.0410073438651835,6.2194496445345e-20,6.2194496445345e-20,-6.2194496445345e-20,-6.2194496445345e-20,0,8.39079521350518e-19,0,8.39079521350518e-19,0,NaN
onlineCommonQueries,3,A,K,"Known model",dimensionless state,study3_pilot_20260918/runs/abrupt_K_000.mat,pilot,0,abrupt,0.5,derived pilot,Online at 95 s; different training histories,NaN,95,rateLimited,clean,(dimensionless state)^2,0.3,10,1,29,29,0,5.74253288599219e-18,6.87357756014065e-34,2.6217508577553e-17,-0.0478988063490696,0.00641059492991211,0.0800661909292062,-0.0478988063490696,0.00641059492991211,0.0800661909292062,0,0,0,0,0,0,-0.0478988063490696,0.00641059492991211,0.0800661909292062,-1.02728537125148e-18,-1.02728537125148e-18,1.02728537125148e-18,1.02728537125148e-18,0,9.83314093754502e-19,0,9.83314093754502e-19,0,NaN
onlineCommonQueries,3,A,K,"Known model",dimensionless state,study3_pilot_20260918/runs/abrupt_K_000.mat,pilot,0,abrupt,0.5,derived pilot,Online at 95 s; different training histories,NaN,95,rateLimited,clean,(dimensionless state)^2,0.3,20,2,29,29,0,2.12952261188877e-17,2.87727292553714e-33,5.36402174262664e-17,-0.0631142661161695,0.0092639116640399,0.0962492164333814,-0.0631142661161695,0.00926391166403989,0.0962492164333814,0,0,0,0,0,0,-0.0631142661161695,0.00926391166403989,0.0962492164333814,-2.68893748956514e-18,-2.68893748956514e-18,-7.80509462388478e-19,-7.80509462388478e-19,0,1.93104890989298e-18,0,1.93104890989298e-18,0,NaN
onlineCommonQueries,3,A,A,"Affine, no forgetting",dimensionless state,study3_pilot_20260918/runs/drift_A_none_000.mat,pilot,0,drift,0.5,derived pilot,Online at 49.9 s; different training histories,NaN,49.9,held,clean,(dimensionless state)^2,0.45,1,0.1,29,29,0,0.0158244123854145,0.000441079485163848,0.0210018924186333,-1.67490542508106e-18,5.36271872445756e-34,2.31575446117622e-17,0.0158244123854145,0.000441079485163848,0.0210018924186333,0,0,0,0,0,0,0.0158244123854145,0.000441079485163848,0.0210018924186333,8.08488751679638e-20,8.08488751679638e-20,8.17814507048614e-20,8.17814507048614e-20,0,8.47615369263552e-20,0,8.47615369263552e-20,0,NaN
onlineCommonQueries,3,A,A,"Affine, no forgetting",dimensionless state,study3_pilot_20260918/runs/drift_A_none_000.mat,pilot,0,drift,0.5,derived pilot,Online at 49.9 s; different training histories,NaN,49.9,held,clean,(dimensionless state)^2,0.45,2,0.2,29,29,0,0.0259548607583273,0.00114861127122847,0.0338911680416664,1.50741488257295e-17,3.27242062102348e-33,5.72050751334485e-17,0.0259548607583273,0.00114861127122847,0.0338911680416665,0,0,0,0,0,0,0.0259548607583273,0.00114861127122847,0.0338911680416665,9.20232011418907e-19,9.20232011418907e-19,1.63970161066594e-19,1.63970161066594e-19,0,1.61078132344941e-19,0,1.61078132344941e-19,0,NaN
onlineCommonQueries,3,A,A,"Affine, no forgetting",dimensionless state,study3_pilot_20260918/runs/drift_A_none_000.mat,pilot,0,drift,0.5,derived pilot,Online at 49.9 s; different training histories,NaN,49.9,held,clean,(dimensionless state)^2,0.45,5,0.5,29,29,0,0.0390497634813986,0.00274672782561583,0.0524092341636073,1.24421545863164e-17,5.23321653854187e-33,7.23409741332108e-17,0.0390497634813986,0.00274672782561583,0.0524092341636073,0,0,0,0,0,0,0.0390497634813986,0.00274672782561583,0.0524092341636073,1.24901558698144e-18,1.24901558698144e-18,-3.81653848993043e-19,-3.81653848993043e-19,0,2.21836822438083e-19,0,2.21836822438083e-19,0,NaN
onlineCommonQueries,3,A,A,"Affine, no forgetting",dimensionless state,study3_pilot_20260918/runs/drift_A_none_000.mat,pilot,0,drift,0.5,derived pilot,Online at 49.9 s; different training histories,NaN,49.9,held,clean,(dimensionless state)^2,0.45,10,1,29,29,0,0.0427379741005987,0.0038325751129655,0.0619077952520157,2.39272203583008e-17,5.87076576151144e-33,7.66209224788598e-17,0.0427379741005988,0.0038325751129655,0.0619077952520157,0,0,0,0,0,0,0.0427379741005988,0.0038325751129655,0.0619077952520157,1.72522418082765e-18,1.72522418082765e-18,9.49929514914775e-21,9.49929514914775e-21,0,4.1221585657162e-19,0,4.1221585657162e-19,0,NaN
onlineCommonQueries,3,A,A,"Affine, no forgetting",dimensionless state,study3_pilot_20260918/runs/drift_A_none_000.mat,pilot,0,drift,0.5,derived pilot,Online at 49.9 s; different training histories,NaN,49.9,held,clean,(dimensionless state)^2,0.45,20,2,29,29,0,0.0428626329247721,0.00416348654931398,0.0645250846517382,7.65671051465625e-18,4.6753609684435e-33,6.8376611267622e-17,0.0428626329247721,0.00416348654931398,0.0645250846517382,0,0,0,0,0,0,0.0428626329247721,0.00416348654931398,0.0645250846517382,7.12203045134818e-19,7.12203045134818e-19,1.55158692853581e-19,1.55158692853581e-19,0,4.37928458741193e-19,0,4.37928458741193e-19,0,NaN
onlineCommonQueries,3,A,A,"Affine, no forgetting",dimensionless state,study3_pilot_20260918/runs/drift_A_none_000.mat,pilot,0,drift,0.5,derived pilot,Online at 49.9 s; different training histories,NaN,49.9,rateLimited,clean,(dimensionless state)^2,0.45,1,0.1,29,29,0,0.0158244123854145,0.000441079485163848,0.0210018924186333,-1.67490542508106e-18,5.36271872445756e-34,2.31575446117622e-17,0.0158244123854145,0.000441079485163848,0.0210018924186333,0,0,0,0,0,0,0.0158244123854145,0.000441079485163848,0.0210018924186333,8.08488751679638e-20,8.08488751679638e-20,8.17814507048614e-20,8.17814507048614e-20,0,8.47615369263552e-20,0,8.47615369263552e-20,0,NaN
onlineCommonQueries,3,A,A,"Affine, no forgetting",dimensionless state,study3_pilot_20260918/runs/drift_A_none_000.mat,pilot,0,drift,0.5,derived pilot,Online at 49.9 s; different training histories,NaN,49.9,rateLimited,clean,(dimensionless state)^2,0.45,2,0.2,29,29,0,0.0323223509740849,0.00156600170725409,0.0395727394459126,1.43563322149805e-18,1.99566189064953e-33,4.46728316838046e-17,0.0323223509740849,0.00156600170725409,0.0395727394459126,0,0,0,0,0,0,0.0323223509740849,0.00156600170725409,0.0395727394459126,2.91994938368917e-19,2.91994938368917e-19,-2.91994938368919e-19,-2.91994938368919e-19,0,5.71081416539975e-19,0,5.71081416539975e-19,0,NaN
onlineCommonQueries,3,A,A,"Affine, no forgetting",dimensionless state,study3_pilot_20260918/runs/drift_A_none_000.mat,pilot,0,drift,0.5,derived pilot,Online at 49.9 s; different training histories,NaN,49.9,rateLimited,clean,(dimensionless state)^2,0.45,5,0.5,29,29,0,0.0411780723798368,0.00348157309416861,0.059004856530362,7.17816610749024e-18,7.04624714136158e-33,8.39419271958988e-17,0.0411780723798368,0.00348157309416861,0.059004856530362,0,0,0,0,0,0,0.0411780723798368,0.00348157309416861,0.059004856530362,-1.13715375142917e-18,-1.13715375142917e-18,-1.03125059354184e-18,-1.03125059354184e-18,0,4.75831337209629e-19,0,4.75831337209629e-19,0,NaN
onlineCommonQueries,3,A,A,"Affine, no forgetting",dimensionless state,study3_pilot_20260918/runs/drift_A_none_000.mat,pilot,0,drift,0.5,derived pilot,Online at 49.9 s; different training histories,NaN,49.9,rateLimited,clean,(dimensionless state)^2,0.45,10,1,29,29,0,0.0518077072807657,0.00425837709333876,0.0652562417960057,7.17816610749024e-19,1.18262060291985e-32,1.08748361041436e-16,0.0518077072807657,0.00425837709333876,0.0652562417960057,0,0,0,0,0,0,0.0518077072807657,0.00425837709333876,0.0652562417960057,2.15198171959978e-19,2.15198171959978e-19,6.52163566028414e-19,6.52163566028414e-19,1.38777878078145e-17,3.12254575983488e-18,1.38777878078145e-17,3.12254575983488e-18,0,NaN
onlineCommonQueries,3,A,A,"Affine, no forgetting",dimensionless state,study3_pilot_20260918/runs/drift_A_none_000.mat,pilot,0,drift,0.5,derived pilot,Online at 49.9 s; different training histories,NaN,49.9,rateLimited,clean,(dimensionless state)^2,0.45,20,2,29,29,0,0.0344409930832067,0.00410252381980966,0.0640509470641119,-6.93889390390723e-18,9.62466886863173e-33,9.81053967355096e-17,0.0344409930832067,0.00410252381980966,0.0640509470641119,0,0,0,0,0,0,0.0344409930832067,0.00410252381980966,0.0640509470641119,-1.47420202629337e-18,-1.47420202629337e-18,6.06840288304959e-19,6.06840288304959e-19,6.93889390390723e-18,6.81003665499602e-19,6.93889390390723e-18,6.81003665499602e-19,0,NaN
onlineCommonQueries,3,A,A,"Affine, no forgetting",dimensionless state,study3_pilot_20260918/runs/drift_A_none_000.mat,pilot,0,drift,0.5,derived pilot,Online at 55 s; different training histories,NaN,55,held,clean,(dimensionless state)^2,0.43125,1,0.1,29,29,0,0.0171422835446668,0.000460542203304391,0.0214602470466766,-7.17816610749024e-19,8.30142217408291e-36,2.88121886952083e-18,0.0171422835446668,0.000460542203304391,0.0214602470466766,0,0,0,0,0,0,0.0171422835446668,0.000460542203304391,0.0214602470466766,-5.03840600809678e-20,-5.03840600809678e-20,-3.82604854330741e-21,-3.82604854330741e-21,0,6.65574721460331e-20,0,6.65574721460331e-20,0,NaN
onlineCommonQueries,3,A,A,"Affine, no forgetting",dimensionless state,study3_pilot_20260918/runs/drift_A_none_000.mat,pilot,0,drift,0.5,derived pilot,Online at 55 s; different training histories,NaN,55,held,clean,(dimensionless state)^2,0.43125,2,0.2,29,29,0,0.0283830325007442,0.00119454257427755,0.0345621552319521,3.82835525732813e-18,1.73997808768778e-33,4.17130445746625e-17,0.0283830325007442,0.00119454257427755,0.0345621552319521,0,0,0,0,0,0,0.0283830325007442,0.00119454257427755,0.0345621552319521,3.44290208807133e-19,3.44290208807133e-19,-1.27449774310034e-19,-1.27449774310034e-19,0,1.68948385528605e-19,0,1.68948385528605e-19,0,NaN
onlineCommonQueries,3,A,A,"Affine, no forgetting",dimensionless state,study3_pilot_20260918/runs/drift_A_none_000.mat,pilot,0,drift,0.5,derived pilot,Online at 55 s; different training histories,NaN,55,held,clean,(dimensionless state)^2,0.43125,5,0.5,29,29,0,0.0436028512519123,0.00276810645827913,0.0526127974762713,2.15344983224707e-17,6.47510929578467e-33,8.0468063825251e-17,0.0436028512519123,0.00276810645827914,0.0526127974762713,0,0,0,0,0,0,0.0436028512519123,0.00276810645827914,0.0526127974762713,1.44090550215385e-18,1.44090550215385e-18,2.93817973822948e-19,2.93817973822948e-19,0,3.11337212703883e-19,0,3.11337212703883e-19,0,NaN
onlineCommonQueries,3,A,A,"Affine, no forgetting",dimensionless state,study3_pilot_20260918/runs/drift_A_none_000.mat,pilot,0,drift,0.5,derived pilot,Online at 55 s; different training histories,NaN,55,held,clean,(dimensionless state)^2,0.43125,10,1,29,29,0,0.048501842266075,0.00370132389023744,0.0608385066404283,2.77555756156289e-17,9.69606109932884e-33,9.84685792490622e-17,0.048501842266075,0.00370132389023744,0.0608385066404283,0,0,0,0,0,0,0.048501842266075,0.00370132389023744,0.0608385066404283,2.80222104559555e-18,2.80222104559555e-18,6.67225906358056e-19,6.67225906358056e-19,0,5.72833790082935e-19,0,5.72833790082935e-19,0,NaN
onlineCommonQueries,3,A,A,"Affine, no forgetting",dimensionless state,study3_pilot_20260918/runs/drift_A_none_000.mat,pilot,0,drift,0.5,derived pilot,Online at 55 s; different training histories,NaN,55,held,clean,(dimensionless state)^2,0.43125,20,2,29,29,0,0.0489367862523589,0.00394287589456427,0.0627923235321347,3.34981085016211e-17,9.90857750698537e-33,9.95418379727106e-17,0.048936786252359,0.00394287589456428,0.0627923235321347,0,0,0,0,0,0,0.048936786252359,0.00394287589456428,0.0627923235321347,1.99483223158482e-18,1.99483223158482e-18,6.07252982380382e-19,6.07252982380382e-19,0,1.14499247339714e-18,0,1.14499247339714e-18,0,NaN
onlineCommonQueries,3,A,A,"Affine, no forgetting",dimensionless state,study3_pilot_20260918/runs/drift_A_none_000.mat,pilot,0,drift,0.5,derived pilot,Online at 55 s; different training histories,NaN,55,rateLimited,clean,(dimensionless state)^2,0.43125,1,0.1,29,29,0,0.0171422835446668,0.000460542203304391,0.0214602470466766,-7.17816610749024e-19,8.30142217408291e-36,2.88121886952083e-18,0.0171422835446668,0.000460542203304391,0.0214602470466766,0,0,0,0,0,0,0.0171422835446668,0.000460542203304391,0.0214602470466766,-5.03840600809678e-20,-5.03840600809678e-20,-3.82604854330741e-21,-3.82604854330741e-21,0,6.65574721460331e-20,0,6.65574721460331e-20,0,NaN
onlineCommonQueries,3,A,A,"Affine, no forgetting",dimensionless state,study3_pilot_20260918/runs/drift_A_none_000.mat,pilot,0,drift,0.5,derived pilot,Online at 55 s; different training histories,NaN,55,rateLimited,clean,(dimensionless state)^2,0.43125,2,0.2,29,29,0,0.0342975008185447,0.0016065473632055,0.0400817584844465,-9.57088814332031e-19,1.97905904630137e-33,4.44866164852011e-17,0.0342975008185447,0.0016065473632055,0.0400817584844465,0,0,0,0,0,0,0.0342975008185447,0.0016065473632055,0.0400817584844465,3.28335733072507e-20,3.28335733072507e-20,-3.28335733072527e-20,-3.28335733072527e-20,0,4.25635669501157e-19,0,4.25635669501157e-19,0,NaN
onlineCommonQueries,3,A,A,"Affine, no forgetting",dimensionless state,study3_pilot_20260918/runs/drift_A_none_000.mat,pilot,0,drift,0.5,derived pilot,Online at 55 s; different training histories,NaN,55,rateLimited,clean,(dimensionless state)^2,0.43125,5,0.5,29,29,0,0.0451070310115417,0.00321992185254199,0.0567443552482711,1.33992434006484e-17,7.49120336989242e-33,8.65517381101756e-17,0.0451070310115418,0.00321992185254199,0.0567443552482711,0,0,0,0,0,0,0.0451070310115418,0.00321992185254199,0.0567443552482711,2.20821222327844e-20,2.20821222327844e-20,4.1159874676141e-19,4.1159874676141e-19,0,8.70051661229311e-19,0,8.70051661229311e-19,0,NaN
onlineCommonQueries,3,A,A,"Affine, no forgetting",dimensionless state,study3_pilot_20260918/runs/drift_A_none_000.mat,pilot,0,drift,0.5,derived pilot,Online at 55 s; different training histories,NaN,55,rateLimited,clean,(dimensionless state)^2,0.43125,10,1,29,29,0,0.0551914091935519,0.00429890347751258,0.0655660238043499,9.57088814332031e-19,6.28915743908521e-33,7.93042082053986e-17,0.0551914091935519,0.00429890347751257,0.0655660238043499,0,0,0,0,0,0,0.0551914091935519,0.00429890347751257,0.0655660238043499,-1.46100276134418e-18,-1.46100276134418e-18,-2.73720714632636e-19,-2.73720714632636e-19,1.38777878078145e-17,2.42174123387898e-18,1.38777878078145e-17,2.42174123387898e-18,0,NaN
onlineCommonQueries,3,A,A,"Affine, no forgetting",dimensionless state,study3_pilot_20260918/runs/drift_A_none_000.mat,pilot,0,drift,0.5,derived pilot,Online at 55 s; different training histories,NaN,55,rateLimited,clean,(dimensionless state)^2,0.43125,20,2,29,29,0,0.0415956844086008,0.00387877658002346,0.0622798248233203,-1.38777878078145e-17,6.74407537422496e-33,8.21223195862426e-17,0.0415956844086008,0.00387877658002346,0.0622798248233203,0,0,0,0,0,0,0.0415956844086008,0.00387877658002346,0.0622798248233203,-1.65713524632912e-18,-1.65713524632912e-18,-1.3786308366303e-18,-1.3786308366303e-18,6.93889390390723e-18,1.2780149800587e-18,6.93889390390723e-18,1.2780149800587e-18,0,NaN
onlineCommonQueries,3,A,A,"Affine, no forgetting",dimensionless state,study3_pilot_20260918/runs/drift_A_none_000.mat,pilot,0,drift,0.5,derived pilot,Online at 59.9 s; different training histories,NaN,59.9,held,clean,(dimensionless state)^2,0.412875,1,0.1,29,29,0,0.017724330062286,0.000504709518259711,0.0224657409906665,1.50741488257295e-17,1.70843268342626e-33,4.13331910627073e-17,0.017724330062286,0.000504709518259712,0.0224657409906665,0,0,0,0,0,0,0.017724330062286,0.000504709518259712,0.0224657409906665,5.25085046506909e-19,5.25085046506909e-19,1.70160397358414e-20,1.70160397358414e-20,0,4.41937525295191e-20,0,4.41937525295191e-20,0,NaN
onlineCommonQueries,3,A,A,"Affine, no forgetting",dimensionless state,study3_pilot_20260918/runs/drift_A_none_000.mat,pilot,0,drift,0.5,derived pilot,Online at 59.9 s; different training histories,NaN,59.9,held,clean,(dimensionless state)^2,0.412875,2,0.2,29,29,0,0.0295201957514721,0.00131853622460299,0.0363116541154901,2.53628535797988e-17,5.00077671766755e-33,7.07161701286739e-17,0.0295201957514722,0.00131853622460299,0.0363116541154902,0,0,0,0,0,0,0.0295201957514722,0.00131853622460299,0.0363116541154902,1.54941574891901e-18,1.54941574891901e-18,-3.15327074393069e-20,-3.15327074393069e-20,0,1.62100320684645e-19,0,1.62100320684645e-19,0,NaN
onlineCommonQueries,3,A,A,"Affine, no forgetting",dimensionless state,study3_pilot_20260918/runs/drift_A_none_000.mat,pilot,0,drift,0.5,derived pilot,Online at 59.9 s; different training histories,NaN,59.9,held,clean,(dimensionless state)^2,0.412875,5,0.5,29,29,0,0.0459241496841123,0.00303315590797005,0.0550740947085837,2.05774095081387e-17,6.76731935631239e-33,8.226371834723e-17,0.0459241496841123,0.00303315590797005,0.0550740947085837,0,0,0,0,0,0,0.0459241496841123,0.00303315590797005,0.0550740947085837,3.17099701263097e-18,3.17099701263097e-18,-1.35230929671567e-19,-1.35230929671567e-19,0,7.11549818286098e-19,0,7.11549818286098e-19,0,NaN
onlineCommonQueries,3,A,A,"Affine, no forgetting",dimensionless state,study3_pilot_20260918/runs/drift_A_none_000.mat,pilot,0,drift,0.5,derived pilot,Online at 59.9 s; different training histories,NaN,59.9,held,clean,(dimensionless state)^2,0.412875,10,1,29,29,0,0.0515659373843367,0.00394930154866919,0.0628434686237893,2.48843091726328e-17,7.33181606415003e-33,8.56260244560614e-17,0.0515659373843367,0.00394930154866919,0.0628434686237893,0,0,0,0,0,0,0.0515659373843367,0.00394930154866919,0.0628434686237893,3.87250973356596e-18,3.87250973356596e-18,4.64298956376049e-19,4.64298956376049e-19,0,3.8641292048554e-19,0,3.8641292048554e-19,0,NaN
onlineCommonQueries,3,A,A,"Affine, no forgetting",dimensionless state,study3_pilot_20260918/runs/drift_A_none_000.mat,pilot,0,drift,0.5,derived pilot,Online at 59.9 s; different training histories,NaN,59.9,held,clean,(dimensionless state)^2,0.412875,20,2,29,29,0,0.0522054902484526,0.00414921094579369,0.0644143690941213,2.20130427296367e-17,1.23525161950354e-32,1.11141874174567e-16,0.0522054902484526,0.00414921094579369,0.0644143690941213,0,0,0,0,0,0,0.0522054902484526,0.00414921094579369,0.0644143690941213,3.31906957835049e-18,3.31906957835049e-18,-7.16984364385292e-19,-7.16984364385292e-19,0,6.01279528387429e-19,0,6.01279528387429e-19,0,NaN
onlineCommonQueries,3,A,A,"Affine, no forgetting",dimensionless state,study3_pilot_20260918/runs/drift_A_none_000.mat,pilot,0,drift,0.5,derived pilot,Online at 59.9 s; different training histories,NaN,59.9,rateLimited,clean,(dimensionless state)^2,0.412875,1,0.1,29,29,0,0.017724330062286,0.000504709518259711,0.0224657409906665,1.50741488257295e-17,1.70843268342626e-33,4.13331910627073e-17,0.017724330062286,0.000504709518259712,0.0224657409906665,0,0,0,0,0,0,0.017724330062286,0.000504709518259712,0.0224657409906665,5.25085046506909e-19,5.25085046506909e-19,1.70160397358414e-20,1.70160397358414e-20,0,4.41937525295191e-20,0,4.41937525295191e-20,0,NaN
onlineCommonQueries,3,A,A,"Affine, no forgetting",dimensionless state,study3_pilot_20260918/runs/drift_A_none_000.mat,pilot,0,drift,0.5,derived pilot,Online at 59.9 s; different training histories,NaN,59.9,rateLimited,clean,(dimensionless state)^2,0.412875,2,0.2,29,29,0,0.0349604355404323,0.00167523756077713,0.0409296660232786,1.96203206938066e-17,4.12414653608439e-33,6.42195183420461e-17,0.0349604355404324,0.00167523756077713,0.0409296660232786,0,0,0,0,0,0,0.0349604355404324,0.00167523756077713,0.0409296660232786,1.50267873987793e-18,1.50267873987793e-18,2.32044736098869e-19,2.32044736098869e-19,0,2.36037255367565e-19,0,2.36037255367565e-19,0,NaN
onlineCommonQueries,3,A,A,"Affine, no forgetting",dimensionless state,study3_pilot_20260918/runs/drift_A_none_000.mat,pilot,0,drift,0.5,derived pilot,Online at 59.9 s; different training histories,NaN,59.9,rateLimited,clean,(dimensionless state)^2,0.412875,5,0.5,29,29,0,0.0466947243038046,0.00336919093078212,0.058044732153591,2.53628535797988e-17,7.9892887003374e-33,8.9382821058285e-17,0.0466947243038046,0.00336919093078212,0.058044732153591,0,0,0,0,0,0,0.0466947243038046,0.00336919093078212,0.058044732153591,3.59179485119405e-18,3.59179485119405e-18,3.11332969753755e-19,3.11332969753755e-19,0,7.63232179095309e-19,0,7.63232179095309e-19,0,NaN
onlineCommonQueries,3,A,A,"Affine, no forgetting",dimensionless state,study3_pilot_20260918/runs/drift_A_none_000.mat,pilot,0,drift,0.5,derived pilot,Online at 59.9 s; different training histories,NaN,59.9,rateLimited,clean,(dimensionless state)^2,0.412875,10,1,29,29,0,0.0559845011977159,0.00454791769603726,0.0674382509859001,3.1583930872957e-17,1.00447208306403e-32,1.00223354716555e-16,0.055984501197716,0.00454791769603726,0.0674382509859001,0,0,0,0,0,0,0.055984501197716,0.00454791769603726,0.0674382509859001,6.33493758738748e-19,6.33493758738748e-19,1.10122971723805e-18,1.10122971723805e-18,6.93889390390723e-18,1.76839429492785e-18,6.93889390390723e-18,1.76839429492785e-18,0,NaN
onlineCommonQueries,3,A,A,"Affine, no forgetting",dimensionless state,study3_pilot_20260918/runs/drift_A_none_000.mat,pilot,0,drift,0.5,derived pilot,Online at 59.9 s; different training histories,NaN,59.9,rateLimited,clean,(dimensionless state)^2,0.412875,20,2,29,29,0,0.0458613375615095,0.00428839408603997,0.0654858311853791,-1.02887047540693e-17,2.20103907523634e-32,1.48358992826062e-16,0.0458613375615095,0.00428839408603997,0.0654858311853791,0,0,0,0,0,0,0.0458613375615095,0.00428839408603997,0.0654858311853791,-8.93488855830481e-19,-8.93488855830481e-19,2.61271178420557e-20,2.61271178420557e-20,6.93889390390723e-18,7.1330456899024e-19,6.93889390390723e-18,7.1330456899024e-19,0,NaN
onlineCommonQueries,3,A,A,"Affine, no forgetting",dimensionless state,study3_pilot_20260918/runs/drift_A_none_000.mat,pilot,0,drift,0.5,derived pilot,Online at 95 s; different training histories,NaN,95,held,clean,(dimensionless state)^2,0.3,1,0.1,29,29,0,0.0172528890589529,0.00158751241307392,0.0398435993990743,0,1.42784461394226e-34,1.1949245222784e-17,0.0172528890589529,0.00158751241307392,0.0398435993990743,0,0,0,0,0,0,0.0172528890589529,0.00158751241307392,0.0398435993990743,-8.90401029599861e-20,-8.90401029599861e-20,-1.27800331537115e-19,-1.27800331537115e-19,0,1.1333888244292e-19,0,1.1333888244292e-19,0,NaN
onlineCommonQueries,3,A,A,"Affine, no forgetting",dimensionless state,study3_pilot_20260918/runs/drift_A_none_000.mat,pilot,0,drift,0.5,derived pilot,Online at 95 s; different training histories,NaN,95,held,clean,(dimensionless state)^2,0.3,2,0.2,29,29,0,0.0297193530800654,0.00409920001455271,0.0640249952327426,5.26398847882617e-18,1.19872536193757e-33,3.4622613447537e-17,0.0297193530800654,0.00409920001455271,0.0640249952327426,0,0,0,0,0,0,0.0297193530800654,0.00409920001455271,0.0640249952327426,-1.72694035605185e-19,-1.72694035605185e-19,1.72694035605184e-19,1.72694035605184e-19,0,2.748152841543e-19,0,2.748152841543e-19,0,NaN
onlineCommonQueries,3,A,A,"Affine, no forgetting",dimensionless state,study3_pilot_20260918/runs/drift_A_none_000.mat,pilot,0,drift,0.5,derived pilot,Online at 95 s; different training histories,NaN,95,held,clean,(dimensionless state)^2,0.3,5,0.5,29,29,0,0.0495009543169608,0.00887362319433364,0.094199910797907,3.92406413876133e-17,1.25650326026919e-32,1.12093856221882e-16,0.0495009543169608,0.00887362319433365,0.094199910797907,0,0,0,0,0,0,0.0495009543169608,0.00887362319433365,0.094199910797907,8.58215123574174e-18,8.58215123574174e-18,-1.64325733183453e-18,-1.64325733183453e-18,0,2.88028960703358e-18,0,2.88028960703358e-18,0,NaN
onlineCommonQueries,3,A,A,"Affine, no forgetting",dimensionless state,study3_pilot_20260918/runs/drift_A_none_000.mat,pilot,0,drift,0.5,derived pilot,Online at 95 s; different training histories,NaN,95,held,clean,(dimensionless state)^2,0.3,10,1,29,29,0,0.0582725645754762,0.0108293004504483,0.104063924827235,6.2210772931582e-17,2.98851198266985e-32,1.7287313217125e-16,0.0582725645754763,0.0108293004504484,0.104063924827235,0,0,0,0,0,0,0.0582725645754763,0.0108293004504484,0.104063924827235,1.84311624409951e-17,1.84311624409951e-17,-1.08392768122709e-18,-1.08392768122709e-18,0,1.69535909097436e-18,0,1.69535909097436e-18,0,NaN
onlineCommonQueries,3,A,A,"Affine, no forgetting",dimensionless state,study3_pilot_20260918/runs/drift_A_none_000.mat,pilot,0,drift,0.5,derived pilot,Online at 95 s; different training histories,NaN,95,held,clean,(dimensionless state)^2,0.3,20,2,29,29,0,0.0599227629869139,0.0111244756977017,0.105472630088103,5.93395064885859e-17,3.2940043186761e-32,1.81493920522868e-16,0.059922762986914,0.0111244756977018,0.105472630088103,0,0,0,0,0,0,0.059922762986914,0.0111244756977018,0.105472630088103,1.78614578353515e-17,1.78614578353515e-17,-5.14223075583505e-19,-5.14223075583505e-19,0,1.37431592738241e-18,0,1.37431592738241e-18,0,NaN
onlineCommonQueries,3,A,A,"Affine, no forgetting",dimensionless state,study3_pilot_20260918/runs/drift_A_none_000.mat,pilot,0,drift,0.5,derived pilot,Online at 95 s; different training histories,NaN,95,rateLimited,clean,(dimensionless state)^2,0.3,1,0.1,29,29,0,0.0172528890589529,0.00158751241307392,0.0398435993990743,0,1.42784461394226e-34,1.1949245222784e-17,0.0172528890589529,0.00158751241307392,0.0398435993990743,0,0,0,0,0,0,0.0172528890589529,0.00158751241307392,0.0398435993990743,-8.90401029599861e-20,-8.90401029599861e-20,-1.27800331537115e-19,-1.27800331537115e-19,0,1.1333888244292e-19,0,1.1333888244292e-19,0,NaN
onlineCommonQueries,3,A,A,"Affine, no forgetting",dimensionless state,study3_pilot_20260918/runs/drift_A_none_000.mat,pilot,0,drift,0.5,derived pilot,Online at 95 s; different training histories,NaN,95,rateLimited,clean,(dimensionless state)^2,0.3,2,0.2,29,29,0,0.0331895952537205,0.00401390797630525,0.0633554100002932,7.17816610749024e-19,1.38965807194148e-33,3.72781178701592e-17,0.0331895952537205,0.00401390797630525,0.0633554100002932,0,0,0,0,0,0,0.0331895952537205,0.00401390797630525,0.0633554100002932,1.94048285810804e-20,1.94048285810804e-20,-8.86766566569485e-19,-8.86766566569485e-19,0,3.51858362369032e-19,0,3.51858362369032e-19,0,NaN
onlineCommonQueries,3,A,A,"Affine, no forgetting",dimensionless state,study3_pilot_20260918/runs/drift_A_none_000.mat,pilot,0,drift,0.5,derived pilot,Online at 95 s; different training histories,NaN,95,rateLimited,clean,(dimensionless state)^2,0.3,5,0.5,29,29,0,0.0490214401460291,0.00794019571965979,0.0891077758652958,3.1344658669374e-17,1.31643952836607e-32,1.1473619866311e-16,0.0490214401460291,0.00794019571965979,0.0891077758652958,0,0,0,0,0,0,0.0490214401460291,0.00794019571965979,0.0891077758652958,3.10555468326728e-18,3.10555468326728e-18,3.63892268686322e-19,3.63892268686322e-19,6.93889390390723e-18,2.88028960703358e-18,6.93889390390723e-18,2.88028960703358e-18,0,NaN
onlineCommonQueries,3,A,A,"Affine, no forgetting",dimensionless state,study3_pilot_20260918/runs/drift_A_none_000.mat,pilot,0,drift,0.5,derived pilot,Online at 95 s; different training histories,NaN,95,rateLimited,clean,(dimensionless state)^2,0.3,10,1,29,29,0,0.0541627578343512,0.00826087402002684,0.0908893504214154,4.54617186807715e-17,2.00396331282362e-32,1.41561411155145e-16,0.0541627578343512,0.00826087402002684,0.0908893504214154,0,0,0,0,0,0,0.0541627578343512,0.00826087402002684,0.0908893504214154,1.46018638528861e-18,1.46018638528861e-18,2.74537090688175e-19,2.74537090688175e-19,6.93889390390723e-18,1.87702843256395e-18,6.93889390390723e-18,1.87702843256395e-18,0,NaN
onlineCommonQueries,3,A,A,"Affine, no forgetting",dimensionless state,study3_pilot_20260918/runs/drift_A_none_000.mat,pilot,0,drift,0.5,derived pilot,Online at 95 s; different training histories,NaN,95,rateLimited,clean,(dimensionless state)^2,0.3,20,2,29,29,0,0.0584029142153516,0.0115053581509994,0.107263032546164,5.86216898778369e-17,2.09112824565149e-32,1.4460733887502e-16,0.0584029142153517,0.0115053581509994,0.107263032546164,0,0,0,0,0,0,0.0584029142153517,0.0115053581509994,0.107263032546164,-2.35184110609635e-18,-2.35184110609635e-18,2.35184110609633e-18,2.35184110609633e-18,6.93889390390723e-18,2.60569265851867e-18,6.93889390390723e-18,2.60569265851867e-18,0,NaN
onlineCommonQueries,3,A,A,"Affine, fixed forgetting",dimensionless state,study3_pilot_20260918/runs/drift_A_fixed_000.mat,pilot,0,drift,0.5,derived pilot,Online at 49.9 s; different training histories,NaN,49.9,held,clean,(dimensionless state)^2,0.45,1,0.1,29,29,0,0.0285306805235917,0.00106542848666479,0.0326409020504151,0,0,0,0.0285306805235917,0.00106542848666479,0.0326409020504151,0,0,0,0,0,0,0.0285306805235917,0.00106542848666479,0.0326409020504151,0,0,0,0,0,0,0,0,0,NaN
onlineCommonQueries,3,A,A,"Affine, fixed forgetting",dimensionless state,study3_pilot_20260918/runs/drift_A_fixed_000.mat,pilot,0,drift,0.5,derived pilot,Online at 49.9 s; different training histories,NaN,49.9,held,clean,(dimensionless state)^2,0.45,2,0.2,29,29,0,0.0475034589114341,0.00285261857011089,0.0534099107854609,-7.65671051465625e-18,1.43448575168153e-33,3.78746056307063e-17,0.0475034589114341,0.00285261857011089,0.0534099107854609,0,0,0,0,0,0,0.0475034589114341,0.00285261857011089,0.0534099107854609,-2.96024738863872e-19,-2.96024738863872e-19,-1.00501786811873e-18,-1.00501786811873e-18,0,1.46142567176256e-19,0,1.46142567176256e-19,0,NaN
onlineCommonQueries,3,A,A,"Affine, fixed forgetting",dimensionless state,study3_pilot_20260918/runs/drift_A_fixed_000.mat,pilot,0,drift,0.5,derived pilot,Online at 49.9 s; different training histories,NaN,49.9,held,clean,(dimensionless state)^2,0.45,5,0.5,29,29,0,0.0739897068461622,0.00681149837940063,0.0825318022304168,-9.57088814332031e-19,2.36424503517881e-33,4.86235029093834e-17,0.0739897068461622,0.00681149837940064,0.0825318022304168,0,0,0,0,0,0,0.0739897068461622,0.00681149837940064,0.0825318022304168,6.07604044363185e-19,6.07604044363185e-19,2.86184290759043e-18,2.86184290759043e-18,0,1.18150312480842e-18,0,1.18150312480842e-18,0,NaN
onlineCommonQueries,3,A,A,"Affine, fixed forgetting",dimensionless state,study3_pilot_20260918/runs/drift_A_fixed_000.mat,pilot,0,drift,0.5,derived pilot,Online at 49.9 s; different training histories,NaN,49.9,held,clean,(dimensionless state)^2,0.45,10,1,29,29,0,0.0833227680209536,0.00898180000943464,0.0947723588892597,1.67490542508106e-17,3.81865420007814e-33,6.17952603366807e-17,0.0833227680209537,0.00898180000943464,0.0947723588892597,0,0,0,0,0,0,0.0833227680209537,0.00898180000943464,0.0947723588892597,3.05117540165523e-18,3.05117540165523e-18,4.18271550298383e-19,4.18271550298383e-19,0,1.04397892988792e-18,0,1.04397892988792e-18,0,NaN
onlineCommonQueries,3,A,A,"Affine, fixed forgetting",dimensionless state,study3_pilot_20260918/runs/drift_A_fixed_000.mat,pilot,0,drift,0.5,derived pilot,Online at 49.9 s; different training histories,NaN,49.9,held,clean,(dimensionless state)^2,0.45,20,2,29,29,0,0.0844901105555126,0.00946532638750386,0.0972899089705806,2.77555756156289e-17,5.18008743662774e-33,7.19728242924212e-17,0.0844901105555126,0.00946532638750386,0.0972899089705806,0,0,0,0,0,0,0.0844901105555126,0.00946532638750386,0.0972899089705806,5.5062529094782e-18,5.5062529094782e-18,-2.03680595752459e-18,-2.03680595752459e-18,2.77555756156289e-17,7.0899131361061e-18,2.77555756156289e-17,7.0899131361061e-18,0,NaN
onlineCommonQueries,3,A,A,"Affine, fixed forgetting",dimensionless state,study3_pilot_20260918/runs/drift_A_fixed_000.mat,pilot,0,drift,0.5,derived pilot,Online at 49.9 s; different training histories,NaN,49.9,rateLimited,clean,(dimensionless state)^2,0.45,1,0.1,29,29,0,0.0285306805235917,0.00106542848666479,0.0326409020504151,0,0,0,0.0285306805235917,0.00106542848666479,0.0326409020504151,0,0,0,0,0,0,0.0285306805235917,0.00106542848666479,0.0326409020504151,0,0,0,0,0,0,0,0,0,NaN
onlineCommonQueries,3,A,A,"Affine, fixed forgetting",dimensionless state,study3_pilot_20260918/runs/drift_A_fixed_000.mat,pilot,0,drift,0.5,derived pilot,Online at 49.9 s; different training histories,NaN,49.9,rateLimited,clean,(dimensionless state)^2,0.45,2,0.2,29,29,0,0.0540695501310431,0.00374876904528936,0.0612271920415215,-4.78544407166016e-18,7.30525151319296e-34,2.70282287862023e-17,0.0540695501310431,0.00374876904528936,0.0612271920415215,0,0,0,0,0,0,0.0540695501310431,0.00374876904528936,0.0612271920415215,-2.85236279051195e-19,-2.85236279051195e-19,2.85236279051194e-19,2.85236279051194e-19,0,7.53380752085195e-19,0,7.53380752085195e-19,0,NaN
onlineCommonQueries,3,A,A,"Affine, fixed forgetting",dimensionless state,study3_pilot_20260918/runs/drift_A_fixed_000.mat,pilot,0,drift,0.5,derived pilot,Online at 49.9 s; different training histories,NaN,49.9,rateLimited,clean,(dimensionless state)^2,0.45,5,0.5,29,29,0,0.0768996870218064,0.00857175869953348,0.0925837928556261,-4.78544407166016e-18,2.0720349746511e-33,4.55196108798295e-17,0.0768996870218063,0.00857175869953348,0.0925837928556261,0,0,0,0,0,0,0.0768996870218063,0.00857175869953348,0.0925837928556261,-9.38087137709613e-19,-9.38087137709613e-19,9.38087137709611e-19,9.38087137709611e-19,2.77555756156289e-17,9.29281900519346e-18,2.77555756156289e-17,9.29281900519346e-18,0,NaN
onlineCommonQueries,3,A,A,"Affine, fixed forgetting",dimensionless state,study3_pilot_20260918/runs/drift_A_fixed_000.mat,pilot,0,drift,0.5,derived pilot,Online at 49.9 s; different training histories,NaN,49.9,rateLimited,clean,(dimensionless state)^2,0.45,10,1,29,29,0,0.093082083841583,0.0105964887210495,0.102939247719466,1.19636101791504e-17,4.98749444218901e-33,7.06221951102415e-17,0.093082083841583,0.0105964887210495,0.102939247719466,0,0,0,0,0,0,0.093082083841583,0.0105964887210495,0.102939247719466,2.11747110396181e-18,2.11747110396181e-18,1.3519758479918e-18,1.3519758479918e-18,2.77555756156289e-17,6.32467452093701e-18,2.77555756156289e-17,6.32467452093701e-18,0,NaN
onlineCommonQueries,3,A,A,"Affine, fixed forgetting",dimensionless state,study3_pilot_20260918/runs/drift_A_fixed_000.mat,pilot,0,drift,0.5,derived pilot,Online at 49.9 s; different training histories,NaN,49.9,rateLimited,clean,(dimensionless state)^2,0.45,20,2,29,29,0,0.076021551697904,0.00918806957045642,0.0958544186277107,2.24915871368027e-17,4.0046060567776e-33,6.32819568026906e-17,0.0760215516979041,0.00918806957045642,0.0958544186277108,0,0,0,0,0,0,0.0760215516979041,0.00918806957045642,0.0958544186277108,4.5845945562142e-18,4.5845945562142e-18,-1.11514760426059e-18,-1.11514760426059e-18,2.77555756156289e-17,9.11030635908136e-18,2.77555756156289e-17,9.11030635908136e-18,0,NaN
onlineCommonQueries,3,A,A,"Affine, fixed forgetting",dimensionless state,study3_pilot_20260918/runs/drift_A_fixed_000.mat,pilot,0,drift,0.5,derived pilot,Online at 55 s; different training histories,NaN,55,held,clean,(dimensionless state)^2,0.43125,1,0.1,29,29,0,0.0280444953750901,0.00100408267101089,0.0316872635456407,0,1.32822754785327e-35,3.64448562605653e-18,0.0280444953750901,0.00100408267101089,0.0316872635456407,0,0,0,0,0,0,0.0280444953750901,0.00100408267101089,0.0316872635456407,5.66453954225283e-21,5.66453954225283e-21,-5.66453954225284e-21,-5.66453954225284e-21,0,1.94831897364558e-19,0,1.94831897364558e-19,0,NaN
onlineCommonQueries,3,A,A,"Affine, fixed forgetting",dimensionless state,study3_pilot_20260918/runs/drift_A_fixed_000.mat,pilot,0,drift,0.5,derived pilot,Online at 55 s; different training histories,NaN,55,held,clean,(dimensionless state)^2,0.43125,2,0.2,29,29,0,0.0468772825905375,0.00268766709963222,0.0518427150102328,-2.39272203583008e-18,7.50448564537095e-34,2.73943162816139e-17,0.0468772825905375,0.00268766709963222,0.0518427150102328,0,0,0,0,0,0,0.0468772825905375,0.00268766709963222,0.0518427150102328,-2.32471985906294e-19,-2.32471985906294e-19,2.32471985906293e-19,2.32471985906293e-19,0,2.8218735539633e-19,0,2.8218735539633e-19,0,NaN
onlineCommonQueries,3,A,A,"Affine, fixed forgetting",dimensionless state,study3_pilot_20260918/runs/drift_A_fixed_000.mat,pilot,0,drift,0.5,derived pilot,Online at 55 s; different training histories,NaN,55,held,clean,(dimensionless state)^2,0.43125,5,0.5,29,29,0,0.0736090546165718,0.00638886659863817,0.0799303859532667,6.2210772931582e-18,5.13359947245287e-33,7.16491414634737e-17,0.0736090546165718,0.00638886659863817,0.0799303859532667,0,0,0,0,0,0,0.0736090546165718,0.00638886659863817,0.0799303859532667,3.54451250866847e-19,3.54451250866847e-19,-3.54451250866852e-19,-3.54451250866852e-19,0,8.43493600969894e-19,0,8.43493600969894e-19,0,NaN
onlineCommonQueries,3,A,A,"Affine, fixed forgetting",dimensionless state,study3_pilot_20260918/runs/drift_A_fixed_000.mat,pilot,0,drift,0.5,derived pilot,Online at 55 s; different training histories,NaN,55,held,clean,(dimensionless state)^2,0.43125,10,1,29,29,0,0.0833729848712537,0.00835696689105598,0.0914164475959112,-3.0626842058625e-17,3.69247258303208e-33,6.07657188144111e-17,0.0833729848712537,0.00835696689105597,0.0914164475959112,0,0,0,0,0,0,0.0833729848712537,0.00835696689105597,0.0914164475959112,-5.05914343755353e-18,-5.05914343755353e-18,1.58969648559991e-18,1.58969648559991e-18,0,7.37806150293443e-19,0,7.37806150293443e-19,0,NaN
onlineCommonQueries,3,A,A,"Affine, fixed forgetting",dimensionless state,study3_pilot_20260918/runs/drift_A_fixed_000.mat,pilot,0,drift,0.5,derived pilot,Online at 55 s; different training histories,NaN,55,held,clean,(dimensionless state)^2,0.43125,20,2,29,29,0,0.0847102552276618,0.00876529034348804,0.0936231293190312,-3.34981085016211e-17,3.44010934893996e-33,5.86524453790288e-17,0.0847102552276617,0.00876529034348803,0.0936231293190312,0,0,0,0,0,0,0.0847102552276617,0.00876529034348803,0.0936231293190312,-5.41776109682387e-18,-5.41776109682387e-18,1.94831414487026e-18,1.94831414487026e-18,0,6.40890237546986e-19,0,6.40890237546986e-19,0,NaN
onlineCommonQueries,3,A,A,"Affine, fixed forgetting",dimensionless state,study3_pilot_20260918/runs/drift_A_fixed_000.mat,pilot,0,drift,0.5,derived pilot,Online at 55 s; different training histories,NaN,55,rateLimited,clean,(dimensionless state)^2,0.43125,1,0.1,29,29,0,0.0280444953750901,0.00100408267101089,0.0316872635456407,0,1.32822754785327e-35,3.64448562605653e-18,0.0280444953750901,0.00100408267101089,0.0316872635456407,0,0,0,0,0,0,0.0280444953750901,0.00100408267101089,0.0316872635456407,5.66453954225283e-21,5.66453954225283e-21,-5.66453954225284e-21,-5.66453954225284e-21,0,1.94831897364558e-19,0,1.94831897364558e-19,0,NaN
onlineCommonQueries,3,A,A,"Affine, fixed forgetting",dimensionless state,study3_pilot_20260918/runs/drift_A_fixed_000.mat,pilot,0,drift,0.5,derived pilot,Online at 55 s; different training histories,NaN,55,rateLimited,clean,(dimensionless state)^2,0.43125,2,0.2,29,29,0,0.0529970972637182,0.00347232483551403,0.0589264357950999,-9.57088814332031e-19,6.77396049405166e-34,2.60268332573359e-17,0.0529970972637182,0.00347232483551403,0.0589264357950999,0,0,0,0,0,0,0.0529970972637182,0.00347232483551403,0.0589264357950999,-1.65300113029868e-19,-1.65300113029868e-19,1.65300113029868e-19,1.65300113029868e-19,0,4.02572362247493e-19,0,4.02572362247493e-19,0,NaN
onlineCommonQueries,3,A,A,"Affine, fixed forgetting",dimensionless state,study3_pilot_20260918/runs/drift_A_fixed_000.mat,pilot,0,drift,0.5,derived pilot,Online at 55 s; different training histories,NaN,55,rateLimited,clean,(dimensionless state)^2,0.43125,5,0.5,29,29,0,0.0759963330689153,0.00748966620064359,0.0865428575946253,1.14850657719844e-17,2.53691461639974e-33,5.03677934438242e-17,0.0759963330689153,0.0074896662006436,0.0865428575946253,0,0,0,0,0,0,0.0759963330689153,0.0074896662006436,0.0865428575946253,1.4656094852961e-18,1.4656094852961e-18,2.69113990680705e-19,2.69113990680705e-19,1.38777878078145e-17,3.20381492538224e-18,1.38777878078145e-17,3.20381492538224e-18,0,NaN
onlineCommonQueries,3,A,A,"Affine, fixed forgetting",dimensionless state,study3_pilot_20260918/runs/drift_A_fixed_000.mat,pilot,0,drift,0.5,derived pilot,Online at 55 s; different training histories,NaN,55,rateLimited,clean,(dimensionless state)^2,0.43125,10,1,29,29,0,0.0910548981376708,0.00968140117496672,0.0983941114852242,2.87126644299609e-18,1.62043760838098e-33,4.02546594617441e-17,0.0910548981376708,0.00968140117496672,0.0983941114852242,0,0,0,0,0,0,0.0910548981376708,0.00968140117496672,0.0983941114852242,-8.58196348353031e-21,-8.58196348353031e-21,8.58196348352869e-21,8.58196348352869e-21,1.38777878078145e-17,3.77574896260341e-18,1.38777878078145e-17,3.77574896260341e-18,0,NaN
onlineCommonQueries,3,A,A,"Affine, fixed forgetting",dimensionless state,study3_pilot_20260918/runs/drift_A_fixed_000.mat,pilot,0,drift,0.5,derived pilot,Online at 55 s; different training histories,NaN,55,rateLimited,clean,(dimensionless state)^2,0.43125,20,2,29,29,0,0.077224860678948,0.00834239152857231,0.0913366932211382,6.69962170032422e-18,2.84240695240599e-33,5.33142284236206e-17,0.077224860678948,0.00834239152857231,0.0913366932211382,0,0,0,0,0,0,0.077224860678948,0.00834239152857231,0.0913366932211382,7.30285717625507e-19,7.30285717625507e-19,1.0044377583513e-18,1.0044377583513e-18,2.77555756156289e-17,8.17480779813435e-18,2.77555756156289e-17,8.17480779813435e-18,0,NaN
onlineCommonQueries,3,A,A,"Affine, fixed forgetting",dimensionless state,study3_pilot_20260918/runs/drift_A_fixed_000.mat,pilot,0,drift,0.5,derived pilot,Online at 59.9 s; different training histories,NaN,59.9,held,clean,(dimensionless state)^2,0.412875,1,0.1,29,29,0,0.0282721613213019,0.00102809304616866,0.0320638900660644,0,1.32822754785327e-35,3.64448562605653e-18,0.0282721613213019,0.00102809304616866,0.0320638900660644,0,0,0,0,0,0,0.0282721613213019,0.00102809304616866,0.0320638900660644,-2.07012612886433e-22,-2.07012612886433e-22,2.07012612886419e-22,2.07012612886419e-22,0,4.32556633101766e-21,0,4.32556633101766e-21,0,NaN
onlineCommonQueries,3,A,A,"Affine, fixed forgetting",dimensionless state,study3_pilot_20260918/runs/drift_A_fixed_000.mat,pilot,0,drift,0.5,derived pilot,Online at 59.9 s; different training histories,NaN,59.9,held,clean,(dimensionless state)^2,0.412875,2,0.2,29,29,0,0.0462371036513652,0.00260263654730405,0.0510160420583962,-1.57919654364785e-17,1.58723191968465e-33,3.98400793132325e-17,0.0462371036513652,0.00260263654730405,0.0510160420583962,0,0,0,0,0,0,0.0462371036513652,0.00260263654730405,0.0510160420583962,-8.30449242019044e-19,-8.30449242019044e-19,-3.69124959693613e-20,-3.69124959693613e-20,0,1.50069683044124e-19,0,1.50069683044124e-19,0,NaN
onlineCommonQueries,3,A,A,"Affine, fixed forgetting",dimensionless state,study3_pilot_20260918/runs/drift_A_fixed_000.mat,pilot,0,drift,0.5,derived pilot,Online at 59.9 s; different training histories,NaN,59.9,held,clean,(dimensionless state)^2,0.412875,5,0.5,29,29,0,0.0694221157311379,0.00558064078867416,0.0747036865802094,-2.77555756156289e-17,7.43807426797829e-33,8.62442709284408e-17,0.0694221157311379,0.00558064078867416,0.0747036865802094,0,0,0,0,0,0,0.0694221157311379,0.00558064078867416,0.0747036865802094,-3.14517466776157e-18,-3.14517466776157e-18,5.43089453796353e-19,5.43089453796353e-19,0,9.32495763754077e-19,0,9.32495763754077e-19,0,NaN
onlineCommonQueries,3,A,A,"Affine, fixed forgetting",dimensionless state,study3_pilot_20260918/runs/drift_A_fixed_000.mat,pilot,0,drift,0.5,derived pilot,Online at 59.9 s; different training histories,NaN,59.9,held,clean,(dimensionless state)^2,0.412875,10,1,29,29,0,0.0763614818517957,0.0069645867035006,0.0834540993810406,-5.02471627524317e-17,1.03004046336021e-32,1.01490909118019e-16,0.0763614818517957,0.0069645867035006,0.0834540993810406,0,0,0,0,0,0,0.0763614818517957,0.0069645867035006,0.0834540993810406,-7.79092006375826e-18,-7.79092006375826e-18,8.5202615985102e-19,8.5202615985102e-19,0,1.25014572589386e-18,0,1.25014572589386e-18,0,NaN
onlineCommonQueries,3,A,A,"Affine, fixed forgetting",dimensionless state,study3_pilot_20260918/runs/drift_A_fixed_000.mat,pilot,0,drift,0.5,derived pilot,Online at 59.9 s; different training histories,NaN,59.9,held,clean,(dimensionless state)^2,0.412875,20,2,29,29,0,0.0769875508726258,0.00723657840017684,0.0850680809715186,-6.1732228524416e-17,1.20669472722469e-32,1.0984965758821e-16,0.0769875508726257,0.00723657840017683,0.0850680809715185,0,0,0,0,0,0,0.0769875508726257,0.00723657840017683,0.0850680809715185,-1.08706107230297e-17,-1.08706107230297e-17,-1.27245360880797e-18,-1.27245360880797e-18,0,1.45336263847967e-18,0,1.45336263847967e-18,0,NaN
onlineCommonQueries,3,A,A,"Affine, fixed forgetting",dimensionless state,study3_pilot_20260918/runs/drift_A_fixed_000.mat,pilot,0,drift,0.5,derived pilot,Online at 59.9 s; different training histories,NaN,59.9,rateLimited,clean,(dimensionless state)^2,0.412875,1,0.1,29,29,0,0.0282721613213019,0.00102809304616866,0.0320638900660644,0,1.32822754785327e-35,3.64448562605653e-18,0.0282721613213019,0.00102809304616866,0.0320638900660644,0,0,0,0,0,0,0.0282721613213019,0.00102809304616866,0.0320638900660644,-2.07012612886433e-22,-2.07012612886433e-22,2.07012612886419e-22,2.07012612886419e-22,0,4.32556633101766e-21,0,4.32556633101766e-21,0,NaN
onlineCommonQueries,3,A,A,"Affine, fixed forgetting",dimensionless state,study3_pilot_20260918/runs/drift_A_fixed_000.mat,pilot,0,drift,0.5,derived pilot,Online at 59.9 s; different training histories,NaN,59.9,rateLimited,clean,(dimensionless state)^2,0.412875,2,0.2,29,29,0,0.0512453229477955,0.00331177833063566,0.057548052361793,-1.43563322149805e-17,1.59387305742392e-33,3.992333975789e-17,0.0512453229477954,0.00331177833063566,0.0575480523617929,0,0,0,0,0,0,0.0512453229477954,0.00331177833063566,0.0575480523617929,-7.93181771058658e-19,-7.93181771058658e-19,-9.41541704918151e-19,-9.41541704918151e-19,0,1.56489011901432e-19,0,1.56489011901432e-19,0,NaN
onlineCommonQueries,3,A,A,"Affine, fixed forgetting",dimensionless state,study3_pilot_20260918/runs/drift_A_fixed_000.mat,pilot,0,drift,0.5,derived pilot,Online at 59.9 s; different training histories,NaN,59.9,rateLimited,clean,(dimensionless state)^2,0.412875,5,0.5,29,29,0,0.0687540381056734,0.0069783455938742,0.0835364925878158,-1.81846874723086e-17,8.64676133652476e-33,9.29879633959405e-17,0.0687540381056734,0.0069783455938742,0.0835364925878158,0,0,0,0,0,0,0.0687540381056734,0.0069783455938742,0.0835364925878158,-1.48079749299587e-18,-1.48079749299587e-18,6.13435755007461e-19,6.13435755007461e-19,0,6.50069799025539e-19,0,6.50069799025539e-19,0,NaN
onlineCommonQueries,3,A,A,"Affine, fixed forgetting",dimensionless state,study3_pilot_20260918/runs/drift_A_fixed_000.mat,pilot,0,drift,0.5,derived pilot,Online at 59.9 s; different training histories,NaN,59.9,rateLimited,clean,(dimensionless state)^2,0.412875,10,1,29,29,0,0.0799990438031349,0.00847899545515949,0.0920814609742889,-2.63199423941309e-17,6.43526246934907e-33,8.022008769223e-17,0.0799990438031348,0.00847899545515948,0.0920814609742888,0,0,0,0,0,0,0.0799990438031348,0.00847899545515948,0.0920814609742888,-5.19525336700504e-18,-5.19525336700504e-18,-8.91706092538265e-21,-8.91706092538265e-21,0,2.03598693269013e-18,0,2.03598693269013e-18,0,NaN
onlineCommonQueries,3,A,A,"Affine, fixed forgetting",dimensionless state,study3_pilot_20260918/runs/drift_A_fixed_000.mat,pilot,0,drift,0.5,derived pilot,Online at 59.9 s; different training histories,NaN,59.9,rateLimited,clean,(dimensionless state)^2,0.412875,20,2,29,29,0,0.0704663758187412,0.00785051171407884,0.0886031134558986,-9.0923437361543e-18,3.63270234337868e-33,6.02719034325172e-17,0.0704663758187412,0.00785051171407884,0.0886031134558986,0,0,0,0,0,0,0.0704663758187412,0.00785051171407884,0.0886031134558986,-5.46498011127102e-19,-5.46498011127102e-19,-1.18822546484971e-18,-1.18822546484971e-18,0,1.68436867454408e-18,0,1.68436867454408e-18,0,NaN
onlineCommonQueries,3,A,A,"Affine, fixed forgetting",dimensionless state,study3_pilot_20260918/runs/drift_A_fixed_000.mat,pilot,0,drift,0.5,derived pilot,Online at 95 s; different training histories,NaN,95,held,clean,(dimensionless state)^2,0.3,1,0.1,29,29,0,0.00745844457437095,0.00103764266409447,0.0322124613169262,-4.78544407166016e-19,6.64113773926633e-36,2.57704050012147e-18,0.00745844457437095,0.00103764266409447,0.0322124613169262,0,0,0,0,0,0,0.00745844457437095,0.00103764266409447,0.0322124613169262,-3.49589298220812e-20,-3.49589298220812e-20,3.49589298220812e-20,3.49589298220812e-20,0,7.03932076451505e-20,0,7.03932076451505e-20,0,NaN
onlineCommonQueries,3,A,A,"Affine, fixed forgetting",dimensionless state,study3_pilot_20260918/runs/drift_A_fixed_000.mat,pilot,0,drift,0.5,derived pilot,Online at 95 s; different training histories,NaN,95,held,clean,(dimensionless state)^2,0.3,2,0.2,29,29,0,0.0127814283170865,0.00219951727312493,0.0468990114301456,-1.29206989934824e-17,2.31775707100395e-33,4.81430895456861e-17,0.0127814283170865,0.00219951727312493,0.0468990114301456,0,0,0,0,0,0,0.0127814283170865,0.00219951727312493,0.0468990114301456,-1.28968659347639e-18,-1.28968659347639e-18,-4.45036882500416e-19,-4.45036882500416e-19,0,4.32308070126261e-19,0,4.32308070126261e-19,0,NaN
onlineCommonQueries,3,A,A,"Affine, fixed forgetting",dimensionless state,study3_pilot_20260918/runs/drift_A_fixed_000.mat,pilot,0,drift,0.5,derived pilot,Online at 95 s; different training histories,NaN,95,held,clean,(dimensionless state)^2,0.3,5,0.5,29,29,0,0.0207620833330865,0.00255115853179206,0.0505089945632663,-2.00988651009727e-17,7.25212241127883e-33,8.51593941457948e-17,0.0207620833330865,0.00255115853179206,0.0505089945632662,0,0,0,0,0,0,0.0207620833330865,0.00255115853179206,0.0505089945632662,-2.35409042821226e-18,-2.35409042821226e-18,-6.81675654747158e-19,-6.81675654747158e-19,0,7.44365904202921e-19,0,7.44365904202921e-19,0,NaN
onlineCommonQueries,3,A,A,"Affine, fixed forgetting",dimensionless state,study3_pilot_20260918/runs/drift_A_fixed_000.mat,pilot,0,drift,0.5,derived pilot,Online at 95 s; different training histories,NaN,95,held,clean,(dimensionless state)^2,0.3,10,1,29,29,0,0.0235432905085388,0.0016074244643903,0.0400926983924792,-1.53134210293125e-17,9.09835870279487e-33,9.53853170188938e-17,0.0235432905085388,0.0016074244643903,0.0400926983924792,0,0,0,0,0,0,0.0235432905085388,0.0016074244643903,0.0400926983924792,-1.19035955839095e-18,-1.19035955839095e-18,-1.1068304859166e-19,-1.1068304859166e-19,0,6.25933574994181e-19,0,6.25933574994181e-19,0,NaN
onlineCommonQueries,3,A,A,"Affine, fixed forgetting",dimensionless state,study3_pilot_20260918/runs/drift_A_fixed_000.mat,pilot,0,drift,0.5,derived pilot,Online at 95 s; different training histories,NaN,95,held,clean,(dimensionless state)^2,0.3,20,2,29,29,0,0.0236551295929129,0.00131676164902284,0.0362872105434248,-1.77061430651426e-17,9.99491229759583e-33,9.99745582515663e-17,0.0236551295929129,0.00131676164902284,0.0362872105434248,0,0,0,0,0,0,0.0236551295929129,0.00131676164902284,0.0362872105434248,-5.99093994016943e-19,-5.99093994016943e-19,-2.6826774397147e-19,-2.6826774397147e-19,0,3.6747061502751e-19,0,3.6747061502751e-19,0,NaN
onlineCommonQueries,3,A,A,"Affine, fixed forgetting",dimensionless state,study3_pilot_20260918/runs/drift_A_fixed_000.mat,pilot,0,drift,0.5,derived pilot,Online at 95 s; different training histories,NaN,95,rateLimited,clean,(dimensionless state)^2,0.3,1,0.1,29,29,0,0.00745844457437095,0.00103764266409447,0.0322124613169262,-4.78544407166016e-19,6.64113773926633e-36,2.57704050012147e-18,0.00745844457437095,0.00103764266409447,0.0322124613169262,0,0,0,0,0,0,0.00745844457437095,0.00103764266409447,0.0322124613169262,-3.49589298220812e-20,-3.49589298220812e-20,3.49589298220812e-20,3.49589298220812e-20,0,7.03932076451505e-20,0,7.03932076451505e-20,0,NaN
onlineCommonQueries,3,A,A,"Affine, fixed forgetting",dimensionless state,study3_pilot_20260918/runs/drift_A_fixed_000.mat,pilot,0,drift,0.5,derived pilot,Online at 95 s; different training histories,NaN,95,rateLimited,clean,(dimensionless state)^2,0.3,2,0.2,29,29,0,0.0171636539102388,0.00323249102417509,0.0568549999927455,-8.13525492182227e-18,2.02554701047623e-33,4.50060774837825e-17,0.0171636539102388,0.00323249102417509,0.0568549999927455,0,0,0,0,0,0,0.0171636539102388,0.00323249102417509,0.0568549999927455,-7.36783634030378e-19,-7.36783634030378e-19,-5.64258972952229e-19,-5.64258972952229e-19,0,4.32308070126261e-19,0,4.32308070126261e-19,0,NaN
onlineCommonQueries,3,A,A,"Affine, fixed forgetting",dimensionless state,study3_pilot_20260918/runs/drift_A_fixed_000.mat,pilot,0,drift,0.5,derived pilot,Online at 95 s; different training histories,NaN,95,rateLimited,clean,(dimensionless state)^2,0.3,5,0.5,29,29,0,0.0252963734670555,0.00520370172946526,0.0721366878187879,-1.48348766221465e-17,5.39924498202353e-33,7.34795548572766e-17,0.0252963734670555,0.00520370172946526,0.0721366878187879,0,0,0,0,0,0,0.0252963734670555,0.00520370172946526,0.0721366878187879,-2.32110974332888e-18,-2.32110974332888e-18,5.86386267352064e-19,5.86386267352064e-19,1.38777878078145e-17,5.76256308819539e-18,1.38777878078145e-17,5.76256308819539e-18,0,NaN
onlineCommonQueries,3,A,A,"Affine, fixed forgetting",dimensionless state,study3_pilot_20260918/runs/drift_A_fixed_000.mat,pilot,0,drift,0.5,derived pilot,Online at 95 s; different training histories,NaN,95,rateLimited,clean,(dimensionless state)^2,0.3,10,1,29,29,0,0.0277626836498876,0.00252950980905479,0.0502942323637094,-2.08166817117217e-17,9.86374982724532e-33,9.93164126780932e-17,0.0277626836498876,0.00252950980905479,0.0502942323637093,0,0,0,0,0,0,0.0277626836498876,0.00252950980905479,0.0502942323637093,-1.57299619840188e-18,-1.57299619840188e-18,7.05634460413466e-19,7.05634460413466e-19,0,1.32209822817373e-18,0,1.32209822817373e-18,0,NaN
onlineCommonQueries,3,A,A,"Affine, fixed forgetting",dimensionless state,study3_pilot_20260918/runs/drift_A_fixed_000.mat,pilot,0,drift,0.5,derived pilot,Online at 95 s; different training histories,NaN,95,rateLimited,clean,(dimensionless state)^2,0.3,20,2,29,29,0,0.0200241421089961,0.00225822152491459,0.0475207483623163,-1.38777878078145e-17,1.05892941252602e-32,1.02904295951433e-16,0.0200241421089961,0.00225822152491459,0.0475207483623163,0,0,0,0,0,0,0.0200241421089961,0.00225822152491459,0.0475207483623163,-1.87328688940955e-18,-1.87328688940955e-18,-2.95117455561468e-19,-2.95117455561468e-19,6.93889390390723e-18,1.28815932528752e-18,6.93889390390723e-18,1.28815932528752e-18,0,NaN
onlineCommonQueries,3,A,A,"Affine, variable forgetting",dimensionless state,study3_pilot_20260918/runs/drift_A_vrf_000.mat,pilot,0,drift,0.5,derived pilot,Online at 49.9 s; different training histories,NaN,49.9,held,clean,(dimensionless state)^2,0.45,1,0.1,29,29,0,0.0176278948116436,0.000507683787818755,0.0225318394237744,1.19636101791504e-18,1.49425599133492e-35,3.86556075018221e-18,0.0176278948116436,0.000507683787818756,0.0225318394237744,0,0,0,0,0,0,0.0176278948116436,0.000507683787818756,0.0225318394237744,9.82105564178203e-20,9.82105564178203e-20,1.02096608307302e-20,1.02096608307302e-20,0,1.16301557334795e-19,0,1.16301557334795e-19,0,NaN
onlineCommonQueries,3,A,A,"Affine, variable forgetting",dimensionless state,study3_pilot_20260918/runs/drift_A_vrf_000.mat,pilot,0,drift,0.5,derived pilot,Online at 49.9 s; different training histories,NaN,49.9,held,clean,(dimensionless state)^2,0.45,2,0.2,29,29,0,0.0289941339330491,0.00132696485483076,0.0364275288048854,4.78544407166016e-18,1.51417940455272e-33,3.89124582178089e-17,0.0289941339330491,0.00132696485483076,0.0364275288048854,0,0,0,0,0,0,0.0289941339330491,0.00132696485483076,0.0364275288048854,-1.13183373974583e-19,-1.13183373974583e-19,3.30023808471682e-19,3.30023808471682e-19,0,1.66522796664504e-19,0,1.66522796664504e-19,0,NaN
onlineCommonQueries,3,A,A,"Affine, variable forgetting",dimensionless state,study3_pilot_20260918/runs/drift_A_vrf_000.mat,pilot,0,drift,0.5,derived pilot,Online at 49.9 s; different training histories,NaN,49.9,held,clean,(dimensionless state)^2,0.45,5,0.5,29,29,0,0.0439108501293336,0.00315329250110132,0.0561541850720079,3.1583930872957e-17,5.56527342550519e-33,7.4600760220692e-17,0.0439108501293337,0.00315329250110132,0.0561541850720079,0,0,0,0,0,0,0.0439108501293337,0.00315329250110132,0.0561541850720079,1.61171813228087e-18,1.61171813228087e-18,-1.17803726328667e-18,-1.17803726328667e-18,0,5.75518243187718e-19,0,5.75518243187718e-19,0,NaN
onlineCommonQueries,3,A,A,"Affine, variable forgetting",dimensionless state,study3_pilot_20260918/runs/drift_A_vrf_000.mat,pilot,0,drift,0.5,derived pilot,Online at 49.9 s; different training histories,NaN,49.9,held,clean,(dimensionless state)^2,0.45,10,1,29,29,0,0.048326955202692,0.00432646350459729,0.0657758580681187,5.45540624169258e-17,1.69747480615647e-32,1.30287175353389e-16,0.048326955202692,0.0043264635045973,0.0657758580681187,0,0,0,0,0,0,0.048326955202692,0.0043264635045973,0.0657758580681187,4.28594037956158e-18,4.28594037956158e-18,5.08683103804251e-20,5.08683103804251e-20,0,1.31335878442056e-18,0,1.31335878442056e-18,0,NaN
onlineCommonQueries,3,A,A,"Affine, variable forgetting",dimensionless state,study3_pilot_20260918/runs/drift_A_vrf_000.mat,pilot,0,drift,0.5,derived pilot,Online at 49.9 s; different training histories,NaN,49.9,held,clean,(dimensionless state)^2,0.45,20,2,29,29,0,0.0485751663394095,0.00466340137995117,0.068289101472718,5.26398847882617e-17,1.23525161950354e-32,1.11141874174567e-16,0.0485751663394095,0.00466340137995118,0.068289101472718,0,0,0,0,0,0,0.0485751663394095,0.00466340137995118,0.068289101472718,3.16109378018425e-18,3.16109378018425e-18,3.08353171769353e-19,3.08353171769353e-19,0,8.56836853049902e-19,0,8.56836853049902e-19,0,NaN
onlineCommonQueries,3,A,A,"Affine, variable forgetting",dimensionless state,study3_pilot_20260918/runs/drift_A_vrf_000.mat,pilot,0,drift,0.5,derived pilot,Online at 49.9 s; different training histories,NaN,49.9,rateLimited,clean,(dimensionless state)^2,0.45,1,0.1,29,29,0,0.0176278948116436,0.000507683787818755,0.0225318394237744,1.19636101791504e-18,1.49425599133492e-35,3.86556075018221e-18,0.0176278948116436,0.000507683787818756,0.0225318394237744,0,0,0,0,0,0,0.0176278948116436,0.000507683787818756,0.0225318394237744,9.82105564178203e-20,9.82105564178203e-20,1.02096608307302e-20,1.02096608307302e-20,0,1.16301557334795e-19,0,1.16301557334795e-19,0,NaN
onlineCommonQueries,3,A,A,"Affine, variable forgetting",dimensionless state,study3_pilot_20260918/runs/drift_A_vrf_000.mat,pilot,0,drift,0.5,derived pilot,Online at 49.9 s; different training histories,NaN,49.9,rateLimited,clean,(dimensionless state)^2,0.45,2,0.2,29,29,0,0.0353933330585063,0.0018104209679601,0.0425490419158892,1.10065213648184e-17,1.25517503272134e-33,3.54284494823205e-17,0.0353933330585063,0.0018104209679601,0.0425490419158892,0,0,0,0,0,0,0.0353933330585063,0.0018104209679601,0.0425490419158892,4.38581775544677e-19,4.38581775544677e-19,2.11939527946624e-19,2.11939527946624e-19,0,3.10352884882883e-19,0,3.10352884882883e-19,0,NaN
onlineCommonQueries,3,A,A,"Affine, variable forgetting",dimensionless state,study3_pilot_20260918/runs/drift_A_vrf_000.mat,pilot,0,drift,0.5,derived pilot,Online at 49.9 s; different training histories,NaN,49.9,rateLimited,clean,(dimensionless state)^2,0.45,5,0.5,29,29,0,0.0461512026290031,0.00401220400695335,0.0633419608707637,2.87126644299609e-17,5.07382923279948e-33,7.12308165950628e-17,0.0461512026290031,0.00401220400695336,0.0633419608707637,0,0,0,0,0,0,0.0461512026290031,0.00401220400695336,0.0633419608707637,3.40541581344e-18,3.40541581344e-18,9.31392876502014e-19,9.31392876502014e-19,0,1.27748635853811e-18,0,1.27748635853811e-18,0,NaN
onlineCommonQueries,3,A,A,"Affine, variable forgetting",dimensionless state,study3_pilot_20260918/runs/drift_A_vrf_000.mat,pilot,0,drift,0.5,derived pilot,Online at 49.9 s; different training histories,NaN,49.9,rateLimited,clean,(dimensionless state)^2,0.45,10,1,29,29,0,0.0574631034844398,0.00491009640311742,0.0700720800541658,4.59402630879375e-17,1.10674560424873e-32,1.05201977369664e-16,0.0574631034844398,0.00491009640311742,0.0700720800541658,0,0,0,0,0,0,0.0574631034844398,0.00491009640311742,0.0700720800541658,2.88382023249776e-18,2.88382023249776e-18,-1.14909675652096e-18,-1.14909675652096e-18,6.93889390390723e-18,2.69384154785444e-18,6.93889390390723e-18,2.69384154785444e-18,0,NaN
onlineCommonQueries,3,A,A,"Affine, variable forgetting",dimensionless state,study3_pilot_20260918/runs/drift_A_vrf_000.mat,pilot,0,drift,0.5,derived pilot,Online at 49.9 s; different training histories,NaN,49.9,rateLimited,clean,(dimensionless state)^2,0.45,20,2,29,29,0,0.0401620539080354,0.00457260149651608,0.0676210137199678,2.8951936633544e-17,9.08673671175116e-33,9.53243762725524e-17,0.0401620539080354,0.00457260149651608,0.0676210137199678,0,0,0,0,0,0,0.0401620539080354,0.00457260149651608,0.0676210137199678,4.03115223150763e-18,4.03115223150763e-18,-2.29642875553083e-18,-2.29642875553083e-18,6.93889390390723e-18,1.47265838853703e-18,6.93889390390723e-18,1.47265838853703e-18,0,NaN
onlineCommonQueries,3,A,A,"Affine, variable forgetting",dimensionless state,study3_pilot_20260918/runs/drift_A_vrf_000.mat,pilot,0,drift,0.5,derived pilot,Online at 55 s; different training histories,NaN,55,held,clean,(dimensionless state)^2,0.43125,1,0.1,29,29,0,0.0189535096240274,0.000534670061833391,0.023122933677053,0,0,0,0.0189535096240274,0.000534670061833391,0.023122933677053,0,0,0,0,0,0,0.0189535096240274,0.000534670061833391,0.023122933677053,0,0,0,0,0,0,0,0,0,NaN
onlineCommonQueries,3,A,A,"Affine, variable forgetting",dimensionless state,study3_pilot_20260918/runs/drift_A_vrf_000.mat,pilot,0,drift,0.5,derived pilot,Online at 55 s; different training histories,NaN,55,held,clean,(dimensionless state)^2,0.43125,2,0.2,29,29,0,0.0314406060633766,0.00139488738685007,0.0373481912125617,-8.61379932898828e-18,7.70371977754894e-34,2.77555756156289e-17,0.0314406060633766,0.00139488738685007,0.0373481912125617,0,0,0,0,0,0,0.0314406060633766,0.00139488738685007,0.0373481912125617,-4.96846661940878e-19,-4.96846661940878e-19,6.31657929466758e-20,6.31657929466758e-20,0,1.20774801074263e-19,0,1.20774801074263e-19,0,NaN
onlineCommonQueries,3,A,A,"Affine, variable forgetting",dimensionless state,study3_pilot_20260918/runs/drift_A_vrf_000.mat,pilot,0,drift,0.5,derived pilot,Online at 55 s; different training histories,NaN,55,held,clean,(dimensionless state)^2,0.43125,5,0.5,29,29,0,0.0485113608080958,0.0032364980293998,0.056890227890208,-3.25410196872891e-17,6.0168707917753e-33,7.75684909726578e-17,0.0485113608080958,0.0032364980293998,0.056890227890208,0,0,0,0,0,0,0.0485113608080958,0.0032364980293998,0.056890227890208,-2.91896846233553e-18,-2.91896846233553e-18,7.50564117364519e-19,7.50564117364519e-19,0,4.99026164457443e-19,0,4.99026164457443e-19,0,NaN
onlineCommonQueries,3,A,A,"Affine, variable forgetting",dimensionless state,study3_pilot_20260918/runs/drift_A_vrf_000.mat,pilot,0,drift,0.5,derived pilot,Online at 55 s; different training histories,NaN,55,held,clean,(dimensionless state)^2,0.43125,10,1,29,29,0,0.054160792194553,0.00428520747440111,0.0654614961210108,-7.36958387035664e-17,2.36690149027452e-32,1.5384737535215e-16,0.0541607921945529,0.0042852074744011,0.0654614961210107,0,0,0,0,0,0,0.0541607921945529,0.0042852074744011,0.0654614961210107,-8.46777320189154e-18,-8.46777320189154e-18,6.61517559995883e-19,6.61517559995883e-19,0,5.30737463757902e-19,0,5.30737463757902e-19,0,NaN
onlineCommonQueries,3,A,A,"Affine, variable forgetting",dimensionless state,study3_pilot_20260918/runs/drift_A_vrf_000.mat,pilot,0,drift,0.5,derived pilot,Online at 55 s; different training histories,NaN,55,held,clean,(dimensionless state)^2,0.43125,20,2,29,29,0,0.0547260853004198,0.00454035174334515,0.0673821322261707,-6.98674834462383e-17,2.05875269917256e-32,1.4348354258146e-16,0.0547260853004197,0.00454035174334514,0.0673821322261706,0,0,0,0,0,0,0.0547260853004197,0.00454035174334514,0.0673821322261706,-8.13810675256076e-18,-8.13810675256076e-18,-5.35510627323294e-19,-5.35510627323294e-19,0,1.68135706310669e-18,0,1.68135706310669e-18,0,NaN
onlineCommonQueries,3,A,A,"Affine, variable forgetting",dimensionless state,study3_pilot_20260918/runs/drift_A_vrf_000.mat,pilot,0,drift,0.5,derived pilot,Online at 55 s; different training histories,NaN,55,rateLimited,clean,(dimensionless state)^2,0.43125,1,0.1,29,29,0,0.0189535096240274,0.000534670061833391,0.023122933677053,0,0,0,0.0189535096240274,0.000534670061833391,0.023122933677053,0,0,0,0,0,0,0.0189535096240274,0.000534670061833391,0.023122933677053,0,0,0,0,0,0,0,0,0,NaN
onlineCommonQueries,3,A,A,"Affine, variable forgetting",dimensionless state,study3_pilot_20260918/runs/drift_A_vrf_000.mat,pilot,0,drift,0.5,derived pilot,Online at 55 s; different training histories,NaN,55,rateLimited,clean,(dimensionless state)^2,0.43125,2,0.2,29,29,0,0.0373862062221931,0.00186307866367978,0.0431633949508119,-1.00494325504863e-17,6.70754911665899e-34,2.5898936496812e-17,0.0373862062221931,0.00186307866367977,0.0431633949508119,0,0,0,0,0,0,0.0373862062221931,0.00186307866367977,0.0431633949508119,-9.75704740711752e-19,-9.75704740711752e-19,-3.25337866270854e-19,-3.25337866270854e-19,0,2.97036901938426e-19,0,2.97036901938426e-19,0,NaN
onlineCommonQueries,3,A,A,"Affine, variable forgetting",dimensionless state,study3_pilot_20260918/runs/drift_A_vrf_000.mat,pilot,0,drift,0.5,derived pilot,Online at 55 s; different training histories,NaN,55,rateLimited,clean,(dimensionless state)^2,0.43125,5,0.5,29,29,0,0.0501284081256368,0.00374882923219936,0.0612276835442871,-2.9669753244293e-17,7.30525151319296e-33,8.54707640845275e-17,0.0501284081256367,0.00374882923219936,0.061227683544287,0,0,0,0,0,0,0.0501284081256367,0.00374882923219936,0.061227683544287,-4.40714155177528e-18,-4.40714155177528e-18,-7.9702887615515e-19,-7.9702887615515e-19,0,1.26253224425274e-18,0,1.26253224425274e-18,0,NaN
onlineCommonQueries,3,A,A,"Affine, variable forgetting",dimensionless state,study3_pilot_20260918/runs/drift_A_vrf_000.mat,pilot,0,drift,0.5,derived pilot,Online at 55 s; different training histories,NaN,55,rateLimited,clean,(dimensionless state)^2,0.43125,10,1,29,29,0,0.0609247015206181,0.00497665442690266,0.0705454068448305,-2.9669753244293e-17,1.51119089257005e-32,1.22930504455568e-16,0.060924701520618,0.00497665442690265,0.0705454068448305,0,0,0,0,0,0,0.060924701520618,0.00497665442690265,0.0705454068448305,-4.26887502134425e-18,-4.26887502134425e-18,7.99428069390623e-19,7.99428069390623e-19,6.93889390390723e-18,1.40217441817795e-18,6.93889390390723e-18,1.40217441817795e-18,0,NaN
onlineCommonQueries,3,A,A,"Affine, variable forgetting",dimensionless state,study3_pilot_20260918/runs/drift_A_vrf_000.mat,pilot,0,drift,0.5,derived pilot,Online at 55 s; different training histories,NaN,55,rateLimited,clean,(dimensionless state)^2,0.43125,20,2,29,29,0,0.0473898736534069,0.00441142212939232,0.0664185375433118,-2.46450369690498e-17,2.22029837468022e-32,1.49006656719766e-16,0.0473898736534069,0.00441142212939232,0.0664185375433118,0,0,0,0,0,0,0.0473898736534069,0.00441142212939232,0.0664185375433118,-4.86831886465098e-18,-4.86831886465098e-18,1.39887191269734e-18,1.39887191269734e-18,6.93889390390723e-18,1.53167947916799e-18,6.93889390390723e-18,1.53167947916799e-18,0,NaN
onlineCommonQueries,3,A,A,"Affine, variable forgetting",dimensionless state,study3_pilot_20260918/runs/drift_A_vrf_000.mat,pilot,0,drift,0.5,derived pilot,Online at 59.9 s; different training histories,NaN,59.9,held,clean,(dimensionless state)^2,0.412875,1,0.1,29,29,0,0.0194085059399368,0.000570903933294648,0.0238935960728947,3.34981085016211e-18,4.28353384182678e-34,2.06966998379616e-17,0.0194085059399368,0.000570903933294649,0.0238935960728947,0,0,0,0,0,0,0.0194085059399368,0.000570903933294649,0.0238935960728947,1.4493530755572e-19,1.4493530755572e-19,-3.65150903071698e-20,-3.65150903071698e-20,0,3.14722977522268e-20,0,3.14722977522268e-20,0,NaN
onlineCommonQueries,3,A,A,"Affine, variable forgetting",dimensionless state,study3_pilot_20260918/runs/drift_A_vrf_000.mat,pilot,0,drift,0.5,derived pilot,Online at 59.9 s; different training histories,NaN,59.9,held,clean,(dimensionless state)^2,0.412875,2,0.2,29,29,0,0.0323452794942423,0.00150074198504369,0.0387394112635143,-4.06762746091113e-18,3.11967445302036e-33,5.58540459861267e-17,0.0323452794942423,0.00150074198504369,0.0387394112635142,0,0,0,0,0,0,0.0323452794942423,0.00150074198504369,0.0387394112635142,-1.78703339614626e-19,-1.78703339614626e-19,-3.8137094882478e-20,-3.8137094882478e-20,0,2.76169970008985e-19,0,2.76169970008985e-19,0,NaN
onlineCommonQueries,3,A,A,"Affine, variable forgetting",dimensionless state,study3_pilot_20260918/runs/drift_A_vrf_000.mat,pilot,0,drift,0.5,derived pilot,Online at 59.9 s; different training histories,NaN,59.9,held,clean,(dimensionless state)^2,0.412875,5,0.5,29,29,0,0.0503995617723612,0.00347225539551673,0.0589258465829446,-4.78544407166016e-17,1.23259516440783e-32,1.11022302462516e-16,0.0503995617723612,0.00347225539551672,0.0589258465829446,0,0,0,0,0,0,0.0503995617723612,0.00347225539551672,0.0589258465829446,-4.71043902950498e-18,-4.71043902950498e-18,3.73630339562954e-19,3.73630339562954e-19,0,6.58379304840181e-19,0,6.58379304840181e-19,0,NaN
onlineCommonQueries,3,A,A,"Affine, variable forgetting",dimensionless state,study3_pilot_20260918/runs/drift_A_vrf_000.mat,pilot,0,drift,0.5,derived pilot,Online at 59.9 s; different training histories,NaN,59.9,held,clean,(dimensionless state)^2,0.412875,10,1,29,29,0,0.0566780055475821,0.00450620253753883,0.0671282543906724,-3.0626842058625e-17,6.80052504500872e-33,8.24652960038871e-17,0.0566780055475821,0.00450620253753883,0.0671282543906724,0,0,0,0,0,0,0.0566780055475821,0.00450620253753883,0.0671282543906724,-4.91668936262153e-18,-4.91668936262153e-18,-1.1548428032973e-18,-1.1548428032973e-18,0,8.10331047823772e-19,0,8.10331047823772e-19,0,NaN
onlineCommonQueries,3,A,A,"Affine, variable forgetting",dimensionless state,study3_pilot_20260918/runs/drift_A_vrf_000.mat,pilot,0,drift,0.5,derived pilot,Online at 59.9 s; different training histories,NaN,59.9,held,clean,(dimensionless state)^2,0.412875,20,2,29,29,0,0.0574205015005436,0.00472250672350869,0.06872049711337,-3.82835525732813e-17,1.11039823000533e-32,1.05375434993424e-16,0.0574205015005436,0.00472250672350869,0.0687204971133699,0,0,0,0,0,0,0.0574205015005436,0.00472250672350869,0.0687204971133699,-6.80202228476799e-18,-6.80202228476799e-18,-1.36871619139245e-19,-1.36871619139245e-19,0,6.39096662580625e-19,0,6.39096662580625e-19,0,NaN
onlineCommonQueries,3,A,A,"Affine, variable forgetting",dimensionless state,study3_pilot_20260918/runs/drift_A_vrf_000.mat,pilot,0,drift,0.5,derived pilot,Online at 59.9 s; different training histories,NaN,59.9,rateLimited,clean,(dimensionless state)^2,0.412875,1,0.1,29,29,0,0.0194085059399368,0.000570903933294648,0.0238935960728947,3.34981085016211e-18,4.28353384182678e-34,2.06966998379616e-17,0.0194085059399368,0.000570903933294649,0.0238935960728947,0,0,0,0,0,0,0.0194085059399368,0.000570903933294649,0.0238935960728947,1.4493530755572e-19,1.4493530755572e-19,-3.65150903071698e-20,-3.65150903071698e-20,0,3.14722977522268e-20,0,3.14722977522268e-20,0,NaN
onlineCommonQueries,3,A,A,"Affine, variable forgetting",dimensionless state,study3_pilot_20260918/runs/drift_A_vrf_000.mat,pilot,0,drift,0.5,derived pilot,Online at 59.9 s; different training histories,NaN,59.9,rateLimited,clean,(dimensionless state)^2,0.412875,2,0.2,29,29,0,0.0378029292187425,0.00189323560927936,0.0435113273674725,-3.34981085016211e-18,2.52695290979084e-33,5.02688065284112e-17,0.0378029292187425,0.00189323560927936,0.0435113273674725,0,0,0,0,0,0,0.0378029292187425,0.00189323560927936,0.0435113273674725,-1.66211341256584e-19,-1.66211341256584e-19,1.66211341256582e-19,1.66211341256582e-19,0,5.95911957776589e-19,0,5.95911957776589e-19,0,NaN
onlineCommonQueries,3,A,A,"Affine, variable forgetting",dimensionless state,study3_pilot_20260918/runs/drift_A_vrf_000.mat,pilot,0,drift,0.5,derived pilot,Online at 59.9 s; different training histories,NaN,59.9,rateLimited,clean,(dimensionless state)^2,0.412875,5,0.5,29,29,0,0.0512361834242822,0.00380426559753614,0.0616787288904055,-2.53628535797988e-17,7.60410271145995e-33,8.72015063600391e-17,0.0512361834242822,0.00380426559753614,0.0616787288904055,0,0,0,0,0,0,0.0512361834242822,0.00380426559753614,0.0616787288904055,-2.51479747179445e-18,-2.51479747179445e-18,1.21375486481184e-18,1.21375486481184e-18,0,8.19146882896655e-19,0,8.19146882896655e-19,0,NaN
onlineCommonQueries,3,A,A,"Affine, variable forgetting",dimensionless state,study3_pilot_20260918/runs/drift_A_vrf_000.mat,pilot,0,drift,0.5,derived pilot,Online at 59.9 s; different training histories,NaN,59.9,rateLimited,clean,(dimensionless state)^2,0.412875,10,1,29,29,0,0.0611499683922921,0.00513825406033465,0.0716816159160398,-1.48348766221465e-17,3.74892225381584e-33,6.12284431764833e-17,0.0611499683922921,0.00513825406033465,0.0716816159160398,0,0,0,0,0,0,0.0611499683922921,0.00513825406033465,0.0716816159160398,-1.25151899907252e-18,-1.25151899907252e-18,2.11888073706092e-18,2.11888073706092e-18,1.38777878078145e-17,2.26417871076293e-18,1.38777878078145e-17,2.26417871076293e-18,0,NaN
onlineCommonQueries,3,A,A,"Affine, variable forgetting",dimensionless state,study3_pilot_20260918/runs/drift_A_vrf_000.mat,pilot,0,drift,0.5,derived pilot,Online at 59.9 s; different training histories,NaN,59.9,rateLimited,clean,(dimensionless state)^2,0.412875,20,2,29,29,0,0.051075227355364,0.00477712789708193,0.0691167700133761,-3.1105386465791e-18,4.24866786869563e-33,6.51818062705816e-17,0.051075227355364,0.00477712789708193,0.0691167700133761,0,0,0,0,0,0,0.051075227355364,0.00477712789708193,0.0691167700133761,9.08971561915316e-20,9.08971561915316e-20,-9.08971561915358e-20,-9.08971561915358e-20,6.93889390390723e-18,2.97554428701636e-18,6.93889390390723e-18,2.97554428701636e-18,0,NaN
onlineCommonQueries,3,A,A,"Affine, variable forgetting",dimensionless state,study3_pilot_20260918/runs/drift_A_vrf_000.mat,pilot,0,drift,0.5,derived pilot,Online at 95 s; different training histories,NaN,95,held,clean,(dimensionless state)^2,0.3,1,0.1,29,29,0,0.00458945797103336,0.00212811000541208,0.0461314426981433,-1.19636101791504e-19,3.73563997833731e-36,1.9327803750911e-18,0.00458945797103335,0.00212811000541208,0.0461314426981433,0,0,0,0,0,0,0.00458945797103335,0.00212811000541208,0.0461314426981433,-4.68314981420591e-21,-4.68314981420591e-21,4.6831498142059e-21,4.6831498142059e-21,0,2.92769351718807e-20,0,2.92769351718807e-20,0,NaN
onlineCommonQueries,3,A,A,"Affine, variable forgetting",dimensionless state,study3_pilot_20260918/runs/drift_A_vrf_000.mat,pilot,0,drift,0.5,derived pilot,Online at 95 s; different training histories,NaN,95,held,clean,(dimensionless state)^2,0.3,2,0.2,29,29,0,0.00744830952253258,0.00475048496466932,0.0689237619741502,2.39272203583008e-19,1.4112417695941e-35,3.7566497968191e-18,0.00744830952253258,0.00475048496466932,0.0689237619741502,0,0,0,0,0,0,0.00744830952253258,0.00475048496466932,0.0689237619741502,6.0669789846684e-20,6.0669789846684e-20,-6.0669789846684e-20,-6.0669789846684e-20,3.46944695195361e-18,3.47951437817172e-19,3.46944695195361e-18,3.47951437817172e-19,0,NaN
onlineCommonQueries,3,A,A,"Affine, variable forgetting",dimensionless state,study3_pilot_20260918/runs/drift_A_vrf_000.mat,pilot,0,drift,0.5,derived pilot,Online at 95 s; different training histories,NaN,95,held,clean,(dimensionless state)^2,0.3,5,0.5,29,29,0,0.0100962139061982,0.00620834545174814,0.0787930545907959,1.41170600113975e-17,1.90102567786499e-33,4.36007531800196e-17,0.0100962139061982,0.00620834545174815,0.0787930545907959,0,0,0,0,0,0,0.0100962139061982,0.00620834545174815,0.0787930545907959,3.81717695945652e-18,3.81717695945652e-18,5.196317304855e-19,5.196317304855e-19,0,1.76136929867809e-18,0,1.76136929867809e-18,0,NaN
onlineCommonQueries,3,A,A,"Affine, variable forgetting",dimensionless state,study3_pilot_20260918/runs/drift_A_vrf_000.mat,pilot,0,drift,0.5,derived pilot,Online at 95 s; different training histories,NaN,95,held,clean,(dimensionless state)^2,0.3,10,1,29,29,0,0.00855921580198922,0.00400870774927779,0.063314356581093,2.9191208837127e-17,1.09645184075287e-32,1.0471159633741e-16,0.00855921580198924,0.00400870774927779,0.063314356581093,0,0,0,0,0,0,0.00855921580198924,0.00400870774927779,0.063314356581093,5.63704119176084e-18,5.63704119176084e-18,-4.32870763830429e-19,-4.32870763830429e-19,0,5.02631680917244e-19,0,5.02631680917244e-19,0,NaN
onlineCommonQueries,3,A,A,"Affine, variable forgetting",dimensionless state,study3_pilot_20260918/runs/drift_A_vrf_000.mat,pilot,0,drift,0.5,derived pilot,Online at 95 s; different training histories,NaN,95,held,clean,(dimensionless state)^2,0.3,20,2,29,29,0,0.00657088365442894,0.00310253790056199,0.0557004299854318,3.92406413876133e-17,1.02804812203843e-32,1.01392707925098e-16,0.00657088365442898,0.003102537900562,0.0557004299854319,0,0,0,0,0,0,0.00657088365442898,0.003102537900562,0.0557004299854319,4.60517515297177e-18,4.60517515297177e-18,5.98995274958637e-19,5.98995274958637e-19,0,6.1895224151899e-19,0,6.1895224151899e-19,0,NaN
onlineCommonQueries,3,A,A,"Affine, variable forgetting",dimensionless state,study3_pilot_20260918/runs/drift_A_vrf_000.mat,pilot,0,drift,0.5,derived pilot,Online at 95 s; different training histories,NaN,95,rateLimited,clean,(dimensionless state)^2,0.3,1,0.1,29,29,0,0.00458945797103336,0.00212811000541208,0.0461314426981433,-1.19636101791504e-19,3.73563997833731e-36,1.9327803750911e-18,0.00458945797103335,0.00212811000541208,0.0461314426981433,0,0,0,0,0,0,0.00458945797103335,0.00212811000541208,0.0461314426981433,-4.68314981420591e-21,-4.68314981420591e-21,4.6831498142059e-21,4.6831498142059e-21,0,2.92769351718807e-20,0,2.92769351718807e-20,0,NaN
onlineCommonQueries,3,A,A,"Affine, variable forgetting",dimensionless state,study3_pilot_20260918/runs/drift_A_vrf_000.mat,pilot,0,drift,0.5,derived pilot,Online at 95 s; different training histories,NaN,95,rateLimited,clean,(dimensionless state)^2,0.3,2,0.2,29,29,0,0.0119642150086268,0.00648815168778542,0.0805490638541841,2.15344983224707e-18,1.27011759263469e-34,1.12699493904573e-17,0.0119642150086268,0.00648815168778542,0.0805490638541841,0,0,0,0,0,0,0.0119642150086268,0.00648815168778542,0.0805490638541841,4.84789481337544e-19,4.84789481337544e-19,-4.84789481337544e-19,-4.84789481337544e-19,3.46944695195361e-18,6.54294761055846e-19,3.46944695195361e-18,6.54294761055846e-19,0,NaN
onlineCommonQueries,3,A,A,"Affine, variable forgetting",dimensionless state,study3_pilot_20260918/runs/drift_A_vrf_000.mat,pilot,0,drift,0.5,derived pilot,Online at 95 s; different training histories,NaN,95,rateLimited,clean,(dimensionless state)^2,0.3,5,0.5,29,29,0,0.0149365949778907,0.0105480709533776,0.102703802039543,2.36879481547178e-17,2.68717035775064e-33,5.18379239336476e-17,0.0149365949778907,0.0105480709533776,0.102703802039543,0,0,0,0,0,0,0.0149365949778907,0.0105480709533776,0.102703802039543,6.47589309134663e-18,6.47589309134663e-18,2.1977242885374e-18,2.1977242885374e-18,2.77555756156289e-17,1.4855974437357e-17,2.77555756156289e-17,1.4855974437357e-17,0,NaN
onlineCommonQueries,3,A,A,"Affine, variable forgetting",dimensionless state,study3_pilot_20260918/runs/drift_A_vrf_000.mat,pilot,0,drift,0.5,derived pilot,Online at 95 s; different training histories,NaN,95,rateLimited,clean,(dimensionless state)^2,0.3,10,1,29,29,0,0.011915109951868,0.00457872139085119,0.067666250013217,2.73966673102544e-17,5.42954517295893e-33,7.36854474978535e-17,0.011915109951868,0.00457872139085119,0.067666250013217,0,0,0,0,0,0,0.011915109951868,0.00457872139085119,0.067666250013217,1.32272608611308e-18,1.32272608611308e-18,-4.5536434812468e-19,-4.5536434812468e-19,1.73472347597681e-17,5.78599633500379e-18,1.73472347597681e-17,5.78599633500379e-18,0,NaN
onlineCommonQueries,3,A,A,"Affine, variable forgetting",dimensionless state,study3_pilot_20260918/runs/drift_A_vrf_000.mat,pilot,0,drift,0.5,derived pilot,Online at 95 s; different training histories,NaN,95,rateLimited,clean,(dimensionless state)^2,0.3,20,2,29,29,0,0.00287323661756496,0.00417235825277408,0.0645937942280377,3.00286615496675e-17,7.900048411966e-33,8.88822165113247e-17,0.00287323661756499,0.00417235825277408,0.0645937942280377,0,0,0,0,0,0,0.00287323661756499,0.00417235825277408,0.0645937942280377,-5.22764805552542e-20,-5.22764805552542e-20,9.1963821854365e-19,9.1963821854365e-19,6.93889390390723e-18,9.55162494010299e-19,6.93889390390723e-18,9.55162494010299e-19,0,NaN
onlineCommonQueries,3,A,S,"Shared, no forgetting",dimensionless state,study3_pilot_20260918/runs/drift_S_none_000.mat,pilot,0,drift,0.5,derived pilot,Online at 49.9 s; different training histories,NaN,49.9,held,clean,(dimensionless state)^2,0.45,1,0.1,29,29,0,-4.48960586769725e-07,4.60111258717207e-11,6.78315014368109e-06,-1.19636101791504e-18,8.81611034887605e-34,2.96919355193899e-17,-4.48960586770921e-07,4.60111258717342e-11,6.78315014368208e-06,0,0,0,0,0,0,-4.48960586770921e-07,4.60111258717342e-11,6.78315014368208e-06,1.34774132200294e-23,1.34774132200294e-23,9.50817282466691e-27,9.50817282466691e-27,0,1.17492403481751e-26,0,1.17492403481751e-26,0,NaN
onlineCommonQueries,3,A,S,"Shared, no forgetting",dimensionless state,study3_pilot_20260918/runs/drift_S_none_000.mat,pilot,0,drift,0.5,derived pilot,Online at 49.9 s; different training histories,NaN,49.9,held,clean,(dimensionless state)^2,0.45,2,0.2,29,29,0,-1.09577670061204e-06,1.06093772332698e-10,1.03001831213187e-05,7.89598271823926e-18,2.59170400274869e-33,5.09087811948851e-17,-1.09577670060414e-06,1.06093772333227e-10,1.03001831213443e-05,0,0,0,0,0,0,-1.09577670060414e-06,1.06093772333227e-10,1.03001831213443e-05,5.28485774262635e-22,5.28485774262635e-22,-7.83572333971541e-27,-7.83572333971541e-27,0,5.69223663539532e-26,0,5.69223663539532e-26,0,NaN
onlineCommonQueries,3,A,S,"Shared, no forgetting",dimensionless state,study3_pilot_20260918/runs/drift_S_none_000.mat,pilot,0,drift,0.5,derived pilot,Online at 49.9 s; different training histories,NaN,49.9,held,clean,(dimensionless state)^2,0.45,5,0.5,29,29,0,-2.79436523136998e-06,1.95913215418994e-10,1.399690020751e-05,1.81846874723086e-17,1.09844418207465e-32,1.04806687862686e-16,-2.7943652313518e-06,1.95913215419874e-10,1.39969002075414e-05,0,0,0,0,0,0,-2.7943652313518e-06,1.95913215419874e-10,1.39969002075414e-05,8.80057807708109e-22,8.80057807708109e-22,-1.51841450988863e-26,-1.51841450988863e-26,0,6.95040814946462e-26,0,6.95040814946462e-26,0,NaN
onlineCommonQueries,3,A,S,"Shared, no forgetting",dimensionless state,study3_pilot_20260918/runs/drift_S_none_000.mat,pilot,0,drift,0.5,derived pilot,Online at 49.9 s; different training histories,NaN,49.9,held,clean,(dimensionless state)^2,0.45,10,1,29,29,0,-3.92249958603401e-06,2.29463268815351e-10,1.5148045049291e-05,2.63199423941309e-17,1.58922426100643e-32,1.26064438324471e-16,-3.92249958600769e-06,2.29463268816411e-10,1.5148045049326e-05,0,0,0,0,0,0,-3.92249958600769e-06,2.29463268816411e-10,1.5148045049326e-05,1.05988621880283e-21,1.05988621880283e-21,6.81879855588493e-26,6.81879855588493e-26,0,3.68786803253067e-26,0,3.68786803253067e-26,0,NaN
onlineCommonQueries,3,A,S,"Shared, no forgetting",dimensionless state,study3_pilot_20260918/runs/drift_S_none_000.mat,pilot,0,drift,0.5,derived pilot,Online at 49.9 s; different training histories,NaN,49.9,held,clean,(dimensionless state)^2,0.45,20,2,29,29,0,-4.16685255711579e-06,2.31885810211947e-10,1.52277972869338e-05,9.0923437361543e-18,1.51749997342236e-32,1.23186848868796e-16,-4.1668525571067e-06,2.31885810213678e-10,1.52277972869906e-05,0,0,0,0,0,0,-4.1668525571067e-06,2.31885810213678e-10,1.52277972869906e-05,1.73106443079421e-21,1.73106443079421e-21,1.77961109670516e-26,1.77961109670516e-26,0,1.29887710655725e-25,0,1.29887710655725e-25,0,NaN
onlineCommonQueries,3,A,S,"Shared, no forgetting",dimensionless state,study3_pilot_20260918/runs/drift_S_none_000.mat,pilot,0,drift,0.5,derived pilot,Online at 49.9 s; different training histories,NaN,49.9,rateLimited,clean,(dimensionless state)^2,0.45,1,0.1,29,29,0,-4.48960586769725e-07,4.60111258717207e-11,6.78315014368109e-06,-1.19636101791504e-18,8.81611034887605e-34,2.96919355193899e-17,-4.48960586770921e-07,4.60111258717342e-11,6.78315014368208e-06,0,0,0,0,0,0,-4.48960586770921e-07,4.60111258717342e-11,6.78315014368208e-06,1.34774132200294e-23,1.34774132200294e-23,9.50817282466691e-27,9.50817282466691e-27,0,1.17492403481751e-26,0,1.17492403481751e-26,0,NaN
onlineCommonQueries,3,A,S,"Shared, no forgetting",dimensionless state,study3_pilot_20260918/runs/drift_S_none_000.mat,pilot,0,drift,0.5,derived pilot,Online at 49.9 s; different training histories,NaN,49.9,rateLimited,clean,(dimensionless state)^2,0.45,2,0.2,29,29,0,-2.89537999406818e-07,1.88487239293367e-10,1.37290654923548e-05,-0.0017668540637175,6.37188910615606e-06,0.00252426011063758,-0.00176714360171691,6.36266609289615e-06,0.0025224325744995,0,0,0,0,0,0,-0.00176714360171691,6.36266609289615e-06,0.0025224325744995,-9.41150049919994e-09,-9.41150049919994e-09,-2.38393452537783e-21,-2.38393452537783e-21,0,1.87935435172048e-21,0,1.87935435172048e-21,0,NaN
onlineCommonQueries,3,A,S,"Shared, no forgetting",dimensionless state,study3_pilot_20260918/runs/drift_S_none_000.mat,pilot,0,drift,0.5,derived pilot,Online at 49.9 s; different training histories,NaN,49.9,rateLimited,clean,(dimensionless state)^2,0.45,5,0.5,29,29,0,-3.07263630820635e-06,7.17573097861866e-10,2.67875549063715e-05,-0.045303397996891,0.00470138802403698,0.0685666684624313,-0.0453064706331992,0.00470116930564594,0.0685650735115623,0,0,0,0,0,0,-0.0453064706331992,0.00470116930564594,0.0685650735115623,-2.19435964133412e-07,-2.19435964133412e-07,-3.9278505950958e-19,-3.9278505950958e-19,0,3.1712913545201e-18,0,3.1712913545201e-18,0,NaN
onlineCommonQueries,3,A,S,"Shared, no forgetting",dimensionless state,study3_pilot_20260918/runs/drift_S_none_000.mat,pilot,0,drift,0.5,derived pilot,Online at 49.9 s; different training histories,NaN,49.9,rateLimited,clean,(dimensionless state)^2,0.45,10,1,29,29,0,-2.51915552301715e-06,4.34790200672699e-10,2.0851623454127e-05,-0.0824856911446195,0.0195730652263341,0.139903771308475,-0.0824882103001425,0.0195730345736022,0.139903661759091,0,0,0,0,0,0,-0.0824882103001425,0.0195730345736022,0.139903661759091,-3.10875221140716e-08,-3.10875221140716e-08,5.42451810822475e-18,5.42451810822475e-18,0,6.30023106167749e-18,0,6.30023106167749e-18,0,NaN
onlineCommonQueries,3,A,S,"Shared, no forgetting",dimensionless state,study3_pilot_20260918/runs/drift_S_none_000.mat,pilot,0,drift,0.5,derived pilot,Online at 49.9 s; different training histories,NaN,49.9,rateLimited,clean,(dimensionless state)^2,0.45,20,2,29,29,0,-7.00965600331619e-06,6.75066307258915e-10,2.59820381659891e-05,-0.114187866228997,0.0294199041488556,0.171522313851159,-0.114194875885,0.0294214370882529,0.171526782422609,0,0,0,0,0,0,-0.114194875885,0.0294214370882529,0.171526782422609,1.5322643310748e-06,1.5322643310748e-06,-5.34520141364826e-18,-5.34520141364826e-18,0,7.65040157960084e-18,0,7.65040157960084e-18,0,NaN
onlineCommonQueries,3,A,S,"Shared, no forgetting",dimensionless state,study3_pilot_20260918/runs/drift_S_none_000.mat,pilot,0,drift,0.5,derived pilot,Online at 55 s; different training histories,NaN,55,held,clean,(dimensionless state)^2,0.43125,1,0.1,29,29,0,0.00029837579866324,2.48516051832032e-05,0.00498513843169909,2.03381373045557e-18,1.44029674720339e-34,1.20012363829873e-17,0.000298375798663242,2.48516051832032e-05,0.00498513843169909,0,0,0,0,0,0,0.000298375798663242,2.48516051832032e-05,0.00498513843169909,2.19863104121068e-21,2.19863104121068e-21,1.18950074780638e-21,1.18950074780638e-21,0,2.80804028572398e-21,0,2.80804028572398e-21,0,NaN
onlineCommonQueries,3,A,S,"Shared, no forgetting",dimensionless state,study3_pilot_20260918/runs/drift_S_none_000.mat,pilot,0,drift,0.5,derived pilot,Online at 55 s; different training histories,NaN,55,held,clean,(dimensionless state)^2,0.43125,2,0.2,29,29,0,0.000703425138186636,6.95342200011886e-05,0.00833871812697783,6.57998559853272e-18,2.89595112542882e-33,5.38140420840957e-17,0.000703425138186642,6.95342200011887e-05,0.00833871812697783,0,0,0,0,0,0,0.000703425138186642,6.95342200011887e-05,0.00833871812697783,3.79840927379137e-20,3.79840927379137e-20,2.6734887302898e-21,2.6734887302898e-21,0,2.30008900021769e-20,0,2.30008900021769e-20,0,NaN
onlineCommonQueries,3,A,S,"Shared, no forgetting",dimensionless state,study3_pilot_20260918/runs/drift_S_none_000.mat,pilot,0,drift,0.5,derived pilot,Online at 55 s; different training histories,NaN,55,held,clean,(dimensionless state)^2,0.43125,5,0.5,29,29,0,0.00176883188388339,0.000177812140393464,0.0133346218691594,1.77061430651426e-17,9.8620895428105e-33,9.93080537660995e-17,0.0017688318838834,0.000177812140393465,0.0133346218691594,0,0,0,0,0,0,0.0017688318838834,0.000177812140393465,0.0133346218691594,1.23558830115201e-18,1.23558830115201e-18,6.54543058305807e-20,6.54543058305807e-20,0,5.61219461092932e-20,0,5.61219461092932e-20,0,NaN
onlineCommonQueries,3,A,S,"Shared, no forgetting",dimensionless state,study3_pilot_20260918/runs/drift_S_none_000.mat,pilot,0,drift,0.5,derived pilot,Online at 55 s; different training histories,NaN,55,held,clean,(dimensionless state)^2,0.43125,10,1,29,29,0,0.00253605813566749,0.000243077662431901,0.0155909480927845,5.74253288599219e-18,2.12383584901737e-32,1.45733861851574e-16,0.00253605813566749,0.000243077662431903,0.0155909480927846,0,0,0,0,0,0,0.00253605813566749,0.000243077662431903,0.0155909480927846,1.6890830864698e-18,1.6890830864698e-18,1.85353351948479e-20,1.85353351948479e-20,0,8.61851965778898e-20,0,8.61851965778898e-20,0,NaN
onlineCommonQueries,3,A,S,"Shared, no forgetting",dimensionless state,study3_pilot_20260918/runs/drift_S_none_000.mat,pilot,0,drift,0.5,derived pilot,Online at 55 s; different training histories,NaN,55,held,clean,(dimensionless state)^2,0.43125,20,2,29,29,0,0.0027624551128212,0.000260383392351747,0.0161363996093226,2.87126644299609e-18,2.32041352609966e-32,1.52329036171692e-16,0.0027624551128212,0.000260383392351749,0.0161363996093227,0,0,0,0,0,0,0.0027624551128212,0.000260383392351749,0.0161363996093227,1.20207131090539e-18,1.20207131090539e-18,-9.44892117135754e-21,-9.44892117135754e-21,0,4.45328042421119e-20,0,4.45328042421119e-20,0,NaN
onlineCommonQueries,3,A,S,"Shared, no forgetting",dimensionless state,study3_pilot_20260918/runs/drift_S_none_000.mat,pilot,0,drift,0.5,derived pilot,Online at 55 s; different training histories,NaN,55,rateLimited,clean,(dimensionless state)^2,0.43125,1,0.1,29,29,0,0.00029837579866324,2.48516051832032e-05,0.00498513843169909,2.03381373045557e-18,1.44029674720339e-34,1.20012363829873e-17,0.000298375798663242,2.48516051832032e-05,0.00498513843169909,0,0,0,0,0,0,0.000298375798663242,2.48516051832032e-05,0.00498513843169909,2.19863104121068e-21,2.19863104121068e-21,1.18950074780638e-21,1.18950074780638e-21,0,2.80804028572398e-21,0,2.80804028572398e-21,0,NaN
onlineCommonQueries,3,A,S,"Shared, no forgetting",dimensionless state,study3_pilot_20260918/runs/drift_S_none_000.mat,pilot,0,drift,0.5,derived pilot,Online at 55 s; different training histories,NaN,55,rateLimited,clean,(dimensionless state)^2,0.43125,2,0.2,29,29,0,0.000254109992858791,6.65916022338262e-05,0.0081603677756475,-0.00177008730568269,6.39194633569016e-06,0.00252822988189171,-0.0015159773128239,7.67564703366701e-05,0.0087610770078039,0,0,0,0,0,0,-0.0015159773128239,7.67564703366701e-05,0.0087610770078039,3.77292176715377e-06,3.77292176715377e-06,-1.94817577868489e-20,-1.94817577868489e-20,0,2.30008900021769e-20,0,2.30008900021769e-20,0,NaN
onlineCommonQueries,3,A,S,"Shared, no forgetting",dimensionless state,study3_pilot_20260918/runs/drift_S_none_000.mat,pilot,0,drift,0.5,derived pilot,Online at 55 s; different training histories,NaN,55,rateLimited,clean,(dimensionless state)^2,0.43125,5,0.5,29,29,0,0.00120247638981503,0.000275122565698932,0.0165868190349727,-0.0452677461287204,0.00469651610587808,0.0685311323843265,-0.0440652697389054,0.00517123858546774,0.0719113244591402,0,0,0,0,0,0,-0.0440652697389054,0.00517123858546774,0.0719113244591402,0.000199599913890726,0.000199599913890726,-1.24683249835833e-18,-1.24683249835833e-18,0,3.46944695195361e-18,0,3.46944695195361e-18,0,NaN
onlineCommonQueries,3,A,S,"Shared, no forgetting",dimensionless state,study3_pilot_20260918/runs/drift_S_none_000.mat,pilot,0,drift,0.5,derived pilot,Online at 55 s; different training histories,NaN,55,rateLimited,clean,(dimensionless state)^2,0.43125,10,1,29,29,0,0.000407320200175247,0.000206779250383305,0.0143798209440627,-0.0823593238384626,0.0195064503378759,0.139665494442528,-0.0819520036382873,0.0203550036362528,0.142670962834954,0,0,0,0,0,0,-0.0819520036382873,0.0203550036362528,0.142670962834954,0.000641774047993626,0.000641774047993626,-2.16840434497101e-18,-2.16840434497101e-18,2.77555756156289e-17,2.42861286636753e-17,2.77555756156289e-17,2.42861286636753e-17,0,NaN
onlineCommonQueries,3,A,S,"Shared, no forgetting",dimensionless state,study3_pilot_20260918/runs/drift_S_none_000.mat,pilot,0,drift,0.5,derived pilot,Online at 55 s; different training histories,NaN,55,rateLimited,clean,(dimensionless state)^2,0.43125,20,2,29,29,0,0.00378688159716564,0.000349970117501003,0.0187074882734429,-0.11390303045185,0.0292829467942634,0.171122607490254,-0.110116148854684,0.0284710620251453,0.168733701509643,0,0,0,0,0,0,-0.110116148854684,0.0284710620251453,0.168733701509643,-0.0011618548866191,-0.0011618548866191,6.50521303491303e-18,6.50521303491303e-18,0,1.38777878078145e-17,0,1.38777878078145e-17,0,NaN
onlineCommonQueries,3,A,S,"Shared, no forgetting",dimensionless state,study3_pilot_20260918/runs/drift_S_none_000.mat,pilot,0,drift,0.5,derived pilot,Online at 59.9 s; different training histories,NaN,59.9,held,clean,(dimensionless state)^2,0.412875,1,0.1,29,29,0,0.000214397798586567,9.06439511451413e-05,0.00952071169320557,1.02887047540693e-17,1.30332328133102e-33,3.61015689594098e-17,0.000214397798586577,9.06439511451415e-05,0.00952071169320558,0,0,0,0,0,0,0.000214397798586577,9.06439511451415e-05,0.00952071169320558,2.21557414998037e-19,2.21557414998037e-19,-4.71698050093705e-21,-4.71698050093705e-21,0,9.33607122610839e-21,0,9.33607122610839e-21,0,NaN
onlineCommonQueries,3,A,S,"Shared, no forgetting",dimensionless state,study3_pilot_20260918/runs/drift_S_none_000.mat,pilot,0,drift,0.5,derived pilot,Online at 59.9 s; different training histories,NaN,59.9,held,clean,(dimensionless state)^2,0.412875,2,0.2,29,29,0,0.000738928016524739,0.000252458275255359,0.0158889356237402,4.78544407166016e-19,3.28736318093683e-33,5.73355315745553e-17,0.00073892801652474,0.00025245827525536,0.0158889356237402,0,0,0,0,0,0,0.00073892801652474,0.00025245827525536,0.0158889356237402,2.5699267613793e-19,2.5699267613793e-19,1.40578669834432e-20,1.40578669834432e-20,0,5.658079737706e-20,0,5.658079737706e-20,0,NaN
onlineCommonQueries,3,A,S,"Shared, no forgetting",dimensionless state,study3_pilot_20260918/runs/drift_S_none_000.mat,pilot,0,drift,0.5,derived pilot,Online at 59.9 s; different training histories,NaN,59.9,held,clean,(dimensionless state)^2,0.412875,5,0.5,29,29,0,0.00238965293487045,0.000638617285056851,0.02527087820114,7.17816610749024e-18,5.42580953298059e-33,7.36600945762398e-17,0.00238965293487046,0.000638617285056852,0.02527087820114,0,0,0,0,0,0,0.00238965293487046,0.000638617285056852,0.02527087820114,1.63197887194764e-18,1.63197887194764e-18,-1.14095830467943e-19,-1.14095830467943e-19,0,3.04088728967012e-19,0,3.04088728967012e-19,0,NaN
onlineCommonQueries,3,A,S,"Shared, no forgetting",dimensionless state,study3_pilot_20260918/runs/drift_S_none_000.mat,pilot,0,drift,0.5,derived pilot,Online at 59.9 s; different training histories,NaN,59.9,held,clean,(dimensionless state)^2,0.412875,10,1,29,29,0,0.00368141674576601,0.000865428477603149,0.0294181657756419,-9.0923437361543e-18,1.05793324186513e-32,1.02855881789284e-16,0.003681416745766,0.000865428477603151,0.0294181657756419,0,0,0,0,0,0,0.003681416745766,0.000865428477603151,0.0294181657756419,1.72181665915304e-18,1.72181665915304e-18,1.21327034072308e-19,1.21327034072308e-19,0,2.63215911528435e-19,0,2.63215911528435e-19,0,NaN
onlineCommonQueries,3,A,S,"Shared, no forgetting",dimensionless state,study3_pilot_20260918/runs/drift_S_none_000.mat,pilot,0,drift,0.5,derived pilot,Online at 59.9 s; different training histories,NaN,59.9,held,clean,(dimensionless state)^2,0.412875,20,2,29,29,0,0.00407360841401958,0.000923825306754353,0.0303944946783847,-2.05774095081387e-17,7.8697482210306e-33,8.87116013891678e-17,0.00407360841401956,0.000923825306754355,0.0303944946783847,0,0,0,0,0,0,0.00407360841401956,0.000923825306754355,0.0303944946783847,1.8234172144868e-18,1.8234172144868e-18,1.28146695987098e-19,1.28146695987098e-19,0,8.11530922489311e-20,0,8.11530922489311e-20,0,NaN
onlineCommonQueries,3,A,S,"Shared, no forgetting",dimensionless state,study3_pilot_20260918/runs/drift_S_none_000.mat,pilot,0,drift,0.5,derived pilot,Online at 59.9 s; different training histories,NaN,59.9,rateLimited,clean,(dimensionless state)^2,0.412875,1,0.1,29,29,0,0.000214397798586567,9.06439511451413e-05,0.00952071169320557,1.02887047540693e-17,1.30332328133102e-33,3.61015689594098e-17,0.000214397798586577,9.06439511451415e-05,0.00952071169320558,0,0,0,0,0,0,0.000214397798586577,9.06439511451415e-05,0.00952071169320558,2.21557414998037e-19,2.21557414998037e-19,-4.71698050093705e-21,-4.71698050093705e-21,0,9.33607122610839e-21,0,9.33607122610839e-21,0,NaN
onlineCommonQueries,3,A,S,"Shared, no forgetting",dimensionless state,study3_pilot_20260918/runs/drift_S_none_000.mat,pilot,0,drift,0.5,derived pilot,Online at 59.9 s; different training histories,NaN,59.9,rateLimited,clean,(dimensionless state)^2,0.412875,2,0.2,29,29,0,-0.000113432074959563,0.000242102876978087,0.0155596554260719,-0.00176967420505668,6.38198736708114e-06,0.00252625956051257,-0.00188310628001624,0.000257767756880219,0.0160551473640144,0,0,0,0,0,0,-0.00188310628001624,0.000257767756880219,0.0160551473640144,9.28289253505079e-06,9.28289253505079e-06,-6.09863722023096e-20,-6.09863722023096e-20,0,5.658079737706e-20,0,5.658079737706e-20,0,NaN
onlineCommonQueries,3,A,S,"Shared, no forgetting",dimensionless state,study3_pilot_20260918/runs/drift_S_none_000.mat,pilot,0,drift,0.5,derived pilot,Online at 59.9 s; different training histories,NaN,59.9,rateLimited,clean,(dimensionless state)^2,0.412875,5,0.5,29,29,0,0.00127046783011368,0.000989462217726155,0.0314557183629011,-0.045033844550677,0.00465362181426924,0.0682174597465285,-0.0437633767205633,0.00611801137952783,0.0782177178107865,0,0,0,0,0,0,-0.0437633767205633,0.00611801137952783,0.0782177178107865,0.000474927347532435,0.000474927347532435,-2.92734586571086e-18,-2.92734586571086e-18,0,1.73472347597681e-18,0,1.73472347597681e-18,0,NaN
onlineCommonQueries,3,A,S,"Shared, no forgetting",dimensionless state,study3_pilot_20260918/runs/drift_S_none_000.mat,pilot,0,drift,0.5,derived pilot,Online at 59.9 s; different training histories,NaN,59.9,rateLimited,clean,(dimensionless state)^2,0.412875,10,1,29,29,0,-0.000353195360146277,0.000744397233727484,0.0272836440697991,-0.0819078119093933,0.0192898394730087,0.138887866543513,-0.0822610072695396,0.0214609400347213,0.146495529060519,0,0,0,0,0,0,-0.0822610072695396,0.0214609400347213,0.146495529060519,0.00142670332798515,0.00142670332798515,3.90312782094782e-18,3.90312782094782e-18,0,2.77555756156289e-17,0,2.77555756156289e-17,0,NaN
onlineCommonQueries,3,A,S,"Shared, no forgetting",dimensionless state,study3_pilot_20260918/runs/drift_S_none_000.mat,pilot,0,drift,0.5,derived pilot,Online at 59.9 s; different training histories,NaN,59.9,rateLimited,clean,(dimensionless state)^2,0.412875,20,2,29,29,0,0.00599209423168145,0.00124124531971958,0.0352313116377971,-0.113132850881421,0.0289090467697834,0.170026606064414,-0.10714075664974,0.0282770316568404,0.1681577582416,0,0,0,0,0,0,-0.10714075664974,0.0282770316568404,0.1681577582416,-0.00187326043266256,-0.00187326043266256,-7.15573433840433e-18,-7.15573433840433e-18,0,1.38777878078145e-17,0,1.38777878078145e-17,0,NaN
onlineCommonQueries,3,A,S,"Shared, no forgetting",dimensionless state,study3_pilot_20260918/runs/drift_S_none_000.mat,pilot,0,drift,0.5,derived pilot,Online at 95 s; different training histories,NaN,95,held,clean,(dimensionless state)^2,0.3,1,0.1,29,29,0,0.00312318457255465,0.00125144692212205,0.0353757957100903,4.78544407166016e-19,6.64113773926633e-36,2.57704050012147e-18,0.00312318457255465,0.00125144692212205,0.0353757957100903,0,0,0,0,0,0,0.00312318457255465,0.00125144692212205,0.0353757957100903,-1.51919761832232e-20,-1.51919761832232e-20,1.51919761832232e-20,1.51919761832232e-20,0,6.88644031927189e-21,0,6.88644031927189e-21,0,NaN
onlineCommonQueries,3,A,S,"Shared, no forgetting",dimensionless state,study3_pilot_20260918/runs/drift_S_none_000.mat,pilot,0,drift,0.5,derived pilot,Online at 95 s; different training histories,NaN,95,held,clean,(dimensionless state)^2,0.3,2,0.2,29,29,0,0.00566401866757336,0.00330892168256081,0.0575232273308862,-4.78544407166016e-19,2.6332111136191e-33,5.13148235271164e-17,0.00566401866757336,0.00330892168256081,0.0575232273308861,0,0,0,0,0,0,0.00566401866757336,0.00330892168256081,0.0575232273308861,-1.58981254872134e-18,-1.58981254872134e-18,-1.4491092725547e-19,-1.4491092725547e-19,0,5.71270915997878e-19,0,5.71270915997878e-19,0,NaN
onlineCommonQueries,3,A,S,"Shared, no forgetting",dimensionless state,study3_pilot_20260918/runs/drift_S_none_000.mat,pilot,0,drift,0.5,derived pilot,Online at 95 s; different training histories,NaN,95,held,clean,(dimensionless state)^2,0.3,5,0.5,29,29,0,0.0102295719406669,0.00758105193120757,0.0870692364225596,-8.61379932898828e-18,9.16477008018754e-33,9.57328056634064e-17,0.0102295719406669,0.00758105193120756,0.0870692364225595,0,0,0,0,0,0,0.0102295719406669,0.00758105193120756,0.0870692364225595,-5.30282665040494e-18,-5.30282665040494e-18,-1.6360672535023e-18,-1.6360672535023e-18,0,1.22609176421807e-18,0,1.22609176421807e-18,0,NaN
onlineCommonQueries,3,A,S,"Shared, no forgetting",dimensionless state,study3_pilot_20260918/runs/drift_S_none_000.mat,pilot,0,drift,0.5,derived pilot,Online at 95 s; different training histories,NaN,95,held,clean,(dimensionless state)^2,0.3,10,1,29,29,0,0.0125683728328826,0.00980164393387925,0.0990032521378932,-1.43563322149805e-17,9.16477008018754e-33,9.57328056634064e-17,0.0125683728328826,0.00980164393387925,0.0990032521378932,0,0,0,0,0,0,0.0125683728328826,0.00980164393387925,0.0990032521378932,-3.16848985736019e-18,-3.16848985736019e-18,-3.77040404654705e-18,-3.77040404654705e-18,0,1.07324353924799e-18,0,1.07324353924799e-18,0,NaN
onlineCommonQueries,3,A,S,"Shared, no forgetting",dimensionless state,study3_pilot_20260918/runs/drift_S_none_000.mat,pilot,0,drift,0.5,derived pilot,Online at 95 s; different training histories,NaN,95,held,clean,(dimensionless state)^2,0.3,20,2,29,29,0,0.0131588215637385,0.0104221214938722,0.102088792204983,-1.91417762866406e-17,1.65762797972088e-32,1.28748902120402e-16,0.0131588215637385,0.0104221214938721,0.102088792204983,0,0,0,0,0,0,0.0131588215637385,0.0104221214938721,0.102088792204983,-1.15057109065419e-17,-1.15057109065419e-17,-2.3720769012726e-18,-2.3720769012726e-18,0,2.3620918289122e-18,0,2.3620918289122e-18,0,NaN
onlineCommonQueries,3,A,S,"Shared, no forgetting",dimensionless state,study3_pilot_20260918/runs/drift_S_none_000.mat,pilot,0,drift,0.5,derived pilot,Online at 95 s; different training histories,NaN,95,rateLimited,clean,(dimensionless state)^2,0.3,1,0.1,29,29,0,0.00312318457255465,0.00125144692212205,0.0353757957100903,4.78544407166016e-19,6.64113773926633e-36,2.57704050012147e-18,0.00312318457255465,0.00125144692212205,0.0353757957100903,0,0,0,0,0,0,0.00312318457255465,0.00125144692212205,0.0353757957100903,-1.51919761832232e-20,-1.51919761832232e-20,1.51919761832232e-20,1.51919761832232e-20,0,6.88644031927189e-21,0,6.88644031927189e-21,0,NaN
onlineCommonQueries,3,A,S,"Shared, no forgetting",dimensionless state,study3_pilot_20260918/runs/drift_S_none_000.mat,pilot,0,drift,0.5,derived pilot,Online at 95 s; different training histories,NaN,95,rateLimited,clean,(dimensionless state)^2,0.3,2,0.2,29,29,0,0.00379195657161581,0.00279373371120527,0.0528557821927296,-0.00131920304716116,3.48837716294962e-06,0.00186771977634484,0.00247275352445465,0.00279366317000297,0.052855114889696,0,0,0,0,0,0,0.00247275352445465,0.00279366317000297,0.052855114889696,-3.55891836525036e-06,-3.55891836525036e-06,-9.99498877760074e-19,-9.99498877760074e-19,0,5.71270915997878e-19,0,5.71270915997878e-19,0,NaN
onlineCommonQueries,3,A,S,"Shared, no forgetting",dimensionless state,study3_pilot_20260918/runs/drift_S_none_000.mat,pilot,0,drift,0.5,derived pilot,Online at 95 s; different training histories,NaN,95,rateLimited,clean,(dimensionless state)^2,0.3,5,0.5,29,29,0,0.00402932925651715,0.00738523671580378,0.0859373999828001,-0.0339233056125842,0.00265005588432487,0.0514786934986201,-0.0298939763560671,0.0108184134026519,0.104011602250191,0,0,0,0,0,0,-0.0298939763560671,0.0108184134026519,0.104011602250191,0.000783120802523293,0.000783120802523293,-3.25260651745651e-19,-3.25260651745651e-19,0,3.46944695195361e-18,0,3.46944695195361e-18,0,NaN
onlineCommonQueries,3,A,S,"Shared, no forgetting",dimensionless state,study3_pilot_20260918/runs/drift_S_none_000.mat,pilot,0,drift,0.5,derived pilot,Online at 95 s; different training histories,NaN,95,rateLimited,clean,(dimensionless state)^2,0.3,10,1,29,29,0,-0.00207143164812607,0.0064544010798383,0.0803392872748962,-0.0670468908320391,0.0132794241867641,0.115236383953871,-0.0691183224801652,0.0247157015548055,0.157212281819219,0,0,0,0,0,0,-0.0691183224801652,0.0247157015548055,0.157212281819219,0.00498187628820311,0.00498187628820311,1.73472347597681e-18,1.73472347597681e-18,2.77555756156289e-17,1.38777878078145e-17,2.77555756156289e-17,1.38777878078145e-17,0,NaN
onlineCommonQueries,3,A,S,"Shared, no forgetting",dimensionless state,study3_pilot_20260918/runs/drift_S_none_000.mat,pilot,0,drift,0.5,derived pilot,Online at 95 s; different training histories,NaN,95,rateLimited,clean,(dimensionless state)^2,0.3,20,2,29,29,0,0.0146242558136125,0.0105144707410639,0.102540093334578,-0.0977269709274153,0.0215463723177252,0.146786826104134,-0.0831027151138027,0.027404574751597,0.165543271538281,0,0,0,0,0,0,-0.0831027151138027,0.027404574751597,0.165543271538281,-0.00465626830719212,-0.00465626830719212,-1.21430643318376e-17,-1.21430643318376e-17,1.38777878078145e-17,2.77555756156289e-17,1.38777878078145e-17,2.77555756156289e-17,0,NaN
onlineCommonQueries,3,A,S,"Shared, fixed forgetting",dimensionless state,study3_pilot_20260918/runs/drift_S_fixed_000.mat,pilot,0,drift,0.5,derived pilot,Online at 49.9 s; different training histories,NaN,49.9,held,clean,(dimensionless state)^2,0.45,1,0.1,29,29,0,1.68330466912319e-07,1.17956672725421e-12,1.08607860086377e-06,-3.34981085016211e-18,4.31673953052311e-34,2.07767647397835e-17,1.68330466908969e-07,1.17956672727076e-12,1.08607860087139e-06,0,0,0,0,0,0,1.68330466908969e-07,1.17956672727076e-12,1.08607860087139e-06,1.65450167017621e-23,1.65450167017621e-23,-1.92760782783199e-28,-1.92760782783199e-28,0,5.89488637378045e-28,0,5.89488637378045e-28,0,NaN
onlineCommonQueries,3,A,S,"Shared, fixed forgetting",dimensionless state,study3_pilot_20260918/runs/drift_S_fixed_000.mat,pilot,0,drift,0.5,derived pilot,Online at 49.9 s; different training histories,NaN,49.9,held,clean,(dimensionless state)^2,0.45,2,0.2,29,29,0,2.35352483839062e-07,2.12410421289122e-12,1.45743068888068e-06,-6.69962170032422e-18,4.38315090791578e-33,6.62053691773996e-17,2.35352483832362e-07,2.12410421298131e-12,1.45743068891159e-06,0,0,0,0,0,0,2.35352483832362e-07,2.12410421298131e-12,1.45743068891159e-06,9.00839354028533e-23,9.00839354028533e-23,3.95385049755634e-28,3.95385049755634e-28,0,7.41775769940633e-28,0,7.41775769940633e-28,0,NaN
onlineCommonQueries,3,A,S,"Shared, fixed forgetting",dimensionless state,study3_pilot_20260918/runs/drift_S_fixed_000.mat,pilot,0,drift,0.5,derived pilot,Online at 49.9 s; different training histories,NaN,49.9,held,clean,(dimensionless state)^2,0.45,5,0.5,29,29,0,2.33999871826245e-07,1.49858578264554e-12,1.2241673834266e-06,3.82835525732813e-18,6.42862133160981e-33,8.01786837732437e-17,2.33999871830074e-07,1.49858578271937e-12,1.22416738345676e-06,0,0,0,0,0,0,2.33999871830074e-07,1.49858578271937e-12,1.22416738345676e-06,7.38342836488719e-23,7.38342836488719e-23,6.78475101396133e-29,6.78475101396133e-29,0,1.91730177823638e-28,0,1.91730177823638e-28,0,NaN
onlineCommonQueries,3,A,S,"Shared, fixed forgetting",dimensionless state,study3_pilot_20260918/runs/drift_S_fixed_000.mat,pilot,0,drift,0.5,derived pilot,Online at 49.9 s; different training histories,NaN,49.9,held,clean,(dimensionless state)^2,0.45,10,1,29,29,0,1.84904731725656e-07,4.64121579438211e-13,6.81264691172389e-07,-1.91417762866406e-18,1.23259516440783e-32,1.11022302462516e-16,1.84904731723742e-07,4.64121579505913e-13,6.81264691222078e-07,0,0,0,0,0,0,1.84904731723742e-07,4.64121579505913e-13,6.81264691222078e-07,6.770226659974e-23,6.770226659974e-23,2.29498593849103e-29,2.29498593849103e-29,0,3.57896331937458e-28,0,3.57896331937458e-28,0,NaN
onlineCommonQueries,3,A,S,"Shared, fixed forgetting",dimensionless state,study3_pilot_20260918/runs/drift_S_fixed_000.mat,pilot,0,drift,0.5,derived pilot,Online at 49.9 s; different training histories,NaN,49.9,held,clean,(dimensionless state)^2,0.45,20,2,29,29,0,1.81353737300905e-07,2.74559935597769e-13,5.23984671147705e-07,-4.78544407166016e-18,1.70278771634789e-32,1.30490908355636e-16,1.8135373729612e-07,2.74559935635957e-13,5.23984671184145e-07,0,0,0,0,0,0,1.8135373729612e-07,2.74559935635957e-13,5.23984671184145e-07,3.81880941169149e-23,3.81880941169149e-23,-5.71533391752815e-29,-5.71533391752815e-29,0,3.61158086891272e-29,0,3.61158086891272e-29,0,NaN
onlineCommonQueries,3,A,S,"Shared, fixed forgetting",dimensionless state,study3_pilot_20260918/runs/drift_S_fixed_000.mat,pilot,0,drift,0.5,derived pilot,Online at 49.9 s; different training histories,NaN,49.9,rateLimited,clean,(dimensionless state)^2,0.45,1,0.1,29,29,0,1.68330466912319e-07,1.17956672725421e-12,1.08607860086377e-06,-3.34981085016211e-18,4.31673953052311e-34,2.07767647397835e-17,1.68330466908969e-07,1.17956672727076e-12,1.08607860087139e-06,0,0,0,0,0,0,1.68330466908969e-07,1.17956672727076e-12,1.08607860087139e-06,1.65450167017621e-23,1.65450167017621e-23,-1.92760782783199e-28,-1.92760782783199e-28,0,5.89488637378045e-28,0,5.89488637378045e-28,0,NaN
onlineCommonQueries,3,A,S,"Shared, fixed forgetting",dimensionless state,study3_pilot_20260918/runs/drift_S_fixed_000.mat,pilot,0,drift,0.5,derived pilot,Online at 49.9 s; different training histories,NaN,49.9,rateLimited,clean,(dimensionless state)^2,0.45,2,0.2,29,29,0,3.39597199366171e-07,4.9686938546139e-12,2.22905671857266e-06,-0.00176701463026054,6.37313209013538e-06,0.00252450630621818,-0.00176667503306118,6.37038886618752e-06,0.00252396292884573,0,0,0,0,0,0,-0.00176667503306118,6.37038886618752e-06,0.00252396292884573,-2.74819264171409e-09,-2.74819264171409e-09,-9.32646140653539e-22,-9.32646140653539e-22,0,1.72715311901072e-21,0,1.72715311901072e-21,0,NaN
onlineCommonQueries,3,A,S,"Shared, fixed forgetting",dimensionless state,study3_pilot_20260918/runs/drift_S_fixed_000.mat,pilot,0,drift,0.5,derived pilot,Online at 49.9 s; different training histories,NaN,49.9,rateLimited,clean,(dimensionless state)^2,0.45,5,0.5,29,29,0,7.53828767884668e-08,1.17853326882175e-11,3.43297723386239e-06,-0.045308040591559,0.00470233898970452,0.0685736027178427,-0.0453079652086822,0.00470227353637294,0.0685731254674376,0,0,0,0,0,0,-0.0453079652086822,0.00470227353637294,0.0685731254674376,-6.54651169161792e-08,-6.54651169161792e-08,-6.37987862849899e-19,-6.37987862849899e-19,0,3.12173992710572e-18,0,3.12173992710572e-18,0,NaN
onlineCommonQueries,3,A,S,"Shared, fixed forgetting",dimensionless state,study3_pilot_20260918/runs/drift_S_fixed_000.mat,pilot,0,drift,0.5,derived pilot,Online at 49.9 s; different training histories,NaN,49.9,rateLimited,clean,(dimensionless state)^2,0.45,10,1,29,29,0,1.26517228392138e-07,6.42008213277413e-12,2.53378809942231e-06,-0.0824921584952545,0.0195759930699997,0.139914234693971,-0.0824920319780261,0.0195759955887333,0.139914243694962,0,0,0,0,0,0,-0.0824920319780261,0.0195759955887333,0.139914243694962,2.51231355761143e-09,2.51231355761143e-09,-2.50281444147211e-18,-2.50281444147211e-18,0,8.42247211102314e-18,0,8.42247211102314e-18,0,NaN
onlineCommonQueries,3,A,S,"Shared, fixed forgetting",dimensionless state,study3_pilot_20260918/runs/drift_S_fixed_000.mat,pilot,0,drift,0.5,derived pilot,Online at 49.9 s; different training histories,NaN,49.9,rateLimited,clean,(dimensionless state)^2,0.45,20,2,29,29,0,-2.78424455503898e-07,7.88284835157015e-12,2.807641065302e-06,-0.114195480962481,0.0294237985099012,0.17153366582074,-0.114195759386937,0.0294237918211484,0.171533646323829,0,0,0,0,0,0,-0.114195759386937,0.0294237918211484,0.171533646323829,-6.69663568177652e-09,-6.69663568177652e-09,-1.70203826125239e-18,-1.70203826125239e-18,1.38777878078145e-17,1.51934417331372e-17,1.38777878078145e-17,1.51934417331372e-17,0,NaN
onlineCommonQueries,3,A,S,"Shared, fixed forgetting",dimensionless state,study3_pilot_20260918/runs/drift_S_fixed_000.mat,pilot,0,drift,0.5,derived pilot,Online at 55 s; different training histories,NaN,55,held,clean,(dimensionless state)^2,0.43125,1,0.1,29,29,0,-0.000639381086362628,2.01880953594456e-05,0.00449311644178577,-7.17816610749024e-19,4.98085330444975e-36,2.23178253968655e-18,-0.000639381086362629,2.01880953594456e-05,0.00449311644178577,0,0,0,0,0,0,-0.000639381086362629,2.01880953594456e-05,0.00449311644178577,7.35272470761505e-21,7.35272470761505e-21,2.81167065943655e-21,2.81167065943655e-21,0,4.60030478153993e-22,0,4.60030478153993e-22,0,NaN
onlineCommonQueries,3,A,S,"Shared, fixed forgetting",dimensionless state,study3_pilot_20260918/runs/drift_S_fixed_000.mat,pilot,0,drift,0.5,derived pilot,Online at 55 s; different training histories,NaN,55,held,clean,(dimensionless state)^2,0.43125,2,0.2,29,29,0,-0.000875762073595784,5.53255479144011e-05,0.00743811454028513,-5.50326068240918e-18,2.60498627822722e-33,5.10390661966617e-17,-0.00087576207359579,5.5325547914401e-05,0.00743811454028513,0,0,0,0,0,0,-0.00087576207359579,5.5325547914401e-05,0.00743811454028513,-3.01423508632225e-20,-3.01423508632225e-20,-2.40677577610553e-20,-2.40677577610553e-20,0,1.2794571288612e-20,0,1.2794571288612e-20,0,NaN
onlineCommonQueries,3,A,S,"Shared, fixed forgetting",dimensionless state,study3_pilot_20260918/runs/drift_S_fixed_000.mat,pilot,0,drift,0.5,derived pilot,Online at 55 s; different training histories,NaN,55,held,clean,(dimensionless state)^2,0.43125,5,0.5,29,29,0,-0.00075881487334346,0.000135874149995552,0.0116565067664181,-1.91417762866406e-17,1.07187963111759e-32,1.03531619861644e-16,-0.00075881487334348,0.000135874149995552,0.0116565067664181,0,0,0,0,0,0,-0.00075881487334348,0.000135874149995552,0.0116565067664181,1.22830572536803e-19,1.22830572536803e-19,1.26946990238743e-20,1.26946990238743e-20,0,9.96594543636017e-20,0,9.96594543636017e-20,0,NaN
onlineCommonQueries,3,A,S,"Shared, fixed forgetting",dimensionless state,study3_pilot_20260918/runs/drift_S_fixed_000.mat,pilot,0,drift,0.5,derived pilot,Online at 55 s; different training histories,NaN,55,held,clean,(dimensionless state)^2,0.43125,10,1,29,29,0,-0.000379555079261318,0.000181781754756802,0.0134826464300152,4.30689966449414e-18,9.67613768611104e-33,9.83673608780425e-17,-0.000379555079261313,0.000181781754756803,0.0134826464300152,0,0,0,0,0,0,-0.000379555079261313,0.000181781754756803,0.0134826464300152,1.23492323765124e-18,1.23492323765124e-18,1.19092607070756e-20,1.19092607070756e-20,0,2.54762161866221e-20,0,2.54762161866221e-20,0,NaN
onlineCommonQueries,3,A,S,"Shared, fixed forgetting",dimensionless state,study3_pilot_20260918/runs/drift_S_fixed_000.mat,pilot,0,drift,0.5,derived pilot,Online at 55 s; different training histories,NaN,55,held,clean,(dimensionless state)^2,0.43125,20,2,29,29,0,-0.000223789370752933,0.000194003035488164,0.0139284972444325,5.74253288599219e-18,1.21267175119003e-32,1.10121376271368e-16,-0.000223789370752927,0.000194003035488165,0.0139284972444325,0,0,0,0,0,0,-0.000223789370752927,0.000194003035488165,0.0139284972444325,8.59302308401482e-19,8.59302308401482e-19,-1.90456247252285e-20,-1.90456247252285e-20,0,8.56092496284753e-20,0,8.56092496284753e-20,0,NaN
onlineCommonQueries,3,A,S,"Shared, fixed forgetting",dimensionless state,study3_pilot_20260918/runs/drift_S_fixed_000.mat,pilot,0,drift,0.5,derived pilot,Online at 55 s; different training histories,NaN,55,rateLimited,clean,(dimensionless state)^2,0.43125,1,0.1,29,29,0,-0.000639381086362628,2.01880953594456e-05,0.00449311644178577,-7.17816610749024e-19,4.98085330444975e-36,2.23178253968655e-18,-0.000639381086362629,2.01880953594456e-05,0.00449311644178577,0,0,0,0,0,0,-0.000639381086362629,2.01880953594456e-05,0.00449311644178577,7.35272470761505e-21,7.35272470761505e-21,2.81167065943655e-21,2.81167065943655e-21,0,4.60030478153993e-22,0,4.60030478153993e-22,0,NaN
onlineCommonQueries,3,A,S,"Shared, fixed forgetting",dimensionless state,study3_pilot_20260918/runs/drift_S_fixed_000.mat,pilot,0,drift,0.5,derived pilot,Online at 55 s; different training histories,NaN,55,rateLimited,clean,(dimensionless state)^2,0.43125,2,0.2,29,29,0,-0.00125528199879004,5.22761998154618e-05,0.00723022819940435,-0.0017582627314405,6.30359943547325e-06,0.00251069700192461,-0.00301354473023055,6.68086386222802e-05,0.00817365515679981,0,0,0,0,0,0,-0.00301354473023055,6.68086386222802e-05,0.00817365515679981,8.22883937134509e-06,8.22883937134509e-06,-1.6940658945086e-21,-1.6940658945086e-21,0,1.35525271560688e-20,0,1.35525271560688e-20,0,NaN
onlineCommonQueries,3,A,S,"Shared, fixed forgetting",dimensionless state,study3_pilot_20260918/runs/drift_S_fixed_000.mat,pilot,0,drift,0.5,derived pilot,Online at 55 s; different training histories,NaN,55,rateLimited,clean,(dimensionless state)^2,0.43125,5,0.5,29,29,0,-0.00130302711954246,0.000199229160605266,0.014114856024957,-0.0448399567908195,0.00461428064613979,0.0679284965691115,-0.0461429839103619,0.0051933281376583,0.0720647496190634,0,0,0,0,0,0,-0.0461429839103619,0.0051933281376583,0.0720647496190634,0.00037981833091324,0.00037981833091324,5.42101086242752e-20,5.42101086242752e-20,0,1.73472347597681e-18,0,1.73472347597681e-18,0,NaN
onlineCommonQueries,3,A,S,"Shared, fixed forgetting",dimensionless state,study3_pilot_20260918/runs/drift_S_fixed_000.mat,pilot,0,drift,0.5,derived pilot,Online at 55 s; different training histories,NaN,55,rateLimited,clean,(dimensionless state)^2,0.43125,10,1,29,29,0,-0.00228345278984431,0.000155949765937113,0.0124879848629438,-0.0817428234484171,0.0192364732136452,0.138695613534261,-0.0840262762382614,0.0203990107274594,0.14282510538228,0,0,0,0,0,0,-0.0840262762382614,0.0203990107274594,0.14282510538228,0.00100658774787708,0.00100658774787708,-3.03576608295941e-18,-3.03576608295941e-18,0,1.73472347597681e-17,0,1.73472347597681e-17,0,NaN
onlineCommonQueries,3,A,S,"Shared, fixed forgetting",dimensionless state,study3_pilot_20260918/runs/drift_S_fixed_000.mat,pilot,0,drift,0.5,derived pilot,Online at 55 s; different training histories,NaN,55,rateLimited,clean,(dimensionless state)^2,0.43125,20,2,29,29,0,0.000572668383986032,0.00024587087447638,0.0156802702296988,-0.113062032627415,0.0288753803407287,0.16992757380934,-0.112489364243429,0.0287226271037587,0.169477512088651,0,0,0,0,0,0,-0.112489364243429,0.0287226271037587,0.169477512088651,-0.000398624111446365,-0.000398624111446365,6.1257422745431e-18,6.1257422745431e-18,0,6.93889390390723e-18,0,6.93889390390723e-18,0,NaN
onlineCommonQueries,3,A,S,"Shared, fixed forgetting",dimensionless state,study3_pilot_20260918/runs/drift_S_fixed_000.mat,pilot,0,drift,0.5,derived pilot,Online at 59.9 s; different training histories,NaN,59.9,held,clean,(dimensionless state)^2,0.412875,1,0.1,29,29,0,-0.00219141890892931,7.64926803232178e-05,0.0087460093941876,-3.58908305374512e-19,1.24521332611244e-36,1.11589126984328e-18,-0.00219141890892931,7.64926803232178e-05,0.0087460093941876,0,0,0,0,0,0,-0.00219141890892931,7.64926803232178e-05,0.0087460093941876,4.47832047577032e-21,4.47832047577032e-21,9.07420668029848e-21,9.07420668029848e-21,0,3.30237758006774e-21,0,3.30237758006774e-21,0,NaN
onlineCommonQueries,3,A,S,"Shared, fixed forgetting",dimensionless state,study3_pilot_20260918/runs/drift_S_fixed_000.mat,pilot,0,drift,0.5,derived pilot,Online at 59.9 s; different training histories,NaN,59.9,held,clean,(dimensionless state)^2,0.412875,2,0.2,29,29,0,-0.00345357156994868,0.000196137707917072,0.014004917276338,9.81016034690332e-18,3.16865284384745e-33,5.62907882681301e-17,-0.00345357156994867,0.000196137707917072,0.014004917276338,0,0,0,0,0,0,-0.00345357156994867,0.000196137707917072,0.014004917276338,1.50782401641629e-19,1.50782401641629e-19,-1.52571300809444e-20,-1.52571300809444e-20,0,1.5540188111371e-20,0,1.5540188111371e-20,0,NaN
onlineCommonQueries,3,A,S,"Shared, fixed forgetting",dimensionless state,study3_pilot_20260918/runs/drift_S_fixed_000.mat,pilot,0,drift,0.5,derived pilot,Online at 59.9 s; different training histories,NaN,59.9,held,clean,(dimensionless state)^2,0.412875,5,0.5,29,29,0,-0.00475829525552971,0.000431567038110473,0.020774191635548,5.26398847882617e-18,9.55659720680425e-33,9.77578498474892e-17,-0.0047582952555297,0.000431567038110473,0.020774191635548,0,0,0,0,0,0,-0.0047582952555297,0.000431567038110473,0.020774191635548,-1.32608916608068e-19,-1.32608916608068e-19,-1.38441626513317e-19,-1.38441626513317e-19,0,1.28468003013338e-19,0,1.28468003013338e-19,0,NaN
onlineCommonQueries,3,A,S,"Shared, fixed forgetting",dimensionless state,study3_pilot_20260918/runs/drift_S_fixed_000.mat,pilot,0,drift,0.5,derived pilot,Online at 59.9 s; different training histories,NaN,59.9,held,clean,(dimensionless state)^2,0.412875,10,1,29,29,0,-0.00485518040972156,0.000559951225611975,0.023663288562919,7.65671051465625e-18,1.28439603877411e-32,1.13331197768933e-16,-0.00485518040972155,0.000559951225611974,0.023663288562919,0,0,0,0,0,0,-0.00485518040972155,0.000559951225611974,0.023663288562919,-5.98197434792376e-19,-5.98197434792376e-19,-5.2323868698939e-20,-5.2323868698939e-20,0,1.43359412835079e-19,0,1.43359412835079e-19,0,NaN
onlineCommonQueries,3,A,S,"Shared, fixed forgetting",dimensionless state,study3_pilot_20260918/runs/drift_S_fixed_000.mat,pilot,0,drift,0.5,derived pilot,Online at 59.9 s; different training histories,NaN,59.9,held,clean,(dimensionless state)^2,0.412875,20,2,29,29,0,-0.00471905441159058,0.000602499692858639,0.0245458691607903,1.91417762866406e-18,1.54207218305764e-32,1.24180199027769e-16,-0.00471905441159058,0.000602499692858638,0.0245458691607903,0,0,0,0,0,0,-0.00471905441159058,0.000602499692858638,0.0245458691607903,-1.23834662205039e-18,-1.23834662205039e-18,2.62564666813418e-19,2.62564666813418e-19,0,1.64280488225209e-19,0,1.64280488225209e-19,0,NaN
onlineCommonQueries,3,A,S,"Shared, fixed forgetting",dimensionless state,study3_pilot_20260918/runs/drift_S_fixed_000.mat,pilot,0,drift,0.5,derived pilot,Online at 59.9 s; different training histories,NaN,59.9,rateLimited,clean,(dimensionless state)^2,0.412875,1,0.1,29,29,0,-0.00219141890892931,7.64926803232178e-05,0.0087460093941876,-3.58908305374512e-19,1.24521332611244e-36,1.11589126984328e-18,-0.00219141890892931,7.64926803232178e-05,0.0087460093941876,0,0,0,0,0,0,-0.00219141890892931,7.64926803232178e-05,0.0087460093941876,4.47832047577032e-21,4.47832047577032e-21,9.07420668029848e-21,9.07420668029848e-21,0,3.30237758006774e-21,0,3.30237758006774e-21,0,NaN
onlineCommonQueries,3,A,S,"Shared, fixed forgetting",dimensionless state,study3_pilot_20260918/runs/drift_S_fixed_000.mat,pilot,0,drift,0.5,derived pilot,Online at 59.9 s; different training histories,NaN,59.9,rateLimited,clean,(dimensionless state)^2,0.412875,2,0.2,29,29,0,-0.00385792189228086,0.000173193495683329,0.0131602999845493,-0.00163492751763236,5.44558390927353e-06,0.00233357749159387,-0.00549284940991322,0.000192670162414849,0.0138805677987195,0,0,0,0,0,0,-0.00549284940991322,0.000192670162414849,0.0138805677987195,1.40310828222461e-05,1.40310828222461e-05,-8.80914265144472e-20,-8.80914265144472e-20,0,4.06575814682064e-20,0,4.06575814682064e-20,0,NaN
onlineCommonQueries,3,A,S,"Shared, fixed forgetting",dimensionless state,study3_pilot_20260918/runs/drift_S_fixed_000.mat,pilot,0,drift,0.5,derived pilot,Online at 59.9 s; different training histories,NaN,59.9,rateLimited,clean,(dimensionless state)^2,0.412875,5,0.5,29,29,0,-0.00622854328547327,0.000412252835550349,0.020304010331714,-0.0419085857624373,0.00404153217004058,0.0635730459396165,-0.0481371290479106,0.00526956455251526,0.0725917664237154,0,0,0,0,0,0,-0.0481371290479106,0.00526956455251526,0.0725917664237154,0.000815779546924324,0.000815779546924324,-5.42101086242752e-19,-5.42101086242752e-19,0,1.73472347597681e-18,0,1.73472347597681e-18,0,NaN
onlineCommonQueries,3,A,S,"Shared, fixed forgetting",dimensionless state,study3_pilot_20260918/runs/drift_S_fixed_000.mat,pilot,0,drift,0.5,derived pilot,Online at 59.9 s; different training histories,NaN,59.9,rateLimited,clean,(dimensionless state)^2,0.412875,10,1,29,29,0,-0.00851562981993239,0.000410764434054132,0.020267324294394,-0.0781217043175811,0.0177446196330858,0.133208932257134,-0.0866373341375135,0.0206945219959171,0.143855907059519,0,0,0,0,0,0,-0.0866373341375135,0.0206945219959171,0.143855907059519,0.00253913792877716,0.00253913792877716,6.50521303491303e-18,6.50521303491303e-18,3.46944695195361e-18,3.46944695195361e-18,3.46944695195361e-18,3.46944695195361e-18,0,NaN
onlineCommonQueries,3,A,S,"Shared, fixed forgetting",dimensionless state,study3_pilot_20260918/runs/drift_S_fixed_000.mat,pilot,0,drift,0.5,derived pilot,Online at 59.9 s; different training histories,NaN,59.9,rateLimited,clean,(dimensionless state)^2,0.412875,20,2,29,29,0,-0.00460126341759638,0.00056650063780165,0.0238012738693048,-0.109385137733302,0.0270607564551724,0.164501539370221,-0.113986401150898,0.0279998402315019,0.167331527906435,0,0,0,0,0,0,-0.113986401150898,0.0279998402315019,0.167331527906435,0.000372583138527881,0.000372583138527881,1.89735380184963e-18,1.89735380184963e-18,0,1.38777878078145e-17,0,1.38777878078145e-17,0,NaN
onlineCommonQueries,3,A,S,"Shared, fixed forgetting",dimensionless state,study3_pilot_20260918/runs/drift_S_fixed_000.mat,pilot,0,drift,0.5,derived pilot,Online at 95 s; different training histories,NaN,95,held,clean,(dimensionless state)^2,0.3,1,0.1,29,29,0,-0.00581313506938001,0.000815201887147717,0.0285517405274655,-6.69962170032422e-18,6.74075480535533e-34,2.59629636315952e-17,-0.00581313506938002,0.000815201887147717,0.0285517405274655,0,0,0,0,0,0,-0.00581313506938002,0.000815201887147717,0.0285517405274655,-3.7028218675136e-20,-3.7028218675136e-20,-2.88232433070516e-19,-2.88232433070516e-19,0,2.18339728451952e-19,0,2.18339728451952e-19,0,NaN
onlineCommonQueries,3,A,S,"Shared, fixed forgetting",dimensionless state,study3_pilot_20260918/runs/drift_S_fixed_000.mat,pilot,0,drift,0.5,derived pilot,Online at 95 s; different training histories,NaN,95,held,clean,(dimensionless state)^2,0.3,2,0.2,29,29,0,-0.0106074234093407,0.00172651289354083,0.041551328420892,-4.06762746091113e-18,4.26195014417417e-33,6.52836131366376e-17,-0.0106074234093407,0.00172651289354083,0.041551328420892,0,0,0,0,0,0,-0.0106074234093407,0.00172651289354083,0.041551328420892,1.7728362562319e-19,1.7728362562319e-19,-3.94124060120295e-19,-3.94124060120295e-19,0,7.68000041088105e-19,0,7.68000041088105e-19,0,NaN
onlineCommonQueries,3,A,S,"Shared, fixed forgetting",dimensionless state,study3_pilot_20260918/runs/drift_S_fixed_000.mat,pilot,0,drift,0.5,derived pilot,Online at 95 s; different training histories,NaN,95,held,clean,(dimensionless state)^2,0.3,5,0.5,29,29,0,-0.0206352078189047,0.00209271241095483,0.045746173730213,1.07672491612354e-17,1.75807518802728e-32,1.32592427688284e-16,-0.0206352078189047,0.00209271241095484,0.0457461737302131,0,0,0,0,0,0,-0.0206352078189047,0.00209271241095484,0.0457461737302131,3.06646838282896e-18,3.06646838282896e-18,-3.07022998695653e-20,-3.07022998695653e-20,6.93889390390723e-18,9.18834458026142e-19,6.93889390390723e-18,9.18834458026142e-19,0,NaN
onlineCommonQueries,3,A,S,"Shared, fixed forgetting",dimensionless state,study3_pilot_20260918/runs/drift_S_fixed_000.mat,pilot,0,drift,0.5,derived pilot,Online at 95 s; different training histories,NaN,95,held,clean,(dimensionless state)^2,0.3,10,1,29,29,0,-0.0282995182271518,0.0016570026573509,0.0407062975146463,3.0148297651459e-17,4.11285660192764e-32,2.02801789980455e-16,-0.0282995182271518,0.0016570026573509,0.0407062975146463,0,0,0,0,0,0,-0.0282995182271518,0.0016570026573509,0.0407062975146463,1.88379428788403e-18,1.88379428788403e-18,-5.82751680901462e-19,-5.82751680901462e-19,0,3.68432930779242e-19,0,3.68432930779242e-19,0,NaN
onlineCommonQueries,3,A,S,"Shared, fixed forgetting",dimensionless state,study3_pilot_20260918/runs/drift_S_fixed_000.mat,pilot,0,drift,0.5,derived pilot,Online at 95 s; different training histories,NaN,95,held,clean,(dimensionless state)^2,0.3,20,2,29,29,0,-0.0313846335238629,0.00166062772629472,0.0407508003147757,2.9909025447876e-17,4.52543728397956e-32,2.12730751984276e-16,-0.0313846335238629,0.00166062772629472,0.0407508003147757,0,0,0,0,0,0,-0.0313846335238629,0.00166062772629472,0.0407508003147757,-5.1098673054476e-19,-5.1098673054476e-19,-1.39534572946588e-19,-1.39534572946588e-19,0,5.64176372638045e-19,0,5.64176372638045e-19,0,NaN
onlineCommonQueries,3,A,S,"Shared, fixed forgetting",dimensionless state,study3_pilot_20260918/runs/drift_S_fixed_000.mat,pilot,0,drift,0.5,derived pilot,Online at 95 s; different training histories,NaN,95,rateLimited,clean,(dimensionless state)^2,0.3,1,0.1,29,29,0,-0.00581313506938001,0.000815201887147717,0.0285517405274655,-6.69962170032422e-18,6.74075480535533e-34,2.59629636315952e-17,-0.00581313506938002,0.000815201887147717,0.0285517405274655,0,0,0,0,0,0,-0.00581313506938002,0.000815201887147717,0.0285517405274655,-3.7028218675136e-20,-3.7028218675136e-20,-2.88232433070516e-19,-2.88232433070516e-19,0,2.18339728451952e-19,0,2.18339728451952e-19,0,NaN
onlineCommonQueries,3,A,S,"Shared, fixed forgetting",dimensionless state,study3_pilot_20260918/runs/drift_S_fixed_000.mat,pilot,0,drift,0.5,derived pilot,Online at 95 s; different training histories,NaN,95,rateLimited,clean,(dimensionless state)^2,0.3,2,0.2,29,29,0,-0.00992608789273307,0.00228453011028935,0.0477967583659117,-0.000876175255004528,1.5860244034137e-06,0.00125937460805501,-0.0108022631477376,0.00227914247341408,0.0477403652417331,0,0,0,0,0,0,-0.0108022631477376,0.00227914247341408,0.0477403652417331,-6.97366127868198e-06,-6.97366127868198e-06,5.5141844866255e-19,5.5141844866255e-19,0,7.68000041088105e-19,0,7.68000041088105e-19,0,NaN
onlineCommonQueries,3,A,S,"Shared, fixed forgetting",dimensionless state,study3_pilot_20260918/runs/drift_S_fixed_000.mat,pilot,0,drift,0.5,derived pilot,Online at 95 s; different training histories,NaN,95,rateLimited,clean,(dimensionless state)^2,0.3,5,0.5,29,29,0,-0.0232747074440459,0.00342118565090307,0.0584909022917502,-0.0203306969936953,0.000990838418575206,0.0314775859712146,-0.0436054044377412,0.0048704185182685,0.0697883838347651,0,0,0,0,0,0,-0.0436054044377412,0.0048704185182685,0.0697883838347651,0.000458394448790233,0.000458394448790233,-2.98155597433514e-18,-2.98155597433514e-18,1.38777878078145e-17,5.20417042793042e-18,1.38777878078145e-17,5.20417042793042e-18,0,NaN
onlineCommonQueries,3,A,S,"Shared, fixed forgetting",dimensionless state,study3_pilot_20260918/runs/drift_S_fixed_000.mat,pilot,0,drift,0.5,derived pilot,Online at 95 s; different training histories,NaN,95,rateLimited,clean,(dimensionless state)^2,0.3,10,1,29,29,0,-0.0332590687298242,0.00238694670656759,0.0488563885952246,-0.044047349064498,0.00581627307597123,0.076264494202553,-0.0773064177943223,0.0117626345117865,0.108455679942484,0,0,0,0,0,0,-0.0773064177943223,0.0117626345117865,0.108455679942484,0.00355941472924772,0.00355941472924772,-8.67361737988404e-19,-8.67361737988404e-19,1.38777878078145e-17,5.20417042793042e-18,1.38777878078145e-17,5.20417042793042e-18,0,NaN
onlineCommonQueries,3,A,S,"Shared, fixed forgetting",dimensionless state,study3_pilot_20260918/runs/drift_S_fixed_000.mat,pilot,0,drift,0.5,derived pilot,Online at 95 s; different training histories,NaN,95,rateLimited,clean,(dimensionless state)^2,0.3,20,2,29,29,0,-0.0360140619121369,0.0023780898222755,0.0487656623278665,-0.0671553155188086,0.0103051897591836,0.101514480539397,-0.103169377430945,0.016234230631611,0.127413620275114,0,0,0,0,0,0,-0.103169377430945,0.016234230631611,0.127413620275114,0.00355095105015194,0.00355095105015194,-1.30104260698261e-18,-1.30104260698261e-18,1.38777878078145e-17,6.50521303491303e-18,1.38777878078145e-17,6.50521303491303e-18,0,NaN
onlineCommonQueries,3,A,S,"Shared, variable forgetting",dimensionless state,study3_pilot_20260918/runs/drift_S_vrf_000.mat,pilot,0,drift,0.5,derived pilot,Online at 49.9 s; different training histories,NaN,49.9,held,clean,(dimensionless state)^2,0.45,1,0.1,29,29,0,-4.48960586769725e-07,4.60111258717207e-11,6.78315014368109e-06,-1.19636101791504e-18,8.81611034887605e-34,2.96919355193899e-17,-4.48960586770921e-07,4.60111258717342e-11,6.78315014368208e-06,0,0,0,0,0,0,-4.48960586770921e-07,4.60111258717342e-11,6.78315014368208e-06,1.34774132200294e-23,1.34774132200294e-23,9.50817282466691e-27,9.50817282466691e-27,0,1.17492403481751e-26,0,1.17492403481751e-26,0,NaN
onlineCommonQueries,3,A,S,"Shared, variable forgetting",dimensionless state,study3_pilot_20260918/runs/drift_S_vrf_000.mat,pilot,0,drift,0.5,derived pilot,Online at 49.9 s; different training histories,NaN,49.9,held,clean,(dimensionless state)^2,0.45,2,0.2,29,29,0,-1.09577670061204e-06,1.06093772332698e-10,1.03001831213187e-05,7.89598271823926e-18,2.59170400274869e-33,5.09087811948851e-17,-1.09577670060414e-06,1.06093772333227e-10,1.03001831213443e-05,0,0,0,0,0,0,-1.09577670060414e-06,1.06093772333227e-10,1.03001831213443e-05,5.28485774262635e-22,5.28485774262635e-22,-7.83572333971541e-27,-7.83572333971541e-27,0,5.69223663539532e-26,0,5.69223663539532e-26,0,NaN
onlineCommonQueries,3,A,S,"Shared, variable forgetting",dimensionless state,study3_pilot_20260918/runs/drift_S_vrf_000.mat,pilot,0,drift,0.5,derived pilot,Online at 49.9 s; different training histories,NaN,49.9,held,clean,(dimensionless state)^2,0.45,5,0.5,29,29,0,-2.79436523136998e-06,1.95913215418994e-10,1.399690020751e-05,1.81846874723086e-17,1.09844418207465e-32,1.04806687862686e-16,-2.7943652313518e-06,1.95913215419874e-10,1.39969002075414e-05,0,0,0,0,0,0,-2.7943652313518e-06,1.95913215419874e-10,1.39969002075414e-05,8.80057807708109e-22,8.80057807708109e-22,-1.51841450988863e-26,-1.51841450988863e-26,0,6.95040814946462e-26,0,6.95040814946462e-26,0,NaN
onlineCommonQueries,3,A,S,"Shared, variable forgetting",dimensionless state,study3_pilot_20260918/runs/drift_S_vrf_000.mat,pilot,0,drift,0.5,derived pilot,Online at 49.9 s; different training histories,NaN,49.9,held,clean,(dimensionless state)^2,0.45,10,1,29,29,0,-3.92249958603401e-06,2.29463268815351e-10,1.5148045049291e-05,2.63199423941309e-17,1.58922426100643e-32,1.26064438324471e-16,-3.92249958600769e-06,2.29463268816411e-10,1.5148045049326e-05,0,0,0,0,0,0,-3.92249958600769e-06,2.29463268816411e-10,1.5148045049326e-05,1.05988621880283e-21,1.05988621880283e-21,6.81879855588493e-26,6.81879855588493e-26,0,3.68786803253067e-26,0,3.68786803253067e-26,0,NaN
onlineCommonQueries,3,A,S,"Shared, variable forgetting",dimensionless state,study3_pilot_20260918/runs/drift_S_vrf_000.mat,pilot,0,drift,0.5,derived pilot,Online at 49.9 s; different training histories,NaN,49.9,held,clean,(dimensionless state)^2,0.45,20,2,29,29,0,-4.16685255711579e-06,2.31885810211947e-10,1.52277972869338e-05,9.0923437361543e-18,1.51749997342236e-32,1.23186848868796e-16,-4.1668525571067e-06,2.31885810213678e-10,1.52277972869906e-05,0,0,0,0,0,0,-4.1668525571067e-06,2.31885810213678e-10,1.52277972869906e-05,1.73106443079421e-21,1.73106443079421e-21,1.77961109670516e-26,1.77961109670516e-26,0,1.29887710655725e-25,0,1.29887710655725e-25,0,NaN
onlineCommonQueries,3,A,S,"Shared, variable forgetting",dimensionless state,study3_pilot_20260918/runs/drift_S_vrf_000.mat,pilot,0,drift,0.5,derived pilot,Online at 49.9 s; different training histories,NaN,49.9,rateLimited,clean,(dimensionless state)^2,0.45,1,0.1,29,29,0,-4.48960586769725e-07,4.60111258717207e-11,6.78315014368109e-06,-1.19636101791504e-18,8.81611034887605e-34,2.96919355193899e-17,-4.48960586770921e-07,4.60111258717342e-11,6.78315014368208e-06,0,0,0,0,0,0,-4.48960586770921e-07,4.60111258717342e-11,6.78315014368208e-06,1.34774132200294e-23,1.34774132200294e-23,9.50817282466691e-27,9.50817282466691e-27,0,1.17492403481751e-26,0,1.17492403481751e-26,0,NaN
onlineCommonQueries,3,A,S,"Shared, variable forgetting",dimensionless state,study3_pilot_20260918/runs/drift_S_vrf_000.mat,pilot,0,drift,0.5,derived pilot,Online at 49.9 s; different training histories,NaN,49.9,rateLimited,clean,(dimensionless state)^2,0.45,2,0.2,29,29,0,-2.89537999406818e-07,1.88487239293367e-10,1.37290654923548e-05,-0.0017668540637175,6.37188910615606e-06,0.00252426011063758,-0.00176714360171691,6.36266609289615e-06,0.0025224325744995,0,0,0,0,0,0,-0.00176714360171691,6.36266609289615e-06,0.0025224325744995,-9.41150049919994e-09,-9.41150049919994e-09,-2.38393452537783e-21,-2.38393452537783e-21,0,1.87935435172048e-21,0,1.87935435172048e-21,0,NaN
onlineCommonQueries,3,A,S,"Shared, variable forgetting",dimensionless state,study3_pilot_20260918/runs/drift_S_vrf_000.mat,pilot,0,drift,0.5,derived pilot,Online at 49.9 s; different training histories,NaN,49.9,rateLimited,clean,(dimensionless state)^2,0.45,5,0.5,29,29,0,-3.07263630820635e-06,7.17573097861866e-10,2.67875549063715e-05,-0.045303397996891,0.00470138802403698,0.0685666684624313,-0.0453064706331992,0.00470116930564594,0.0685650735115623,0,0,0,0,0,0,-0.0453064706331992,0.00470116930564594,0.0685650735115623,-2.19435964133412e-07,-2.19435964133412e-07,-3.9278505950958e-19,-3.9278505950958e-19,0,3.1712913545201e-18,0,3.1712913545201e-18,0,NaN
onlineCommonQueries,3,A,S,"Shared, variable forgetting",dimensionless state,study3_pilot_20260918/runs/drift_S_vrf_000.mat,pilot,0,drift,0.5,derived pilot,Online at 49.9 s; different training histories,NaN,49.9,rateLimited,clean,(dimensionless state)^2,0.45,10,1,29,29,0,-2.51915552301715e-06,4.34790200672699e-10,2.0851623454127e-05,-0.0824856911446195,0.0195730652263341,0.139903771308475,-0.0824882103001425,0.0195730345736022,0.139903661759091,0,0,0,0,0,0,-0.0824882103001425,0.0195730345736022,0.139903661759091,-3.10875221140716e-08,-3.10875221140716e-08,5.42451810822475e-18,5.42451810822475e-18,0,6.30023106167749e-18,0,6.30023106167749e-18,0,NaN
onlineCommonQueries,3,A,S,"Shared, variable forgetting",dimensionless state,study3_pilot_20260918/runs/drift_S_vrf_000.mat,pilot,0,drift,0.5,derived pilot,Online at 49.9 s; different training histories,NaN,49.9,rateLimited,clean,(dimensionless state)^2,0.45,20,2,29,29,0,-7.00965600331619e-06,6.75066307258915e-10,2.59820381659891e-05,-0.114187866228997,0.0294199041488556,0.171522313851159,-0.114194875885,0.0294214370882529,0.171526782422609,0,0,0,0,0,0,-0.114194875885,0.0294214370882529,0.171526782422609,1.5322643310748e-06,1.5322643310748e-06,-5.34520141364826e-18,-5.34520141364826e-18,0,7.65040157960084e-18,0,7.65040157960084e-18,0,NaN
onlineCommonQueries,3,A,S,"Shared, variable forgetting",dimensionless state,study3_pilot_20260918/runs/drift_S_vrf_000.mat,pilot,0,drift,0.5,derived pilot,Online at 55 s; different training histories,NaN,55,held,clean,(dimensionless state)^2,0.43125,1,0.1,29,29,0,0.00029837579866324,2.48516051832032e-05,0.00498513843169909,2.03381373045557e-18,1.44029674720339e-34,1.20012363829873e-17,0.000298375798663242,2.48516051832032e-05,0.00498513843169909,0,0,0,0,0,0,0.000298375798663242,2.48516051832032e-05,0.00498513843169909,2.19863104121068e-21,2.19863104121068e-21,1.18950074780638e-21,1.18950074780638e-21,0,2.80804028572398e-21,0,2.80804028572398e-21,0,NaN
onlineCommonQueries,3,A,S,"Shared, variable forgetting",dimensionless state,study3_pilot_20260918/runs/drift_S_vrf_000.mat,pilot,0,drift,0.5,derived pilot,Online at 55 s; different training histories,NaN,55,held,clean,(dimensionless state)^2,0.43125,2,0.2,29,29,0,0.000703425138186636,6.95342200011886e-05,0.00833871812697783,6.57998559853272e-18,2.89595112542882e-33,5.38140420840957e-17,0.000703425138186642,6.95342200011887e-05,0.00833871812697783,0,0,0,0,0,0,0.000703425138186642,6.95342200011887e-05,0.00833871812697783,3.79840927379137e-20,3.79840927379137e-20,2.6734887302898e-21,2.6734887302898e-21,0,2.30008900021769e-20,0,2.30008900021769e-20,0,NaN
onlineCommonQueries,3,A,S,"Shared, variable forgetting",dimensionless state,study3_pilot_20260918/runs/drift_S_vrf_000.mat,pilot,0,drift,0.5,derived pilot,Online at 55 s; different training histories,NaN,55,held,clean,(dimensionless state)^2,0.43125,5,0.5,29,29,0,0.00176883188388339,0.000177812140393464,0.0133346218691594,1.77061430651426e-17,9.8620895428105e-33,9.93080537660995e-17,0.0017688318838834,0.000177812140393465,0.0133346218691594,0,0,0,0,0,0,0.0017688318838834,0.000177812140393465,0.0133346218691594,1.23558830115201e-18,1.23558830115201e-18,6.54543058305807e-20,6.54543058305807e-20,0,5.61219461092932e-20,0,5.61219461092932e-20,0,NaN
onlineCommonQueries,3,A,S,"Shared, variable forgetting",dimensionless state,study3_pilot_20260918/runs/drift_S_vrf_000.mat,pilot,0,drift,0.5,derived pilot,Online at 55 s; different training histories,NaN,55,held,clean,(dimensionless state)^2,0.43125,10,1,29,29,0,0.00253605813566749,0.000243077662431901,0.0155909480927845,5.74253288599219e-18,2.12383584901737e-32,1.45733861851574e-16,0.00253605813566749,0.000243077662431903,0.0155909480927846,0,0,0,0,0,0,0.00253605813566749,0.000243077662431903,0.0155909480927846,1.6890830864698e-18,1.6890830864698e-18,1.85353351948479e-20,1.85353351948479e-20,0,8.61851965778898e-20,0,8.61851965778898e-20,0,NaN
onlineCommonQueries,3,A,S,"Shared, variable forgetting",dimensionless state,study3_pilot_20260918/runs/drift_S_vrf_000.mat,pilot,0,drift,0.5,derived pilot,Online at 55 s; different training histories,NaN,55,held,clean,(dimensionless state)^2,0.43125,20,2,29,29,0,0.0027624551128212,0.000260383392351747,0.0161363996093226,2.87126644299609e-18,2.32041352609966e-32,1.52329036171692e-16,0.0027624551128212,0.000260383392351749,0.0161363996093227,0,0,0,0,0,0,0.0027624551128212,0.000260383392351749,0.0161363996093227,1.20207131090539e-18,1.20207131090539e-18,-9.44892117135754e-21,-9.44892117135754e-21,0,4.45328042421119e-20,0,4.45328042421119e-20,0,NaN
onlineCommonQueries,3,A,S,"Shared, variable forgetting",dimensionless state,study3_pilot_20260918/runs/drift_S_vrf_000.mat,pilot,0,drift,0.5,derived pilot,Online at 55 s; different training histories,NaN,55,rateLimited,clean,(dimensionless state)^2,0.43125,1,0.1,29,29,0,0.00029837579866324,2.48516051832032e-05,0.00498513843169909,2.03381373045557e-18,1.44029674720339e-34,1.20012363829873e-17,0.000298375798663242,2.48516051832032e-05,0.00498513843169909,0,0,0,0,0,0,0.000298375798663242,2.48516051832032e-05,0.00498513843169909,2.19863104121068e-21,2.19863104121068e-21,1.18950074780638e-21,1.18950074780638e-21,0,2.80804028572398e-21,0,2.80804028572398e-21,0,NaN
onlineCommonQueries,3,A,S,"Shared, variable forgetting",dimensionless state,study3_pilot_20260918/runs/drift_S_vrf_000.mat,pilot,0,drift,0.5,derived pilot,Online at 55 s; different training histories,NaN,55,rateLimited,clean,(dimensionless state)^2,0.43125,2,0.2,29,29,0,0.000254109992858791,6.65916022338262e-05,0.0081603677756475,-0.00177008730568269,6.39194633569016e-06,0.00252822988189171,-0.0015159773128239,7.67564703366701e-05,0.0087610770078039,0,0,0,0,0,0,-0.0015159773128239,7.67564703366701e-05,0.0087610770078039,3.77292176715377e-06,3.77292176715377e-06,-1.94817577868489e-20,-1.94817577868489e-20,0,2.30008900021769e-20,0,2.30008900021769e-20,0,NaN
onlineCommonQueries,3,A,S,"Shared, variable forgetting",dimensionless state,study3_pilot_20260918/runs/drift_S_vrf_000.mat,pilot,0,drift,0.5,derived pilot,Online at 55 s; different training histories,NaN,55,rateLimited,clean,(dimensionless state)^2,0.43125,5,0.5,29,29,0,0.00120247638981503,0.000275122565698932,0.0165868190349727,-0.0452677461287204,0.00469651610587808,0.0685311323843265,-0.0440652697389054,0.00517123858546774,0.0719113244591402,0,0,0,0,0,0,-0.0440652697389054,0.00517123858546774,0.0719113244591402,0.000199599913890726,0.000199599913890726,-1.24683249835833e-18,-1.24683249835833e-18,0,3.46944695195361e-18,0,3.46944695195361e-18,0,NaN
onlineCommonQueries,3,A,S,"Shared, variable forgetting",dimensionless state,study3_pilot_20260918/runs/drift_S_vrf_000.mat,pilot,0,drift,0.5,derived pilot,Online at 55 s; different training histories,NaN,55,rateLimited,clean,(dimensionless state)^2,0.43125,10,1,29,29,0,0.000407320200175247,0.000206779250383305,0.0143798209440627,-0.0823593238384626,0.0195064503378759,0.139665494442528,-0.0819520036382873,0.0203550036362528,0.142670962834954,0,0,0,0,0,0,-0.0819520036382873,0.0203550036362528,0.142670962834954,0.000641774047993626,0.000641774047993626,-2.16840434497101e-18,-2.16840434497101e-18,2.77555756156289e-17,2.42861286636753e-17,2.77555756156289e-17,2.42861286636753e-17,0,NaN
onlineCommonQueries,3,A,S,"Shared, variable forgetting",dimensionless state,study3_pilot_20260918/runs/drift_S_vrf_000.mat,pilot,0,drift,0.5,derived pilot,Online at 55 s; different training histories,NaN,55,rateLimited,clean,(dimensionless state)^2,0.43125,20,2,29,29,0,0.00378688159716564,0.000349970117501003,0.0187074882734429,-0.11390303045185,0.0292829467942634,0.171122607490254,-0.110116148854684,0.0284710620251453,0.168733701509643,0,0,0,0,0,0,-0.110116148854684,0.0284710620251453,0.168733701509643,-0.0011618548866191,-0.0011618548866191,6.50521303491303e-18,6.50521303491303e-18,0,1.38777878078145e-17,0,1.38777878078145e-17,0,NaN
onlineCommonQueries,3,A,S,"Shared, variable forgetting",dimensionless state,study3_pilot_20260918/runs/drift_S_vrf_000.mat,pilot,0,drift,0.5,derived pilot,Online at 59.9 s; different training histories,NaN,59.9,held,clean,(dimensionless state)^2,0.412875,1,0.1,29,29,0,0.000214397798586567,9.06439511451413e-05,0.00952071169320557,1.02887047540693e-17,1.30332328133102e-33,3.61015689594098e-17,0.000214397798586577,9.06439511451415e-05,0.00952071169320558,0,0,0,0,0,0,0.000214397798586577,9.06439511451415e-05,0.00952071169320558,2.21557414998037e-19,2.21557414998037e-19,-4.71698050093705e-21,-4.71698050093705e-21,0,9.33607122610839e-21,0,9.33607122610839e-21,0,NaN
onlineCommonQueries,3,A,S,"Shared, variable forgetting",dimensionless state,study3_pilot_20260918/runs/drift_S_vrf_000.mat,pilot,0,drift,0.5,derived pilot,Online at 59.9 s; different training histories,NaN,59.9,held,clean,(dimensionless state)^2,0.412875,2,0.2,29,29,0,0.000738928016524739,0.000252458275255359,0.0158889356237402,4.78544407166016e-19,3.28736318093683e-33,5.73355315745553e-17,0.00073892801652474,0.00025245827525536,0.0158889356237402,0,0,0,0,0,0,0.00073892801652474,0.00025245827525536,0.0158889356237402,2.5699267613793e-19,2.5699267613793e-19,1.40578669834432e-20,1.40578669834432e-20,0,5.658079737706e-20,0,5.658079737706e-20,0,NaN
onlineCommonQueries,3,A,S,"Shared, variable forgetting",dimensionless state,study3_pilot_20260918/runs/drift_S_vrf_000.mat,pilot,0,drift,0.5,derived pilot,Online at 59.9 s; different training histories,NaN,59.9,held,clean,(dimensionless state)^2,0.412875,5,0.5,29,29,0,0.00238965293487045,0.000638617285056851,0.02527087820114,7.17816610749024e-18,5.42580953298059e-33,7.36600945762398e-17,0.00238965293487046,0.000638617285056852,0.02527087820114,0,0,0,0,0,0,0.00238965293487046,0.000638617285056852,0.02527087820114,1.63197887194764e-18,1.63197887194764e-18,-1.14095830467943e-19,-1.14095830467943e-19,0,3.04088728967012e-19,0,3.04088728967012e-19,0,NaN
onlineCommonQueries,3,A,S,"Shared, variable forgetting",dimensionless state,study3_pilot_20260918/runs/drift_S_vrf_000.mat,pilot,0,drift,0.5,derived pilot,Online at 59.9 s; different training histories,NaN,59.9,held,clean,(dimensionless state)^2,0.412875,10,1,29,29,0,0.00368141674576601,0.000865428477603149,0.0294181657756419,-9.0923437361543e-18,1.05793324186513e-32,1.02855881789284e-16,0.003681416745766,0.000865428477603151,0.0294181657756419,0,0,0,0,0,0,0.003681416745766,0.000865428477603151,0.0294181657756419,1.72181665915304e-18,1.72181665915304e-18,1.21327034072308e-19,1.21327034072308e-19,0,2.63215911528435e-19,0,2.63215911528435e-19,0,NaN
onlineCommonQueries,3,A,S,"Shared, variable forgetting",dimensionless state,study3_pilot_20260918/runs/drift_S_vrf_000.mat,pilot,0,drift,0.5,derived pilot,Online at 59.9 s; different training histories,NaN,59.9,held,clean,(dimensionless state)^2,0.412875,20,2,29,29,0,0.00407360841401958,0.000923825306754353,0.0303944946783847,-2.05774095081387e-17,7.8697482210306e-33,8.87116013891678e-17,0.00407360841401956,0.000923825306754355,0.0303944946783847,0,0,0,0,0,0,0.00407360841401956,0.000923825306754355,0.0303944946783847,1.8234172144868e-18,1.8234172144868e-18,1.28146695987098e-19,1.28146695987098e-19,0,8.11530922489311e-20,0,8.11530922489311e-20,0,NaN
onlineCommonQueries,3,A,S,"Shared, variable forgetting",dimensionless state,study3_pilot_20260918/runs/drift_S_vrf_000.mat,pilot,0,drift,0.5,derived pilot,Online at 59.9 s; different training histories,NaN,59.9,rateLimited,clean,(dimensionless state)^2,0.412875,1,0.1,29,29,0,0.000214397798586567,9.06439511451413e-05,0.00952071169320557,1.02887047540693e-17,1.30332328133102e-33,3.61015689594098e-17,0.000214397798586577,9.06439511451415e-05,0.00952071169320558,0,0,0,0,0,0,0.000214397798586577,9.06439511451415e-05,0.00952071169320558,2.21557414998037e-19,2.21557414998037e-19,-4.71698050093705e-21,-4.71698050093705e-21,0,9.33607122610839e-21,0,9.33607122610839e-21,0,NaN
onlineCommonQueries,3,A,S,"Shared, variable forgetting",dimensionless state,study3_pilot_20260918/runs/drift_S_vrf_000.mat,pilot,0,drift,0.5,derived pilot,Online at 59.9 s; different training histories,NaN,59.9,rateLimited,clean,(dimensionless state)^2,0.412875,2,0.2,29,29,0,-0.000113432074959563,0.000242102876978087,0.0155596554260719,-0.00176967420505668,6.38198736708114e-06,0.00252625956051257,-0.00188310628001624,0.000257767756880219,0.0160551473640144,0,0,0,0,0,0,-0.00188310628001624,0.000257767756880219,0.0160551473640144,9.28289253505079e-06,9.28289253505079e-06,-6.09863722023096e-20,-6.09863722023096e-20,0,5.658079737706e-20,0,5.658079737706e-20,0,NaN
onlineCommonQueries,3,A,S,"Shared, variable forgetting",dimensionless state,study3_pilot_20260918/runs/drift_S_vrf_000.mat,pilot,0,drift,0.5,derived pilot,Online at 59.9 s; different training histories,NaN,59.9,rateLimited,clean,(dimensionless state)^2,0.412875,5,0.5,29,29,0,0.00127046783011368,0.000989462217726155,0.0314557183629011,-0.045033844550677,0.00465362181426924,0.0682174597465285,-0.0437633767205633,0.00611801137952783,0.0782177178107865,0,0,0,0,0,0,-0.0437633767205633,0.00611801137952783,0.0782177178107865,0.000474927347532435,0.000474927347532435,-2.92734586571086e-18,-2.92734586571086e-18,0,1.73472347597681e-18,0,1.73472347597681e-18,0,NaN
onlineCommonQueries,3,A,S,"Shared, variable forgetting",dimensionless state,study3_pilot_20260918/runs/drift_S_vrf_000.mat,pilot,0,drift,0.5,derived pilot,Online at 59.9 s; different training histories,NaN,59.9,rateLimited,clean,(dimensionless state)^2,0.412875,10,1,29,29,0,-0.000353195360146277,0.000744397233727484,0.0272836440697991,-0.0819078119093933,0.0192898394730087,0.138887866543513,-0.0822610072695396,0.0214609400347213,0.146495529060519,0,0,0,0,0,0,-0.0822610072695396,0.0214609400347213,0.146495529060519,0.00142670332798515,0.00142670332798515,3.90312782094782e-18,3.90312782094782e-18,0,2.77555756156289e-17,0,2.77555756156289e-17,0,NaN
onlineCommonQueries,3,A,S,"Shared, variable forgetting",dimensionless state,study3_pilot_20260918/runs/drift_S_vrf_000.mat,pilot,0,drift,0.5,derived pilot,Online at 59.9 s; different training histories,NaN,59.9,rateLimited,clean,(dimensionless state)^2,0.412875,20,2,29,29,0,0.00599209423168145,0.00124124531971958,0.0352313116377971,-0.113132850881421,0.0289090467697834,0.170026606064414,-0.10714075664974,0.0282770316568404,0.1681577582416,0,0,0,0,0,0,-0.10714075664974,0.0282770316568404,0.1681577582416,-0.00187326043266256,-0.00187326043266256,-7.15573433840433e-18,-7.15573433840433e-18,0,1.38777878078145e-17,0,1.38777878078145e-17,0,NaN
onlineCommonQueries,3,A,S,"Shared, variable forgetting",dimensionless state,study3_pilot_20260918/runs/drift_S_vrf_000.mat,pilot,0,drift,0.5,derived pilot,Online at 95 s; different training histories,NaN,95,held,clean,(dimensionless state)^2,0.3,1,0.1,29,29,0,-0.00729601648411912,0.00164075551334883,0.0405062404247646,-1.67490542508106e-18,1.13729483784936e-34,1.06644026454807e-17,-0.00729601648411912,0.00164075551334883,0.0405062404247646,0,0,0,0,0,0,-0.00729601648411912,0.00164075551334883,0.0405062404247646,5.41507974822016e-20,5.41507974822016e-20,1.62689637014899e-19,1.62689637014899e-19,0,8.59951736050927e-21,0,8.59951736050927e-21,0,NaN
onlineCommonQueries,3,A,S,"Shared, variable forgetting",dimensionless state,study3_pilot_20260918/runs/drift_S_vrf_000.mat,pilot,0,drift,0.5,derived pilot,Online at 95 s; different training histories,NaN,95,held,clean,(dimensionless state)^2,0.3,2,0.2,29,29,0,-0.0135610442789952,0.00369407934189252,0.0607789383083689,-2.18036795515016e-17,2.73638222607637e-33,5.23104408897151e-17,-0.0135610442789952,0.00369407934189251,0.0607789383083689,0,0,0,0,0,0,-0.0135610442789952,0.00369407934189251,0.0607789383083689,-2.57409135027445e-18,-2.57409135027445e-18,-2.79938636907605e-20,-2.79938636907605e-20,3.46944695195361e-18,6.22386552963288e-19,3.46944695195361e-18,6.22386552963288e-19,0,NaN
onlineCommonQueries,3,A,S,"Shared, variable forgetting",dimensionless state,study3_pilot_20260918/runs/drift_S_vrf_000.mat,pilot,0,drift,0.5,derived pilot,Online at 95 s; different training histories,NaN,95,held,clean,(dimensionless state)^2,0.3,5,0.5,29,29,0,-0.0274029784425439,0.00534204346803466,0.0730892842216604,-4.34279049503159e-17,1.37212131759873e-32,1.17137582252611e-16,-0.027402978442544,0.00534204346803465,0.0730892842216604,0,0,0,0,0,0,-0.027402978442544,0.00534204346803465,0.0730892842216604,-4.63385045917458e-18,-4.63385045917458e-18,2.97041769232547e-19,2.97041769232547e-19,5.20417042793042e-18,1.52711751943467e-18,5.20417042793042e-18,1.52711751943467e-18,0,NaN
onlineCommonQueries,3,A,S,"Shared, variable forgetting",dimensionless state,study3_pilot_20260918/runs/drift_S_vrf_000.mat,pilot,0,drift,0.5,derived pilot,Online at 95 s; different training histories,NaN,95,held,clean,(dimensionless state)^2,0.3,10,1,29,29,0,-0.0388611678432137,0.00480070521827332,0.0692871215903311,-8.24292741343462e-17,3.23294735858572e-32,1.79803986568311e-16,-0.0388611678432138,0.00480070521827332,0.0692871215903311,0,0,0,0,0,0,-0.0388611678432138,0.00480070521827332,0.0692871215903311,-2.68440112333098e-18,-2.68440112333098e-18,9.49677647354144e-19,9.49677647354144e-19,3.46944695195361e-18,1.46764271672831e-18,3.46944695195361e-18,1.46764271672831e-18,0,NaN
onlineCommonQueries,3,A,S,"Shared, variable forgetting",dimensionless state,study3_pilot_20260918/runs/drift_S_vrf_000.mat,pilot,0,drift,0.5,derived pilot,Online at 95 s; different training histories,NaN,95,held,clean,(dimensionless state)^2,0.3,20,2,29,29,0,-0.044091659903163,0.00486393315304386,0.0697419038530198,-8.38649073558443e-17,3.57629417970579e-32,1.89110924584113e-16,-0.0440916599031631,0.00486393315304386,0.0697419038530198,0,0,0,0,0,0,-0.0440916599031631,0.00486393315304386,0.0697419038530198,9.15979156645574e-19,9.15979156645574e-19,8.18744319331197e-19,8.18744319331197e-19,3.46944695195361e-18,1.34517501115666e-18,3.46944695195361e-18,1.34517501115666e-18,0,NaN
onlineCommonQueries,3,A,S,"Shared, variable forgetting",dimensionless state,study3_pilot_20260918/runs/drift_S_vrf_000.mat,pilot,0,drift,0.5,derived pilot,Online at 95 s; different training histories,NaN,95,rateLimited,clean,(dimensionless state)^2,0.3,1,0.1,29,29,0,-0.00729601648411912,0.00164075551334883,0.0405062404247646,-1.67490542508106e-18,1.13729483784936e-34,1.06644026454807e-17,-0.00729601648411912,0.00164075551334883,0.0405062404247646,0,0,0,0,0,0,-0.00729601648411912,0.00164075551334883,0.0405062404247646,5.41507974822016e-20,5.41507974822016e-20,1.62689637014899e-19,1.62689637014899e-19,0,8.59951736050927e-21,0,8.59951736050927e-21,0,NaN
onlineCommonQueries,3,A,S,"Shared, variable forgetting",dimensionless state,study3_pilot_20260918/runs/drift_S_vrf_000.mat,pilot,0,drift,0.5,derived pilot,Online at 95 s; different training histories,NaN,95,rateLimited,clean,(dimensionless state)^2,0.3,2,0.2,29,29,0,-0.012890482591453,0.00456037368464558,0.0675305389038588,-0.00073581387161337,1.14356875491777e-06,0.0010693777419218,-0.0136262964630664,0.00454727657295757,0.0674334974100971,0,0,0,0,0,0,-0.0136262964630664,0.00454727657295757,0.0674334974100971,-1.42406804429295e-05,-1.42406804429295e-05,-5.2007822961414e-19,-5.2007822961414e-19,1.04083408558608e-17,1.51788304147971e-18,1.04083408558608e-17,1.51788304147971e-18,0,NaN
onlineCommonQueries,3,A,S,"Shared, variable forgetting",dimensionless state,study3_pilot_20260918/runs/drift_S_vrf_000.mat,pilot,0,drift,0.5,derived pilot,Online at 95 s; different training histories,NaN,95,rateLimited,clean,(dimensionless state)^2,0.3,5,0.5,29,29,0,-0.031782534567061,0.00693165546898154,0.0832565641194827,-0.0191387122418745,0.000873665267878981,0.0295578292145919,-0.0509212468089355,0.00838001193442379,0.0915424051160105,0,0,0,0,0,0,-0.0509212468089355,0.00838001193442379,0.0915424051160105,0.000574691197563265,0.000574691197563265,3.36102673470506e-18,3.36102673470506e-18,6.93889390390723e-18,3.46944695195361e-18,6.93889390390723e-18,3.46944695195361e-18,0,NaN
onlineCommonQueries,3,A,S,"Shared, variable forgetting",dimensionless state,study3_pilot_20260918/runs/drift_S_vrf_000.mat,pilot,0,drift,0.5,derived pilot,Online at 95 s; different training histories,NaN,95,rateLimited,clean,(dimensionless state)^2,0.3,10,1,29,29,0,-0.0482236325507123,0.00539580437263499,0.0734561391078717,-0.0444173565434264,0.00617433081723877,0.0785769102041991,-0.0926409890941387,0.017102905457533,0.130778077128902,0,0,0,0,0,0,-0.0926409890941387,0.017102905457533,0.130778077128902,0.00553277026765924,0.00553277026765924,8.67361737988404e-19,8.67361737988404e-19,1.38777878078145e-17,6.93889390390723e-18,1.38777878078145e-17,6.93889390390723e-18,0,NaN
onlineCommonQueries,3,A,S,"Shared, variable forgetting",dimensionless state,study3_pilot_20260918/runs/drift_S_vrf_000.mat,pilot,0,drift,0.5,derived pilot,Online at 95 s; different training histories,NaN,95,rateLimited,clean,(dimensionless state)^2,0.3,20,2,29,29,0,-0.0516315461761095,0.00529561038941757,0.0727709446786117,-0.0734492845132094,0.0122391513145361,0.110630697885063,-0.125080830689319,0.0230002259228196,0.15165825372468,0,0,0,0,0,0,-0.125080830689319,0.0230002259228196,0.15165825372468,0.00546546421886591,0.00546546421886591,-7.80625564189563e-18,-7.80625564189563e-18,2.08166817117217e-17,1.04083408558608e-17,2.08166817117217e-17,1.04083408558608e-17,0,NaN
onlineCommonQueries,3,A,S,"Shared, pretrained-frozen",dimensionless state,study3_pilot_20260918/runs/drift_S_pretrained_000.mat,pilot,0,drift,0.5,derived pilot,Online at 49.9 s; different training histories,NaN,49.9,held,clean,(dimensionless state)^2,0.45,1,0.1,29,29,0,-1.07389292419336e-05,2.31914871298684e-09,4.8157540562064e-05,-2.03381373045557e-18,3.23340393680529e-34,1.79816682674475e-17,-1.07389292419356e-05,2.31914871298703e-09,4.8157540562066e-05,0,0,0,0,0,0,-1.07389292419356e-05,2.31914871298703e-09,4.8157540562066e-05,1.93812767113261e-22,1.93812767113261e-22,1.6108653010109e-25,1.6108653010109e-25,0,3.56215790119889e-25,0,3.56215790119889e-25,0,NaN
onlineCommonQueries,3,A,S,"Shared, pretrained-frozen",dimensionless state,study3_pilot_20260918/runs/drift_S_pretrained_000.mat,pilot,0,drift,0.5,derived pilot,Online at 49.9 s; different training histories,NaN,49.9,held,clean,(dimensionless state)^2,0.45,2,0.2,29,29,0,-1.90030998632819e-05,6.16918599809391e-09,7.85441659074302e-05,-3.70871915553662e-18,1.68726405688235e-33,4.10763199043239e-17,-1.90030998632856e-05,6.16918599809555e-09,7.85441659074406e-05,0,0,0,0,0,0,-1.90030998632856e-05,6.16918599809555e-09,7.85441659074406e-05,1.63542632998682e-21,1.63542632998682e-21,-9.02589711704457e-26,-9.02589711704457e-26,0,1.28038599739769e-24,0,1.28038599739769e-24,0,NaN
onlineCommonQueries,3,A,S,"Shared, pretrained-frozen",dimensionless state,study3_pilot_20260918/runs/drift_S_pretrained_000.mat,pilot,0,drift,0.5,derived pilot,Online at 49.9 s; different training histories,NaN,49.9,held,clean,(dimensionless state)^2,0.45,5,0.5,29,29,0,-3.35924275588831e-05,1.49403299962118e-08,0.000122230642623737,-2.15344983224707e-17,6.93998893753332e-33,8.33065960025574e-17,-3.35924275589046e-05,1.494032999622e-08,0.000122230642623771,0,0,0,0,0,0,-3.35924275589046e-05,1.494032999622e-08,0.000122230642623771,8.25267736489331e-21,8.25267736489331e-21,5.89387082918142e-24,5.89387082918142e-24,0,5.20464175918202e-24,0,5.20464175918202e-24,0,NaN
onlineCommonQueries,3,A,S,"Shared, pretrained-frozen",dimensionless state,study3_pilot_20260918/runs/drift_S_pretrained_000.mat,pilot,0,drift,0.5,derived pilot,Online at 49.9 s; different training histories,NaN,49.9,held,clean,(dimensionless state)^2,0.45,10,1,29,29,0,-4.17312637763516e-05,2.08509341487984e-08,0.000144398525438449,-4.64188074951035e-17,1.69282600973899e-32,1.30108647281377e-16,-4.17312637763981e-05,2.08509341488143e-08,0.000144398525438504,0,0,0,0,0,0,-4.17312637763981e-05,2.08509341488143e-08,0.000144398525438504,1.58760874153689e-20,1.58760874153689e-20,-4.14582171837712e-24,-4.14582171837712e-24,0,2.79143148762298e-24,0,2.79143148762298e-24,0,NaN
onlineCommonQueries,3,A,S,"Shared, pretrained-frozen",dimensionless state,study3_pilot_20260918/runs/drift_S_pretrained_000.mat,pilot,0,drift,0.5,derived pilot,Online at 49.9 s; different training histories,NaN,49.9,held,clean,(dimensionless state)^2,0.45,20,2,29,29,0,-4.41686851130899e-05,2.29630160476714e-08,0.000151535527344816,-3.1583930872957e-17,2.1743084958358e-32,1.47455365986993e-16,-4.41686851131215e-05,2.29630160476767e-08,0.000151535527344833,0,0,0,0,0,0,-4.41686851131215e-05,2.29630160476767e-08,0.000151535527344833,5.30097989741453e-21,5.30097989741453e-21,-4.06532196469355e-25,-4.06532196469355e-25,0,2.32455489060883e-24,0,2.32455489060883e-24,0,NaN
onlineCommonQueries,3,A,S,"Shared, pretrained-frozen",dimensionless state,study3_pilot_20260918/runs/drift_S_pretrained_000.mat,pilot,0,drift,0.5,derived pilot,Online at 49.9 s; different training histories,NaN,49.9,rateLimited,clean,(dimensionless state)^2,0.45,1,0.1,29,29,0,-1.07389292419336e-05,2.31914871298684e-09,4.8157540562064e-05,-2.03381373045557e-18,3.23340393680529e-34,1.79816682674475e-17,-1.07389292419356e-05,2.31914871298703e-09,4.8157540562066e-05,0,0,0,0,0,0,-1.07389292419356e-05,2.31914871298703e-09,4.8157540562066e-05,1.93812767113261e-22,1.93812767113261e-22,1.6108653010109e-25,1.6108653010109e-25,0,3.56215790119889e-25,0,3.56215790119889e-25,0,NaN
onlineCommonQueries,3,A,S,"Shared, pretrained-frozen",dimensionless state,study3_pilot_20260918/runs/drift_S_pretrained_000.mat,pilot,0,drift,0.5,derived pilot,Online at 49.9 s; different training histories,NaN,49.9,rateLimited,clean,(dimensionless state)^2,0.45,2,0.2,29,29,0,-1.66948734958432e-05,5.26113277575423e-09,7.25336664987661e-05,-0.00176748055607714,6.37562479225668e-06,0.00252499995886271,-0.00178417542957299,6.42503209627621e-06,0.00253476470234935,0,0,0,0,0,0,-0.00178417542957299,6.42503209627621e-06,0.00253476470234935,4.41461712437673e-08,4.41461712437673e-08,2.04479047423108e-21,2.04479047423108e-21,0,4.02340649945793e-21,0,4.02340649945793e-21,0,NaN
onlineCommonQueries,3,A,S,"Shared, pretrained-frozen",dimensionless state,study3_pilot_20260918/runs/drift_S_pretrained_000.mat,pilot,0,drift,0.5,derived pilot,Online at 49.9 s; different training histories,NaN,49.9,rateLimited,clean,(dimensionless state)^2,0.45,5,0.5,29,29,0,-2.52351965607216e-05,1.36603840739221e-08,0.000116877645740843,-0.045299705300966,0.00470086935455443,0.0685628861305767,-0.0453249404975267,0.00470133661399508,0.0685662935704933,0,0,0,0,0,0,-0.0453249404975267,0.00470133661399508,0.0685662935704933,4.53599056572086e-07,4.53599056572086e-07,5.75823585455314e-19,5.75823585455314e-19,0,2.05490193003893e-18,0,2.05490193003893e-18,0,NaN
onlineCommonQueries,3,A,S,"Shared, pretrained-frozen",dimensionless state,study3_pilot_20260918/runs/drift_S_pretrained_000.mat,pilot,0,drift,0.5,derived pilot,Online at 49.9 s; different training histories,NaN,49.9,rateLimited,clean,(dimensionless state)^2,0.45,10,1,29,29,0,-1.99429278535178e-05,1.26844623358893e-08,0.000112625318360879,-0.0824659015484367,0.019561773227407,0.139863409179839,-0.0824858444762902,0.019557837599004,0.139849338929449,0,0,0,0,0,0,-0.0824858444762902,0.019557837599004,0.139849338929449,-3.94831286534913e-06,-3.94831286534913e-06,7.71647014948668e-19,7.71647014948668e-19,2.77555756156289e-17,7.99175585734432e-18,2.77555756156289e-17,7.99175585734432e-18,0,NaN
onlineCommonQueries,3,A,S,"Shared, pretrained-frozen",dimensionless state,study3_pilot_20260918/runs/drift_S_pretrained_000.mat,pilot,0,drift,0.5,derived pilot,Online at 49.9 s; different training histories,NaN,49.9,rateLimited,clean,(dimensionless state)^2,0.45,20,2,29,29,0,-4.5273631955741e-05,2.22161916424053e-08,0.000149050969947885,-0.114142748367485,0.0293975401655979,0.171457108821996,-0.114188021999441,0.0294123106164865,0.171500176724359,0,0,0,0,0,0,-0.114188021999441,0.0294123106164865,0.171500176724359,1.47482346970195e-05,1.47482346970195e-05,1.23327997120226e-18,1.23327997120226e-18,0,1.68864488364617e-17,0,1.68864488364617e-17,0,NaN
onlineCommonQueries,3,A,S,"Shared, pretrained-frozen",dimensionless state,study3_pilot_20260918/runs/drift_S_pretrained_000.mat,pilot,0,drift,0.5,derived pilot,Online at 55 s; different training histories,NaN,55,held,clean,(dimensionless state)^2,0.43125,1,0.1,29,29,0,0.000566937989505614,2.70245928554947e-05,0.00519851833270738,-2.03381373045557e-18,3.23340393680529e-34,1.79816682674475e-17,0.000566937989505612,2.70245928554947e-05,0.00519851833270737,0,0,0,0,0,0,0.000566937989505612,2.70245928554947e-05,0.00519851833270737,-1.93522084200899e-20,-1.93522084200899e-20,-4.36471410303082e-21,-4.36471410303082e-21,0,1.73817617130067e-21,0,1.73817617130067e-21,0,NaN
onlineCommonQueries,3,A,S,"Shared, pretrained-frozen",dimensionless state,study3_pilot_20260918/runs/drift_S_pretrained_000.mat,pilot,0,drift,0.5,derived pilot,Online at 55 s; different training histories,NaN,55,held,clean,(dimensionless state)^2,0.43125,2,0.2,29,29,0,0.00115186128484927,7.59676517211111e-05,0.00871594238858376,-3.70871915553662e-18,1.68726405688235e-33,4.10763199043239e-17,0.00115186128484926,7.5967651721111e-05,0.00871594238858375,0,0,0,0,0,0,0.00115186128484926,7.5967651721111e-05,0.00871594238858375,-1.52626142923274e-19,-1.52626142923274e-19,3.5483442065152e-21,3.5483442065152e-21,0,7.26468461948226e-21,0,7.26468461948226e-21,0,NaN
onlineCommonQueries,3,A,S,"Shared, pretrained-frozen",dimensionless state,study3_pilot_20260918/runs/drift_S_pretrained_000.mat,pilot,0,drift,0.5,derived pilot,Online at 55 s; different training histories,NaN,55,held,clean,(dimensionless state)^2,0.43125,5,0.5,29,29,0,0.00247615125135393,0.000196002395008011,0.0140000855357391,-2.15344983224707e-17,6.93998893753332e-33,8.33065960025574e-17,0.00247615125135391,0.00019600239500801,0.0140000855357391,0,0,0,0,0,0,0.00247615125135391,0.00019600239500801,0.0140000855357391,-9.04794674680665e-19,-9.04794674680665e-19,3.74329366922549e-20,3.74329366922549e-20,0,2.90284111723804e-20,0,2.90284111723804e-20,0,NaN
onlineCommonQueries,3,A,S,"Shared, pretrained-frozen",dimensionless state,study3_pilot_20260918/runs/drift_S_pretrained_000.mat,pilot,0,drift,0.5,derived pilot,Online at 55 s; different training histories,NaN,55,held,clean,(dimensionless state)^2,0.43125,10,1,29,29,0,0.00334789534870361,0.000269567520894379,0.0164185115310243,-4.64188074951035e-17,1.69282600973899e-32,1.30108647281377e-16,0.00334789534870356,0.000269567520894377,0.0164185115310243,0,0,0,0,0,0,0.00334789534870356,0.000269567520894377,0.0164185115310243,-1.63628563024453e-18,-1.63628563024453e-18,9.98237151625647e-21,9.98237151625647e-21,0,3.5941362177044e-20,0,3.5941362177044e-20,0,NaN
onlineCommonQueries,3,A,S,"Shared, pretrained-frozen",dimensionless state,study3_pilot_20260918/runs/drift_S_pretrained_000.mat,pilot,0,drift,0.5,derived pilot,Online at 55 s; different training histories,NaN,55,held,clean,(dimensionless state)^2,0.43125,20,2,29,29,0,0.00359586630951191,0.000289415084768041,0.0170122039950161,-3.1583930872957e-17,2.1743084958358e-32,1.47455365986993e-16,0.00359586630951188,0.000289415084768041,0.0170122039950161,0,0,0,0,0,0,0.00359586630951188,0.000289415084768041,0.0170122039950161,-5.17379789470891e-19,-5.17379789470891e-19,-2.47212967718827e-20,-2.47212967718827e-20,0,5.48512301230694e-20,0,5.48512301230694e-20,0,NaN
onlineCommonQueries,3,A,S,"Shared, pretrained-frozen",dimensionless state,study3_pilot_20260918/runs/drift_S_pretrained_000.mat,pilot,0,drift,0.5,derived pilot,Online at 55 s; different training histories,NaN,55,rateLimited,clean,(dimensionless state)^2,0.43125,1,0.1,29,29,0,0.000566937989505614,2.70245928554947e-05,0.00519851833270738,-2.03381373045557e-18,3.23340393680529e-34,1.79816682674475e-17,0.000566937989505612,2.70245928554947e-05,0.00519851833270737,0,0,0,0,0,0,0.000566937989505612,2.70245928554947e-05,0.00519851833270737,-1.93522084200899e-20,-1.93522084200899e-20,-4.36471410303082e-21,-4.36471410303082e-21,0,1.73817617130067e-21,0,1.73817617130067e-21,0,NaN
onlineCommonQueries,3,A,S,"Shared, pretrained-frozen",dimensionless state,study3_pilot_20260918/runs/drift_S_pretrained_000.mat,pilot,0,drift,0.5,derived pilot,Online at 55 s; different training histories,NaN,55,rateLimited,clean,(dimensionless state)^2,0.43125,2,0.2,29,29,0,0.000692763475368084,7.15212822287933e-05,0.00845702561358267,-0.00176748055607714,6.37562479225668e-06,0.00252499995886271,-0.00107471708070906,8.01611986733034e-05,0.00895327865495671,0,0,0,0,0,0,-0.00107471708070906,8.01611986733034e-05,0.00895327865495671,2.26429165225335e-06,2.26429165225335e-06,5.50571415715295e-21,5.50571415715295e-21,0,2.71050543121376e-20,0,2.71050543121376e-20,0,NaN
onlineCommonQueries,3,A,S,"Shared, pretrained-frozen",dimensionless state,study3_pilot_20260918/runs/drift_S_pretrained_000.mat,pilot,0,drift,0.5,derived pilot,Online at 55 s; different training histories,NaN,55,rateLimited,clean,(dimensionless state)^2,0.43125,5,0.5,29,29,0,0.0018684036001158,0.000294585852837701,0.0171635035129108,-0.045299705300966,0.00470086935455443,0.0685628861305767,-0.0434313017008502,0.00514195200851205,0.071707405534659,0,0,0,0,0,0,-0.0434313017008502,0.00514195200851205,0.071707405534659,0.000146496801119914,0.000146496801119914,8.67361737988404e-19,8.67361737988404e-19,0,1.73472347597681e-18,0,1.73472347597681e-18,0,NaN
onlineCommonQueries,3,A,S,"Shared, pretrained-frozen",dimensionless state,study3_pilot_20260918/runs/drift_S_pretrained_000.mat,pilot,0,drift,0.5,derived pilot,Online at 55 s; different training histories,NaN,55,rateLimited,clean,(dimensionless state)^2,0.43125,10,1,29,29,0,0.00111153030095076,0.000223405357747031,0.0149467507421189,-0.0824659015484367,0.019561773227407,0.139863409179839,-0.0813543712474859,0.0203466310870891,0.142641617654488,0,0,0,0,0,0,-0.0813543712474859,0.0203466310870891,0.142641617654488,0.000561452501935045,0.000561452501935045,1.0842021724855e-18,1.0842021724855e-18,2.77555756156289e-17,1.38777878078145e-17,2.77555756156289e-17,1.38777878078145e-17,0,NaN
onlineCommonQueries,3,A,S,"Shared, pretrained-frozen",dimensionless state,study3_pilot_20260918/runs/drift_S_pretrained_000.mat,pilot,0,drift,0.5,derived pilot,Online at 55 s; different training histories,NaN,55,rateLimited,clean,(dimensionless state)^2,0.43125,20,2,29,29,0,0.00462494924755781,0.000382995023732279,0.0195702586526668,-0.114142748367485,0.0293975401655979,0.171457108821996,-0.109517799119927,0.028398572118615,0.168518758951682,0,0,0,0,0,0,-0.109517799119927,0.028398572118615,0.168518758951682,-0.00138196307071516,-0.00138196307071516,-6.28837260041593e-18,-6.28837260041593e-18,0,2.77555756156289e-17,0,2.77555756156289e-17,0,NaN
onlineCommonQueries,3,A,S,"Shared, pretrained-frozen",dimensionless state,study3_pilot_20260918/runs/drift_S_pretrained_000.mat,pilot,0,drift,0.5,derived pilot,Online at 59.9 s; different training histories,NaN,59.9,held,clean,(dimensionless state)^2,0.412875,1,0.1,29,29,0,0.00113306136987821,0.000106832170110573,0.0103359648853202,-2.03381373045557e-18,3.23340393680529e-34,1.79816682674475e-17,0.00113306136987821,0.000106832170110573,0.0103359648853202,0,0,0,0,0,0,0.00113306136987821,0.000106832170110573,0.0103359648853202,-3.85073091835488e-20,-3.85073091835488e-20,-2.15027228465794e-21,-2.15027228465794e-21,0,4.24083001217106e-21,0,4.24083001217106e-21,0,NaN
onlineCommonQueries,3,A,S,"Shared, pretrained-frozen",dimensionless state,study3_pilot_20260918/runs/drift_S_pretrained_000.mat,pilot,0,drift,0.5,derived pilot,Online at 59.9 s; different training histories,NaN,59.9,held,clean,(dimensionless state)^2,0.412875,2,0.2,29,29,0,0.00228197341014376,0.000299992207455017,0.0173202831228308,-3.70871915553662e-18,1.68726405688235e-33,4.10763199043239e-17,0.00228197341014376,0.000299992207455017,0.0173202831228308,0,0,0,0,0,0,0.00228197341014376,0.000299992207455017,0.0173202831228308,-3.03783201980337e-19,-3.03783201980337e-19,-7.56875583895913e-20,-7.56875583895913e-20,0,5.54664148356425e-20,0,5.54664148356425e-20,0,NaN
onlineCommonQueries,3,A,S,"Shared, pretrained-frozen",dimensionless state,study3_pilot_20260918/runs/drift_S_pretrained_000.mat,pilot,0,drift,0.5,derived pilot,Online at 59.9 s; different training histories,NaN,59.9,held,clean,(dimensionless state)^2,0.412875,5,0.5,29,29,0,0.00485093276167234,0.000771007003010238,0.0277670128571699,-2.15344983224707e-17,6.93998893753332e-33,8.33065960025574e-17,0.00485093276167232,0.000771007003010236,0.0277670128571699,0,0,0,0,0,0,0.00485093276167232,0.000771007003010236,0.0277670128571699,-1.79137521982306e-18,-1.79137521982306e-18,5.66517438462481e-20,5.66517438462481e-20,0,3.01386271835889e-19,0,3.01386271835889e-19,0,NaN
onlineCommonQueries,3,A,S,"Shared, pretrained-frozen",dimensionless state,study3_pilot_20260918/runs/drift_S_pretrained_000.mat,pilot,0,drift,0.5,derived pilot,Online at 59.9 s; different training histories,NaN,59.9,held,clean,(dimensionless state)^2,0.412875,10,1,29,29,0,0.00652356770985025,0.00105560466489558,0.0324900702507024,-4.64188074951035e-17,1.69282600973899e-32,1.30108647281377e-16,0.00652356770985021,0.00105560466489558,0.0324900702507024,0,0,0,0,0,0,0.00652356770985021,0.00105560466489558,0.0324900702507024,-3.23662375533865e-18,-3.23662375533865e-18,2.00857672379222e-19,2.00857672379222e-19,0,6.82133926111044e-19,0,6.82133926111044e-19,0,NaN
onlineCommonQueries,3,A,S,"Shared, pretrained-frozen",dimensionless state,study3_pilot_20260918/runs/drift_S_pretrained_000.mat,pilot,0,drift,0.5,derived pilot,Online at 59.9 s; different training histories,NaN,59.9,held,clean,(dimensionless state)^2,0.412875,20,2,29,29,0,0.00699356263333105,0.00113066061711648,0.0336252972792284,-3.1583930872957e-17,2.1743084958358e-32,1.47455365986993e-16,0.00699356263333102,0.00113066061711648,0.0336252972792283,0,0,0,0,0,0,0.00699356263333102,0.00113066061711648,0.0336252972792283,-1.03827245120992e-18,-1.03827245120992e-18,1.70910713221491e-19,1.70910713221491e-19,0,2.55754295561082e-19,0,2.55754295561082e-19,0,NaN
onlineCommonQueries,3,A,S,"Shared, pretrained-frozen",dimensionless state,study3_pilot_20260918/runs/drift_S_pretrained_000.mat,pilot,0,drift,0.5,derived pilot,Online at 59.9 s; different training histories,NaN,59.9,rateLimited,clean,(dimensionless state)^2,0.412875,1,0.1,29,29,0,0.00113306136987821,0.000106832170110573,0.0103359648853202,-2.03381373045557e-18,3.23340393680529e-34,1.79816682674475e-17,0.00113306136987821,0.000106832170110573,0.0103359648853202,0,0,0,0,0,0,0.00113306136987821,0.000106832170110573,0.0103359648853202,-3.85073091835488e-20,-3.85073091835488e-20,-2.15027228465794e-21,-2.15027228465794e-21,0,4.24083001217106e-21,0,4.24083001217106e-21,0,NaN
onlineCommonQueries,3,A,S,"Shared, pretrained-frozen",dimensionless state,study3_pilot_20260918/runs/drift_S_pretrained_000.mat,pilot,0,drift,0.5,derived pilot,Online at 59.9 s; different training histories,NaN,59.9,rateLimited,clean,(dimensionless state)^2,0.412875,2,0.2,29,29,0,0.00137404957839263,0.000282183820564868,0.0167983279097912,-0.00176748055607714,6.37562479225668e-06,0.00252499995886271,-0.000393430977684517,0.000293023600828811,0.0171179321423124,0,0,0,0,0,0,-0.000393430977684517,0.000293023600828811,0.0171179321423124,4.46415547168598e-06,4.46415547168598e-06,-6.35274710440725e-20,-6.35274710440725e-20,0,8.13151629364128e-20,0,8.13151629364128e-20,0,NaN
onlineCommonQueries,3,A,S,"Shared, pretrained-frozen",dimensionless state,study3_pilot_20260918/runs/drift_S_pretrained_000.mat,pilot,0,drift,0.5,derived pilot,Online at 59.9 s; different training histories,NaN,59.9,rateLimited,clean,(dimensionless state)^2,0.412875,5,0.5,29,29,0,0.00360873103915266,0.00115830017176844,0.0340338092456375,-0.045299705300966,0.00470086935455443,0.0685628861305767,-0.0416909742618133,0.00615747447459019,0.0784695767453233,0,0,0,0,0,0,-0.0416909742618133,0.00615747447459019,0.0784695767453233,0.000298304948267313,0.000298304948267313,2.22261445359528e-18,2.22261445359528e-18,0,2.60208521396521e-18,0,2.60208521396521e-18,0,NaN
onlineCommonQueries,3,A,S,"Shared, pretrained-frozen",dimensionless state,study3_pilot_20260918/runs/drift_S_pretrained_000.mat,pilot,0,drift,0.5,derived pilot,Online at 59.9 s; different training histories,NaN,59.9,rateLimited,clean,(dimensionless state)^2,0.412875,10,1,29,29,0,0.00210430856313934,0.000878054143313428,0.029631978390135,-0.0824659015484367,0.019561773227407,0.139863409179839,-0.0803615929852973,0.0215873905765694,0.146926480174846,0,0,0,0,0,0,-0.0803615929852973,0.0215873905765694,0.146926480174846,0.00114756320584899,0.00114756320584899,3.46944695195361e-18,3.46944695195361e-18,2.77555756156289e-17,2.42861286636753e-17,2.77555756156289e-17,2.42861286636753e-17,0,NaN
onlineCommonQueries,3,A,S,"Shared, pretrained-frozen",dimensionless state,study3_pilot_20260918/runs/drift_S_pretrained_000.mat,pilot,0,drift,0.5,derived pilot,Online at 59.9 s; different training histories,NaN,59.9,rateLimited,clean,(dimensionless state)^2,0.412875,20,2,29,29,0,0.009014419020539,0.00149932542047966,0.0387211236985661,-0.114142748367485,0.0293975401655979,0.171457108821996,-0.105128329346946,0.0282171130565542,0.167979501893993,0,0,0,0,0,0,-0.105128329346946,0.0282171130565542,0.167979501893993,-0.00267975252952335,-0.00267975252952335,-1.73472347597681e-18,-1.73472347597681e-18,0,2.08166817117217e-17,0,2.08166817117217e-17,0,NaN
onlineCommonQueries,3,A,S,"Shared, pretrained-frozen",dimensionless state,study3_pilot_20260918/runs/drift_S_pretrained_000.mat,pilot,0,drift,0.5,derived pilot,Online at 95 s; different training histories,NaN,95,held,clean,(dimensionless state)^2,0.3,1,0.1,29,29,0,0.00461067642073844,0.00175516316457301,0.0418946674956731,-2.03381373045557e-18,3.23340393680529e-34,1.79816682674475e-17,0.00461067642073844,0.00175516316457301,0.0418946674956731,0,0,0,0,0,0,0.00461067642073844,0.00175516316457301,0.0418946674956731,-1.56174356730511e-19,-1.56174356730511e-19,1.56174356730511e-19,1.56174356730511e-19,3.46944695195361e-18,2.70627987445545e-19,3.46944695195361e-18,2.70627987445545e-19,0,NaN
onlineCommonQueries,3,A,S,"Shared, pretrained-frozen",dimensionless state,study3_pilot_20260918/runs/drift_S_pretrained_000.mat,pilot,0,drift,0.5,derived pilot,Online at 95 s; different training histories,NaN,95,held,clean,(dimensionless state)^2,0.3,2,0.2,29,29,0,0.00884762419360116,0.00489581761759598,0.0699701194624961,-3.70871915553662e-18,1.68726405688235e-33,4.10763199043239e-17,0.00884762419360115,0.00489581761759597,0.0699701194624961,0,0,0,0,0,0,0.00884762419360115,0.00489581761759597,0.0699701194624961,-1.23190074065043e-18,-1.23190074065043e-18,-1.37018447331478e-18,-1.37018447331478e-18,0,8.04211632869756e-19,0,8.04211632869756e-19,0,NaN
onlineCommonQueries,3,A,S,"Shared, pretrained-frozen",dimensionless state,study3_pilot_20260918/runs/drift_S_pretrained_000.mat,pilot,0,drift,0.5,derived pilot,Online at 95 s; different training histories,NaN,95,held,clean,(dimensionless state)^2,0.3,5,0.5,29,29,0,0.0176120165569947,0.012297621552455,0.11089464167603,-2.15344983224707e-17,6.93998893753332e-33,8.33065960025574e-17,0.0176120165569947,0.012297621552455,0.11089464167603,0,0,0,0,0,0,0.0176120165569947,0.012297621552455,0.11089464167603,-7.06426853631198e-18,-7.06426853631198e-18,1.25374632404744e-19,1.25374632404744e-19,0,3.05021838177169e-18,0,3.05021838177169e-18,0,NaN
onlineCommonQueries,3,A,S,"Shared, pretrained-frozen",dimensionless state,study3_pilot_20260918/runs/drift_S_pretrained_000.mat,pilot,0,drift,0.5,derived pilot,Online at 95 s; different training histories,NaN,95,held,clean,(dimensionless state)^2,0.3,10,1,29,29,0,0.02292971859686,0.01640634888813,0.128087270593646,-4.64188074951035e-17,1.69282600973899e-32,1.30108647281377e-16,0.0229297185968599,0.0164063488881299,0.128087270593646,0,0,0,0,0,0,0.0229297185968599,0.0164063488881299,0.128087270593646,-1.26767556483389e-17,-1.26767556483389e-17,-1.20103215947553e-18,-1.20103215947553e-18,0,1.97831648395499e-18,0,1.97831648395499e-18,0,NaN
onlineCommonQueries,3,A,S,"Shared, pretrained-frozen",dimensionless state,study3_pilot_20260918/runs/drift_S_pretrained_000.mat,pilot,0,drift,0.5,derived pilot,Online at 95 s; different training histories,NaN,95,held,clean,(dimensionless state)^2,0.3,20,2,29,29,0,0.0243192558130552,0.0173485215053881,0.131713786314828,-3.1583930872957e-17,2.1743084958358e-32,1.47455365986993e-16,0.0243192558130552,0.0173485215053881,0.131713786314828,0,0,0,0,0,0,0.0243192558130552,0.0173485215053881,0.131713786314828,-4.39790070847516e-18,-4.39790070847516e-18,4.39790070847514e-18,4.39790070847514e-18,0,2.45242523567342e-18,0,2.45242523567342e-18,0,NaN
onlineCommonQueries,3,A,S,"Shared, pretrained-frozen",dimensionless state,study3_pilot_20260918/runs/drift_S_pretrained_000.mat,pilot,0,drift,0.5,derived pilot,Online at 95 s; different training histories,NaN,95,rateLimited,clean,(dimensionless state)^2,0.3,1,0.1,29,29,0,0.00461067642073844,0.00175516316457301,0.0418946674956731,-2.03381373045557e-18,3.23340393680529e-34,1.79816682674475e-17,0.00461067642073844,0.00175516316457301,0.0418946674956731,0,0,0,0,0,0,0.00461067642073844,0.00175516316457301,0.0418946674956731,-1.56174356730511e-19,-1.56174356730511e-19,1.56174356730511e-19,1.56174356730511e-19,3.46944695195361e-18,2.70627987445545e-19,3.46944695195361e-18,2.70627987445545e-19,0,NaN
onlineCommonQueries,3,A,S,"Shared, pretrained-frozen",dimensionless state,study3_pilot_20260918/runs/drift_S_pretrained_000.mat,pilot,0,drift,0.5,derived pilot,Online at 95 s; different training histories,NaN,95,rateLimited,clean,(dimensionless state)^2,0.3,2,0.2,29,29,0,0.00525541985790336,0.004609286990141,0.0678917299097688,-0.00176748055607714,6.37562479225668e-06,0.00252499995886271,0.00348793930182622,0.00463416406486724,0.0680746947467798,0,0,0,0,0,0,0.00348793930182622,0.00463416406486724,0.0680746947467798,1.85014499339888e-05,1.85014499339888e-05,9.48676900924816e-19,9.48676900924816e-19,0,9.75781955236954e-19,0,9.75781955236954e-19,0,NaN
onlineCommonQueries,3,A,S,"Shared, pretrained-frozen",dimensionless state,study3_pilot_20260918/runs/drift_S_pretrained_000.mat,pilot,0,drift,0.5,derived pilot,Online at 95 s; different training histories,NaN,95,rateLimited,clean,(dimensionless state)^2,0.3,5,0.5,29,29,0,0.0118019996791958,0.018645056816453,0.136546903357246,-0.045299705300966,0.00470086935455443,0.0685628861305767,-0.0334977056217702,0.0247656531322987,0.157371068282257,0,0,0,0,0,0,-0.0334977056217702,0.0247656531322987,0.157371068282257,0.00141972696129125,0.00141972696129125,9.75781955236954e-18,9.75781955236954e-18,2.77555756156289e-17,2.77555756156289e-17,2.77555756156289e-17,2.77555756156289e-17,0,NaN
onlineCommonQueries,3,A,S,"Shared, pretrained-frozen",dimensionless state,study3_pilot_20260918/runs/drift_S_pretrained_000.mat,pilot,0,drift,0.5,derived pilot,Online at 95 s; different training histories,NaN,95,rateLimited,clean,(dimensionless state)^2,0.3,10,1,29,29,0,0.00569265518427449,0.0140686201004579,0.118611214058612,-0.0824659015484367,0.019561773227407,0.139863409179839,-0.0767732463641622,0.039085146231269,0.197699636396401,0,0,0,0,0,0,-0.0767732463641622,0.039085146231269,0.197699636396401,0.00545475290340405,0.00545475290340405,2.60208521396521e-18,2.60208521396521e-18,2.77555756156289e-17,2.77555756156289e-17,2.77555756156289e-17,2.77555756156289e-17,0,NaN
onlineCommonQueries,3,A,S,"Shared, pretrained-frozen",dimensionless state,study3_pilot_20260918/runs/drift_S_pretrained_000.mat,pilot,0,drift,0.5,derived pilot,Online at 95 s; different training histories,NaN,95,rateLimited,clean,(dimensionless state)^2,0.3,20,2,29,29,0,0.0319903384411804,0.0234396474466043,0.153100122294544,-0.114142748367485,0.0293975401655979,0.171457108821996,-0.0821524099263048,0.0436811903035515,0.209000455271159,0,0,0,0,0,0,-0.0821524099263048,0.0436811903035515,0.209000455271159,-0.00915599730865061,-0.00915599730865061,1.73472347597681e-18,1.73472347597681e-18,1.38777878078145e-17,5.55111512312578e-17,1.38777878078145e-17,5.55111512312578e-17,0,NaN
onlineCommonQueries,3,A,S,"Shared, prior-frozen",dimensionless state,study3_pilot_20260918/runs/drift_S_prior_000.mat,pilot,0,drift,0.5,derived pilot,Online at 49.9 s; different training histories,NaN,49.9,held,clean,(dimensionless state)^2,0.45,1,0.1,29,29,0,-0.0582626656664119,0.0163444266070023,0.127845322976644,0,0,0,-0.0582626656664119,0.0163444266070023,0.127845322976644,0,0,0,0,0,0,-0.0582626656664119,0.0163444266070023,0.127845322976644,0,0,0,0,0,0,0,0,0,NaN
onlineCommonQueries,3,A,S,"Shared, prior-frozen",dimensionless state,study3_pilot_20260918/runs/drift_S_prior_000.mat,pilot,0,drift,0.5,derived pilot,Online at 49.9 s; different training histories,NaN,49.9,held,clean,(dimensionless state)^2,0.45,2,0.2,29,29,0,-0.0887946582825919,0.036395971846233,0.19077728336003,-1.91417762866406e-18,5.31291019141306e-34,2.30497509561667e-17,-0.0887946582825919,0.036395971846233,0.19077728336003,0,0,0,0,0,0,-0.0887946582825919,0.036395971846233,0.19077728336003,4.8785941347969e-18,4.8785941347969e-18,2.06029976911033e-18,2.06029976911033e-18,0,7.28774483874482e-18,0,7.28774483874482e-18,0,NaN
onlineCommonQueries,3,A,S,"Shared, prior-frozen",dimensionless state,study3_pilot_20260918/runs/drift_S_prior_000.mat,pilot,0,drift,0.5,derived pilot,Online at 49.9 s; different training histories,NaN,49.9,held,clean,(dimensionless state)^2,0.45,5,0.5,29,29,0,-0.117394418158557,0.0620104860050229,0.249019047474331,6.69962170032422e-18,1.23525161950354e-33,3.51461465811479e-17,-0.117394418158557,0.0620104860050229,0.249019047474331,0,0,0,0,0,0,-0.117394418158557,0.0620104860050229,0.249019047474331,-5.62749269000238e-20,-5.62749269000238e-20,-6.88261897700721e-18,-6.88261897700721e-18,2.77555756156289e-17,1.49108206072044e-17,2.77555756156289e-17,1.49108206072044e-17,0,NaN
onlineCommonQueries,3,A,S,"Shared, prior-frozen",dimensionless state,study3_pilot_20260918/runs/drift_S_prior_000.mat,pilot,0,drift,0.5,derived pilot,Online at 49.9 s; different training histories,NaN,49.9,held,clean,(dimensionless state)^2,0.45,10,1,29,29,0,-0.122207636487795,0.0690490051420349,0.26277177386857,6.2210772931582e-18,1.01609407410775e-33,3.18762305504862e-17,-0.122207636487795,0.0690490051420349,0.26277177386857,0,0,0,0,0,0,-0.122207636487795,0.0690490051420349,0.26277177386857,2.17033505667976e-18,2.17033505667976e-18,-2.17033505667976e-18,-2.17033505667976e-18,2.77555756156289e-17,2.28692090660924e-17,2.77555756156289e-17,2.28692090660924e-17,0,NaN
onlineCommonQueries,3,A,S,"Shared, prior-frozen",dimensionless state,study3_pilot_20260918/runs/drift_S_prior_000.mat,pilot,0,drift,0.5,derived pilot,Online at 49.9 s; different training histories,NaN,49.9,held,clean,(dimensionless state)^2,0.45,20,2,29,29,0,-0.12274266848082,0.0704112582856374,0.265351198010556,6.2210772931582e-18,1.33486868559253e-33,3.65358547948797e-17,-0.12274266848082,0.0704112582856374,0.265351198010556,0,0,0,0,0,0,-0.12274266848082,0.0704112582856374,0.265351198010556,4.52934657282055e-18,4.52934657282055e-18,-1.8407134380635e-17,-1.8407134380635e-17,2.77555756156289e-17,3.66488525126953e-17,2.77555756156289e-17,3.66488525126953e-17,0,NaN
onlineCommonQueries,3,A,S,"Shared, prior-frozen",dimensionless state,study3_pilot_20260918/runs/drift_S_prior_000.mat,pilot,0,drift,0.5,derived pilot,Online at 49.9 s; different training histories,NaN,49.9,rateLimited,clean,(dimensionless state)^2,0.45,1,0.1,29,29,0,-0.0582626656664119,0.0163444266070023,0.127845322976644,0,0,0,-0.0582626656664119,0.0163444266070023,0.127845322976644,0,0,0,0,0,0,-0.0582626656664119,0.0163444266070023,0.127845322976644,0,0,0,0,0,0,0,0,0,NaN
onlineCommonQueries,3,A,S,"Shared, prior-frozen",dimensionless state,study3_pilot_20260918/runs/drift_S_prior_000.mat,pilot,0,drift,0.5,derived pilot,Online at 49.9 s; different training histories,NaN,49.9,rateLimited,clean,(dimensionless state)^2,0.45,2,0.2,29,29,0,-0.0833611519478562,0.0310446199390665,0.176194835165695,-0.00191733317623702,9.06149829787762e-06,0.00301023226643354,-0.0852784851240932,0.031463738557727,0.177380209036203,0,0,0,0,0,0,-0.0852784851240932,0.031463738557727,0.177380209036203,0.000410057120362603,0.000410057120362603,-7.58941520739853e-19,-7.58941520739853e-19,0,6.27416312119724e-18,0,6.27416312119724e-18,0,NaN
onlineCommonQueries,3,A,S,"Shared, prior-frozen",dimensionless state,study3_pilot_20260918/runs/drift_S_prior_000.mat,pilot,0,drift,0.5,derived pilot,Online at 49.9 s; different training histories,NaN,49.9,rateLimited,clean,(dimensionless state)^2,0.45,5,0.5,29,29,0,-0.1035254494486,0.064482898392383,0.25393483099485,-0.0209873016674309,0.00119867048201404,0.0346218208939686,-0.124512751116031,0.0670207186429181,0.258883600567742,0,0,0,0,0,0,-0.124512751116031,0.0670207186429181,0.258883600567742,0.0013391497685211,0.0013391497685211,5.63785129692462e-18,5.63785129692462e-18,2.77555756156289e-17,2.25514051876985e-17,2.77555756156289e-17,2.25514051876985e-17,0,NaN
onlineCommonQueries,3,A,S,"Shared, prior-frozen",dimensionless state,study3_pilot_20260918/runs/drift_S_prior_000.mat,pilot,0,drift,0.5,derived pilot,Online at 49.9 s; different training histories,NaN,49.9,rateLimited,clean,(dimensionless state)^2,0.45,10,1,29,29,0,-0.0906128550760674,0.0512178599040451,0.226313631723865,-0.0294911238064007,0.00244428249948622,0.0494396854711497,-0.120103978882468,0.052963584231154,0.230138185078344,0,0,0,0,0,0,-0.120103978882468,0.052963584231154,0.230138185078344,-0.000698558172377324,-0.000698558172377324,-2.00577401909818e-17,-2.00577401909818e-17,2.77555756156289e-17,2.28692090660924e-17,2.77555756156289e-17,2.28692090660924e-17,0,NaN
onlineCommonQueries,3,A,S,"Shared, prior-frozen",dimensionless state,study3_pilot_20260918/runs/drift_S_prior_000.mat,pilot,0,drift,0.5,derived pilot,Online at 49.9 s; different training histories,NaN,49.9,rateLimited,clean,(dimensionless state)^2,0.45,20,2,29,29,0,-0.133742571430917,0.0862630771265148,0.293705766246621,-0.0326613591402272,0.00288925501418458,0.0537517907997917,-0.166403930571145,0.0936991479170306,0.306103165480252,0,0,0,0,0,0,-0.166403930571145,0.0936991479170306,0.306103165480252,0.00454681577633128,0.00454681577633128,7.80625564189563e-18,7.80625564189563e-18,5.55111512312578e-17,3.64291929955129e-17,5.55111512312578e-17,3.64291929955129e-17,0,NaN
onlineCommonQueries,3,A,S,"Shared, prior-frozen",dimensionless state,study3_pilot_20260918/runs/drift_S_prior_000.mat,pilot,0,drift,0.5,derived pilot,Online at 55 s; different training histories,NaN,55,held,clean,(dimensionless state)^2,0.43125,1,0.1,29,29,0,-0.0576849887476643,0.0152004109004524,0.123289946469501,0,0,0,-0.0576849887476643,0.0152004109004524,0.123289946469501,0,0,0,0,0,0,-0.0576849887476643,0.0152004109004524,0.123289946469501,0,0,0,0,0,0,0,0,0,NaN
onlineCommonQueries,3,A,S,"Shared, prior-frozen",dimensionless state,study3_pilot_20260918/runs/drift_S_prior_000.mat,pilot,0,drift,0.5,derived pilot,Online at 55 s; different training histories,NaN,55,held,clean,(dimensionless state)^2,0.43125,2,0.2,29,29,0,-0.0876237938978793,0.0334483040882514,0.182888775183857,-1.91417762866406e-18,5.31291019141306e-34,2.30497509561667e-17,-0.0876237938978793,0.0334483040882514,0.182888775183857,0,0,0,0,0,0,-0.0876237938978793,0.0334483040882514,0.182888775183857,4.68477576036095e-18,4.68477576036095e-18,2.25411814354627e-18,2.25411814354627e-18,0,7.70453196695546e-18,0,7.70453196695546e-18,0,NaN
onlineCommonQueries,3,A,S,"Shared, prior-frozen",dimensionless state,study3_pilot_20260918/runs/drift_S_prior_000.mat,pilot,0,drift,0.5,derived pilot,Online at 55 s; different training histories,NaN,55,held,clean,(dimensionless state)^2,0.43125,5,0.5,29,29,0,-0.114884674479644,0.0555692087332588,0.235731221379899,6.69962170032422e-18,1.23525161950354e-33,3.51461465811479e-17,-0.114884674479644,0.0555692087332588,0.235731221379899,0,0,0,0,0,0,-0.114884674479644,0.0555692087332588,0.235731221379899,-1.07700437885398e-19,-1.07700437885398e-19,1.07700437885397e-19,1.07700437885397e-19,2.77555756156289e-17,2.25228400597676e-17,2.77555756156289e-17,2.25228400597676e-17,0,NaN
onlineCommonQueries,3,A,S,"Shared, prior-frozen",dimensionless state,study3_pilot_20260918/runs/drift_S_prior_000.mat,pilot,0,drift,0.5,derived pilot,Online at 55 s; different training histories,NaN,55,held,clean,(dimensionless state)^2,0.43125,10,1,29,29,0,-0.118818009875315,0.0609700532337562,0.246921147805845,6.2210772931582e-18,1.01609407410775e-33,3.18762305504862e-17,-0.118818009875315,0.0609700532337562,0.246921147805845,0,0,0,0,0,0,-0.118818009875315,0.0609700532337562,0.246921147805845,1.96642023413702e-18,1.96642023413702e-18,-1.96642023413702e-18,-1.96642023413702e-18,2.77555756156289e-17,1.78053529488363e-17,2.77555756156289e-17,1.78053529488363e-17,0,NaN
onlineCommonQueries,3,A,S,"Shared, prior-frozen",dimensionless state,study3_pilot_20260918/runs/drift_S_prior_000.mat,pilot,0,drift,0.5,derived pilot,Online at 55 s; different training histories,NaN,55,held,clean,(dimensionless state)^2,0.43125,20,2,29,29,0,-0.119102633486195,0.0619394376029688,0.248876350027416,6.2210772931582e-18,1.33486868559253e-33,3.65358547948797e-17,-0.119102633486195,0.0619394376029688,0.248876350027416,0,0,0,0,0,0,-0.119102633486195,0.0619394376029688,0.248876350027416,4.12251389002479e-18,4.12251389002479e-18,-2.49391956017465e-17,-2.49391956017465e-17,2.77555756156289e-17,2.66081850996032e-17,2.77555756156289e-17,2.66081850996032e-17,0,NaN
onlineCommonQueries,3,A,S,"Shared, prior-frozen",dimensionless state,study3_pilot_20260918/runs/drift_S_prior_000.mat,pilot,0,drift,0.5,derived pilot,Online at 55 s; different training histories,NaN,55,rateLimited,clean,(dimensionless state)^2,0.43125,1,0.1,29,29,0,-0.0576849887476643,0.0152004109004524,0.123289946469501,0,0,0,-0.0576849887476643,0.0152004109004524,0.123289946469501,0,0,0,0,0,0,-0.0576849887476643,0.0152004109004524,0.123289946469501,0,0,0,0,0,0,0,0,0,NaN
onlineCommonQueries,3,A,S,"Shared, prior-frozen",dimensionless state,study3_pilot_20260918/runs/drift_S_prior_000.mat,pilot,0,drift,0.5,derived pilot,Online at 55 s; different training histories,NaN,55,rateLimited,clean,(dimensionless state)^2,0.43125,2,0.2,29,29,0,-0.0826516935989923,0.0286295582369846,0.169202713444509,-0.00191733317623702,9.06149829787762e-06,0.00301023226643354,-0.0845690267752293,0.0290490147715223,0.170437715226185,0,0,0,0,0,0,-0.0845690267752293,0.0290490147715223,0.170437715226185,0.000410395036239782,0.000410395036239782,-6.50521303491303e-19,-6.50521303491303e-19,0,6.48561805126183e-18,0,6.48561805126183e-18,0,NaN
onlineCommonQueries,3,A,S,"Shared, prior-frozen",dimensionless state,study3_pilot_20260918/runs/drift_S_prior_000.mat,pilot,0,drift,0.5,derived pilot,Online at 55 s; different training histories,NaN,55,rateLimited,clean,(dimensionless state)^2,0.43125,5,0.5,29,29,0,-0.101631810651924,0.0565824464045066,0.237870650574018,-0.0209873016674309,0.00119867048201404,0.0346218208939686,-0.122619112319355,0.0593121477355518,0.243540854345943,0,0,0,0,0,0,-0.122619112319355,0.0593121477355518,0.243540854345943,0.00153103084903114,0.00153103084903114,2.64545330086463e-17,2.64545330086463e-17,2.77555756156289e-17,1.82145964977565e-17,2.77555756156289e-17,1.82145964977565e-17,0,NaN
onlineCommonQueries,3,A,S,"Shared, prior-frozen",dimensionless state,study3_pilot_20260918/runs/drift_S_prior_000.mat,pilot,0,drift,0.5,derived pilot,Online at 55 s; different training histories,NaN,55,rateLimited,clean,(dimensionless state)^2,0.43125,10,1,29,29,0,-0.0894813818472632,0.0450529632166272,0.212256833144724,-0.0294911238064007,0.00244428249948622,0.0494396854711497,-0.118972505653664,0.0471208983070216,0.21707348596045,0,0,0,0,0,0,-0.118972505653664,0.0471208983070216,0.21707348596045,-0.000376347409091847,-0.000376347409091847,1.03541307472366e-17,1.03541307472366e-17,2.77555756156289e-17,4.16333634234434e-17,2.77555756156289e-17,4.16333634234434e-17,0,NaN
onlineCommonQueries,3,A,S,"Shared, prior-frozen",dimensionless state,study3_pilot_20260918/runs/drift_S_prior_000.mat,pilot,0,drift,0.5,derived pilot,Online at 55 s; different training histories,NaN,55,rateLimited,clean,(dimensionless state)^2,0.43125,20,2,29,29,0,-0.129072348551404,0.0754271155476502,0.274639974416781,-0.0326613591402272,0.00288925501418458,0.0537517907997917,-0.161733707691631,0.0828414968998877,0.287821988214743,0,0,0,0,0,0,-0.161733707691631,0.0828414968998877,0.287821988214743,0.00452512633805298,0.00452512633805298,9.54097911787244e-18,9.54097911787244e-18,5.55111512312578e-17,4.5102810375397e-17,5.55111512312578e-17,4.5102810375397e-17,0,NaN
onlineCommonQueries,3,A,S,"Shared, prior-frozen",dimensionless state,study3_pilot_20260918/runs/drift_S_prior_000.mat,pilot,0,drift,0.5,derived pilot,Online at 59.9 s; different training histories,NaN,59.9,held,clean,(dimensionless state)^2,0.412875,1,0.1,29,29,0,-0.0571188653672918,0.014132601257056,0.118880617667709,0,0,0,-0.0571188653672918,0.014132601257056,0.118880617667709,0,0,0,0,0,0,-0.0571188653672918,0.014132601257056,0.118880617667709,0,0,0,0,0,0,0,0,0,NaN
onlineCommonQueries,3,A,S,"Shared, prior-frozen",dimensionless state,study3_pilot_20260918/runs/drift_S_prior_000.mat,pilot,0,drift,0.5,derived pilot,Online at 59.9 s; different training histories,NaN,59.9,held,clean,(dimensionless state)^2,0.412875,2,0.2,29,29,0,-0.0864936817725848,0.030714189510548,0.175254641908704,-1.91417762866406e-18,5.31291019141306e-34,2.30497509561667e-17,-0.0864936817725848,0.030714189510548,0.175254641908704,0,0,0,0,0,0,-0.0864936817725848,0.030714189510548,0.175254641908704,4.49496238121163e-18,4.49496238121163e-18,-1.02551542925802e-18,-1.02551542925802e-18,0,8.79458851612865e-18,0,8.79458851612865e-18,0,NaN
onlineCommonQueries,3,A,S,"Shared, prior-frozen",dimensionless state,study3_pilot_20260918/runs/drift_S_prior_000.mat,pilot,0,drift,0.5,derived pilot,Online at 59.9 s; different training histories,NaN,59.9,held,clean,(dimensionless state)^2,0.412875,5,0.5,29,29,0,-0.112509892969326,0.0496817809586944,0.222894102565982,6.69962170032422e-18,1.23525161950354e-33,3.51461465811479e-17,-0.112509892969326,0.0496817809586944,0.222894102565982,0,0,0,0,0,0,-0.112509892969326,0.0496817809586944,0.222894102565982,-1.58393931055695e-19,-1.58393931055695e-19,1.58393931055694e-19,1.58393931055694e-19,2.77555756156289e-17,2.32693307631648e-17,2.77555756156289e-17,2.32693307631648e-17,0,NaN
onlineCommonQueries,3,A,S,"Shared, prior-frozen",dimensionless state,study3_pilot_20260918/runs/drift_S_prior_000.mat,pilot,0,drift,0.5,derived pilot,Online at 59.9 s; different training histories,NaN,59.9,held,clean,(dimensionless state)^2,0.412875,10,1,29,29,0,-0.115642337514169,0.0536676602223333,0.231662815795572,6.2210772931582e-18,1.01609407410775e-33,3.18762305504862e-17,-0.115642337514169,0.0536676602223333,0.231662815795572,0,0,0,0,0,0,-0.115642337514169,0.0536676602223333,0.231662815795572,1.76526320228964e-18,1.76526320228964e-18,-1.76526320228964e-18,-1.76526320228964e-18,2.77555756156289e-17,2.47588014861852e-17,2.77555756156289e-17,2.47588014861852e-17,0,NaN
onlineCommonQueries,3,A,S,"Shared, prior-frozen",dimensionless state,study3_pilot_20260918/runs/drift_S_prior_000.mat,pilot,0,drift,0.5,derived pilot,Online at 59.9 s; different training histories,NaN,59.9,held,clean,(dimensionless state)^2,0.412875,20,2,29,29,0,-0.115704937162376,0.0543132597855325,0.233052053811016,6.2210772931582e-18,1.33486868559253e-33,3.65358547948797e-17,-0.115704937162376,0.0543132597855325,0.233052053811016,0,0,0,0,0,0,-0.115704937162376,0.0543132597855325,0.233052053811016,3.72928445464245e-18,3.72928445464245e-18,-3.72928445464245e-18,-3.72928445464245e-18,2.77555756156289e-17,1.69945981783615e-17,2.77555756156289e-17,1.69945981783615e-17,0,NaN
onlineCommonQueries,3,A,S,"Shared, prior-frozen",dimensionless state,study3_pilot_20260918/runs/drift_S_prior_000.mat,pilot,0,drift,0.5,derived pilot,Online at 59.9 s; different training histories,NaN,59.9,rateLimited,clean,(dimensionless state)^2,0.412875,1,0.1,29,29,0,-0.0571188653672918,0.014132601257056,0.118880617667709,0,0,0,-0.0571188653672918,0.014132601257056,0.118880617667709,0,0,0,0,0,0,-0.0571188653672918,0.014132601257056,0.118880617667709,0,0,0,0,0,0,0,0,0,NaN
onlineCommonQueries,3,A,S,"Shared, prior-frozen",dimensionless state,study3_pilot_20260918/runs/drift_S_prior_000.mat,pilot,0,drift,0.5,derived pilot,Online at 59.9 s; different training histories,NaN,59.9,rateLimited,clean,(dimensionless state)^2,0.412875,2,0.2,29,29,0,-0.0819704074959677,0.026406988734795,0.162502273014241,-0.00191733317623702,9.06149829787762e-06,0.00301023226643354,-0.0838877406722047,0.0268267832829432,0.163788837479674,0,0,0,0,0,0,-0.0838877406722047,0.0268267832829432,0.163788837479674,0.000410733049850347,0.000410733049850347,-2.38524477946811e-18,-2.38524477946811e-18,0,8.48566545871066e-18,0,8.48566545871066e-18,0,NaN
onlineCommonQueries,3,A,S,"Shared, prior-frozen",dimensionless state,study3_pilot_20260918/runs/drift_S_prior_000.mat,pilot,0,drift,0.5,derived pilot,Online at 59.9 s; different training histories,NaN,59.9,rateLimited,clean,(dimensionless state)^2,0.412875,5,0.5,29,29,0,-0.0998914832128867,0.049459705688023,0.222395381444901,-0.0209873016674309,0.00119867048201404,0.0346218208939686,-0.120878784880318,0.052380984646758,0.228868924598247,0,0,0,0,0,0,-0.120878784880318,0.052380984646758,0.228868924598247,0.00172260847672096,0.00172260847672096,1.64798730217797e-17,1.64798730217797e-17,2.77555756156289e-17,2.32693307631648e-17,2.77555756156289e-17,2.32693307631648e-17,0,NaN
onlineCommonQueries,3,A,S,"Shared, prior-frozen",dimensionless state,study3_pilot_20260918/runs/drift_S_prior_000.mat,pilot,0,drift,0.5,derived pilot,Online at 59.9 s; different training histories,NaN,59.9,rateLimited,clean,(dimensionless state)^2,0.412875,10,1,29,29,0,-0.0884886035850746,0.0394905541745528,0.198722304169796,-0.0294911238064007,0.00244428249948622,0.0494396854711497,-0.117979727391475,0.0418839993526555,0.204655807033799,0,0,0,0,0,0,-0.117979727391475,0.0418839993526555,0.204655807033799,-5.08373213835325e-05,-5.08373213835325e-05,1.00966327312713e-17,1.00966327312713e-17,2.77555756156289e-17,2.77555756156289e-17,2.77555756156289e-17,2.77555756156289e-17,0,NaN
onlineCommonQueries,3,A,S,"Shared, prior-frozen",dimensionless state,study3_pilot_20260918/runs/drift_S_prior_000.mat,pilot,0,drift,0.5,derived pilot,Online at 59.9 s; different training histories,NaN,59.9,rateLimited,clean,(dimensionless state)^2,0.412875,20,2,29,29,0,-0.124682878778423,0.065662689828409,0.25624732160241,-0.0326613591402272,0.00288925501418458,0.0537517907997917,-0.15734423791865,0.073072561675496,0.270319369774894,0,0,0,0,0,0,-0.15734423791865,0.073072561675496,0.270319369774894,0.00452061683290234,0.00452061683290234,-7.80625564189563e-18,-7.80625564189563e-18,2.77555756156289e-17,2.25514051876985e-17,2.77555756156289e-17,2.25514051876985e-17,0,NaN
onlineCommonQueries,3,A,S,"Shared, prior-frozen",dimensionless state,study3_pilot_20260918/runs/drift_S_prior_000.mat,pilot,0,drift,0.5,derived pilot,Online at 95 s; different training histories,NaN,95,held,clean,(dimensionless state)^2,0.3,1,0.1,29,29,0,-0.0536412503164315,0.00873128361037311,0.0934413378027793,0,0,0,-0.0536412503164315,0.00873128361037311,0.0934413378027793,0,0,0,0,0,0,-0.0536412503164315,0.00873128361037311,0.0934413378027793,0,0,0,0,0,0,0,0,0,NaN
onlineCommonQueries,3,A,S,"Shared, prior-frozen",dimensionless state,study3_pilot_20260918/runs/drift_S_prior_000.mat,pilot,0,drift,0.5,derived pilot,Online at 95 s; different training histories,NaN,95,held,clean,(dimensionless state)^2,0.3,2,0.2,29,29,0,-0.0799280309891274,0.0172475552080027,0.131329947871773,-1.91417762866406e-18,5.31291019141306e-34,2.30497509561667e-17,-0.0799280309891275,0.0172475552080027,0.131329947871773,0,0,0,0,0,0,-0.0799280309891275,0.0172475552080027,0.131329947871773,3.33175934126907e-18,3.33175934126907e-18,1.37687610684549e-19,1.37687610684549e-19,0,1.56632966223725e-18,0,1.56632966223725e-18,0,NaN
onlineCommonQueries,3,A,S,"Shared, prior-frozen",dimensionless state,study3_pilot_20260918/runs/drift_S_prior_000.mat,pilot,0,drift,0.5,derived pilot,Online at 95 s; different training histories,NaN,95,held,clean,(dimensionless state)^2,0.3,5,0.5,29,29,0,-0.0997488091740036,0.0223959087257405,0.149652626858804,6.69962170032422e-18,1.23525161950354e-33,3.51461465811479e-17,-0.0997488091740036,0.0223959087257405,0.149652626858804,0,0,0,0,0,0,-0.0997488091740036,0.0223959087257405,0.149652626858804,-4.75912725470175e-19,-4.75912725470175e-19,4.75912725470174e-19,4.75912725470174e-19,0,1.67077179482237e-18,0,1.67077179482237e-18,0,NaN
onlineCommonQueries,3,A,S,"Shared, prior-frozen",dimensionless state,study3_pilot_20260918/runs/drift_S_prior_000.mat,pilot,0,drift,0.5,derived pilot,Online at 95 s; different training histories,NaN,95,held,clean,(dimensionless state)^2,0.3,10,1,29,29,0,-0.0992361866271591,0.0212291209882082,0.145702165351817,6.2210772931582e-18,1.01609407410775e-33,3.18762305504862e-17,-0.0992361866271591,0.0212291209882082,0.145702165351817,0,0,0,0,0,0,-0.0992361866271591,0.0212291209882082,0.145702165351817,4.99413372206775e-19,4.99413372206775e-19,-4.99413372206776e-19,-4.99413372206776e-19,0,4.40378542400906e-18,0,4.40378542400906e-18,0,NaN
onlineCommonQueries,3,A,S,"Shared, prior-frozen",dimensionless state,study3_pilot_20260918/runs/drift_S_prior_000.mat,pilot,0,drift,0.5,derived pilot,Online at 95 s; different training histories,NaN,95,held,clean,(dimensionless state)^2,0.3,20,2,29,29,0,-0.0983792439826519,0.0208786511347168,0.144494467488263,6.2210772931582e-18,1.33486868559253e-33,3.65358547948797e-17,-0.0983792439826519,0.0208786511347168,0.144494467488263,0,0,0,0,0,0,-0.0983792439826519,0.0208786511347168,0.144494467488263,1.41806300121029e-18,1.41806300121029e-18,2.05138395074332e-18,2.05138395074332e-18,0,4.07310960999661e-18,0,4.07310960999661e-18,0,NaN
onlineCommonQueries,3,A,S,"Shared, prior-frozen",dimensionless state,study3_pilot_20260918/runs/drift_S_prior_000.mat,pilot,0,drift,0.5,derived pilot,Online at 95 s; different training histories,NaN,95,rateLimited,clean,(dimensionless state)^2,0.3,1,0.1,29,29,0,-0.0536412503164315,0.00873128361037311,0.0934413378027793,0,0,0,-0.0536412503164315,0.00873128361037311,0.0934413378027793,0,0,0,0,0,0,-0.0536412503164315,0.00873128361037311,0.0934413378027793,0,0,0,0,0,0,0,0,0,NaN
onlineCommonQueries,3,A,S,"Shared, prior-frozen",dimensionless state,study3_pilot_20260918/runs/drift_S_prior_000.mat,pilot,0,drift,0.5,derived pilot,Online at 95 s; different training histories,NaN,95,rateLimited,clean,(dimensionless state)^2,0.3,2,0.2,29,29,0,-0.078089037216457,0.0158655837264807,0.12595865879915,-0.00191733317623702,9.06149829787762e-06,0.00301023226643354,-0.080006370392694,0.0162876035379863,0.127622895821973,0,0,0,0,0,0,-0.080006370392694,0.0162876035379863,0.127622895821973,0.00041295831320772,0.00041295831320772,3.46944695195361e-18,3.46944695195361e-18,0,4.33680868994202e-18,0,4.33680868994202e-18,0,NaN
onlineCommonQueries,3,A,S,"Shared, prior-frozen",dimensionless state,study3_pilot_20260918/runs/drift_S_prior_000.mat,pilot,0,drift,0.5,derived pilot,Online at 95 s; different training histories,NaN,95,rateLimited,clean,(dimensionless state)^2,0.3,5,0.5,29,29,0,-0.0916982145728436,0.0188206399058789,0.137188337353723,-0.0209873016674309,0.00119867048201404,0.0346218208939686,-0.112685516240275,0.0229958155505031,0.15164371253205,0,0,0,0,0,0,-0.112685516240275,0.0229958155505031,0.15164371253205,0.00297650516261015,0.00297650516261015,9.97465998686664e-18,9.97465998686664e-18,2.77555756156289e-17,8.67361737988404e-18,2.77555756156289e-17,8.67361737988404e-18,0,NaN
onlineCommonQueries,3,A,S,"Shared, prior-frozen",dimensionless state,study3_pilot_20260918/runs/drift_S_prior_000.mat,pilot,0,drift,0.5,derived pilot,Online at 95 s; different training histories,NaN,95,rateLimited,clean,(dimensionless state)^2,0.3,10,1,29,29,0,-0.0849002569639395,0.0153705417759441,0.123977989078482,-0.0294911238064007,0.00244428249948622,0.0494396854711497,-0.11439138077034,0.0199801548174526,0.141351175507856,0,0,0,0,0,0,-0.11439138077034,0.0199801548174526,0.141351175507856,0.00216533054202229,0.00216533054202229,-6.50521303491303e-18,-6.50521303491303e-18,2.77555756156289e-17,9.54097911787244e-18,2.77555756156289e-17,9.54097911787244e-18,0,NaN
onlineCommonQueries,3,A,S,"Shared, prior-frozen",dimensionless state,study3_pilot_20260918/runs/drift_S_prior_000.mat,pilot,0,drift,0.5,derived pilot,Online at 95 s; different training histories,NaN,95,rateLimited,clean,(dimensionless state)^2,0.3,20,2,29,29,0,-0.101706959357781,0.0230621902596092,0.151862405682279,-0.0326613591402272,0.00288925501418458,0.0537517907997917,-0.134368318498008,0.0308010248385745,0.175502207503423,0,0,0,0,0,0,-0.134368318498008,0.0308010248385745,0.175502207503423,0.00484957956478069,0.00484957956478069,8.67361737988404e-19,8.67361737988404e-19,1.38777878078145e-17,6.93889390390723e-18,1.38777878078145e-17,6.93889390390723e-18,0,NaN
onlineCommonQueries,3,A,K,"Known model",dimensionless state,study3_pilot_20260918/runs/drift_K_000.mat,pilot,0,drift,0.5,derived pilot,Online at 49.9 s; different training histories,NaN,49.9,held,clean,(dimensionless state)^2,0.45,1,0.1,29,29,0,2.39272203583008e-19,3.48659731311482e-35,5.90474158038675e-18,1.67490542508106e-18,3.48659731311482e-35,5.90474158038675e-18,1.91417762866406e-18,1.06258203828261e-34,1.03081620004859e-17,0,0,0,0,0,0,1.91417762866406e-18,1.06258203828261e-34,1.03081620004859e-17,3.65262575659648e-35,3.65262575659648e-35,5.34552942018439e-51,5.34552942018439e-51,0,0,0,0,0,NaN
onlineCommonQueries,3,A,K,"Known model",dimensionless state,study3_pilot_20260918/runs/drift_K_000.mat,pilot,0,drift,0.5,derived pilot,Online at 49.9 s; different training histories,NaN,49.9,held,clean,(dimensionless state)^2,0.45,2,0.2,29,29,0,1.43563322149805e-18,9.62964972193618e-34,3.10316769155909e-17,-1.14850657719844e-17,3.61277893016088e-33,6.01063967491055e-17,-1.00494325504863e-17,4.12414653608439e-33,6.42195183420461e-17,0,0,0,0,0,0,-1.00494325504863e-17,4.12414653608439e-33,6.42195183420461e-17,-4.5159736627011e-34,-4.5159736627011e-34,5.98699295060652e-49,5.98699295060652e-49,0,0,0,0,0,NaN
onlineCommonQueries,3,A,K,"Known model",dimensionless state,study3_pilot_20260918/runs/drift_K_000.mat,pilot,0,drift,0.5,derived pilot,Online at 49.9 s; different training histories,NaN,49.9,held,clean,(dimensionless state)^2,0.45,5,0.5,29,29,0,1.53134210293125e-17,2.01890587273696e-33,4.49322364537641e-17,-1.96203206938066e-17,1.45640150622111e-32,1.20681461137206e-16,-4.30689966449414e-18,1.50421769794382e-32,1.22646553067904e-16,0,0,0,0,0,0,-4.30689966449414e-18,1.50421769794382e-32,1.22646553067904e-16,-1.54074395550979e-33,-1.54074395550979e-33,0,0,0,0,0,0,0,NaN
onlineCommonQueries,3,A,K,"Known model",dimensionless state,study3_pilot_20260918/runs/drift_K_000.mat,pilot,0,drift,0.5,derived pilot,Online at 49.9 s; different training histories,NaN,49.9,held,clean,(dimensionless state)^2,0.45,10,1,29,29,0,1.14850657719844e-17,2.55019689187827e-33,5.0499474174275e-17,-6.2210772931582e-18,2.25068157983736e-32,1.50022717607613e-16,5.26398847882617e-18,2.56414328113073e-32,1.60129425188837e-16,0,0,0,0,0,0,5.26398847882617e-18,2.56414328113073e-32,1.60129425188837e-16,5.84420121055437e-34,5.84420121055437e-34,1.5395124730131e-48,1.5395124730131e-48,0,0,0,0,0,NaN
onlineCommonQueries,3,A,K,"Known model",dimensionless state,study3_pilot_20260918/runs/drift_K_000.mat,pilot,0,drift,0.5,derived pilot,Online at 49.9 s; different training histories,NaN,49.9,held,clean,(dimensionless state)^2,0.45,20,2,29,29,0,2.87126644299609e-18,8.23501079669025e-34,2.8696708516292e-17,-1.00494325504863e-17,2.09660718428638e-32,1.44796656877373e-16,-7.17816610749024e-18,2.08863781899926e-32,1.4452120325403e-16,0,0,0,0,0,0,-7.17816610749024e-18,2.08863781899926e-32,1.4452120325403e-16,-9.03194732540221e-34,-9.03194732540221e-34,-1.71056941445901e-49,-1.71056941445901e-49,0,0,0,0,0,NaN
onlineCommonQueries,3,A,K,"Known model",dimensionless state,study3_pilot_20260918/runs/drift_K_000.mat,pilot,0,drift,0.5,derived pilot,Online at 49.9 s; different training histories,NaN,49.9,rateLimited,clean,(dimensionless state)^2,0.45,1,0.1,29,29,0,2.39272203583008e-19,3.48659731311482e-35,5.90474158038675e-18,1.67490542508106e-18,3.48659731311482e-35,5.90474158038675e-18,1.91417762866406e-18,1.06258203828261e-34,1.03081620004859e-17,0,0,0,0,0,0,1.91417762866406e-18,1.06258203828261e-34,1.03081620004859e-17,3.65262575659648e-35,3.65262575659648e-35,5.34552942018439e-51,5.34552942018439e-51,0,0,0,0,0,NaN
onlineCommonQueries,3,A,K,"Known model",dimensionless state,study3_pilot_20260918/runs/drift_K_000.mat,pilot,0,drift,0.5,derived pilot,Online at 49.9 s; different training histories,NaN,49.9,rateLimited,clean,(dimensionless state)^2,0.45,2,0.2,29,29,0,2.87126644299609e-18,6.508314984481e-34,2.55113993823957e-17,-0.00176705391660353,6.37341935212812e-06,0.00252456320026418,-0.00176705391660353,6.37341935212811e-06,0.00252456320026418,0,0,0,0,0,0,-0.00176705391660353,6.37341935212811e-06,0.00252456320026418,-1.0691383127929e-20,-1.0691383127929e-20,5.26987760877356e-22,5.26987760877356e-22,0,9.96478813314232e-22,0,9.96478813314232e-22,0,NaN
onlineCommonQueries,3,A,K,"Known model",dimensionless state,study3_pilot_20260918/runs/drift_K_000.mat,pilot,0,drift,0.5,derived pilot,Online at 49.9 s; different training histories,NaN,49.9,rateLimited,clean,(dimensionless state)^2,0.45,5,0.5,29,29,0,2.58413979869648e-17,4.17063450025926e-33,6.45804498301092e-17,-0.0453088302349629,0.00470250507651461,0.0685748137184098,-0.0453088302349629,0.0047025050765146,0.0685748137184098,0,0,0,0,0,0,-0.0453088302349629,0.0047025050765146,0.0685748137184098,-2.16008981908401e-18,-2.16008981908401e-18,-4.41995394881204e-19,-4.41995394881204e-19,0,2.93800980579608e-18,0,2.93800980579608e-18,0,NaN
onlineCommonQueries,3,A,K,"Known model",dimensionless state,study3_pilot_20260918/runs/drift_K_000.mat,pilot,0,drift,0.5,derived pilot,Online at 49.9 s; different training histories,NaN,49.9,rateLimited,clean,(dimensionless state)^2,0.45,10,1,29,29,0,2.17737705260537e-17,1.88774340238645e-33,4.34481691488428e-17,-0.0824930313694846,0.0195763535035788,0.139915522739898,-0.0824930313694846,0.0195763535035788,0.139915522739898,0,0,0,0,0,0,-0.0824930313694846,0.0195763535035788,0.139915522739898,-4.85577208867662e-18,-4.85577208867662e-18,4.85577208867662e-18,4.85577208867662e-18,0,9.97498998123344e-18,0,9.97498998123344e-18,0,NaN
onlineCommonQueries,3,A,K,"Known model",dimensionless state,study3_pilot_20260918/runs/drift_K_000.mat,pilot,0,drift,0.5,derived pilot,Online at 49.9 s; different training histories,NaN,49.9,rateLimited,clean,(dimensionless state)^2,0.45,20,2,29,29,0,2.12952261188877e-17,2.18327403178381e-33,4.67255179937452e-17,-0.114196158262494,0.0294241584767514,0.171534715077594,-0.114196158262494,0.0294241584767514,0.171534715077594,0,0,0,0,0,0,-0.114196158262494,0.0294241584767514,0.171534715077594,-9.71704683151991e-18,-9.71704683151991e-18,-4.16074097629455e-18,-4.16074097629455e-18,0,6.90457584462979e-18,0,6.90457584462979e-18,0,NaN
onlineCommonQueries,3,A,K,"Known model",dimensionless state,study3_pilot_20260918/runs/drift_K_000.mat,pilot,0,drift,0.5,derived pilot,Online at 55 s; different training histories,NaN,55,held,clean,(dimensionless state)^2,0.43125,1,0.1,29,29,0,2.15344983224707e-18,4.59898788444193e-34,2.14452509531643e-17,2.39272203583008e-19,8.30142217408291e-36,2.88121886952083e-18,2.39272203583008e-18,4.58238504009377e-34,2.14065061140154e-17,0,0,0,0,0,0,2.39272203583008e-18,4.58238504009377e-34,2.14065061140154e-17,-9.9617066088995e-36,-9.9617066088995e-36,4.94461471367056e-50,4.94461471367056e-50,0,0,0,0,0,NaN
onlineCommonQueries,3,A,K,"Known model",dimensionless state,study3_pilot_20260918/runs/drift_K_000.mat,pilot,0,drift,0.5,derived pilot,Online at 55 s; different training histories,NaN,55,held,clean,(dimensionless state)^2,0.43125,2,0.2,29,29,0,2.67984868012969e-17,2.76271329953479e-33,5.25615191897532e-17,-4.78544407166016e-19,3.24751635450124e-33,5.6986984079711e-17,2.63199423941309e-17,6.43526246934907e-33,8.022008769223e-17,0,0,0,0,0,0,2.63199423941309e-17,6.43526246934907e-33,8.022008769223e-17,4.25032815313045e-34,4.25032815313045e-34,1.71056941445901e-49,1.71056941445901e-49,0,0,0,0,0,NaN
onlineCommonQueries,3,A,K,"Known model",dimensionless state,study3_pilot_20260918/runs/drift_K_000.mat,pilot,0,drift,0.5,derived pilot,Online at 55 s; different training histories,NaN,55,held,clean,(dimensionless state)^2,0.43125,5,0.5,29,29,0,2.10559539153047e-17,3.45339162441849e-33,5.87655649544739e-17,1.67490542508106e-17,1.5360951590923e-32,1.23939306077301e-16,3.78050081661152e-17,1.59453717119785e-32,1.26274984505952e-16,0,0,0,0,0,0,3.78050081661152e-17,1.59453717119785e-32,1.26274984505952e-16,-2.86897150336305e-33,-2.86897150336305e-33,-1.0263416486754e-48,-1.0263416486754e-48,0,0,0,0,0,NaN
onlineCommonQueries,3,A,K,"Known model",dimensionless state,study3_pilot_20260918/runs/drift_K_000.mat,pilot,0,drift,0.5,derived pilot,Online at 55 s; different training histories,NaN,55,held,clean,(dimensionless state)^2,0.43125,10,1,29,29,0,2.29701315439688e-17,3.71903713398915e-33,6.09839088119903e-17,1.19636101791504e-17,2.64118047890622e-32,1.62517090759902e-16,3.49337417231191e-17,2.76337741330872e-32,1.66234094376236e-16,0,0,0,0,0,0,3.49337417231191e-17,2.76337741330872e-32,1.66234094376236e-16,-2.49706778996414e-33,-2.49706778996414e-33,-1.3684555315672e-48,-1.3684555315672e-48,0,0,0,0,0,NaN
onlineCommonQueries,3,A,K,"Known model",dimensionless state,study3_pilot_20260918/runs/drift_K_000.mat,pilot,0,drift,0.5,derived pilot,Online at 55 s; different training histories,NaN,55,held,clean,(dimensionless state)^2,0.43125,20,2,29,29,0,-3.82835525732813e-18,1.64700215933805e-33,4.05832743792076e-17,4.92900739380996e-17,4.11020014683193e-32,2.02736285524618e-16,4.54617186807715e-17,4.14207760798041e-32,2.03520947520898e-16,0,0,0,0,0,0,4.54617186807715e-17,4.14207760798041e-32,2.03520947520898e-16,-1.32822754785327e-33,-1.32822754785327e-33,-6.50016377494422e-48,-6.50016377494422e-48,0,0,0,0,0,NaN
onlineCommonQueries,3,A,K,"Known model",dimensionless state,study3_pilot_20260918/runs/drift_K_000.mat,pilot,0,drift,0.5,derived pilot,Online at 55 s; different training histories,NaN,55,rateLimited,clean,(dimensionless state)^2,0.43125,1,0.1,29,29,0,2.15344983224707e-18,4.59898788444193e-34,2.14452509531643e-17,2.39272203583008e-19,8.30142217408291e-36,2.88121886952083e-18,2.39272203583008e-18,4.58238504009377e-34,2.14065061140154e-17,0,0,0,0,0,0,2.39272203583008e-18,4.58238504009377e-34,2.14065061140154e-17,-9.9617066088995e-36,-9.9617066088995e-36,4.94461471367056e-50,4.94461471367056e-50,0,0,0,0,0,NaN
onlineCommonQueries,3,A,K,"Known model",dimensionless state,study3_pilot_20260918/runs/drift_K_000.mat,pilot,0,drift,0.5,derived pilot,Online at 55 s; different training histories,NaN,55,rateLimited,clean,(dimensionless state)^2,0.43125,2,0.2,29,29,0,9.0923437361543e-18,1.12235227793601e-33,3.35015265015791e-17,-0.00173315741416129,6.04587517085216e-06,0.00245883614152146,-0.00173315741416129,6.04587517085216e-06,0.00245883614152146,0,0,0,0,0,0,-0.00173315741416129,6.04587517085216e-06,0.00245883614152146,3.27341442011321e-21,3.27341442011321e-21,1.14717368903993e-22,1.14717368903993e-22,0,1.52660241256174e-21,0,1.52660241256174e-21,0,NaN
onlineCommonQueries,3,A,K,"Known model",dimensionless state,study3_pilot_20260918/runs/drift_K_000.mat,pilot,0,drift,0.5,derived pilot,Online at 55 s; different training histories,NaN,55,rateLimited,clean,(dimensionless state)^2,0.43125,5,0.5,29,29,0,1.14850657719844e-17,2.97522970719132e-33,5.45456662549035e-17,-0.0427458399733372,0.00420641760353757,0.0648569009708109,-0.0427458399733372,0.00420641760353757,0.0648569009708109,0,0,0,0,0,0,-0.0427458399733372,0.00420641760353757,0.0648569009708109,-9.70404872865723e-19,-9.70404872865723e-19,1.0304313487732e-19,1.0304313487732e-19,0,5.8404339258409e-19,0,5.8404339258409e-19,0,NaN
onlineCommonQueries,3,A,K,"Known model",dimensionless state,study3_pilot_20260918/runs/drift_K_000.mat,pilot,0,drift,0.5,derived pilot,Online at 55 s; different training histories,NaN,55,rateLimited,clean,(dimensionless state)^2,0.43125,10,1,29,29,0,2.56021257833818e-17,3.80039107129516e-33,6.16473119551466e-17,-0.0777946594674285,0.0173363019069197,0.131667391205718,-0.0777946594674285,0.0173363019069197,0.131667391205718,0,0,0,0,0,0,-0.0777946594674285,0.0173363019069197,0.131667391205718,-2.49333189855529e-18,-2.49333189855529e-18,-9.76115053398325e-19,-9.76115053398325e-19,0,2.60177636420929e-18,0,2.60177636420929e-18,0,NaN
onlineCommonQueries,3,A,K,"Known model",dimensionless state,study3_pilot_20260918/runs/drift_K_000.mat,pilot,0,drift,0.5,derived pilot,Online at 55 s; different training histories,NaN,55,rateLimited,clean,(dimensionless state)^2,0.43125,20,2,29,29,0,3.49337417231191e-17,4.6155907287901e-33,6.79381389853306e-17,-0.107064541581903,0.025930425355615,0.161029268630318,-0.107064541581903,0.025930425355615,0.161029268630318,0,0,0,0,0,0,-0.107064541581903,0.025930425355615,0.161029268630318,-6.48568964455361e-18,-6.48568964455361e-18,-3.92265121130723e-18,-3.92265121130723e-18,0,5.5214691714928e-18,0,5.5214691714928e-18,0,NaN
onlineCommonQueries,3,A,K,"Known model",dimensionless state,study3_pilot_20260918/runs/drift_K_000.mat,pilot,0,drift,0.5,derived pilot,Online at 59.9 s; different training histories,NaN,59.9,held,clean,(dimensionless state)^2,0.412875,1,0.1,29,29,0,3.1105386465791e-18,4.33334237487128e-34,2.08166817117217e-17,2.39272203583008e-19,8.30142217408291e-36,2.88121886952083e-18,3.34981085016211e-18,4.31673953052311e-34,2.07767647397835e-17,0,0,0,0,0,0,3.34981085016211e-18,4.31673953052311e-34,2.07767647397835e-17,-9.9617066088995e-36,-9.9617066088995e-36,-3.60823235862446e-50,-3.60823235862446e-50,0,0,0,0,0,NaN
onlineCommonQueries,3,A,K,"Known model",dimensionless state,study3_pilot_20260918/runs/drift_K_000.mat,pilot,0,drift,0.5,derived pilot,Online at 59.9 s; different training histories,NaN,59.9,held,clean,(dimensionless state)^2,0.412875,2,0.2,29,29,0,1.67490542508106e-17,1.60051419516319e-33,4.0006426923223e-17,-2.87126644299609e-18,2.32439820874322e-33,4.82120131164756e-17,1.38777878078145e-17,3.9249124039064e-33,6.26491213338735e-17,0,0,0,0,0,0,1.38777878078145e-17,3.9249124039064e-33,6.26491213338735e-17,0,0,3.42113882891801e-49,3.42113882891801e-49,0,0,0,0,0,NaN
onlineCommonQueries,3,A,K,"Known model",dimensionless state,study3_pilot_20260918/runs/drift_K_000.mat,pilot,0,drift,0.5,derived pilot,Online at 59.9 s; different training histories,NaN,59.9,held,clean,(dimensionless state)^2,0.412875,5,0.5,29,29,0,1.43563322149805e-17,2.20485772943642e-33,4.6955912614243e-17,-5.26398847882617e-18,1.44843214093399e-32,1.20350826375808e-16,9.0923437361543e-18,1.79111484828013e-32,1.33832538953729e-16,0,0,0,0,0,0,9.0923437361543e-18,1.79111484828013e-32,1.33832538953729e-16,1.221969344025e-33,1.221969344025e-33,-1.3684555315672e-48,-1.3684555315672e-48,0,0,0,0,0,NaN
onlineCommonQueries,3,A,K,"Known model",dimensionless state,study3_pilot_20260918/runs/drift_K_000.mat,pilot,0,drift,0.5,derived pilot,Online at 59.9 s; different training histories,NaN,59.9,held,clean,(dimensionless state)^2,0.412875,10,1,29,29,0,1.14850657719844e-17,2.6033259937924e-33,5.10227987647914e-17,5.26398847882617e-18,1.58656780591073e-32,1.25959033257275e-16,1.67490542508106e-17,1.93190696835258e-32,1.38993056242122e-16,0,0,0,0,0,0,1.67490542508106e-17,1.93190696835258e-32,1.38993056242122e-16,8.5006563062609e-34,8.5006563062609e-34,-1.0263416486754e-48,-1.0263416486754e-48,0,0,0,0,0,NaN
onlineCommonQueries,3,A,K,"Known model",dimensionless state,study3_pilot_20260918/runs/drift_K_000.mat,pilot,0,drift,0.5,derived pilot,Online at 59.9 s; different training histories,NaN,59.9,held,clean,(dimensionless state)^2,0.412875,20,2,29,29,0,1.14850657719844e-17,1.00945293636848e-33,3.1771889090334e-17,-3.34981085016211e-18,1.50953060813524e-32,1.22862956505825e-16,8.13525492182227e-18,1.50953060813524e-32,1.22862956505825e-16,0,0,0,0,0,0,8.13525492182227e-18,1.50953060813524e-32,1.22862956505825e-16,-1.00945293636848e-33,-1.00945293636848e-33,3.42113882891801e-49,3.42113882891801e-49,0,0,0,0,0,NaN
onlineCommonQueries,3,A,K,"Known model",dimensionless state,study3_pilot_20260918/runs/drift_K_000.mat,pilot,0,drift,0.5,derived pilot,Online at 59.9 s; different training histories,NaN,59.9,rateLimited,clean,(dimensionless state)^2,0.412875,1,0.1,29,29,0,3.1105386465791e-18,4.33334237487128e-34,2.08166817117217e-17,2.39272203583008e-19,8.30142217408291e-36,2.88121886952083e-18,3.34981085016211e-18,4.31673953052311e-34,2.07767647397835e-17,0,0,0,0,0,0,3.34981085016211e-18,4.31673953052311e-34,2.07767647397835e-17,-9.9617066088995e-36,-9.9617066088995e-36,-3.60823235862446e-50,-3.60823235862446e-50,0,0,0,0,0,NaN
onlineCommonQueries,3,A,K,"Known model",dimensionless state,study3_pilot_20260918/runs/drift_K_000.mat,pilot,0,drift,0.5,derived pilot,Online at 59.9 s; different training histories,NaN,59.9,rateLimited,clean,(dimensionless state)^2,0.412875,2,0.2,29,29,0,9.57088814332032e-18,1.15555796663234e-33,3.3993498887763e-17,-0.00169658694890625,5.74104934551755e-06,0.00239604869431269,-0.00169658694890624,5.74104934551756e-06,0.00239604869431269,0,0,0,0,0,0,-0.00169658694890624,5.74104934551756e-06,0.00239604869431269,9.23486883158533e-21,9.23486883158533e-21,-7.64539359042331e-22,-7.64539359042331e-22,0,8.1367861249909e-22,0,8.1367861249909e-22,0,NaN
onlineCommonQueries,3,A,K,"Known model",dimensionless state,study3_pilot_20260918/runs/drift_K_000.mat,pilot,0,drift,0.5,derived pilot,Online at 59.9 s; different training histories,NaN,59.9,rateLimited,clean,(dimensionless state)^2,0.412875,5,0.5,29,29,0,1.81846874723086e-17,3.3736979715473e-33,5.80835430354184e-17,-0.04029072511594,0.00375640024847852,0.0612894791010538,-0.04029072511594,0.00375640024847852,0.0612894791010538,0,0,0,0,0,0,-0.04029072511594,0.00375640024847852,0.0612894791010538,-8.46456998008384e-20,-8.46456998008384e-20,8.46456998008384e-20,8.46456998008384e-20,0,1.14453712128114e-18,0,1.14453712128114e-18,0,NaN
onlineCommonQueries,3,A,K,"Known model",dimensionless state,study3_pilot_20260918/runs/drift_K_000.mat,pilot,0,drift,0.5,derived pilot,Online at 59.9 s; different training histories,NaN,59.9,rateLimited,clean,(dimensionless state)^2,0.412875,10,1,29,29,0,2.58413979869648e-17,3.17446383936931e-33,5.63423804907931e-17,-0.0732928087259904,0.0153263371114258,0.123799584455788,-0.0732928087259904,0.0153263371114258,0.123799584455788,0,0,0,0,0,0,-0.0732928087259904,0.0153263371114258,0.123799584455788,-5.78900297997337e-18,-5.78900297997337e-18,-1.14989092393386e-18,-1.14989092393386e-18,0,8.02891305470632e-18,0,8.02891305470632e-18,0,NaN
onlineCommonQueries,3,A,K,"Known model",dimensionless state,study3_pilot_20260918/runs/drift_K_000.mat,pilot,0,drift,0.5,derived pilot,Online at 59.9 s; different training histories,NaN,59.9,rateLimited,clean,(dimensionless state)^2,0.412875,20,2,29,29,0,1.48348766221465e-17,3.16782270163004e-33,5.62834140900322e-17,-0.100285540407717,0.0228146909884768,0.151045327595649,-0.100285540407717,0.0228146909884768,0.151045327595648,0,0,0,0,0,0,-0.100285540407717,0.0228146909884768,0.151045327595648,-8.52303778204787e-18,-8.52303778204787e-18,-5.35475002576659e-18,-5.35475002576659e-18,0,6.36671389573002e-18,0,6.36671389573002e-18,0,NaN
onlineCommonQueries,3,A,K,"Known model",dimensionless state,study3_pilot_20260918/runs/drift_K_000.mat,pilot,0,drift,0.5,derived pilot,Online at 95 s; different training histories,NaN,95,held,clean,(dimensionless state)^2,0.3,1,0.1,29,29,0,0,4.6155907287901e-34,2.14839259186725e-17,7.17816610749024e-19,8.30142217408291e-36,2.88121886952083e-18,7.17816610749024e-19,4.53257650704927e-34,2.12898485364487e-17,0,0,0,0,0,0,7.17816610749024e-19,4.53257650704927e-34,2.12898485364487e-17,-1.66028443481658e-35,-1.66028443481658e-35,-5.34552942018439e-51,-5.34552942018439e-51,0,0,0,0,0,NaN
onlineCommonQueries,3,A,K,"Known model",dimensionless state,study3_pilot_20260918/runs/drift_K_000.mat,pilot,0,drift,0.5,derived pilot,Online at 95 s; different training histories,NaN,95,held,clean,(dimensionless state)^2,0.3,2,0.2,29,29,0,8.85307153257129e-18,1.23027076619909e-33,3.5075215839665e-17,2.87126644299609e-18,1.76322206977521e-33,4.19907379046286e-17,1.17243379755674e-17,3.50818101076744e-33,5.922989963496e-17,0,0,0,0,0,0,1.17243379755674e-17,3.50818101076744e-33,5.922989963496e-17,5.14688174793141e-34,5.14688174793141e-34,0,0,0,0,0,0,0,NaN
onlineCommonQueries,3,A,K,"Known model",dimensionless state,study3_pilot_20260918/runs/drift_K_000.mat,pilot,0,drift,0.5,derived pilot,Online at 95 s; different training histories,NaN,95,held,clean,(dimensionless state)^2,0.3,5,0.5,29,29,0,1.91417762866406e-17,2.88225377884159e-33,5.36866256980413e-17,2.87126644299609e-18,6.84037187144432e-33,8.27065406811597e-17,2.20130427296367e-17,7.30525151319296e-33,8.54707640845275e-17,0,0,0,0,0,0,2.20130427296367e-17,7.30525151319296e-33,8.54707640845275e-17,-2.41737413709294e-33,-2.41737413709294e-33,3.42113882891801e-49,3.42113882891801e-49,0,0,0,0,0,NaN
onlineCommonQueries,3,A,K,"Known model",dimensionless state,study3_pilot_20260918/runs/drift_K_000.mat,pilot,0,drift,0.5,derived pilot,Online at 95 s; different training histories,NaN,95,held,clean,(dimensionless state)^2,0.3,10,1,29,29,0,7.17816610749024e-18,6.17625809751769e-34,2.48520785801061e-17,8.61379932898828e-18,8.71317271391743e-33,9.33443769807128e-17,1.57919654364785e-17,7.40486857928196e-33,8.60515460598005e-17,0,0,0,0,0,0,1.57919654364785e-17,7.40486857928196e-33,8.60515460598005e-17,-1.92592994438724e-33,-1.92592994438724e-33,1.3684555315672e-48,1.3684555315672e-48,0,0,0,0,0,NaN
onlineCommonQueries,3,A,K,"Known model",dimensionless state,study3_pilot_20260918/runs/drift_K_000.mat,pilot,0,drift,0.5,derived pilot,Online at 95 s; different training histories,NaN,95,held,clean,(dimensionless state)^2,0.3,20,2,29,29,0,2.20130427296367e-17,3.08148791101958e-33,5.55111512312578e-17,6.2210772931582e-18,1.10574943358784e-32,1.05154621086657e-16,2.82341200227949e-17,1.02207109807309e-32,1.01097532020969e-16,0,0,0,0,0,0,2.82341200227949e-17,1.02207109807309e-32,1.01097532020969e-16,-3.91827126616714e-33,-3.91827126616714e-33,0,0,0,0,0,0,0,NaN
onlineCommonQueries,3,A,K,"Known model",dimensionless state,study3_pilot_20260918/runs/drift_K_000.mat,pilot,0,drift,0.5,derived pilot,Online at 95 s; different training histories,NaN,95,rateLimited,clean,(dimensionless state)^2,0.3,1,0.1,29,29,0,0,4.6155907287901e-34,2.14839259186725e-17,7.17816610749024e-19,8.30142217408291e-36,2.88121886952083e-18,7.17816610749024e-19,4.53257650704927e-34,2.12898485364487e-17,0,0,0,0,0,0,7.17816610749024e-19,4.53257650704927e-34,2.12898485364487e-17,-1.66028443481658e-35,-1.66028443481658e-35,-5.34552942018439e-51,-5.34552942018439e-51,0,0,0,0,0,NaN
onlineCommonQueries,3,A,K,"Known model",dimensionless state,study3_pilot_20260918/runs/drift_K_000.mat,pilot,0,drift,0.5,derived pilot,Online at 95 s; different training histories,NaN,95,rateLimited,clean,(dimensionless state)^2,0.3,2,0.2,29,29,0,6.46034949674121e-18,1.02439549628183e-33,3.20061790328341e-17,-0.00139914617234214,3.98150860327538e-06,0.0019953717957502,-0.00139914617234213,3.98150860327539e-06,0.0019953717957502,0,0,0,0,0,0,-0.00139914617234213,3.98150860327539e-06,0.0019953717957502,8.46709130731601e-21,8.46709130731601e-21,3.23816522699276e-24,3.23816522699276e-24,0,7.22168649624186e-22,0,7.22168649624186e-22,0,NaN
onlineCommonQueries,3,A,K,"Known model",dimensionless state,study3_pilot_20260918/runs/drift_K_000.mat,pilot,0,drift,0.5,derived pilot,Online at 95 s; different training histories,NaN,95,rateLimited,clean,(dimensionless state)^2,0.3,5,0.5,29,29,0,1.43563322149805e-17,2.36424503517881e-33,4.86235029093834e-17,-0.0264412428542601,0.0016816022508774,0.0410073438651835,-0.0264412428542601,0.0016816022508774,0.0410073438651835,0,0,0,0,0,0,-0.0264412428542601,0.0016816022508774,0.0410073438651835,6.2194496445345e-20,6.2194496445345e-20,-6.2194496445345e-20,-6.2194496445345e-20,0,8.39079521350518e-19,0,8.39079521350518e-19,0,NaN
onlineCommonQueries,3,A,K,"Known model",dimensionless state,study3_pilot_20260918/runs/drift_K_000.mat,pilot,0,drift,0.5,derived pilot,Online at 95 s; different training histories,NaN,95,rateLimited,clean,(dimensionless state)^2,0.3,10,1,29,29,0,5.74253288599219e-18,6.87357756014065e-34,2.6217508577553e-17,-0.0478988063490696,0.00641059492991211,0.0800661909292062,-0.0478988063490696,0.00641059492991211,0.0800661909292062,0,0,0,0,0,0,-0.0478988063490696,0.00641059492991211,0.0800661909292062,-1.02728537125148e-18,-1.02728537125148e-18,1.02728537125148e-18,1.02728537125148e-18,0,9.83314093754502e-19,0,9.83314093754502e-19,0,NaN
onlineCommonQueries,3,A,K,"Known model",dimensionless state,study3_pilot_20260918/runs/drift_K_000.mat,pilot,0,drift,0.5,derived pilot,Online at 95 s; different training histories,NaN,95,rateLimited,clean,(dimensionless state)^2,0.3,20,2,29,29,0,2.12952261188877e-17,2.87727292553714e-33,5.36402174262664e-17,-0.0631142661161695,0.0092639116640399,0.0962492164333814,-0.0631142661161695,0.00926391166403989,0.0962492164333814,0,0,0,0,0,0,-0.0631142661161695,0.00926391166403989,0.0962492164333814,-2.68893748956514e-18,-2.68893748956514e-18,-7.80509462388478e-19,-7.80509462388478e-19,0,1.93104890989298e-18,0,1.93104890989298e-18,0,NaN
