fittingTransitions,inputMode,horizon,campaign,contrast,metric,attemptedPairs,completePairs,finitePairs,medianDifference,lower95,upper95,bootstrapResamples
25,held,1,pilot,S-A,modelRMS,1,1,1,-0.0127615290648301,-0.0127615290648301,-0.0127615290648301,2000
25,held,1,pilot,S-A,freezingRMS,1,1,1,1.89165432863883e-17,1.89165432863883e-17,1.89165432863883e-17,2000
25,held,1,pilot,S-A,totalRMS,1,1,1,-0.0127615290648301,-0.0127615290648301,-0.0127615290648301,2000
25,held,1,pilot,S-A,meanCrossTerm,1,1,1,2.74477902750564e-20,2.74477902750564e-20,2.74477902750564e-20,2000
25,held,1,pilot,S-W,modelRMS,1,1,1,-0.0288498599128293,-0.0288498599128293,-0.0288498599128293,2000
25,held,1,pilot,S-W,freezingRMS,1,1,1,1.11854217860238e-17,1.11854217860238e-17,1.11854217860238e-17,2000
25,held,1,pilot,S-W,totalRMS,1,1,1,-0.0288498599128293,-0.0288498599128293,-0.0288498599128293,2000
25,held,1,pilot,S-W,meanCrossTerm,1,1,1,1.32201267585757e-19,1.32201267585757e-19,1.32201267585757e-19,2000
25,held,1,pilot,S-R,modelRMS,1,1,1,-0.000337620471309341,-0.000337620471309341,-0.000337620471309341,2000
25,held,1,pilot,S-R,freezingRMS,1,1,1,2.14935837865097e-17,2.14935837865097e-17,2.14935837865097e-17,2000
25,held,1,pilot,S-R,totalRMS,1,1,1,-0.000337620471309339,-0.000337620471309339,-0.000337620471309339,2000
25,held,1,pilot,S-R,meanCrossTerm,1,1,1,8.25927461728775e-21,8.25927461728775e-21,8.25927461728775e-21,2000
25,held,1,pilot,R-P2,modelRMS,1,1,1,-0.00253239802828625,-0.00253239802828625,-0.00253239802828625,2000
25,held,1,pilot,R-P2,freezingRMS,1,1,1,-1.03933755844891e-17,-1.03933755844891e-17,-1.03933755844891e-17,2000
25,held,1,pilot,R-P2,totalRMS,1,1,1,-0.00253239802828625,-0.00253239802828625,-0.00253239802828625,2000
25,held,1,pilot,R-P2,meanCrossTerm,1,1,1,1.51796508861769e-20,1.51796508861769e-20,1.51796508861769e-20,2000
25,held,2,pilot,S-A,modelRMS,1,1,1,-0.0209335829632535,-0.0209335829632535,-0.0209335829632535,2000
25,held,2,pilot,S-A,freezingRMS,1,1,1,2.53755886499682e-17,2.53755886499682e-17,2.53755886499682e-17,2000
25,held,2,pilot,S-A,totalRMS,1,1,1,-0.0209335829632535,-0.0209335829632535,-0.0209335829632535,2000
25,held,2,pilot,S-A,meanCrossTerm,1,1,1,-3.74905487263502e-20,-3.74905487263502e-20,-3.74905487263502e-20,2000
25,held,2,pilot,S-W,modelRMS,1,1,1,-0.0475591173900698,-0.0475591173900698,-0.0475591173900698,2000
25,held,2,pilot,S-W,freezingRMS,1,1,1,-9.30182428274555e-18,-9.30182428274555e-18,-9.30182428274555e-18,2000
25,held,2,pilot,S-W,totalRMS,1,1,1,-0.0475591173900698,-0.0475591173900698,-0.0475591173900698,2000
25,held,2,pilot,S-W,meanCrossTerm,1,1,1,-1.62402842914887e-18,-1.62402842914887e-18,-1.62402842914887e-18,2000
25,held,2,pilot,S-R,modelRMS,1,1,1,-0.000534136362851561,-0.000534136362851561,-0.000534136362851561,2000
25,held,2,pilot,S-R,freezingRMS,1,1,1,1.25439479209937e-17,1.25439479209937e-17,1.25439479209937e-17,2000
25,held,2,pilot,S-R,totalRMS,1,1,1,-0.000534136362851548,-0.000534136362851548,-0.000534136362851548,2000
25,held,2,pilot,S-R,meanCrossTerm,1,1,1,7.46059123430272e-20,7.46059123430272e-20,7.46059123430272e-20,2000
25,held,2,pilot,R-P2,modelRMS,1,1,1,-0.00458990847986419,-0.00458990847986419,-0.00458990847986419,2000
25,held,2,pilot,R-P2,freezingRMS,1,1,1,-0.00011653265608072,-0.00011653265608072,-0.00011653265608072,2000
25,held,2,pilot,R-P2,totalRMS,1,1,1,-0.00467372948547871,-0.00467372948547871,-0.00467372948547871,2000
25,held,2,pilot,R-P2,meanCrossTerm,1,1,1,-1.34811099901425e-06,-1.34811099901425e-06,-1.34811099901425e-06,2000
25,held,5,pilot,S-A,modelRMS,1,1,1,-0.0339650413069395,-0.0339650413069395,-0.0339650413069395,2000
25,held,5,pilot,S-A,freezingRMS,1,1,1,-9.1880702576559e-18,-9.1880702576559e-18,-9.1880702576559e-18,2000
25,held,5,pilot,S-A,totalRMS,1,1,1,-0.0339650413069395,-0.0339650413069395,-0.0339650413069395,2000
25,held,5,pilot,S-A,meanCrossTerm,1,1,1,-2.22586372693504e-18,-2.22586372693504e-18,-2.22586372693504e-18,2000
25,held,5,pilot,S-W,modelRMS,1,1,1,-0.0791877418022478,-0.0791877418022478,-0.0791877418022478,2000
25,held,5,pilot,S-W,freezingRMS,1,1,1,-6.59969024033029e-17,-6.59969024033029e-17,-6.59969024033029e-17,2000
25,held,5,pilot,S-W,totalRMS,1,1,1,-0.0791877418022478,-0.0791877418022478,-0.0791877418022478,2000
25,held,5,pilot,S-W,meanCrossTerm,1,1,1,-1.0025003766463e-17,-1.0025003766463e-17,-1.0025003766463e-17,2000
25,held,5,pilot,S-R,modelRMS,1,1,1,-0.00086657311605204,-0.00086657311605204,-0.00086657311605204,2000
25,held,5,pilot,S-R,freezingRMS,1,1,1,-1.85886281135314e-17,-1.85886281135314e-17,-1.85886281135314e-17,2000
25,held,5,pilot,S-R,totalRMS,1,1,1,-0.000866573116052025,-0.000866573116052025,-0.000866573116052025,2000
25,held,5,pilot,S-R,meanCrossTerm,1,1,1,1.4386831395976e-19,1.4386831395976e-19,1.4386831395976e-19,2000
25,held,5,pilot,R-P2,modelRMS,1,1,1,-0.00787965454688699,-0.00787965454688699,-0.00787965454688699,2000
25,held,5,pilot,R-P2,freezingRMS,1,1,1,-0.00115077058397229,-0.00115077058397229,-0.00115077058397229,2000
25,held,5,pilot,R-P2,totalRMS,1,1,1,-0.00874643792799696,-0.00874643792799696,-0.00874643792799696,2000
25,held,5,pilot,R-P2,meanCrossTerm,1,1,1,-2.20101890656745e-05,-2.20101890656745e-05,-2.20101890656745e-05,2000
25,held,10,pilot,S-A,modelRMS,1,1,1,-0.0408883285728597,-0.0408883285728597,-0.0408883285728597,2000
25,held,10,pilot,S-A,freezingRMS,1,1,1,-1.97725268815516e-17,-1.97725268815516e-17,-1.97725268815516e-17,2000
25,held,10,pilot,S-A,totalRMS,1,1,1,-0.0408883285728597,-0.0408883285728597,-0.0408883285728597,2000
25,held,10,pilot,S-A,meanCrossTerm,1,1,1,-3.07839813025136e-18,-3.07839813025136e-18,-3.07839813025136e-18,2000
25,held,10,pilot,S-W,modelRMS,1,1,1,-0.101101572574578,-0.101101572574578,-0.101101572574578,2000
25,held,10,pilot,S-W,freezingRMS,1,1,1,-7.38151567442535e-17,-7.38151567442535e-17,-7.38151567442535e-17,2000
25,held,10,pilot,S-W,totalRMS,1,1,1,-0.101101572574578,-0.101101572574578,-0.101101572574578,2000
25,held,10,pilot,S-W,meanCrossTerm,1,1,1,-1.05791128195259e-17,-1.05791128195259e-17,-1.05791128195259e-17,2000
25,held,10,pilot,S-R,modelRMS,1,1,1,-0.00109479831813407,-0.00109479831813407,-0.00109479831813407,2000
25,held,10,pilot,S-R,freezingRMS,1,1,1,-1.11310449014459e-17,-1.11310449014459e-17,-1.11310449014459e-17,2000
25,held,10,pilot,S-R,totalRMS,1,1,1,-0.00109479831813405,-0.00109479831813405,-0.00109479831813405,2000
25,held,10,pilot,S-R,meanCrossTerm,1,1,1,1.6725616697665e-19,1.6725616697665e-19,1.6725616697665e-19,2000
25,held,10,pilot,R-P2,modelRMS,1,1,1,-0.00912085152506366,-0.00912085152506366,-0.00912085152506366,2000
25,held,10,pilot,R-P2,freezingRMS,1,1,1,-0.00249395549937874,-0.00249395549937874,-0.00249395549937874,2000
25,held,10,pilot,R-P2,totalRMS,1,1,1,-0.0110210404412314,-0.0110210404412314,-0.0110210404412314,2000
25,held,10,pilot,R-P2,meanCrossTerm,1,1,1,-5.38557903336697e-05,-5.38557903336697e-05,-5.38557903336697e-05,2000
25,held,20,pilot,S-A,modelRMS,1,1,1,-0.0424774508831181,-0.0424774508831181,-0.0424774508831181,2000
25,held,20,pilot,S-A,freezingRMS,1,1,1,3.09283268229336e-18,3.09283268229336e-18,3.09283268229336e-18,2000
25,held,20,pilot,S-A,totalRMS,1,1,1,-0.0424774508831182,-0.0424774508831182,-0.0424774508831182,2000
25,held,20,pilot,S-A,meanCrossTerm,1,1,1,-4.12784845839513e-18,-4.12784845839513e-18,-4.12784845839513e-18,2000
25,held,20,pilot,S-W,modelRMS,1,1,1,-0.109820845871083,-0.109820845871083,-0.109820845871083,2000
25,held,20,pilot,S-W,freezingRMS,1,1,1,-7.07064673880026e-17,-7.07064673880026e-17,-7.07064673880026e-17,2000
25,held,20,pilot,S-W,totalRMS,1,1,1,-0.109820845871083,-0.109820845871083,-0.109820845871083,2000
25,held,20,pilot,S-W,meanCrossTerm,1,1,1,-7.22991380996625e-18,-7.22991380996625e-18,-7.22991380996625e-18,2000
25,held,20,pilot,S-R,modelRMS,1,1,1,-0.00116859589059275,-0.00116859589059275,-0.00116859589059275,2000
25,held,20,pilot,S-R,freezingRMS,1,1,1,-6.42880544790185e-18,-6.42880544790185e-18,-6.42880544790185e-18,2000
25,held,20,pilot,S-R,totalRMS,1,1,1,-0.00116859589059274,-0.00116859589059274,-0.00116859589059274,2000
25,held,20,pilot,S-R,meanCrossTerm,1,1,1,1.06620131173048e-19,1.06620131173048e-19,1.06620131173048e-19,2000
25,held,20,pilot,R-P2,modelRMS,1,1,1,-0.00928884438725319,-0.00928884438725319,-0.00928884438725319,2000
25,held,20,pilot,R-P2,freezingRMS,1,1,1,-0.00300421097578647,-0.00300421097578647,-0.00300421097578647,2000
25,held,20,pilot,R-P2,totalRMS,1,1,1,-0.0115639758871112,-0.0115639758871112,-0.0115639758871112,2000
25,held,20,pilot,R-P2,meanCrossTerm,1,1,1,-6.50205903116657e-05,-6.50205903116657e-05,-6.50205903116657e-05,2000
25,rateLimited,1,pilot,S-A,modelRMS,1,1,1,-0.0127615290648301,-0.0127615290648301,-0.0127615290648301,2000
25,rateLimited,1,pilot,S-A,freezingRMS,1,1,1,1.89165432863883e-17,1.89165432863883e-17,1.89165432863883e-17,2000
25,rateLimited,1,pilot,S-A,totalRMS,1,1,1,-0.0127615290648301,-0.0127615290648301,-0.0127615290648301,2000
25,rateLimited,1,pilot,S-A,meanCrossTerm,1,1,1,2.74477902750564e-20,2.74477902750564e-20,2.74477902750564e-20,2000
25,rateLimited,1,pilot,S-W,modelRMS,1,1,1,-0.0288498599128293,-0.0288498599128293,-0.0288498599128293,2000
25,rateLimited,1,pilot,S-W,freezingRMS,1,1,1,1.11854217860238e-17,1.11854217860238e-17,1.11854217860238e-17,2000
25,rateLimited,1,pilot,S-W,totalRMS,1,1,1,-0.0288498599128293,-0.0288498599128293,-0.0288498599128293,2000
25,rateLimited,1,pilot,S-W,meanCrossTerm,1,1,1,1.32201267585757e-19,1.32201267585757e-19,1.32201267585757e-19,2000
25,rateLimited,1,pilot,S-R,modelRMS,1,1,1,-0.000337620471309341,-0.000337620471309341,-0.000337620471309341,2000
25,rateLimited,1,pilot,S-R,freezingRMS,1,1,1,2.14935837865097e-17,2.14935837865097e-17,2.14935837865097e-17,2000
25,rateLimited,1,pilot,S-R,totalRMS,1,1,1,-0.000337620471309339,-0.000337620471309339,-0.000337620471309339,2000
25,rateLimited,1,pilot,S-R,meanCrossTerm,1,1,1,8.25927461728775e-21,8.25927461728775e-21,8.25927461728775e-21,2000
25,rateLimited,1,pilot,R-P2,modelRMS,1,1,1,-0.00253239802828625,-0.00253239802828625,-0.00253239802828625,2000
25,rateLimited,1,pilot,R-P2,freezingRMS,1,1,1,-1.03933755844891e-17,-1.03933755844891e-17,-1.03933755844891e-17,2000
25,rateLimited,1,pilot,R-P2,totalRMS,1,1,1,-0.00253239802828625,-0.00253239802828625,-0.00253239802828625,2000
25,rateLimited,1,pilot,R-P2,meanCrossTerm,1,1,1,1.51796508861769e-20,1.51796508861769e-20,1.51796508861769e-20,2000
25,rateLimited,2,pilot,S-A,modelRMS,1,1,1,-0.0247567550666174,-0.0247567550666174,-0.0247567550666174,2000
25,rateLimited,2,pilot,S-A,freezingRMS,1,1,1,0.00305399328302377,0.00305399328302377,0.00305399328302377,2000
25,rateLimited,2,pilot,S-A,totalRMS,1,1,1,-0.0223328083880051,-0.0223328083880051,-0.0223328083880051,2000
25,rateLimited,2,pilot,S-A,meanCrossTerm,1,1,1,1.18577186515589e-05,1.18577186515589e-05,1.18577186515589e-05,2000
25,rateLimited,2,pilot,S-W,modelRMS,1,1,1,-0.0590444273905822,-0.0590444273905822,-0.0590444273905822,2000
25,rateLimited,2,pilot,S-W,freezingRMS,1,1,1,0.000327149725986552,0.000327149725986552,0.000327149725986552,2000
25,rateLimited,2,pilot,S-W,totalRMS,1,1,1,-0.058440864211209,-0.058440864211209,-0.058440864211209,2000
25,rateLimited,2,pilot,S-W,meanCrossTerm,1,1,1,-0.000210484517622151,-0.000210484517622151,-0.000210484517622151,2000
25,rateLimited,2,pilot,S-R,modelRMS,1,1,1,-0.000866447683837061,-0.000866447683837061,-0.000866447683837061,2000
25,rateLimited,2,pilot,S-R,freezingRMS,1,1,1,-0.000186802421527677,-0.000186802421527677,-0.000186802421527677,2000
25,rateLimited,2,pilot,S-R,totalRMS,1,1,1,-0.00126092449635589,-0.00126092449635589,-0.00126092449635589,2000
25,rateLimited,2,pilot,S-R,meanCrossTerm,1,1,1,-8.26756726705533e-06,-8.26756726705533e-06,-8.26756726705533e-06,2000
25,rateLimited,2,pilot,R-P2,modelRMS,1,1,1,-0.00317753678450518,-0.00317753678450518,-0.00317753678450518,2000
25,rateLimited,2,pilot,R-P2,freezingRMS,1,1,1,-0.00114252028462643,-0.00114252028462643,-0.00114252028462643,2000
25,rateLimited,2,pilot,R-P2,totalRMS,1,1,1,-0.00357053606796458,-0.00357053606796458,-0.00357053606796458,2000
25,rateLimited,2,pilot,R-P2,meanCrossTerm,1,1,1,-1.72309685119676e-05,-1.72309685119676e-05,-1.72309685119676e-05,2000
25,rateLimited,5,pilot,S-A,modelRMS,1,1,1,-0.0363256262183083,-0.0363256262183083,-0.0363256262183083,2000
25,rateLimited,5,pilot,S-A,freezingRMS,1,1,1,0.0523190432807667,0.0523190432807667,0.0523190432807667,2000
25,rateLimited,5,pilot,S-A,totalRMS,1,1,1,0.0136128307386219,0.0136128307386219,0.0136128307386219,2000
25,rateLimited,5,pilot,S-A,meanCrossTerm,1,1,1,0.000216884262315856,0.000216884262315856,0.000216884262315856,2000
25,rateLimited,5,pilot,S-W,modelRMS,1,1,1,-0.0898258516335333,-0.0898258516335333,-0.0898258516335333,2000
25,rateLimited,5,pilot,S-W,freezingRMS,1,1,1,0.000454714702862215,0.000454714702862215,0.000454714702862215,2000
25,rateLimited,5,pilot,S-W,totalRMS,1,1,1,-0.0686468784742314,-0.0686468784742314,-0.0686468784742314,2000
25,rateLimited,5,pilot,S-W,meanCrossTerm,1,1,1,-0.00335210123836473,-0.00335210123836473,-0.00335210123836473,2000
25,rateLimited,5,pilot,S-R,modelRMS,1,1,1,-0.000816978641410084,-0.000816978641410084,-0.000816978641410084,2000
25,rateLimited,5,pilot,S-R,freezingRMS,1,1,1,-0.00303642591662941,-0.00303642591662941,-0.00303642591662941,2000
25,rateLimited,5,pilot,S-R,totalRMS,1,1,1,-0.00426354852991526,-0.00426354852991526,-0.00426354852991526,2000
25,rateLimited,5,pilot,S-R,meanCrossTerm,1,1,1,-0.000148164183897691,-0.000148164183897691,-0.000148164183897691,2000
25,rateLimited,5,pilot,R-P2,modelRMS,1,1,1,-0.00556230391971021,-0.00556230391971021,-0.00556230391971021,2000
25,rateLimited,5,pilot,R-P2,freezingRMS,1,1,1,-0.00821646818471339,-0.00821646818471339,-0.00821646818471339,2000
25,rateLimited,5,pilot,R-P2,totalRMS,1,1,1,-0.00824635089486488,-0.00824635089486488,-0.00824635089486488,2000
25,rateLimited,5,pilot,R-P2,meanCrossTerm,1,1,1,3.05105232710128e-05,3.05105232710128e-05,3.05105232710128e-05,2000
25,rateLimited,10,pilot,S-A,modelRMS,1,1,1,-0.0408611456408535,-0.0408611456408535,-0.0408611456408535,2000
25,rateLimited,10,pilot,S-A,freezingRMS,1,1,1,0.11490433300633,0.11490433300633,0.11490433300633,2000
25,rateLimited,10,pilot,S-A,totalRMS,1,1,1,0.0724373204071219,0.0724373204071219,0.0724373204071219,2000
25,rateLimited,10,pilot,S-A,meanCrossTerm,1,1,1,0.000645581640291328,0.000645581640291328,0.000645581640291328,2000
25,rateLimited,10,pilot,S-W,modelRMS,1,1,1,-0.0909089364364951,-0.0909089364364951,-0.0909089364364951,2000
25,rateLimited,10,pilot,S-W,freezingRMS,1,1,1,0.00429491504594159,0.00429491504594159,0.00429491504594159,2000
25,rateLimited,10,pilot,S-W,totalRMS,1,1,1,-0.0252702722768678,-0.0252702722768678,-0.0252702722768678,2000
25,rateLimited,10,pilot,S-W,meanCrossTerm,1,1,1,0.00151744058092054,0.00151744058092054,0.00151744058092054,2000
25,rateLimited,10,pilot,S-R,modelRMS,1,1,1,-0.00129776771159819,-0.00129776771159819,-0.00129776771159819,2000
25,rateLimited,10,pilot,S-R,freezingRMS,1,1,1,-0.00691344422352352,-0.00691344422352352,-0.00691344422352352,2000
25,rateLimited,10,pilot,S-R,totalRMS,1,1,1,-0.00647536679013944,-0.00647536679013944,-0.00647536679013944,2000
25,rateLimited,10,pilot,S-R,meanCrossTerm,1,1,1,8.27714852368587e-05,8.27714852368587e-05,8.27714852368587e-05,2000
25,rateLimited,10,pilot,R-P2,modelRMS,1,1,1,-0.00628526892395439,-0.00628526892395439,-0.00628526892395439,2000
25,rateLimited,10,pilot,R-P2,freezingRMS,1,1,1,-0.0132891937459237,-0.0132891937459237,-0.0132891937459237,2000
25,rateLimited,10,pilot,R-P2,totalRMS,1,1,1,-0.014505819385688,-0.014505819385688,-0.014505819385688,2000
25,rateLimited,10,pilot,R-P2,meanCrossTerm,1,1,1,-0.000288543501332174,-0.000288543501332174,-0.000288543501332174,2000
25,rateLimited,20,pilot,S-A,modelRMS,1,1,1,-0.0361865983120833,-0.0361865983120833,-0.0361865983120833,2000
25,rateLimited,20,pilot,S-A,freezingRMS,1,1,1,0.116615546116611,0.116615546116611,0.116615546116611,2000
25,rateLimited,20,pilot,S-A,totalRMS,1,1,1,0.0786859786201789,0.0786859786201789,0.0786859786201789,2000
25,rateLimited,20,pilot,S-A,meanCrossTerm,1,1,1,0.000661633296026964,0.000661633296026964,0.000661633296026964,2000
25,rateLimited,20,pilot,S-W,modelRMS,1,1,1,-0.0880231497454706,-0.0880231497454706,-0.0880231497454706,2000
25,rateLimited,20,pilot,S-W,freezingRMS,1,1,1,-0.0353561373847223,-0.0353561373847223,-0.0353561373847223,2000
25,rateLimited,20,pilot,S-W,totalRMS,1,1,1,-0.0687973513000911,-0.0687973513000911,-0.0687973513000911,2000
25,rateLimited,20,pilot,S-W,meanCrossTerm,1,1,1,-0.00311638820874967,-0.00311638820874967,-0.00311638820874967,2000
25,rateLimited,20,pilot,S-R,modelRMS,1,1,1,-0.000907070254561971,-0.000907070254561971,-0.000907070254561971,2000
25,rateLimited,20,pilot,S-R,freezingRMS,1,1,1,-0.00651571086927477,-0.00651571086927477,-0.00651571086927477,2000
25,rateLimited,20,pilot,S-R,totalRMS,1,1,1,-0.00684953283577439,-0.00684953283577439,-0.00684953283577439,2000
25,rateLimited,20,pilot,S-R,meanCrossTerm,1,1,1,-0.00011271855224765,-0.00011271855224765,-0.00011271855224765,2000
25,rateLimited,20,pilot,R-P2,modelRMS,1,1,1,-0.0053173524429859,-0.0053173524429859,-0.0053173524429859,2000
25,rateLimited,20,pilot,R-P2,freezingRMS,1,1,1,-0.0124191189358939,-0.0124191189358939,-0.0124191189358939,2000
25,rateLimited,20,pilot,R-P2,totalRMS,1,1,1,-0.0156179658325079,-0.0156179658325079,-0.0156179658325079,2000
25,rateLimited,20,pilot,R-P2,meanCrossTerm,1,1,1,-0.000891014044569699,-0.000891014044569699,-0.000891014044569699,2000
50,held,1,pilot,S-A,modelRMS,1,1,1,-0.0128965494999557,-0.0128965494999557,-0.0128965494999557,2000
50,held,1,pilot,S-A,freezingRMS,1,1,1,1.15835327154143e-18,1.15835327154143e-18,1.15835327154143e-18,2000
50,held,1,pilot,S-A,totalRMS,1,1,1,-0.0128965494999557,-0.0128965494999557,-0.0128965494999557,2000
50,held,1,pilot,S-A,meanCrossTerm,1,1,1,-2.08747075515821e-20,-2.08747075515821e-20,-2.08747075515821e-20,2000
50,held,1,pilot,S-W,modelRMS,1,1,1,-0.0270792671393352,-0.0270792671393352,-0.0270792671393352,2000
50,held,1,pilot,S-W,freezingRMS,1,1,1,4.07692691397627e-19,4.07692691397627e-19,4.07692691397627e-19,2000
50,held,1,pilot,S-W,totalRMS,1,1,1,-0.0270792671393352,-0.0270792671393352,-0.0270792671393352,2000
50,held,1,pilot,S-W,meanCrossTerm,1,1,1,2.23810034361979e-21,2.23810034361979e-21,2.23810034361979e-21,2000
50,held,1,pilot,S-R,modelRMS,1,1,1,-0.000420404658311776,-0.000420404658311776,-0.000420404658311776,2000
50,held,1,pilot,S-R,freezingRMS,1,1,1,6.31243427178438e-18,6.31243427178438e-18,6.31243427178438e-18,2000
50,held,1,pilot,S-R,totalRMS,1,1,1,-0.000420404658311775,-0.000420404658311775,-0.000420404658311775,2000
50,held,1,pilot,S-R,meanCrossTerm,1,1,1,2.60653779226921e-22,2.60653779226921e-22,2.60653779226921e-22,2000
50,held,1,pilot,R-P2,modelRMS,1,1,1,-0.000304559856370418,-0.000304559856370418,-0.000304559856370418,2000
50,held,1,pilot,R-P2,freezingRMS,1,1,1,-1.05715607182001e-17,-1.05715607182001e-17,-1.05715607182001e-17,2000
50,held,1,pilot,R-P2,totalRMS,1,1,1,-0.000304559856370419,-0.000304559856370419,-0.000304559856370419,2000
50,held,1,pilot,R-P2,meanCrossTerm,1,1,1,-3.33485635259321e-21,-3.33485635259321e-21,-3.33485635259321e-21,2000
50,held,2,pilot,S-A,modelRMS,1,1,1,-0.0212391169225723,-0.0212391169225723,-0.0212391169225723,2000
50,held,2,pilot,S-A,freezingRMS,1,1,1,-4.99965056055942e-18,-4.99965056055942e-18,-4.99965056055942e-18,2000
50,held,2,pilot,S-A,totalRMS,1,1,1,-0.0212391169225723,-0.0212391169225723,-0.0212391169225723,2000
50,held,2,pilot,S-A,meanCrossTerm,1,1,1,-6.74898643663666e-20,-6.74898643663666e-20,-6.74898643663666e-20,2000
50,held,2,pilot,S-W,modelRMS,1,1,1,-0.0449675492856669,-0.0449675492856669,-0.0449675492856669,2000
50,held,2,pilot,S-W,freezingRMS,1,1,1,-1.03283925115391e-17,-1.03283925115391e-17,-1.03283925115391e-17,2000
50,held,2,pilot,S-W,totalRMS,1,1,1,-0.0449675492856668,-0.0449675492856668,-0.0449675492856668,2000
50,held,2,pilot,S-W,meanCrossTerm,1,1,1,1.60060638907776e-18,1.60060638907776e-18,1.60060638907776e-18,2000
50,held,2,pilot,S-R,modelRMS,1,1,1,-0.000658676405596764,-0.000658676405596764,-0.000658676405596764,2000
50,held,2,pilot,S-R,freezingRMS,1,1,1,-1.92690058898792e-17,-1.92690058898792e-17,-1.92690058898792e-17,2000
50,held,2,pilot,S-R,totalRMS,1,1,1,-0.000658676405596759,-0.000658676405596759,-0.000658676405596759,2000
50,held,2,pilot,S-R,meanCrossTerm,1,1,1,1.216545189258e-20,1.216545189258e-20,1.216545189258e-20,2000
50,held,2,pilot,R-P2,modelRMS,1,1,1,-0.000482074678854213,-0.000482074678854213,-0.000482074678854213,2000
50,held,2,pilot,R-P2,freezingRMS,1,1,1,-2.1009803902734e-05,-2.1009803902734e-05,-2.1009803902734e-05,2000
50,held,2,pilot,R-P2,totalRMS,1,1,1,-0.000467007703739473,-0.000467007703739473,-0.000467007703739473,2000
50,held,2,pilot,R-P2,meanCrossTerm,1,1,1,7.04200289059766e-08,7.04200289059766e-08,7.04200289059766e-08,2000
50,held,5,pilot,S-A,modelRMS,1,1,1,-0.0348195490455089,-0.0348195490455089,-0.0348195490455089,2000
50,held,5,pilot,S-A,freezingRMS,1,1,1,2.17149281419063e-17,2.17149281419063e-17,2.17149281419063e-17,2000
50,held,5,pilot,S-A,totalRMS,1,1,1,-0.0348195490455089,-0.0348195490455089,-0.0348195490455089,2000
50,held,5,pilot,S-A,meanCrossTerm,1,1,1,-1.9278689816374e-19,-1.9278689816374e-19,-1.9278689816374e-19,2000
50,held,5,pilot,S-W,modelRMS,1,1,1,-0.0771539762701536,-0.0771539762701536,-0.0771539762701536,2000
50,held,5,pilot,S-W,freezingRMS,1,1,1,7.30281556447779e-18,7.30281556447779e-18,7.30281556447779e-18,2000
50,held,5,pilot,S-W,totalRMS,1,1,1,-0.0771539762701536,-0.0771539762701536,-0.0771539762701536,2000
50,held,5,pilot,S-W,meanCrossTerm,1,1,1,3.04871452620478e-18,3.04871452620478e-18,3.04871452620478e-18,2000
50,held,5,pilot,S-R,modelRMS,1,1,1,-0.00109995789133821,-0.00109995789133821,-0.00109995789133821,2000
50,held,5,pilot,S-R,freezingRMS,1,1,1,-7.8779881783762e-18,-7.8779881783762e-18,-7.8779881783762e-18,2000
50,held,5,pilot,S-R,totalRMS,1,1,1,-0.00109995789133821,-0.00109995789133821,-0.00109995789133821,2000
50,held,5,pilot,S-R,meanCrossTerm,1,1,1,3.29728776767378e-21,3.29728776767378e-21,3.29728776767378e-21,2000
50,held,5,pilot,R-P2,modelRMS,1,1,1,-0.000566334695672217,-0.000566334695672217,-0.000566334695672217,2000
50,held,5,pilot,R-P2,freezingRMS,1,1,1,-0.000204065018723778,-0.000204065018723778,-0.000204065018723778,2000
50,held,5,pilot,R-P2,totalRMS,1,1,1,-0.000433058368854445,-0.000433058368854445,-0.000433058368854445,2000
50,held,5,pilot,R-P2,meanCrossTerm,1,1,1,8.45122993698768e-07,8.45122993698768e-07,8.45122993698768e-07,2000
50,held,10,pilot,S-A,modelRMS,1,1,1,-0.0421463369173832,-0.0421463369173832,-0.0421463369173832,2000
50,held,10,pilot,S-A,freezingRMS,1,1,1,5.56113345560232e-17,5.56113345560232e-17,5.56113345560232e-17,2000
50,held,10,pilot,S-A,totalRMS,1,1,1,-0.0421463369173832,-0.0421463369173832,-0.0421463369173832,2000
50,held,10,pilot,S-A,meanCrossTerm,1,1,1,7.97979588730706e-20,7.97979588730706e-20,7.97979588730706e-20,2000
50,held,10,pilot,S-W,modelRMS,1,1,1,-0.101041753944887,-0.101041753944887,-0.101041753944887,2000
50,held,10,pilot,S-W,freezingRMS,1,1,1,-1.29567699337702e-17,-1.29567699337702e-17,-1.29567699337702e-17,2000
50,held,10,pilot,S-W,totalRMS,1,1,1,-0.101041753944887,-0.101041753944887,-0.101041753944887,2000
50,held,10,pilot,S-W,meanCrossTerm,1,1,1,-4.39063160822966e-18,-4.39063160822966e-18,-4.39063160822966e-18,2000
50,held,10,pilot,S-R,modelRMS,1,1,1,-0.00139301500746716,-0.00139301500746716,-0.00139301500746716,2000
50,held,10,pilot,S-R,freezingRMS,1,1,1,-2.60778219323051e-17,-2.60778219323051e-17,-2.60778219323051e-17,2000
50,held,10,pilot,S-R,totalRMS,1,1,1,-0.00139301500746717,-0.00139301500746717,-0.00139301500746717,2000
50,held,10,pilot,S-R,meanCrossTerm,1,1,1,-4.99891654227643e-20,-4.99891654227643e-20,-4.99891654227643e-20,2000
50,held,10,pilot,R-P2,modelRMS,1,1,1,-0.000427001400408734,-0.000427001400408734,-0.000427001400408734,2000
50,held,10,pilot,R-P2,freezingRMS,1,1,1,-0.000435429259869241,-0.000435429259869241,-0.000435429259869241,2000
50,held,10,pilot,R-P2,totalRMS,1,1,1,-0.000170303681508418,-0.000170303681508418,-0.000170303681508418,2000
50,held,10,pilot,R-P2,meanCrossTerm,1,1,1,1.77045519311972e-06,1.77045519311972e-06,1.77045519311972e-06,2000
50,held,20,pilot,S-A,modelRMS,1,1,1,-0.0438355392369425,-0.0438355392369425,-0.0438355392369425,2000
50,held,20,pilot,S-A,freezingRMS,1,1,1,5.68304566940928e-17,5.68304566940928e-17,5.68304566940928e-17,2000
50,held,20,pilot,S-A,totalRMS,1,1,1,-0.0438355392369425,-0.0438355392369425,-0.0438355392369425,2000
50,held,20,pilot,S-A,meanCrossTerm,1,1,1,8.49482911484841e-20,8.49482911484841e-20,8.49482911484841e-20,2000
50,held,20,pilot,S-W,modelRMS,1,1,1,-0.110771874772463,-0.110771874772463,-0.110771874772463,2000
50,held,20,pilot,S-W,freezingRMS,1,1,1,-7.30147206040616e-17,-7.30147206040616e-17,-7.30147206040616e-17,2000
50,held,20,pilot,S-W,totalRMS,1,1,1,-0.110771874772463,-0.110771874772463,-0.110771874772463,2000
50,held,20,pilot,S-W,meanCrossTerm,1,1,1,-2.54082136821522e-17,-2.54082136821522e-17,-2.54082136821522e-17,2000
50,held,20,pilot,S-R,modelRMS,1,1,1,-0.00146040197476526,-0.00146040197476526,-0.00146040197476526,2000
50,held,20,pilot,S-R,freezingRMS,1,1,1,-2.93909725954697e-17,-2.93909725954697e-17,-2.93909725954697e-17,2000
50,held,20,pilot,S-R,totalRMS,1,1,1,-0.00146040197476527,-0.00146040197476527,-0.00146040197476527,2000
50,held,20,pilot,S-R,meanCrossTerm,1,1,1,-1.0626987459422e-19,-1.0626987459422e-19,-1.0626987459422e-19,2000
50,held,20,pilot,R-P2,modelRMS,1,1,1,-0.000359880748607316,-0.000359880748607316,-0.000359880748607316,2000
50,held,20,pilot,R-P2,freezingRMS,1,1,1,-0.000519363420588068,-0.000519363420588068,-0.000519363420588068,2000
50,held,20,pilot,R-P2,totalRMS,1,1,1,-6.64593889876282e-05,-6.64593889876282e-05,-6.64593889876282e-05,2000
50,held,20,pilot,R-P2,meanCrossTerm,1,1,1,2.05946625252244e-06,2.05946625252244e-06,2.05946625252244e-06,2000
50,rateLimited,1,pilot,S-A,modelRMS,1,1,1,-0.0128965494999557,-0.0128965494999557,-0.0128965494999557,2000
50,rateLimited,1,pilot,S-A,freezingRMS,1,1,1,1.15835327154143e-18,1.15835327154143e-18,1.15835327154143e-18,2000
50,rateLimited,1,pilot,S-A,totalRMS,1,1,1,-0.0128965494999557,-0.0128965494999557,-0.0128965494999557,2000
50,rateLimited,1,pilot,S-A,meanCrossTerm,1,1,1,-2.08747075515821e-20,-2.08747075515821e-20,-2.08747075515821e-20,2000
50,rateLimited,1,pilot,S-W,modelRMS,1,1,1,-0.0270792671393352,-0.0270792671393352,-0.0270792671393352,2000
50,rateLimited,1,pilot,S-W,freezingRMS,1,1,1,4.07692691397627e-19,4.07692691397627e-19,4.07692691397627e-19,2000
50,rateLimited,1,pilot,S-W,totalRMS,1,1,1,-0.0270792671393352,-0.0270792671393352,-0.0270792671393352,2000
50,rateLimited,1,pilot,S-W,meanCrossTerm,1,1,1,2.23810034361979e-21,2.23810034361979e-21,2.23810034361979e-21,2000
50,rateLimited,1,pilot,S-R,modelRMS,1,1,1,-0.000420404658311776,-0.000420404658311776,-0.000420404658311776,2000
50,rateLimited,1,pilot,S-R,freezingRMS,1,1,1,6.31243427178438e-18,6.31243427178438e-18,6.31243427178438e-18,2000
50,rateLimited,1,pilot,S-R,totalRMS,1,1,1,-0.000420404658311775,-0.000420404658311775,-0.000420404658311775,2000
50,rateLimited,1,pilot,S-R,meanCrossTerm,1,1,1,2.60653779226921e-22,2.60653779226921e-22,2.60653779226921e-22,2000
50,rateLimited,1,pilot,R-P2,modelRMS,1,1,1,-0.000304559856370418,-0.000304559856370418,-0.000304559856370418,2000
50,rateLimited,1,pilot,R-P2,freezingRMS,1,1,1,-1.05715607182001e-17,-1.05715607182001e-17,-1.05715607182001e-17,2000
50,rateLimited,1,pilot,R-P2,totalRMS,1,1,1,-0.000304559856370419,-0.000304559856370419,-0.000304559856370419,2000
50,rateLimited,1,pilot,R-P2,meanCrossTerm,1,1,1,-3.33485635259321e-21,-3.33485635259321e-21,-3.33485635259321e-21,2000
50,rateLimited,2,pilot,S-A,modelRMS,1,1,1,-0.0232335774267506,-0.0232335774267506,-0.0232335774267506,2000
50,rateLimited,2,pilot,S-A,freezingRMS,1,1,1,0.00305083139959592,0.00305083139959592,0.00305083139959592,2000
50,rateLimited,2,pilot,S-A,totalRMS,1,1,1,-0.0205865983640985,-0.0205865983640985,-0.0205865983640985,2000
50,rateLimited,2,pilot,S-A,meanCrossTerm,1,1,1,5.95020723706682e-06,5.95020723706682e-06,5.95020723706682e-06,2000
50,rateLimited,2,pilot,S-W,modelRMS,1,1,1,-0.0524657282631666,-0.0524657282631666,-0.0524657282631666,2000
50,rateLimited,2,pilot,S-W,freezingRMS,1,1,1,0.000304241171779253,0.000304241171779253,0.000304241171779253,2000
50,rateLimited,2,pilot,S-W,totalRMS,1,1,1,-0.0513839449475516,-0.0513839449475516,-0.0513839449475516,2000
50,rateLimited,2,pilot,S-W,meanCrossTerm,1,1,1,-0.000158073240155725,-0.000158073240155725,-0.000158073240155725,2000
50,rateLimited,2,pilot,S-R,modelRMS,1,1,1,-0.000897855211708839,-0.000897855211708839,-0.000897855211708839,2000
50,rateLimited,2,pilot,S-R,freezingRMS,1,1,1,-0.000185661369093358,-0.000185661369093358,-0.000185661369093358,2000
50,rateLimited,2,pilot,S-R,totalRMS,1,1,1,-0.00109586171430545,-0.00109586171430545,-0.00109586171430545,2000
50,rateLimited,2,pilot,S-R,meanCrossTerm,1,1,1,-5.64613643916393e-06,-5.64613643916393e-06,-5.64613643916393e-06,2000
50,rateLimited,2,pilot,R-P2,modelRMS,1,1,1,-0.000455214338574018,-0.000455214338574018,-0.000455214338574018,2000
50,rateLimited,2,pilot,R-P2,freezingRMS,1,1,1,-0.000208130024676061,-0.000208130024676061,-0.000208130024676061,2000
50,rateLimited,2,pilot,R-P2,totalRMS,1,1,1,-0.000582521577006681,-0.000582521577006681,-0.000582521577006681,2000
50,rateLimited,2,pilot,R-P2,meanCrossTerm,1,1,1,-2.68155624516762e-06,-2.68155624516762e-06,-2.68155624516762e-06,2000
50,rateLimited,5,pilot,S-A,modelRMS,1,1,1,-0.0371674435078936,-0.0371674435078936,-0.0371674435078936,2000
50,rateLimited,5,pilot,S-A,freezingRMS,1,1,1,0.0521509390976261,0.0521509390976261,0.0521509390976261,2000
50,rateLimited,5,pilot,S-A,totalRMS,1,1,1,0.013746418799942,0.013746418799942,0.013746418799942,2000
50,rateLimited,5,pilot,S-A,meanCrossTerm,1,1,1,5.52680787330517e-05,5.52680787330517e-05,5.52680787330517e-05,2000
50,rateLimited,5,pilot,S-W,modelRMS,1,1,1,-0.0868456773256888,-0.0868456773256888,-0.0868456773256888,2000
50,rateLimited,5,pilot,S-W,freezingRMS,1,1,1,0.00223607681362018,0.00223607681362018,0.00223607681362018,2000
50,rateLimited,5,pilot,S-W,totalRMS,1,1,1,-0.0563857992264506,-0.0563857992264506,-0.0563857992264506,2000
50,rateLimited,5,pilot,S-W,meanCrossTerm,1,1,1,-0.00149770847399686,-0.00149770847399686,-0.00149770847399686,2000
50,rateLimited,5,pilot,S-R,modelRMS,1,1,1,-0.00108795927263909,-0.00108795927263909,-0.00108795927263909,2000
50,rateLimited,5,pilot,S-R,freezingRMS,1,1,1,-0.0030756240498085,-0.0030756240498085,-0.0030756240498085,2000
50,rateLimited,5,pilot,S-R,totalRMS,1,1,1,-0.0036850270061055,-0.0036850270061055,-0.0036850270061055,2000
50,rateLimited,5,pilot,S-R,meanCrossTerm,1,1,1,-6.67036342847594e-05,-6.67036342847594e-05,-6.67036342847594e-05,2000
50,rateLimited,5,pilot,R-P2,modelRMS,1,1,1,-0.000438170476865129,-0.000438170476865129,-0.000438170476865129,2000
50,rateLimited,5,pilot,R-P2,freezingRMS,1,1,1,-0.000840468238118508,-0.000840468238118508,-0.000840468238118508,2000
50,rateLimited,5,pilot,R-P2,totalRMS,1,1,1,-0.000298120029733159,-0.000298120029733159,-0.000298120029733159,2000
50,rateLimited,5,pilot,R-P2,meanCrossTerm,1,1,1,6.25439710396269e-05,6.25439710396269e-05,6.25439710396269e-05,2000
50,rateLimited,10,pilot,S-A,modelRMS,1,1,1,-0.0437999722812978,-0.0437999722812978,-0.0437999722812978,2000
50,rateLimited,10,pilot,S-A,freezingRMS,1,1,1,0.113999345247766,0.113999345247766,0.113999345247766,2000
50,rateLimited,10,pilot,S-A,totalRMS,1,1,1,0.0694594208781041,0.0694594208781041,0.0694594208781041,2000
50,rateLimited,10,pilot,S-A,meanCrossTerm,1,1,1,0.00016403019924724,0.00016403019924724,0.00016403019924724,2000
50,rateLimited,10,pilot,S-W,modelRMS,1,1,1,-0.0911374716472243,-0.0911374716472243,-0.0911374716472243,2000
50,rateLimited,10,pilot,S-W,freezingRMS,1,1,1,0.00465220687077932,0.00465220687077932,0.00465220687077932,2000
50,rateLimited,10,pilot,S-W,totalRMS,1,1,1,-0.0063690922834211,-0.0063690922834211,-0.0063690922834211,2000
50,rateLimited,10,pilot,S-W,meanCrossTerm,1,1,1,0.00603232669010707,0.00603232669010707,0.00603232669010707,2000
50,rateLimited,10,pilot,S-R,modelRMS,1,1,1,-0.0013307020744913,-0.0013307020744913,-0.0013307020744913,2000
50,rateLimited,10,pilot,S-R,freezingRMS,1,1,1,-0.00685408977630177,-0.00685408977630177,-0.00685408977630177,2000
50,rateLimited,10,pilot,S-R,totalRMS,1,1,1,-0.00588331920748895,-0.00588331920748895,-0.00588331920748895,2000
50,rateLimited,10,pilot,S-R,meanCrossTerm,1,1,1,0.000230824171573819,0.000230824171573819,0.000230824171573819,2000
50,rateLimited,10,pilot,R-P2,modelRMS,1,1,1,-0.000248847689776029,-0.000248847689776029,-0.000248847689776029,2000
50,rateLimited,10,pilot,R-P2,freezingRMS,1,1,1,0.000414332368191481,0.000414332368191481,0.000414332368191481,2000
50,rateLimited,10,pilot,R-P2,totalRMS,1,1,1,0.00055636938880381,0.00055636938880381,0.00055636938880381,2000
50,rateLimited,10,pilot,R-P2,meanCrossTerm,1,1,1,3.53757787448971e-05,3.53757787448971e-05,3.53757787448971e-05,2000
50,rateLimited,20,pilot,S-A,modelRMS,1,1,1,-0.0399605100866414,-0.0399605100866414,-0.0399605100866414,2000
50,rateLimited,20,pilot,S-A,freezingRMS,1,1,1,0.115777023785428,0.115777023785428,0.115777023785428,2000
50,rateLimited,20,pilot,S-A,totalRMS,1,1,1,0.0750391460803417,0.0750391460803417,0.0750391460803417,2000
50,rateLimited,20,pilot,S-A,meanCrossTerm,1,1,1,0.000205174157833601,0.000205174157833601,0.000205174157833601,2000
50,rateLimited,20,pilot,S-W,modelRMS,1,1,1,-0.0898079786942765,-0.0898079786942765,-0.0898079786942765,2000
50,rateLimited,20,pilot,S-W,freezingRMS,1,1,1,-0.0290624848886858,-0.0290624848886858,-0.0290624848886858,2000
50,rateLimited,20,pilot,S-W,totalRMS,1,1,1,-0.041283250007846,-0.041283250007846,-0.041283250007846,2000
50,rateLimited,20,pilot,S-W,meanCrossTerm,1,1,1,0.00460248367173746,0.00460248367173746,0.00460248367173746,2000
50,rateLimited,20,pilot,S-R,modelRMS,1,1,1,-0.00104862264525466,-0.00104862264525466,-0.00104862264525466,2000
50,rateLimited,20,pilot,S-R,freezingRMS,1,1,1,-0.00651736125149908,-0.00651736125149908,-0.00651736125149908,2000
50,rateLimited,20,pilot,S-R,totalRMS,1,1,1,-0.00602901042714431,-0.00602901042714431,-0.00602901042714431,2000
50,rateLimited,20,pilot,S-R,meanCrossTerm,1,1,1,0.000113024758530296,0.000113024758530296,0.000113024758530296,2000
50,rateLimited,20,pilot,R-P2,modelRMS,1,1,1,-0.000171292274620044,-0.000171292274620044,-0.000171292274620044,2000
50,rateLimited,20,pilot,R-P2,freezingRMS,1,1,1,0.000413417643477534,0.000413417643477534,0.000413417643477534,2000
50,rateLimited,20,pilot,R-P2,totalRMS,1,1,1,0.000331346952081799,0.000331346952081799,0.000331346952081799,2000
50,rateLimited,20,pilot,R-P2,meanCrossTerm,1,1,1,-1.87817619299978e-05,-1.87817619299978e-05,-1.87817619299978e-05,2000
100,held,1,pilot,S-A,modelRMS,1,1,1,-0.0129515179295437,-0.0129515179295437,-0.0129515179295437,2000
100,held,1,pilot,S-A,freezingRMS,1,1,1,-9.07345495146634e-18,-9.07345495146634e-18,-9.07345495146634e-18,2000
100,held,1,pilot,S-A,totalRMS,1,1,1,-0.0129515179295437,-0.0129515179295437,-0.0129515179295437,2000
100,held,1,pilot,S-A,meanCrossTerm,1,1,1,2.84473764500396e-19,2.84473764500396e-19,2.84473764500396e-19,2000
100,held,1,pilot,S-W,modelRMS,1,1,1,-0.0261414674842314,-0.0261414674842314,-0.0261414674842314,2000
100,held,1,pilot,S-W,freezingRMS,1,1,1,1.15428690495054e-17,1.15428690495054e-17,1.15428690495054e-17,2000
100,held,1,pilot,S-W,totalRMS,1,1,1,-0.0261414674842314,-0.0261414674842314,-0.0261414674842314,2000
100,held,1,pilot,S-W,meanCrossTerm,1,1,1,9.45128857322664e-22,9.45128857322664e-22,9.45128857322664e-22,2000
100,held,1,pilot,S-R,modelRMS,1,1,1,-4.08169170950495e-05,-4.08169170950495e-05,-4.08169170950495e-05,2000
100,held,1,pilot,S-R,freezingRMS,1,1,1,1.15428690495054e-17,1.15428690495054e-17,1.15428690495054e-17,2000
100,held,1,pilot,S-R,totalRMS,1,1,1,-4.08169170950486e-05,-4.08169170950486e-05,-4.08169170950486e-05,2000
100,held,1,pilot,S-R,meanCrossTerm,1,1,1,9.45128857322664e-22,9.45128857322664e-22,9.45128857322664e-22,2000
100,held,1,pilot,R-P2,modelRMS,1,1,1,-0.000977496884325033,-0.000977496884325033,-0.000977496884325033,2000
100,held,1,pilot,R-P2,freezingRMS,1,1,1,-1.55191820282378e-17,-1.55191820282378e-17,-1.55191820282378e-17,2000
100,held,1,pilot,R-P2,totalRMS,1,1,1,-0.000977496884325033,-0.000977496884325033,-0.000977496884325033,2000
100,held,1,pilot,R-P2,meanCrossTerm,1,1,1,-4.56326881105508e-23,-4.56326881105508e-23,-4.56326881105508e-23,2000
100,held,2,pilot,S-A,modelRMS,1,1,1,-0.0209549321788024,-0.0209549321788024,-0.0209549321788024,2000
100,held,2,pilot,S-A,freezingRMS,1,1,1,-6.09603372713052e-18,-6.09603372713052e-18,-6.09603372713052e-18,2000
100,held,2,pilot,S-A,totalRMS,1,1,1,-0.0209549321788024,-0.0209549321788024,-0.0209549321788024,2000
100,held,2,pilot,S-A,meanCrossTerm,1,1,1,9.30799356897975e-19,9.30799356897975e-19,9.30799356897975e-19,2000
100,held,2,pilot,S-W,modelRMS,1,1,1,-0.0420971874285258,-0.0420971874285258,-0.0420971874285258,2000
100,held,2,pilot,S-W,freezingRMS,1,1,1,-7.80162795481821e-18,-7.80162795481821e-18,-7.80162795481821e-18,2000
100,held,2,pilot,S-W,totalRMS,1,1,1,-0.0420971874285258,-0.0420971874285258,-0.0420971874285258,2000
100,held,2,pilot,S-W,meanCrossTerm,1,1,1,-2.35088796705943e-18,-2.35088796705943e-18,-2.35088796705943e-18,2000
100,held,2,pilot,S-R,modelRMS,1,1,1,-7.2153924794929e-05,-7.2153924794929e-05,-7.2153924794929e-05,2000
100,held,2,pilot,S-R,freezingRMS,1,1,1,-3.95072875776053e-18,-3.95072875776053e-18,-3.95072875776053e-18,2000
100,held,2,pilot,S-R,totalRMS,1,1,1,-7.21539247949256e-05,-7.21539247949256e-05,-7.21539247949256e-05,2000
100,held,2,pilot,S-R,meanCrossTerm,1,1,1,6.35659052286013e-21,6.35659052286013e-21,6.35659052286013e-21,2000
100,held,2,pilot,R-P2,modelRMS,1,1,1,-0.00124293544644841,-0.00124293544644841,-0.00124293544644841,2000
100,held,2,pilot,R-P2,freezingRMS,1,1,1,-7.8311566253618e-05,-7.8311566253618e-05,-7.8311566253618e-05,2000
100,held,2,pilot,R-P2,totalRMS,1,1,1,-0.0011958913963714,-0.0011958913963714,-0.0011958913963714,2000
100,held,2,pilot,R-P2,meanCrossTerm,1,1,1,1.92844992541222e-07,1.92844992541222e-07,1.92844992541222e-07,2000
100,held,5,pilot,S-A,modelRMS,1,1,1,-0.0329380409393524,-0.0329380409393524,-0.0329380409393524,2000
100,held,5,pilot,S-A,freezingRMS,1,1,1,1.77097075621294e-17,1.77097075621294e-17,1.77097075621294e-17,2000
100,held,5,pilot,S-A,totalRMS,1,1,1,-0.0329380409393524,-0.0329380409393524,-0.0329380409393524,2000
100,held,5,pilot,S-A,meanCrossTerm,1,1,1,2.53354772329384e-18,2.53354772329384e-18,2.53354772329384e-18,2000
100,held,5,pilot,S-W,modelRMS,1,1,1,-0.0662789692477024,-0.0662789692477024,-0.0662789692477024,2000
100,held,5,pilot,S-W,freezingRMS,1,1,1,3.48948991490904e-17,3.48948991490904e-17,3.48948991490904e-17,2000
100,held,5,pilot,S-W,totalRMS,1,1,1,-0.0662789692477024,-0.0662789692477024,-0.0662789692477024,2000
100,held,5,pilot,S-W,meanCrossTerm,1,1,1,-4.11724229125823e-18,-4.11724229125823e-18,-4.11724229125823e-18,2000
100,held,5,pilot,S-R,modelRMS,1,1,1,-0.000126629928006845,-0.000126629928006845,-0.000126629928006845,2000
100,held,5,pilot,S-R,freezingRMS,1,1,1,3.20821803118396e-17,3.20821803118396e-17,3.20821803118396e-17,2000
100,held,5,pilot,S-R,totalRMS,1,1,1,-0.000126629928006839,-0.000126629928006839,-0.000126629928006839,2000
100,held,5,pilot,S-R,meanCrossTerm,1,1,1,1.92895764585083e-20,1.92895764585083e-20,1.92895764585083e-20,2000
100,held,5,pilot,R-P2,modelRMS,1,1,1,-0.00103526978982115,-0.00103526978982115,-0.00103526978982115,2000
100,held,5,pilot,R-P2,freezingRMS,1,1,1,-0.00076130776366715,-0.00076130776366715,-0.00076130776366715,2000
100,held,5,pilot,R-P2,totalRMS,1,1,1,-0.000704138934496839,-0.000704138934496839,-0.000704138934496839,2000
100,held,5,pilot,R-P2,meanCrossTerm,1,1,1,1.79201374912033e-06,1.79201374912033e-06,1.79201374912033e-06,2000
100,held,10,pilot,S-A,modelRMS,1,1,1,-0.0390538081954783,-0.0390538081954783,-0.0390538081954783,2000
100,held,10,pilot,S-A,freezingRMS,1,1,1,5.76136558201723e-17,5.76136558201723e-17,5.76136558201723e-17,2000
100,held,10,pilot,S-A,totalRMS,1,1,1,-0.0390538081954783,-0.0390538081954783,-0.0390538081954783,2000
100,held,10,pilot,S-A,meanCrossTerm,1,1,1,5.08073851518643e-19,5.08073851518643e-19,5.08073851518643e-19,2000
100,held,10,pilot,S-W,modelRMS,1,1,1,-0.0807128860179759,-0.0807128860179759,-0.0807128860179759,2000
100,held,10,pilot,S-W,freezingRMS,1,1,1,3.79988266059816e-17,3.79988266059816e-17,3.79988266059816e-17,2000
100,held,10,pilot,S-W,totalRMS,1,1,1,-0.080712886017976,-0.080712886017976,-0.080712886017976,2000
100,held,10,pilot,S-W,meanCrossTerm,1,1,1,-4.98309790572456e-18,-4.98309790572456e-18,-4.98309790572456e-18,2000
100,held,10,pilot,S-R,modelRMS,1,1,1,-0.000170234798784218,-0.000170234798784218,-0.000170234798784218,2000
100,held,10,pilot,S-R,freezingRMS,1,1,1,3.45637005553017e-17,3.45637005553017e-17,3.45637005553017e-17,2000
100,held,10,pilot,S-R,totalRMS,1,1,1,-0.000170234798784236,-0.000170234798784236,-0.000170234798784236,2000
100,held,10,pilot,S-R,meanCrossTerm,1,1,1,-1.16265782992558e-20,-1.16265782992558e-20,-1.16265782992558e-20,2000
100,held,10,pilot,R-P2,modelRMS,1,1,1,-0.00101783416190558,-0.00101783416190558,-0.00101783416190558,2000
100,held,10,pilot,R-P2,freezingRMS,1,1,1,-0.00161703167656829,-0.00161703167656829,-0.00161703167656829,2000
100,held,10,pilot,R-P2,totalRMS,1,1,1,-0.000925849141081844,-0.000925849141081844,-0.000925849141081844,2000
100,held,10,pilot,R-P2,meanCrossTerm,1,1,1,2.97847250436075e-06,2.97847250436075e-06,2.97847250436075e-06,2000
100,held,20,pilot,S-A,modelRMS,1,1,1,-0.0405187766172617,-0.0405187766172617,-0.0405187766172617,2000
100,held,20,pilot,S-A,freezingRMS,1,1,1,5.22571185678229e-17,5.22571185678229e-17,5.22571185678229e-17,2000
100,held,20,pilot,S-A,totalRMS,1,1,1,-0.0405187766172618,-0.0405187766172618,-0.0405187766172618,2000
100,held,20,pilot,S-A,meanCrossTerm,1,1,1,2.57822811682274e-19,2.57822811682274e-19,2.57822811682274e-19,2000
100,held,20,pilot,S-W,modelRMS,1,1,1,-0.0853825802944254,-0.0853825802944254,-0.0853825802944254,2000
100,held,20,pilot,S-W,freezingRMS,1,1,1,4.06039604636316e-17,4.06039604636316e-17,4.06039604636316e-17,2000
100,held,20,pilot,S-W,totalRMS,1,1,1,-0.0853825802944256,-0.0853825802944256,-0.0853825802944256,2000
100,held,20,pilot,S-W,meanCrossTerm,1,1,1,-7.44899814813883e-18,-7.44899814813883e-18,-7.44899814813883e-18,2000
100,held,20,pilot,S-R,modelRMS,1,1,1,-0.000191942614104632,-0.000191942614104632,-0.000191942614104632,2000
100,held,20,pilot,S-R,freezingRMS,1,1,1,1.29997272128739e-17,1.29997272128739e-17,1.29997272128739e-17,2000
100,held,20,pilot,S-R,totalRMS,1,1,1,-0.000191942614104625,-0.000191942614104625,-0.000191942614104625,2000
100,held,20,pilot,S-R,meanCrossTerm,1,1,1,4.80089282814072e-20,4.80089282814072e-20,4.80089282814072e-20,2000
100,held,20,pilot,R-P2,modelRMS,1,1,1,-0.00118007791605471,-0.00118007791605471,-0.00118007791605471,2000
100,held,20,pilot,R-P2,freezingRMS,1,1,1,-0.00191822100869491,-0.00191822100869491,-0.00191822100869491,2000
100,held,20,pilot,R-P2,totalRMS,1,1,1,-0.00127258222108542,-0.00127258222108542,-0.00127258222108542,2000
100,held,20,pilot,R-P2,meanCrossTerm,1,1,1,3.26263726987894e-06,3.26263726987894e-06,3.26263726987894e-06,2000
100,rateLimited,1,pilot,S-A,modelRMS,1,1,1,-0.0129515179295437,-0.0129515179295437,-0.0129515179295437,2000
100,rateLimited,1,pilot,S-A,freezingRMS,1,1,1,-9.07345495146634e-18,-9.07345495146634e-18,-9.07345495146634e-18,2000
100,rateLimited,1,pilot,S-A,totalRMS,1,1,1,-0.0129515179295437,-0.0129515179295437,-0.0129515179295437,2000
100,rateLimited,1,pilot,S-A,meanCrossTerm,1,1,1,2.84473764500396e-19,2.84473764500396e-19,2.84473764500396e-19,2000
100,rateLimited,1,pilot,S-W,modelRMS,1,1,1,-0.0261414674842314,-0.0261414674842314,-0.0261414674842314,2000
100,rateLimited,1,pilot,S-W,freezingRMS,1,1,1,1.15428690495054e-17,1.15428690495054e-17,1.15428690495054e-17,2000
100,rateLimited,1,pilot,S-W,totalRMS,1,1,1,-0.0261414674842314,-0.0261414674842314,-0.0261414674842314,2000
100,rateLimited,1,pilot,S-W,meanCrossTerm,1,1,1,9.45128857322664e-22,9.45128857322664e-22,9.45128857322664e-22,2000
100,rateLimited,1,pilot,S-R,modelRMS,1,1,1,-4.08169170950495e-05,-4.08169170950495e-05,-4.08169170950495e-05,2000
100,rateLimited,1,pilot,S-R,freezingRMS,1,1,1,1.15428690495054e-17,1.15428690495054e-17,1.15428690495054e-17,2000
100,rateLimited,1,pilot,S-R,totalRMS,1,1,1,-4.08169170950486e-05,-4.08169170950486e-05,-4.08169170950486e-05,2000
100,rateLimited,1,pilot,S-R,meanCrossTerm,1,1,1,9.45128857322664e-22,9.45128857322664e-22,9.45128857322664e-22,2000
100,rateLimited,1,pilot,R-P2,modelRMS,1,1,1,-0.000977496884325033,-0.000977496884325033,-0.000977496884325033,2000
100,rateLimited,1,pilot,R-P2,freezingRMS,1,1,1,-1.55191820282378e-17,-1.55191820282378e-17,-1.55191820282378e-17,2000
100,rateLimited,1,pilot,R-P2,totalRMS,1,1,1,-0.000977496884325033,-0.000977496884325033,-0.000977496884325033,2000
100,rateLimited,1,pilot,R-P2,meanCrossTerm,1,1,1,-4.56326881105508e-23,-4.56326881105508e-23,-4.56326881105508e-23,2000
100,rateLimited,2,pilot,S-A,modelRMS,1,1,1,-0.0217230280737774,-0.0217230280737774,-0.0217230280737774,2000
100,rateLimited,2,pilot,S-A,freezingRMS,1,1,1,0.00303221882243698,0.00303221882243698,0.00303221882243698,2000
100,rateLimited,2,pilot,S-A,totalRMS,1,1,1,-0.0189690444210669,-0.0189690444210669,-0.0189690444210669,2000
100,rateLimited,2,pilot,S-A,meanCrossTerm,1,1,1,3.18813566296792e-06,3.18813566296792e-06,3.18813566296792e-06,2000
100,rateLimited,2,pilot,S-W,modelRMS,1,1,1,-0.0466727146770787,-0.0466727146770787,-0.0466727146770787,2000
100,rateLimited,2,pilot,S-W,freezingRMS,1,1,1,9.49140484058329e-05,9.49140484058329e-05,9.49140484058329e-05,2000
100,rateLimited,2,pilot,S-W,totalRMS,1,1,1,-0.0455370513243098,-0.0455370513243098,-0.0455370513243098,2000
100,rateLimited,2,pilot,S-W,meanCrossTerm,1,1,1,-0.000144685347803851,-0.000144685347803851,-0.000144685347803851,2000
100,rateLimited,2,pilot,S-R,modelRMS,1,1,1,-1.24790269992427e-05,-1.24790269992427e-05,-1.24790269992427e-05,2000
100,rateLimited,2,pilot,S-R,freezingRMS,1,1,1,2.21678371012967e-05,2.21678371012967e-05,2.21678371012967e-05,2000
100,rateLimited,2,pilot,S-R,totalRMS,1,1,1,8.41841009225574e-05,8.41841009225574e-05,8.41841009225574e-05,2000
100,rateLimited,2,pilot,S-R,meanCrossTerm,1,1,1,4.91216957406283e-07,4.91216957406283e-07,4.91216957406283e-07,2000
100,rateLimited,2,pilot,R-P2,modelRMS,1,1,1,-0.0014557482579059,-0.0014557482579059,-0.0014557482579059,2000
100,rateLimited,2,pilot,R-P2,freezingRMS,1,1,1,-0.000253915917982713,-0.000253915917982713,-0.000253915917982713,2000
100,rateLimited,2,pilot,R-P2,totalRMS,1,1,1,-0.00140140016794677,-0.00140140016794677,-0.00140140016794677,2000
100,rateLimited,2,pilot,R-P2,meanCrossTerm,1,1,1,-5.60354223452591e-06,-5.60354223452591e-06,-5.60354223452591e-06,2000
100,rateLimited,5,pilot,S-A,modelRMS,1,1,1,-0.0350167422335945,-0.0350167422335945,-0.0350167422335945,2000
100,rateLimited,5,pilot,S-A,freezingRMS,1,1,1,0.0519243131290351,0.0519243131290351,0.0519243131290351,2000
100,rateLimited,5,pilot,S-A,totalRMS,1,1,1,0.0162841410780655,0.0162841410780655,0.0162841410780655,2000
100,rateLimited,5,pilot,S-A,meanCrossTerm,1,1,1,2.93529392084193e-05,2.93529392084193e-05,2.93529392084193e-05,2000
100,rateLimited,5,pilot,S-W,modelRMS,1,1,1,-0.0768173509597798,-0.0768173509597798,-0.0768173509597798,2000
100,rateLimited,5,pilot,S-W,freezingRMS,1,1,1,0.00320360849549376,0.00320360849549376,0.00320360849549376,2000
100,rateLimited,5,pilot,S-W,totalRMS,1,1,1,-0.0463127304108804,-0.0463127304108804,-0.0463127304108804,2000
100,rateLimited,5,pilot,S-W,meanCrossTerm,1,1,1,-0.00126243879651845,-0.00126243879651845,-0.00126243879651845,2000
100,rateLimited,5,pilot,S-R,modelRMS,1,1,1,-4.33801534911894e-05,-4.33801534911894e-05,-4.33801534911894e-05,2000
100,rateLimited,5,pilot,S-R,freezingRMS,1,1,1,0.000397373551177256,0.000397373551177256,0.000397373551177256,2000
100,rateLimited,5,pilot,S-R,totalRMS,1,1,1,0.000452015938441575,0.000452015938441575,0.000452015938441575,2000
100,rateLimited,5,pilot,S-R,meanCrossTerm,1,1,1,5.97130006478939e-06,5.97130006478939e-06,5.97130006478939e-06,2000
100,rateLimited,5,pilot,R-P2,modelRMS,1,1,1,-0.00106175660819489,-0.00106175660819489,-0.00106175660819489,2000
100,rateLimited,5,pilot,R-P2,freezingRMS,1,1,1,-0.000429048650330562,-0.000429048650330562,-0.000429048650330562,2000
100,rateLimited,5,pilot,R-P2,totalRMS,1,1,1,0.000345272376359826,0.000345272376359826,0.000345272376359826,2000
100,rateLimited,5,pilot,R-P2,meanCrossTerm,1,1,1,8.31829518830773e-05,8.31829518830773e-05,8.31829518830773e-05,2000
100,rateLimited,10,pilot,S-A,modelRMS,1,1,1,-0.047565269317449,-0.047565269317449,-0.047565269317449,2000
100,rateLimited,10,pilot,S-A,freezingRMS,1,1,1,0.113642637447594,0.113642637447594,0.113642637447594,2000
100,rateLimited,10,pilot,S-A,totalRMS,1,1,1,0.0655650031970806,0.0655650031970806,0.0655650031970806,2000
100,rateLimited,10,pilot,S-A,meanCrossTerm,1,1,1,6.89393092694447e-05,6.89393092694447e-05,6.89393092694447e-05,2000
100,rateLimited,10,pilot,S-W,modelRMS,1,1,1,-0.0910012034246156,-0.0910012034246156,-0.0910012034246156,2000
100,rateLimited,10,pilot,S-W,freezingRMS,1,1,1,0.0121291674488982,0.0121291674488982,0.0121291674488982,2000
100,rateLimited,10,pilot,S-W,totalRMS,1,1,1,-0.0128297611263882,-0.0128297611263882,-0.0128297611263882,2000
100,rateLimited,10,pilot,S-W,meanCrossTerm,1,1,1,0.00273200516432764,0.00273200516432764,0.00273200516432764,2000
100,rateLimited,10,pilot,S-R,modelRMS,1,1,1,-0.000269355862631613,-0.000269355862631613,-0.000269355862631613,2000
100,rateLimited,10,pilot,S-R,freezingRMS,1,1,1,0.000922326777864066,0.000922326777864066,0.000922326777864066,2000
100,rateLimited,10,pilot,S-R,totalRMS,1,1,1,0.000827374458110153,0.000827374458110153,0.000827374458110153,2000
100,rateLimited,10,pilot,S-R,meanCrossTerm,1,1,1,-2.03956860090551e-05,-2.03956860090551e-05,-2.03956860090551e-05,2000
100,rateLimited,10,pilot,R-P2,modelRMS,1,1,1,-0.00112292883380101,-0.00112292883380101,-0.00112292883380101,2000
100,rateLimited,10,pilot,R-P2,freezingRMS,1,1,1,0.0031262239161402,0.0031262239161402,0.0031262239161402,2000
100,rateLimited,10,pilot,R-P2,totalRMS,1,1,1,0.00339131388951999,0.00339131388951999,0.00339131388951999,2000
100,rateLimited,10,pilot,R-P2,meanCrossTerm,1,1,1,6.44563072824744e-05,6.44563072824744e-05,6.44563072824744e-05,2000
100,rateLimited,20,pilot,S-A,modelRMS,1,1,1,-0.0424444202709795,-0.0424444202709795,-0.0424444202709795,2000
100,rateLimited,20,pilot,S-A,freezingRMS,1,1,1,0.11555560041024,0.11555560041024,0.11555560041024,2000
100,rateLimited,20,pilot,S-A,totalRMS,1,1,1,0.0727117674551593,0.0727117674551593,0.0727117674551593,2000
100,rateLimited,20,pilot,S-A,meanCrossTerm,1,1,1,0.000113087081395392,0.000113087081395392,0.000113087081395392,2000
100,rateLimited,20,pilot,S-W,modelRMS,1,1,1,-0.0864182317329586,-0.0864182317329586,-0.0864182317329586,2000
100,rateLimited,20,pilot,S-W,freezingRMS,1,1,1,-0.0128654692315716,-0.0128654692315716,-0.0128654692315716,2000
100,rateLimited,20,pilot,S-W,totalRMS,1,1,1,-0.0287690014877177,-0.0287690014877177,-0.0287690014877177,2000
100,rateLimited,20,pilot,S-W,meanCrossTerm,1,1,1,0.00325621752928584,0.00325621752928584,0.00325621752928584,2000
100,rateLimited,20,pilot,S-R,modelRMS,1,1,1,-0.000186725905598667,-0.000186725905598667,-0.000186725905598667,2000
100,rateLimited,20,pilot,S-R,freezingRMS,1,1,1,0.000899216702691094,0.000899216702691094,0.000899216702691094,2000
100,rateLimited,20,pilot,S-R,totalRMS,1,1,1,0.000799549108624328,0.000799549108624328,0.000799549108624328,2000
100,rateLimited,20,pilot,S-R,meanCrossTerm,1,1,1,-2.17110373693552e-05,-2.17110373693552e-05,-2.17110373693552e-05,2000
100,rateLimited,20,pilot,R-P2,modelRMS,1,1,1,-0.000940624593520013,-0.000940624593520013,-0.000940624593520013,2000
100,rateLimited,20,pilot,R-P2,freezingRMS,1,1,1,0.00307370014253125,0.00307370014253125,0.00307370014253125,2000
100,rateLimited,20,pilot,R-P2,totalRMS,1,1,1,0.00320707748729095,0.00320707748729095,0.00320707748729095,2000
100,rateLimited,20,pilot,R-P2,meanCrossTerm,1,1,1,3.64530682299047e-05,3.64530682299047e-05,3.64530682299047e-05,2000
200,held,1,pilot,S-A,modelRMS,1,1,1,-0.0132303150706884,-0.0132303150706884,-0.0132303150706884,2000
200,held,1,pilot,S-A,freezingRMS,1,1,1,2.94392336003208e-17,2.94392336003208e-17,2.94392336003208e-17,2000
200,held,1,pilot,S-A,totalRMS,1,1,1,-0.0132303150706884,-0.0132303150706884,-0.0132303150706884,2000
200,held,1,pilot,S-A,meanCrossTerm,1,1,1,1.22946149447596e-21,1.22946149447596e-21,1.22946149447596e-21,2000
200,held,1,pilot,S-W,modelRMS,1,1,1,-0.0274265801351267,-0.0274265801351267,-0.0274265801351267,2000
200,held,1,pilot,S-W,freezingRMS,1,1,1,2.94392336003208e-17,2.94392336003208e-17,2.94392336003208e-17,2000
200,held,1,pilot,S-W,totalRMS,1,1,1,-0.0274265801351267,-0.0274265801351267,-0.0274265801351267,2000
200,held,1,pilot,S-W,meanCrossTerm,1,1,1,1.22946149447596e-21,1.22946149447596e-21,1.22946149447596e-21,2000
200,held,1,pilot,S-R,modelRMS,1,1,1,-1.53426733120636e-05,-1.53426733120636e-05,-1.53426733120636e-05,2000
200,held,1,pilot,S-R,freezingRMS,1,1,1,2.68621931001993e-17,2.68621931001993e-17,2.68621931001993e-17,2000
200,held,1,pilot,S-R,totalRMS,1,1,1,-1.53426733120628e-05,-1.53426733120628e-05,-1.53426733120628e-05,2000
200,held,1,pilot,S-R,meanCrossTerm,1,1,1,5.51749961626828e-22,5.51749961626828e-22,5.51749961626828e-22,2000
200,held,1,pilot,R-P2,modelRMS,1,1,1,-0.000600941814587926,-0.000600941814587926,-0.000600941814587926,2000
200,held,1,pilot,R-P2,freezingRMS,1,1,1,-1.49761830132017e-18,-1.49761830132017e-18,-1.49761830132017e-18,2000
200,held,1,pilot,R-P2,totalRMS,1,1,1,-0.000600941814587925,-0.000600941814587925,-0.000600941814587925,2000
200,held,1,pilot,R-P2,meanCrossTerm,1,1,1,1.1921141847047e-21,1.1921141847047e-21,1.1921141847047e-21,2000
200,held,2,pilot,S-A,modelRMS,1,1,1,-0.0215271639195691,-0.0215271639195691,-0.0215271639195691,2000
200,held,2,pilot,S-A,freezingRMS,1,1,1,-4.4848942925545e-19,-4.4848942925545e-19,-4.4848942925545e-19,2000
200,held,2,pilot,S-A,totalRMS,1,1,1,-0.0215271639195692,-0.0215271639195692,-0.0215271639195692,2000
200,held,2,pilot,S-A,meanCrossTerm,1,1,1,-6.06186039703031e-20,-6.06186039703031e-20,-6.06186039703031e-20,2000
200,held,2,pilot,S-W,modelRMS,1,1,1,-0.044632904187224,-0.044632904187224,-0.044632904187224,2000
200,held,2,pilot,S-W,freezingRMS,1,1,1,-1.63701280068239e-17,-1.63701280068239e-17,-1.63701280068239e-17,2000
200,held,2,pilot,S-W,totalRMS,1,1,1,-0.044632904187224,-0.044632904187224,-0.044632904187224,2000
200,held,2,pilot,S-W,meanCrossTerm,1,1,1,2.64417171388928e-19,2.64417171388928e-19,2.64417171388928e-19,2000
200,held,2,pilot,S-R,modelRMS,1,1,1,-2.20155099258018e-05,-2.20155099258018e-05,-2.20155099258018e-05,2000
200,held,2,pilot,S-R,freezingRMS,1,1,1,2.01365149404282e-18,2.01365149404282e-18,2.01365149404282e-18,2000
200,held,2,pilot,S-R,totalRMS,1,1,1,-2.20155099258002e-05,-2.20155099258002e-05,-2.20155099258002e-05,2000
200,held,2,pilot,S-R,meanCrossTerm,1,1,1,2.51634217185601e-21,2.51634217185601e-21,2.51634217185601e-21,2000
200,held,2,pilot,R-P2,modelRMS,1,1,1,-0.000856511110149387,-0.000856511110149387,-0.000856511110149387,2000
200,held,2,pilot,R-P2,freezingRMS,1,1,1,-3.11712332686563e-05,-3.11712332686563e-05,-3.11712332686563e-05,2000
200,held,2,pilot,R-P2,totalRMS,1,1,1,-0.000837438608375021,-0.000837438608375021,-0.000837438608375021,2000
200,held,2,pilot,R-P2,meanCrossTerm,1,1,1,5.89978466848734e-08,5.89978466848734e-08,5.89978466848734e-08,2000
200,held,5,pilot,S-A,modelRMS,1,1,1,-0.0341127360718388,-0.0341127360718388,-0.0341127360718388,2000
200,held,5,pilot,S-A,freezingRMS,1,1,1,-2.90345683399799e-17,-2.90345683399799e-17,-2.90345683399799e-17,2000
200,held,5,pilot,S-A,totalRMS,1,1,1,-0.0341127360718388,-0.0341127360718388,-0.0341127360718388,2000
200,held,5,pilot,S-A,meanCrossTerm,1,1,1,-8.53943374809053e-19,-8.53943374809053e-19,-8.53943374809053e-19,2000
200,held,5,pilot,S-W,modelRMS,1,1,1,-0.07164616362341,-0.07164616362341,-0.07164616362341,2000
200,held,5,pilot,S-W,freezingRMS,1,1,1,-6.53217666366346e-17,-6.53217666366346e-17,-6.53217666366346e-17,2000
200,held,5,pilot,S-W,totalRMS,1,1,1,-0.0716461636234101,-0.0716461636234101,-0.0716461636234101,2000
200,held,5,pilot,S-W,meanCrossTerm,1,1,1,-4.21632431454294e-19,-4.21632431454294e-19,-4.21632431454294e-19,2000
200,held,5,pilot,S-R,modelRMS,1,1,1,-4.58333483467722e-05,-4.58333483467722e-05,-4.58333483467722e-05,2000
200,held,5,pilot,S-R,freezingRMS,1,1,1,-1.65422399092335e-18,-1.65422399092335e-18,-1.65422399092335e-18,2000
200,held,5,pilot,S-R,totalRMS,1,1,1,-4.58333483467865e-05,-4.58333483467865e-05,-4.58333483467865e-05,2000
200,held,5,pilot,S-R,meanCrossTerm,1,1,1,-2.4746957060612e-20,-2.4746957060612e-20,-2.4746957060612e-20,2000
200,held,5,pilot,R-P2,modelRMS,1,1,1,-0.000907749087804086,-0.000907749087804086,-0.000907749087804086,2000
200,held,5,pilot,R-P2,freezingRMS,1,1,1,-0.000304954280925706,-0.000304954280925706,-0.000304954280925706,2000
200,held,5,pilot,R-P2,totalRMS,1,1,1,-0.000739568195028037,-0.000739568195028037,-0.000739568195028037,2000
200,held,5,pilot,R-P2,meanCrossTerm,1,1,1,6.83480940305857e-07,6.83480940305857e-07,6.83480940305857e-07,2000
200,held,10,pilot,S-A,modelRMS,1,1,1,-0.0404803699830405,-0.0404803699830405,-0.0404803699830405,2000
200,held,10,pilot,S-A,freezingRMS,1,1,1,-3.70243028306309e-17,-3.70243028306309e-17,-3.70243028306309e-17,2000
200,held,10,pilot,S-A,totalRMS,1,1,1,-0.0404803699830405,-0.0404803699830405,-0.0404803699830405,2000
200,held,10,pilot,S-A,meanCrossTerm,1,1,1,-2.3687075817471e-18,-2.3687075817471e-18,-2.3687075817471e-18,2000
200,held,10,pilot,S-W,modelRMS,1,1,1,-0.0881730754480336,-0.0881730754480336,-0.0881730754480336,2000
200,held,10,pilot,S-W,freezingRMS,1,1,1,-5.75611962607774e-17,-5.75611962607774e-17,-5.75611962607774e-17,2000
200,held,10,pilot,S-W,totalRMS,1,1,1,-0.0881730754480336,-0.0881730754480336,-0.0881730754480336,2000
200,held,10,pilot,S-W,meanCrossTerm,1,1,1,-4.17282724185232e-18,-4.17282724185232e-18,-4.17282724185232e-18,2000
200,held,10,pilot,S-R,modelRMS,1,1,1,-7.02955570473437e-05,-7.02955570473437e-05,-7.02955570473437e-05,2000
200,held,10,pilot,S-R,freezingRMS,1,1,1,-3.38224681900052e-17,-3.38224681900052e-17,-3.38224681900052e-17,2000
200,held,10,pilot,S-R,totalRMS,1,1,1,-7.02955570473236e-05,-7.02955570473236e-05,-7.02955570473236e-05,2000
200,held,10,pilot,S-R,meanCrossTerm,1,1,1,4.59037952535654e-20,4.59037952535654e-20,4.59037952535654e-20,2000
200,held,10,pilot,R-P2,modelRMS,1,1,1,-0.000753262830396918,-0.000753262830396918,-0.000753262830396918,2000
200,held,10,pilot,R-P2,freezingRMS,1,1,1,-0.000652662360811133,-0.000652662360811133,-0.000652662360811133,2000
200,held,10,pilot,R-P2,totalRMS,1,1,1,-0.000498815486773602,-0.000498815486773602,-0.000498815486773602,2000
200,held,10,pilot,R-P2,meanCrossTerm,1,1,1,1.2872740352686e-06,1.2872740352686e-06,1.2872740352686e-06,2000
200,held,20,pilot,S-A,modelRMS,1,1,1,-0.0419608723693389,-0.0419608723693389,-0.0419608723693389,2000
200,held,20,pilot,S-A,freezingRMS,1,1,1,-4.14206443693019e-17,-4.14206443693019e-17,-4.14206443693019e-17,2000
200,held,20,pilot,S-A,totalRMS,1,1,1,-0.0419608723693389,-0.0419608723693389,-0.0419608723693389,2000
200,held,20,pilot,S-A,meanCrossTerm,1,1,1,-2.11854495298984e-18,-2.11854495298984e-18,-2.11854495298984e-18,2000
200,held,20,pilot,S-W,modelRMS,1,1,1,-0.0937239355501448,-0.0937239355501448,-0.0937239355501448,2000
200,held,20,pilot,S-W,freezingRMS,1,1,1,-5.52398820339911e-17,-5.52398820339911e-17,-5.52398820339911e-17,2000
200,held,20,pilot,S-W,totalRMS,1,1,1,-0.0937239355501448,-0.0937239355501448,-0.0937239355501448,2000
200,held,20,pilot,S-W,meanCrossTerm,1,1,1,8.92084115881396e-19,8.92084115881396e-19,8.92084115881396e-19,2000
200,held,20,pilot,S-R,modelRMS,1,1,1,-7.89354385833539e-05,-7.89354385833539e-05,-7.89354385833539e-05,2000
200,held,20,pilot,S-R,freezingRMS,1,1,1,-3.96515692227527e-17,-3.96515692227527e-17,-3.96515692227527e-17,2000
200,held,20,pilot,S-R,totalRMS,1,1,1,-7.89354385833346e-05,-7.89354385833346e-05,-7.89354385833346e-05,2000
200,held,20,pilot,S-R,meanCrossTerm,1,1,1,4.61355016036644e-20,4.61355016036644e-20,4.61355016036644e-20,2000
200,held,20,pilot,R-P2,modelRMS,1,1,1,-0.000700527943354633,-0.000700527943354633,-0.000700527943354633,2000
200,held,20,pilot,R-P2,freezingRMS,1,1,1,-0.000778321498931065,-0.000778321498931065,-0.000778321498931065,2000
200,held,20,pilot,R-P2,totalRMS,1,1,1,-0.000465346053273088,-0.000465346053273088,-0.000465346053273088,2000
200,held,20,pilot,R-P2,meanCrossTerm,1,1,1,1.39999151219174e-06,1.39999151219174e-06,1.39999151219174e-06,2000
200,rateLimited,1,pilot,S-A,modelRMS,1,1,1,-0.0132303150706884,-0.0132303150706884,-0.0132303150706884,2000
200,rateLimited,1,pilot,S-A,freezingRMS,1,1,1,2.94392336003208e-17,2.94392336003208e-17,2.94392336003208e-17,2000
200,rateLimited,1,pilot,S-A,totalRMS,1,1,1,-0.0132303150706884,-0.0132303150706884,-0.0132303150706884,2000
200,rateLimited,1,pilot,S-A,meanCrossTerm,1,1,1,1.22946149447596e-21,1.22946149447596e-21,1.22946149447596e-21,2000
200,rateLimited,1,pilot,S-W,modelRMS,1,1,1,-0.0274265801351267,-0.0274265801351267,-0.0274265801351267,2000
200,rateLimited,1,pilot,S-W,freezingRMS,1,1,1,2.94392336003208e-17,2.94392336003208e-17,2.94392336003208e-17,2000
200,rateLimited,1,pilot,S-W,totalRMS,1,1,1,-0.0274265801351267,-0.0274265801351267,-0.0274265801351267,2000
200,rateLimited,1,pilot,S-W,meanCrossTerm,1,1,1,1.22946149447596e-21,1.22946149447596e-21,1.22946149447596e-21,2000
200,rateLimited,1,pilot,S-R,modelRMS,1,1,1,-1.53426733120636e-05,-1.53426733120636e-05,-1.53426733120636e-05,2000
200,rateLimited,1,pilot,S-R,freezingRMS,1,1,1,2.68621931001993e-17,2.68621931001993e-17,2.68621931001993e-17,2000
200,rateLimited,1,pilot,S-R,totalRMS,1,1,1,-1.53426733120628e-05,-1.53426733120628e-05,-1.53426733120628e-05,2000
200,rateLimited,1,pilot,S-R,meanCrossTerm,1,1,1,5.51749961626828e-22,5.51749961626828e-22,5.51749961626828e-22,2000
200,rateLimited,1,pilot,R-P2,modelRMS,1,1,1,-0.000600941814587926,-0.000600941814587926,-0.000600941814587926,2000
200,rateLimited,1,pilot,R-P2,freezingRMS,1,1,1,-1.49761830132017e-18,-1.49761830132017e-18,-1.49761830132017e-18,2000
200,rateLimited,1,pilot,R-P2,totalRMS,1,1,1,-0.000600941814587925,-0.000600941814587925,-0.000600941814587925,2000
200,rateLimited,1,pilot,R-P2,meanCrossTerm,1,1,1,1.1921141847047e-21,1.1921141847047e-21,1.1921141847047e-21,2000
200,rateLimited,2,pilot,S-A,modelRMS,1,1,1,-0.0244890274073421,-0.0244890274073421,-0.0244890274073421,2000
200,rateLimited,2,pilot,S-A,freezingRMS,1,1,1,0.00303519363057021,0.00303519363057021,0.00303519363057021,2000
200,rateLimited,2,pilot,S-A,totalRMS,1,1,1,-0.0220968901077518,-0.0220968901077518,-0.0220968901077518,2000
200,rateLimited,2,pilot,S-A,meanCrossTerm,1,1,1,9.42023047376153e-07,9.42023047376153e-07,9.42023047376153e-07,2000
200,rateLimited,2,pilot,S-W,modelRMS,1,1,1,-0.0537306053284927,-0.0537306053284927,-0.0537306053284927,2000
200,rateLimited,2,pilot,S-W,freezingRMS,1,1,1,0.00016399750736271,0.00016399750736271,0.00016399750736271,2000
200,rateLimited,2,pilot,S-W,totalRMS,1,1,1,-0.0532480577472931,-0.0532480577472931,-0.0532480577472931,2000
200,rateLimited,2,pilot,S-W,meanCrossTerm,1,1,1,-0.000203205614037972,-0.000203205614037972,-0.000203205614037972,2000
200,rateLimited,2,pilot,S-R,modelRMS,1,1,1,-1.50103713323047e-05,-1.50103713323047e-05,-1.50103713323047e-05,2000
200,rateLimited,2,pilot,S-R,freezingRMS,1,1,1,-2.58399114373446e-05,-2.58399114373446e-05,-2.58399114373446e-05,2000
200,rateLimited,2,pilot,S-R,totalRMS,1,1,1,-0.000157902684362874,-0.000157902684362874,-0.000157902684362874,2000
200,rateLimited,2,pilot,S-R,meanCrossTerm,1,1,1,-8.87379703321879e-07,-8.87379703321879e-07,-8.87379703321879e-07,2000
200,rateLimited,2,pilot,R-P2,modelRMS,1,1,1,-0.000849709141748473,-0.000849709141748473,-0.000849709141748473,2000
200,rateLimited,2,pilot,R-P2,freezingRMS,1,1,1,-0.00041149589011023,-0.00041149589011023,-0.00041149589011023,2000
200,rateLimited,2,pilot,R-P2,totalRMS,1,1,1,-0.000995981228587104,-0.000995981228587104,-0.000995981228587104,2000
200,rateLimited,2,pilot,R-P2,meanCrossTerm,1,1,1,-2.90652358356234e-06,-2.90652358356234e-06,-2.90652358356234e-06,2000
200,rateLimited,5,pilot,S-A,modelRMS,1,1,1,-0.0356658533977978,-0.0356658533977978,-0.0356658533977978,2000
200,rateLimited,5,pilot,S-A,freezingRMS,1,1,1,0.0521649694399441,0.0521649694399441,0.0521649694399441,2000
200,rateLimited,5,pilot,S-A,totalRMS,1,1,1,0.0143085227899789,0.0143085227899789,0.0143085227899789,2000
200,rateLimited,5,pilot,S-A,meanCrossTerm,1,1,1,-5.06823717675853e-05,-5.06823717675853e-05,-5.06823717675853e-05,2000
200,rateLimited,5,pilot,S-W,modelRMS,1,1,1,-0.0819180822499136,-0.0819180822499136,-0.0819180822499136,2000
200,rateLimited,5,pilot,S-W,freezingRMS,1,1,1,0.00146185501345852,0.00146185501345852,0.00146185501345852,2000
200,rateLimited,5,pilot,S-W,totalRMS,1,1,1,-0.0595045795189342,-0.0595045795189342,-0.0595045795189342,2000
200,rateLimited,5,pilot,S-W,meanCrossTerm,1,1,1,-0.00285039057896283,-0.00285039057896283,-0.00285039057896283,2000
200,rateLimited,5,pilot,S-R,modelRMS,1,1,1,1.67938617764317e-05,1.67938617764317e-05,1.67938617764317e-05,2000
200,rateLimited,5,pilot,S-R,freezingRMS,1,1,1,-0.0004402857812804,-0.0004402857812804,-0.0004402857812804,2000
200,rateLimited,5,pilot,S-R,totalRMS,1,1,1,-0.000599243998561712,-0.000599243998561712,-0.000599243998561712,2000
200,rateLimited,5,pilot,S-R,meanCrossTerm,1,1,1,-1.62570264439399e-05,-1.62570264439399e-05,-1.62570264439399e-05,2000
200,rateLimited,5,pilot,R-P2,modelRMS,1,1,1,-0.0013636379389937,-0.0013636379389937,-0.0013636379389937,2000
200,rateLimited,5,pilot,R-P2,freezingRMS,1,1,1,-0.00193606972234264,-0.00193606972234264,-0.00193606972234264,2000
200,rateLimited,5,pilot,R-P2,totalRMS,1,1,1,-0.000898006672793425,-0.000898006672793425,-0.000898006672793425,2000
200,rateLimited,5,pilot,R-P2,meanCrossTerm,1,1,1,0.000119232144742998,0.000119232144742998,0.000119232144742998,2000
200,rateLimited,10,pilot,S-A,modelRMS,1,1,1,-0.0445490897058019,-0.0445490897058019,-0.0445490897058019,2000
200,rateLimited,10,pilot,S-A,freezingRMS,1,1,1,0.114186270508742,0.114186270508742,0.114186270508742,2000
200,rateLimited,10,pilot,S-A,totalRMS,1,1,1,0.0678151128681607,0.0678151128681607,0.0678151128681607,2000
200,rateLimited,10,pilot,S-A,meanCrossTerm,1,1,1,-6.73647899122896e-06,-6.73647899122896e-06,-6.73647899122896e-06,2000
200,rateLimited,10,pilot,S-W,modelRMS,1,1,1,-0.0900103225661227,-0.0900103225661227,-0.0900103225661227,2000
200,rateLimited,10,pilot,S-W,freezingRMS,1,1,1,0.00893866852395722,0.00893866852395722,0.00893866852395722,2000
200,rateLimited,10,pilot,S-W,totalRMS,1,1,1,-0.0240949484554898,-0.0240949484554898,-0.0240949484554898,2000
200,rateLimited,10,pilot,S-W,meanCrossTerm,1,1,1,0.000383225995126556,0.000383225995126556,0.000383225995126556,2000
200,rateLimited,10,pilot,S-R,modelRMS,1,1,1,-6.81981101797956e-05,-6.81981101797956e-05,-6.81981101797956e-05,2000
200,rateLimited,10,pilot,S-R,freezingRMS,1,1,1,-0.00102042680045347,-0.00102042680045347,-0.00102042680045347,2000
200,rateLimited,10,pilot,S-R,totalRMS,1,1,1,-0.000957432594431623,-0.000957432594431623,-0.000957432594431623,2000
200,rateLimited,10,pilot,S-R,meanCrossTerm,1,1,1,1.4790952818077e-05,1.4790952818077e-05,1.4790952818077e-05,2000
200,rateLimited,10,pilot,R-P2,modelRMS,1,1,1,-0.000919753169126529,-0.000919753169126529,-0.000919753169126529,2000
200,rateLimited,10,pilot,R-P2,freezingRMS,1,1,1,-0.000281422961813146,-0.000281422961813146,-0.000281422961813146,2000
200,rateLimited,10,pilot,R-P2,totalRMS,1,1,1,5.12091921382601e-05,5.12091921382601e-05,5.12091921382601e-05,2000
200,rateLimited,10,pilot,R-P2,meanCrossTerm,1,1,1,8.10066076568346e-05,8.10066076568346e-05,8.10066076568346e-05,2000
200,rateLimited,20,pilot,S-A,modelRMS,1,1,1,-0.0383560018340542,-0.0383560018340542,-0.0383560018340542,2000
200,rateLimited,20,pilot,S-A,freezingRMS,1,1,1,0.116191131590908,0.116191131590908,0.116191131590908,2000
200,rateLimited,20,pilot,S-A,totalRMS,1,1,1,0.0752979042736533,0.0752979042736533,0.0752979042736533,2000
200,rateLimited,20,pilot,S-A,meanCrossTerm,1,1,1,-0.000131124954137253,-0.000131124954137253,-0.000131124954137253,2000
200,rateLimited,20,pilot,S-W,modelRMS,1,1,1,-0.0844223700945004,-0.0844223700945004,-0.0844223700945004,2000
200,rateLimited,20,pilot,S-W,freezingRMS,1,1,1,-0.0221773847838305,-0.0221773847838305,-0.0221773847838305,2000
200,rateLimited,20,pilot,S-W,totalRMS,1,1,1,-0.0523913024199005,-0.0523913024199005,-0.0523913024199005,2000
200,rateLimited,20,pilot,S-W,meanCrossTerm,1,1,1,-0.00175379763095527,-0.00175379763095527,-0.00175379763095527,2000
200,rateLimited,20,pilot,S-R,modelRMS,1,1,1,-4.16032570190634e-05,-4.16032570190634e-05,-4.16032570190634e-05,2000
200,rateLimited,20,pilot,S-R,freezingRMS,1,1,1,-0.000979667147268756,-0.000979667147268756,-0.000979667147268756,2000
200,rateLimited,20,pilot,S-R,totalRMS,1,1,1,-0.00099311289091597,-0.00099311289091597,-0.00099311289091597,2000
200,rateLimited,20,pilot,S-R,meanCrossTerm,1,1,1,-1.89435101116664e-06,-1.89435101116664e-06,-1.89435101116664e-06,2000
200,rateLimited,20,pilot,R-P2,modelRMS,1,1,1,-0.00112415151020804,-0.00112415151020804,-0.00112415151020804,2000
200,rateLimited,20,pilot,R-P2,freezingRMS,1,1,1,-0.00028234586857645,-0.00028234586857645,-0.00028234586857645,2000
200,rateLimited,20,pilot,R-P2,totalRMS,1,1,1,-0.000337896568559273,-0.000337896568559273,-0.000337896568559273,2000
200,rateLimited,20,pilot,R-P2,meanCrossTerm,1,1,1,-6.86226082002406e-06,-6.86226082002406e-06,-6.86226082002406e-06,2000
25,held,1,confirmation,S-A,modelRMS,40,40,40,-0.0215169848154245,-0.0220571504994104,-0.0205817662666537,2000
25,held,1,confirmation,S-A,freezingRMS,40,40,40,2.34401558171998e-18,0,8.65894350410535e-18,2000
25,held,1,confirmation,S-A,totalRMS,40,40,40,-0.0215169848154245,-0.0220945406529968,-0.0205817662666537,2000
25,held,1,confirmation,S-A,meanCrossTerm,40,40,40,-1.50581623608091e-21,-1.13403025203908e-20,5.16893676480059e-21,2000
25,held,1,confirmation,S-W,modelRMS,40,40,40,-0.0472420428724497,-0.0476092093330123,-0.046102953144508,2000
25,held,1,confirmation,S-W,freezingRMS,40,40,40,1.93795657989502e-18,-1.78461582508535e-18,8.5044069517221e-18,2000
25,held,1,confirmation,S-W,totalRMS,40,40,40,-0.0472420428724497,-0.0476092093330123,-0.046102953144508,2000
25,held,1,confirmation,S-W,meanCrossTerm,40,40,40,5.59471581244501e-21,-7.22907079045343e-21,2.17005229048361e-20,2000
25,held,1,confirmation,S-R,modelRMS,40,40,40,-0.00118760264414962,-0.00195786609361357,-0.000675544593322234,2000
25,held,1,confirmation,S-R,freezingRMS,40,40,40,1.05959585343364e-17,5.57767476962358e-18,1.87542854802046e-17,2000
25,held,1,confirmation,S-R,totalRMS,40,40,40,-0.00118760264414962,-0.00196608189296915,-0.000675544593322233,2000
25,held,1,confirmation,S-R,meanCrossTerm,40,40,40,2.71393215561527e-22,-8.57688263655839e-22,2.28201569136087e-21,2000
25,held,1,confirmation,R-P2,modelRMS,40,40,40,-0.00118960741541506,-0.00192117701578957,-0.000614770325534932,2000
25,held,1,confirmation,R-P2,freezingRMS,40,40,40,-1.05141364299965e-17,-1.69349268471016e-17,-5.74714461166205e-18,2000
25,held,1,confirmation,R-P2,totalRMS,40,40,40,-0.00118960741541506,-0.00192117701578957,-0.000623284410216997,2000
25,held,1,confirmation,R-P2,meanCrossTerm,40,40,40,1.23241196973598e-21,-1.87087052193852e-21,6.56764654891596e-21,2000
25,held,2,confirmation,S-A,modelRMS,40,40,40,-0.0364355282613632,-0.0374496251078546,-0.0347080608132801,2000
25,held,2,confirmation,S-A,freezingRMS,40,40,40,1.59915894378704e-17,8.65355099224699e-18,2.11535113986659e-17,2000
25,held,2,confirmation,S-A,totalRMS,40,40,40,-0.0364355282613632,-0.037504787965436,-0.0346591997781926,2000
25,held,2,confirmation,S-A,meanCrossTerm,40,40,40,-4.89583074636911e-20,-2.84132260933005e-19,1.50196981944432e-19,2000
25,held,2,confirmation,S-W,modelRMS,40,40,40,-0.0830358793641075,-0.0837631178175004,-0.0807689898859597,2000
25,held,2,confirmation,S-W,freezingRMS,40,40,40,3.58347992107444e-19,-1.34828326990796e-18,2.43716467707927e-18,2000
25,held,2,confirmation,S-W,totalRMS,40,40,40,-0.0830358793641075,-0.0837631178175005,-0.0807689898859597,2000
25,held,2,confirmation,S-W,meanCrossTerm,40,40,40,-8.20581972760449e-19,-1.56104560971946e-18,2.28650102222871e-19,2000
25,held,2,confirmation,S-R,modelRMS,40,40,40,-0.00203575441201893,-0.00347306516786323,-0.0011465192509905,2000
25,held,2,confirmation,S-R,freezingRMS,40,40,40,7.46720084183941e-18,3.40719324013292e-18,1.18325052496738e-17,2000
25,held,2,confirmation,S-R,totalRMS,40,40,40,-0.00203575441201892,-0.00347306516786323,-0.0011465192509905,2000
25,held,2,confirmation,S-R,meanCrossTerm,40,40,40,-4.8885248978983e-21,-2.6534168296588e-20,3.41138001198253e-20,2000
25,held,2,confirmation,R-P2,modelRMS,40,40,40,-0.00175570141841711,-0.00238372821138971,-0.000897769034021125,2000
25,held,2,confirmation,R-P2,freezingRMS,40,40,40,-0.000185446815742068,-0.000212385093140422,-0.000136081287977008,2000
25,held,2,confirmation,R-P2,totalRMS,40,40,40,-0.00173058456362403,-0.00234395297851555,-0.000886675984884567,2000
25,held,2,confirmation,R-P2,meanCrossTerm,40,40,40,2.12960291548192e-07,-8.156955923473e-08,4.38300503065795e-07,2000
25,held,5,confirmation,S-A,modelRMS,40,40,40,-0.0603840056709305,-0.0629984525720061,-0.0575170426436287,2000
25,held,5,confirmation,S-A,freezingRMS,40,40,40,3.12940414106714e-17,1.74650274292283e-17,4.34805236520059e-17,2000
25,held,5,confirmation,S-A,totalRMS,40,40,40,-0.0603840056709305,-0.0629984525720061,-0.0575170426436287,2000
25,held,5,confirmation,S-A,meanCrossTerm,40,40,40,-6.22450846447574e-19,-1.59397868188815e-18,1.1992190876445e-18,2000
25,held,5,confirmation,S-W,modelRMS,40,40,40,-0.151907592382964,-0.153412470587166,-0.147357956732214,2000
25,held,5,confirmation,S-W,freezingRMS,40,40,40,-9.7994892689366e-18,-1.59062258232772e-17,-1.02631888574896e-18,2000
25,held,5,confirmation,S-W,totalRMS,40,40,40,-0.151907592382964,-0.15340438705981,-0.147290503384757,2000
25,held,5,confirmation,S-W,meanCrossTerm,40,40,40,-1.53063735462534e-19,-1.86117410967656e-18,1.49127116885133e-18,2000
25,held,5,confirmation,S-R,modelRMS,40,40,40,-0.00305215952705497,-0.00574710939677014,-0.00193492826581893,2000
25,held,5,confirmation,S-R,freezingRMS,40,40,40,8.43428344238855e-18,-9.77411478019679e-19,1.92197520890616e-17,2000
25,held,5,confirmation,S-R,totalRMS,40,40,40,-0.00305215952705494,-0.00540343335276963,-0.00193492826581892,2000
25,held,5,confirmation,S-R,meanCrossTerm,40,40,40,6.52549180410154e-20,-9.38937921421047e-20,1.24469303841091e-19,2000
25,held,5,confirmation,R-P2,modelRMS,40,40,40,-0.00234619975974007,-0.00312720478692889,-0.00132643126622682,2000
25,held,5,confirmation,R-P2,freezingRMS,40,40,40,-0.00173051087090975,-0.00201213809920802,-0.00127969407991575,2000
25,held,5,confirmation,R-P2,totalRMS,40,40,40,-0.00287865094802132,-0.00327684659891997,-0.00208303331163459,2000
25,held,5,confirmation,R-P2,meanCrossTerm,40,40,40,1.077204856408e-06,-3.33663472327299e-06,3.74019764653105e-06,2000
25,held,10,confirmation,S-A,modelRMS,40,40,40,-0.0718818260954747,-0.0751294091282244,-0.0686151596407194,2000
25,held,10,confirmation,S-A,freezingRMS,40,40,40,3.78582593590024e-17,2.01727297279987e-17,4.42462170853321e-17,2000
25,held,10,confirmation,S-A,totalRMS,40,40,40,-0.0718818260954747,-0.0751294091282244,-0.0686982936804393,2000
25,held,10,confirmation,S-A,meanCrossTerm,40,40,40,-2.26688373708699e-19,-3.0743908623036e-18,2.70994686568069e-18,2000
25,held,10,confirmation,S-W,modelRMS,40,40,40,-0.198591718492743,-0.202354567264659,-0.192933965843638,2000
25,held,10,confirmation,S-W,freezingRMS,40,40,40,-1.3642265768106e-17,-2.52226771889544e-17,-3.11948030972221e-18,2000
25,held,10,confirmation,S-W,totalRMS,40,40,40,-0.198591718492743,-0.202354567264659,-0.192933965843638,2000
25,held,10,confirmation,S-W,meanCrossTerm,40,40,40,-5.02610345254417e-19,-1.05458585861931e-17,6.1248661509733e-18,2000
25,held,10,confirmation,S-R,modelRMS,40,40,40,-0.00361232538198846,-0.00659786987146342,-0.00209650882801489,2000
25,held,10,confirmation,S-R,freezingRMS,40,40,40,4.57214429522127e-18,-3.11941856382199e-18,1.58051458950053e-17,2000
25,held,10,confirmation,S-R,totalRMS,40,40,40,-0.00361232538198846,-0.0065978698714634,-0.00207640804960494,2000
25,held,10,confirmation,S-R,meanCrossTerm,40,40,40,1.22414646077998e-19,-7.58737617430264e-20,2.62705853282377e-19,2000
25,held,10,confirmation,R-P2,modelRMS,40,40,40,-0.00276620321160768,-0.00441444106973079,-0.00151587039596046,2000
25,held,10,confirmation,R-P2,freezingRMS,40,40,40,-0.00361506409489633,-0.00441059932111641,-0.00260797483112692,2000
25,held,10,confirmation,R-P2,totalRMS,40,40,40,-0.00414782409729723,-0.0049402299556277,-0.0027651749347632,2000
25,held,10,confirmation,R-P2,meanCrossTerm,40,40,40,6.38150060856625e-06,-5.26081164946674e-06,1.1217009861875e-05,2000
25,held,20,confirmation,S-A,modelRMS,40,40,40,-0.0741419642311278,-0.0776172331008849,-0.0710482239181399,2000
25,held,20,confirmation,S-A,freezingRMS,40,40,40,4.68260185139699e-17,2.32530359784866e-17,6.0253335313666e-17,2000
25,held,20,confirmation,S-A,totalRMS,40,40,40,-0.0741419642311279,-0.0776172331008849,-0.0710482239181399,2000
25,held,20,confirmation,S-A,meanCrossTerm,40,40,40,6.85893701114417e-19,-1.69381257074938e-18,2.6746248223969e-18,2000
25,held,20,confirmation,S-W,modelRMS,40,40,40,-0.21587208578241,-0.22139265620699,-0.210263033685941,2000
25,held,20,confirmation,S-W,freezingRMS,40,40,40,-3.18970040865554e-17,-6.20535243143065e-17,-1.34174999897495e-17,2000
25,held,20,confirmation,S-W,totalRMS,40,40,40,-0.21587208578241,-0.220842574180534,-0.210263033685941,2000
25,held,20,confirmation,S-W,meanCrossTerm,40,40,40,-1.3109277555444e-17,-1.88101499295821e-17,-6.55983932575067e-18,2000
25,held,20,confirmation,S-R,modelRMS,40,40,40,-0.00369595559435822,-0.00680940139291217,-0.00205084151530268,2000
25,held,20,confirmation,S-R,freezingRMS,40,40,40,6.10081649344022e-18,-6.82646492129257e-18,2.80965769929686e-17,2000
25,held,20,confirmation,S-R,totalRMS,40,40,40,-0.00369595559435822,-0.00680835852148047,-0.00208662756389926,2000
25,held,20,confirmation,S-R,meanCrossTerm,40,40,40,1.19190956717842e-19,-1.13506123022983e-19,2.53337818030287e-19,2000
25,held,20,confirmation,R-P2,modelRMS,40,40,40,-0.00302605491038823,-0.00459606246933381,-0.0015678051176359,2000
25,held,20,confirmation,R-P2,freezingRMS,40,40,40,-0.00431618783288291,-0.00521645930658791,-0.00320486197688825,2000
25,held,20,confirmation,R-P2,totalRMS,40,40,40,-0.00460006669098753,-0.00545623084600355,-0.00309033644323719,2000
25,held,20,confirmation,R-P2,meanCrossTerm,40,40,40,4.4812454984369e-06,-8.43522094640208e-06,1.77081244459134e-05,2000
25,rateLimited,1,confirmation,S-A,modelRMS,40,40,40,-0.0215169848154245,-0.0220945406529968,-0.0205817662666537,2000
25,rateLimited,1,confirmation,S-A,freezingRMS,40,40,40,2.34401558171998e-18,0,8.65894350410535e-18,2000
25,rateLimited,1,confirmation,S-A,totalRMS,40,40,40,-0.0215169848154245,-0.0220541058615786,-0.0205817662666537,2000
25,rateLimited,1,confirmation,S-A,meanCrossTerm,40,40,40,-1.50581623608091e-21,-1.11383900580691e-20,5.66527136579105e-21,2000
25,rateLimited,1,confirmation,S-W,modelRMS,40,40,40,-0.0472420428724497,-0.0476092093330123,-0.0460654050481907,2000
25,rateLimited,1,confirmation,S-W,freezingRMS,40,40,40,1.93795657989502e-18,-1.78461582508535e-18,8.5044069517221e-18,2000
25,rateLimited,1,confirmation,S-W,totalRMS,40,40,40,-0.0472420428724497,-0.0476092093330123,-0.046102953144508,2000
25,rateLimited,1,confirmation,S-W,meanCrossTerm,40,40,40,5.59471581244501e-21,-1.02472971453544e-20,2.08220958073135e-20,2000
25,rateLimited,1,confirmation,S-R,modelRMS,40,40,40,-0.00118760264414962,-0.00196608189296915,-0.000675544593322234,2000
25,rateLimited,1,confirmation,S-R,freezingRMS,40,40,40,1.05959585343364e-17,5.76243773904167e-18,1.87542854802046e-17,2000
25,rateLimited,1,confirmation,S-R,totalRMS,40,40,40,-0.00118760264414962,-0.00195786609361357,-0.000681139423328355,2000
25,rateLimited,1,confirmation,S-R,meanCrossTerm,40,40,40,2.71393215561527e-22,-8.57688263655839e-22,2.28201569136087e-21,2000
25,rateLimited,1,confirmation,R-P2,modelRMS,40,40,40,-0.00118960741541506,-0.00192117701578957,-0.000623284410216997,2000
25,rateLimited,1,confirmation,R-P2,freezingRMS,40,40,40,-1.05141364299965e-17,-1.71365875627504e-17,-5.74714461166205e-18,2000
25,rateLimited,1,confirmation,R-P2,totalRMS,40,40,40,-0.00118960741541506,-0.00192117701578957,-0.000766598557506897,2000
25,rateLimited,1,confirmation,R-P2,meanCrossTerm,40,40,40,1.23241196973598e-21,-1.87087052193852e-21,6.56764654891596e-21,2000
25,rateLimited,2,confirmation,S-A,modelRMS,40,40,40,-0.0340531918322939,-0.0349065467245285,-0.0326869718683656,2000
25,rateLimited,2,confirmation,S-A,freezingRMS,40,40,40,0.00288984160439789,0.00287570139587594,0.00291322501387381,2000
25,rateLimited,2,confirmation,S-A,totalRMS,40,40,40,-0.0329894054271339,-0.0334430473025537,-0.0321596991689013,2000
25,rateLimited,2,confirmation,S-A,meanCrossTerm,40,40,40,-3.20574535747344e-06,-5.30445718106958e-06,1.1625669029422e-06,2000
25,rateLimited,2,confirmation,S-W,modelRMS,40,40,40,-0.0777414681686251,-0.0787687832769614,-0.075938609320885,2000
25,rateLimited,2,confirmation,S-W,freezingRMS,40,40,40,-0.000287707658057641,-0.000293427071893768,-0.000277474550073743,2000
25,rateLimited,2,confirmation,S-W,totalRMS,40,40,40,-0.0766244096781473,-0.0778198184182432,-0.075619474107205,2000
25,rateLimited,2,confirmation,S-W,meanCrossTerm,40,40,40,-3.20140392827876e-05,-3.57861611960307e-05,-2.5967230544957e-05,2000
25,rateLimited,2,confirmation,S-R,modelRMS,40,40,40,-0.00151833179919973,-0.0030084110431904,-0.000981253065805941,2000
25,rateLimited,2,confirmation,S-R,freezingRMS,40,40,40,-5.83548231540079e-05,-0.000167015799910129,0.000168557969719281,2000
25,rateLimited,2,confirmation,S-R,totalRMS,40,40,40,-0.00111193905855476,-0.00221373704593702,-0.000739385172207998,2000
25,rateLimited,2,confirmation,S-R,meanCrossTerm,40,40,40,5.77266666817502e-07,8.50039536041131e-08,1.25719492984133e-06,2000
25,rateLimited,2,confirmation,R-P2,modelRMS,40,40,40,-0.00186673566786354,-0.00291262819378347,-0.00096024947115017,2000
25,rateLimited,2,confirmation,R-P2,freezingRMS,40,40,40,-0.000307175044032537,-0.00052804649783303,-4.24253893014678e-05,2000
25,rateLimited,2,confirmation,R-P2,totalRMS,40,40,40,-0.0014622315072802,-0.00220985403462137,-0.000716273629237377,2000
25,rateLimited,2,confirmation,R-P2,meanCrossTerm,40,40,40,4.62018511154879e-06,2.6191514151201e-06,6.51191137920496e-06,2000
25,rateLimited,5,confirmation,S-A,modelRMS,40,40,40,-0.0645377922405097,-0.0662548068421582,-0.0617685979337218,2000
25,rateLimited,5,confirmation,S-A,freezingRMS,40,40,40,0.043941548281042,0.0436236452799438,0.0440491808715225,2000
25,rateLimited,5,confirmation,S-A,totalRMS,40,40,40,-0.0245229348110855,-0.0254552056739107,-0.023513756722931,2000
25,rateLimited,5,confirmation,S-A,meanCrossTerm,40,40,40,-6.77866560190222e-05,-0.000113278151457973,2.53022134024311e-05,2000
25,rateLimited,5,confirmation,S-W,modelRMS,40,40,40,-0.160790924089301,-0.162300741516845,-0.157087347886726,2000
25,rateLimited,5,confirmation,S-W,freezingRMS,40,40,40,-0.00657257777823809,-0.00679083907989406,-0.00652833645334443,2000
25,rateLimited,5,confirmation,S-W,totalRMS,40,40,40,-0.118804871053666,-0.12061631871808,-0.11729573114911,2000
25,rateLimited,5,confirmation,S-W,meanCrossTerm,40,40,40,0.00293081325790699,0.00268536047971021,0.00314986242500888,2000
25,rateLimited,5,confirmation,S-R,modelRMS,40,40,40,-0.00337864065177565,-0.00615242839088184,-0.00175773274100166,2000
25,rateLimited,5,confirmation,S-R,freezingRMS,40,40,40,-0.000824153213597627,-0.00228689434236489,0.0024376194486533,2000
25,rateLimited,5,confirmation,S-R,totalRMS,40,40,40,-0.000585695850625692,-0.00184842562468615,0.00189723708171874,2000
25,rateLimited,5,confirmation,S-R,meanCrossTerm,40,40,40,2.57544474166743e-05,-4.82755768844246e-05,6.27987677964109e-05,2000
25,rateLimited,5,confirmation,R-P2,modelRMS,40,40,40,-0.00228074882323304,-0.00304844986605311,-0.00101682503989128,2000
25,rateLimited,5,confirmation,R-P2,freezingRMS,40,40,40,-0.00527585981216488,-0.00711418784151165,-0.00325142318662065,2000
25,rateLimited,5,confirmation,R-P2,totalRMS,40,40,40,-0.00415057661984271,-0.00646783501196958,-0.00311689352497085,2000
25,rateLimited,5,confirmation,R-P2,meanCrossTerm,40,40,40,7.83186945475828e-05,5.31550888907158e-05,9.29869725095323e-05,2000
25,rateLimited,10,confirmation,S-A,modelRMS,40,40,40,-0.0415650606134589,-0.0429282590914194,-0.0407961436218601,2000
25,rateLimited,10,confirmation,S-A,freezingRMS,40,40,40,0.0654056596402248,0.065096201584757,0.0657043412082431,2000
25,rateLimited,10,confirmation,S-A,totalRMS,40,40,40,0.0190528408418737,0.0185841861641191,0.0198837582544555,2000
25,rateLimited,10,confirmation,S-A,meanCrossTerm,40,40,40,-5.6044288747925e-05,-0.000106145029621748,2.42290144977522e-05,2000
25,rateLimited,10,confirmation,S-W,modelRMS,40,40,40,-0.108499164893147,-0.110228882496219,-0.105895228183577,2000
25,rateLimited,10,confirmation,S-W,freezingRMS,40,40,40,-0.0107322960443844,-0.0108515091600632,-0.0105777435264486,2000
25,rateLimited,10,confirmation,S-W,totalRMS,40,40,40,-0.0668905640683494,-0.0680728473465757,-0.06596071486131,2000
25,rateLimited,10,confirmation,S-W,meanCrossTerm,40,40,40,0.000876833859762032,0.000774254014773135,0.00103336449783496,2000
25,rateLimited,10,confirmation,S-R,modelRMS,40,40,40,-0.00153980978544116,-0.00337652647828759,-0.000853693764327745,2000
25,rateLimited,10,confirmation,S-R,freezingRMS,40,40,40,-0.00122918597896071,-0.00356700075300664,0.00368622537382486,2000
25,rateLimited,10,confirmation,S-R,totalRMS,40,40,40,-0.00115945935606206,-0.00341208248819118,0.00349551333628741,2000
25,rateLimited,10,confirmation,S-R,meanCrossTerm,40,40,40,9.61232613208442e-06,-3.77555529181754e-06,2.48961930453385e-05,2000
25,rateLimited,10,confirmation,R-P2,modelRMS,40,40,40,-0.00250519188784343,-0.0030969157743334,-0.00185089220800714,2000
25,rateLimited,10,confirmation,R-P2,freezingRMS,40,40,40,-0.00699943956864695,-0.0122712430780977,-0.00412116382568652,2000
25,rateLimited,10,confirmation,R-P2,totalRMS,40,40,40,-0.00695330378034265,-0.0114961432393021,-0.00398237047945835,2000
25,rateLimited,10,confirmation,R-P2,meanCrossTerm,40,40,40,6.76431571551537e-05,3.96821754927708e-05,0.000109438234105282,2000
25,rateLimited,20,confirmation,S-A,modelRMS,40,40,40,-0.0588210019485648,-0.0615492839633216,-0.0555433935763392,2000
25,rateLimited,20,confirmation,S-A,freezingRMS,40,40,40,0.119702386933795,0.118957920630524,0.120238901316201,2000
25,rateLimited,20,confirmation,S-A,totalRMS,40,40,40,0.0569916270681815,0.0564266460105821,0.0572902904220694,2000
25,rateLimited,20,confirmation,S-A,meanCrossTerm,40,40,40,-0.000199986399745421,-0.000333140662531338,7.63403325128816e-05,2000
25,rateLimited,20,confirmation,S-W,modelRMS,40,40,40,-0.152637233452752,-0.153950333610309,-0.147530431043183,2000
25,rateLimited,20,confirmation,S-W,freezingRMS,40,40,40,-0.0106378870572513,-0.0109256868717144,-0.0104373173472231,2000
25,rateLimited,20,confirmation,S-W,totalRMS,40,40,40,-0.0354190895331316,-0.0363719605415342,-0.0346050803762526,2000
25,rateLimited,20,confirmation,S-W,meanCrossTerm,40,40,40,0.0171542661697724,0.0163180919100101,0.0174525098200261,2000
25,rateLimited,20,confirmation,S-R,modelRMS,40,40,40,-0.00268814153838105,-0.00546660729782469,-0.00164046313465893,2000
25,rateLimited,20,confirmation,S-R,freezingRMS,40,40,40,-0.00229425615545072,-0.00695608544623814,0.00718877756924954,2000
25,rateLimited,20,confirmation,S-R,totalRMS,40,40,40,-0.00170525236062313,-0.00538121455348153,0.00587653356929604,2000
25,rateLimited,20,confirmation,S-R,meanCrossTerm,40,40,40,0.000149169307599165,-0.000327272827002419,0.000438529207123375,2000
25,rateLimited,20,confirmation,R-P2,modelRMS,40,40,40,-0.00149532493657835,-0.00239928738087842,-0.000570733471901547,2000
25,rateLimited,20,confirmation,R-P2,freezingRMS,40,40,40,-0.016295923586868,-0.020598805846213,-0.00988906096426722,2000
25,rateLimited,20,confirmation,R-P2,totalRMS,40,40,40,-0.0150064172222794,-0.0196955029202683,-0.00850004102195613,2000
25,rateLimited,20,confirmation,R-P2,meanCrossTerm,40,40,40,0.0003009894021052,0.00023004153751722,0.000400741234472593,2000
50,held,1,confirmation,S-A,modelRMS,40,40,40,-0.022990440845035,-0.0236004273151006,-0.0222264849975647,2000
50,held,1,confirmation,S-A,freezingRMS,40,40,40,6.47535877473944e-18,1.13864015044792e-18,1.10763322589353e-17,2000
50,held,1,confirmation,S-A,totalRMS,40,40,40,-0.022990440845035,-0.0235991083996249,-0.0222264849975647,2000
50,held,1,confirmation,S-A,meanCrossTerm,40,40,40,1.51054404053315e-21,-7.88011662179393e-21,8.94058860515176e-21,2000
50,held,1,confirmation,S-W,modelRMS,40,40,40,-0.0499112353330047,-0.0505439141681549,-0.0493110323654056,2000
50,held,1,confirmation,S-W,freezingRMS,40,40,40,2.57723373009566e-18,-8.80542796016568e-19,6.68642572244516e-18,2000
50,held,1,confirmation,S-W,totalRMS,40,40,40,-0.0499112353330047,-0.0505439141681549,-0.0493110323654056,2000
50,held,1,confirmation,S-W,meanCrossTerm,40,40,40,2.03761069027048e-21,-1.37709682611556e-20,3.96991401109156e-20,2000
50,held,1,confirmation,S-R,modelRMS,40,40,40,-0.000378747289153551,-0.00102463615246784,-1.21648686523431e-05,2000
50,held,1,confirmation,S-R,freezingRMS,40,40,40,1.19988957907241e-17,6.74013697278236e-18,1.60570616954511e-17,2000
50,held,1,confirmation,S-R,totalRMS,40,40,40,-0.00037874728915355,-0.00110001202117729,-1.31487839131037e-05,2000
50,held,1,confirmation,S-R,meanCrossTerm,40,40,40,3.69391830668269e-22,-2.32665649109154e-21,2.59651075545275e-21,2000
50,held,1,confirmation,R-P2,modelRMS,40,40,40,-0.000243211679788231,-0.000657886221097729,-9.6899521059797e-05,2000
50,held,1,confirmation,R-P2,freezingRMS,40,40,40,-1.29734962225254e-17,-1.82254167127528e-17,-6.50172262127009e-18,2000
50,held,1,confirmation,R-P2,totalRMS,40,40,40,-0.000243211679788232,-0.000657886221097724,-9.68995210597961e-05,2000
50,held,1,confirmation,R-P2,meanCrossTerm,40,40,40,3.13662997379769e-22,-2.36075669019849e-21,5.9103462703094e-21,2000
50,held,2,confirmation,S-A,modelRMS,40,40,40,-0.0387509210326024,-0.0398987080746124,-0.0374679494553457,2000
50,held,2,confirmation,S-A,freezingRMS,40,40,40,1.71779886368835e-17,9.8128902042178e-18,2.18881478340354e-17,2000
50,held,2,confirmation,S-A,totalRMS,40,40,40,-0.0387509210326024,-0.0398985761768955,-0.0374679494553457,2000
50,held,2,confirmation,S-A,meanCrossTerm,40,40,40,-1.48285406961719e-19,-6.65117527855129e-19,2.42048213287207e-19,2000
50,held,2,confirmation,S-W,modelRMS,40,40,40,-0.0879460470179038,-0.0892406542222977,-0.0867996206326911,2000
50,held,2,confirmation,S-W,freezingRMS,40,40,40,-2.96622609894463e-18,-4.84537472809837e-18,4.74589676169656e-18,2000
50,held,2,confirmation,S-W,totalRMS,40,40,40,-0.0879460470179039,-0.0892406542222977,-0.0869503312821924,2000
50,held,2,confirmation,S-W,meanCrossTerm,40,40,40,-5.47456686253198e-20,-1.67511845473974e-18,9.07597655386502e-19,2000
50,held,2,confirmation,S-R,modelRMS,40,40,40,-0.000658194926953315,-0.0018588716156132,-2.64658539921156e-05,2000
50,held,2,confirmation,S-R,freezingRMS,40,40,40,2.8687356383151e-18,-1.9959341546605e-18,1.08762778032893e-17,2000
50,held,2,confirmation,S-R,totalRMS,40,40,40,-0.000658194926953322,-0.00180933574851169,-2.64658539921326e-05,2000
50,held,2,confirmation,S-R,meanCrossTerm,40,40,40,-9.36274572469538e-21,-2.1481259546068e-20,1.57244933722713e-20,2000
50,held,2,confirmation,R-P2,modelRMS,40,40,40,-0.000440679794119422,-0.000827101820153139,-0.000138185689454834,2000
50,held,2,confirmation,R-P2,freezingRMS,40,40,40,-0.000105022009476529,-0.0001228035736166,-6.55793949123764e-05,2000
50,held,2,confirmation,R-P2,totalRMS,40,40,40,-0.000458276883197248,-0.000752957959600425,-0.000155029166428047,2000
50,held,2,confirmation,R-P2,meanCrossTerm,40,40,40,-6.06647439802476e-08,-2.01633366684227e-07,2.92366132974484e-08,2000
50,held,5,confirmation,S-A,modelRMS,40,40,40,-0.0639981673933631,-0.0664628943911623,-0.0623493895486121,2000
50,held,5,confirmation,S-A,freezingRMS,40,40,40,3.13424238190497e-17,1.83673209566076e-17,3.98771325279345e-17,2000
50,held,5,confirmation,S-A,totalRMS,40,40,40,-0.0639981673933631,-0.0664628943911624,-0.0622633391576891,2000
50,held,5,confirmation,S-A,meanCrossTerm,40,40,40,-1.18629688478174e-18,-2.15380317631508e-18,-2.03953938010467e-19,2000
50,held,5,confirmation,S-W,modelRMS,40,40,40,-0.162542343816358,-0.16525278007693,-0.160611590033521,2000
50,held,5,confirmation,S-W,freezingRMS,40,40,40,-9.90310143795046e-18,-2.36080085409963e-17,-9.94935952789971e-19,2000
50,held,5,confirmation,S-W,totalRMS,40,40,40,-0.162542343816358,-0.16525278007693,-0.160611590033521,2000
50,held,5,confirmation,S-W,meanCrossTerm,40,40,40,-4.67829103906731e-18,-8.19042209770167e-18,-9.74953886050352e-19,2000
50,held,5,confirmation,S-R,modelRMS,40,40,40,-0.00110445655590233,-0.00283601660452323,-0.000259852680602212,2000
50,held,5,confirmation,S-R,freezingRMS,40,40,40,2.0348411559179e-18,-8.1684433739084e-18,8.04293328588792e-18,2000
50,held,5,confirmation,S-R,totalRMS,40,40,40,-0.0011044565559023,-0.00287556924231721,-0.000238861875881547,2000
50,held,5,confirmation,S-R,meanCrossTerm,40,40,40,-7.59123423930312e-20,-1.39921731138591e-19,2.71176772344565e-22,2000
50,held,5,confirmation,R-P2,modelRMS,40,40,40,-0.000671500508740684,-0.00105589132743793,-0.000115054374208543,2000
50,held,5,confirmation,R-P2,freezingRMS,40,40,40,-0.00100037146240073,-0.00120067817585343,-0.000613046809933873,2000
50,held,5,confirmation,R-P2,totalRMS,40,40,40,-0.000936912605410459,-0.00146323781875941,-0.000477768523633281,2000
50,held,5,confirmation,R-P2,meanCrossTerm,40,40,40,-1.25879206400479e-06,-3.16651150046314e-06,6.35824191773613e-09,2000
50,held,10,confirmation,S-A,modelRMS,40,40,40,-0.0761936743191069,-0.0791984221502263,-0.0742467802888849,2000
50,held,10,confirmation,S-A,freezingRMS,40,40,40,3.93598118310039e-17,2.54207579694117e-17,4.8636457864617e-17,2000
50,held,10,confirmation,S-A,totalRMS,40,40,40,-0.0761936743191069,-0.0791984221502264,-0.0742467802888849,2000
50,held,10,confirmation,S-A,meanCrossTerm,40,40,40,-3.09631374091137e-18,-4.83487841909913e-18,9.30846682290808e-19,2000
50,held,10,confirmation,S-W,modelRMS,40,40,40,-0.216242390492726,-0.220133900888252,-0.213976803766303,2000
50,held,10,confirmation,S-W,freezingRMS,40,40,40,-1.56019307298335e-17,-3.25013098203225e-17,-7.02689362450218e-18,2000
50,held,10,confirmation,S-W,totalRMS,40,40,40,-0.216242390492726,-0.220133900888253,-0.213913000594682,2000
50,held,10,confirmation,S-W,meanCrossTerm,40,40,40,-3.83031183740129e-18,-1.2378170663959e-17,2.40901654244869e-18,2000
50,held,10,confirmation,S-R,modelRMS,40,40,40,-0.00140615577892563,-0.00341134913752014,-0.000525053864230042,2000
50,held,10,confirmation,S-R,freezingRMS,40,40,40,8.27816893774591e-18,1.02134276455313e-18,1.85556715125323e-17,2000
50,held,10,confirmation,S-R,totalRMS,40,40,40,-0.00140615577892558,-0.00340158911355766,-0.000511563625669427,2000
50,held,10,confirmation,S-R,meanCrossTerm,40,40,40,-1.12107134047202e-19,-1.67057324366835e-19,1.29657805362828e-20,2000
50,held,10,confirmation,R-P2,modelRMS,40,40,40,-0.000759396803183132,-0.00158449774659051,-8.05888768715428e-05,2000
50,held,10,confirmation,R-P2,freezingRMS,40,40,40,-0.00209860704095373,-0.00251074613566169,-0.00129476744497538,2000
50,held,10,confirmation,R-P2,totalRMS,40,40,40,-0.00180776549943372,-0.00237336812225138,-0.000732472779375384,2000
50,held,10,confirmation,R-P2,meanCrossTerm,40,40,40,-2.74274780175448e-06,-7.90122176913368e-06,1.33005353644026e-07,2000
50,held,20,confirmation,S-A,modelRMS,40,40,40,-0.0787123397123129,-0.0817968519434654,-0.0768159071694605,2000
50,held,20,confirmation,S-A,freezingRMS,40,40,40,4.64049201254438e-17,2.72653341796997e-17,5.71652019845201e-17,2000
50,held,20,confirmation,S-A,totalRMS,40,40,40,-0.0787123397123128,-0.0817968519434655,-0.0768159071694605,2000
50,held,20,confirmation,S-A,meanCrossTerm,40,40,40,-3.27627574036149e-18,-4.03760027855246e-18,4.99774871182283e-19,2000
50,held,20,confirmation,S-W,modelRMS,40,40,40,-0.238317339685412,-0.242800944591803,-0.23569161986243,2000
50,held,20,confirmation,S-W,freezingRMS,40,40,40,-6.18070738958097e-17,-7.02761864887326e-17,-3.26108821113703e-17,2000
50,held,20,confirmation,S-W,totalRMS,40,40,40,-0.238317339685412,-0.242800944591804,-0.235692118564116,2000
50,held,20,confirmation,S-W,meanCrossTerm,40,40,40,-9.85109213651981e-18,-3.64112492097536e-17,2.09205284498412e-17,2000
50,held,20,confirmation,S-R,modelRMS,40,40,40,-0.00147662513620166,-0.00339359066615997,-0.000602524781705397,2000
50,held,20,confirmation,S-R,freezingRMS,40,40,40,1.74831062382553e-17,5.00493809093132e-18,2.4502177231457e-17,2000
50,held,20,confirmation,S-R,totalRMS,40,40,40,-0.00147662513620163,-0.00339359066615994,-0.000602524781705434,2000
50,held,20,confirmation,S-R,meanCrossTerm,40,40,40,-1.17931739358941e-19,-1.94059528360326e-19,3.76621268419287e-20,2000
50,held,20,confirmation,R-P2,modelRMS,40,40,40,-0.000717972266385734,-0.0015996813575922,-0.000102546751915851,2000
50,held,20,confirmation,R-P2,freezingRMS,40,40,40,-0.00249338157749343,-0.00301543117676183,-0.00155174326182946,2000
50,held,20,confirmation,R-P2,totalRMS,40,40,40,-0.00205685213554893,-0.00265709355686945,-0.000896263608300568,2000
50,held,20,confirmation,R-P2,meanCrossTerm,40,40,40,-3.12973980889636e-06,-9.55897343387195e-06,7.66858188309541e-07,2000
50,rateLimited,1,confirmation,S-A,modelRMS,40,40,40,-0.022990440845035,-0.0235824909673446,-0.0222368959144707,2000
50,rateLimited,1,confirmation,S-A,freezingRMS,40,40,40,6.47535877473944e-18,1.13864015044792e-18,1.10763322589353e-17,2000
50,rateLimited,1,confirmation,S-A,totalRMS,40,40,40,-0.022990440845035,-0.0235991083996249,-0.0222264849975647,2000
50,rateLimited,1,confirmation,S-A,meanCrossTerm,40,40,40,1.51054404053315e-21,-7.45455068551619e-21,8.94058860515176e-21,2000
50,rateLimited,1,confirmation,S-W,modelRMS,40,40,40,-0.0499112353330047,-0.0505439141681549,-0.0493110323654056,2000
50,rateLimited,1,confirmation,S-W,freezingRMS,40,40,40,2.57723373009566e-18,-6.07280072701146e-19,6.68642572244516e-18,2000
50,rateLimited,1,confirmation,S-W,totalRMS,40,40,40,-0.0499112353330047,-0.0505439572012639,-0.0493110323654056,2000
50,rateLimited,1,confirmation,S-W,meanCrossTerm,40,40,40,2.03761069027048e-21,-1.37709682611556e-20,4.55640127245074e-20,2000
50,rateLimited,1,confirmation,S-R,modelRMS,40,40,40,-0.000378747289153551,-0.00110001202117729,-1.21648686523431e-05,2000
50,rateLimited,1,confirmation,S-R,freezingRMS,40,40,40,1.19988957907241e-17,6.74013697278236e-18,1.60628306562919e-17,2000
50,rateLimited,1,confirmation,S-R,totalRMS,40,40,40,-0.00037874728915355,-0.00110001202117729,-1.21648686523426e-05,2000
50,rateLimited,1,confirmation,S-R,meanCrossTerm,40,40,40,3.69391830668269e-22,-2.32430384647992e-21,2.59651075545275e-21,2000
50,rateLimited,1,confirmation,R-P2,modelRMS,40,40,40,-0.000243211679788231,-0.000659996225745545,-9.43896939552013e-05,2000
50,rateLimited,1,confirmation,R-P2,freezingRMS,40,40,40,-1.29734962225254e-17,-1.82254167127528e-17,-6.50172262127009e-18,2000
50,rateLimited,1,confirmation,R-P2,totalRMS,40,40,40,-0.000243211679788232,-0.000657886221097724,-9.68995210597961e-05,2000
50,rateLimited,1,confirmation,R-P2,meanCrossTerm,40,40,40,3.13662997379769e-22,-2.36075669019849e-21,5.9103462703094e-21,2000
50,rateLimited,2,confirmation,S-A,modelRMS,40,40,40,-0.0366447788425408,-0.0374332306698197,-0.0353497843164332,2000
50,rateLimited,2,confirmation,S-A,freezingRMS,40,40,40,0.00287911275357431,0.00286640946751185,0.0028973613015855,2000
50,rateLimited,2,confirmation,S-A,totalRMS,40,40,40,-0.0351483883580049,-0.0354705866553956,-0.0346869415525602,2000
50,rateLimited,2,confirmation,S-A,meanCrossTerm,40,40,40,-1.86151420975553e-06,-3.96832845107409e-06,4.85295423282503e-07,2000
50,rateLimited,2,confirmation,S-W,modelRMS,40,40,40,-0.0829593534475211,-0.0838154241367601,-0.0818721421036873,2000
50,rateLimited,2,confirmation,S-W,freezingRMS,40,40,40,-0.000285343063256611,-0.000293240801392909,-0.000279245479610757,2000
50,rateLimited,2,confirmation,S-W,totalRMS,40,40,40,-0.0819533432674282,-0.082307605039517,-0.0812206351690722,2000
50,rateLimited,2,confirmation,S-W,meanCrossTerm,40,40,40,-3.23777810503469e-05,-3.62870880354052e-05,-2.99411512146179e-05,2000
50,rateLimited,2,confirmation,S-R,modelRMS,40,40,40,-0.000539649229270366,-0.00156530793169387,-4.630045497334e-05,2000
50,rateLimited,2,confirmation,S-R,freezingRMS,40,40,40,-8.92314491942963e-06,-0.000100363396847892,5.9887500462587e-05,2000
50,rateLimited,2,confirmation,S-R,totalRMS,40,40,40,-0.000276224157127605,-0.00108901796962351,-1.78683208250366e-05,2000
50,rateLimited,2,confirmation,S-R,meanCrossTerm,40,40,40,2.58186976284456e-07,-5.41973783179904e-08,6.86906004691387e-07,2000
50,rateLimited,2,confirmation,R-P2,modelRMS,40,40,40,-0.000415419333890053,-0.000947468664101718,-0.000247415297079008,2000
50,rateLimited,2,confirmation,R-P2,freezingRMS,40,40,40,-0.000161361271788118,-0.00037416171634093,6.57918678237607e-06,2000
50,rateLimited,2,confirmation,R-P2,totalRMS,40,40,40,-0.000358577089609922,-0.000580139339173948,-0.000225507097149936,2000
50,rateLimited,2,confirmation,R-P2,meanCrossTerm,40,40,40,1.77262516183049e-06,1.37127995445552e-06,2.9325243189807e-06,2000
50,rateLimited,5,confirmation,S-A,modelRMS,40,40,40,-0.0683967860519927,-0.0702252161313906,-0.0666562224201415,2000
50,rateLimited,5,confirmation,S-A,freezingRMS,40,40,40,0.0438020020392632,0.0435859758171723,0.0439972342378517,2000
50,rateLimited,5,confirmation,S-A,totalRMS,40,40,40,-0.0274544013812964,-0.0281870114478879,-0.0267728655291987,2000
50,rateLimited,5,confirmation,S-A,meanCrossTerm,40,40,40,-3.06938770355464e-05,-8.90935415018151e-05,1.97889450611862e-05,2000
50,rateLimited,5,confirmation,S-W,modelRMS,40,40,40,-0.17201648959358,-0.17438875515626,-0.169800620942046,2000
50,rateLimited,5,confirmation,S-W,freezingRMS,40,40,40,-0.00698459533654128,-0.0070691822867682,-0.00687361348787869,2000
50,rateLimited,5,confirmation,S-W,totalRMS,40,40,40,-0.128981923160971,-0.129753851094665,-0.128211986311909,2000
50,rateLimited,5,confirmation,S-W,meanCrossTerm,40,40,40,0.00327695094898747,0.00317558959476914,0.00345712891250063,2000
50,rateLimited,5,confirmation,S-R,modelRMS,40,40,40,-0.00110144410166585,-0.00308015883744494,-0.000262402944070968,2000
50,rateLimited,5,confirmation,S-R,freezingRMS,40,40,40,-0.000119408270624767,-0.0014454798665628,0.000980259812900293,2000
50,rateLimited,5,confirmation,S-R,totalRMS,40,40,40,-4.48690898747113e-05,-0.00112308765737412,0.000756161096853149,2000
50,rateLimited,5,confirmation,S-R,meanCrossTerm,40,40,40,6.9896322378167e-06,-1.72907805930771e-05,3.85056245865469e-05,2000
50,rateLimited,5,confirmation,R-P2,modelRMS,40,40,40,-0.00055832812213976,-0.00109832428050732,-0.000177140670421363,2000
50,rateLimited,5,confirmation,R-P2,freezingRMS,40,40,40,-0.00226593833917316,-0.00285012330056771,-0.000650537908047699,2000
50,rateLimited,5,confirmation,R-P2,totalRMS,40,40,40,-0.0019008753568652,-0.00247154329358305,-0.00078159390083532,2000
50,rateLimited,5,confirmation,R-P2,meanCrossTerm,40,40,40,2.62120177156145e-05,1.05289234039688e-05,5.2321360730511e-05,2000
50,rateLimited,10,confirmation,S-A,modelRMS,40,40,40,-0.0448624834395382,-0.0455870209979211,-0.0433376843352712,2000
50,rateLimited,10,confirmation,S-A,freezingRMS,40,40,40,0.0652107025227729,0.0650720763747376,0.0655231396722019,2000
50,rateLimited,10,confirmation,S-A,totalRMS,40,40,40,0.0177164279826164,0.0171136346152085,0.0182547649165746,2000
50,rateLimited,10,confirmation,S-A,meanCrossTerm,40,40,40,-2.61435188248009e-05,-6.65970468524461e-05,3.79295104143066e-05,2000
50,rateLimited,10,confirmation,S-W,modelRMS,40,40,40,-0.118411293213584,-0.119816676026581,-0.116322897574892,2000
50,rateLimited,10,confirmation,S-W,freezingRMS,40,40,40,-0.0112538021179417,-0.0113471500976477,-0.0112131431562556,2000
50,rateLimited,10,confirmation,S-W,totalRMS,40,40,40,-0.0755067725865663,-0.0760084215067639,-0.0745211825063663,2000
50,rateLimited,10,confirmation,S-W,meanCrossTerm,40,40,40,0.000672811954724116,0.000605030099580023,0.000814337292184351,2000
50,rateLimited,10,confirmation,S-R,modelRMS,40,40,40,-0.000789757069589703,-0.00144619193567597,-0.000308343075031759,2000
50,rateLimited,10,confirmation,S-R,freezingRMS,40,40,40,-0.000185122981642791,-0.00213856093385024,0.00143534344096618,2000
50,rateLimited,10,confirmation,S-R,totalRMS,40,40,40,-0.000166164437657913,-0.00207738237658207,0.00138258844469728,2000
50,rateLimited,10,confirmation,S-R,meanCrossTerm,40,40,40,4.36339072764531e-06,-4.2801715125705e-06,1.28309040654707e-05,2000
50,rateLimited,10,confirmation,R-P2,modelRMS,40,40,40,-0.0011197161426205,-0.00134958228531941,-0.000666378816938833,2000
50,rateLimited,10,confirmation,R-P2,freezingRMS,40,40,40,-0.00377336248831365,-0.00586727747458673,5.71264077323802e-06,2000
50,rateLimited,10,confirmation,R-P2,totalRMS,40,40,40,-0.00357054688224379,-0.00541398177785391,-1.35953717717782e-05,2000
50,rateLimited,10,confirmation,R-P2,meanCrossTerm,40,40,40,3.52958124215188e-05,9.72055088282601e-06,7.61502110910654e-05,2000
50,rateLimited,20,confirmation,S-A,modelRMS,40,40,40,-0.0634448801178415,-0.0655427371057117,-0.0614590070872418,2000
50,rateLimited,20,confirmation,S-A,freezingRMS,40,40,40,0.119665133970126,0.119025566729878,0.120184537785379,2000
50,rateLimited,20,confirmation,S-A,totalRMS,40,40,40,0.0531017275902629,0.0527928823684894,0.0535620892397701,2000
50,rateLimited,20,confirmation,S-A,meanCrossTerm,40,40,40,-0.00012918581763154,-0.000254532151979949,2.99548996203032e-05,2000
50,rateLimited,20,confirmation,S-W,modelRMS,40,40,40,-0.166022486994536,-0.168970738359182,-0.16393750563948,2000
50,rateLimited,20,confirmation,S-W,freezingRMS,40,40,40,-0.0148370792706616,-0.015055126064105,-0.0146386438778616,2000
50,rateLimited,20,confirmation,S-W,totalRMS,40,40,40,-0.0473645273162955,-0.0482095759917023,-0.0468301930221077,2000
50,rateLimited,20,confirmation,S-W,meanCrossTerm,40,40,40,0.018591900708542,0.0181214574843051,0.0192125948837997,2000
50,rateLimited,20,confirmation,S-R,modelRMS,40,40,40,-0.00103869326187733,-0.00275466334322604,-9.71149502113707e-06,2000
50,rateLimited,20,confirmation,S-R,freezingRMS,40,40,40,-0.00030427008068331,-0.00412775545971562,0.0025969931882571,2000
50,rateLimited,20,confirmation,S-R,totalRMS,40,40,40,-0.000168020493805585,-0.00319130313314465,0.00210971439724107,2000
50,rateLimited,20,confirmation,S-R,meanCrossTerm,40,40,40,3.32184425490665e-05,-0.000127794190030218,0.000242647361772738,2000
50,rateLimited,20,confirmation,R-P2,modelRMS,40,40,40,-0.000517044608279422,-0.000958691815312446,-0.000239150051173991,2000
50,rateLimited,20,confirmation,R-P2,freezingRMS,40,40,40,-0.00662816458229507,-0.00805779369093577,-0.00200314521217854,2000
50,rateLimited,20,confirmation,R-P2,totalRMS,40,40,40,-0.00583139301155226,-0.00777957349694058,-0.00165079219909325,2000
50,rateLimited,20,confirmation,R-P2,meanCrossTerm,40,40,40,0.000100340959986593,6.83974364982646e-05,0.0001240389868404,2000
100,held,1,confirmation,S-A,modelRMS,40,40,40,-0.0206663288898902,-0.0208261141337553,-0.0203372776801524,2000
100,held,1,confirmation,S-A,freezingRMS,40,40,40,5.11803588896187e-18,1.999690472054e-20,1.38230943281781e-17,2000
100,held,1,confirmation,S-A,totalRMS,40,40,40,-0.0206663288898902,-0.0208304388141176,-0.0203372776801524,2000
100,held,1,confirmation,S-A,meanCrossTerm,40,40,40,-1.43912253201817e-20,-2.81505342377998e-20,9.60155267667205e-23,2000
100,held,1,confirmation,S-W,modelRMS,40,40,40,-0.0433969800667128,-0.0435398414262117,-0.04309394114411,2000
100,held,1,confirmation,S-W,freezingRMS,40,40,40,8.2775361129953e-18,-1.53824590359898e-18,1.24108288717115e-17,2000
100,held,1,confirmation,S-W,totalRMS,40,40,40,-0.0433969800667128,-0.0435390427377838,-0.0430880453524925,2000
100,held,1,confirmation,S-W,meanCrossTerm,40,40,40,-4.59598439282331e-22,-4.08084110833744e-20,4.13958283563408e-20,2000
100,held,1,confirmation,S-R,modelRMS,40,40,40,-0.000132768678639698,-0.000323962619459458,-6.22534755869579e-05,2000
100,held,1,confirmation,S-R,freezingRMS,40,40,40,1.7170768137708e-17,8.61913182363744e-18,2.39977922417823e-17,2000
100,held,1,confirmation,S-R,totalRMS,40,40,40,-0.000132768678639699,-0.000327501082935642,-6.22534755869566e-05,2000
100,held,1,confirmation,S-R,meanCrossTerm,40,40,40,1.12676447925285e-22,-6.9304205542601e-22,1.66658965316626e-21,2000
100,held,1,confirmation,R-P2,modelRMS,40,40,40,-0.000100845983137769,-0.000162947164703073,-3.2533372610501e-05,2000
100,held,1,confirmation,R-P2,freezingRMS,40,40,40,-1.12859748413883e-17,-1.8600258199076e-17,-6.42245272437555e-18,2000
100,held,1,confirmation,R-P2,totalRMS,40,40,40,-0.000100845983137768,-0.000171544310855071,-3.25333726105015e-05,2000
100,held,1,confirmation,R-P2,meanCrossTerm,40,40,40,-1.5968074439768e-21,-4.47063570023932e-21,8.45687312292292e-23,2000
100,held,2,confirmation,S-A,modelRMS,40,40,40,-0.0344504164837582,-0.0346136447061422,-0.0340941634748663,2000
100,held,2,confirmation,S-A,freezingRMS,40,40,40,8.17112250478636e-18,2.8788562482609e-18,1.24675267311624e-17,2000
100,held,2,confirmation,S-A,totalRMS,40,40,40,-0.0344504164837582,-0.0346071400939061,-0.0340941634748663,2000
100,held,2,confirmation,S-A,meanCrossTerm,40,40,40,3.02005487087873e-21,-1.84332205911377e-19,3.13076997446543e-19,2000
100,held,2,confirmation,S-W,modelRMS,40,40,40,-0.0748932645760571,-0.0750854663136942,-0.0746957518295686,2000
100,held,2,confirmation,S-W,freezingRMS,40,40,40,-2.59010174767129e-18,-8.15381785775495e-18,4.45639287861001e-18,2000
100,held,2,confirmation,S-W,totalRMS,40,40,40,-0.0748932645760571,-0.0750832582389218,-0.0746955148167762,2000
100,held,2,confirmation,S-W,meanCrossTerm,40,40,40,-2.25436084869739e-19,-1.01193419556131e-18,1.46952947164017e-19,2000
100,held,2,confirmation,S-R,modelRMS,40,40,40,-0.000232209045794142,-0.000593919318039565,-0.000106181280415273,2000
100,held,2,confirmation,S-R,freezingRMS,40,40,40,3.09860975303858e-18,-3.94260339874834e-18,7.84888149538336e-18,2000
100,held,2,confirmation,S-R,totalRMS,40,40,40,-0.000232209045794145,-0.000621038190443939,-0.000106181280415274,2000
100,held,2,confirmation,S-R,meanCrossTerm,40,40,40,-7.05395188675316e-21,-1.55343121625272e-20,6.08047225087126e-21,2000
100,held,2,confirmation,R-P2,modelRMS,40,40,40,-0.000168181075815078,-0.000320697041055204,-0.00010134023581332,2000
100,held,2,confirmation,R-P2,freezingRMS,40,40,40,-7.82116328811979e-05,-9.34728395662911e-05,-5.55142267409395e-05,2000
100,held,2,confirmation,R-P2,totalRMS,40,40,40,-0.000191954389118708,-0.000326027761473083,-0.000124571296094032,2000
100,held,2,confirmation,R-P2,meanCrossTerm,40,40,40,-5.4006924834661e-08,-8.98504618064892e-08,-1.76759272506967e-08,2000
100,held,5,confirmation,S-A,modelRMS,40,40,40,-0.0564856930187425,-0.0566345610561512,-0.0557351465534515,2000
100,held,5,confirmation,S-A,freezingRMS,40,40,40,1.7099741720872e-17,3.83437904106235e-18,2.40347832116867e-17,2000
100,held,5,confirmation,S-A,totalRMS,40,40,40,-0.0564856930187425,-0.0566345610561511,-0.0557351465534514,2000
100,held,5,confirmation,S-A,meanCrossTerm,40,40,40,1.43762286344686e-19,-1.10421402038414e-18,1.58823889618164e-18,2000
100,held,5,confirmation,S-W,modelRMS,40,40,40,-0.137028266049809,-0.13738150606261,-0.136393598671229,2000
100,held,5,confirmation,S-W,freezingRMS,40,40,40,-1.24925892849544e-17,-2.51688048128579e-17,-2.30679725552093e-18,2000
100,held,5,confirmation,S-W,totalRMS,40,40,40,-0.137028266049809,-0.137416043089576,-0.136393598671229,2000
100,held,5,confirmation,S-W,meanCrossTerm,40,40,40,-1.80403466128518e-18,-6.53073130483922e-18,1.92884834096803e-18,2000
100,held,5,confirmation,S-R,modelRMS,40,40,40,-0.000413121957241942,-0.000997520256482881,-0.000183480691454842,2000
100,held,5,confirmation,S-R,freezingRMS,40,40,40,-2.16966480833031e-19,-1.12039716808097e-17,7.85118386559452e-18,2000
100,held,5,confirmation,S-R,totalRMS,40,40,40,-0.000413121957241952,-0.000997520256482861,-0.000174885755232792,2000
100,held,5,confirmation,S-R,meanCrossTerm,40,40,40,-1.94465667240296e-20,-3.93700453335919e-20,6.63302977028505e-21,2000
100,held,5,confirmation,R-P2,modelRMS,40,40,40,-0.000340760970711226,-0.000717421132083768,-0.000171328920866919,2000
100,held,5,confirmation,R-P2,freezingRMS,40,40,40,-0.000742958332508958,-0.000897013277463744,-0.000528566812031352,2000
100,held,5,confirmation,R-P2,totalRMS,40,40,40,-0.000726085733598292,-0.00101676917097581,-0.000315806707512923,2000
100,held,5,confirmation,R-P2,meanCrossTerm,40,40,40,-1.1166159567386e-06,-2.08409353460446e-06,-1.77307145990712e-07,2000
100,held,10,confirmation,S-A,modelRMS,40,40,40,-0.067422545698385,-0.0677746319210251,-0.066366884949584,2000
100,held,10,confirmation,S-A,freezingRMS,40,40,40,1.80871138147717e-17,1.80789201737369e-18,3.89547323251239e-17,2000
100,held,10,confirmation,S-A,totalRMS,40,40,40,-0.067422545698385,-0.067774631921025,-0.066366884949584,2000
100,held,10,confirmation,S-A,meanCrossTerm,40,40,40,3.34056444905943e-19,-2.60539858176578e-18,3.11807955311435e-18,2000
100,held,10,confirmation,S-W,modelRMS,40,40,40,-0.186155332152211,-0.186737006982111,-0.184636625394268,2000
100,held,10,confirmation,S-W,freezingRMS,40,40,40,-3.39831900686901e-17,-5.07005405914049e-17,-1.68175509670853e-17,2000
100,held,10,confirmation,S-W,totalRMS,40,40,40,-0.186155332152211,-0.186737088065131,-0.184561137745573,2000
100,held,10,confirmation,S-W,meanCrossTerm,40,40,40,-3.24211802908656e-18,-1.05258438916474e-17,3.95494073663095e-18,2000
100,held,10,confirmation,S-R,modelRMS,40,40,40,-0.000525590105211666,-0.00117269892739238,-0.000224065888512246,2000
100,held,10,confirmation,S-R,freezingRMS,40,40,40,1.01338338164155e-18,-1.94872314892538e-17,1.34745009823738e-17,2000
100,held,10,confirmation,S-R,totalRMS,40,40,40,-0.000525590105211663,-0.00117269892739234,-0.000224065888512223,2000
100,held,10,confirmation,S-R,meanCrossTerm,40,40,40,8.35870398685546e-21,-4.49540055587368e-20,8.32945628001456e-20,2000
100,held,10,confirmation,R-P2,modelRMS,40,40,40,-0.000486449105435962,-0.000894164982200207,-0.000270883186732749,2000
100,held,10,confirmation,R-P2,freezingRMS,40,40,40,-0.00155854864677879,-0.00189483974338862,-0.00111895401528499,2000
100,held,10,confirmation,R-P2,totalRMS,40,40,40,-0.00119590764046809,-0.00188568641677728,-0.000683729504232353,2000
100,held,10,confirmation,R-P2,meanCrossTerm,40,40,40,-2.82651274529008e-06,-5.51309735169427e-06,-7.45269420840067e-08,2000
100,held,20,confirmation,S-A,modelRMS,40,40,40,-0.0697218994962873,-0.0701655719782472,-0.0686511125393981,2000
100,held,20,confirmation,S-A,freezingRMS,40,40,40,1.70080983861262e-17,3.67000159113789e-18,3.70435829103498e-17,2000
100,held,20,confirmation,S-A,totalRMS,40,40,40,-0.0697218994962873,-0.070153190751771,-0.0686511125393981,2000
100,held,20,confirmation,S-A,meanCrossTerm,40,40,40,-1.427335596368e-18,-2.59369963870288e-18,2.522995622809e-18,2000
100,held,20,confirmation,S-W,modelRMS,40,40,40,-0.209045417017774,-0.209720735736636,-0.206767574183291,2000
100,held,20,confirmation,S-W,freezingRMS,40,40,40,-5.42759352466771e-17,-8.39570267136714e-17,-3.4395116363813e-17,2000
100,held,20,confirmation,S-W,totalRMS,40,40,40,-0.209045417017774,-0.209720735736636,-0.206767574183291,2000
100,held,20,confirmation,S-W,meanCrossTerm,40,40,40,6.7202176730143e-18,-8.254750777751e-18,2.42529515471625e-17,2000
100,held,20,confirmation,S-R,modelRMS,40,40,40,-0.000557735402835007,-0.00124249837696914,-0.000232978666286749,2000
100,held,20,confirmation,S-R,freezingRMS,40,40,40,-8.81843539129779e-18,-2.23631184625253e-17,7.4558920406688e-18,2000
100,held,20,confirmation,S-R,totalRMS,40,40,40,-0.000557735402835021,-0.00124249837696911,-0.000232978666286737,2000
100,held,20,confirmation,S-R,meanCrossTerm,40,40,40,-1.26392028473757e-20,-7.60209505109972e-20,4.22704971113831e-20,2000
100,held,20,confirmation,R-P2,modelRMS,40,40,40,-0.000552935359786702,-0.000938728431940175,-0.000330573933510271,2000
100,held,20,confirmation,R-P2,freezingRMS,40,40,40,-0.00185130150731633,-0.00225890119562671,-0.001336435939417,2000
100,held,20,confirmation,R-P2,totalRMS,40,40,40,-0.00151382420209015,-0.00213009501704104,-0.000861975039812525,2000
100,held,20,confirmation,R-P2,meanCrossTerm,40,40,40,-3.22132460432828e-06,-6.36107988853413e-06,-6.51381753630852e-08,2000
100,rateLimited,1,confirmation,S-A,modelRMS,40,40,40,-0.0206663288898902,-0.0208304388141176,-0.0203372776801524,2000
100,rateLimited,1,confirmation,S-A,freezingRMS,40,40,40,5.11803588896187e-18,0,1.34896990279462e-17,2000
100,rateLimited,1,confirmation,S-A,totalRMS,40,40,40,-0.0206663288898902,-0.0208304388141176,-0.0203372776801524,2000
100,rateLimited,1,confirmation,S-A,meanCrossTerm,40,40,40,-1.43912253201817e-20,-2.97297776246568e-20,9.60155267667205e-23,2000
100,rateLimited,1,confirmation,S-W,modelRMS,40,40,40,-0.0433969800667128,-0.0435390427377838,-0.04309394114411,2000
100,rateLimited,1,confirmation,S-W,freezingRMS,40,40,40,8.2775361129953e-18,-1.53824590359898e-18,1.29243978744481e-17,2000
100,rateLimited,1,confirmation,S-W,totalRMS,40,40,40,-0.0433969800667128,-0.0435383307793096,-0.04309394114411,2000
100,rateLimited,1,confirmation,S-W,meanCrossTerm,40,40,40,-4.59598439282331e-22,-3.72436691208735e-20,3.21164306190792e-20,2000
100,rateLimited,1,confirmation,S-R,modelRMS,40,40,40,-0.000132768678639698,-0.000327501082935644,-6.22534755869579e-05,2000
100,rateLimited,1,confirmation,S-R,freezingRMS,40,40,40,1.7170768137708e-17,8.39431408918072e-18,2.39977922417823e-17,2000
100,rateLimited,1,confirmation,S-R,totalRMS,40,40,40,-0.000132768678639699,-0.000327501082935642,-6.22534755869566e-05,2000
100,rateLimited,1,confirmation,S-R,meanCrossTerm,40,40,40,1.12676447925285e-22,-7.58321291455776e-22,1.66658965316626e-21,2000
100,rateLimited,1,confirmation,R-P2,modelRMS,40,40,40,-0.000100845983137769,-0.000171544310855072,-3.2533372610501e-05,2000
100,rateLimited,1,confirmation,R-P2,freezingRMS,40,40,40,-1.12859748413883e-17,-1.86708184398939e-17,-6.42245272437555e-18,2000
100,rateLimited,1,confirmation,R-P2,totalRMS,40,40,40,-0.000100845983137768,-0.000171544310855071,-3.25333726105015e-05,2000
100,rateLimited,1,confirmation,R-P2,meanCrossTerm,40,40,40,-1.5968074439768e-21,-4.47063570023932e-21,8.45687312292292e-23,2000
100,rateLimited,2,confirmation,S-A,modelRMS,40,40,40,-0.033048753929189,-0.0333607913372313,-0.0323355936467566,2000
100,rateLimited,2,confirmation,S-A,freezingRMS,40,40,40,0.00288159262076323,0.00287308721816182,0.00289464927496978,2000
100,rateLimited,2,confirmation,S-A,totalRMS,40,40,40,-0.0309719172068811,-0.0311766504530517,-0.0307803715844491,2000
100,rateLimited,2,confirmation,S-A,meanCrossTerm,40,40,40,-7.95052633001996e-07,-1.36843453385548e-06,5.88868289048578e-07,2000
100,rateLimited,2,confirmation,S-W,modelRMS,40,40,40,-0.0726743454806704,-0.0728980350048349,-0.0720443311735032,2000
100,rateLimited,2,confirmation,S-W,freezingRMS,40,40,40,9.18470778208309e-05,8.69842945227816e-05,9.88018759854246e-05,2000
100,rateLimited,2,confirmation,S-W,totalRMS,40,40,40,-0.0712244357584962,-0.0715692555434463,-0.0711129541990304,2000
100,rateLimited,2,confirmation,S-W,meanCrossTerm,40,40,40,-0.000104346980714384,-0.000106849594564343,-0.000103296814356702,2000
100,rateLimited,2,confirmation,S-R,modelRMS,40,40,40,-0.00025872373695646,-0.000471607232121036,-9.48665376666066e-05,2000
100,rateLimited,2,confirmation,S-R,freezingRMS,40,40,40,3.57808691229689e-05,5.54876132885453e-06,9.75731627439614e-05,2000
100,rateLimited,2,confirmation,S-R,totalRMS,40,40,40,-4.15585240148666e-05,-0.00014618671918788,4.3013586593453e-05,2000
100,rateLimited,2,confirmation,S-R,meanCrossTerm,40,40,40,3.76309297636079e-07,1.17201109086372e-07,8.22073402421801e-07,2000
100,rateLimited,2,confirmation,R-P2,modelRMS,40,40,40,-0.000217981558365047,-0.000381096437516639,-0.000107280625928711,2000
100,rateLimited,2,confirmation,R-P2,freezingRMS,40,40,40,-1.79806956484409e-05,-0.000130385771813541,4.11750749781149e-05,2000
100,rateLimited,2,confirmation,R-P2,totalRMS,40,40,40,-7.16132677511985e-05,-0.000192789620552863,8.39340574336754e-05,2000
100,rateLimited,2,confirmation,R-P2,meanCrossTerm,40,40,40,2.84028696828987e-07,-6.01053819646818e-07,1.9560776557058e-06,2000
100,rateLimited,5,confirmation,S-A,modelRMS,40,40,40,-0.0602005609408029,-0.0607773070218296,-0.0597394185485801,2000
100,rateLimited,5,confirmation,S-A,freezingRMS,40,40,40,0.0438326329422432,0.043726351174064,0.0440059143628691,2000
100,rateLimited,5,confirmation,S-A,totalRMS,40,40,40,-0.0179727502060034,-0.0180288978440898,-0.0176424302616904,2000
100,rateLimited,5,confirmation,S-A,meanCrossTerm,40,40,40,-9.72657384825464e-06,-2.98880752260603e-05,1.17501591490158e-05,2000
100,rateLimited,5,confirmation,S-W,modelRMS,40,40,40,-0.144351337676204,-0.144663313975227,-0.143745006133684,2000
100,rateLimited,5,confirmation,S-W,freezingRMS,40,40,40,-0.00312860645926926,-0.00317314834025951,-0.00306553492143787,2000
100,rateLimited,5,confirmation,S-W,totalRMS,40,40,40,-0.108082793444354,-0.108373724929258,-0.10789761358129,2000
100,rateLimited,5,confirmation,S-W,meanCrossTerm,40,40,40,0.000343036145313632,0.000259130516543657,0.000355877201846205,2000
100,rateLimited,5,confirmation,S-R,modelRMS,40,40,40,-0.000469980587075423,-0.00114003627274369,-0.000145357488471792,2000
100,rateLimited,5,confirmation,S-R,freezingRMS,40,40,40,0.000521203212545021,8.10271453395312e-05,0.00141717193885665,2000
100,rateLimited,5,confirmation,S-R,totalRMS,40,40,40,0.000518196870785716,9.2804455410541e-05,0.00134131614166987,2000
100,rateLimited,5,confirmation,S-R,meanCrossTerm,40,40,40,-4.0766960913514e-07,-1.91052767542238e-06,1.28792423172403e-06,2000
100,rateLimited,5,confirmation,R-P2,modelRMS,40,40,40,-0.000267686821647682,-0.000449479570662758,-0.000125983404407451,2000
100,rateLimited,5,confirmation,R-P2,freezingRMS,40,40,40,-0.000314611237995536,-0.00135589020162117,0.000461730799300116,2000
100,rateLimited,5,confirmation,R-P2,totalRMS,40,40,40,-0.000196389703453891,-0.00119682227037519,0.000209497565449073,2000
100,rateLimited,5,confirmation,R-P2,meanCrossTerm,40,40,40,5.69072811164372e-06,-9.15223012137379e-06,1.85599101128877e-05,2000
100,rateLimited,10,confirmation,S-A,modelRMS,40,40,40,-0.0416913992548902,-0.0419593963055876,-0.0408951148536566,2000
100,rateLimited,10,confirmation,S-A,freezingRMS,40,40,40,0.065293695022956,0.065160898996219,0.0655116894260491,2000
100,rateLimited,10,confirmation,S-A,totalRMS,40,40,40,0.0220114786178719,0.0217078300775656,0.0221454797954206,2000
100,rateLimited,10,confirmation,S-A,meanCrossTerm,40,40,40,-2.07556575111873e-05,-5.11797308867261e-05,3.58165219319578e-05,2000
100,rateLimited,10,confirmation,S-W,modelRMS,40,40,40,-0.105004118372048,-0.10546504714291,-0.104228670861813,2000
100,rateLimited,10,confirmation,S-W,freezingRMS,40,40,40,-0.00938730708970329,-0.0094652840027421,-0.00926897841395196,2000
100,rateLimited,10,confirmation,S-W,totalRMS,40,40,40,-0.0746182989958269,-0.0750983061357871,-0.0743547186035302,2000
100,rateLimited,10,confirmation,S-W,meanCrossTerm,40,40,40,-0.00269800668984582,-0.00275292740095501,-0.00260531837765965,2000
100,rateLimited,10,confirmation,S-R,modelRMS,40,40,40,-0.000195235141325657,-0.000528623839525127,-7.32602321722518e-05,2000
100,rateLimited,10,confirmation,S-R,freezingRMS,40,40,40,0.000755302362647814,0.000117553674209479,0.00206281756987639,2000
100,rateLimited,10,confirmation,S-R,totalRMS,40,40,40,0.000859671492993944,0.000137746312518693,0.00232578745895197,2000
100,rateLimited,10,confirmation,S-R,meanCrossTerm,40,40,40,1.28760134487907e-05,2.66808629070565e-06,3.34309530749488e-05,2000
100,rateLimited,10,confirmation,R-P2,modelRMS,40,40,40,-0.000671390785669652,-0.00093714974494653,-0.000169846873524084,2000
100,rateLimited,10,confirmation,R-P2,freezingRMS,40,40,40,-0.00101889893617895,-0.00223139036860217,0.000868926701879345,2000
100,rateLimited,10,confirmation,R-P2,totalRMS,40,40,40,-0.000973594913913883,-0.00219393560031189,0.000706050052235591,2000
100,rateLimited,10,confirmation,R-P2,meanCrossTerm,40,40,40,5.59190257015166e-06,-1.78987094705429e-05,2.99037724747805e-05,2000
100,rateLimited,20,confirmation,S-A,modelRMS,40,40,40,-0.0541454629937294,-0.054669329253478,-0.0536772575298824,2000
100,rateLimited,20,confirmation,S-A,freezingRMS,40,40,40,0.119825680269685,0.119709772535414,0.120027235469573,2000
100,rateLimited,20,confirmation,S-A,totalRMS,40,40,40,0.064142709944783,0.0638066427903742,0.0643247744850853,2000
100,rateLimited,20,confirmation,S-A,meanCrossTerm,40,40,40,-4.46050451631988e-05,-9.08639488841427e-05,3.32503725485883e-05,2000
100,rateLimited,20,confirmation,S-W,modelRMS,40,40,40,-0.132275625849919,-0.132574201396035,-0.13156800754058,2000
100,rateLimited,20,confirmation,S-W,freezingRMS,40,40,40,-0.00771190820849001,-0.00781987937382518,-0.00764542691240608,2000
100,rateLimited,20,confirmation,S-W,totalRMS,40,40,40,-0.046357224473752,-0.0468515735142804,-0.0455863943386937,2000
100,rateLimited,20,confirmation,S-W,meanCrossTerm,40,40,40,0.00651576513294272,0.00633042718546523,0.00669357412379989,2000
100,rateLimited,20,confirmation,S-R,modelRMS,40,40,40,-0.000382504540444353,-0.000833390802944808,-8.94607943303044e-05,2000
100,rateLimited,20,confirmation,S-R,freezingRMS,40,40,40,0.0015320602862388,0.000253979348933384,0.0041344890682142,2000
100,rateLimited,20,confirmation,S-R,totalRMS,40,40,40,0.0013459978095501,0.000241202185630021,0.0035834533829798,2000
100,rateLimited,20,confirmation,S-R,meanCrossTerm,40,40,40,-4.48366680219e-05,-0.000128383033306711,-2.25045319404674e-06,2000
100,rateLimited,20,confirmation,R-P2,modelRMS,40,40,40,-0.000252232930985562,-0.000360634349789404,-4.45238579404879e-05,2000
100,rateLimited,20,confirmation,R-P2,freezingRMS,40,40,40,-0.000681659198281954,-0.00397515038475002,0.00111732455398769,2000
100,rateLimited,20,confirmation,R-P2,totalRMS,40,40,40,-0.000483469064369607,-0.00403095803243918,0.00120979403173607,2000
100,rateLimited,20,confirmation,R-P2,meanCrossTerm,40,40,40,2.26366455338356e-06,-2.71030468876186e-05,2.00447360085246e-05,2000
200,held,1,confirmation,S-A,modelRMS,40,40,40,-0.0167515430002175,-0.0168704979876468,-0.0166634443296158,2000
200,held,1,confirmation,S-A,freezingRMS,40,40,40,8.59224238639221e-18,4.81893862866593e-18,1.3605990959825e-17,2000
200,held,1,confirmation,S-A,totalRMS,40,40,40,-0.0167515430002175,-0.016872540326546,-0.0166634443296158,2000
200,held,1,confirmation,S-A,meanCrossTerm,40,40,40,-1.15925066297691e-20,-5.1790940485464e-20,1.22431891295882e-20,2000
200,held,1,confirmation,S-W,modelRMS,40,40,40,-0.0348593240865442,-0.0349765147413703,-0.0347864802434945,2000
200,held,1,confirmation,S-W,freezingRMS,40,40,40,8.64846244639796e-18,1.78522133733333e-18,1.123708974732e-17,2000
200,held,1,confirmation,S-W,totalRMS,40,40,40,-0.0348593240865442,-0.0349797548619179,-0.034775424445846,2000
200,held,1,confirmation,S-W,meanCrossTerm,40,40,40,4.35512411355086e-21,-3.11716822418941e-20,2.80779750578093e-20,2000
200,held,1,confirmation,S-R,modelRMS,40,40,40,-6.33525717038074e-05,-0.000127173222087391,-2.49672762259644e-05,2000
200,held,1,confirmation,S-R,freezingRMS,40,40,40,1.53245384825411e-17,1.00100013729868e-17,1.99177062097247e-17,2000
200,held,1,confirmation,S-R,totalRMS,40,40,40,-6.33525717038031e-05,-0.000127933506822312,-2.56352340809418e-05,2000
200,held,1,confirmation,S-R,meanCrossTerm,40,40,40,-5.83962610305506e-23,-4.23201415262545e-22,3.79702880037191e-22,2000
200,held,1,confirmation,R-P2,modelRMS,40,40,40,-0.000200426101473725,-0.000277696801860961,-0.000130589032829969,2000
200,held,1,confirmation,R-P2,freezingRMS,40,40,40,-1.05922072385389e-17,-1.88260968728059e-17,-7.13874598227289e-18,2000
200,held,1,confirmation,R-P2,totalRMS,40,40,40,-0.000200426101473728,-0.000284064358384905,-0.000117540989428084,2000
200,held,1,confirmation,R-P2,meanCrossTerm,40,40,40,1.93093246667161e-22,-4.849806690187e-22,1.81398556814356e-21,2000
200,held,2,confirmation,S-A,modelRMS,40,40,40,-0.0272371440018163,-0.0273951178213473,-0.0271267824554978,2000
200,held,2,confirmation,S-A,freezingRMS,40,40,40,1.09480025657871e-17,7.21071963356806e-18,1.65765412645881e-17,2000
200,held,2,confirmation,S-A,totalRMS,40,40,40,-0.0272371440018163,-0.0273951178213473,-0.0271364141780483,2000
200,held,2,confirmation,S-A,meanCrossTerm,40,40,40,-8.88449852640397e-21,-2.24906859037481e-19,1.26196709415731e-19,2000
200,held,2,confirmation,S-W,modelRMS,40,40,40,-0.0566038226004737,-0.0567531564682169,-0.0565404476531486,2000
200,held,2,confirmation,S-W,freezingRMS,40,40,40,2.592344341213e-19,-7.67366499160005e-18,7.29627142927956e-18,2000
200,held,2,confirmation,S-W,totalRMS,40,40,40,-0.0566038226004737,-0.0567531564682169,-0.0565347903554858,2000
200,held,2,confirmation,S-W,meanCrossTerm,40,40,40,-2.26863859763574e-19,-7.810279944823e-19,3.29899797440456e-19,2000
200,held,2,confirmation,S-R,modelRMS,40,40,40,-0.00011433406512309,-0.000231115871970836,-6.04757969067605e-05,2000
200,held,2,confirmation,S-R,freezingRMS,40,40,40,-3.01988456174987e-19,-4.87123246989063e-18,8.2308924354831e-18,2000
200,held,2,confirmation,S-R,totalRMS,40,40,40,-0.000114334065123074,-0.000231115871970831,-6.04757969067646e-05,2000
200,held,2,confirmation,S-R,meanCrossTerm,40,40,40,8.18697786839637e-21,3.4817630174825e-21,1.27041275600682e-20,2000
200,held,2,confirmation,R-P2,modelRMS,40,40,40,-0.000237637159594115,-0.00043113055557713,-0.000134195794944359,2000
200,held,2,confirmation,R-P2,freezingRMS,40,40,40,-5.00023903399938e-05,-5.86435066701966e-05,-3.18091015312042e-05,2000
200,held,2,confirmation,R-P2,totalRMS,40,40,40,-0.000245947215258819,-0.000455749491452577,-0.000137938326706835,2000
200,held,2,confirmation,R-P2,meanCrossTerm,40,40,40,-5.71447435978273e-09,-2.99495822271336e-08,3.5325369777087e-09,2000
200,held,5,confirmation,S-A,modelRMS,40,40,40,-0.043321656672909,-0.043434918831526,-0.0431157146360317,2000
200,held,5,confirmation,S-A,freezingRMS,40,40,40,3.1644706488021e-17,1.95761346231005e-17,4.47388670327844e-17,2000
200,held,5,confirmation,S-A,totalRMS,40,40,40,-0.043321656672909,-0.043434918831526,-0.0431157146360317,2000
200,held,5,confirmation,S-A,meanCrossTerm,40,40,40,9.11009337711739e-20,-1.06431671144219e-18,7.94049654115534e-19,2000
200,held,5,confirmation,S-W,modelRMS,40,40,40,-0.0915831728654168,-0.0918010590844527,-0.0912657520632777,2000
200,held,5,confirmation,S-W,freezingRMS,40,40,40,-4.31925878692422e-18,-1.62283556996477e-17,1.10509908494865e-17,2000
200,held,5,confirmation,S-W,totalRMS,40,40,40,-0.0915831728654168,-0.091770226985357,-0.0912657520632776,2000
200,held,5,confirmation,S-W,meanCrossTerm,40,40,40,-4.17854617170894e-19,-3.53850994123757e-18,3.36574625816024e-18,2000
200,held,5,confirmation,S-R,modelRMS,40,40,40,-0.000254029142519567,-0.000463810938511873,-0.000127621078823584,2000
200,held,5,confirmation,S-R,freezingRMS,40,40,40,1.23489299143698e-17,-1.34467233248538e-18,2.17856749293609e-17,2000
200,held,5,confirmation,S-R,totalRMS,40,40,40,-0.000254029142519543,-0.000461393537408984,-0.000128081103630343,2000
200,held,5,confirmation,S-R,meanCrossTerm,40,40,40,2.90739436225512e-20,1.28945653248564e-20,5.14033571334559e-20,2000
200,held,5,confirmation,R-P2,modelRMS,40,40,40,-0.000257596030148102,-0.000394281960774709,-0.000154602567775516,2000
200,held,5,confirmation,R-P2,freezingRMS,40,40,40,-0.000474754938156028,-0.000549381814136077,-0.000301972790293601,2000
200,held,5,confirmation,R-P2,totalRMS,40,40,40,-0.00040255428404565,-0.000581150772473771,-0.000235562472523209,2000
200,held,5,confirmation,R-P2,meanCrossTerm,40,40,40,-1.88605119966257e-07,-6.50946394018479e-07,3.8257933674706e-09,2000
200,held,10,confirmation,S-A,modelRMS,40,40,40,-0.0514664316165541,-0.0516426562390926,-0.0512878079785873,2000
200,held,10,confirmation,S-A,freezingRMS,40,40,40,4.53225267234647e-17,1.26697896457498e-17,5.44074373121638e-17,2000
200,held,10,confirmation,S-A,totalRMS,40,40,40,-0.051466431616554,-0.0516426562390927,-0.0512878079785873,2000
200,held,10,confirmation,S-A,meanCrossTerm,40,40,40,-1.04845609751547e-19,-2.17905206703687e-18,3.93658325178072e-19,2000
200,held,10,confirmation,S-W,modelRMS,40,40,40,-0.114634125152117,-0.114839462852621,-0.114245748667049,2000
200,held,10,confirmation,S-W,freezingRMS,40,40,40,-1.14182825376386e-17,-2.03646699513416e-17,1.45483450401487e-18,2000
200,held,10,confirmation,S-W,totalRMS,40,40,40,-0.114634125152117,-0.114839462852621,-0.114245748667049,2000
200,held,10,confirmation,S-W,meanCrossTerm,40,40,40,-6.29832195390692e-19,-7.10404499154105e-18,5.99681137826553e-18,2000
200,held,10,confirmation,S-R,modelRMS,40,40,40,-0.000371783705142357,-0.000545430905740092,-0.000189877912617985,2000
200,held,10,confirmation,S-R,freezingRMS,40,40,40,-1.89273698155472e-18,-1.43316258733859e-17,1.08598979600513e-17,2000
200,held,10,confirmation,S-R,totalRMS,40,40,40,-0.000371783705142286,-0.000545430905740109,-0.000191764882951606,2000
200,held,10,confirmation,S-R,meanCrossTerm,40,40,40,3.21067790107919e-20,1.52035639914977e-20,8.07022258056244e-20,2000
200,held,10,confirmation,R-P2,modelRMS,40,40,40,-0.000339034441458347,-0.000534545737953914,-0.000166464810339482,2000
200,held,10,confirmation,R-P2,freezingRMS,40,40,40,-0.000997547945546179,-0.00118585160189469,-0.000635267978571584,2000
200,held,10,confirmation,R-P2,totalRMS,40,40,40,-0.000707594645604581,-0.0010299090957184,-0.000421834973403882,2000
200,held,10,confirmation,R-P2,meanCrossTerm,40,40,40,-7.15289626967088e-07,-1.34580040175211e-06,-4.00816483415385e-08,2000
200,held,20,confirmation,S-A,modelRMS,40,40,40,-0.0533799615571224,-0.0535853188226824,-0.0532515873820066,2000
200,held,20,confirmation,S-A,freezingRMS,40,40,40,3.62130372797373e-17,2.39914312578017e-17,5.14124719284703e-17,2000
200,held,20,confirmation,S-A,totalRMS,40,40,40,-0.0533799615571224,-0.0535853188226825,-0.0532474229807546,2000
200,held,20,confirmation,S-A,meanCrossTerm,40,40,40,-7.84218113693554e-19,-2.74478836937763e-18,2.04946977826166e-19,2000
200,held,20,confirmation,S-W,modelRMS,40,40,40,-0.123183185335121,-0.123487069127739,-0.122758154829525,2000
200,held,20,confirmation,S-W,freezingRMS,40,40,40,-1.80722994423039e-17,-3.45027272721289e-17,-2.39607144491326e-18,2000
200,held,20,confirmation,S-W,totalRMS,40,40,40,-0.123183185335121,-0.123487069127739,-0.122758038881606,2000
200,held,20,confirmation,S-W,meanCrossTerm,40,40,40,7.37006402127602e-19,-1.02330988260292e-17,8.63555293802503e-18,2000
200,held,20,confirmation,S-R,modelRMS,40,40,40,-0.000420833970646218,-0.00057812279428531,-0.000219862381991611,2000
200,held,20,confirmation,S-R,freezingRMS,40,40,40,2.0084522001381e-18,-1.92255834714266e-17,1.62456957018953e-17,2000
200,held,20,confirmation,S-R,totalRMS,40,40,40,-0.000420833970646124,-0.000578122794285305,-0.00021986238199158,2000
200,held,20,confirmation,S-R,meanCrossTerm,40,40,40,3.48309538933367e-20,2.09624720153452e-20,7.13278359988615e-20,2000
200,held,20,confirmation,R-P2,modelRMS,40,40,40,-0.000418472671430706,-0.00060057780492583,-0.000152694066239008,2000
200,held,20,confirmation,R-P2,freezingRMS,40,40,40,-0.00118744245986169,-0.00141364792720208,-0.000757247876395566,2000
200,held,20,confirmation,R-P2,totalRMS,40,40,40,-0.000877068337323318,-0.0011104008010425,-0.000508887199955284,2000
200,held,20,confirmation,R-P2,meanCrossTerm,40,40,40,-8.53906286040156e-07,-1.15560989536959e-06,-7.82601594338404e-08,2000
200,rateLimited,1,confirmation,S-A,modelRMS,40,40,40,-0.0167515430002175,-0.016872540326546,-0.0166660648940603,2000
200,rateLimited,1,confirmation,S-A,freezingRMS,40,40,40,8.59224238639221e-18,4.44360833859403e-18,1.3605990959825e-17,2000
200,rateLimited,1,confirmation,S-A,totalRMS,40,40,40,-0.0167515430002175,-0.016872540326546,-0.0166660648940603,2000
200,rateLimited,1,confirmation,S-A,meanCrossTerm,40,40,40,-1.15925066297691e-20,-5.1790940485464e-20,1.15443817914184e-20,2000
200,rateLimited,1,confirmation,S-W,modelRMS,40,40,40,-0.0348593240865442,-0.034976595744384,-0.0347607223991826,2000
200,rateLimited,1,confirmation,S-W,freezingRMS,40,40,40,8.64846244639796e-18,1.78522133733333e-18,1.10406204833194e-17,2000
200,rateLimited,1,confirmation,S-W,totalRMS,40,40,40,-0.0348593240865442,-0.0349765147413703,-0.034775424445846,2000
200,rateLimited,1,confirmation,S-W,meanCrossTerm,40,40,40,4.35512411355086e-21,-3.11716822418941e-20,2.80779750578093e-20,2000
200,rateLimited,1,confirmation,S-R,modelRMS,40,40,40,-6.33525717038074e-05,-0.000127231722804694,-2.49672762259644e-05,2000
200,rateLimited,1,confirmation,S-R,freezingRMS,40,40,40,1.53245384825411e-17,1.01791756459838e-17,1.99177062097247e-17,2000
200,rateLimited,1,confirmation,S-R,totalRMS,40,40,40,-6.33525717038031e-05,-0.000127231722804695,-2.50359684946029e-05,2000
200,rateLimited,1,confirmation,S-R,meanCrossTerm,40,40,40,-5.83962610305506e-23,-4.23201415262545e-22,3.79702880037191e-22,2000
200,rateLimited,1,confirmation,R-P2,modelRMS,40,40,40,-0.000200426101473725,-0.000284064358384905,-0.000117540989428085,2000
200,rateLimited,1,confirmation,R-P2,freezingRMS,40,40,40,-1.05922072385389e-17,-1.88260968728059e-17,-7.13874598227289e-18,2000
200,rateLimited,1,confirmation,R-P2,totalRMS,40,40,40,-0.000200426101473728,-0.000280880580122932,-0.000117540989428084,2000
200,rateLimited,1,confirmation,R-P2,meanCrossTerm,40,40,40,1.93093246667161e-22,-4.10950279554571e-22,1.80337065661342e-21,2000
200,rateLimited,2,confirmation,S-A,modelRMS,40,40,40,-0.0276646672366664,-0.0278869872228134,-0.0274214369770905,2000
200,rateLimited,2,confirmation,S-A,freezingRMS,40,40,40,0.00289270330000379,0.00288462150449717,0.00289945279075478,2000
200,rateLimited,2,confirmation,S-A,totalRMS,40,40,40,-0.025529186654187,-0.0256465066868717,-0.0253973516691119,2000
200,rateLimited,2,confirmation,S-A,meanCrossTerm,40,40,40,-3.10129249279823e-07,-5.15634086960255e-07,4.53165283168666e-07,2000
200,rateLimited,2,confirmation,S-W,modelRMS,40,40,40,-0.0585766731051131,-0.0588198406955381,-0.0583508799743973,2000
200,rateLimited,2,confirmation,S-W,freezingRMS,40,40,40,0.000253604257016904,0.000250138910818328,0.000256668192618619,2000
200,rateLimited,2,confirmation,S-W,totalRMS,40,40,40,-0.0576715100434241,-0.0577929968541603,-0.057561829056785,2000
200,rateLimited,2,confirmation,S-W,meanCrossTerm,40,40,40,-0.000137285516925019,-0.000138356687590984,-0.000136739512543558,2000
200,rateLimited,2,confirmation,S-R,modelRMS,40,40,40,-0.000107330036292147,-0.000181860993188601,-6.23786149343807e-05,2000
200,rateLimited,2,confirmation,S-R,freezingRMS,40,40,40,2.707192721872e-05,7.89042804733887e-07,4.0393771726507e-05,2000
200,rateLimited,2,confirmation,S-R,totalRMS,40,40,40,0.000111379839892895,3.15558431469485e-06,0.000173153031476977,2000
200,rateLimited,2,confirmation,S-R,meanCrossTerm,40,40,40,6.39435049634268e-07,2.74387826531764e-08,9.22973572087552e-07,2000
200,rateLimited,2,confirmation,R-P2,modelRMS,40,40,40,-0.000344269098219294,-0.000511287604784292,-0.000206614894230389,2000
200,rateLimited,2,confirmation,R-P2,freezingRMS,40,40,40,-9.51046973627148e-07,-9.90096467820129e-05,6.81624463459596e-05,2000
200,rateLimited,2,confirmation,R-P2,totalRMS,40,40,40,-8.23071646510666e-05,-0.000114971878251753,-1.22662816598603e-05,2000
200,rateLimited,2,confirmation,R-P2,meanCrossTerm,40,40,40,1.91177187841665e-07,-5.00656546236073e-07,1.20069461649872e-06,2000
200,rateLimited,5,confirmation,S-A,modelRMS,40,40,40,-0.0471663498302452,-0.0473594951145803,-0.046930035072421,2000
200,rateLimited,5,confirmation,S-A,freezingRMS,40,40,40,0.0439176691670219,0.0438110557713493,0.0439982588167048,2000
200,rateLimited,5,confirmation,S-A,totalRMS,40,40,40,-0.00445662974496767,-0.00454921961986464,-0.00438133835152997,2000
200,rateLimited,5,confirmation,S-A,meanCrossTerm,40,40,40,-9.11348751565794e-06,-1.81864770283089e-05,6.01066082490358e-06,2000
200,rateLimited,5,confirmation,S-W,modelRMS,40,40,40,-0.0993855629820255,-0.099614893142416,-0.0992170268287627,2000
200,rateLimited,5,confirmation,S-W,freezingRMS,40,40,40,0.000946139658926353,0.000912038409968306,0.000993753646136346,2000
200,rateLimited,5,confirmation,S-W,totalRMS,40,40,40,-0.0729855631555244,-0.0730844845371661,-0.07285653066789,2000
200,rateLimited,5,confirmation,S-W,meanCrossTerm,40,40,40,-0.00170250017684065,-0.00172822263553808,-0.00168718894163147,2000
200,rateLimited,5,confirmation,S-R,modelRMS,40,40,40,-0.000228687421344939,-0.000432871238449556,-0.000167108472926888,2000
200,rateLimited,5,confirmation,S-R,freezingRMS,40,40,40,0.000403553549508436,1.26884218112598e-05,0.000603877555266204,2000
200,rateLimited,5,confirmation,S-R,totalRMS,40,40,40,0.000469700689244588,1.5436991378695e-05,0.000703887881099603,2000
200,rateLimited,5,confirmation,S-R,meanCrossTerm,40,40,40,6.29008937780032e-06,2.6900589756649e-07,9.27315688599589e-06,2000
200,rateLimited,5,confirmation,R-P2,modelRMS,40,40,40,-0.000299100831884646,-0.000553768319878159,-0.000207778720694003,2000
200,rateLimited,5,confirmation,R-P2,freezingRMS,40,40,40,-0.000183682623111248,-0.000654131809180045,0.000247647115775657,2000
200,rateLimited,5,confirmation,R-P2,totalRMS,40,40,40,-0.000265330559179461,-0.000623605877658483,8.83094168306238e-05,2000
200,rateLimited,5,confirmation,R-P2,meanCrossTerm,40,40,40,-8.69767433139487e-06,-1.25871204265983e-05,1.9171807707004e-05,2000
200,rateLimited,10,confirmation,S-A,modelRMS,40,40,40,-0.0388279200968999,-0.0389508583440454,-0.0386092528700043,2000
200,rateLimited,10,confirmation,S-A,freezingRMS,40,40,40,0.0654442259586586,0.0653310475523012,0.0655239760057173,2000
200,rateLimited,10,confirmation,S-A,totalRMS,40,40,40,0.025212512353462,0.02503706551032,0.0253847312653922,2000
200,rateLimited,10,confirmation,S-A,meanCrossTerm,40,40,40,-1.59171041119191e-05,-2.8755050723096e-05,1.00846747626386e-05,2000
200,rateLimited,10,confirmation,S-W,modelRMS,40,40,40,-0.0802173037900846,-0.0806084845427636,-0.079950716722428,2000
200,rateLimited,10,confirmation,S-W,freezingRMS,40,40,40,-0.00577147023662818,-0.00582534610859545,-0.00570434527481247,2000
200,rateLimited,10,confirmation,S-W,totalRMS,40,40,40,-0.056056379704368,-0.0563118726179298,-0.0557288076550376,2000
200,rateLimited,10,confirmation,S-W,meanCrossTerm,40,40,40,-0.00303990382571166,-0.0030747726292234,-0.00295843229526155,2000
200,rateLimited,10,confirmation,S-R,modelRMS,40,40,40,-0.000179080649476954,-0.000295302876024333,-5.80507671700134e-05,2000
200,rateLimited,10,confirmation,S-R,freezingRMS,40,40,40,0.000572569905608097,1.71796524932391e-05,0.000857835422585045,2000
200,rateLimited,10,confirmation,S-R,totalRMS,40,40,40,0.000687013000199334,1.59948090946299e-05,0.00103602866327922,2000
200,rateLimited,10,confirmation,S-R,meanCrossTerm,40,40,40,1.53779855787677e-05,1.05432302970829e-07,2.38515086451772e-05,2000
200,rateLimited,10,confirmation,R-P2,modelRMS,40,40,40,-0.00046308936415715,-0.000630921930554849,-0.000223799624079299,2000
200,rateLimited,10,confirmation,R-P2,freezingRMS,40,40,40,-0.000810058367639199,-0.00136719801584599,0.00103197099140411,2000
200,rateLimited,10,confirmation,R-P2,totalRMS,40,40,40,-0.000719298923091735,-0.00116956095100324,0.000805854918982399,2000
200,rateLimited,10,confirmation,R-P2,meanCrossTerm,40,40,40,2.65946235526488e-06,-2.54268654410678e-05,3.46841435542609e-05,2000
200,rateLimited,20,confirmation,S-A,modelRMS,40,40,40,-0.037956533765174,-0.0382206729617501,-0.0377470270495604,2000
200,rateLimited,20,confirmation,S-A,freezingRMS,40,40,40,0.119982231512305,0.119878279274703,0.12008006684266,2000
200,rateLimited,20,confirmation,S-A,totalRMS,40,40,40,0.0807192703463858,0.0805666651413744,0.0808824889886202,2000
200,rateLimited,20,confirmation,S-A,meanCrossTerm,40,40,40,-2.82558544170231e-05,-4.43224211036665e-05,2.92681435088804e-05,2000
200,rateLimited,20,confirmation,S-W,modelRMS,40,40,40,-0.0817501403588044,-0.0820450772196733,-0.0815399661148543,2000
200,rateLimited,20,confirmation,S-W,freezingRMS,40,40,40,0.0139892207560907,0.0139322899865139,0.0140450688643302,2000
200,rateLimited,20,confirmation,S-W,totalRMS,40,40,40,-0.0185667428422606,-0.0188567202760299,-0.0181694441804807,2000
200,rateLimited,20,confirmation,S-W,meanCrossTerm,40,40,40,-0.00106259217807113,-0.00113752172726078,-0.001008565809316,2000
200,rateLimited,20,confirmation,S-R,modelRMS,40,40,40,-0.000105482460273087,-0.000297374913907042,-5.07016440399523e-05,2000
200,rateLimited,20,confirmation,S-R,freezingRMS,40,40,40,0.00122990009742042,6.88053875017835e-05,0.0018454523943516,2000
200,rateLimited,20,confirmation,S-R,totalRMS,40,40,40,0.00117535719253143,4.21157096741178e-05,0.00175256891856376,2000
200,rateLimited,20,confirmation,S-R,meanCrossTerm,40,40,40,-1.23010198747836e-05,-2.05155196754088e-05,4.55812531629607e-07,2000
200,rateLimited,20,confirmation,R-P2,modelRMS,40,40,40,-0.000304879609754912,-0.00058793322282919,-0.000164057431464251,2000
200,rateLimited,20,confirmation,R-P2,freezingRMS,40,40,40,-0.000437846955377935,-0.00199772747989976,0.000166647897575083,2000
200,rateLimited,20,confirmation,R-P2,totalRMS,40,40,40,-0.00045566629195834,-0.00205702543073345,0.00022775491636981,2000
200,rateLimited,20,confirmation,R-P2,meanCrossTerm,40,40,40,-1.64431067840989e-05,-3.66201747964759e-05,6.37327091874504e-06,2000
