auditType,inputMode,horizon,campaign,model,metric,attempted,finiteScores,median,q1,q3,iqr
within-run measured-initial-state sensitivity,held,1,pilot,A,measuredModelRMS,1,1,0.0136233296212677,0.0136233296212677,0.0136233296212677,0
within-run measured-initial-state sensitivity,held,1,pilot,A,freezingRMS,1,1,1.03081620004859e-17,1.03081620004859e-17,1.03081620004859e-17,0
within-run measured-initial-state sensitivity,held,1,pilot,A,totalRMS,1,1,0.0136233296212677,0.0136233296212677,0.0136233296212677,0
within-run measured-initial-state sensitivity,held,1,pilot,A,cleanModelRMS,1,1,0.0139512193314763,0.0139512193314763,0.0139512193314763,0
within-run measured-initial-state sensitivity,held,1,pilot,A,initializationEffectRMS,1,1,0.00691436230270877,0.00691436230270877,0.00691436230270877,0
within-run measured-initial-state sensitivity,held,1,pilot,A,meanCrossTerm,1,1,8.58712151124847e-21,8.58712151124847e-21,8.58712151124847e-21,0
within-run measured-initial-state sensitivity,held,1,pilot,S,measuredModelRMS,1,1,0.00697840872911223,0.00697840872911223,0.00697840872911223,0
within-run measured-initial-state sensitivity,held,1,pilot,S,freezingRMS,1,1,2.52497370871375e-17,2.52497370871375e-17,2.52497370871375e-17,0
within-run measured-initial-state sensitivity,held,1,pilot,S,totalRMS,1,1,0.00697840872911224,0.00697840872911224,0.00697840872911224,0
within-run measured-initial-state sensitivity,held,1,pilot,S,cleanModelRMS,1,1,0.000503099570173451,0.000503099570173451,0.000503099570173451,0
within-run measured-initial-state sensitivity,held,1,pilot,S,initializationEffectRMS,1,1,0.00696663249035165,0.00696663249035165,0.00696663249035165,0
within-run measured-initial-state sensitivity,held,1,pilot,S,meanCrossTerm,1,1,1.49212591060061e-19,1.49212591060061e-19,1.49212591060061e-19,0
within-run measured-initial-state sensitivity,held,1,pilot,W,measuredModelRMS,1,1,0.0247660594622135,0.0247660594622135,0.0247660594622135,0
within-run measured-initial-state sensitivity,held,1,pilot,W,freezingRMS,1,1,4.12326480019436e-17,4.12326480019436e-17,4.12326480019436e-17,0
within-run measured-initial-state sensitivity,held,1,pilot,W,totalRMS,1,1,0.0247660594622135,0.0247660594622135,0.0247660594622135,0
within-run measured-initial-state sensitivity,held,1,pilot,W,cleanModelRMS,1,1,0.0262877882978768,0.0262877882978768,0.0262877882978768,0
within-run measured-initial-state sensitivity,held,1,pilot,W,initializationEffectRMS,1,1,0.00721936614669315,0.00721936614669315,0.00721936614669315,0
within-run measured-initial-state sensitivity,held,1,pilot,W,meanCrossTerm,1,1,2.06917287074702e-19,2.06917287074702e-19,2.06917287074702e-19,0
within-run measured-initial-state sensitivity,held,1,pilot,R,measuredModelRMS,1,1,0.00699469867246748,0.00699469867246748,0.00699469867246748,0
within-run measured-initial-state sensitivity,held,1,pilot,R,freezingRMS,1,1,0,0,0,0
within-run measured-initial-state sensitivity,held,1,pilot,R,totalRMS,1,1,0.00699469867246748,0.00699469867246748,0.00699469867246748,0
within-run measured-initial-state sensitivity,held,1,pilot,R,cleanModelRMS,1,1,0.000536091053232632,0.000536091053232632,0.000536091053232632,0
within-run measured-initial-state sensitivity,held,1,pilot,R,initializationEffectRMS,1,1,0.00696742207062561,0.00696742207062561,0.00696742207062561,0
within-run measured-initial-state sensitivity,held,1,pilot,R,meanCrossTerm,1,1,0,0,0,0
within-run measured-initial-state sensitivity,held,1,pilot,P2,measuredModelRMS,1,1,0.00713190154968627,0.00713190154968627,0.00713190154968627,0
within-run measured-initial-state sensitivity,held,1,pilot,P2,freezingRMS,1,1,1.78542603174924e-17,1.78542603174924e-17,1.78542603174924e-17,0
within-run measured-initial-state sensitivity,held,1,pilot,P2,totalRMS,1,1,0.00713190154968627,0.00713190154968627,0.00713190154968627,0
within-run measured-initial-state sensitivity,held,1,pilot,P2,cleanModelRMS,1,1,0.00140195154954537,0.00140195154954537,0.00140195154954537,0
within-run measured-initial-state sensitivity,held,1,pilot,P2,initializationEffectRMS,1,1,0.00695985156339945,0.00695985156339945,0.00695985156339945,0
within-run measured-initial-state sensitivity,held,1,pilot,P2,meanCrossTerm,1,1,3.83004763892188e-20,3.83004763892188e-20,3.83004763892188e-20,0
within-run measured-initial-state sensitivity,held,1,pilot,K,measuredModelRMS,1,1,0.0069878177351452,0.0069878177351452,0.0069878177351452,0
within-run measured-initial-state sensitivity,held,1,pilot,K,freezingRMS,1,1,2.06163240009718e-17,2.06163240009718e-17,2.06163240009718e-17,0
within-run measured-initial-state sensitivity,held,1,pilot,K,totalRMS,1,1,0.00698781773514519,0.00698781773514519,0.00698781773514519,0
within-run measured-initial-state sensitivity,held,1,pilot,K,cleanModelRMS,1,1,4.8349565501892e-17,4.8349565501892e-17,4.8349565501892e-17,0
within-run measured-initial-state sensitivity,held,1,pilot,K,initializationEffectRMS,1,1,0.00698781773514519,0.00698781773514519,0.00698781773514519,0
within-run measured-initial-state sensitivity,held,1,pilot,K,meanCrossTerm,1,1,-4.60971589108152e-20,-4.60971589108152e-20,-4.60971589108152e-20,0
within-run measured-initial-state sensitivity,held,2,pilot,A,measuredModelRMS,1,1,0.0247985400874373,0.0247985400874373,0.0247985400874373,0
within-run measured-initial-state sensitivity,held,2,pilot,A,freezingRMS,1,1,7.28897125211306e-17,7.28897125211306e-17,7.28897125211306e-17,0
within-run measured-initial-state sensitivity,held,2,pilot,A,totalRMS,1,1,0.0247985400874372,0.0247985400874372,0.0247985400874372,0
within-run measured-initial-state sensitivity,held,2,pilot,A,cleanModelRMS,1,1,0.0257001527847138,0.0257001527847138,0.0257001527847138,0
within-run measured-initial-state sensitivity,held,2,pilot,A,initializationEffectRMS,1,1,0.00453362334424681,0.00453362334424681,0.00453362334424681,0
within-run measured-initial-state sensitivity,held,2,pilot,A,meanCrossTerm,1,1,-6.39964279376875e-19,-6.39964279376875e-19,-6.39964279376875e-19,0
within-run measured-initial-state sensitivity,held,2,pilot,S,measuredModelRMS,1,1,0.00478150465352646,0.00478150465352646,0.00478150465352646,0
within-run measured-initial-state sensitivity,held,2,pilot,S,freezingRMS,1,1,7.14170412699696e-17,7.14170412699696e-17,7.14170412699696e-17,0
within-run measured-initial-state sensitivity,held,2,pilot,S,totalRMS,1,1,0.00478150465352648,0.00478150465352648,0.00478150465352648,0
within-run measured-initial-state sensitivity,held,2,pilot,S,cleanModelRMS,1,1,0.000722135474956346,0.000722135474956346,0.000722135474956346,0
within-run measured-initial-state sensitivity,held,2,pilot,S,initializationEffectRMS,1,1,0.00470287435543787,0.00470287435543787,0.00470287435543787,0
within-run measured-initial-state sensitivity,held,2,pilot,S,meanCrossTerm,1,1,2.12540387496789e-19,2.12540387496789e-19,2.12540387496789e-19,0
within-run measured-initial-state sensitivity,held,2,pilot,W,measuredModelRMS,1,1,0.0452339325080608,0.0452339325080608,0.0452339325080608,0
within-run measured-initial-state sensitivity,held,2,pilot,W,freezingRMS,1,1,7.36150011562951e-17,7.36150011562951e-17,7.36150011562951e-17,0
within-run measured-initial-state sensitivity,held,2,pilot,W,totalRMS,1,1,0.0452339325080608,0.0452339325080608,0.0452339325080608,0
within-run measured-initial-state sensitivity,held,2,pilot,W,cleanModelRMS,1,1,0.046579592667949,0.046579592667949,0.046579592667949,0
within-run measured-initial-state sensitivity,held,2,pilot,W,initializationEffectRMS,1,1,0.00501015019862653,0.00501015019862653,0.00501015019862653,0
within-run measured-initial-state sensitivity,held,2,pilot,W,meanCrossTerm,1,1,-7.87751181218927e-20,-7.87751181218927e-20,-7.87751181218927e-20,0
within-run measured-initial-state sensitivity,held,2,pilot,R,measuredModelRMS,1,1,0.00480745070316192,0.00480745070316192,0.00480745070316192,0
within-run measured-initial-state sensitivity,held,2,pilot,R,freezingRMS,1,1,9.5593961782272e-17,9.5593961782272e-17,9.5593961782272e-17,0
within-run measured-initial-state sensitivity,held,2,pilot,R,totalRMS,1,1,0.00480745070316194,0.00480745070316194,0.00480745070316194,0
within-run measured-initial-state sensitivity,held,2,pilot,R,cleanModelRMS,1,1,0.000789981494044658,0.000789981494044658,0.000789981494044658,0
within-run measured-initial-state sensitivity,held,2,pilot,R,initializationEffectRMS,1,1,0.0047032461247013,0.0047032461247013,0.0047032461247013,0
within-run measured-initial-state sensitivity,held,2,pilot,R,meanCrossTerm,1,1,1.78684378341074e-19,1.78684378341074e-19,1.78684378341074e-19,0
within-run measured-initial-state sensitivity,held,2,pilot,P2,measuredModelRMS,1,1,0.00504318436895818,0.00504318436895818,0.00504318436895818,0
within-run measured-initial-state sensitivity,held,2,pilot,P2,freezingRMS,1,1,0.000131630330717931,0.000131630330717931,0.000131630330717931,0
within-run measured-initial-state sensitivity,held,2,pilot,P2,totalRMS,1,1,0.0050946037794533,0.0050946037794533,0.0050946037794533,0
within-run measured-initial-state sensitivity,held,2,pilot,P2,cleanModelRMS,1,1,0.00202587384868538,0.00202587384868538,0.00202587384868538,0
within-run measured-initial-state sensitivity,held,2,pilot,P2,initializationEffectRMS,1,1,0.00467778706360471,0.00467778706360471,0.00467778706360471,0
within-run measured-initial-state sensitivity,held,2,pilot,P2,meanCrossTerm,1,1,5.03952546350746e-07,5.03952546350746e-07,5.03952546350746e-07,0
within-run measured-initial-state sensitivity,held,2,pilot,K,measuredModelRMS,1,1,0.00472969603496892,0.00472969603496892,0.00472969603496892,0
within-run measured-initial-state sensitivity,held,2,pilot,K,freezingRMS,1,1,6.01063967491055e-17,6.01063967491055e-17,6.01063967491055e-17,0
within-run measured-initial-state sensitivity,held,2,pilot,K,totalRMS,1,1,0.00472969603496892,0.00472969603496892,0.00472969603496892,0
within-run measured-initial-state sensitivity,held,2,pilot,K,cleanModelRMS,1,1,9.04537544537324e-17,9.04537544537324e-17,9.04537544537324e-17,0
within-run measured-initial-state sensitivity,held,2,pilot,K,initializationEffectRMS,1,1,0.0047296960349689,0.0047296960349689,0.0047296960349689,0
within-run measured-initial-state sensitivity,held,2,pilot,K,meanCrossTerm,1,1,-2.39911951029554e-20,-2.39911951029554e-20,-2.39911951029554e-20,0
within-run measured-initial-state sensitivity,held,5,pilot,A,measuredModelRMS,1,1,0.0575336678288824,0.0575336678288824,0.0575336678288824,0
within-run measured-initial-state sensitivity,held,5,pilot,A,freezingRMS,1,1,1.28748902120402e-16,1.28748902120402e-16,1.28748902120402e-16,0
within-run measured-initial-state sensitivity,held,5,pilot,A,totalRMS,1,1,0.0575336678288823,0.0575336678288823,0.0575336678288823,0
within-run measured-initial-state sensitivity,held,5,pilot,A,cleanModelRMS,1,1,0.0577781201449963,0.0577781201449963,0.0577781201449963,0
within-run measured-initial-state sensitivity,held,5,pilot,A,initializationEffectRMS,1,1,0.0012795539049779,0.0012795539049779,0.0012795539049779,0
within-run measured-initial-state sensitivity,held,5,pilot,A,meanCrossTerm,1,1,-2.97857471092948e-18,-2.97857471092948e-18,-2.97857471092948e-18,0
within-run measured-initial-state sensitivity,held,5,pilot,S,measuredModelRMS,1,1,0.00187439221165428,0.00187439221165428,0.00187439221165428,0
within-run measured-initial-state sensitivity,held,5,pilot,S,freezingRMS,1,1,1.42088207559141e-16,1.42088207559141e-16,1.42088207559141e-16,0
within-run measured-initial-state sensitivity,held,5,pilot,S,totalRMS,1,1,0.00187439221165434,0.00187439221165434,0.00187439221165434,0
within-run measured-initial-state sensitivity,held,5,pilot,S,cleanModelRMS,1,1,0.000880008323251743,0.000880008323251743,0.000880008323251743,0
within-run measured-initial-state sensitivity,held,5,pilot,S,initializationEffectRMS,1,1,0.0015714588556628,0.0015714588556628,0.0015714588556628,0
within-run measured-initial-state sensitivity,held,5,pilot,S,meanCrossTerm,1,1,2.10967148571466e-19,2.10967148571466e-19,2.10967148571466e-19,0
within-run measured-initial-state sensitivity,held,5,pilot,W,measuredModelRMS,1,1,0.0910370708237295,0.0910370708237295,0.0910370708237295,0
within-run measured-initial-state sensitivity,held,5,pilot,W,freezingRMS,1,1,1.45779425042261e-16,1.45779425042261e-16,1.45779425042261e-16,0
within-run measured-initial-state sensitivity,held,5,pilot,W,totalRMS,1,1,0.0910370708237295,0.0910370708237295,0.0910370708237295,0
within-run measured-initial-state sensitivity,held,5,pilot,W,cleanModelRMS,1,1,0.0915448335635027,0.0915448335635027,0.0915448335635027,0
within-run measured-initial-state sensitivity,held,5,pilot,W,initializationEffectRMS,1,1,0.00181699739049134,0.00181699739049134,0.00181699739049134,0
within-run measured-initial-state sensitivity,held,5,pilot,W,meanCrossTerm,1,1,5.52677634745786e-18,5.52677634745786e-18,5.52677634745786e-18,0
within-run measured-initial-state sensitivity,held,5,pilot,R,measuredModelRMS,1,1,0.00193347085565703,0.00193347085565703,0.00193347085565703,0
within-run measured-initial-state sensitivity,held,5,pilot,R,freezingRMS,1,1,2.09740068620424e-16,2.09740068620424e-16,2.09740068620424e-16,0
within-run measured-initial-state sensitivity,held,5,pilot,R,totalRMS,1,1,0.00193347085565704,0.00193347085565704,0.00193347085565704,0
within-run measured-initial-state sensitivity,held,5,pilot,R,cleanModelRMS,1,1,0.000966127569033722,0.000966127569033722,0.000966127569033722,0
within-run measured-initial-state sensitivity,held,5,pilot,R,initializationEffectRMS,1,1,0.00157087440288082,0.00157087440288082,0.00157087440288082,0
within-run measured-initial-state sensitivity,held,5,pilot,R,meanCrossTerm,1,1,2.77886814130317e-20,2.77886814130317e-20,2.77886814130317e-20,0
within-run measured-initial-state sensitivity,held,5,pilot,P2,measuredModelRMS,1,1,0.00210414266740994,0.00210414266740994,0.00210414266740994,0
within-run measured-initial-state sensitivity,held,5,pilot,P2,freezingRMS,1,1,0.00127451930888038,0.00127451930888038,0.00127451930888038,0
within-run measured-initial-state sensitivity,held,5,pilot,P2,totalRMS,1,1,0.00302514098398933,0.00302514098398933,0.00302514098398933,0
within-run measured-initial-state sensitivity,held,5,pilot,P2,cleanModelRMS,1,1,0.00161953951706911,0.00161953951706911,0.00161953951706911,0
within-run measured-initial-state sensitivity,held,5,pilot,P2,initializationEffectRMS,1,1,0.00152705297154568,0.00152705297154568,0.00152705297154568,0
within-run measured-initial-state sensitivity,held,5,pilot,P2,meanCrossTerm,1,1,3.09966213948799e-06,3.09966213948799e-06,3.09966213948799e-06,0
within-run measured-initial-state sensitivity,held,5,pilot,K,measuredModelRMS,1,1,0.00159153982854585,0.00159153982854585,0.00159153982854585,0
within-run measured-initial-state sensitivity,held,5,pilot,K,freezingRMS,1,1,1.50089104240086e-16,1.50089104240086e-16,1.50089104240086e-16,0
within-run measured-initial-state sensitivity,held,5,pilot,K,totalRMS,1,1,0.00159153982854585,0.00159153982854585,0.00159153982854585,0
within-run measured-initial-state sensitivity,held,5,pilot,K,cleanModelRMS,1,1,1.13389782005345e-16,1.13389782005345e-16,1.13389782005345e-16,0
within-run measured-initial-state sensitivity,held,5,pilot,K,initializationEffectRMS,1,1,0.00159153982854584,0.00159153982854584,0.00159153982854584,0
within-run measured-initial-state sensitivity,held,5,pilot,K,meanCrossTerm,1,1,7.14484638988837e-21,7.14484638988837e-21,7.14484638988837e-21,0
within-run measured-initial-state sensitivity,held,10,pilot,A,measuredModelRMS,1,1,0.0846237909274519,0.0846237909274519,0.0846237909274519,0
within-run measured-initial-state sensitivity,held,10,pilot,A,freezingRMS,1,1,1.67487807946313e-16,1.67487807946313e-16,1.67487807946313e-16,0
within-run measured-initial-state sensitivity,held,10,pilot,A,totalRMS,1,1,0.0846237909274519,0.0846237909274519,0.0846237909274519,0
within-run measured-initial-state sensitivity,held,10,pilot,A,cleanModelRMS,1,1,0.0846461555120477,0.0846461555120477,0.0846461555120477,0
within-run measured-initial-state sensitivity,held,10,pilot,A,initializationEffectRMS,1,1,0.000156006593277308,0.000156006593277308,0.000156006593277308,0
within-run measured-initial-state sensitivity,held,10,pilot,A,meanCrossTerm,1,1,-4.48531597958628e-18,-4.48531597958628e-18,-4.48531597958628e-18,0
within-run measured-initial-state sensitivity,held,10,pilot,S,measuredModelRMS,1,1,0.00087133832424222,0.00087133832424222,0.00087133832424222,0
within-run measured-initial-state sensitivity,held,10,pilot,S,freezingRMS,1,1,1.80613589121296e-16,1.80613589121296e-16,1.80613589121296e-16,0
within-run measured-initial-state sensitivity,held,10,pilot,S,totalRMS,1,1,0.000871338324242251,0.000871338324242251,0.000871338324242251,0
within-run measured-initial-state sensitivity,held,10,pilot,S,cleanModelRMS,1,1,0.000783420219694367,0.000783420219694367,0.000783420219694367,0
within-run measured-initial-state sensitivity,held,10,pilot,S,initializationEffectRMS,1,1,0.000282797861639251,0.000282797861639251,0.000282797861639251,0
within-run measured-initial-state sensitivity,held,10,pilot,S,meanCrossTerm,1,1,5.34880752420617e-20,5.34880752420617e-20,5.34880752420617e-20,0
within-run measured-initial-state sensitivity,held,10,pilot,W,measuredModelRMS,1,1,0.126607066041652,0.126607066041652,0.126607066041652,0
within-run measured-initial-state sensitivity,held,10,pilot,W,freezingRMS,1,1,1.966671965364e-16,1.966671965364e-16,1.966671965364e-16,0
within-run measured-initial-state sensitivity,held,10,pilot,W,totalRMS,1,1,0.126607066041652,0.126607066041652,0.126607066041652,0
within-run measured-initial-state sensitivity,held,10,pilot,W,cleanModelRMS,1,1,0.126733883502347,0.126733883502347,0.126733883502347,0
within-run measured-initial-state sensitivity,held,10,pilot,W,initializationEffectRMS,1,1,0.000408499846068071,0.000408499846068071,0.000408499846068071,0
within-run measured-initial-state sensitivity,held,10,pilot,W,meanCrossTerm,1,1,9.07400293753626e-18,9.07400293753626e-18,9.07400293753626e-18,0
within-run measured-initial-state sensitivity,held,10,pilot,R,measuredModelRMS,1,1,0.000957843772984577,0.000957843772984577,0.000957843772984577,0
within-run measured-initial-state sensitivity,held,10,pilot,R,freezingRMS,1,1,2.5438405243138e-16,2.5438405243138e-16,2.5438405243138e-16,0
within-run measured-initial-state sensitivity,held,10,pilot,R,totalRMS,1,1,0.000957843772984566,0.000957843772984566,0.000957843772984566,0
within-run measured-initial-state sensitivity,held,10,pilot,R,cleanModelRMS,1,1,0.000866596961142296,0.000866596961142296,0.000866596961142296,0
within-run measured-initial-state sensitivity,held,10,pilot,R,initializationEffectRMS,1,1,0.000282496175581779,0.000282496175581779,0.000282496175581779,0
within-run measured-initial-state sensitivity,held,10,pilot,R,meanCrossTerm,1,1,-1.95620518279946e-20,-1.95620518279946e-20,-1.95620518279946e-20,0
within-run measured-initial-state sensitivity,held,10,pilot,P2,measuredModelRMS,1,1,0.00151859318811699,0.00151859318811699,0.00151859318811699,0
within-run measured-initial-state sensitivity,held,10,pilot,P2,freezingRMS,1,1,0.00348204682741337,0.00348204682741337,0.00348204682741337,0
within-run measured-initial-state sensitivity,held,10,pilot,P2,totalRMS,1,1,0.00259361627246938,0.00259361627246938,0.00259361627246938,0
within-run measured-initial-state sensitivity,held,10,pilot,P2,cleanModelRMS,1,1,0.00141298486712434,0.00141298486712434,0.00141298486712434,0
within-run measured-initial-state sensitivity,held,10,pilot,P2,initializationEffectRMS,1,1,0.00026258987103982,0.00026258987103982,0.00026258987103982,0
within-run measured-initial-state sensitivity,held,10,pilot,P2,meanCrossTerm,1,1,-7.70393001047692e-06,-7.70393001047692e-06,-7.70393001047692e-06,0
within-run measured-initial-state sensitivity,held,10,pilot,K,measuredModelRMS,1,1,0.000289724377325173,0.000289724377325173,0.000289724377325173,0
within-run measured-initial-state sensitivity,held,10,pilot,K,freezingRMS,1,1,1.72796282586581e-16,1.72796282586581e-16,1.72796282586581e-16,0
within-run measured-initial-state sensitivity,held,10,pilot,K,totalRMS,1,1,0.000289724377325192,0.000289724377325192,0.000289724377325192,0
within-run measured-initial-state sensitivity,held,10,pilot,K,cleanModelRMS,1,1,9.5593961782272e-17,9.5593961782272e-17,9.5593961782272e-17,0
within-run measured-initial-state sensitivity,held,10,pilot,K,initializationEffectRMS,1,1,0.000289724377325143,0.000289724377325143,0.000289724377325143,0
within-run measured-initial-state sensitivity,held,10,pilot,K,meanCrossTerm,1,1,1.12502084116426e-20,1.12502084116426e-20,1.12502084116426e-20,0
within-run measured-initial-state sensitivity,held,20,pilot,A,measuredModelRMS,1,1,0.0947006474214163,0.0947006474214163,0.0947006474214163,0
within-run measured-initial-state sensitivity,held,20,pilot,A,freezingRMS,1,1,1.90073115672914e-16,1.90073115672914e-16,1.90073115672914e-16,0
within-run measured-initial-state sensitivity,held,20,pilot,A,totalRMS,1,1,0.0947006474214162,0.0947006474214162,0.0947006474214162,0
within-run measured-initial-state sensitivity,held,20,pilot,A,cleanModelRMS,1,1,0.0947009509104431,0.0947009509104431,0.0947009509104431,0
within-run measured-initial-state sensitivity,held,20,pilot,A,initializationEffectRMS,1,1,2.35148194489001e-06,2.35148194489001e-06,2.35148194489001e-06,0
within-run measured-initial-state sensitivity,held,20,pilot,A,meanCrossTerm,1,1,-2.57337550544988e-18,-2.57337550544988e-18,-2.57337550544988e-18,0
within-run measured-initial-state sensitivity,held,20,pilot,S,measuredModelRMS,1,1,0.000691569360636583,0.000691569360636583,0.000691569360636583,0
within-run measured-initial-state sensitivity,held,20,pilot,S,freezingRMS,1,1,1.92848052465902e-16,1.92848052465902e-16,1.92848052465902e-16,0
within-run measured-initial-state sensitivity,held,20,pilot,S,totalRMS,1,1,0.000691569360636619,0.000691569360636619,0.000691569360636619,0
within-run measured-initial-state sensitivity,held,20,pilot,S,cleanModelRMS,1,1,0.000690006827425577,0.000690006827425577,0.000690006827425577,0
within-run measured-initial-state sensitivity,held,20,pilot,S,initializationEffectRMS,1,1,1.10578453546029e-05,1.10578453546029e-05,1.10578453546029e-05,0
within-run measured-initial-state sensitivity,held,20,pilot,S,meanCrossTerm,1,1,4.935177691007e-20,4.935177691007e-20,4.935177691007e-20,0
within-run measured-initial-state sensitivity,held,20,pilot,W,measuredModelRMS,1,1,0.139900149434096,0.139900149434096,0.139900149434096,0
within-run measured-initial-state sensitivity,held,20,pilot,W,freezingRMS,1,1,2.10246076759013e-16,2.10246076759013e-16,2.10246076759013e-16,0
within-run measured-initial-state sensitivity,held,20,pilot,W,totalRMS,1,1,0.139900149434096,0.139900149434096,0.139900149434096,0
within-run measured-initial-state sensitivity,held,20,pilot,W,cleanModelRMS,1,1,0.13991070767062,0.13991070767062,0.13991070767062,0
within-run measured-initial-state sensitivity,held,20,pilot,W,initializationEffectRMS,1,1,2.689067259134e-05,2.689067259134e-05,2.689067259134e-05,0
within-run measured-initial-state sensitivity,held,20,pilot,W,meanCrossTerm,1,1,1.09637538227208e-17,1.09637538227208e-17,1.09637538227208e-17,0
within-run measured-initial-state sensitivity,held,20,pilot,R,measuredModelRMS,1,1,0.000796591457475783,0.000796591457475783,0.000796591457475783,0
within-run measured-initial-state sensitivity,held,20,pilot,R,freezingRMS,1,1,3.17551626405881e-16,3.17551626405881e-16,3.17551626405881e-16,0
within-run measured-initial-state sensitivity,held,20,pilot,R,totalRMS,1,1,0.000796591457475787,0.000796591457475787,0.000796591457475787,0
within-run measured-initial-state sensitivity,held,20,pilot,R,cleanModelRMS,1,1,0.00079439493584613,0.00079439493584613,0.00079439493584613,0
within-run measured-initial-state sensitivity,held,20,pilot,R,initializationEffectRMS,1,1,1.10425846267596e-05,1.10425846267596e-05,1.10425846267596e-05,0
within-run measured-initial-state sensitivity,held,20,pilot,R,meanCrossTerm,1,1,6.40025663778742e-21,6.40025663778742e-21,6.40025663778742e-21,0
within-run measured-initial-state sensitivity,held,20,pilot,P2,measuredModelRMS,1,1,0.00356205505856189,0.00356205505856189,0.00356205505856189,0
within-run measured-initial-state sensitivity,held,20,pilot,P2,freezingRMS,1,1,0.00532291154039812,0.00532291154039812,0.00532291154039812,0
within-run measured-initial-state sensitivity,held,20,pilot,P2,totalRMS,1,1,0.0023183079833862,0.0023183079833862,0.0023183079833862,0
within-run measured-initial-state sensitivity,held,20,pilot,P2,cleanModelRMS,1,1,0.00355678586423243,0.00355678586423243,0.00355678586423243,0
within-run measured-initial-state sensitivity,held,20,pilot,P2,initializationEffectRMS,1,1,9.00737848201256e-06,9.00737848201256e-06,9.00737848201256e-06,0
within-run measured-initial-state sensitivity,held,20,pilot,P2,meanCrossTerm,1,1,-3.56470716012976e-05,-3.56470716012976e-05,-3.56470716012976e-05,0
within-run measured-initial-state sensitivity,held,20,pilot,K,measuredModelRMS,1,1,1.15693411004797e-05,1.15693411004797e-05,1.15693411004797e-05,0
within-run measured-initial-state sensitivity,held,20,pilot,K,freezingRMS,1,1,1.5768455756926e-16,1.5768455756926e-16,1.5768455756926e-16,0
within-run measured-initial-state sensitivity,held,20,pilot,K,totalRMS,1,1,1.15693411005045e-05,1.15693411005045e-05,1.15693411005045e-05,0
within-run measured-initial-state sensitivity,held,20,pilot,K,cleanModelRMS,1,1,1.04107333029344e-16,1.04107333029344e-16,1.04107333029344e-16,0
within-run measured-initial-state sensitivity,held,20,pilot,K,initializationEffectRMS,1,1,1.15693411004455e-05,1.15693411004455e-05,1.15693411004455e-05,0
within-run measured-initial-state sensitivity,held,20,pilot,K,meanCrossTerm,1,1,5.72989870661716e-22,5.72989870661716e-22,5.72989870661716e-22,0
within-run measured-initial-state sensitivity,recordedRateLimited,1,pilot,A,measuredModelRMS,1,1,0.0136233296212677,0.0136233296212677,0.0136233296212677,0
within-run measured-initial-state sensitivity,recordedRateLimited,1,pilot,A,freezingRMS,1,1,1.03081620004859e-17,1.03081620004859e-17,1.03081620004859e-17,0
within-run measured-initial-state sensitivity,recordedRateLimited,1,pilot,A,totalRMS,1,1,0.0136233296212677,0.0136233296212677,0.0136233296212677,0
within-run measured-initial-state sensitivity,recordedRateLimited,1,pilot,A,cleanModelRMS,1,1,0.0139512193314763,0.0139512193314763,0.0139512193314763,0
within-run measured-initial-state sensitivity,recordedRateLimited,1,pilot,A,initializationEffectRMS,1,1,0.00691436230270877,0.00691436230270877,0.00691436230270877,0
within-run measured-initial-state sensitivity,recordedRateLimited,1,pilot,A,meanCrossTerm,1,1,8.58712151124847e-21,8.58712151124847e-21,8.58712151124847e-21,0
within-run measured-initial-state sensitivity,recordedRateLimited,1,pilot,S,measuredModelRMS,1,1,0.00697840872911223,0.00697840872911223,0.00697840872911223,0
within-run measured-initial-state sensitivity,recordedRateLimited,1,pilot,S,freezingRMS,1,1,2.52497370871375e-17,2.52497370871375e-17,2.52497370871375e-17,0
within-run measured-initial-state sensitivity,recordedRateLimited,1,pilot,S,totalRMS,1,1,0.00697840872911224,0.00697840872911224,0.00697840872911224,0
within-run measured-initial-state sensitivity,recordedRateLimited,1,pilot,S,cleanModelRMS,1,1,0.000503099570173451,0.000503099570173451,0.000503099570173451,0
within-run measured-initial-state sensitivity,recordedRateLimited,1,pilot,S,initializationEffectRMS,1,1,0.00696663249035165,0.00696663249035165,0.00696663249035165,0
within-run measured-initial-state sensitivity,recordedRateLimited,1,pilot,S,meanCrossTerm,1,1,1.49212591060061e-19,1.49212591060061e-19,1.49212591060061e-19,0
within-run measured-initial-state sensitivity,recordedRateLimited,1,pilot,W,measuredModelRMS,1,1,0.0247660594622135,0.0247660594622135,0.0247660594622135,0
within-run measured-initial-state sensitivity,recordedRateLimited,1,pilot,W,freezingRMS,1,1,4.12326480019436e-17,4.12326480019436e-17,4.12326480019436e-17,0
within-run measured-initial-state sensitivity,recordedRateLimited,1,pilot,W,totalRMS,1,1,0.0247660594622135,0.0247660594622135,0.0247660594622135,0
within-run measured-initial-state sensitivity,recordedRateLimited,1,pilot,W,cleanModelRMS,1,1,0.0262877882978768,0.0262877882978768,0.0262877882978768,0
within-run measured-initial-state sensitivity,recordedRateLimited,1,pilot,W,initializationEffectRMS,1,1,0.00721936614669315,0.00721936614669315,0.00721936614669315,0
within-run measured-initial-state sensitivity,recordedRateLimited,1,pilot,W,meanCrossTerm,1,1,2.06917287074702e-19,2.06917287074702e-19,2.06917287074702e-19,0
within-run measured-initial-state sensitivity,recordedRateLimited,1,pilot,R,measuredModelRMS,1,1,0.00699469867246748,0.00699469867246748,0.00699469867246748,0
within-run measured-initial-state sensitivity,recordedRateLimited,1,pilot,R,freezingRMS,1,1,0,0,0,0
within-run measured-initial-state sensitivity,recordedRateLimited,1,pilot,R,totalRMS,1,1,0.00699469867246748,0.00699469867246748,0.00699469867246748,0
within-run measured-initial-state sensitivity,recordedRateLimited,1,pilot,R,cleanModelRMS,1,1,0.000536091053232632,0.000536091053232632,0.000536091053232632,0
within-run measured-initial-state sensitivity,recordedRateLimited,1,pilot,R,initializationEffectRMS,1,1,0.00696742207062561,0.00696742207062561,0.00696742207062561,0
within-run measured-initial-state sensitivity,recordedRateLimited,1,pilot,R,meanCrossTerm,1,1,0,0,0,0
within-run measured-initial-state sensitivity,recordedRateLimited,1,pilot,P2,measuredModelRMS,1,1,0.00713190154968627,0.00713190154968627,0.00713190154968627,0
within-run measured-initial-state sensitivity,recordedRateLimited,1,pilot,P2,freezingRMS,1,1,1.78542603174924e-17,1.78542603174924e-17,1.78542603174924e-17,0
within-run measured-initial-state sensitivity,recordedRateLimited,1,pilot,P2,totalRMS,1,1,0.00713190154968627,0.00713190154968627,0.00713190154968627,0
within-run measured-initial-state sensitivity,recordedRateLimited,1,pilot,P2,cleanModelRMS,1,1,0.00140195154954537,0.00140195154954537,0.00140195154954537,0
within-run measured-initial-state sensitivity,recordedRateLimited,1,pilot,P2,initializationEffectRMS,1,1,0.00695985156339945,0.00695985156339945,0.00695985156339945,0
within-run measured-initial-state sensitivity,recordedRateLimited,1,pilot,P2,meanCrossTerm,1,1,3.83004763892188e-20,3.83004763892188e-20,3.83004763892188e-20,0
within-run measured-initial-state sensitivity,recordedRateLimited,1,pilot,K,measuredModelRMS,1,1,0.0069878177351452,0.0069878177351452,0.0069878177351452,0
within-run measured-initial-state sensitivity,recordedRateLimited,1,pilot,K,freezingRMS,1,1,2.06163240009718e-17,2.06163240009718e-17,2.06163240009718e-17,0
within-run measured-initial-state sensitivity,recordedRateLimited,1,pilot,K,totalRMS,1,1,0.00698781773514519,0.00698781773514519,0.00698781773514519,0
within-run measured-initial-state sensitivity,recordedRateLimited,1,pilot,K,cleanModelRMS,1,1,4.8349565501892e-17,4.8349565501892e-17,4.8349565501892e-17,0
within-run measured-initial-state sensitivity,recordedRateLimited,1,pilot,K,initializationEffectRMS,1,1,0.00698781773514519,0.00698781773514519,0.00698781773514519,0
within-run measured-initial-state sensitivity,recordedRateLimited,1,pilot,K,meanCrossTerm,1,1,-4.60971589108152e-20,-4.60971589108152e-20,-4.60971589108152e-20,0
within-run measured-initial-state sensitivity,recordedRateLimited,2,pilot,A,measuredModelRMS,1,1,0.0236932139236796,0.0236932139236796,0.0236932139236796,0
within-run measured-initial-state sensitivity,recordedRateLimited,2,pilot,A,freezingRMS,1,1,5.0499474174275e-17,5.0499474174275e-17,5.0499474174275e-17,0
within-run measured-initial-state sensitivity,recordedRateLimited,2,pilot,A,totalRMS,1,1,0.0236932139236796,0.0236932139236796,0.0236932139236796,0
within-run measured-initial-state sensitivity,recordedRateLimited,2,pilot,A,cleanModelRMS,1,1,0.0244632683564216,0.0244632683564216,0.0244632683564216,0
within-run measured-initial-state sensitivity,recordedRateLimited,2,pilot,A,initializationEffectRMS,1,1,0.00453362334424683,0.00453362334424683,0.00453362334424683,0
within-run measured-initial-state sensitivity,recordedRateLimited,2,pilot,A,meanCrossTerm,1,1,-8.65371111615123e-19,-8.65371111615123e-19,-8.65371111615123e-19,0
within-run measured-initial-state sensitivity,recordedRateLimited,2,pilot,S,measuredModelRMS,1,1,0.00477436660472978,0.00477436660472978,0.00477436660472978,0
within-run measured-initial-state sensitivity,recordedRateLimited,2,pilot,S,freezingRMS,1,1,0.00220003768660196,0.00220003768660196,0.00220003768660196,0
within-run measured-initial-state sensitivity,recordedRateLimited,2,pilot,S,totalRMS,1,1,0.0050877822073698,0.0050877822073698,0.0050877822073698,0
within-run measured-initial-state sensitivity,recordedRateLimited,2,pilot,S,cleanModelRMS,1,1,0.000602699902622494,0.000602699902622494,0.000602699902622494,0
within-run measured-initial-state sensitivity,recordedRateLimited,2,pilot,S,initializationEffectRMS,1,1,0.00469509193088638,0.00469509193088638,0.00469509193088638,0
within-run measured-initial-state sensitivity,recordedRateLimited,2,pilot,S,meanCrossTerm,1,1,-1.74921450919912e-06,-1.74921450919912e-06,-1.74921450919912e-06,0
within-run measured-initial-state sensitivity,recordedRateLimited,2,pilot,W,measuredModelRMS,1,1,0.0455674512153894,0.0455674512153894,0.0455674512153894,0
within-run measured-initial-state sensitivity,recordedRateLimited,2,pilot,W,freezingRMS,1,1,0.00203721763663299,0.00203721763663299,0.00203721763663299,0
within-run measured-initial-state sensitivity,recordedRateLimited,2,pilot,W,totalRMS,1,1,0.0451458048975724,0.0451458048975724,0.0451458048975724,0
within-run measured-initial-state sensitivity,recordedRateLimited,2,pilot,W,cleanModelRMS,1,1,0.0466479431778793,0.0466479431778793,0.0466479431778793,0
within-run measured-initial-state sensitivity,recordedRateLimited,2,pilot,W,initializationEffectRMS,1,1,0.0049988654088547,0.0049988654088547,0.0049988654088547,0
within-run measured-initial-state sensitivity,recordedRateLimited,2,pilot,W,meanCrossTerm,1,1,-4.23991661162255e-05,-4.23991661162255e-05,-4.23991661162255e-05,0
within-run measured-initial-state sensitivity,recordedRateLimited,2,pilot,R,measuredModelRMS,1,1,0.00480040650254907,0.00480040650254907,0.00480040650254907,0
within-run measured-initial-state sensitivity,recordedRateLimited,2,pilot,R,freezingRMS,1,1,0.00219976096086843,0.00219976096086843,0.00219976096086843,0
within-run measured-initial-state sensitivity,recordedRateLimited,2,pilot,R,totalRMS,1,1,0.00511483443446693,0.00511483443446693,0.00511483443446693,0
within-run measured-initial-state sensitivity,recordedRateLimited,2,pilot,R,cleanModelRMS,1,1,0.000689877460029893,0.000689877460029893,0.000689877460029893,0
within-run measured-initial-state sensitivity,recordedRateLimited,2,pilot,R,initializationEffectRMS,1,1,0.00469545591718046,0.00469545591718046,0.00469545591718046,0
within-run measured-initial-state sensitivity,recordedRateLimited,2,pilot,R,meanCrossTerm,1,1,-1.7213195826676e-06,-1.7213195826676e-06,-1.7213195826676e-06,0
within-run measured-initial-state sensitivity,recordedRateLimited,2,pilot,P2,measuredModelRMS,1,1,0.0050366204369772,0.0050366204369772,0.0050366204369772,0
within-run measured-initial-state sensitivity,recordedRateLimited,2,pilot,P2,freezingRMS,1,1,0.00218883009380153,0.00218883009380153,0.00218883009380153,0
within-run measured-initial-state sensitivity,recordedRateLimited,2,pilot,P2,totalRMS,1,1,0.00543261868484756,0.00543261868484756,0.00543261868484756,0
within-run measured-initial-state sensitivity,recordedRateLimited,2,pilot,P2,cleanModelRMS,1,1,0.00174674797800687,0.00174674797800687,0.00174674797800687,0
within-run measured-initial-state sensitivity,recordedRateLimited,2,pilot,P2,initializationEffectRMS,1,1,0.00466941418805706,0.00466941418805706,0.00466941418805706,0
within-run measured-initial-state sensitivity,recordedRateLimited,2,pilot,P2,meanCrossTerm,1,1,-6.45176830752802e-07,-6.45176830752802e-07,-6.45176830752802e-07,0
within-run measured-initial-state sensitivity,recordedRateLimited,2,pilot,K,measuredModelRMS,1,1,0.00472204498885065,0.00472204498885065,0.00472204498885065,0
within-run measured-initial-state sensitivity,recordedRateLimited,2,pilot,K,freezingRMS,1,1,0.0021654681178609,0.0021654681178609,0.0021654681178609,0
within-run measured-initial-state sensitivity,recordedRateLimited,2,pilot,K,totalRMS,1,1,0.00483839138358753,0.00483839138358753,0.00483839138358753,0
within-run measured-initial-state sensitivity,recordedRateLimited,2,pilot,K,cleanModelRMS,1,1,8.11665487584152e-17,8.11665487584152e-17,8.11665487584152e-17,0
within-run measured-initial-state sensitivity,recordedRateLimited,2,pilot,K,initializationEffectRMS,1,1,0.00472204498885063,0.00472204498885063,0.00472204498885063,0
within-run measured-initial-state sensitivity,recordedRateLimited,2,pilot,K,meanCrossTerm,1,1,-3.57692986542747e-06,-3.57692986542747e-06,-3.57692986542747e-06,0
within-run measured-initial-state sensitivity,recordedRateLimited,5,pilot,A,measuredModelRMS,1,1,0.0396476181540234,0.0396476181540234,0.0396476181540234,0
within-run measured-initial-state sensitivity,recordedRateLimited,5,pilot,A,freezingRMS,1,1,1.36753222535244e-16,1.36753222535244e-16,1.36753222535244e-16,0
within-run measured-initial-state sensitivity,recordedRateLimited,5,pilot,A,totalRMS,1,1,0.0396476181540234,0.0396476181540234,0.0396476181540234,0
within-run measured-initial-state sensitivity,recordedRateLimited,5,pilot,A,cleanModelRMS,1,1,0.0399473000220664,0.0399473000220664,0.0399473000220664,0
within-run measured-initial-state sensitivity,recordedRateLimited,5,pilot,A,initializationEffectRMS,1,1,0.0012795539049779,0.0012795539049779,0.0012795539049779,0
within-run measured-initial-state sensitivity,recordedRateLimited,5,pilot,A,meanCrossTerm,1,1,-2.25224373385683e-18,-2.25224373385683e-18,-2.25224373385683e-18,0
within-run measured-initial-state sensitivity,recordedRateLimited,5,pilot,S,measuredModelRMS,1,1,0.00187375861519367,0.00187375861519367,0.00187375861519367,0
within-run measured-initial-state sensitivity,recordedRateLimited,5,pilot,S,freezingRMS,1,1,0.0112311306100321,0.0112311306100321,0.0112311306100321,0
within-run measured-initial-state sensitivity,recordedRateLimited,5,pilot,S,totalRMS,1,1,0.011322493027853,0.011322493027853,0.011322493027853,0
within-run measured-initial-state sensitivity,recordedRateLimited,5,pilot,S,cleanModelRMS,1,1,0.000595984919342964,0.000595984919342964,0.000595984919342964,0
within-run measured-initial-state sensitivity,recordedRateLimited,5,pilot,S,initializationEffectRMS,1,1,0.00155602043355648,0.00155602043355648,0.00155602043355648,0
within-run measured-initial-state sensitivity,recordedRateLimited,5,pilot,S,meanCrossTerm,1,1,-1.45041776183309e-06,-1.45041776183309e-06,-1.45041776183309e-06,0
within-run measured-initial-state sensitivity,recordedRateLimited,5,pilot,W,measuredModelRMS,1,1,0.080322797520733,0.080322797520733,0.080322797520733,0
within-run measured-initial-state sensitivity,recordedRateLimited,5,pilot,W,freezingRMS,1,1,0.00465531650724911,0.00465531650724911,0.00465531650724911,0
within-run measured-initial-state sensitivity,recordedRateLimited,5,pilot,W,totalRMS,1,1,0.0828195385598344,0.0828195385598344,0.0828195385598344,0
within-run measured-initial-state sensitivity,recordedRateLimited,5,pilot,W,cleanModelRMS,1,1,0.0807337127904019,0.0807337127904019,0.0807337127904019,0
within-run measured-initial-state sensitivity,recordedRateLimited,5,pilot,W,initializationEffectRMS,1,1,0.00178957117644096,0.00178957117644096,0.00178957117644096,0
within-run measured-initial-state sensitivity,recordedRateLimited,5,pilot,W,meanCrossTerm,1,1,0.000385652193924551,0.000385652193924551,0.000385652193924551,0
within-run measured-initial-state sensitivity,recordedRateLimited,5,pilot,R,measuredModelRMS,1,1,0.00193063627131362,0.00193063627131362,0.00193063627131362,0
within-run measured-initial-state sensitivity,recordedRateLimited,5,pilot,R,freezingRMS,1,1,0.011253142179172,0.011253142179172,0.011253142179172,0
within-run measured-initial-state sensitivity,recordedRateLimited,5,pilot,R,totalRMS,1,1,0.0113090389083584,0.0113090389083584,0.0113090389083584,0
within-run measured-initial-state sensitivity,recordedRateLimited,5,pilot,R,cleanModelRMS,1,1,0.000719002437030431,0.000719002437030431,0.000719002437030431,0
within-run measured-initial-state sensitivity,recordedRateLimited,5,pilot,R,initializationEffectRMS,1,1,0.00155545273366422,0.00155545273366422,0.00155545273366422,0
within-run measured-initial-state sensitivity,recordedRateLimited,5,pilot,R,meanCrossTerm,1,1,-2.4662042860069e-06,-2.4662042860069e-06,-2.4662042860069e-06,0
within-run measured-initial-state sensitivity,recordedRateLimited,5,pilot,P2,measuredModelRMS,1,1,0.00175200668757172,0.00175200668757172,0.00175200668757172,0
within-run measured-initial-state sensitivity,recordedRateLimited,5,pilot,P2,freezingRMS,1,1,0.0108370965481549,0.0108370965481549,0.0108370965481549,0
within-run measured-initial-state sensitivity,recordedRateLimited,5,pilot,P2,totalRMS,1,1,0.0110578265945564,0.0110578265945564,0.0110578265945564,0
within-run measured-initial-state sensitivity,recordedRateLimited,5,pilot,P2,cleanModelRMS,1,1,0.000755081218167581,0.000755081218167581,0.000755081218167581,0
within-run measured-initial-state sensitivity,recordedRateLimited,5,pilot,P2,initializationEffectRMS,1,1,0.00151347828846634,0.00151347828846634,0.00151347828846634,0
within-run measured-initial-state sensitivity,recordedRateLimited,5,pilot,P2,meanCrossTerm,1,1,1.76333996795073e-06,1.76333996795073e-06,1.76333996795073e-06,0
within-run measured-initial-state sensitivity,recordedRateLimited,5,pilot,K,measuredModelRMS,1,1,0.00157612534862245,0.00157612534862245,0.00157612534862245,0
within-run measured-initial-state sensitivity,recordedRateLimited,5,pilot,K,freezingRMS,1,1,0.0111236914813139,0.0111236914813139,0.0111236914813139,0
within-run measured-initial-state sensitivity,recordedRateLimited,5,pilot,K,totalRMS,1,1,0.0110144768709309,0.0110144768709309,0.0110144768709309,0
within-run measured-initial-state sensitivity,recordedRateLimited,5,pilot,K,cleanModelRMS,1,1,1.20653942846771e-16,1.20653942846771e-16,1.20653942846771e-16,0
within-run measured-initial-state sensitivity,recordedRateLimited,5,pilot,K,initializationEffectRMS,1,1,0.00157612534862244,0.00157612534862244,0.00157612534862244,0
within-run measured-initial-state sensitivity,recordedRateLimited,5,pilot,K,meanCrossTerm,1,1,-4.90198254575493e-06,-4.90198254575493e-06,-4.90198254575493e-06,0
within-run measured-initial-state sensitivity,recordedRateLimited,10,pilot,A,measuredModelRMS,1,1,0.0448311277707873,0.0448311277707873,0.0448311277707873,0
within-run measured-initial-state sensitivity,recordedRateLimited,10,pilot,A,freezingRMS,1,1,1.4723000231259e-16,1.4723000231259e-16,1.4723000231259e-16,0
within-run measured-initial-state sensitivity,recordedRateLimited,10,pilot,A,totalRMS,1,1,0.0448311277707872,0.0448311277707872,0.0448311277707872,0
within-run measured-initial-state sensitivity,recordedRateLimited,10,pilot,A,cleanModelRMS,1,1,0.0448690388206068,0.0448690388206068,0.0448690388206068,0
within-run measured-initial-state sensitivity,recordedRateLimited,10,pilot,A,initializationEffectRMS,1,1,0.00015600659327728,0.00015600659327728,0.00015600659327728,0
within-run measured-initial-state sensitivity,recordedRateLimited,10,pilot,A,meanCrossTerm,1,1,-1.91712364482919e-18,-1.91712364482919e-18,-1.91712364482919e-18,0
within-run measured-initial-state sensitivity,recordedRateLimited,10,pilot,S,measuredModelRMS,1,1,0.000813592395132403,0.000813592395132403,0.000813592395132403,0
within-run measured-initial-state sensitivity,recordedRateLimited,10,pilot,S,freezingRMS,1,1,0.0162675616044905,0.0162675616044905,0.0162675616044905,0
within-run measured-initial-state sensitivity,recordedRateLimited,10,pilot,S,totalRMS,1,1,0.0163335417536794,0.0163335417536794,0.0163335417536794,0
within-run measured-initial-state sensitivity,recordedRateLimited,10,pilot,S,cleanModelRMS,1,1,0.000662855432714247,0.000662855432714247,0.000662855432714247,0
within-run measured-initial-state sensitivity,recordedRateLimited,10,pilot,S,initializationEffectRMS,1,1,0.000271102622976261,0.000271102622976261,0.000271102622976261,0
within-run measured-initial-state sensitivity,recordedRateLimited,10,pilot,S,meanCrossTerm,1,1,1.48909307787847e-06,1.48909307787847e-06,1.48909307787847e-06,0
within-run measured-initial-state sensitivity,recordedRateLimited,10,pilot,W,measuredModelRMS,1,1,0.0932075163263495,0.0932075163263495,0.0932075163263495,0
within-run measured-initial-state sensitivity,recordedRateLimited,10,pilot,W,freezingRMS,1,1,0.0074872686895272,0.0074872686895272,0.0074872686895272,0
within-run measured-initial-state sensitivity,recordedRateLimited,10,pilot,W,totalRMS,1,1,0.0969228064504756,0.0969228064504756,0.0969228064504756,0
within-run measured-initial-state sensitivity,recordedRateLimited,10,pilot,W,cleanModelRMS,1,1,0.0932887922344395,0.0932887922344395,0.0932887922344395,0
within-run measured-initial-state sensitivity,recordedRateLimited,10,pilot,W,initializationEffectRMS,1,1,0.00038824491396998,0.00038824491396998,0.00038824491396998,0
within-run measured-initial-state sensitivity,recordedRateLimited,10,pilot,W,meanCrossTerm,1,1,0.000650330118080466,0.000650330118080466,0.000650330118080466,0
within-run measured-initial-state sensitivity,recordedRateLimited,10,pilot,R,measuredModelRMS,1,1,0.000913468061295084,0.000913468061295084,0.000913468061295084,0
within-run measured-initial-state sensitivity,recordedRateLimited,10,pilot,R,freezingRMS,1,1,0.0163024874455411,0.0163024874455411,0.0163024874455411,0
within-run measured-initial-state sensitivity,recordedRateLimited,10,pilot,R,totalRMS,1,1,0.0163301158138771,0.0163301158138771,0.0163301158138771,0
within-run measured-initial-state sensitivity,recordedRateLimited,10,pilot,R,cleanModelRMS,1,1,0.000774868930529745,0.000774868930529745,0.000774868930529745,0
within-run measured-initial-state sensitivity,recordedRateLimited,10,pilot,R,initializationEffectRMS,1,1,0.000270793285221576,0.000270793285221576,0.000270793285221576,0
within-run measured-initial-state sensitivity,recordedRateLimited,10,pilot,R,meanCrossTerm,1,1,6.71616836058567e-08,6.71616836058567e-08,6.71616836058567e-08,0
within-run measured-initial-state sensitivity,recordedRateLimited,10,pilot,P2,measuredModelRMS,1,1,0.000860605274271513,0.000860605274271513,0.000860605274271513,0
within-run measured-initial-state sensitivity,recordedRateLimited,10,pilot,P2,freezingRMS,1,1,0.0155789809095346,0.0155789809095346,0.0155789809095346,0
within-run measured-initial-state sensitivity,recordedRateLimited,10,pilot,P2,totalRMS,1,1,0.015434432773544,0.015434432773544,0.015434432773544,0
within-run measured-initial-state sensitivity,recordedRateLimited,10,pilot,P2,cleanModelRMS,1,1,0.000798375831520806,0.000798375831520806,0.000798375831520806,0
within-run measured-initial-state sensitivity,recordedRateLimited,10,pilot,P2,initializationEffectRMS,1,1,0.000253506801123307,0.000253506801123307,0.000253506801123307,0
within-run measured-initial-state sensitivity,recordedRateLimited,10,pilot,P2,meanCrossTerm,1,1,-5.22357257670103e-06,-5.22357257670103e-06,-5.22357257670103e-06,0
within-run measured-initial-state sensitivity,recordedRateLimited,10,pilot,K,measuredModelRMS,1,1,0.000277905824955846,0.000277905824955846,0.000277905824955846,0
within-run measured-initial-state sensitivity,recordedRateLimited,10,pilot,K,freezingRMS,1,1,0.0161010438464765,0.0161010438464765,0.0161010438464765,0
within-run measured-initial-state sensitivity,recordedRateLimited,10,pilot,K,totalRMS,1,1,0.0160570086643671,0.0160570086643671,0.0160570086643671,0
within-run measured-initial-state sensitivity,recordedRateLimited,10,pilot,K,cleanModelRMS,1,1,1.07125561904954e-16,1.07125561904954e-16,1.07125561904954e-16,0
within-run measured-initial-state sensitivity,recordedRateLimited,10,pilot,K,initializationEffectRMS,1,1,0.000277905824955812,0.000277905824955812,0.000277905824955812,0
within-run measured-initial-state sensitivity,recordedRateLimited,10,pilot,K,meanCrossTerm,1,1,-1.49331734614285e-06,-1.49331734614285e-06,-1.49331734614285e-06,0
within-run measured-initial-state sensitivity,recordedRateLimited,20,pilot,A,measuredModelRMS,1,1,0.0514364022533671,0.0514364022533671,0.0514364022533671,0
within-run measured-initial-state sensitivity,recordedRateLimited,20,pilot,A,freezingRMS,1,1,1.26675368807445e-16,1.26675368807445e-16,1.26675368807445e-16,0
within-run measured-initial-state sensitivity,recordedRateLimited,20,pilot,A,totalRMS,1,1,0.051436402253367,0.051436402253367,0.051436402253367,0
within-run measured-initial-state sensitivity,recordedRateLimited,20,pilot,A,cleanModelRMS,1,1,0.0514374572100694,0.0514374572100694,0.0514374572100694,0
within-run measured-initial-state sensitivity,recordedRateLimited,20,pilot,A,initializationEffectRMS,1,1,2.35148194489854e-06,2.35148194489854e-06,2.35148194489854e-06,0
within-run measured-initial-state sensitivity,recordedRateLimited,20,pilot,A,meanCrossTerm,1,1,-4.9721212355715e-18,-4.9721212355715e-18,-4.9721212355715e-18,0
within-run measured-initial-state sensitivity,recordedRateLimited,20,pilot,S,measuredModelRMS,1,1,0.00138306709969587,0.00138306709969587,0.00138306709969587,0
within-run measured-initial-state sensitivity,recordedRateLimited,20,pilot,S,freezingRMS,1,1,0.0352680134370907,0.0352680134370907,0.0352680134370907,0
within-run measured-initial-state sensitivity,recordedRateLimited,20,pilot,S,totalRMS,1,1,0.0350006917727145,0.0350006917727145,0.0350006917727145,0
within-run measured-initial-state sensitivity,recordedRateLimited,20,pilot,S,cleanModelRMS,1,1,0.00137904320458717,0.00137904320458717,0.00137904320458717,0
within-run measured-initial-state sensitivity,recordedRateLimited,20,pilot,S,initializationEffectRMS,1,1,7.87236709029941e-06,7.87236709029941e-06,7.87236709029941e-06,0
within-run measured-initial-state sensitivity,recordedRateLimited,20,pilot,S,meanCrossTerm,1,1,-2.06972218325012e-05,-2.06972218325012e-05,-2.06972218325012e-05,0
within-run measured-initial-state sensitivity,recordedRateLimited,20,pilot,W,measuredModelRMS,1,1,0.115399171716473,0.115399171716473,0.115399171716473,0
within-run measured-initial-state sensitivity,recordedRateLimited,20,pilot,W,freezingRMS,1,1,0.0353422965181063,0.0353422965181063,0.0353422965181063,0
within-run measured-initial-state sensitivity,recordedRateLimited,20,pilot,W,totalRMS,1,1,0.139384579404173,0.139384579404173,0.139384579404173,0
within-run measured-initial-state sensitivity,recordedRateLimited,20,pilot,W,cleanModelRMS,1,1,0.115402863756879,0.115402863756879,0.115402863756879,0
within-run measured-initial-state sensitivity,recordedRateLimited,20,pilot,W,initializationEffectRMS,1,1,2.22355485695198e-05,2.22355485695198e-05,2.22355485695198e-05,0
within-run measured-initial-state sensitivity,recordedRateLimited,20,pilot,W,meanCrossTerm,1,1,0.00486201421965643,0.00486201421965643,0.00486201421965643,0
within-run measured-initial-state sensitivity,recordedRateLimited,20,pilot,R,measuredModelRMS,1,1,0.00143436598896212,0.00143436598896212,0.00143436598896212,0
within-run measured-initial-state sensitivity,recordedRateLimited,20,pilot,R,freezingRMS,1,1,0.0351858527544942,0.0351858527544942,0.0351858527544942,0
within-run measured-initial-state sensitivity,recordedRateLimited,20,pilot,R,totalRMS,1,1,0.0348329885918678,0.0348329885918678,0.0348329885918678,0
within-run measured-initial-state sensitivity,recordedRateLimited,20,pilot,R,cleanModelRMS,1,1,0.00143066601721141,0.00143066601721141,0.00143066601721141,0
within-run measured-initial-state sensitivity,recordedRateLimited,20,pilot,R,initializationEffectRMS,1,1,7.86573024458662e-06,7.86573024458662e-06,7.86573024458662e-06,0
within-run measured-initial-state sensitivity,recordedRateLimited,20,pilot,R,meanCrossTerm,1,1,-2.67645456100471e-05,-2.67645456100471e-05,-2.67645456100471e-05,0
within-run measured-initial-state sensitivity,recordedRateLimited,20,pilot,P2,measuredModelRMS,1,1,0.00171592457816835,0.00171592457816835,0.00171592457816835,0
within-run measured-initial-state sensitivity,recordedRateLimited,20,pilot,P2,freezingRMS,1,1,0.0382984583852852,0.0382984583852852,0.0382984583852852,0
within-run measured-initial-state sensitivity,recordedRateLimited,20,pilot,P2,totalRMS,1,1,0.0374612806432769,0.0374612806432769,0.0374612806432769,0
within-run measured-initial-state sensitivity,recordedRateLimited,20,pilot,P2,cleanModelRMS,1,1,0.00171461723883359,0.00171461723883359,0.00171461723883359,0
within-run measured-initial-state sensitivity,recordedRateLimited,20,pilot,P2,initializationEffectRMS,1,1,6.90634934951411e-06,6.90634934951411e-06,6.90634934951411e-06,0
within-run measured-initial-state sensitivity,recordedRateLimited,20,pilot,P2,meanCrossTerm,1,1,-6.63687644130293e-05,-6.63687644130293e-05,-6.63687644130293e-05,0
within-run measured-initial-state sensitivity,recordedRateLimited,20,pilot,K,measuredModelRMS,1,1,8.26651101937854e-06,8.26651101937854e-06,8.26651101937854e-06,0
within-run measured-initial-state sensitivity,recordedRateLimited,20,pilot,K,freezingRMS,1,1,0.0351511976963073,0.0351511976963073,0.0351511976963073,0
within-run measured-initial-state sensitivity,recordedRateLimited,20,pilot,K,totalRMS,1,1,0.0351517165609071,0.0351517165609071,0.0351517165609071,0
within-run measured-initial-state sensitivity,recordedRateLimited,20,pilot,K,cleanModelRMS,1,1,9.95418379727106e-17,9.95418379727106e-17,9.95418379727106e-17,0
within-run measured-initial-state sensitivity,recordedRateLimited,20,pilot,K,initializationEffectRMS,1,1,8.26651101933536e-06,8.26651101933536e-06,8.26651101933536e-06,0
within-run measured-initial-state sensitivity,recordedRateLimited,20,pilot,K,meanCrossTerm,1,1,3.64093582604551e-08,3.64093582604551e-08,3.64093582604551e-08,0
within-run measured-initial-state sensitivity,held,1,confirmation,A,measuredModelRMS,40,40,0.0159005402943221,0.0154661477632509,0.0167776416136635,0.00131149385041258
within-run measured-initial-state sensitivity,held,1,confirmation,A,freezingRMS,40,40,1.92352921592321e-17,1.03081620004859e-17,2.91558850084522e-17,1.88477230079663e-17
within-run measured-initial-state sensitivity,held,1,confirmation,A,totalRMS,40,40,0.0159005402943221,0.0154661477632509,0.0167776416136635,0.00131149385041258
within-run measured-initial-state sensitivity,held,1,confirmation,A,cleanModelRMS,40,40,0.0146392016335133,0.0145350031193709,0.0147782943225376,0.000243291203166652
within-run measured-initial-state sensitivity,held,1,confirmation,A,initializationEffectRMS,40,40,0.0063891296683802,0.00586302460898639,0.00688812178000007,0.00102509717101368
within-run measured-initial-state sensitivity,held,1,confirmation,A,meanCrossTerm,40,40,1.98411244533984e-20,-3.78484688324745e-20,1.08165678011639e-19,1.46014146844114e-19
within-run measured-initial-state sensitivity,held,1,confirmation,S,measuredModelRMS,40,40,0.0063343081158646,0.00604163746774801,0.00691407309578923,0.000872435628041218
within-run measured-initial-state sensitivity,held,1,confirmation,S,freezingRMS,40,40,2.06163240009718e-17,1.03081620004859e-17,2.52497370871375e-17,1.49415750866516e-17
within-run measured-initial-state sensitivity,held,1,confirmation,S,totalRMS,40,40,0.0063343081158646,0.00604163746774801,0.00691407309578923,0.000872435628041215
within-run measured-initial-state sensitivity,held,1,confirmation,S,cleanModelRMS,40,40,0.000448324784162713,0.000299170753562808,0.000538415940529857,0.000239245186967049
within-run measured-initial-state sensitivity,held,1,confirmation,S,initializationEffectRMS,40,40,0.0063009479174096,0.00591714502990399,0.00683891896104969,0.000921773931145693
within-run measured-initial-state sensitivity,held,1,confirmation,S,meanCrossTerm,40,40,0,-3.49267315179825e-20,3.16597223838074e-20,6.658645390179e-20
within-run measured-initial-state sensitivity,held,1,confirmation,W,measuredModelRMS,40,40,0.0285206615784329,0.0280115876790277,0.0293743180315357,0.0013627303525081
within-run measured-initial-state sensitivity,held,1,confirmation,W,freezingRMS,40,40,2.06163240009718e-17,1.54622430007288e-17,2.91558850084522e-17,1.36936420077233e-17
within-run measured-initial-state sensitivity,held,1,confirmation,W,totalRMS,40,40,0.0285206615784329,0.0280115876790277,0.0293743180315357,0.0013627303525081
within-run measured-initial-state sensitivity,held,1,confirmation,W,cleanModelRMS,40,40,0.0276645126046777,0.0275066332230109,0.0279867394358141,0.0004801062128032
within-run measured-initial-state sensitivity,held,1,confirmation,W,initializationEffectRMS,40,40,0.00663489292966271,0.00606212813656098,0.00716445156643156,0.00110232342987058
within-run measured-initial-state sensitivity,held,1,confirmation,W,meanCrossTerm,40,40,0,-2.33508934230072e-19,2.17749468179179e-19,4.51258402409251e-19
within-run measured-initial-state sensitivity,held,1,confirmation,R,measuredModelRMS,40,40,0.00639088931064494,0.006051980975499,0.00696271364430229,0.000910732668803295
within-run measured-initial-state sensitivity,held,1,confirmation,R,freezingRMS,40,40,1.03081620004859e-17,0,2.06163240009718e-17,2.06163240009718e-17
within-run measured-initial-state sensitivity,held,1,confirmation,R,totalRMS,40,40,0.00639088931064494,0.00605198097549901,0.00696271364430229,0.000910732668803287
within-run measured-initial-state sensitivity,held,1,confirmation,R,cleanModelRMS,40,40,0.000487867451900402,0.000347605710399596,0.000575944905932406,0.00022833919553281
within-run measured-initial-state sensitivity,held,1,confirmation,R,initializationEffectRMS,40,40,0.00630216879113289,0.00592018255125848,0.00684047804750924,0.000920295496250762
within-run measured-initial-state sensitivity,held,1,confirmation,R,meanCrossTerm,40,40,0,-8.19437890507306e-21,1.11389256652655e-21,9.30827147159961e-21
within-run measured-initial-state sensitivity,held,1,confirmation,P2,measuredModelRMS,40,40,0.00640759289332478,0.00613920926924052,0.00697892803892079,0.000839718769680265
within-run measured-initial-state sensitivity,held,1,confirmation,P2,freezingRMS,40,40,2.06163240009718e-17,1.03081620004859e-17,2.57555110972161e-17,1.54473490967302e-17
within-run measured-initial-state sensitivity,held,1,confirmation,P2,totalRMS,40,40,0.00640759289332478,0.00613920926924051,0.00697892803892079,0.000839718769680275
within-run measured-initial-state sensitivity,held,1,confirmation,P2,cleanModelRMS,40,40,0.00071083567814502,0.000520714156795664,0.00100699171140386,0.000486277554608196
within-run measured-initial-state sensitivity,held,1,confirmation,P2,initializationEffectRMS,40,40,0.00629809906395601,0.00591484896203256,0.00684438123867229,0.000929532276639732
within-run measured-initial-state sensitivity,held,1,confirmation,P2,meanCrossTerm,40,40,-5.86456762413836e-21,-2.522918856533e-20,1.14557571092439e-20,3.66849456745739e-20
within-run measured-initial-state sensitivity,held,1,confirmation,K,measuredModelRMS,40,40,0.00633053004433245,0.00592407449144877,0.00685222592350555,0.000928151432056786
within-run measured-initial-state sensitivity,held,1,confirmation,K,freezingRMS,40,40,2.06163240009718e-17,0,2.06163240009718e-17,2.06163240009718e-17
within-run measured-initial-state sensitivity,held,1,confirmation,K,totalRMS,40,40,0.00633053004433245,0.00592407449144878,0.00685222592350555,0.000928151432056777
within-run measured-initial-state sensitivity,held,1,confirmation,K,cleanModelRMS,40,40,5.9215882382454e-17,4.7237932643094e-17,6.60044419486955e-17,1.87665093056015e-17
within-run measured-initial-state sensitivity,held,1,confirmation,K,initializationEffectRMS,40,40,0.00633053004433246,0.00592407449144878,0.00685222592350557,0.000928151432056794
within-run measured-initial-state sensitivity,held,1,confirmation,K,meanCrossTerm,40,40,0,0,1.88284913426202e-20,1.88284913426202e-20
within-run measured-initial-state sensitivity,held,2,confirmation,A,measuredModelRMS,40,40,0.0274425013372076,0.0270524155644365,0.0279541488003225,0.000901733235885976
within-run measured-initial-state sensitivity,held,2,confirmation,A,freezingRMS,40,40,6.79858749421771e-17,5.52697799871692e-17,7.23402786328336e-17,1.70704986456643e-17
within-run measured-initial-state sensitivity,held,2,confirmation,A,totalRMS,40,40,0.0274425013372076,0.0270524155644365,0.0279541488003225,0.000901733235885976
within-run measured-initial-state sensitivity,held,2,confirmation,A,cleanModelRMS,40,40,0.0270660060311022,0.0269368785699333,0.0272149718098314,0.000278093239898126
within-run measured-initial-state sensitivity,held,2,confirmation,A,initializationEffectRMS,40,40,0.00417477652228466,0.00386197617628915,0.00452675481685744,0.000664778640568292
within-run measured-initial-state sensitivity,held,2,confirmation,A,meanCrossTerm,40,40,-2.9193072952258e-20,-3.16518491417474e-19,2.72148849710443e-19,5.88667341127917e-19
within-run measured-initial-state sensitivity,held,2,confirmation,S,measuredModelRMS,40,40,0.00441734380587865,0.00416572008650452,0.00482088645229971,0.00065516636579519
within-run measured-initial-state sensitivity,held,2,confirmation,S,freezingRMS,40,40,8.21266114483223e-17,7.21571340034012e-17,8.70105014330336e-17,1.48533674296324e-17
within-run measured-initial-state sensitivity,held,2,confirmation,S,totalRMS,40,40,0.00441734380587866,0.00416572008650453,0.00482088645229975,0.00065516636579522
within-run measured-initial-state sensitivity,held,2,confirmation,S,cleanModelRMS,40,40,0.000681236263755738,0.00046790427759205,0.000836211986259823,0.000368307708667773
within-run measured-initial-state sensitivity,held,2,confirmation,S,initializationEffectRMS,40,40,0.00423016345002919,0.00394316535616558,0.00466722337941479,0.000724058023249205
within-run measured-initial-state sensitivity,held,2,confirmation,S,meanCrossTerm,40,40,4.71892823459802e-20,-2.2710157139018e-20,1.38625296538765e-19,1.61335453677783e-19
within-run measured-initial-state sensitivity,held,2,confirmation,W,measuredModelRMS,40,40,0.0495266184105012,0.048897031380482,0.0501658154535,0.00126878407301803
within-run measured-initial-state sensitivity,held,2,confirmation,W,freezingRMS,40,40,8.53146529620122e-17,7.85046229341888e-17,9.17573726268658e-17,1.3252749692677e-17
within-run measured-initial-state sensitivity,held,2,confirmation,W,totalRMS,40,40,0.0495266184105012,0.0488970313804819,0.0501658154535,0.00126878407301811
within-run measured-initial-state sensitivity,held,2,confirmation,W,cleanModelRMS,40,40,0.0491511536480529,0.0489163898648603,0.0496962307811798,0.000779840916319524
within-run measured-initial-state sensitivity,held,2,confirmation,W,initializationEffectRMS,40,40,0.00460287049224961,0.00414914403381931,0.00509017768578772,0.0009410336519684
within-run measured-initial-state sensitivity,held,2,confirmation,W,meanCrossTerm,40,40,2.6047880376218e-19,-1.12521633013363e-18,1.54028885216355e-18,2.66550518229718e-18
within-run measured-initial-state sensitivity,held,2,confirmation,R,measuredModelRMS,40,40,0.00448163738601705,0.00418009198030275,0.00485303862696705,0.0006729466466643
within-run measured-initial-state sensitivity,held,2,confirmation,R,freezingRMS,40,40,7.21533768955501e-17,6.49895183823499e-17,8.08209856301241e-17,1.58314672477742e-17
within-run measured-initial-state sensitivity,held,2,confirmation,R,totalRMS,40,40,0.00448163738601707,0.00418009198030276,0.00485303862696704,0.000672946646664278
within-run measured-initial-state sensitivity,held,2,confirmation,R,cleanModelRMS,40,40,0.000766594758579046,0.000560701156500455,0.000867175773943266,0.000306474617442811
within-run measured-initial-state sensitivity,held,2,confirmation,R,initializationEffectRMS,40,40,0.00422319035048598,0.00394710600620557,0.00466671891861294,0.000719612912407372
within-run measured-initial-state sensitivity,held,2,confirmation,R,meanCrossTerm,40,40,1.95013852280025e-20,-5.96720582060427e-20,8.28008678605792e-20,1.42472926066622e-19
within-run measured-initial-state sensitivity,held,2,confirmation,P2,measuredModelRMS,40,40,0.00457582267410449,0.00428639850244645,0.00500167337115199,0.000715274868705538
within-run measured-initial-state sensitivity,held,2,confirmation,P2,freezingRMS,40,40,9.3824334830797e-05,6.26217348306532e-05,0.000118382719827503,5.57609849968493e-05
within-run measured-initial-state sensitivity,held,2,confirmation,P2,totalRMS,40,40,0.00460224872157829,0.00427980292955871,0.0049877749050015,0.000707971975442786
within-run measured-initial-state sensitivity,held,2,confirmation,P2,cleanModelRMS,40,40,0.00104204116785039,0.000806283492564889,0.00151327227110167,0.000706988778536781
within-run measured-initial-state sensitivity,held,2,confirmation,P2,initializationEffectRMS,40,40,0.00422154684416307,0.00394643629819673,0.00466722873147031,0.000720792433273584
within-run measured-initial-state sensitivity,held,2,confirmation,P2,meanCrossTerm,40,40,-4.90575646000917e-08,-1.74163997560499e-07,1.64262766944175e-07,3.38426764504673e-07
within-run measured-initial-state sensitivity,held,2,confirmation,K,measuredModelRMS,40,40,0.00425238544972238,0.00398165887765352,0.00468901196175606,0.00070735308410254
within-run measured-initial-state sensitivity,held,2,confirmation,K,freezingRMS,40,40,7.81647696849033e-17,6.89560924682805e-17,8.86741624335484e-17,1.97180699652679e-17
within-run measured-initial-state sensitivity,held,2,confirmation,K,totalRMS,40,40,0.00425238544972237,0.00398165887765352,0.00468901196175605,0.00070735308410253
within-run measured-initial-state sensitivity,held,2,confirmation,K,cleanModelRMS,40,40,8.01779992196341e-17,7.19721108200433e-17,8.77692818774046e-17,1.57971710573613e-17
within-run measured-initial-state sensitivity,held,2,confirmation,K,initializationEffectRMS,40,40,0.00425238544972241,0.00398165887765351,0.00468901196175605,0.00070735308410254
within-run measured-initial-state sensitivity,held,2,confirmation,K,meanCrossTerm,40,40,2.4369094498153e-20,-1.63497380442783e-20,7.02758031402478e-20,8.66255411845261e-20
within-run measured-initial-state sensitivity,held,5,confirmation,A,measuredModelRMS,40,40,0.0598909247718041,0.0594186898189386,0.0601885144564535,0.000769824637514925
within-run measured-initial-state sensitivity,held,5,confirmation,A,freezingRMS,40,40,1.28124228010777e-16,1.1887952350661e-16,1.42811297938613e-16,2.39317744320033e-17
within-run measured-initial-state sensitivity,held,5,confirmation,A,totalRMS,40,40,0.0598909247718041,0.0594186898189386,0.0601885144564535,0.000769824637514953
within-run measured-initial-state sensitivity,held,5,confirmation,A,cleanModelRMS,40,40,0.0598278765264836,0.0594823410029895,0.0602177055386698,0.000735364535680204
within-run measured-initial-state sensitivity,held,5,confirmation,A,initializationEffectRMS,40,40,0.00117309870694007,0.0010847958996203,0.00128095920129684,0.00019616330167654
within-run measured-initial-state sensitivity,held,5,confirmation,A,meanCrossTerm,40,40,6.8509082622656e-19,-2.20378620739896e-18,1.58141356733468e-18,3.78519977473364e-18
within-run measured-initial-state sensitivity,held,5,confirmation,S,measuredModelRMS,40,40,0.00179842759316896,0.00162035344998283,0.00200211304051624,0.000381759590533413
within-run measured-initial-state sensitivity,held,5,confirmation,S,freezingRMS,40,40,1.50788823561596e-16,1.40678174570231e-16,1.72334258969959e-16,3.16560843997287e-17
within-run measured-initial-state sensitivity,held,5,confirmation,S,totalRMS,40,40,0.00179842759316898,0.00162035344998281,0.00200211304051626,0.000381759590533445
within-run measured-initial-state sensitivity,held,5,confirmation,S,cleanModelRMS,40,40,0.000855098143082696,0.000651780823566638,0.00109723064934574,0.000445449825779107
within-run measured-initial-state sensitivity,held,5,confirmation,S,initializationEffectRMS,40,40,0.00140383934878411,0.00131125051166947,0.00160515071032582,0.000293900198656348
within-run measured-initial-state sensitivity,held,5,confirmation,S,meanCrossTerm,40,40,3.47031836554163e-20,-4.43080825526731e-20,9.18357485651718e-20,1.36143831117845e-19
within-run measured-initial-state sensitivity,held,5,confirmation,W,measuredModelRMS,40,40,0.0968169978514286,0.0962163846860238,0.097943188571314,0.00172680388529026
within-run measured-initial-state sensitivity,held,5,confirmation,W,freezingRMS,40,40,1.64283795386242e-16,1.51498422522825e-16,1.85546916008746e-16,3.4048493485921e-17
within-run measured-initial-state sensitivity,held,5,confirmation,W,totalRMS,40,40,0.0968169978514286,0.0962163846860238,0.0979431885713141,0.0017268038852903
within-run measured-initial-state sensitivity,held,5,confirmation,W,cleanModelRMS,40,40,0.0968169314288495,0.096360458457517,0.0981995819306133,0.0018391234730963
within-run measured-initial-state sensitivity,held,5,confirmation,W,initializationEffectRMS,40,40,0.00164894163631602,0.00142938179224666,0.00184885289159407,0.00041947109934741
within-run measured-initial-state sensitivity,held,5,confirmation,W,meanCrossTerm,40,40,6.23073816699e-21,-4.3901692084851e-18,4.7679193504593e-18,9.1580885589444e-18
within-run measured-initial-state sensitivity,held,5,confirmation,R,measuredModelRMS,40,40,0.00189408401321659,0.00172914197307396,0.00218477262076563,0.000455630647691675
within-run measured-initial-state sensitivity,held,5,confirmation,R,freezingRMS,40,40,1.45231608141078e-16,1.38776983274562e-16,1.60107083446962e-16,2.13301001724e-17
within-run measured-initial-state sensitivity,held,5,confirmation,R,totalRMS,40,40,0.0018940840132166,0.00172914197307399,0.00218477262076563,0.000455630647691633
within-run measured-initial-state sensitivity,held,5,confirmation,R,cleanModelRMS,40,40,0.00113862708935625,0.000861058956499721,0.0015105120894851,0.000649453132985379
within-run measured-initial-state sensitivity,held,5,confirmation,R,initializationEffectRMS,40,40,0.00140134934633024,0.00130356381842145,0.00160078574887844,0.000297221930456988
within-run measured-initial-state sensitivity,held,5,confirmation,R,meanCrossTerm,40,40,1.54922372086769e-20,-3.27749542302617e-20,9.40700094216337e-20,1.26844963651895e-19
within-run measured-initial-state sensitivity,held,5,confirmation,P2,measuredModelRMS,40,40,0.00221946949407951,0.00187121643180379,0.00248351449955335,0.00061229806774956
within-run measured-initial-state sensitivity,held,5,confirmation,P2,freezingRMS,40,40,0.00090205135187502,0.000589387759622681,0.00159447445743569,0.00100508669781301
within-run measured-initial-state sensitivity,held,5,confirmation,P2,totalRMS,40,40,0.00222933812187818,0.0020146614170702,0.00274257014313201,0.000727908726061805
within-run measured-initial-state sensitivity,held,5,confirmation,P2,cleanModelRMS,40,40,0.00154533175096478,0.00111810477767976,0.00177922234097695,0.000661117563297195
within-run measured-initial-state sensitivity,held,5,confirmation,P2,initializationEffectRMS,40,40,0.00138407294322642,0.00130433335134152,0.0015890852138843,0.000284751862542782
within-run measured-initial-state sensitivity,held,5,confirmation,P2,meanCrossTerm,40,40,-4.16700301372447e-07,-2.30573961594895e-06,7.21995236241506e-07,3.02773485219046e-06
within-run measured-initial-state sensitivity,held,5,confirmation,K,measuredModelRMS,40,40,0.00143374270098863,0.00132564401935561,0.00161283937559297,0.000287195356237355
within-run measured-initial-state sensitivity,held,5,confirmation,K,freezingRMS,40,40,1.4596142211089e-16,1.33607264093437e-16,1.5952459296348e-16,2.5917328870042e-17
within-run measured-initial-state sensitivity,held,5,confirmation,K,totalRMS,40,40,0.00143374270098865,0.00132564401935561,0.00161283937559297,0.000287195356237363
within-run measured-initial-state sensitivity,held,5,confirmation,K,cleanModelRMS,40,40,1.01522272939067e-16,9.2773458004373e-17,1.14669493105163e-16,2.18960351007905e-17
within-run measured-initial-state sensitivity,held,5,confirmation,K,initializationEffectRMS,40,40,0.00143374270098867,0.0013256440193556,0.00161283937559296,0.000287195356237355
within-run measured-initial-state sensitivity,held,5,confirmation,K,meanCrossTerm,40,40,2.46309272776205e-20,-1.50173649872972e-20,5.52599098771566e-20,7.02772748644539e-20
within-run measured-initial-state sensitivity,held,10,confirmation,A,measuredModelRMS,40,40,0.0865349218482217,0.0861196003032002,0.0870135886023181,0.000893988299117826
within-run measured-initial-state sensitivity,held,10,confirmation,A,freezingRMS,40,40,1.52888432247774e-16,1.39540568352929e-16,1.6363699876471e-16,2.4096430411781e-17
within-run measured-initial-state sensitivity,held,10,confirmation,A,totalRMS,40,40,0.0865349218482216,0.0861196003032002,0.0870135886023181,0.000893988299117895
within-run measured-initial-state sensitivity,held,10,confirmation,A,cleanModelRMS,40,40,0.0865244036521177,0.08610166818325,0.0870151331217598,0.000913464938509731
within-run measured-initial-state sensitivity,held,10,confirmation,A,initializationEffectRMS,40,40,0.000142707558304176,0.000133679257026181,0.000156733438728741,2.30541817025595e-05
within-run measured-initial-state sensitivity,held,10,confirmation,A,meanCrossTerm,40,40,-6.1031726517897e-19,-4.42374473765234e-18,2.98741512817309e-18,7.41115986582543e-18
within-run measured-initial-state sensitivity,held,10,confirmation,S,measuredModelRMS,40,40,0.00087634006526467,0.00073453117181273,0.00125314317587369,0.00051861200406096
within-run measured-initial-state sensitivity,held,10,confirmation,S,freezingRMS,40,40,1.95719350239215e-16,1.64930592007774e-16,2.2147630327903e-16,5.65457112712562e-17
within-run measured-initial-state sensitivity,held,10,confirmation,S,totalRMS,40,40,0.000876340065264717,0.000734531171812668,0.00125314317587361,0.000518612004060944
within-run measured-initial-state sensitivity,held,10,confirmation,S,cleanModelRMS,40,40,0.000817963636450652,0.000652315449318792,0.00118712864875944,0.000534813199440648
within-run measured-initial-state sensitivity,held,10,confirmation,S,initializationEffectRMS,40,40,0.000257723141608694,0.000237074566682255,0.000293402793927302,5.63282272450467e-05
within-run measured-initial-state sensitivity,held,10,confirmation,S,meanCrossTerm,40,40,3.25477685987095e-20,-1.8919797570448e-20,7.35630175099729e-20,9.24828150804209e-20
within-run measured-initial-state sensitivity,held,10,confirmation,W,measuredModelRMS,40,40,0.133711132042688,0.133136139018297,0.135943390057572,0.00280725103927551
within-run measured-initial-state sensitivity,held,10,confirmation,W,freezingRMS,40,40,2.03643151785831e-16,1.75843289621915e-16,2.23944620921109e-16,4.8101331299193e-17
within-run measured-initial-state sensitivity,held,10,confirmation,W,totalRMS,40,40,0.133711132042688,0.133136139018297,0.135943390057573,0.00280725103927576
within-run measured-initial-state sensitivity,held,10,confirmation,W,cleanModelRMS,40,40,0.133903358856486,0.13319307599546,0.135933266891229,0.00274019089576827
within-run measured-initial-state sensitivity,held,10,confirmation,W,initializationEffectRMS,40,40,0.000367579568638244,0.000301695738225188,0.000424070858185853,0.000122375119960664
within-run measured-initial-state sensitivity,held,10,confirmation,W,meanCrossTerm,40,40,1.16448967249288e-18,-7.46181859314107e-18,1.31888214561981e-17,2.06506400493391e-17
within-run measured-initial-state sensitivity,held,10,confirmation,R,measuredModelRMS,40,40,0.00155452086401926,0.00108816328387345,0.00190422256049184,0.000816059276618387
within-run measured-initial-state sensitivity,held,10,confirmation,R,freezingRMS,40,40,1.79728702716522e-16,1.62084381432071e-16,1.94425384833116e-16,3.23410034010445e-17
within-run measured-initial-state sensitivity,held,10,confirmation,R,totalRMS,40,40,0.00155452086401929,0.00108816328387343,0.00190422256049187,0.000816059276618445
within-run measured-initial-state sensitivity,held,10,confirmation,R,cleanModelRMS,40,40,0.00152378211085219,0.000992326189620185,0.00188392892657941,0.00089160273695923
within-run measured-initial-state sensitivity,held,10,confirmation,R,initializationEffectRMS,40,40,0.000257394938828218,0.000234312562029994,0.000291364657264295,5.70520952343008e-05
within-run measured-initial-state sensitivity,held,10,confirmation,R,meanCrossTerm,40,40,3.59056308139314e-20,-2.80899770261746e-20,8.1126855212701e-20,1.09216832238876e-19
within-run measured-initial-state sensitivity,held,10,confirmation,P2,measuredModelRMS,40,40,0.00213674137537485,0.00173689043026181,0.00336298632726037,0.00162609589699856
within-run measured-initial-state sensitivity,held,10,confirmation,P2,freezingRMS,40,40,0.00226343705655023,0.00140044711601854,0.00460452949309665,0.00320408237707812
within-run measured-initial-state sensitivity,held,10,confirmation,P2,totalRMS,40,40,0.00228764743319639,0.00159767273086591,0.00300383219223378,0.00140615946136787
within-run measured-initial-state sensitivity,held,10,confirmation,P2,cleanModelRMS,40,40,0.00213013452918231,0.00169352244292265,0.00344015219609235,0.00174662975316969
within-run measured-initial-state sensitivity,held,10,confirmation,P2,initializationEffectRMS,40,40,0.000255538198958515,0.000223907551029156,0.000291650857276501,6.77433062473455e-05
within-run measured-initial-state sensitivity,held,10,confirmation,P2,meanCrossTerm,40,40,-1.02067524527191e-05,-1.98233855283153e-05,-1.99860136929521e-06,1.78247841590201e-05
within-run measured-initial-state sensitivity,held,10,confirmation,K,measuredModelRMS,40,40,0.000264951059485731,0.000240260352500484,0.000297210728752898,5.6950376252414e-05
within-run measured-initial-state sensitivity,held,10,confirmation,K,freezingRMS,40,40,1.73093679481418e-16,1.57009245868378e-16,1.91182517454004e-16,3.41732715856262e-17
within-run measured-initial-state sensitivity,held,10,confirmation,K,totalRMS,40,40,0.000264951059485727,0.000240260352500469,0.000297210728752864,5.69503762523952e-05
within-run measured-initial-state sensitivity,held,10,confirmation,K,cleanModelRMS,40,40,1.11499819945624e-16,1.03467214491651e-16,1.33209029932396e-16,2.9741815440745e-17
within-run measured-initial-state sensitivity,held,10,confirmation,K,initializationEffectRMS,40,40,0.00026495105948572,0.000240260352500536,0.000297210728752933,5.69503762523968e-05
within-run measured-initial-state sensitivity,held,10,confirmation,K,meanCrossTerm,40,40,8.480800554357e-23,-1.02663824154236e-20,1.66681033410847e-20,2.69344857565083e-20
within-run measured-initial-state sensitivity,held,20,confirmation,A,measuredModelRMS,40,40,0.0963112652864562,0.0959258177721487,0.0967865174564898,0.000860699684341146
within-run measured-initial-state sensitivity,held,20,confirmation,A,freezingRMS,40,40,1.57648539909849e-16,1.42460161025109e-16,1.70317934429975e-16,2.78577734048658e-17
within-run measured-initial-state sensitivity,held,20,confirmation,A,totalRMS,40,40,0.0963112652864561,0.0959258177721486,0.0967865174564898,0.000860699684341201
within-run measured-initial-state sensitivity,held,20,confirmation,A,cleanModelRMS,40,40,0.0963110297327533,0.0959264837598528,0.096786548592954,0.000860064833101262
within-run measured-initial-state sensitivity,held,20,confirmation,A,initializationEffectRMS,40,40,2.12960127107174e-06,2.00233267236941e-06,2.37661814847023e-06,3.74285476100815e-07
within-run measured-initial-state sensitivity,held,20,confirmation,A,meanCrossTerm,40,40,-8.31329785593253e-19,-7.07707712979162e-18,4.50964195799841e-18,1.158671908779e-17
within-run measured-initial-state sensitivity,held,20,confirmation,S,measuredModelRMS,40,40,0.000874518166664629,0.000541509110427903,0.00126214981980711,0.000720640709379204
within-run measured-initial-state sensitivity,held,20,confirmation,S,freezingRMS,40,40,2.08842888985959e-16,1.79726009170689e-16,2.33700875005187e-16,5.39748658344987e-17
within-run measured-initial-state sensitivity,held,20,confirmation,S,totalRMS,40,40,0.000874518166664638,0.00054150911042791,0.00126214981980708,0.000720640709379173
within-run measured-initial-state sensitivity,held,20,confirmation,S,cleanModelRMS,40,40,0.00087376970137967,0.000536656367715195,0.00126469747769612,0.000728041109980922
within-run measured-initial-state sensitivity,held,20,confirmation,S,initializationEffectRMS,40,40,1.05393324612672e-05,8.1517569114451e-06,1.34688295642673e-05,5.3170726528222e-06
within-run measured-initial-state sensitivity,held,20,confirmation,S,meanCrossTerm,40,40,1.62774364558927e-20,-2.10592140515928e-20,8.62427102842929e-20,1.07301924335886e-19
within-run measured-initial-state sensitivity,held,20,confirmation,W,measuredModelRMS,40,40,0.14783498167492,0.147036741684394,0.150470470621386,0.00343372893699273
within-run measured-initial-state sensitivity,held,20,confirmation,W,freezingRMS,40,40,2.21565024702607e-16,1.9469535381022e-16,2.39754121942158e-16,4.5058768131938e-17
within-run measured-initial-state sensitivity,held,20,confirmation,W,totalRMS,40,40,0.147834981674919,0.147036741684394,0.150470470621386,0.00343372893699251
within-run measured-initial-state sensitivity,held,20,confirmation,W,cleanModelRMS,40,40,0.147841620247381,0.147044967938002,0.150472717583106,0.00342774964510373
within-run measured-initial-state sensitivity,held,20,confirmation,W,initializationEffectRMS,40,40,2.22024817273895e-05,1.81674852504488e-05,2.95627848735509e-05,1.13952996231021e-05
within-run measured-initial-state sensitivity,held,20,confirmation,W,meanCrossTerm,40,40,5.18881075411369e-18,-2.9272282547225e-18,1.22361932123923e-17,1.51634214671148e-17
within-run measured-initial-state sensitivity,held,20,confirmation,R,measuredModelRMS,40,40,0.0016522979981479,0.00113158099751293,0.00225434055277129,0.00112275955525836
within-run measured-initial-state sensitivity,held,20,confirmation,R,freezingRMS,40,40,1.8511552044602e-16,1.61594966821884e-16,2.14560842929768e-16,5.29658761078835e-17
within-run measured-initial-state sensitivity,held,20,confirmation,R,totalRMS,40,40,0.0016522979981479,0.00113158099751288,0.00225434055277134,0.00112275955525846
within-run measured-initial-state sensitivity,held,20,confirmation,R,cleanModelRMS,40,40,0.00166079056737658,0.00113323997476248,0.00225058963067861,0.00111734965591614
within-run measured-initial-state sensitivity,held,20,confirmation,R,initializationEffectRMS,40,40,1.03568425126269e-05,8.04260595773195e-06,1.32499624669988e-05,5.20735650926682e-06
within-run measured-initial-state sensitivity,held,20,confirmation,R,meanCrossTerm,40,40,4.4509467601813e-20,-3.78030932675403e-20,1.34708679383976e-19,1.72511772651516e-19
within-run measured-initial-state sensitivity,held,20,confirmation,P2,measuredModelRMS,40,40,0.00408831116301345,0.00211460608497999,0.00503556761114125,0.00292096152616126
within-run measured-initial-state sensitivity,held,20,confirmation,P2,freezingRMS,40,40,0.00367591372496753,0.00218476298940016,0.00748622301275161,0.00530146002335145
within-run measured-initial-state sensitivity,held,20,confirmation,P2,totalRMS,40,40,0.00278360124546029,0.00205415777597215,0.00407764722281514,0.002023489446843
within-run measured-initial-state sensitivity,held,20,confirmation,P2,cleanModelRMS,40,40,0.00408714068019275,0.00212267567733134,0.00504528582554275,0.00292261014821141
within-run measured-initial-state sensitivity,held,20,confirmation,P2,initializationEffectRMS,40,40,1.07585162169135e-05,7.80688926592773e-06,1.49711439966189e-05,7.16425473069115e-06
within-run measured-initial-state sensitivity,held,20,confirmation,P2,meanCrossTerm,40,40,-2.54844516612898e-05,-6.92635094046071e-05,-7.96903653423039e-06,6.12944728703767e-05
within-run measured-initial-state sensitivity,held,20,confirmation,K,measuredModelRMS,40,40,1.09348992393571e-05,8.53412352040062e-06,1.39841897941006e-05,5.45006627369996e-06
within-run measured-initial-state sensitivity,held,20,confirmation,K,freezingRMS,40,40,1.76447054544473e-16,1.54016369508815e-16,1.98814485038703e-16,4.47981155298875e-17
within-run measured-initial-state sensitivity,held,20,confirmation,K,totalRMS,40,40,1.09348992393575e-05,8.53412352038879e-06,1.39841897942072e-05,5.45006627381838e-06
within-run measured-initial-state sensitivity,held,20,confirmation,K,cleanModelRMS,40,40,1.24765455403981e-16,1.13857370719018e-16,1.32710316267265e-16,1.88529455482465e-17
within-run measured-initial-state sensitivity,held,20,confirmation,K,initializationEffectRMS,40,40,1.0934899239372e-05,8.53412352038941e-06,1.39841897940885e-05,5.45006627369907e-06
within-run measured-initial-state sensitivity,held,20,confirmation,K,meanCrossTerm,40,40,-5.7096392042537e-23,-5.15917066688919e-22,8.24017269090112e-22,1.33993433577903e-21
within-run measured-initial-state sensitivity,recordedRateLimited,1,confirmation,A,measuredModelRMS,40,40,0.0159005402943221,0.0154661477632509,0.0167776416136635,0.00131149385041258
within-run measured-initial-state sensitivity,recordedRateLimited,1,confirmation,A,freezingRMS,40,40,1.92352921592321e-17,1.03081620004859e-17,2.91558850084522e-17,1.88477230079663e-17
within-run measured-initial-state sensitivity,recordedRateLimited,1,confirmation,A,totalRMS,40,40,0.0159005402943221,0.0154661477632509,0.0167776416136635,0.00131149385041258
within-run measured-initial-state sensitivity,recordedRateLimited,1,confirmation,A,cleanModelRMS,40,40,0.0146392016335133,0.0145350031193709,0.0147782943225376,0.000243291203166652
within-run measured-initial-state sensitivity,recordedRateLimited,1,confirmation,A,initializationEffectRMS,40,40,0.0063891296683802,0.00586302460898639,0.00688812178000007,0.00102509717101368
within-run measured-initial-state sensitivity,recordedRateLimited,1,confirmation,A,meanCrossTerm,40,40,1.98411244533984e-20,-3.78484688324745e-20,1.08165678011639e-19,1.46014146844114e-19
within-run measured-initial-state sensitivity,recordedRateLimited,1,confirmation,S,measuredModelRMS,40,40,0.0063343081158646,0.00604163746774801,0.00691407309578923,0.000872435628041218
within-run measured-initial-state sensitivity,recordedRateLimited,1,confirmation,S,freezingRMS,40,40,2.06163240009718e-17,1.03081620004859e-17,2.52497370871375e-17,1.49415750866516e-17
within-run measured-initial-state sensitivity,recordedRateLimited,1,confirmation,S,totalRMS,40,40,0.0063343081158646,0.00604163746774801,0.00691407309578923,0.000872435628041215
within-run measured-initial-state sensitivity,recordedRateLimited,1,confirmation,S,cleanModelRMS,40,40,0.000448324784162713,0.000299170753562808,0.000538415940529857,0.000239245186967049
within-run measured-initial-state sensitivity,recordedRateLimited,1,confirmation,S,initializationEffectRMS,40,40,0.0063009479174096,0.00591714502990399,0.00683891896104969,0.000921773931145693
within-run measured-initial-state sensitivity,recordedRateLimited,1,confirmation,S,meanCrossTerm,40,40,0,-3.49267315179825e-20,3.16597223838074e-20,6.658645390179e-20
within-run measured-initial-state sensitivity,recordedRateLimited,1,confirmation,W,measuredModelRMS,40,40,0.0285206615784329,0.0280115876790277,0.0293743180315357,0.0013627303525081
within-run measured-initial-state sensitivity,recordedRateLimited,1,confirmation,W,freezingRMS,40,40,2.06163240009718e-17,1.54622430007288e-17,2.91558850084522e-17,1.36936420077233e-17
within-run measured-initial-state sensitivity,recordedRateLimited,1,confirmation,W,totalRMS,40,40,0.0285206615784329,0.0280115876790277,0.0293743180315357,0.0013627303525081
within-run measured-initial-state sensitivity,recordedRateLimited,1,confirmation,W,cleanModelRMS,40,40,0.0276645126046777,0.0275066332230109,0.0279867394358141,0.0004801062128032
within-run measured-initial-state sensitivity,recordedRateLimited,1,confirmation,W,initializationEffectRMS,40,40,0.00663489292966271,0.00606212813656098,0.00716445156643156,0.00110232342987058
within-run measured-initial-state sensitivity,recordedRateLimited,1,confirmation,W,meanCrossTerm,40,40,0,-2.33508934230072e-19,2.17749468179179e-19,4.51258402409251e-19
within-run measured-initial-state sensitivity,recordedRateLimited,1,confirmation,R,measuredModelRMS,40,40,0.00639088931064494,0.006051980975499,0.00696271364430229,0.000910732668803295
within-run measured-initial-state sensitivity,recordedRateLimited,1,confirmation,R,freezingRMS,40,40,1.03081620004859e-17,0,2.06163240009718e-17,2.06163240009718e-17
within-run measured-initial-state sensitivity,recordedRateLimited,1,confirmation,R,totalRMS,40,40,0.00639088931064494,0.00605198097549901,0.00696271364430229,0.000910732668803287
within-run measured-initial-state sensitivity,recordedRateLimited,1,confirmation,R,cleanModelRMS,40,40,0.000487867451900402,0.000347605710399596,0.000575944905932406,0.00022833919553281
within-run measured-initial-state sensitivity,recordedRateLimited,1,confirmation,R,initializationEffectRMS,40,40,0.00630216879113289,0.00592018255125848,0.00684047804750924,0.000920295496250762
within-run measured-initial-state sensitivity,recordedRateLimited,1,confirmation,R,meanCrossTerm,40,40,0,-8.19437890507306e-21,1.11389256652655e-21,9.30827147159961e-21
within-run measured-initial-state sensitivity,recordedRateLimited,1,confirmation,P2,measuredModelRMS,40,40,0.00640759289332478,0.00613920926924052,0.00697892803892079,0.000839718769680265
within-run measured-initial-state sensitivity,recordedRateLimited,1,confirmation,P2,freezingRMS,40,40,2.06163240009718e-17,1.03081620004859e-17,2.57555110972161e-17,1.54473490967302e-17
within-run measured-initial-state sensitivity,recordedRateLimited,1,confirmation,P2,totalRMS,40,40,0.00640759289332478,0.00613920926924051,0.00697892803892079,0.000839718769680275
within-run measured-initial-state sensitivity,recordedRateLimited,1,confirmation,P2,cleanModelRMS,40,40,0.00071083567814502,0.000520714156795664,0.00100699171140386,0.000486277554608196
within-run measured-initial-state sensitivity,recordedRateLimited,1,confirmation,P2,initializationEffectRMS,40,40,0.00629809906395601,0.00591484896203256,0.00684438123867229,0.000929532276639732
within-run measured-initial-state sensitivity,recordedRateLimited,1,confirmation,P2,meanCrossTerm,40,40,-5.86456762413836e-21,-2.522918856533e-20,1.14557571092439e-20,3.66849456745739e-20
within-run measured-initial-state sensitivity,recordedRateLimited,1,confirmation,K,measuredModelRMS,40,40,0.00633053004433245,0.00592407449144877,0.00685222592350555,0.000928151432056786
within-run measured-initial-state sensitivity,recordedRateLimited,1,confirmation,K,freezingRMS,40,40,2.06163240009718e-17,0,2.06163240009718e-17,2.06163240009718e-17
within-run measured-initial-state sensitivity,recordedRateLimited,1,confirmation,K,totalRMS,40,40,0.00633053004433245,0.00592407449144878,0.00685222592350555,0.000928151432056777
within-run measured-initial-state sensitivity,recordedRateLimited,1,confirmation,K,cleanModelRMS,40,40,5.9215882382454e-17,4.7237932643094e-17,6.60044419486955e-17,1.87665093056015e-17
within-run measured-initial-state sensitivity,recordedRateLimited,1,confirmation,K,initializationEffectRMS,40,40,0.00633053004433246,0.00592407449144878,0.00685222592350557,0.000928151432056794
within-run measured-initial-state sensitivity,recordedRateLimited,1,confirmation,K,meanCrossTerm,40,40,0,0,1.88284913426202e-20,1.88284913426202e-20
within-run measured-initial-state sensitivity,recordedRateLimited,2,confirmation,A,measuredModelRMS,40,40,0.0259525370548132,0.0254686779961047,0.0265117136901689,0.00104303569406415
within-run measured-initial-state sensitivity,recordedRateLimited,2,confirmation,A,freezingRMS,40,40,6.09839088119903e-17,5.35627809524772e-17,6.9340278703077e-17,1.57774977505998e-17
within-run measured-initial-state sensitivity,recordedRateLimited,2,confirmation,A,totalRMS,40,40,0.0259525370548132,0.0254686779961048,0.0265117136901689,0.00104303569406412
within-run measured-initial-state sensitivity,recordedRateLimited,2,confirmation,A,cleanModelRMS,40,40,0.0255336348319389,0.025387043662926,0.02569925380766,0.000312210144733975
within-run measured-initial-state sensitivity,recordedRateLimited,2,confirmation,A,initializationEffectRMS,40,40,0.00417477652228465,0.00386197617628913,0.00452675481685742,0.000664778640568282
within-run measured-initial-state sensitivity,recordedRateLimited,2,confirmation,A,meanCrossTerm,40,40,1.90371892707466e-19,-1.15664560511817e-19,3.92310337076549e-19,5.07974897588367e-19
within-run measured-initial-state sensitivity,recordedRateLimited,2,confirmation,S,measuredModelRMS,40,40,0.00432848548070562,0.00409925610090417,0.00477290214724896,0.000673646046344787
within-run measured-initial-state sensitivity,recordedRateLimited,2,confirmation,S,freezingRMS,40,40,0.00214259644465885,0.00212398171706587,0.00217895169432685,5.49699772609802e-05
within-run measured-initial-state sensitivity,recordedRateLimited,2,confirmation,S,totalRMS,40,40,0.00520193833705058,0.00464080279395174,0.00551744227041662,0.000876639476464885
within-run measured-initial-state sensitivity,recordedRateLimited,2,confirmation,S,cleanModelRMS,40,40,0.000598589910387561,0.000421977804974727,0.000743780962716441,0.000321803157741714
within-run measured-initial-state sensitivity,recordedRateLimited,2,confirmation,S,initializationEffectRMS,40,40,0.00422754717106644,0.00393219753513514,0.00466468107505733,0.000732483539922195
within-run measured-initial-state sensitivity,recordedRateLimited,2,confirmation,S,meanCrossTerm,40,40,2.79538356252642e-06,-1.80719021394068e-06,5.00610853477847e-06,6.81329874871915e-06
within-run measured-initial-state sensitivity,recordedRateLimited,2,confirmation,W,measuredModelRMS,40,40,0.0492280223072907,0.0484702549528659,0.0496893814401326,0.00121912648726673
within-run measured-initial-state sensitivity,recordedRateLimited,2,confirmation,W,freezingRMS,40,40,0.00200867266579628,0.00196538601942568,0.00204295150453836,7.756548511268e-05
within-run measured-initial-state sensitivity,recordedRateLimited,2,confirmation,W,totalRMS,40,40,0.0490182550098861,0.0482585998246157,0.0495029047921107,0.00124430496749495
within-run measured-initial-state sensitivity,recordedRateLimited,2,confirmation,W,cleanModelRMS,40,40,0.0488236998067072,0.0485603547915378,0.0489844332465745,0.000424078455036676
within-run measured-initial-state sensitivity,recordedRateLimited,2,confirmation,W,initializationEffectRMS,40,40,0.00460081123163972,0.00414730410374898,0.00507401590921622,0.000926711805467237
within-run measured-initial-state sensitivity,recordedRateLimited,2,confirmation,W,meanCrossTerm,40,40,-2.48361223608471e-05,-3.0409005751471e-05,-2.13722584295509e-05,9.0367473219201e-06
within-run measured-initial-state sensitivity,recordedRateLimited,2,confirmation,R,measuredModelRMS,40,40,0.00442612328754787,0.00415678641164955,0.00481066318081558,0.000653876769166027
within-run measured-initial-state sensitivity,recordedRateLimited,2,confirmation,R,freezingRMS,40,40,0.00213563936229547,0.00210675853987204,0.00217621314571682,6.94546058447828e-05
within-run measured-initial-state sensitivity,recordedRateLimited,2,confirmation,R,totalRMS,40,40,0.00524492000003021,0.00466383303335052,0.00557294055981063,0.000909107526460106
within-run measured-initial-state sensitivity,recordedRateLimited,2,confirmation,R,cleanModelRMS,40,40,0.0006935662492424,0.000546059656499625,0.000858040276127097,0.000311980619627471
within-run measured-initial-state sensitivity,recordedRateLimited,2,confirmation,R,initializationEffectRMS,40,40,0.00422062617211381,0.00393464541546294,0.00466427884369095,0.000729633428228013
within-run measured-initial-state sensitivity,recordedRateLimited,2,confirmation,R,meanCrossTerm,40,40,2.33446264315857e-06,-1.75079926895391e-06,4.80642997932673e-06,6.55722924828064e-06
within-run measured-initial-state sensitivity,recordedRateLimited,2,confirmation,P2,measuredModelRMS,40,40,0.00455539952864023,0.00423421053867934,0.00487945038177184,0.000645239843092505
within-run measured-initial-state sensitivity,recordedRateLimited,2,confirmation,P2,freezingRMS,40,40,0.00211533569130838,0.00205928481104113,0.00222914424501861,0.000169859433977487
within-run measured-initial-state sensitivity,recordedRateLimited,2,confirmation,P2,totalRMS,40,40,0.00526429147010363,0.00459370368541529,0.00567820387521389,0.00108450018979859
within-run measured-initial-state sensitivity,recordedRateLimited,2,confirmation,P2,cleanModelRMS,40,40,0.000973520731454919,0.000781920588881365,0.00124066287254486,0.000458742283663495
within-run measured-initial-state sensitivity,recordedRateLimited,2,confirmation,P2,initializationEffectRMS,40,40,0.00422493528638679,0.0039378027103915,0.00465946359945395,0.000721660889062448
within-run measured-initial-state sensitivity,recordedRateLimited,2,confirmation,P2,meanCrossTerm,40,40,2.03515006502827e-06,-2.00997111535715e-06,4.64529476024961e-06,6.65526587560676e-06
within-run measured-initial-state sensitivity,recordedRateLimited,2,confirmation,K,measuredModelRMS,40,40,0.00424978168357955,0.00396949267293987,0.00468647927060897,0.000716986597669104
within-run measured-initial-state sensitivity,recordedRateLimited,2,confirmation,K,freezingRMS,40,40,0.00211609291373552,0.00210036765225753,0.0021580956789148,5.77280266572675e-05
within-run measured-initial-state sensitivity,recordedRateLimited,2,confirmation,K,totalRMS,40,40,0.00486903110163908,0.00442657379613732,0.00545163870940212,0.00102506491326481
within-run measured-initial-state sensitivity,recordedRateLimited,2,confirmation,K,cleanModelRMS,40,40,8.11639091529217e-17,7.08500941696022e-17,8.86741624335484e-17,1.78240682639462e-17
within-run measured-initial-state sensitivity,recordedRateLimited,2,confirmation,K,initializationEffectRMS,40,40,0.00424978168357958,0.00396949267293986,0.00468647927060897,0.000716986597669112
within-run measured-initial-state sensitivity,recordedRateLimited,2,confirmation,K,meanCrossTerm,40,40,1.0655082458283e-06,-2.13636835645889e-06,4.06652471381313e-06,6.20289307027202e-06
within-run measured-initial-state sensitivity,recordedRateLimited,5,confirmation,A,measuredModelRMS,40,40,0.0411417310974142,0.0407763876445155,0.0413635366054581,0.000587148960942571
within-run measured-initial-state sensitivity,recordedRateLimited,5,confirmation,A,freezingRMS,40,40,1.16623540033809e-16,1.11022302462516e-16,1.27502892801102e-16,1.64805903385865e-17
within-run measured-initial-state sensitivity,recordedRateLimited,5,confirmation,A,totalRMS,40,40,0.0411417310974142,0.0407763876445154,0.0413635366054581,0.000587148960942648
within-run measured-initial-state sensitivity,recordedRateLimited,5,confirmation,A,cleanModelRMS,40,40,0.0410133401013051,0.0407777932498294,0.0412998314324078,0.000522038182578302
within-run measured-initial-state sensitivity,recordedRateLimited,5,confirmation,A,initializationEffectRMS,40,40,0.00117309870694006,0.00108479589962032,0.00128095920129684,0.00019616330167652
within-run measured-initial-state sensitivity,recordedRateLimited,5,confirmation,A,meanCrossTerm,40,40,3.59611629937999e-19,-1.53343067753256e-18,1.36841156092277e-18,2.90184223845533e-18
within-run measured-initial-state sensitivity,recordedRateLimited,5,confirmation,S,measuredModelRMS,40,40,0.00166027767445038,0.00150934528657609,0.00187789512588746,0.000368549839311363
within-run measured-initial-state sensitivity,recordedRateLimited,5,confirmation,S,freezingRMS,40,40,0.0107749938765146,0.0106013382273562,0.0111805699238132,0.000579231696457001
within-run measured-initial-state sensitivity,recordedRateLimited,5,confirmation,S,totalRMS,40,40,0.0110679761555849,0.0107367663921534,0.0113385808850727,0.000601814492919298
within-run measured-initial-state sensitivity,recordedRateLimited,5,confirmation,S,cleanModelRMS,40,40,0.000697823016196129,0.000467271330376122,0.000970004408517055,0.000502733078140934
within-run measured-initial-state sensitivity,recordedRateLimited,5,confirmation,S,initializationEffectRMS,40,40,0.00136655139961745,0.00127822050169102,0.00157318480297634,0.000294964301285327
within-run measured-initial-state sensitivity,recordedRateLimited,5,confirmation,S,meanCrossTerm,40,40,2.20427230242206e-06,-2.761764046661e-06,7.66300678410326e-06,1.04247708307643e-05
within-run measured-initial-state sensitivity,recordedRateLimited,5,confirmation,W,measuredModelRMS,40,40,0.0833948830124309,0.0830356362004939,0.0837924923849452,0.000756856184451232
within-run measured-initial-state sensitivity,recordedRateLimited,5,confirmation,W,freezingRMS,40,40,0.00482974755057027,0.00470772013429683,0.00494929707051573,0.000241576936218898
within-run measured-initial-state sensitivity,recordedRateLimited,5,confirmation,W,totalRMS,40,40,0.0859825014966156,0.0855931347480677,0.0862917534058106,0.000698618657742928
within-run measured-initial-state sensitivity,recordedRateLimited,5,confirmation,W,cleanModelRMS,40,40,0.0833618105597494,0.0830788633454721,0.0836446834859298,0.000565820140457779
within-run measured-initial-state sensitivity,recordedRateLimited,5,confirmation,W,initializationEffectRMS,40,40,0.00162044826792386,0.00142863680658183,0.00180120060155425,0.000372563794972415
within-run measured-initial-state sensitivity,recordedRateLimited,5,confirmation,W,meanCrossTerm,40,40,0.000410336897585902,0.000393830819823292,0.000418751717644533,2.4920897821241e-05
within-run measured-initial-state sensitivity,recordedRateLimited,5,confirmation,R,measuredModelRMS,40,40,0.00178575808116137,0.00162440597061378,0.00198873583544241,0.000364329864828622
within-run measured-initial-state sensitivity,recordedRateLimited,5,confirmation,R,freezingRMS,40,40,0.0107765297136474,0.0105727814608671,0.0111980145815806,0.000625233120713499
within-run measured-initial-state sensitivity,recordedRateLimited,5,confirmation,R,totalRMS,40,40,0.0108837821635374,0.0106066206433298,0.0112782978546593,0.0006716772113295
within-run measured-initial-state sensitivity,recordedRateLimited,5,confirmation,R,cleanModelRMS,40,40,0.000971877769902725,0.000688075211169477,0.00116362496121722,0.000475549750047738
within-run measured-initial-state sensitivity,recordedRateLimited,5,confirmation,R,initializationEffectRMS,40,40,0.00135819570947797,0.00127090026434946,0.00156453064877577,0.00029363038442631
within-run measured-initial-state sensitivity,recordedRateLimited,5,confirmation,R,meanCrossTerm,40,40,-1.91945905347129e-07,-6.20954636200721e-06,3.16917440196038e-06,9.37872076396759e-06
within-run measured-initial-state sensitivity,recordedRateLimited,5,confirmation,P2,measuredModelRMS,40,40,0.00190208194652283,0.00166969973112816,0.00219551832421432,0.000525818593086167
within-run measured-initial-state sensitivity,recordedRateLimited,5,confirmation,P2,freezingRMS,40,40,0.0110234969555003,0.0104333212413107,0.011538657395985,0.0011053361546743
within-run measured-initial-state sensitivity,recordedRateLimited,5,confirmation,P2,totalRMS,40,40,0.0111042553723397,0.0105270081343236,0.011715312210902,0.00118830407657837
within-run measured-initial-state sensitivity,recordedRateLimited,5,confirmation,P2,cleanModelRMS,40,40,0.00111387694719748,0.000862481579352813,0.00128533064810603,0.000422849068753217
within-run measured-initial-state sensitivity,recordedRateLimited,5,confirmation,P2,initializationEffectRMS,40,40,0.00134863241116288,0.0012940563035071,0.00156259952288444,0.000268543219377338
within-run measured-initial-state sensitivity,recordedRateLimited,5,confirmation,P2,meanCrossTerm,40,40,-1.22929728875343e-06,-8.51478578479e-06,4.93555852080372e-06,1.34503443055937e-05
within-run measured-initial-state sensitivity,recordedRateLimited,5,confirmation,K,measuredModelRMS,40,40,0.0013892866351016,0.00129235731071259,0.00158164265142563,0.000289285340713047
within-run measured-initial-state sensitivity,recordedRateLimited,5,confirmation,K,freezingRMS,40,40,0.01070597727279,0.0105487459600154,0.0111655695482984,0.000616823588283025
within-run measured-initial-state sensitivity,recordedRateLimited,5,confirmation,K,totalRMS,40,40,0.0109038423797418,0.0107014498784928,0.011212083770181,0.000510633891688201
within-run measured-initial-state sensitivity,recordedRateLimited,5,confirmation,K,cleanModelRMS,40,40,1.05627228506515e-16,9.54546107958182e-17,1.14089736555556e-16,1.86351257597373e-17
within-run measured-initial-state sensitivity,recordedRateLimited,5,confirmation,K,initializationEffectRMS,40,40,0.00138928663510162,0.00129235731071259,0.00158164265142564,0.000289285340713052
within-run measured-initial-state sensitivity,recordedRateLimited,5,confirmation,K,meanCrossTerm,40,40,1.76590671486275e-06,-3.941437032862e-06,6.32469878956514e-06,1.02661358224271e-05
within-run measured-initial-state sensitivity,recordedRateLimited,10,confirmation,A,measuredModelRMS,40,40,0.0462554236307725,0.0461133567404586,0.0466396656869712,0.000526308946512552
within-run measured-initial-state sensitivity,recordedRateLimited,10,confirmation,A,freezingRMS,40,40,1.39818451108811e-16,1.31193888453144e-16,1.49022096005645e-16,1.78282075525015e-17
within-run measured-initial-state sensitivity,recordedRateLimited,10,confirmation,A,totalRMS,40,40,0.0462554236307725,0.0461133567404586,0.0466396656869712,0.000526308946512552
within-run measured-initial-state sensitivity,recordedRateLimited,10,confirmation,A,cleanModelRMS,40,40,0.0462429226338015,0.0461287812875719,0.0466352435937431,0.000506462306171171
within-run measured-initial-state sensitivity,recordedRateLimited,10,confirmation,A,initializationEffectRMS,40,40,0.000142707558304163,0.000133679257026192,0.000156733438728745,2.30541817025523e-05
within-run measured-initial-state sensitivity,recordedRateLimited,10,confirmation,A,meanCrossTerm,40,40,6.23730132061873e-20,-1.53886254191273e-18,1.64372538983336e-18,3.18258793174609e-18
within-run measured-initial-state sensitivity,recordedRateLimited,10,confirmation,S,measuredModelRMS,40,40,0.000846380126048852,0.000618807113272895,0.00111464162009341,0.000495834506820517
within-run measured-initial-state sensitivity,recordedRateLimited,10,confirmation,S,freezingRMS,40,40,0.0155403825649253,0.0151871101753684,0.0161288229527325,0.000941712777364122
within-run measured-initial-state sensitivity,recordedRateLimited,10,confirmation,S,totalRMS,40,40,0.01553232853125,0.0151249364021078,0.0160713237873338,0.000946387385225976
within-run measured-initial-state sensitivity,recordedRateLimited,10,confirmation,S,cleanModelRMS,40,40,0.000788871781650421,0.000512265492306613,0.00107042179658112,0.000558156304274509
within-run measured-initial-state sensitivity,recordedRateLimited,10,confirmation,S,initializationEffectRMS,40,40,0.000237270027438152,0.000219321553983028,0.000275483715611876,5.61621616288477e-05
within-run measured-initial-state sensitivity,recordedRateLimited,10,confirmation,S,meanCrossTerm,40,40,-1.51064919290394e-07,-3.34731336865899e-06,1.85896511165679e-06,5.20627848031578e-06
within-run measured-initial-state sensitivity,recordedRateLimited,10,confirmation,W,measuredModelRMS,40,40,0.0982107458394823,0.0978310285914681,0.0985523190433572,0.000721290451889026
within-run measured-initial-state sensitivity,recordedRateLimited,10,confirmation,W,freezingRMS,40,40,0.00775568199778717,0.0076600403440391,0.00788072022395931,0.000220679879920205
within-run measured-initial-state sensitivity,recordedRateLimited,10,confirmation,W,totalRMS,40,40,0.1020639233627,0.101771788869582,0.102375866800019,0.000604077930437485
within-run measured-initial-state sensitivity,recordedRateLimited,10,confirmation,W,cleanModelRMS,40,40,0.0982262758482156,0.097868034735924,0.0985558686984399,0.000687833962515927
within-run measured-initial-state sensitivity,recordedRateLimited,10,confirmation,W,initializationEffectRMS,40,40,0.000357130332412697,0.000298573104287828,0.000394585091017792,9.60119867299638e-05
within-run measured-initial-state sensitivity,recordedRateLimited,10,confirmation,W,meanCrossTerm,40,40,0.000712377741184832,0.00069539958105913,0.000749056448522931,5.36568674638017e-05
within-run measured-initial-state sensitivity,recordedRateLimited,10,confirmation,R,measuredModelRMS,40,40,0.00112849959519364,0.000846151934891926,0.00136673219205848,0.000520580257166554
within-run measured-initial-state sensitivity,recordedRateLimited,10,confirmation,R,freezingRMS,40,40,0.0155383500248857,0.0151176341270671,0.0161161979672726,0.000998563840205451
within-run measured-initial-state sensitivity,recordedRateLimited,10,confirmation,R,totalRMS,40,40,0.0153810234602999,0.0149113846526566,0.016050143268664,0.00113875861600745
within-run measured-initial-state sensitivity,recordedRateLimited,10,confirmation,R,cleanModelRMS,40,40,0.00106637254403316,0.000795875092537071,0.00132418197685133,0.000528306884314256
within-run measured-initial-state sensitivity,recordedRateLimited,10,confirmation,R,initializationEffectRMS,40,40,0.000236952436743863,0.000217305528227531,0.000274236070913285,5.6930542685754e-05
within-run measured-initial-state sensitivity,recordedRateLimited,10,confirmation,R,meanCrossTerm,40,40,-7.26772814290802e-06,-1.00609173055063e-05,-2.76774196491293e-06,7.29317534059337e-06
within-run measured-initial-state sensitivity,recordedRateLimited,10,confirmation,P2,measuredModelRMS,40,40,0.00130175402104492,0.000912104058435289,0.00152323615312018,0.000611132094684891
within-run measured-initial-state sensitivity,recordedRateLimited,10,confirmation,P2,freezingRMS,40,40,0.0157252828975369,0.0149703960368046,0.016264378942812,0.00129398290600742
within-run measured-initial-state sensitivity,recordedRateLimited,10,confirmation,P2,totalRMS,40,40,0.015658566454295,0.0145778114766123,0.0163160243721722,0.00173821289555997
within-run measured-initial-state sensitivity,recordedRateLimited,10,confirmation,P2,cleanModelRMS,40,40,0.00126096571996983,0.000844899076447018,0.00146926258070868,0.000624363504261663
within-run measured-initial-state sensitivity,recordedRateLimited,10,confirmation,P2,initializationEffectRMS,40,40,0.000233092826401033,0.000217287736485229,0.000265932302913662,4.86445664284332e-05
within-run measured-initial-state sensitivity,recordedRateLimited,10,confirmation,P2,meanCrossTerm,40,40,-5.02110377019638e-06,-9.74301497156609e-06,-1.75696719996663e-06,7.98604777159946e-06
within-run measured-initial-state sensitivity,recordedRateLimited,10,confirmation,K,measuredModelRMS,40,40,0.000241522052148712,0.000224496820749875,0.000282575478294256,5.80786575443813e-05
within-run measured-initial-state sensitivity,recordedRateLimited,10,confirmation,K,freezingRMS,40,40,0.0154160306733471,0.0150438460024308,0.0159766403500309,0.000932794347600028
within-run measured-initial-state sensitivity,recordedRateLimited,10,confirmation,K,totalRMS,40,40,0.015474896815798,0.0151155416401372,0.0160926637636583,0.000977122123521076
within-run measured-initial-state sensitivity,recordedRateLimited,10,confirmation,K,cleanModelRMS,40,40,1.17981447336928e-16,1.02682144138806e-16,1.26562744627252e-16,2.38806004884463e-17
within-run measured-initial-state sensitivity,recordedRateLimited,10,confirmation,K,initializationEffectRMS,40,40,0.000241522052148739,0.000224496820749855,0.000282575478294246,5.80786575443908e-05
within-run measured-initial-state sensitivity,recordedRateLimited,10,confirmation,K,meanCrossTerm,40,40,4.43097540777361e-07,-1.05510748733638e-06,1.76983263487989e-06,2.82494012221626e-06
within-run measured-initial-state sensitivity,recordedRateLimited,20,confirmation,A,measuredModelRMS,40,40,0.0526005629638164,0.0523908975587771,0.0527753445503875,0.000384446991610381
within-run measured-initial-state sensitivity,recordedRateLimited,20,confirmation,A,freezingRMS,40,40,1.45698232270864e-16,1.2535275932377e-16,1.56897014311636e-16,3.15442549878665e-17
within-run measured-initial-state sensitivity,recordedRateLimited,20,confirmation,A,totalRMS,40,40,0.0526005629638164,0.0523908975587772,0.0527753445503875,0.000384446991610297
within-run measured-initial-state sensitivity,recordedRateLimited,20,confirmation,A,cleanModelRMS,40,40,0.0526004441666431,0.0523909487412923,0.0527755829556703,0.000384634214378052
within-run measured-initial-state sensitivity,recordedRateLimited,20,confirmation,A,initializationEffectRMS,40,40,2.12960127107272e-06,2.00233267239422e-06,2.37661814844836e-06,3.74285476054142e-07
within-run measured-initial-state sensitivity,recordedRateLimited,20,confirmation,A,meanCrossTerm,40,40,-2.36472578867343e-19,-1.31610955482125e-18,1.18815581958771e-18,2.50426537440896e-18
within-run measured-initial-state sensitivity,recordedRateLimited,20,confirmation,S,measuredModelRMS,40,40,0.00135367301065526,0.000928804814572986,0.00162731766977396,0.000698512855200969
within-run measured-initial-state sensitivity,recordedRateLimited,20,confirmation,S,freezingRMS,40,40,0.0360735732748158,0.0355942697776239,0.0363130529805323,0.000718783202908378
within-run measured-initial-state sensitivity,recordedRateLimited,20,confirmation,S,totalRMS,40,40,0.0359118830742162,0.0352939583831045,0.0361357320292547,0.000841773646150144
within-run measured-initial-state sensitivity,recordedRateLimited,20,confirmation,S,cleanModelRMS,40,40,0.00135376593276331,0.000927325168222022,0.00162743765210636,0.000700112483884338
within-run measured-initial-state sensitivity,recordedRateLimited,20,confirmation,S,initializationEffectRMS,40,40,7.37517174771939e-06,6.67833313648326e-06,8.93962629556773e-06,2.26129315908448e-06
within-run measured-initial-state sensitivity,recordedRateLimited,20,confirmation,S,meanCrossTerm,40,40,-1.78670336451339e-05,-2.45208732456815e-05,-8.25765243325304e-06,1.62632208124285e-05
within-run measured-initial-state sensitivity,recordedRateLimited,20,confirmation,W,measuredModelRMS,40,40,0.119342174556167,0.118964489704719,0.119502163275867,0.000537673571147992
within-run measured-initial-state sensitivity,recordedRateLimited,20,confirmation,W,freezingRMS,40,40,0.0370452532825949,0.0364854189514544,0.0373407178867564,0.000855298935302048
within-run measured-initial-state sensitivity,recordedRateLimited,20,confirmation,W,totalRMS,40,40,0.143522843645055,0.142972238998345,0.144041824537191,0.00106958553884648
within-run measured-initial-state sensitivity,recordedRateLimited,20,confirmation,W,cleanModelRMS,40,40,0.119341139189006,0.118971936756859,0.119501917451352,0.000529980694492754
within-run measured-initial-state sensitivity,recordedRateLimited,20,confirmation,W,initializationEffectRMS,40,40,2.02796110704703e-05,1.67344450202116e-05,2.40842214356386e-05,7.34977641542693e-06
within-run measured-initial-state sensitivity,recordedRateLimited,20,confirmation,W,meanCrossTerm,40,40,0.00501970780347163,0.00494998920957384,0.00508182997540546,0.000131840765831624
within-run measured-initial-state sensitivity,recordedRateLimited,20,confirmation,R,measuredModelRMS,40,40,0.00146214361059834,0.00110638555850158,0.00177507372320303,0.000668688164701447
within-run measured-initial-state sensitivity,recordedRateLimited,20,confirmation,R,freezingRMS,40,40,0.0358323864250455,0.0353932320127823,0.0361957931967193,0.000802561183936949
within-run measured-initial-state sensitivity,recordedRateLimited,20,confirmation,R,totalRMS,40,40,0.0354005145064372,0.0348087456893993,0.0359381698094703,0.00112942412007104
within-run measured-initial-state sensitivity,recordedRateLimited,20,confirmation,R,cleanModelRMS,40,40,0.00146270281065844,0.00110373157365447,0.00177336114073172,0.000669629567077255
within-run measured-initial-state sensitivity,recordedRateLimited,20,confirmation,R,initializationEffectRMS,40,40,7.41195386687412e-06,6.5293580538483e-06,8.67341212610804e-06,2.14405407225974e-06
within-run measured-initial-state sensitivity,recordedRateLimited,20,confirmation,R,meanCrossTerm,40,40,-3.15618922531163e-05,-4.68149142308747e-05,-1.59281830832649e-05,3.08867311476098e-05
within-run measured-initial-state sensitivity,recordedRateLimited,20,confirmation,P2,measuredModelRMS,40,40,0.0018135003032241,0.00150688491159717,0.00219711113083899,0.000690226219241813
within-run measured-initial-state sensitivity,recordedRateLimited,20,confirmation,P2,freezingRMS,40,40,0.0356731682873564,0.034556404417083,0.0364762975643386,0.00191989314725555
within-run measured-initial-state sensitivity,recordedRateLimited,20,confirmation,P2,totalRMS,40,40,0.0351055256499531,0.0342194674847982,0.0360957038698207,0.00187623638502243
within-run measured-initial-state sensitivity,recordedRateLimited,20,confirmation,P2,cleanModelRMS,40,40,0.00181304707421509,0.00150764955690723,0.00219610636986335,0.00068845681295612
within-run measured-initial-state sensitivity,recordedRateLimited,20,confirmation,P2,initializationEffectRMS,40,40,7.22958906895388e-06,6.50498506334168e-06,8.65722057563987e-06,2.15223551229819e-06
within-run measured-initial-state sensitivity,recordedRateLimited,20,confirmation,P2,meanCrossTerm,40,40,-2.77714591957754e-05,-6.25544311080517e-05,-4.73398700132217e-06,5.78204441067295e-05
within-run measured-initial-state sensitivity,recordedRateLimited,20,confirmation,K,measuredModelRMS,40,40,7.52331975569253e-06,6.99859395170164e-06,9.18987344150161e-06,2.19127948979997e-06
within-run measured-initial-state sensitivity,recordedRateLimited,20,confirmation,K,freezingRMS,40,40,0.0359420184212759,0.0354321956033326,0.0361811284859544,0.000748932882621754
within-run measured-initial-state sensitivity,recordedRateLimited,20,confirmation,K,totalRMS,40,40,0.0359418136001084,0.0354315597568827,0.0361798161420447,0.000748256385162002
within-run measured-initial-state sensitivity,recordedRateLimited,20,confirmation,K,cleanModelRMS,40,40,1.14728598137333e-16,1.08167920365952e-16,1.26773630258917e-16,1.8605709892965e-17
within-run measured-initial-state sensitivity,recordedRateLimited,20,confirmation,K,initializationEffectRMS,40,40,7.52331975566761e-06,6.99859395172082e-06,9.18987344148472e-06,2.19127948976389e-06
within-run measured-initial-state sensitivity,recordedRateLimited,20,confirmation,K,meanCrossTerm,40,40,1.04857618484972e-08,-4.81716924909558e-08,7.24004594568736e-08,1.20572151947829e-07
