campaign,model,trial,noise,window,completed,status,expectedSamples,scoredSamples,trackingRMS,inputRMS,peakTrackingError,meanAbsoluteIncrement,totalInputVariation,predictionExpected,predictionFinite,predictionTrueRMS,predictionMeasuredRMS,parameterScaledRMSPercent,parameterFinalScaledPercent,stateMin,stateMax,inputMin,inputMax,outputViolationPeak,outputViolationCount,inputViolationPeak,incrementViolationPeak
pilot,A,0,0,whole,1,complete,1200,1200,0.0557439986120545,0.382549248943879,0.6,0.00736399061584452,8.82942474839759,1200,1200,0.0157376456127302,0.0157376456127302,NaN,NaN,-0.533745263156618,0.85832462150243,-0.803190368874448,0.737185578243406,0,0,0,0
pilot,A,0,0,stationary,1,complete,600,600,0.0488017323478948,0.379903476186762,0.531490542605511,0.00885798528920937,5.31479117352562,600,600,0.0142655999595317,0.0142655999595317,NaN,NaN,-0.533745263156618,0.85832462150243,-0.646759186253582,0.510409865175526,0,0,0,0
pilot,A,1,1,whole,1,complete,1200,1200,0.0558524001045944,0.382526870343011,0.6,0.0157455825471983,18.8789534740907,1200,1200,0.0171925780068208,0.0200630864683755,NaN,NaN,-0.534746625318441,0.858613408854414,-0.800700548887286,0.739100357967068,0,0,0,0
pilot,A,1,1,stationary,1,complete,600,600,0.0486978169907425,0.379900780278956,0.530005361724541,0.0173479352921309,10.4087611752785,600,600,0.0158100839876605,0.0192206225733031,NaN,NaN,-0.534746625318441,0.858613408854414,-0.648842332541049,0.505419094566556,0,0,0,0
pilot,S,0,0,whole,1,complete,1200,1200,0.0489914633574396,0.385971648879788,0.610573413626729,0.006907245487627,8.28178733966478,1200,1200,1.13027498583537e-05,1.13027498583537e-05,0.00219024488046526,0.00182519141977412,-0.571978647826062,0.822697771627371,-0.748078959215534,0.769521398366212,0,0,0,0
pilot,S,0,0,stationary,1,complete,600,600,0.0448054800140174,0.38237290799671,0.610573413626729,0.00881627528399786,5.28976517039872,600,600,7.97002186822382e-06,7.97002186822382e-06,0.00215918486351234,0.00182519141977412,-0.571978647826062,0.822697771627371,-0.689704262234683,0.622120238459059,0,0,0,0
pilot,S,1,1,whole,1,complete,1200,1200,0.0490686000992728,0.385968476182576,0.604914727959877,0.0148171101223289,17.7657150366724,1200,1200,0.00674638927846471,0.0121361018684135,0.251304100238691,0.361392040373685,-0.570008937533608,0.816761371389394,-0.752596329239069,0.775248268899778,0,0,0,0
pilot,S,1,1,stationary,1,complete,600,600,0.0444700259203918,0.382378732325204,0.604914727959877,0.0166832130424398,10.0099278254639,600,600,0.00682792247148519,0.0123026941029562,0.261701418491554,0.361392040373685,-0.570008937533608,0.816761371389394,-0.689809525993074,0.615896151865011,0,0,0,0
pilot,W,0,0,whole,1,complete,1200,1200,0.0763775540488144,0.379375715864998,0.841889392368061,0.00818190008682465,9.81009820410275,1200,1200,0.0279917862816869,0.0279917862816869,NaN,NaN,-0.516337636393927,0.934222115161228,-0.749999982462574,0.883772286382169,0,0,0,0
pilot,W,0,0,stationary,1,complete,600,600,0.0752446500069847,0.3779026638615,0.841889392368061,0.00982728741112876,5.89637244667726,600,600,0.025298935910449,0.025298935910449,NaN,NaN,-0.516337636393927,0.923672585487862,-0.749999982462574,0.567086693548941,0,0,0,0
pilot,W,1,1,whole,1,complete,1200,1200,0.0765918288373183,0.379458643346355,0.841929279641728,0.0185748074644902,22.2711941499238,1200,1200,0.0290546347640987,0.0309168470368447,NaN,NaN,-0.517626555136055,0.93855812188518,-0.749999972716252,0.885954547520285,0,0,0,0
pilot,W,1,1,stationary,1,complete,600,600,0.0754149624131064,0.377973863838119,0.841929279641728,0.020552702013041,12.3316212078246,600,600,0.0265415128770246,0.0287992441818538,NaN,NaN,-0.517626555136055,0.934591249800551,-0.749999972716252,0.590563226266984,0,0,0,0
pilot,R,0,0,whole,1,complete,1200,1200,0.0489908493611567,0.38597560923301,0.610532493861314,0.00690759647610956,8.28220817485537,1200,1200,1.51843794191118e-05,1.51843794191118e-05,0.00299849689302899,0.00223021325875105,-0.571956510137485,0.822708354457149,-0.748159888813363,0.769584357232493,0,0,0,0
pilot,R,0,0,stationary,1,complete,600,600,0.0448035258002422,0.382374652028803,0.610532493861314,0.00881625635055703,5.28975381033422,600,600,9.84440717297021e-06,9.84440717297021e-06,0.00301923518135798,0.00223021325875105,-0.571956510137485,0.822708354457149,-0.689670923763117,0.62209363110166,0,0,0,0
pilot,R,1,1,whole,1,complete,1200,1200,0.0490569523406717,0.385904547185013,0.604409924011221,0.0148575169159988,17.8141627822825,1200,1200,0.00676098402902522,0.0121444593722582,0.226242603884268,0.326693538552587,-0.56972062965789,0.817002821037018,-0.751825179700421,0.775713388520768,0,0,0,0
pilot,R,1,1,stationary,1,complete,600,600,0.0444418690905801,0.382363694432793,0.604409924011221,0.0167061640214144,10.0236984128487,600,600,0.00683752879189891,0.0123104045446017,0.23432041479587,0.326693538552587,-0.56972062965789,0.817002821037018,-0.689450722802994,0.615601902157181,0,0,0,0
pilot,P2,0,0,whole,1,complete,1200,1200,0.0489840051358222,0.38598977439124,0.610086781531812,0.0069090757874398,8.28398186914033,1200,1200,3.76628297015442e-05,3.76628297015442e-05,0.0529904818418262,0.0386045854925535,-0.571749948876733,0.822799356103871,-0.747982174507505,0.770401413065739,0,0,0,0
pilot,P2,0,0,stationary,1,complete,600,600,0.0447854191065576,0.382379382557092,0.610086781531812,0.00881509245324495,5.28905547194697,600,600,2.93359959845321e-05,2.93359959845321e-05,0.0517297752291301,0.0386045854925535,-0.571749948876733,0.822799356103871,-0.689351060096685,0.621665961840485,0,0,0,0
pilot,P2,1,1,whole,1,complete,1200,1200,0.0492356106860326,0.385810390906246,0.608840650592669,0.014864043665237,17.8219883546192,1200,1200,0.00678498689034744,0.0121556855091589,0.405376313118994,0.327363840524881,-0.574199979226432,0.815152842069221,-0.77022372646421,0.764555114289642,0,0,0,0
pilot,P2,1,1,stationary,1,complete,600,600,0.0446449828855626,0.382283753656743,0.608840650592669,0.0166522255331987,9.99133531991923,600,600,0.00684802609670763,0.0123218677616464,0.401376547323408,0.327363840524881,-0.574199979226432,0.815152842069221,-0.688232152805514,0.616271757992602,0,0,0,0
pilot,K,0,0,whole,1,complete,1200,1200,0.0489910781924341,0.385958982348048,0.610542240652279,0.00690659164799854,8.28100338595025,1200,1200,5.74190850114132e-17,5.74190850114132e-17,NaN,NaN,-0.57194012757205,0.822674666477123,-0.747984972203211,0.76948768010246,0,0,0,0
pilot,K,0,0,stationary,1,complete,600,600,0.0448025913457877,0.382363738410075,0.610542240652279,0.0088157557906752,5.28945347440512,600,600,5.90660819124413e-17,5.90660819124413e-17,NaN,NaN,-0.57194012757205,0.822674666477123,-0.689652441705812,0.622093260329003,0,0,0,0
pilot,K,1,1,whole,1,complete,1200,1200,0.0491009154927822,0.386040808802741,0.608358266868685,0.0148374456511187,17.7900973356913,1200,1200,0.00673027492690322,0.0121257686725987,NaN,NaN,-0.572195208134934,0.818090370918719,-0.753619973883699,0.775871415706951,0,0,0,0
pilot,K,1,1,stationary,1,complete,600,600,0.0448231962443633,0.382407952611633,0.608358266868685,0.0167478902663811,10.0487341598287,600,600,0.00682995894162583,0.0122968901452684,NaN,NaN,-0.572195208134934,0.818090370918719,-0.692948578575987,0.618999173542731,0,0,0,0
confirmation,A,0,0,whole,1,complete,1200,1200,0.0558234167158101,0.381649356680145,0.6,0.0073396108612427,8.80019342263,1200,1200,0.0158492809626005,0.0158492809626005,NaN,NaN,-0.532185474817471,0.858498714609156,-0.797567494837651,0.734971878574409,0,0,0,0
confirmation,A,0,0,stationary,1,complete,600,600,0.0485384421345039,0.379372779082372,0.529330693556818,0.00884500389850078,5.30700233910047,600,600,0.0142416490943464,0.0142416490943464,NaN,NaN,-0.532185474817471,0.858498714609156,-0.644436944437434,0.50907306666984,0,0,0,0
confirmation,A,1,1,whole,1,complete,1200,1200,0.0559340628947582,0.381925638848799,0.6,0.0156979273063526,18.8218148403167,1200,1200,0.0172991716364898,0.019986716934375,NaN,NaN,-0.534372714779592,0.858032503332596,-0.79270847986294,0.733806556988386,0,0,0,0
confirmation,A,1,1,stationary,1,complete,600,600,0.0481249763139024,0.37948045931432,0.522261386237809,0.0173069823715823,10.3841894229494,600,600,0.0158694812924777,0.0188370319610851,NaN,NaN,-0.534372714779592,0.858032503332596,-0.643856351542014,0.511190795667775,0,0,0,0
confirmation,A,2,1,whole,1,complete,1200,1200,0.0559040517139683,0.382039895844957,0.6,0.0160151767901164,19.2021969713496,1200,1200,0.0170686922365452,0.0203134181327336,NaN,NaN,-0.528438399715861,0.859559477977211,-0.796974979577754,0.744280931831693,0,0,0,0
confirmation,A,2,1,stationary,1,complete,600,600,0.0485097602289138,0.379658043612006,0.528427037250687,0.0174170725194442,10.4502435116665,600,600,0.0154183804889433,0.0190405546512558,NaN,NaN,-0.528438399715861,0.859559477977211,-0.62863156759394,0.501894857122076,0,0,0,0
confirmation,A,3,1,whole,1,complete,1200,1200,0.0559436913043072,0.381828688501704,0.6,0.0156493122066945,18.7635253358267,1200,1200,0.0172312957847978,0.0198906334419876,NaN,NaN,-0.532982817017867,0.856969874417058,-0.79264594549643,0.72622736542859,0,0,0,0
confirmation,A,3,1,stationary,1,complete,600,600,0.0486882922729335,0.37951168186892,0.52789820827084,0.0174025621237365,10.4415372742419,600,600,0.0161041536735702,0.0187955287827376,NaN,NaN,-0.532982817017867,0.856969874417058,-0.644973289089288,0.501232185518064,0,0,0,0
confirmation,A,4,1,whole,1,complete,1200,1200,0.055990514839603,0.381547938718881,0.6,0.0156948554427632,18.8181316758731,1200,1200,0.0173764101585036,0.020228320628644,NaN,NaN,-0.531205318918338,0.860112295637223,-0.794116870924788,0.712746953243161,0,0,0,0
confirmation,A,4,1,stationary,1,complete,600,600,0.0484854957640618,0.379482060736337,0.525784165362854,0.0171346174954298,10.2807704972579,600,600,0.0158988492422018,0.018886765630246,NaN,NaN,-0.531205318918338,0.860112295637223,-0.643843086109475,0.50265863557885,0,0,0,0
confirmation,A,5,1,whole,1,complete,1200,1200,0.0558942616696132,0.381801637082953,0.6,0.0158483259490064,19.0021428128587,1200,1200,0.0172084636427271,0.0199898180695984,NaN,NaN,-0.532206058068748,0.859823011443031,-0.798052420785117,0.736903282567046,0,0,0,0
confirmation,A,5,1,stationary,1,complete,600,600,0.0485038746219401,0.379503362685351,0.525423954745665,0.0169064795095348,10.1438877057209,600,600,0.0159341186784937,0.0184493170693823,NaN,NaN,-0.532206058068748,0.859823011443031,-0.647868706518073,0.506988351528183,0,0,0,0
confirmation,A,6,1,whole,1,complete,1200,1200,0.0559445942143876,0.381684363064054,0.6,0.0156835351807402,18.8045586817075,1200,1200,0.0171409262012117,0.0201702792346233,NaN,NaN,-0.531653627873404,0.859782010132106,-0.797368740128954,0.736189866696928,0,0,0,0
confirmation,A,6,1,stationary,1,complete,600,600,0.0485053697746801,0.379361795282055,0.523456275996418,0.0174410006694167,10.46460040165,600,600,0.0155923169233315,0.0191155448926222,NaN,NaN,-0.531653627873404,0.859782010132106,-0.645468465350668,0.505999876644118,0,0,0,0
confirmation,A,7,1,whole,1,complete,1200,1200,0.0560567353242384,0.382048475299477,0.6,0.0151843699190436,18.2060595329333,1200,1200,0.0175266528052661,0.0197396183656418,NaN,NaN,-0.528747833049394,0.855621772557877,-0.795152452284829,0.731466782874495,0,0,0,0
confirmation,A,7,1,stationary,1,complete,600,600,0.0484784022258486,0.37954059005294,0.524944969098707,0.0163428370317949,9.80570221907691,600,600,0.0161872572012332,0.0183464103769401,NaN,NaN,-0.528747833049394,0.855621772557877,-0.635291807133493,0.49892673536476,0,0,0,0
confirmation,A,8,1,whole,1,complete,1200,1200,0.0561250274779524,0.381903111824232,0.6,0.0153586243975837,18.4149906527029,1200,1200,0.0175678795023376,0.0197399283421118,NaN,NaN,-0.532221680295109,0.860282895348678,-0.794641568765197,0.729041069778362,0,0,0,0
confirmation,A,8,1,stationary,1,complete,600,600,0.0485104703373021,0.379725969954593,0.524717002574665,0.0166763396736759,10.0058038042055,600,600,0.0160015847435781,0.0184728696166652,NaN,NaN,-0.532221680295109,0.860282895348678,-0.645373998892287,0.50371548209719,0,0,0,0
confirmation,A,9,1,whole,1,complete,1200,1200,0.0560858902117794,0.38172442066264,0.6,0.0159801065434775,19.1601477456295,1200,1200,0.0175911675676523,0.0202971755719517,NaN,NaN,-0.531640697370382,0.860701985076326,-0.794223560410009,0.733276054160727,0,0,0,0
confirmation,A,9,1,stationary,1,complete,600,600,0.0486996133913363,0.379322403894846,0.528055739186978,0.0169687011812781,10.1812207087668,600,600,0.015957239582793,0.0188247073868026,NaN,NaN,-0.531640697370382,0.860701985076326,-0.640767299631814,0.5122995987374,0,0,0,0
confirmation,A,10,1,whole,1,complete,1200,1200,0.055815671762517,0.381900229587809,0.6,0.0153206298506692,18.3694351909524,1200,1200,0.0168594872559433,0.0199077303501049,NaN,NaN,-0.531629066481146,0.855927367250804,-0.794356285448088,0.735138595533844,0,0,0,0
confirmation,A,10,1,stationary,1,complete,600,600,0.0482147148204379,0.379584687241614,0.524510263840317,0.0170228963848728,10.2137378309237,600,600,0.0155826512428443,0.0187267952571171,NaN,NaN,-0.531629066481146,0.855927367250804,-0.640980851410935,0.502196971725476,0,0,0,0
confirmation,A,11,1,whole,1,complete,1200,1200,0.0559684602882863,0.382047125170529,0.6,0.0154949190133109,18.5784078969598,1200,1200,0.017168789897888,0.0196009926870283,NaN,NaN,-0.535364976942234,0.857697249440077,-0.798689881024218,0.736184317230462,0,0,0,0
confirmation,A,11,1,stationary,1,complete,600,600,0.0486547728842887,0.379688604784987,0.530411704289661,0.0168746576925665,10.1247946155399,600,600,0.0155009916844758,0.0184249969529254,NaN,NaN,-0.535364976942234,0.857697249440077,-0.655874339553487,0.502784980101458,0,0,0,0
confirmation,A,12,1,whole,1,complete,1200,1200,0.0559011891730559,0.381792029519338,0.6,0.0156974601067568,18.8212546680014,1200,1200,0.0170254063418576,0.0198309608307515,NaN,NaN,-0.533709414123139,0.854718735339943,-0.796681987016494,0.740893298582511,0,0,0,0
confirmation,A,12,1,stationary,1,complete,600,600,0.048644893853521,0.379720684579736,0.532173123612764,0.0171532572922482,10.2919543753489,600,600,0.0153339441148139,0.0184652668022129,NaN,NaN,-0.533709414123139,0.854718735339943,-0.649943300896859,0.495123958253307,0,0,0,0
confirmation,A,13,1,whole,1,complete,1200,1200,0.0558425124257308,0.382009063603339,0.6,0.0157948670341598,18.9380455739576,1200,1200,0.016931612707723,0.020254027957807,NaN,NaN,-0.531518201567179,0.858519656198336,-0.794569528575388,0.73033069964728,0,0,0,0
confirmation,A,13,1,stationary,1,complete,600,600,0.0482906874381157,0.379924629747619,0.523839722366426,0.017459543253123,10.4757259518738,600,600,0.0157131499609378,0.0190504742256033,NaN,NaN,-0.531518201567179,0.858519656198336,-0.644138819600662,0.505961719515144,0,0,0,0
confirmation,A,14,1,whole,1,complete,1200,1200,0.0560076242222732,0.382164092200016,0.6,0.0153549310190455,18.4105622918356,1200,1200,0.0172617014460572,0.0197319123952315,NaN,NaN,-0.526042429510507,0.857604166150257,-0.796593047326512,0.737750528565854,0,0,0,0
confirmation,A,14,1,stationary,1,complete,600,600,0.0484663233275336,0.379762106792259,0.524824290996406,0.0166578523530483,9.99471141182899,600,600,0.0159048640900856,0.0180781782602406,NaN,NaN,-0.526042429510507,0.857604166150257,-0.629269116852329,0.502510668491365,0,0,0,0
confirmation,A,15,1,whole,1,complete,1200,1200,0.0560836841068297,0.381828533968902,0.6,0.0152642287411236,18.3018102606072,1200,1200,0.0175395547697936,0.019727734134586,NaN,NaN,-0.53138036904287,0.856875894489825,-0.792858040530863,0.722911778699451,0,0,0,0
confirmation,A,15,1,stationary,1,complete,600,600,0.0483064594371901,0.379506239757194,0.521715056824656,0.0172082250630789,10.3249350378473,600,600,0.0158023411010454,0.018897365288597,NaN,NaN,-0.53138036904287,0.856875894489825,-0.639334963302717,0.501310152823574,0,0,0,0
confirmation,A,16,1,whole,1,complete,1200,1200,0.0559496124069582,0.381911901986646,0.6,0.0157261098655262,18.8556057287659,1200,1200,0.0171672531207364,0.0200071960262047,NaN,NaN,-0.530985192044226,0.857951705344796,-0.79673718408915,0.73944570809106,0,0,0,0
confirmation,A,16,1,stationary,1,complete,600,600,0.0485610083578902,0.379670787962411,0.526619142703256,0.0168661956859825,10.1197174115895,600,600,0.01561221690016,0.018398557506853,NaN,NaN,-0.530985192044226,0.857951705344796,-0.63881761583731,0.500204851152672,0,0,0,0
confirmation,A,17,1,whole,1,complete,1200,1200,0.055958026174219,0.381804178212125,0.6,0.0157510440039771,18.8855017607686,1200,1200,0.0173434879453159,0.019909065544527,NaN,NaN,-0.532932230157463,0.861587790055801,-0.794870020333069,0.739375718389303,0,0,0,0
confirmation,A,17,1,stationary,1,complete,600,600,0.0485439251489168,0.379498064606317,0.526589581163288,0.0172615406280321,10.3569243768192,600,600,0.015905085314725,0.0185851782285838,NaN,NaN,-0.532932230157463,0.861587790055801,-0.643398863578228,0.519597917303303,0,0,0,0
confirmation,A,18,1,whole,1,complete,1200,1200,0.055777693978283,0.382234673849062,0.6,0.0153518576041388,18.4068772673624,1200,1200,0.0166061390173842,0.0197780910224928,NaN,NaN,-0.532179399318422,0.854303097678467,-0.799175462130535,0.731706740517727,0,0,0,0
confirmation,A,18,1,stationary,1,complete,600,600,0.048258201976971,0.379779275394866,0.52615323817984,0.017048700125981,10.2292200755886,600,600,0.0151512293244521,0.0186066681623076,NaN,NaN,-0.532179399318422,0.854303097678467,-0.643960484207901,0.497936230527908,0,0,0,0
confirmation,A,19,1,whole,1,complete,1200,1200,0.056106948131633,0.381828532612154,0.6,0.0154990522836177,18.5833636880576,1200,1200,0.0176184234661839,0.0199223258878826,NaN,NaN,-0.532841007838002,0.860716702244235,-0.792695511408465,0.733372452362714,0,0,0,0
confirmation,A,19,1,stationary,1,complete,600,600,0.0485026493872112,0.379561997306274,0.525226918461597,0.0170437620364575,10.2262572218745,600,600,0.0162558330726137,0.0187189140173564,NaN,NaN,-0.532841007838002,0.860716702244235,-0.643566430348994,0.505483694335958,0,0,0,0
confirmation,A,20,1,whole,1,complete,1200,1200,0.0559348198685532,0.381969408635775,0.6,0.0157760852849941,18.9155262567079,1200,1200,0.0170607189784583,0.020009202259043,NaN,NaN,-0.529358066184373,0.858271333104129,-0.797698151244465,0.739681346442419,0,0,0,0
confirmation,A,20,1,stationary,1,complete,600,600,0.0485805309447103,0.379798351009683,0.527891407423344,0.017514731365675,10.508838819405,600,600,0.0157704356033481,0.0188096184841957,NaN,NaN,-0.529358066184373,0.858271333104129,-0.641137741795179,0.506883708710358,0,0,0,0
confirmation,A,21,1,whole,1,complete,1200,1200,0.0561026482214067,0.381439938213415,0.6,0.0156148654338153,18.7222236551445,1200,1200,0.0175907235378339,0.0200421168513472,NaN,NaN,-0.524601755568518,0.857815051435664,-0.792710480664032,0.744184410377866,0,0,0,0
confirmation,A,21,1,stationary,1,complete,600,600,0.0483961847643614,0.37901559760558,0.526165923728137,0.016986739070288,10.1920434421728,600,600,0.0159548176970565,0.0186983897378361,NaN,NaN,-0.524601755568518,0.857815051435664,-0.632397475497567,0.501073579165673,0,0,0,0
confirmation,A,22,1,whole,1,complete,1200,1200,0.0558757940997046,0.382014352484386,0.6,0.0158234739779031,18.9723452995058,1200,1200,0.017050867910735,0.0201013528127336,NaN,NaN,-0.532817507573102,0.863425364126727,-0.798399788382491,0.741391086896111,0,0,0,0
confirmation,A,22,1,stationary,1,complete,600,600,0.0484820808261369,0.379510408932881,0.525729452779667,0.0170497333145236,10.2298399887142,600,600,0.0157386207769971,0.018640068859295,NaN,NaN,-0.532817507573102,0.863425364126727,-0.64060741831552,0.519348668460472,0,0,0,0
confirmation,A,23,1,whole,1,complete,1200,1200,0.0560205747648041,0.382044531608406,0.6,0.0155393902618528,18.6317289239616,1200,1200,0.0173534961214898,0.0199308497908351,NaN,NaN,-0.535276040803292,0.857018006396483,-0.792801503593153,0.729729341011426,0,0,0,0
confirmation,A,23,1,stationary,1,complete,600,600,0.0484549622945248,0.379618576305332,0.526357130772859,0.0171642654238099,10.298559254286,600,600,0.0158207022021609,0.0185840966340705,NaN,NaN,-0.535276040803292,0.857018006396483,-0.653243555679266,0.501556936755658,0,0,0,0
confirmation,A,24,1,whole,1,complete,1200,1200,0.0558824712361372,0.381675521230502,0.6,0.0151249825829159,18.1348541169162,1200,1200,0.0168969815976207,0.0196937797582446,NaN,NaN,-0.53454071673183,0.859806909160076,-0.793362777068375,0.7314900710657,0,0,0,0
confirmation,A,24,1,stationary,1,complete,600,600,0.0484487435482292,0.379351724576254,0.528304338357159,0.0167351933166228,10.0411159899737,600,600,0.0151109199184796,0.0184547075408382,NaN,NaN,-0.53454071673183,0.859806909160076,-0.650155795111511,0.511792435042763,0,0,0,0
confirmation,A,25,1,whole,1,complete,1200,1200,0.0561365996960461,0.382014383618317,0.6,0.0157786899756613,18.9186492808179,1200,1200,0.0176599914973574,0.0200541196648004,NaN,NaN,-0.531947242948099,0.860392858910167,-0.796640273929654,0.730061658227005,0,0,0,0
confirmation,A,25,1,stationary,1,complete,600,600,0.0483982443588064,0.379842364172356,0.523848805766024,0.0171263985527615,10.2758391316569,600,600,0.0161145444701239,0.018768397060613,NaN,NaN,-0.531947242948099,0.860392858910167,-0.644845621482878,0.506965415002138,0,0,0,0
confirmation,A,26,1,whole,1,complete,1200,1200,0.0559146505583685,0.382184429682325,0.6,0.0158304648771258,18.9807273876738,1200,1200,0.0172499147068779,0.0204299492397252,NaN,NaN,-0.531512224007082,0.856594257086286,-0.794332420445119,0.744277430831068,0,0,0,0
confirmation,A,26,1,stationary,1,complete,600,600,0.0482185564317909,0.379960791900612,0.523234452853281,0.0172671036421139,10.3602621852684,600,600,0.0157030348012584,0.0193438078243551,NaN,NaN,-0.531512224007082,0.856594257086286,-0.643882791371043,0.500007851285582,0,0,0,0
confirmation,A,27,1,whole,1,complete,1200,1200,0.056068740482534,0.381898628813707,0.6,0.0156615833482025,18.7782384344948,1200,1200,0.0175163595602661,0.0199410107195583,NaN,NaN,-0.526345287989283,0.863824050138386,-0.793902820297571,0.739758909819713,0,0,0,0
confirmation,A,27,1,stationary,1,complete,600,600,0.0486174134109483,0.379770419659077,0.526056833225228,0.0174557119312878,10.4734271587727,600,600,0.0161947290732354,0.0189442732787046,NaN,NaN,-0.526345287989283,0.863824050138386,-0.633000962209505,0.522247435078381,0,0,0,0
confirmation,A,28,1,whole,1,complete,1200,1200,0.0560566505002515,0.38185306350675,0.6,0.0158567955733177,19.0122978924079,1200,1200,0.0175494496485683,0.0201296859491748,NaN,NaN,-0.534589956089757,0.859209842828773,-0.794319219128374,0.73474330632301,0,0,0,0
confirmation,A,28,1,stationary,1,complete,600,600,0.0484643198254391,0.379564548561327,0.524728825952379,0.0174102943938595,10.4461766363157,600,600,0.0159403666802452,0.0192367904783849,NaN,NaN,-0.534589956089757,0.859209842828773,-0.644803428694419,0.509952708509468,0,0,0,0
confirmation,A,29,1,whole,1,complete,1200,1200,0.0560238272974816,0.381751896824654,0.6,0.0154259669942302,18.495734426082,1200,1200,0.0174962635011191,0.0197101496038602,NaN,NaN,-0.533694563450469,0.8569088119142,-0.794551623755724,0.724794548775878,0,0,0,0
confirmation,A,29,1,stationary,1,complete,600,600,0.0484155808775655,0.379420373964714,0.523185399034856,0.0169934204672687,10.1960522803612,600,600,0.0159504452558747,0.0183958466206795,NaN,NaN,-0.533694563450469,0.8569088119142,-0.649937419141334,0.50376609685529,0,0,0,0
confirmation,A,30,1,whole,1,complete,1200,1200,0.056013032941002,0.381981163285785,0.6,0.0161733818069786,19.3918847865673,1200,1200,0.0174252448074525,0.0206167044800845,NaN,NaN,-0.52978689516521,0.864067824622122,-0.793191339107727,0.729151752207396,0,0,0,0
confirmation,A,30,1,stationary,1,complete,600,600,0.0482761096797516,0.379777654756801,0.522916122963186,0.0173477101332376,10.4086260799426,600,600,0.0159983742824176,0.0190487998264532,NaN,NaN,-0.52978689516521,0.864067824622122,-0.643440802213788,0.51006385147055,0,0,0,0
confirmation,A,31,1,whole,1,complete,1200,1200,0.0560667764063526,0.381777870657944,0.6,0.01552777187901,18.617798482933,1200,1200,0.0175466268340517,0.0198195176881921,NaN,NaN,-0.531150598602595,0.861515687566194,-0.799614076864862,0.729810767981405,0,0,0,0
confirmation,A,31,1,stationary,1,complete,600,600,0.0486678224548277,0.379549348050134,0.52645406210615,0.0168849157246058,10.1309494347635,600,600,0.0162790132677535,0.0186104391783672,NaN,NaN,-0.531150598602595,0.861515687566194,-0.646248259775165,0.508647405817859,0,0,0,0
confirmation,A,32,1,whole,1,complete,1200,1200,0.0559078030360955,0.382099259966899,0.6,0.0154399326274594,18.5124792203238,1200,1200,0.0169725068250497,0.0197326009019581,NaN,NaN,-0.533977185745631,0.860037314122502,-0.79557270311879,0.728403343090555,0,0,0,0
confirmation,A,32,1,stationary,1,complete,600,600,0.0484189701845896,0.379629984383163,0.525529740092668,0.016984742241365,10.190845344819,600,600,0.015525715049032,0.018256786400718,NaN,NaN,-0.533977185745631,0.860037314122502,-0.646587258657901,0.509680501144154,0,0,0,0
confirmation,A,33,1,whole,1,complete,1200,1200,0.055885647521434,0.38168368520198,0.6,0.0157914181306693,18.9339103386725,1200,1200,0.0171800928647805,0.020232912544904,NaN,NaN,-0.533390363594472,0.863983197956276,-0.795611814759212,0.737196353520793,0,0,0,0
confirmation,A,33,1,stationary,1,complete,600,600,0.0482464233499994,0.379398455767179,0.525164853130586,0.0173535135047297,10.4121081028378,600,600,0.0158084046390964,0.0189913228138997,NaN,NaN,-0.533390363594472,0.863983197956276,-0.648903958255933,0.508118714999633,0,0,0,0
confirmation,A,34,1,whole,1,complete,1200,1200,0.0559858106758257,0.38219464461867,0.6,0.0157295605459489,18.8597430945927,1200,1200,0.0172973806983434,0.0198808342666223,NaN,NaN,-0.53198407302128,0.858139679325661,-0.798254804724742,0.743304764333445,0,0,0,0
confirmation,A,34,1,stationary,1,complete,600,600,0.048517700110373,0.379802959790423,0.52806068434642,0.0178044003645954,10.6826402187572,600,600,0.01555575374041,0.019155153224492,NaN,NaN,-0.53198407302128,0.858139679325661,-0.64328650203663,0.511122803650553,0,0,0,0
confirmation,A,35,1,whole,1,complete,1200,1200,0.0559617318089099,0.382245841139104,0.6,0.0157087376264781,18.8347764141472,1200,1200,0.017072496413935,0.0198770545360939,NaN,NaN,-0.534536311841997,0.858267586431938,-0.799581436929065,0.722468539612971,0,0,0,0
confirmation,A,35,1,stationary,1,complete,600,600,0.0485216169219844,0.379884871374768,0.525952490199254,0.0173895617206863,10.4337370324118,600,600,0.0157293645798049,0.0185919381590508,NaN,NaN,-0.534536311841997,0.858267586431938,-0.652148463761309,0.513037939849907,0,0,0,0
confirmation,A,36,1,whole,1,complete,1200,1200,0.0559287761122508,0.382210698021865,0.6,0.0159676122642148,19.1451671047936,1200,1200,0.0171716953666273,0.0203859135386805,NaN,NaN,-0.531875720441235,0.853925891349072,-0.796681097121549,0.729613538274041,0,0,0,0
confirmation,A,36,1,stationary,1,complete,600,600,0.0484373652326263,0.379900437563986,0.524964252637468,0.0169548657520545,10.1729194512327,600,600,0.0154969348643338,0.01884150974474,NaN,NaN,-0.531875720441235,0.853925891349072,-0.638600375347828,0.50081433112003,0,0,0,0
confirmation,A,37,1,whole,1,complete,1200,1200,0.0559108249772391,0.382086595736488,0.6,0.0154040354732269,18.469438532399,1200,1200,0.0169705856844283,0.0198712936828089,NaN,NaN,-0.527821950301199,0.859281522182593,-0.794647262779945,0.728017551794844,0,0,0,0
confirmation,A,37,1,stationary,1,complete,600,600,0.0483947255121758,0.379820185831851,0.52662362079249,0.0170755308776763,10.2453185266058,600,600,0.0155465063236217,0.0185594406025328,NaN,NaN,-0.527821950301199,0.859281522182593,-0.638649956823626,0.506023264948421,0,0,0,0
confirmation,A,38,1,whole,1,complete,1200,1200,0.0559686649658409,0.381617256074755,0.6,0.015477122849752,18.5570702968526,1200,1200,0.0170866622400602,0.0197821349747505,NaN,NaN,-0.528192579979428,0.861543129553842,-0.799312617143792,0.729864622842635,0,0,0,0
confirmation,A,38,1,stationary,1,complete,600,600,0.0486184226238508,0.379337293068476,0.527115847703635,0.0172927045619741,10.3756227371844,600,600,0.0155493201199979,0.0188514367784948,NaN,NaN,-0.528192579979428,0.861543129553842,-0.638177415105704,0.518351642393853,0,0,0,0
confirmation,A,39,1,whole,1,complete,1200,1200,0.056070932307358,0.381933419465923,0.6,0.0156098950165869,18.7162641248877,1200,1200,0.0176292188410958,0.0198495871434267,NaN,NaN,-0.531402395922207,0.863885068120134,-0.794447939200598,0.731120025611408,0,0,0,0
confirmation,A,39,1,stationary,1,complete,600,600,0.0485009872412939,0.379598633176309,0.526555952971069,0.016904075845733,10.1424455074398,600,600,0.0160158029561257,0.0184429340648064,NaN,NaN,-0.531402395922207,0.863885068120134,-0.639671188813846,0.526451559597922,0,0,0,0
confirmation,A,40,1,whole,1,complete,1200,1200,0.0560298845111829,0.381954064096774,0.6,0.0152266361935717,18.2567367960924,1200,1200,0.0173842621682595,0.0195528948283335,NaN,NaN,-0.535004315424976,0.859807423610258,-0.795413806032164,0.728289269927882,0,0,0,0
confirmation,A,40,1,stationary,1,complete,600,600,0.0485691869808979,0.379635547162566,0.524916649593249,0.0165225779286995,9.91354675721969,600,600,0.016025555053685,0.0177430605882463,NaN,NaN,-0.535004315424976,0.859807423610258,-0.656465910739022,0.506349355888199,0,0,0,0
confirmation,S,0,0,whole,1,complete,1200,1200,0.0489914669223513,0.38597187334346,0.610574374376081,0.00690725429166009,8.28179789570045,1200,1200,1.11771882833922e-05,1.11771882833922e-05,0.00228739706312117,0.00188709144964064,-0.571979747011468,0.822698040253013,-0.748088640709919,0.769521022798873,0,0,0,0
confirmation,S,0,0,stationary,1,complete,600,600,0.0448056395849228,0.382372961591845,0.610574374376081,0.0088162975507286,5.28977853043716,600,600,7.89965386660801e-06,7.89965386660801e-06,0.00226045409137764,0.00188709144964064,-0.571979747011468,0.822698040253013,-0.689705742337698,0.622121146107304,0,0,0,0
confirmation,S,1,1,whole,1,complete,1200,1200,0.049105694063738,0.386258295731097,0.615115473578354,0.0150561379649946,18.0523094200286,1200,1200,0.00663122758517749,0.0121348204898956,0.234514775150821,0.284192832922823,-0.571921680598141,0.824245790210388,-0.745728722277662,0.759079978640715,0,0,0,0
confirmation,S,1,1,stationary,1,complete,600,600,0.044897437663342,0.382525033087581,0.615115473578354,0.017122340368524,10.2734042211144,600,600,0.00665105776464597,0.0122016625393206,0.243913638183183,0.284192832922823,-0.571921680598141,0.824245790210388,-0.693604764010469,0.629597599724928,0,0,0,0
confirmation,S,2,1,whole,1,complete,1200,1200,0.0491380633461483,0.386379397468165,0.609111634470526,0.0152224851131935,18.251759650719,1200,1200,0.00656160372926777,0.0124662156469147,0.0777744805101542,0.147873362590521,-0.57472476427461,0.823468860920501,-0.752286920704568,0.767580921446819,0,0,0,0
confirmation,S,2,1,stationary,1,complete,600,600,0.0449396501497777,0.382708383914663,0.609111634470526,0.0171444039646711,10.2866423788027,600,600,0.00666535116593212,0.0125045267674587,0.0839371651741709,0.147873362590521,-0.57472476427461,0.823468860920501,-0.691489666660139,0.619469370030225,0,0,0,0
confirmation,S,3,1,whole,1,complete,1200,1200,0.0491456033886127,0.386176481204574,0.616322021433765,0.0148081091540182,17.7549228756678,1200,1200,0.0065361986253319,0.0119649015432985,0.133731062897671,0.212166742533866,-0.573149153793751,0.818277303107068,-0.740769190430875,0.771528948977231,0,0,0,0
confirmation,S,3,1,stationary,1,complete,600,600,0.0452164053288526,0.382543101816202,0.616322021433765,0.0169985374453248,10.1991224671949,600,600,0.00671805890307888,0.0123835337096837,0.139742137896481,0.212166742533866,-0.573149153793751,0.818277303107068,-0.688743652234944,0.627822717306107,0,0,0,0
confirmation,S,4,1,whole,1,complete,1200,1200,0.0490418046919136,0.385891197716134,0.60017569285561,0.0149487524089514,17.9235541383327,1200,1200,0.00665033481838942,0.0123730022544897,0.322433788663879,0.389688871124782,-0.56863298244881,0.818404969725262,-0.749363153889242,0.789052584019261,0,0,0,0
confirmation,S,4,1,stationary,1,complete,600,600,0.0443462355953799,0.382419011309317,0.60017569285561,0.0166204320110862,9.9722592066517,600,600,0.00652798253118184,0.0123419662446477,0.333424524650768,0.389688871124782,-0.56863298244881,0.818404969725262,-0.684921509007984,0.609503232794303,0,0,0,0
confirmation,S,5,1,whole,1,complete,1200,1200,0.0491626817102012,0.386143780252646,0.617384649740089,0.0149658291733038,17.9440291787912,1200,1200,0.00661004037030687,0.0119470987055656,0.134449737724768,0.220371440185269,-0.569161118349949,0.826699255884093,-0.745643883040668,0.771732338281046,0,0,0,0
confirmation,S,5,1,stationary,1,complete,600,600,0.0452022321603885,0.382552457234705,0.617384649740089,0.01641665307358,9.84999184414801,600,600,0.00645102343191919,0.011459745841759,0.140215880096904,0.220371440185269,-0.569161118349949,0.826699255884093,-0.677216202624492,0.629057915583584,0,0,0,0
confirmation,S,6,1,whole,1,complete,1200,1200,0.0490942156132196,0.385999987386852,0.60471544119486,0.0149142269313871,17.8821580907331,1200,1200,0.00680465624265583,0.0121074304761145,0.243790115245291,0.34768695707851,-0.568888618452587,0.825241707714103,-0.751371710206603,0.775095762097141,0,0,0,0
confirmation,S,6,1,stationary,1,complete,600,600,0.0446335847458065,0.382326806236713,0.60471544119486,0.0169012874307384,10.140772458443,600,600,0.00679587381409708,0.0124819120061939,0.25414456765645,0.34768695707851,-0.568888618452587,0.825241707714103,-0.68891085920602,0.614248895286984,0,0,0,0
confirmation,S,7,1,whole,1,complete,1200,1200,0.0490219485302943,0.386390191645087,0.604410128392518,0.0144056730307763,17.2724019639008,1200,1200,0.0064685764331401,0.0116967495811899,0.308139488340591,0.411019409461325,-0.570296192862602,0.819329805282404,-0.754517346811636,0.765437496542609,0,0,0,0
confirmation,S,7,1,stationary,1,complete,600,600,0.0442747324923016,0.38248216063523,0.604410128392518,0.0158756314527937,9.52537887167624,600,600,0.00644589442488075,0.0114976755241383,0.316630472817937,0.411019409461325,-0.570296192862602,0.819329805282404,-0.685568189915161,0.615771489074499,0,0,0,0
confirmation,S,8,1,whole,1,complete,1200,1200,0.0490945930971257,0.386201064859382,0.607753367296811,0.0144842061599517,17.3665631857821,1200,1200,0.00644571458557496,0.0116483825547643,0.251925674238047,0.346817558095532,-0.570348290975677,0.822449058988952,-0.740613745009076,0.764045805864381,0,0,0,0
confirmation,S,8,1,stationary,1,complete,600,600,0.0447408218895337,0.382724108391193,0.607753367296811,0.016246597150051,9.74795829003062,600,600,0.00641569919535397,0.0116322189727112,0.261589685674727,0.346817558095532,-0.570348290975677,0.822449058988952,-0.687149695155822,0.619260950879066,0,0,0,0
confirmation,S,9,1,whole,1,complete,1200,1200,0.0490906979117638,0.385980783996474,0.607926238791055,0.0152160484217119,18.2440420576326,1200,1200,0.00687448638099208,0.0124911228846716,0.104422989239385,0.217478472448926,-0.572126995291371,0.821843459404433,-0.750804128324264,0.770240071637763,0,0,0,0
confirmation,S,9,1,stationary,1,complete,600,600,0.0448165288876126,0.382272014752748,0.607926238791055,0.0164680619549758,9.8808371729855,600,600,0.00660871813416755,0.0116767849560738,0.109937103979289,0.217478472448926,-0.572126995291371,0.821843459404433,-0.692262733999978,0.618939252313261,0,0,0,0
confirmation,S,10,1,whole,1,complete,1200,1200,0.0490499841358852,0.386351462465324,0.604451194257918,0.0145035588551414,17.3897670673146,1200,1200,0.00640908520976832,0.0115954323794185,0.356019385503459,0.442090359388729,-0.570604087598633,0.820572262750774,-0.737365579090729,0.76933086192626,0,0,0,0
confirmation,S,10,1,stationary,1,complete,600,600,0.0444728367636014,0.382696078789454,0.604451194257918,0.0165367571367934,9.92205428207606,600,600,0.00659693239649892,0.0117903984615479,0.365191254252819,0.442090359388729,-0.570604087598633,0.820572262750774,-0.688184952819812,0.616594082092643,0,0,0,0
confirmation,S,11,1,whole,1,complete,1200,1200,0.0491130397180734,0.386373093251582,0.616147160003586,0.0147910142179822,17.7344260473607,1200,1200,0.00622978392252696,0.0115547454504943,0.147838804255388,0.0301444985183384,-0.57050852497417,0.823811921024774,-0.752027031695234,0.76132345941563,0,0,0,0
confirmation,S,11,1,stationary,1,complete,600,600,0.0451871536205497,0.38271703410487,0.616147160003586,0.0165095878260451,9.90575269562705,600,600,0.006237122666788,0.0115183955022875,0.139999077722507,0.0301444985183384,-0.57050852497417,0.823811921024774,-0.682719275113083,0.629569118397794,0,0,0,0
confirmation,S,12,1,whole,1,complete,1200,1200,0.0490586729097043,0.38609241294568,0.606179109919573,0.0148823622491662,17.8439523367503,1200,1200,0.00645269948483913,0.0117408582225906,0.089604740718641,0.0608775706703272,-0.571817503324233,0.816083591316693,-0.743934869397374,0.775806157603263,0,0,0,0
confirmation,S,12,1,stationary,1,complete,600,600,0.0447826914409217,0.382705197601255,0.606179109919573,0.016761591198294,10.0569547189764,600,600,0.00633190695264561,0.0116346856789559,0.0834385376800674,0.0608775706703272,-0.571817503324233,0.816083591316693,-0.690979355170598,0.616942228740536,0,0,0,0
confirmation,S,13,1,whole,1,complete,1200,1200,0.0490846115671372,0.386412925477269,0.610869140559109,0.0149972493654339,17.9817019891552,1200,1200,0.00657098027519577,0.0121146270814693,0.235332828978794,0.346081023380787,-0.570787797958759,0.82718464115558,-0.741233280975271,0.775452378631584,0,0,0,0
confirmation,S,13,1,stationary,1,complete,600,600,0.0446942327719988,0.382997804000744,0.610869140559109,0.0169098220026313,10.1458932015788,600,600,0.00673456982705917,0.0122875699042921,0.244652291844237,0.346081023380787,-0.570787797958759,0.82718464115558,-0.682759518035011,0.622697477478357,0,0,0,0
confirmation,S,14,1,whole,1,complete,1200,1200,0.0490516316521839,0.386503268029385,0.608907231838999,0.0146343414626495,17.5465754137168,1200,1200,0.0063326077905104,0.0116836401757625,0.218381138398047,0.282961342647118,-0.570340546496787,0.823588076268602,-0.754883068474663,0.767226477425098,0,0,0,0
confirmation,S,14,1,stationary,1,complete,600,600,0.0445211798381566,0.382749960897599,0.608907231838999,0.0162430827516928,9.74584965101569,600,600,0.00622123094632628,0.0113053207771582,0.227834121644814,0.282961342647118,-0.570340546496787,0.823588076268602,-0.687964943707483,0.620697122273572,0,0,0,0
confirmation,S,15,1,whole,1,complete,1200,1200,0.0489877770759861,0.386230397201257,0.6,0.0145886811838211,17.4918287394015,1200,1200,0.00647885853069731,0.0117716590510568,0.218774293217083,0.270072938690412,-0.571382004112407,0.827674389672657,-0.756982000844555,0.786427517257759,0,0,0,0
confirmation,S,15,1,stationary,1,complete,600,600,0.0442861414642977,0.382549132434616,0.597256459164664,0.0167821697660485,10.0693018596291,600,600,0.00662216906445168,0.0122075323441151,0.227524094218546,0.270072938690412,-0.571382004112407,0.827674389672657,-0.690774416484429,0.608535505803601,0,0,0,0
confirmation,S,16,1,whole,1,complete,1200,1200,0.0490476677859354,0.386317081372333,0.606984008908019,0.0148688186280604,17.8277135350445,1200,1200,0.00657615079707429,0.0119128575550201,0.168777199414953,0.247618026600854,-0.572233215525121,0.820469033241623,-0.745730634460976,0.784762863836573,0,0,0,0
confirmation,S,16,1,stationary,1,complete,600,600,0.0446086658333478,0.38266141100466,0.606984008908019,0.0163643638259626,9.81861829557755,600,600,0.00642959679735228,0.0115109538204515,0.178422705484228,0.247618026600854,-0.572233215525121,0.820469033241623,-0.689523209069763,0.618190436489044,0,0,0,0
confirmation,S,17,1,whole,1,complete,1200,1200,0.0491159727299571,0.386086597027176,0.612111411716284,0.014850623681871,17.8058977945633,1200,1200,0.00642673991994259,0.0119041612148141,0.103562715101699,0.204899926408484,-0.573126830498886,0.826232999209503,-0.749909832222341,0.761896886449674,0,0,0,0
confirmation,S,17,1,stationary,1,complete,600,600,0.0448279168226858,0.382481788345748,0.612111411716284,0.0167204769914076,10.0322861948446,600,600,0.0063444955351646,0.011817348148653,0.110201987485888,0.204899926408484,-0.573126830498886,0.826232999209503,-0.689041583561229,0.623311049343858,0,0,0,0
confirmation,S,18,1,whole,1,complete,1200,1200,0.0490974953138873,0.386592270589539,0.614492817937263,0.0146715319693131,17.5911668312064,1200,1200,0.00647503095532928,0.0115583266096976,0.183311062322538,0.255382193772064,-0.571691826476816,0.820528027205141,-0.751326094986576,0.770361715227384,0,0,0,0
confirmation,S,18,1,stationary,1,complete,600,600,0.0447930826856768,0.382745398839373,0.614492817937263,0.0165727589921482,9.94365539528891,600,600,0.00660467194744343,0.011721891681032,0.19101637120483,0.255382193772064,-0.571691826476816,0.820528027205141,-0.689095374014263,0.627218351811881,0,0,0,0
confirmation,S,19,1,whole,1,complete,1200,1200,0.0490752690655791,0.386153883944872,0.605055795974109,0.0147907674631454,17.7341301883113,1200,1200,0.00661971714343895,0.0120321922516986,0.274467280619309,0.288701314991386,-0.570365035643893,0.818695793160492,-0.745967624041788,0.757346711549256,0,0,0,0
confirmation,S,19,1,stationary,1,complete,600,600,0.0445471561525419,0.382559385890147,0.605055795974109,0.0167794895960019,10.0676937576011,600,600,0.00681251708886113,0.0122906247993961,0.283636411246022,0.288701314991386,-0.570365035643893,0.818695793160492,-0.688742875839739,0.616313255727154,0,0,0,0
confirmation,S,20,1,whole,1,complete,1200,1200,0.0490655174363864,0.386311000226858,0.607442108258743,0.014945545095608,17.919708569634,1200,1200,0.00642275826356864,0.0119909366535437,0.130074653043511,0.208364404590808,-0.569577944910664,0.824258185220255,-0.749866193134265,0.772118617780853,0,0,0,0
confirmation,S,20,1,stationary,1,complete,600,600,0.0447610865388053,0.382809364137319,0.607442108258743,0.0170393270091266,10.2235962054759,600,600,0.00642017711310273,0.0121262248771464,0.139342260964689,0.208364404590808,-0.569577944910664,0.824258185220255,-0.682451368894643,0.619044924239336,0,0,0,0
confirmation,S,21,1,whole,1,complete,1200,1200,0.0490357798875974,0.385765208915326,0.602223685065579,0.0148712441050604,17.8306216819674,1200,1200,0.0066551069997269,0.012166851974133,0.31605680978619,0.367510066434211,-0.566959200953068,0.811429157609313,-0.745531943451,0.774673131686708,0,0,0,0
confirmation,S,21,1,stationary,1,complete,600,600,0.0442563521026695,0.381983972429397,0.602223685065579,0.0164027177611897,9.84163065671379,600,600,0.00648653950467516,0.0120377170365349,0.328641461101421,0.367510066434211,-0.566959200953068,0.811429157609313,-0.679470391474357,0.613386310790585,0,0,0,0
confirmation,S,22,1,whole,1,complete,1200,1200,0.0490320223168945,0.386362427399428,0.603688322427676,0.0149969725535762,17.9813700917378,1200,1200,0.00660903296970285,0.0120419656021927,0.147059957775395,0.222007509445652,-0.572879392551814,0.825778712058056,-0.754630177100894,0.778408485758836,0,0,0,0
confirmation,S,22,1,stationary,1,complete,600,600,0.0444096072321859,0.382418502948849,0.603688322427676,0.0164620401754742,9.87722410528451,600,600,0.00660563593669384,0.0116783460969893,0.155378443259947,0.222007509445652,-0.572879392551814,0.825778712058056,-0.694370640963265,0.613989266787512,0,0,0,0
confirmation,S,23,1,whole,1,complete,1200,1200,0.049058229464017,0.386368179956951,0.604577787192106,0.0148033319483543,17.7491950060768,1200,1200,0.00648682198856854,0.0118998205068386,0.247358811706389,0.333384641514322,-0.570362962433301,0.817702636748291,-0.746794493404626,0.773487778927406,0,0,0,0
confirmation,S,23,1,stationary,1,complete,600,600,0.0444504036285314,0.382578018900981,0.604577787192106,0.0167360280187021,10.0416168112213,600,600,0.00645273861983008,0.0118646738202646,0.256546271262533,0.333384641514322,-0.570362962433301,0.817702636748291,-0.688098037644654,0.615447365615909,0,0,0,0
confirmation,S,24,1,whole,1,complete,1200,1200,0.0490916018322948,0.386024978409357,0.608489667334293,0.0144305546197643,17.3022349890974,1200,1200,0.00633760737832627,0.0113740469403142,0.176730436633835,0.287253245968449,-0.571303282524153,0.819784429614596,-0.748482997446017,0.778056963058674,0,0,0,0
confirmation,S,24,1,stationary,1,complete,600,600,0.0448020645183365,0.382355024105938,0.608489667334293,0.0163464636896883,9.807878213813,600,600,0.00626484547505469,0.0113862724083217,0.183747131731742,0.287253245968449,-0.571303282524153,0.819784429614596,-0.691336349012911,0.618702246792619,0,0,0,0
confirmation,S,25,1,whole,1,complete,1200,1200,0.0491017554201217,0.386270187327627,0.60893747772002,0.0149821574801024,17.9636068186428,1200,1200,0.00663020318711035,0.0122963641891913,0.305467418121758,0.403699860632085,-0.569576942627888,0.82184338876904,-0.747710434441116,0.762686409128639,0,0,0,0
confirmation,S,25,1,stationary,1,complete,600,600,0.0446587037342574,0.382811712901068,0.60893747772002,0.0166180542958964,9.97083257753787,600,600,0.00658501537538662,0.0122077618887347,0.316466077061914,0.403699860632085,-0.569576942627888,0.82184338876904,-0.689259237092777,0.622019108789697,0,0,0,0
confirmation,S,26,1,whole,1,complete,1200,1200,0.0489763733847961,0.386593175724305,0.6,0.014982538383751,17.9640635221174,1200,1200,0.00674528389181277,0.0124776439484893,0.284716035209694,0.381028246978114,-0.56998655598733,0.827235288700141,-0.75010906056992,0.785202298189237,0,0,0,0
confirmation,S,26,1,stationary,1,complete,600,600,0.0442260956074591,0.383000879446238,0.59605922020533,0.0167208954515361,10.0325372709216,600,600,0.00677698041129524,0.0125982495513426,0.294962334151843,0.381028246978114,-0.56998655598733,0.827235288700141,-0.688995143306744,0.606285060772201,0,0,0,0
confirmation,S,27,1,whole,1,complete,1200,1200,0.0490445544119241,0.386140268488022,0.60257498278704,0.0147377918672123,17.6706124487875,1200,1200,0.00648170100628874,0.011805924354038,0.151590458363046,0.189646944276473,-0.569362711642585,0.824770109536779,-0.746783041326742,0.768062830443449,0,0,0,0
confirmation,S,27,1,stationary,1,complete,600,600,0.0443279931058742,0.382658354479105,0.60257498278704,0.016766550574217,10.0599303445302,600,600,0.00655771143681688,0.0119936849569211,0.160992139226648,0.189646944276473,-0.569362711642585,0.824770109536779,-0.68144775013784,0.612699133774893,0,0,0,0
confirmation,S,28,1,whole,1,complete,1200,1200,0.0490815002020411,0.386256297242928,0.608497717683537,0.0151015324282586,18.1067373814821,1200,1200,0.00676013206121723,0.0124187435759977,0.156126661772896,0.22911143201882,-0.573253624013137,0.824972614230894,-0.747235095067493,0.786989907210693,0,0,0,0
confirmation,S,28,1,stationary,1,complete,600,600,0.0448394494683683,0.382622466879961,0.608497717683537,0.0170035412306695,10.2021247384017,600,600,0.00676428786906075,0.0127078107179625,0.16731168406513,0.22911143201882,-0.573253624013137,0.824972614230894,-0.69153568393652,0.620353475541419,0,0,0,0
confirmation,S,29,1,whole,1,complete,1200,1200,0.0490622067784859,0.386049082805147,0.606737371971828,0.0146544969980626,17.5707419006771,1200,1200,0.00652607135862885,0.0116809309196636,0.214724052741241,0.308490598899563,-0.570057487226246,0.825634374339341,-0.745232163030767,0.768449196571011,0,0,0,0
confirmation,S,29,1,stationary,1,complete,600,600,0.0444862795362405,0.382361014793225,0.606737371971828,0.0164771626484098,9.88629758904589,600,600,0.00648844372809318,0.0117111210636108,0.223725051404898,0.308490598899563,-0.570057487226246,0.825634374339341,-0.687984631500901,0.617251486092438,0,0,0,0
confirmation,S,30,1,whole,1,complete,1200,1200,0.0490175609381939,0.386310970975906,0.600625955681132,0.0153957789384074,18.4595389471504,1200,1200,0.00688607564326317,0.0128337850588387,0.388427417285764,0.474795447589818,-0.567772963057112,0.822296073415858,-0.746558611112626,0.778960510342564,0,0,0,0
confirmation,S,30,1,stationary,1,complete,600,600,0.0441928857204699,0.382757144169262,0.600625955681132,0.0168164856583738,10.0898913950243,600,600,0.00674037464626276,0.0124757646224354,0.400119186986318,0.474795447589818,-0.567772963057112,0.822296073415858,-0.681949158814488,0.612867742498099,0,0,0,0
confirmation,S,31,1,whole,1,complete,1200,1200,0.0490705027804115,0.386041454762788,0.606991565299485,0.0147330702122488,17.6649511844863,1200,1200,0.00639225016974207,0.0117490759583042,0.151664329265809,0.251617326447768,-0.569323914907626,0.822532540192351,-0.749633870367716,0.767684244327695,0,0,0,0
confirmation,S,31,1,stationary,1,complete,600,600,0.044659483616413,0.382462048060053,0.606991565299485,0.0163345083498141,9.80070500988846,600,600,0.00653297143841597,0.0117690053460064,0.161524138154436,0.251617326447768,-0.569323914907626,0.822532540192351,-0.681823818266026,0.618697541631699,0,0,0,0
confirmation,S,32,1,whole,1,complete,1200,1200,0.0490542643162184,0.386478423905789,0.606994345512152,0.0146159617232642,17.5245381061937,1200,1200,0.00627094773324515,0.0114961686299885,0.183637047633549,0.24138905830896,-0.571664927568209,0.825005270298496,-0.744807680891695,0.779773598466413,0,0,0,0
confirmation,S,32,1,stationary,1,complete,600,600,0.0446403571750574,0.382676051436925,0.606994345512152,0.0165723062496268,9.9433837497761,600,600,0.00631091999312397,0.011556755104301,0.192602370737711,0.24138905830896,-0.571664927568209,0.825005270298496,-0.692533327548202,0.619158593069722,0,0,0,0
confirmation,S,33,1,whole,1,complete,1200,1200,0.0490641133128311,0.385969825761732,0.611192461042213,0.0149251509072925,17.8952559378437,1200,1200,0.00662648699876986,0.0123611430930293,0.244741159248898,0.29445979481355,-0.570309498216815,0.821834331069555,-0.750795610387733,0.762075050769314,0,0,0,0
confirmation,S,33,1,stationary,1,complete,600,600,0.0445105109994887,0.382369255525068,0.611192461042213,0.0168196941282743,10.0918164769646,600,600,0.00671642454370827,0.0124826408218938,0.25519530781183,0.29445979481355,-0.570309498216815,0.821834331069555,-0.685398746279733,0.62465659273207,0,0,0,0
confirmation,S,34,1,whole,1,complete,1200,1200,0.0490589167437189,0.386483011580805,0.610156741054112,0.0148989791326142,17.8638759800044,1200,1200,0.00661386525435994,0.0119647760780784,0.0855441641712498,0.161519492310568,-0.572261541966937,0.822759327640252,-0.747838688090611,0.765911532813669,0,0,0,0
confirmation,S,34,1,stationary,1,complete,600,600,0.0447027564739701,0.382739334306089,0.610156741054112,0.0172898959172313,10.3739375503388,600,600,0.00682693691076935,0.0125761450622264,0.0907144960617574,0.161519492310568,-0.572261541966937,0.822759327640252,-0.689738140572152,0.623305536419882,0,0,0,0
confirmation,S,35,1,whole,1,complete,1200,1200,0.0490147419515446,0.386523703678674,0.601663169792844,0.01493612736674,17.9084167127212,1200,1200,0.00638394851120778,0.0117456438225458,0.18563725217199,0.306363115002775,-0.571154721012927,0.823100101025724,-0.752851055512833,0.7700101350252,0,0,0,0
confirmation,S,35,1,stationary,1,complete,600,600,0.0443954175831151,0.38277058019394,0.601663169792844,0.0169086589752793,10.1451953851676,600,600,0.00646049104714802,0.0118872240839945,0.194422442434303,0.306363115002775,-0.571154721012927,0.823100101025724,-0.68948607681505,0.612469648733254,0,0,0,0
confirmation,S,36,1,whole,1,complete,1200,1200,0.0490580406669562,0.386601285874156,0.606956208518427,0.0151343842743309,18.1461267449227,1200,1200,0.00671862083452829,0.0122305543318211,0.143600564250951,0.228848250899816,-0.573295054620298,0.827679066694434,-0.742092959358583,0.774080054632986,0,0,0,0
confirmation,S,36,1,stationary,1,complete,600,600,0.0446379233941156,0.382952328745158,0.606956208518427,0.0165172444504002,9.91034667024014,600,600,0.0065521012208757,0.0116432388063519,0.153257775467608,0.228848250899816,-0.573295054620298,0.827679066694434,-0.693019378494247,0.617988130514203,0,0,0,0
confirmation,S,37,1,whole,1,complete,1200,1200,0.0490389851015884,0.386470509712797,0.602026237639391,0.014590193700668,17.493642247101,1200,1200,0.00633751335251975,0.0116766662720052,0.266517414456511,0.347643503650777,-0.568947877541878,0.818289446348104,-0.75030345195259,0.786923126283179,0,0,0,0
confirmation,S,37,1,stationary,1,complete,600,600,0.0444365469145612,0.382820709584713,0.602026237639391,0.0166259000160182,9.97554000961094,600,600,0.00634142959785583,0.0118144104324221,0.276217655625235,0.347643503650777,-0.568947877541878,0.818289446348104,-0.684320839169977,0.612091102506725,0,0,0,0
confirmation,S,38,1,whole,1,complete,1200,1200,0.049077739100239,0.385930648764587,0.606306192116426,0.0147210882416833,17.6505848017782,1200,1200,0.00636562981401471,0.0115703612504163,0.0614620498501876,0.0989774913477558,-0.569745095362815,0.82712409423474,-0.745886149864118,0.787042395022945,0,0,0,0
confirmation,S,38,1,stationary,1,complete,600,600,0.044870680712288,0.382329138375664,0.606306192116426,0.0168008453589079,10.0805072153447,600,600,0.0065333400574563,0.01197281938942,0.0569676181471636,0.0989774913477558,-0.569745095362815,0.82712409423474,-0.685302547029242,0.61685946517044,0,0,0,0
confirmation,S,39,1,whole,1,complete,1200,1200,0.0490978451736313,0.386235673509612,0.605218237415219,0.014704560761668,17.6307683532399,1200,1200,0.00664010815607472,0.0119463458814083,0.182869285566407,0.265693014862406,-0.571493756918411,0.82347863027627,-0.746466690790958,0.769740314577379,0,0,0,0
confirmation,S,39,1,stationary,1,complete,600,600,0.0445424082982819,0.382517849839358,0.605218237415219,0.0162737297015361,9.76423782092166,600,600,0.00651364644933994,0.0116958635475804,0.191707614623284,0.265693014862406,-0.571493756918411,0.82347863027627,-0.691314085294548,0.615494815468562,0,0,0,0
confirmation,S,40,1,whole,1,complete,1200,1200,0.0491384570073764,0.386285696983994,0.617673199011701,0.0144315532642192,17.3034323637988,1200,1200,0.00636636678451584,0.0114044783565707,0.206488811055669,0.29456225858431,-0.569378248574976,0.822518915838421,-0.755581988610347,0.755645260250556,0,0,0,0
confirmation,S,40,1,stationary,1,complete,600,600,0.0448874303803628,0.382647735714333,0.617673199011701,0.0160585623588658,9.63513741531946,600,600,0.00615336628076513,0.0109107165295995,0.215919381368419,0.29456225858431,-0.569378248574976,0.822518915838421,-0.685304329291211,0.631008325907323,0,0,0,0
confirmation,W,0,0,whole,1,complete,1200,1200,0.076344808831034,0.377462615695762,0.84068931692547,0.00810573845395841,9.71878040629614,1200,1200,0.0280789964539483,0.0280789964539483,NaN,NaN,-0.514747029461096,0.929822165293941,-0.7499999750083,0.878216170151699,0,0,0,0
confirmation,W,0,0,stationary,1,complete,600,600,0.0747503915476421,0.376619234908039,0.84068931692547,0.00978000240967986,5.86800144580791,600,600,0.0252275141627245,0.0252275141627245,NaN,NaN,-0.514747029461096,0.92783028686129,-0.7499999750083,0.570134418955628,0,0,0,0
confirmation,W,1,1,whole,1,complete,1200,1200,0.0763765193855069,0.377805735541076,0.836638408402541,0.018358691448418,22.0120710466532,1200,1200,0.0292392489945595,0.0309336356954628,NaN,NaN,-0.518806536689002,0.929319859849798,-0.749999985400291,0.87014122372724,0,0,0,0
confirmation,W,1,1,stationary,1,complete,600,600,0.0742534249110243,0.376759920358687,0.836638408402541,0.0202035382317166,12.12212293903,600,600,0.026422241093663,0.0283283901180277,NaN,NaN,-0.518806536689002,0.92382577548867,-0.749999985400291,0.580183443375179,0,0,0,0
confirmation,W,2,1,whole,1,complete,1200,1200,0.0763966340477534,0.377878114611166,0.838597575529305,0.0187147409439167,22.4389743917561,1200,1200,0.0288452662919652,0.0309931444975042,NaN,NaN,-0.511764848113515,0.938163249038802,-0.749999979496313,0.886698674948887,0,0,0,0
confirmation,W,2,1,stationary,1,complete,600,600,0.0745548374074725,0.3768834934005,0.838597575529305,0.0203046238080168,12.1827742848101,600,600,0.0257752778020467,0.0283477842976811,NaN,NaN,-0.511764848113515,0.938163249038802,-0.749999979496313,0.577175207051116,0,0,0,0
confirmation,W,3,1,whole,1,complete,1200,1200,0.0763627480047841,0.377638116104855,0.836410674438634,0.0183068266979804,21.9498852108785,1200,1200,0.0291403222167938,0.030831867064849,NaN,NaN,-0.515074887393116,0.931181059382432,-0.741048859236937,0.869815165616997,0,0,0,0
confirmation,W,3,1,stationary,1,complete,600,600,0.0745766967572337,0.376666140709436,0.836410674438634,0.0202865291561283,12.171917493677,600,600,0.026668733580266,0.0283213622716511,NaN,NaN,-0.515074887393116,0.931181059382432,-0.741048859236937,0.546552192621154,0,0,0,0
confirmation,W,4,1,whole,1,complete,1200,1200,0.076460981390805,0.37747653704135,0.838540776075965,0.018254067373705,21.8866267810723,1200,1200,0.0292570713242316,0.0310281890791172,NaN,NaN,-0.51446244176127,0.942741214390962,-0.749999983871449,0.861060324495944,0,0,0,0
confirmation,W,4,1,stationary,1,complete,600,600,0.0745144557430784,0.37679819193022,0.838540776075965,0.0199251229708287,11.9550737824972,600,600,0.0265772856032921,0.0282895805669702,NaN,NaN,-0.51446244176127,0.942741214390962,-0.749999983871449,0.577866503101935,0,0,0,0
confirmation,W,5,1,whole,1,complete,1200,1200,0.076326982480454,0.377666684591537,0.83848782115989,0.0185683941821542,22.2635046244029,1200,1200,0.0291689705877123,0.0307617337107443,NaN,NaN,-0.515395519939757,0.93061581525701,-0.750000020619856,0.875710572318198,0,0,0,0
confirmation,W,5,1,stationary,1,complete,600,600,0.0746976866671358,0.376762858719146,0.83848782115989,0.0197488609305066,11.849316558304,600,600,0.0267065104121049,0.0278416263368804,NaN,NaN,-0.515395519939757,0.93061581525701,-0.750000020619856,0.561309828273122,0,0,0,0
confirmation,W,6,1,whole,1,complete,1200,1200,0.0764226997459662,0.377616515024079,0.837904621987697,0.0184176142034042,22.0827194298816,1200,1200,0.0289582342362919,0.0309988487813717,NaN,NaN,-0.514704942093603,0.932167206650783,-0.74999998125929,0.880844164982527,0,0,0,0
confirmation,W,6,1,stationary,1,complete,600,600,0.0745811959355313,0.376674226289775,0.837904621987697,0.0205831530982887,12.3498918589732,600,600,0.0261784806905509,0.0285383223988046,NaN,NaN,-0.514704942093603,0.932167206650783,-0.74999998125929,0.560530967295218,0,0,0,0
confirmation,W,7,1,whole,1,complete,1200,1200,0.0766654014387338,0.377878939736479,0.839073796863947,0.0177147680068779,21.2400068402466,1200,1200,0.0295170277098094,0.0307325808233195,NaN,NaN,-0.513807255871065,0.931261271241052,-0.749999974753304,0.873012273542626,0,0,0,0
confirmation,W,7,1,stationary,1,complete,600,600,0.0747987735255903,0.37680231113418,0.839073796863947,0.0192930940084402,11.5758564050641,600,600,0.0269522533944779,0.0279273559487649,NaN,NaN,-0.513807255871065,0.928976936913574,-0.749999974753304,0.566528102627067,0,0,0,0
confirmation,W,8,1,whole,1,complete,1200,1200,0.0766278356355831,0.377775907146384,0.838249905572564,0.017858584571334,21.4124429010294,1200,1200,0.029441130177888,0.0307225945032844,NaN,NaN,-0.516117407770526,0.9370555138953,-0.749999986496715,0.870063630071661,0,0,0,0
confirmation,W,8,1,stationary,1,complete,600,600,0.0745805557257694,0.376997783055033,0.838249905572564,0.0192201745022518,11.5321047013511,600,600,0.0264661070029683,0.0280597083800478,NaN,NaN,-0.516117407770526,0.9370555138953,-0.749999986496715,0.556386429957571,0,0,0,0
confirmation,W,9,1,whole,1,complete,1200,1200,0.076704399001657,0.377691126392497,0.840176031893909,0.0186813228097653,22.3989060489086,1200,1200,0.029531726439047,0.0310306008806467,NaN,NaN,-0.514742696228093,0.930904641338821,-0.750000006085452,0.876885267806784,0,0,0,0
confirmation,W,9,1,stationary,1,complete,600,600,0.0749211879765059,0.376660896772331,0.840176031893909,0.0198568519591461,11.9141111754877,600,600,0.0267167196927946,0.0283921578555534,NaN,NaN,-0.514742696228093,0.930904641338821,-0.750000006085452,0.562749884265802,0,0,0,0
confirmation,W,10,1,whole,1,complete,1200,1200,0.0762959885932328,0.377659499233322,0.836778061280968,0.0178700117174612,21.4261440492359,1200,1200,0.0287022901592987,0.0308128417134282,NaN,NaN,-0.515848066742741,0.928753766990233,-0.749999988059879,0.875963668449657,0,0,0,0
confirmation,W,10,1,stationary,1,complete,600,600,0.0744910327777347,0.376816987109888,0.836778061280968,0.0199642444520976,11.9785466712586,600,600,0.0260991915408029,0.0282007266068767,NaN,NaN,-0.515848066742741,0.925666741762585,-0.749999988059879,0.55958170194026,0,0,0,0
confirmation,W,11,1,whole,1,complete,1200,1200,0.076589245438909,0.377892813854576,0.84151402456402,0.0179170994554646,21.4826022471021,1200,1200,0.0289759772618522,0.0304066793889399,NaN,NaN,-0.516991805787855,0.929950202200929,-0.749999990190054,0.878204754079031,0,0,0,0
confirmation,W,11,1,stationary,1,complete,600,600,0.0750180652390716,0.376999325095439,0.84151402456402,0.0195655396807127,11.7393238084276,600,600,0.026019396264985,0.027860290712386,NaN,NaN,-0.516991805787855,0.929950202200929,-0.749999990190054,0.558844447256928,0,0,0,0
confirmation,W,12,1,whole,1,complete,1200,1200,0.0763228822397912,0.377690721662058,0.836257440481761,0.018255655408721,21.8885308350565,1200,1200,0.0288227461684687,0.0307838082318464,NaN,NaN,-0.515597454682778,0.936508930593991,-0.742365556736616,0.884420858133813,0,0,0,0
confirmation,W,12,1,stationary,1,complete,600,600,0.0745174817103921,0.376990167396499,0.836257440481761,0.019921434560592,11.9528607363552,600,600,0.0258698939462366,0.0280816490784414,NaN,NaN,-0.515597454682778,0.936508930593991,-0.742365556736616,0.573267789436237,0,0,0,0
confirmation,W,13,1,whole,1,complete,1200,1200,0.0763214025610754,0.377830909722675,0.841106847600921,0.0186739248537343,22.3900358996274,1200,1200,0.0287893565601172,0.0310405174783909,NaN,NaN,-0.514790643763574,0.930510654392762,-0.753099814769795,0.872597374218841,0,0,0,0
confirmation,W,13,1,stationary,1,complete,600,600,0.0745740012137425,0.377242362777808,0.841106847600921,0.0207158962575676,12.4295377545405,600,600,0.0263254374540759,0.0284156454505328,NaN,NaN,-0.514790643763574,0.930510654392762,-0.753099814769795,0.587429786805398,0,0,0,0
confirmation,W,14,1,whole,1,complete,1200,1200,0.0764389571758975,0.37798544811632,0.837325860084148,0.0178143617877974,21.3594197835691,1200,1200,0.0290935707217762,0.0306601073721137,NaN,NaN,-0.512217071366139,0.932955079881856,-0.749999984929144,0.877718300704454,0,0,0,0
confirmation,W,14,1,stationary,1,complete,600,600,0.0745097062174917,0.376949040498826,0.837325860084148,0.0194826163644817,11.689569818689,600,600,0.0264421368625167,0.0277686293031033,NaN,NaN,-0.512217071366139,0.926411573393464,-0.749999984929144,0.550403497788617,0,0,0,0
confirmation,W,15,1,whole,1,complete,1200,1200,0.0766736043294748,0.3777463023098,0.836207670382825,0.0178426812264286,21.3933747904879,1200,1200,0.0294140153836507,0.0305804911021748,NaN,NaN,-0.515538271486967,0.936910231386436,-0.749443591059685,0.866925212433143,0,0,0,0
confirmation,W,15,1,stationary,1,complete,600,600,0.0745343084149291,0.37686063279815,0.836207670382825,0.0201461409872896,12.0876845923738,600,600,0.026217184903137,0.0283093107397337,NaN,NaN,-0.515538271486967,0.936910231386436,-0.749443591059685,0.581264993236746,0,0,0,0
confirmation,W,16,1,whole,1,complete,1200,1200,0.07662587537032,0.377746436855684,0.838759945231762,0.0185651601839463,22.2596270605517,1200,1200,0.0291429954648552,0.0309608483961711,NaN,NaN,-0.514600039785586,0.940890965394081,-0.74999884566939,0.880520592848567,0,0,0,0
confirmation,W,16,1,stationary,1,complete,600,600,0.0750025342449036,0.377013503482328,0.838759945231762,0.0200335804132586,12.0201482479552,600,600,0.0264087326339075,0.0281307806040949,NaN,NaN,-0.514600039785586,0.940890965394081,-0.74999884566939,0.609147550248471,0,0,0,0
confirmation,W,17,1,whole,1,complete,1200,1200,0.0764033300225828,0.377692365546967,0.836384952899727,0.0184850616438018,22.1635889109183,1200,1200,0.0291550302778256,0.0307178319586531,NaN,NaN,-0.515214855131792,0.933312114246411,-0.749999972783132,0.881481799900758,0,0,0,0
confirmation,W,17,1,stationary,1,complete,600,600,0.0745664322687353,0.376819912131112,0.836384952899727,0.0202118570913944,12.1271142548367,600,600,0.0263213374750411,0.0280068686301452,NaN,NaN,-0.515214855131792,0.923168025933747,-0.749999972783132,0.560210006847523,0,0,0,0
confirmation,W,18,1,whole,1,complete,1200,1200,0.0763288040001435,0.378022419209417,0.837397954601677,0.0179722892520443,21.5487748132012,1200,1200,0.0284435177728477,0.0308164562395988,NaN,NaN,-0.516026184276563,0.92829978864824,-0.747251456231321,0.872029490991858,0,0,0,0
confirmation,W,18,1,stationary,1,complete,600,600,0.0746601543446297,0.377063159362096,0.837397954601677,0.0201192970750185,12.0715782450111,600,600,0.0256287683762382,0.0282871470251351,NaN,NaN,-0.516026184276563,0.92829978864824,-0.747251456231321,0.557819368741266,0,0,0,0
confirmation,W,19,1,whole,1,complete,1200,1200,0.0766941429538344,0.377695245736807,0.834238172983354,0.018088504529415,21.6881169307686,1200,1200,0.029602281500819,0.0309298936834073,NaN,NaN,-0.516296672716994,0.94394990593851,-0.737534482367228,0.875220019404014,0,0,0,0
confirmation,W,19,1,stationary,1,complete,600,600,0.0746717373674584,0.376789790178527,0.834238172983354,0.019938664237912,11.9631985427472,600,600,0.0269776600683172,0.0283383549813316,NaN,NaN,-0.516296672716994,0.94394990593851,-0.737534482367228,0.607222603130228,0,0,0,0
confirmation,W,20,1,whole,1,complete,1200,1200,0.0764159516461821,0.37777843595261,0.837579729677505,0.0185025631509327,22.1845732179683,1200,1200,0.0288954946652735,0.0308125932970212,NaN,NaN,-0.513642201538769,0.939055127746274,-0.744067418558943,0.881575920133718,0,0,0,0
confirmation,W,20,1,stationary,1,complete,600,600,0.0747481247327381,0.377024407501403,0.837579729677505,0.0206323008113415,12.3793804868049,600,600,0.0263245456173089,0.0282480098371198,NaN,NaN,-0.513642201538769,0.928468168283492,-0.744067418558943,0.58541105006937,0,0,0,0
confirmation,W,21,1,whole,1,complete,1200,1200,0.0768033705726734,0.377361282815001,0.836498876701989,0.0183595716234262,22.013126376488,1200,1200,0.0297732100708508,0.0310015324454522,NaN,NaN,-0.511784586524576,0.940887453392593,-0.745347535583401,0.881882944502706,0,0,0,0
confirmation,W,21,1,stationary,1,complete,600,600,0.0746946418117085,0.376295723129319,0.836498876701989,0.0201798918486273,12.1079351091764,600,600,0.0269199454838496,0.0282600714434309,NaN,NaN,-0.511784586524576,0.940887453392593,-0.745347535583401,0.569942359851701,0,0,0,0
confirmation,W,22,1,whole,1,complete,1200,1200,0.0764918736710901,0.377803893981558,0.839431366958265,0.0184446533866662,22.1151394106127,1200,1200,0.0289721424720511,0.0309123676714798,NaN,NaN,-0.515639125424193,0.930999959102166,-0.749999982074322,0.884306471992105,0,0,0,0
confirmation,W,22,1,stationary,1,complete,600,600,0.0747926471942836,0.376768208744748,0.839431366958265,0.0198884749598985,11.9330849759391,600,600,0.0264294647162335,0.0282064336421932,NaN,NaN,-0.515639125424193,0.930999959102166,-0.749999982074322,0.566877548824563,0,0,0,0
confirmation,W,23,1,whole,1,complete,1200,1200,0.0765599302120416,0.377909148706094,0.836674628435329,0.0181087337563211,21.712371773829,1200,1200,0.0293464215339694,0.0308830695268665,NaN,NaN,-0.517825470398374,0.939427351996052,-0.747880716715497,0.873097466282419,0,0,0,0
confirmation,W,23,1,stationary,1,complete,600,600,0.074485637155728,0.376862245351335,0.836674628435329,0.0202088457810068,12.1253074686041,600,600,0.0264854184805828,0.0282358278602325,NaN,NaN,-0.517825470398374,0.939427351996052,-0.747880716715497,0.612219814404512,0,0,0,0
confirmation,W,24,1,whole,1,complete,1200,1200,0.0764539822949912,0.377507193026762,0.842150625428119,0.0176112109344597,21.1158419104172,1200,1200,0.0289344817626782,0.030654358780288,NaN,NaN,-0.515992658639404,0.93079266172465,-0.749999883478974,0.877022857407879,0,0,0,0
confirmation,W,24,1,stationary,1,complete,600,600,0.0745733233593702,0.376576011259222,0.842150625428119,0.0194281883225397,11.6569129935238,600,600,0.0259355347115402,0.028062668391087,NaN,NaN,-0.515992658639404,0.93079266172465,-0.749999883478974,0.577199341423529,0,0,0,0
confirmation,W,25,1,whole,1,complete,1200,1200,0.0768532593906385,0.377887159784478,0.838316053651366,0.018562176559869,22.2560496952829,1200,1200,0.0296196296121825,0.0309061090002032,NaN,NaN,-0.516830869165648,0.934120037987732,-0.748598249923663,0.869603297561801,0,0,0,0
confirmation,W,25,1,stationary,1,complete,600,600,0.0748347638813713,0.377096966304032,0.838316053651366,0.0202235234708582,12.1341140825149,600,600,0.0266163141451536,0.0282438813564972,NaN,NaN,-0.516830869165648,0.934120037987732,-0.748598249923663,0.572554113278623,0,0,0,0
confirmation,W,26,1,whole,1,complete,1200,1200,0.0763519510981466,0.378017437383856,0.836168768392502,0.0186985010378016,22.4195027443241,1200,1200,0.0290337695451238,0.0311210557917911,NaN,NaN,-0.515658505672915,0.931249956093631,-0.74999999403685,0.88275010589409,0,0,0,0
confirmation,W,26,1,stationary,1,complete,600,600,0.0742991809498495,0.377256230860883,0.836168768392502,0.0205163358375638,12.3098015025383,600,600,0.0261870796552898,0.0286572254435778,NaN,NaN,-0.515658505672915,0.930350436246121,-0.74999999403685,0.573713942328979,0,0,0,0
confirmation,W,27,1,whole,1,complete,1200,1200,0.0767415665865421,0.377805627577244,0.838717498313224,0.0184322552458446,22.1002740397677,1200,1200,0.0294846253767543,0.0307786187432275,NaN,NaN,-0.511655113740233,0.937028621573882,-0.74999999726259,0.882374684513688,0,0,0,0
confirmation,W,27,1,stationary,1,complete,600,600,0.075020179102061,0.37714108278772,0.838717498313224,0.0205603339189789,12.3362003513873,600,600,0.0268342139217965,0.0282931007693536,NaN,NaN,-0.511655113740233,0.926488227623336,-0.74999999726259,0.568755047713922,0,0,0,0
confirmation,W,28,1,whole,1,complete,1200,1200,0.0765860169051703,0.377734676271069,0.838200789825743,0.0185658449860076,22.2604481382231,1200,1200,0.0293522954841504,0.0309200717481224,NaN,NaN,-0.516682892322371,0.930847138936626,-0.749897301951216,0.87728402709687,0,0,0,0
confirmation,W,28,1,stationary,1,complete,600,600,0.0746094643264082,0.376851225539544,0.838200789825743,0.0202575645628572,12.1545387377143,600,600,0.026293125700738,0.0286322690628478,NaN,NaN,-0.516682892322371,0.92655803846213,-0.749897301951216,0.564584999084032,0,0,0,0
confirmation,W,29,1,whole,1,complete,1200,1200,0.0766584021034774,0.377644299405145,0.838950565428282,0.0180845765963271,21.6834073389962,1200,1200,0.029397478074012,0.0306012180756647,NaN,NaN,-0.516407832047719,0.933835371437379,-0.749999719651007,0.869751086588197,0,0,0,0
confirmation,W,29,1,stationary,1,complete,600,600,0.0747792343221096,0.376749439670148,0.838950565428282,0.0198563108099857,11.9137864859914,600,600,0.0265020600868232,0.0279065094285669,NaN,NaN,-0.516407832047719,0.925254779165049,-0.749999719651007,0.55639643732189,0,0,0,0
confirmation,W,30,1,whole,1,complete,1200,1200,0.0765770212419997,0.377836056673144,0.834696206158722,0.0189277985411079,22.6944304507884,1200,1200,0.0292245792333194,0.0313237878213319,NaN,NaN,-0.515313934103289,0.940283306600897,-0.741660930200969,0.870641162542492,0,0,0,0
confirmation,W,30,1,stationary,1,complete,600,600,0.0746746726271492,0.377024732824789,0.834696206158722,0.0202871319857656,12.1722791914593,600,600,0.0265233288428365,0.0285032980853314,NaN,NaN,-0.515313934103289,0.940283306600897,-0.741660930200969,0.562955531555857,0,0,0,0
confirmation,W,31,1,whole,1,complete,1200,1200,0.0766922835294363,0.377654400137247,0.83913772677714,0.0181612024405385,21.7752817262057,1200,1200,0.0295462711931758,0.0307365546204688,NaN,NaN,-0.51496960914489,0.935806377645712,-0.74999998479163,0.872545747488708,0,0,0,0
confirmation,W,31,1,stationary,1,complete,600,600,0.0748616315010175,0.376846080653326,0.83913772677714,0.0197988990335257,11.8793394201154,600,600,0.0269548958983559,0.028146443757504,NaN,NaN,-0.51496960914489,0.935806377645712,-0.74999998479163,0.553863871214356,0,0,0,0
confirmation,W,32,1,whole,1,complete,1200,1200,0.0764325535244995,0.3779232433437,0.840554031128029,0.0180903979177428,21.6903871033736,1200,1200,0.0288833937681338,0.0306167574277484,NaN,NaN,-0.51681961238109,0.928142215529841,-0.749012239593842,0.871631731601154,0,0,0,0
confirmation,W,32,1,stationary,1,complete,600,600,0.0746951385119396,0.376810647207745,0.840554031128029,0.0198380902175503,11.9028541305302,600,600,0.0261333985263378,0.0277338744345296,NaN,NaN,-0.51681961238109,0.928130058758397,-0.749012239593842,0.571211120318481,0,0,0,0
confirmation,W,33,1,whole,1,complete,1200,1200,0.0764430308961684,0.377589248437656,0.832869718055178,0.018447086036078,22.1180561572575,1200,1200,0.0290193860973306,0.0310257797297842,NaN,NaN,-0.517205679788367,0.945397237405721,-0.738838502827091,0.876655423383137,0,0,0,0
confirmation,W,33,1,stationary,1,complete,600,600,0.0746683728697479,0.376675233862129,0.832869718055178,0.0202767932874602,12.1660759724761,600,600,0.0263631555059272,0.0284314245089857,NaN,NaN,-0.517205679788367,0.945397237405721,-0.738838502827091,0.57427998044323,0,0,0,0
confirmation,W,34,1,whole,1,complete,1200,1200,0.0766010545469191,0.37802013142201,0.840139569003762,0.0184260554575836,22.0928404936428,1200,1200,0.0291885689424193,0.0307828887717844,NaN,NaN,-0.51571489715153,0.931334366328219,-0.747904047761292,0.882450912501518,0,0,0,0
confirmation,W,34,1,stationary,1,complete,600,600,0.0748496189453024,0.377066409722028,0.840139569003762,0.020984346384546,12.5906078307276,600,600,0.0261392026886187,0.0285182619836755,NaN,NaN,-0.51571489715153,0.92299398960378,-0.747904047761292,0.569728314431208,0,0,0,0
confirmation,W,35,1,whole,1,complete,1200,1200,0.076551021722062,0.378091960403864,0.838945726348693,0.0183132768159482,21.9576189023219,1200,1200,0.0289426370622159,0.0307915629742624,NaN,NaN,-0.517144323424453,0.922742677260133,-0.749999981017324,0.867991939523385,0,0,0,0
confirmation,W,35,1,stationary,1,complete,600,600,0.0746721418989461,0.377110525528727,0.838945726348693,0.0201965909808257,12.1179545884954,600,600,0.0262499183587008,0.0280935167365849,NaN,NaN,-0.517144323424453,0.92152046389792,-0.749999981017324,0.566547688110261,0,0,0,0
confirmation,W,36,1,whole,1,complete,1200,1200,0.0762938853700765,0.37802738303387,0.837011849477418,0.0188435109515509,22.5933696309095,1200,1200,0.028926288774992,0.0311518719873877,NaN,NaN,-0.514623292929956,0.933011610120465,-0.749999992132382,0.873993198182458,0,0,0,0
confirmation,W,36,1,stationary,1,complete,600,600,0.0742827079602189,0.377090938277785,0.837011849477418,0.0199434096427117,11.966045785627,600,600,0.0257969592118001,0.0282847642922653,NaN,NaN,-0.514623292929956,0.918461155114194,-0.749999992132382,0.56638018163903,0,0,0,0
confirmation,W,37,1,whole,1,complete,1200,1200,0.0763425181889601,0.37790012232193,0.833919974900362,0.0179913406621852,21.5716174539601,1200,1200,0.0288087239918834,0.0308296280847336,NaN,NaN,-0.512949513420871,0.93726584275645,-0.74244185092174,0.871872379318562,0,0,0,0
confirmation,W,37,1,stationary,1,complete,600,600,0.0744164959106408,0.376973563175262,0.833919974900362,0.0199514398106161,11.9708638863697,600,600,0.0260297033421331,0.0281590698055271,NaN,NaN,-0.512949513420871,0.93726584275645,-0.74244185092174,0.594515462606735,0,0,0,0
confirmation,W,38,1,whole,1,complete,1200,1200,0.0765229563405344,0.377497879410283,0.841601850688112,0.0180303525962568,21.6183927629119,1200,1200,0.0288734187339175,0.030684145177561,NaN,NaN,-0.512759750331705,0.928765517075025,-0.749998739562503,0.87237739877605,0,0,0,0
confirmation,W,38,1,stationary,1,complete,600,600,0.0748760093305681,0.37660360353872,0.841601850688112,0.0201656307945609,12.0993784767365,600,600,0.0259685885374137,0.0283057387331503,NaN,NaN,-0.512759750331705,0.922761734564926,-0.749998739562503,0.551715740430917,0,0,0,0
confirmation,W,39,1,whole,1,complete,1200,1200,0.0766241013836855,0.377783947398652,0.83873131070424,0.0182880455173931,21.9273665753544,1200,1200,0.0294087230926875,0.0306544006197491,NaN,NaN,-0.51486739953314,0.925081801461951,-0.749999967982884,0.874097361113297,0,0,0,0
confirmation,W,39,1,stationary,1,complete,600,600,0.0747168217311406,0.376885299292183,0.83873131070424,0.0197151423761364,11.8290854256818,600,600,0.0264263158959641,0.0278896871911677,NaN,NaN,-0.51486739953314,0.92370223686002,-0.749999967982884,0.559302272781688,0,0,0,0
confirmation,W,40,1,whole,1,complete,1200,1200,0.0765458810245354,0.377815451438345,0.837987402340543,0.0177798008028422,21.3179811626078,1200,1200,0.0293065645440315,0.0305241394125551,NaN,NaN,-0.517951446606557,0.936366682043506,-0.749999988610879,0.869200705884385,0,0,0,0
confirmation,W,40,1,stationary,1,complete,600,600,0.0748469626078693,0.376961065329887,0.837987402340543,0.0192890353613774,11.5734212168265,600,600,0.0267491330492953,0.0274860417104172,NaN,NaN,-0.517951446606557,0.931100252652782,-0.749999988610879,0.552258755968004,0,0,0,0
confirmation,R,0,0,whole,1,complete,1200,1200,0.0489909696105851,0.385976527448214,0.610537816067845,0.00690767396434743,8.28230108325257,1200,1200,1.56483413420563e-05,1.56483413420563e-05,0.00352669333224044,0.00229250922160776,-0.571960830756066,0.822708146404361,-0.74821955880365,0.769578316655265,0,0,0,0
confirmation,R,0,0,stationary,1,complete,600,600,0.0448036937028478,0.382374786837651,0.610537816067845,0.00881625655792432,5.28975393475459,600,600,9.67867098352393e-06,9.67867098352393e-06,0.00354077913435212,0.00229250922160776,-0.571960830756066,0.822708146404361,-0.689677056820563,0.622097454706379,0,0,0,0
confirmation,R,1,1,whole,1,complete,1200,1200,0.04897473739087,0.386072447316358,0.608416508284858,0.0150862759233618,18.0884448321108,1200,1200,0.00665126583316999,0.0121432152594878,0.351227310073936,0.285287592020363,-0.567652853352988,0.825837626813754,-0.738750225982256,0.765464335922382,0,0,0,0
confirmation,R,1,1,stationary,1,complete,600,600,0.0445374159124667,0.382441699678727,0.608416508284858,0.0171003176039383,10.260190562363,600,600,0.00666709457915217,0.0122090332407024,0.354655667899647,0.285287592020363,-0.567652853352988,0.825837626813754,-0.686522521228115,0.625063438798132,0,0,0,0
confirmation,R,2,1,whole,1,complete,1200,1200,0.0491419373679213,0.386394015132999,0.609243011741182,0.0152721526059223,18.3113109745009,1200,1200,0.00657683730514661,0.012477957421079,0.0743167166232172,0.13429386141282,-0.575012726674644,0.82350976379675,-0.752289512136377,0.767501575745281,0,0,0,0
confirmation,R,2,1,stationary,1,complete,600,600,0.0449525932112005,0.382716169598503,0.609243011741182,0.0171685339765631,10.3011203859379,600,600,0.00667324625399043,0.0125095205468969,0.0766664433198514,0.13429386141282,-0.575012726674644,0.82350976379675,-0.691972234406887,0.619603230268808,0,0,0,0
confirmation,R,3,1,whole,1,complete,1200,1200,0.0490778904299897,0.386073486075003,0.612683602593122,0.0148445816977558,17.7986534556092,1200,1200,0.00654582969891564,0.0119762836257856,0.210489494964209,0.21099411103374,-0.571302234587979,0.819072834907786,-0.735098930621791,0.775076725549956,0,0,0,0
confirmation,R,3,1,stationary,1,complete,600,600,0.0450583894225109,0.382508305014588,0.612683602593122,0.0170046097162932,10.2027658297759,600,600,0.00673502280423764,0.0123847948863737,0.211973637185425,0.21099411103374,-0.571302234587979,0.819072834907786,-0.685500027953696,0.625120960337943,0,0,0,0
confirmation,R,4,1,whole,1,complete,1200,1200,0.0490561494958081,0.385922475184024,0.60109971145943,0.0150025247270605,17.9880271477456,1200,1200,0.00666769762703501,0.0123878846071301,0.319332134148481,0.35026750037242,-0.569349769789342,0.818607322853663,-0.753543917067284,0.788098995238461,0,0,0,0
confirmation,R,4,1,stationary,1,complete,600,600,0.0443516796992285,0.382443792468742,0.60109971145943,0.016646147027526,9.9876882165156,600,600,0.00654026260669984,0.0123506197832475,0.324103232346081,0.35026750037242,-0.569349769789342,0.818607322853663,-0.686132353442645,0.610272843839515,0,0,0,0
confirmation,R,5,1,whole,1,complete,1200,1200,0.0491763613367926,0.386171641725333,0.617753738704504,0.0150092078666482,17.9960402321111,1200,1200,0.00662430477038852,0.0119563721286151,0.124705901786659,0.200825273894133,-0.56911736033084,0.826899926700931,-0.746084032877566,0.771460596005603,0,0,0,0
confirmation,R,5,1,stationary,1,complete,600,600,0.0452480142339168,0.382576332215044,0.617753738704504,0.0164343772889488,9.86062637336927,600,600,0.0064593273462041,0.0114649910918781,0.129214836017921,0.200825273894133,-0.56911736033084,0.826899926700931,-0.676452141950634,0.629031462882762,0,0,0,0
confirmation,R,6,1,whole,1,complete,1200,1200,0.0490758453313361,0.385887198206802,0.603815346165152,0.014958948747111,17.9357795477861,1200,1200,0.00682736869940064,0.0121190997285841,0.236479580041654,0.312515868135799,-0.568395371104158,0.825333431930115,-0.747226291326044,0.775890875394122,0,0,0,0
confirmation,R,6,1,stationary,1,complete,600,600,0.0446114830121747,0.38230633194997,0.603815346165152,0.0169223794025291,10.1534276415175,600,600,0.00680353882667971,0.0124884652197914,0.244128705931371,0.312515868135799,-0.568395371104158,0.825333431930115,-0.688394285728807,0.613731761923887,0,0,0,0
confirmation,R,7,1,whole,1,complete,1200,1200,0.0489556810085105,0.386307328652862,0.600515486291802,0.0144458726287428,17.3206012818626,1200,1200,0.0064973058313505,0.0117044536322278,0.295569235656742,0.375958886912492,-0.567780540437334,0.820063575997017,-0.752224881917244,0.769196358565167,0,0,0,0
confirmation,R,7,1,stationary,1,complete,600,600,0.0440780889941156,0.382438019616869,0.600515486291802,0.0158737027002893,9.52422162017357,600,600,0.00647365372092421,0.0115015310152542,0.302692403642862,0.375958886912492,-0.567780540437334,0.820063575997017,-0.681143363082179,0.613102837144127,0,0,0,0
confirmation,R,8,1,whole,1,complete,1200,1200,0.0490553005844228,0.38611454096307,0.605769472580692,0.014519494678113,17.4088741190575,1200,1200,0.00647225068209118,0.0116553398678117,0.244958008592987,0.319043581645764,-0.569070956116864,0.823077876011029,-0.737840690315858,0.765970975385182,0,0,0,0
confirmation,R,8,1,stationary,1,complete,600,600,0.0446397825239528,0.382690950149477,0.605769472580692,0.0162543654893336,9.75261929360014,600,600,0.00643228530480375,0.011636226401269,0.252931345076036,0.319043581645764,-0.569070956116864,0.823077876011029,-0.68496382861434,0.61792211958265,0,0,0,0
confirmation,R,9,1,whole,1,complete,1200,1200,0.0490474779200196,0.385891184778799,0.605990105545672,0.0152513791658683,18.2864036198761,1200,1200,0.00689610558006805,0.0125021231777629,0.178786980647158,0.203466025533541,-0.570805690979504,0.822539740238921,-0.746107904136224,0.772108909755001,0,0,0,0
confirmation,R,9,1,stationary,1,complete,600,600,0.0447275645161301,0.382261188213553,0.605990105545672,0.0164765980177271,9.88595881063625,600,600,0.0066193309492147,0.0116867817182708,0.179272690013949,0.203466025533541,-0.570805690979504,0.822539740238921,-0.690244934477543,0.617666298528858,0,0,0,0
confirmation,R,10,1,whole,1,complete,1200,1200,0.0490749659833994,0.386402182444853,0.605518127687923,0.0145436331517795,17.4378161489836,1200,1200,0.00642987247953684,0.0116028775199498,0.325877413520982,0.402984188928229,-0.57127127987724,0.82032877108627,-0.738804755426812,0.768303264681507,0,0,0,0
confirmation,R,10,1,stationary,1,complete,600,600,0.0445480948842708,0.382711408367377,0.605518127687923,0.0165624394805524,9.93746368833146,600,600,0.00660609664320977,0.0117939141117972,0.332972701780898,0.402984188928229,-0.57127127987724,0.82032877108627,-0.689374788097554,0.617354259066848,0,0,0,0
confirmation,R,11,1,whole,1,complete,1200,1200,0.0490489521408993,0.38623562471287,0.612619732087678,0.0148376620899808,17.7903568458869,1200,1200,0.00625411880044415,0.0115627118513843,0.222413134663986,0.0903186386576624,-0.570101884117617,0.824643396245608,-0.747883152846865,0.764912534962839,0,0,0,0
confirmation,R,11,1,stationary,1,complete,600,600,0.0450203100622635,0.382656107374114,0.612619732087678,0.0165381586857595,9.92289521145571,600,600,0.0062454231019159,0.0115272273337274,0.216463012820782,0.0903186386576624,-0.570101884117617,0.824643396245608,-0.684967531263565,0.626989608281137,0,0,0,0
confirmation,R,12,1,whole,1,complete,1200,1200,0.0490630780883114,0.386025114975086,0.606457624212451,0.0149184721545126,17.8872481132606,1200,1200,0.00647247278722061,0.0117497332442823,0.117929388123986,0.0565786507182449,-0.571824077964339,0.815883472665174,-0.740845202577612,0.775507064766735,0,0,0,0
confirmation,R,12,1,stationary,1,complete,600,600,0.0448312300996415,0.382701218748581,0.606457624212451,0.0167860710999809,10.0716426599885,600,600,0.00634300719777278,0.0116407934457381,0.116580861947085,0.0565786507182449,-0.571824077964339,0.815883472665174,-0.691037761581799,0.617241060138418,0,0,0,0
confirmation,R,13,1,whole,1,complete,1200,1200,0.0490738659433686,0.386366754668164,0.610027542805485,0.0150387104896631,18.031413877106,1200,1200,0.00658291883129877,0.0121234589921672,0.214389309793092,0.316019472704995,-0.570876025421833,0.827243410662819,-0.739557585218934,0.77626845181798,0,0,0,0
confirmation,R,13,1,stationary,1,complete,600,600,0.0446814406509663,0.382985928709804,0.610027542805485,0.0169334452034001,10.16006712204,600,600,0.00674270507100079,0.0122925671292342,0.223578955949846,0.316019472704995,-0.570876025421833,0.827243410662819,-0.683246617577918,0.622042498029271,0,0,0,0
confirmation,R,14,1,whole,1,complete,1200,1200,0.0490427070558987,0.386485656832316,0.60850282345202,0.0146760471584271,17.5965805429541,1200,1200,0.00634674921049764,0.0116926761918293,0.195783925009578,0.253507666177327,-0.570092078238705,0.82372732434897,-0.753991435458443,0.767610704471577,0,0,0,0
confirmation,R,14,1,stationary,1,complete,600,600,0.0444954528746632,0.382763555409357,0.60850282345202,0.0162607157407848,9.75642944447087,600,600,0.00623301758753605,0.0113102336924609,0.203756308460601,0.253507666177327,-0.570092078238705,0.82372732434897,-0.687561868129464,0.620423587762383,0,0,0,0
confirmation,R,15,1,whole,1,complete,1200,1200,0.0489551964183214,0.386136174134228,0.6,0.0146260715475465,17.5366597855083,1200,1200,0.00650908229341528,0.0117792264640615,0.218096610670632,0.245016377455135,-0.570098800744583,0.828366390450436,-0.75448345592879,0.78751653699245,0,0,0,0
confirmation,R,15,1,stationary,1,complete,600,600,0.0441931100693702,0.382528705539497,0.595983592527256,0.0167943997825014,10.0766398695008,600,600,0.00663482680114758,0.0122154187169173,0.223436326703787,0.245016377455135,-0.570098800744583,0.828366390450436,-0.688708934733268,0.607889527652828,0,0,0,0
confirmation,R,16,1,whole,1,complete,1200,1200,0.0490207165234012,0.386233253122164,0.605463246007784,0.0149158444181039,17.8840974573066,1200,1200,0.00658836907972957,0.0119226214735192,0.158107653222426,0.222602533380125,-0.571370136072217,0.820714269640149,-0.744381293379708,0.786168938118178,0,0,0,0
confirmation,R,16,1,stationary,1,complete,600,600,0.0445372567123581,0.382622036838767,0.605463246007784,0.0163798676124358,9.82792056746147,600,600,0.00643249546053929,0.0115162855351127,0.165892477071836,0.222602533380125,-0.571370136072217,0.820714269640149,-0.688057189697083,0.617152645737912,0,0,0,0
confirmation,R,17,1,whole,1,complete,1200,1200,0.049060150601809,0.385962623691917,0.609228003642015,0.0148909590263824,17.8542598726325,1200,1200,0.00644865007931659,0.011912326506507,0.14949488247782,0.186085097907762,-0.571338109764822,0.82696911798765,-0.747048218177054,0.764706728109759,0,0,0,0
confirmation,R,17,1,stationary,1,complete,600,600,0.0446905655661003,0.382439012254206,0.609228003642015,0.0167290999166979,10.0374599500187,600,600,0.00635745592214833,0.0118233357644061,0.151854853718644,0.186085097907762,-0.571338109764822,0.82696911798765,-0.685912900023048,0.62144887899214,0,0,0,0
confirmation,R,18,1,whole,1,complete,1200,1200,0.0490103820104503,0.38652023989604,0.609495665229322,0.0147084800592329,17.6354675910203,1200,1200,0.00646059910269208,0.0115667238679503,0.207260653339656,0.228181850872644,-0.568826516554894,0.821276825691547,-0.748906994736545,0.775227433865875,0,0,0,0
confirmation,R,18,1,stationary,1,complete,600,600,0.0445435048532395,0.382681147115148,0.609495665229322,0.0165742076990025,9.94452461940152,600,600,0.00659033255150162,0.0117270175081489,0.212386095695432,0.228181850872644,-0.568826516554894,0.821276825691547,-0.684183330605934,0.623503130714522,0,0,0,0
confirmation,R,19,1,whole,1,complete,1200,1200,0.0490225014125157,0.386095199117162,0.602730724081468,0.0148291055643942,17.7800975717086,1200,1200,0.00665018606216929,0.012038849870213,0.289134795500192,0.275859084291801,-0.569010072127183,0.81951891598675,-0.741931038920309,0.759665802773422,0,0,0,0
confirmation,R,19,1,stationary,1,complete,600,600,0.0444030024288717,0.382556674894056,0.602730724081468,0.0167798895806366,10.067933748382,600,600,0.00683509121728363,0.0122884314524255,0.296897751636256,0.275859084291801,-0.569010072127183,0.81951891598675,-0.686545333101214,0.614710000034262,0,0,0,0
confirmation,R,20,1,whole,1,complete,1200,1200,0.0490896495725417,0.38627702971623,0.608452133106105,0.0149865696804277,17.9688970468328,1200,1200,0.00643785139082245,0.0119999367032352,0.136724126297463,0.193523646304236,-0.569506491201939,0.824046549856889,-0.751623619217153,0.771134537746766,0,0,0,0
confirmation,R,20,1,stationary,1,complete,600,600,0.0448228523632686,0.38278180113469,0.608452133106105,0.0170604499217503,10.2362699530502,600,600,0.00642581467506536,0.0121316855179734,0.141807898483948,0.193523646304236,-0.569506491201939,0.824046549856889,-0.681236341879026,0.619772016979206,0,0,0,0
confirmation,R,21,1,whole,1,complete,1200,1200,0.049007123147769,0.385703552510286,0.601122290315944,0.014903684588076,17.8695178211031,1200,1200,0.00667024504528478,0.012175721774858,0.298932100161964,0.332787017724394,-0.566108334355018,0.811805890180406,-0.740805071057806,0.775693268788023,0,0,0,0
confirmation,R,21,1,stationary,1,complete,600,600,0.0442084722639156,0.382005842907029,0.601122290315944,0.0164165332776712,9.84991996660271,600,600,0.00649510742329026,0.0120410237880401,0.30944123884345,0.332787017724394,-0.566108334355018,0.811805890180406,-0.677852887906192,0.612717365342568,0,0,0,0
confirmation,R,22,1,whole,1,complete,1200,1200,0.0490140416957189,0.386360133538016,0.602747760193219,0.0150351734484514,18.0271729646933,1200,1200,0.00661764623261242,0.0120504305804095,0.134057766709473,0.201122885324823,-0.572314520749285,0.826048724845207,-0.753602812567049,0.779247882811569,0,0,0,0
confirmation,R,22,1,stationary,1,complete,600,600,0.0443747009963006,0.382415371618225,0.602747760193219,0.0164799422140635,9.88796532843812,600,600,0.00660947795833415,0.0116824981216124,0.14240135882506,0.201122885324823,-0.572314520749285,0.826048724845207,-0.693584689168455,0.613456430142206,0,0,0,0
confirmation,R,23,1,whole,1,complete,1200,1200,0.0490012685190647,0.386281120166141,0.601772130335991,0.0148358747526726,17.7882138284545,1200,1200,0.00650032290607631,0.0119091327884056,0.257931309975732,0.299051838603235,-0.56858859471052,0.818408038300778,-0.74267293230028,0.776126891030951,0,0,0,0
confirmation,R,23,1,stationary,1,complete,600,600,0.0443102597518186,0.382548654908427,0.601772130335991,0.016740242888212,10.0441457329272,600,600,0.00645832389461325,0.0118684551086406,0.264548805244784,0.299051838603235,-0.56858859471052,0.818408038300778,-0.685121249423526,0.613557891091603,0,0,0,0
confirmation,R,24,1,whole,1,complete,1200,1200,0.049088601435039,0.385990337466032,0.60791315251498,0.0144766269093882,17.3574756643564,1200,1200,0.00635296281977939,0.0113834602463228,0.166489999770135,0.263682908156803,-0.571085718041755,0.819740008866719,-0.749095093063648,0.778580873846073,0,0,0,0
confirmation,R,24,1,stationary,1,complete,600,600,0.0447845033429196,0.382334057857632,0.60791315251498,0.0163684165346993,9.82104992081958,600,600,0.00627559018044127,0.0113906709347039,0.170677300634584,0.263682908156803,-0.571085718041755,0.819740008866719,-0.691170445905775,0.618333799328035,0,0,0,0
confirmation,R,25,1,whole,1,complete,1200,1200,0.0490533532089876,0.386159411940645,0.605983473988792,0.0150255815131158,18.0156722342259,1200,1200,0.00665953315004395,0.0123026970211863,0.287899092448784,0.368870848471094,-0.567651476593404,0.822463272737971,-0.746332840347141,0.765593663767906,0,0,0,0
confirmation,R,25,1,stationary,1,complete,600,600,0.044510893561483,0.382759537652911,0.605983473988792,0.0166267707684699,9.97606246108194,600,600,0.00660600680872867,0.012212810838563,0.295968512559358,0.368870848471094,-0.567651476593404,0.822463272737971,-0.686116703198969,0.619852153461504,0,0,0,0
confirmation,R,26,1,whole,1,complete,1200,1200,0.0489615210418583,0.38647480225276,0.6,0.015032708568942,18.0242175741614,1200,1200,0.00675574194639275,0.0124886975677357,0.26162423520151,0.342836570773854,-0.56914880114857,0.827292385032076,-0.748531152600946,0.78589471494019,0,0,0,0
confirmation,R,26,1,stationary,1,complete,600,600,0.0442152334322471,0.382948933690542,0.59521286792329,0.0167462480716814,10.0477488430088,600,600,0.00678052666216682,0.0126067847319352,0.270009621513598,0.342836570773854,-0.56914880114857,0.827292385032076,-0.68763735123997,0.605937983663331,0,0,0,0
confirmation,R,27,1,whole,1,complete,1200,1200,0.0490241945959446,0.386046458813453,0.601431488632209,0.0147841017153556,17.7261379567113,1200,1200,0.00650357037951386,0.0118155390486371,0.147041344664954,0.168518420572323,-0.569313840622984,0.825059764130516,-0.745562499327124,0.76916607633159,0,0,0,0
confirmation,R,27,1,stationary,1,complete,600,600,0.0442878766651532,0.382629151484673,0.601431488632209,0.0167918693069109,10.0751215841465,600,600,0.00656763235599288,0.0120014246689067,0.153340049439261,0.168518420572323,-0.569313840622984,0.825059764130516,-0.682020596892958,0.612062596988144,0,0,0,0
confirmation,R,28,1,whole,1,complete,1200,1200,0.0490776584056472,0.386247199241297,0.608228297272569,0.0151513938269595,18.1665211985245,1200,1200,0.00678042601031169,0.0124293778350438,0.155648583300762,0.208805425775636,-0.573247624975753,0.825195012958189,-0.748490799024925,0.787255634877162,0,0,0,0
confirmation,R,28,1,stationary,1,complete,600,600,0.0447987989106954,0.382622989714321,0.608228297272569,0.0170239917734933,10.214395064096,600,600,0.00678133184285036,0.0127171932847473,0.163705488884062,0.208805425775636,-0.573247624975753,0.825195012958189,-0.69161501945773,0.62004269994619,0,0,0,0
confirmation,R,29,1,whole,1,complete,1200,1200,0.0490099114238627,0.385948681428864,0.60412110752768,0.0146891228479442,17.6122582946851,1200,1200,0.00655058931913,0.0116888645227471,0.239253684653513,0.286665288004568,-0.568547253686116,0.826312850689938,-0.740776892173529,0.770944224902933,0,0,0,0
confirmation,R,29,1,stationary,1,complete,600,600,0.0443544861790798,0.382340867096386,0.60412110752768,0.0164850608804626,9.89103652827754,600,600,0.00649890155391298,0.0117137919713109,0.244066250215346,0.286665288004568,-0.568547253686116,0.826312850689938,-0.685457526957785,0.615464277455509,0,0,0,0
confirmation,R,30,1,whole,1,complete,1200,1200,0.0490423596657214,0.386338407815704,0.602376425624161,0.0154446636214289,18.5181516820933,1200,1200,0.00689962064914565,0.0128438557469877,0.353718863771116,0.428085972354302,-0.568597620901957,0.822228038548053,-0.747365358496009,0.777255790577827,0,0,0,0
confirmation,R,30,1,stationary,1,complete,600,600,0.0442640475207784,0.38278273443262,0.602376425624161,0.0168433986494183,10.106039189651,600,600,0.00674535542295854,0.0124819901195823,0.362575896380876,0.428085972354302,-0.568597620901957,0.822228038548053,-0.683271091891792,0.61419443239247,0,0,0,0
confirmation,R,31,1,whole,1,complete,1200,1200,0.0490431275699968,0.38597120956711,0.605764083752421,0.0147745590297461,17.7146962766656,1200,1200,0.00641144163635868,0.0117576199870362,0.160466836703085,0.229305976508388,-0.569194794198406,0.823035307298376,-0.746867490291597,0.768881117133684,0,0,0,0
confirmation,R,31,1,stationary,1,complete,600,600,0.0446064011644814,0.382454103633403,0.605764083752421,0.0163585893424402,9.81515360546409,600,600,0.00654942437025712,0.0117744398174951,0.167840580842459,0.229305976508388,-0.569194794198406,0.823035307298376,-0.682287359013807,0.617883681943159,0,0,0,0
confirmation,R,32,1,whole,1,complete,1200,1200,0.0490922114207833,0.386535319439407,0.608869828221106,0.0146547951716433,17.5710994108003,1200,1200,0.00629111133700026,0.0115049773106117,0.177994882492974,0.219080693675612,-0.572835100095506,0.824815703050579,-0.744988330787855,0.777937706994578,0,0,0,0
confirmation,R,32,1,stationary,1,complete,600,600,0.0447628458722984,0.382718752463057,0.608869828221106,0.0166009607693622,9.96057646161735,600,600,0.00632219022274179,0.0115639330766902,0.18347328504703,0.219080693675612,-0.572835100095506,0.824815703050579,-0.694382832926639,0.620493049340673,0,0,0,0
confirmation,R,33,1,whole,1,complete,1200,1200,0.0490689392989583,0.385931440267844,0.611474145745196,0.0149676503431411,17.9462127614262,1200,1200,0.00664050392420783,0.0123720354106127,0.219977929581178,0.262795903661435,-0.570483079650839,0.821861671577087,-0.748790842933356,0.761872837869599,0,0,0,0
confirmation,R,33,1,stationary,1,complete,600,600,0.044541742032578,0.382372757195712,0.611474145745196,0.016841593755884,10.1049562535304,600,600,0.00672214387466135,0.0124866532613163,0.229082459028162,0.262795903661435,-0.570483079650839,0.821861671577087,-0.685654826607221,0.624748844009224,0,0,0,0
confirmation,R,34,1,whole,1,complete,1200,1200,0.0490524840308801,0.386485312327461,0.609385670626096,0.0149459618220319,17.9202082246162,1200,1200,0.00662777465518717,0.0119751289849264,0.103211631222996,0.144645177768267,-0.571487148141352,0.822818876988818,-0.75049580572821,0.766723692656153,0,0,0,0
confirmation,R,34,1,stationary,1,complete,600,600,0.0446600283448373,0.38270950582756,0.609385670626096,0.0173107562741847,10.3864537645108,600,600,0.00683131275891075,0.012582515946326,0.105142855969911,0.144645177768267,-0.571487148141352,0.822818876988818,-0.688416967241381,0.622775848571497,0,0,0,0
confirmation,R,35,1,whole,1,complete,1200,1200,0.0489941240619972,0.386473661469019,0.600582949787384,0.0149776790182791,17.9582371429166,1200,1200,0.00639155980947796,0.0117546067074394,0.169571205397123,0.272786639862111,-0.570104362772693,0.823384486994786,-0.751581743838951,0.771039829665133,0,0,0,0
confirmation,R,35,1,stationary,1,complete,600,600,0.044349730709899,0.382746295768134,0.600582949787384,0.0169294907206059,10.1576944323635,600,600,0.00646603140963971,0.0118915151647215,0.176132266761969,0.272786639862111,-0.570104362772693,0.823384486994786,-0.687949702037494,0.611887475935781,0,0,0,0
confirmation,R,36,1,whole,1,complete,1200,1200,0.0490706736096927,0.386583296789297,0.60754064470499,0.0151721327029569,18.1913871108453,1200,1200,0.00673225853764839,0.0122390681948652,0.151635322953252,0.218519990038195,-0.573705967552494,0.827534127135081,-0.739758544010346,0.773514163095094,0,0,0,0
confirmation,R,36,1,stationary,1,complete,600,600,0.0447136781601461,0.382953524720237,0.60754064470499,0.0165440206953547,9.9264124172128,600,600,0.00656158741993146,0.011646390059315,0.159967400538116,0.218519990038195,-0.573705967552494,0.827534127135081,-0.69382101130227,0.618444602946416,0,0,0,0
confirmation,R,37,1,whole,1,complete,1200,1200,0.049036831480262,0.386440625448411,0.60195527596057,0.0146303258393239,17.5417606813494,1200,1200,0.00634874489181609,0.0116849582262925,0.238452018782023,0.311872676625925,-0.568920316192453,0.818314928138951,-0.749570951841909,0.786919232185292,0,0,0,0
confirmation,R,37,1,stationary,1,complete,600,600,0.0444396722045657,0.382816948507193,0.60195527596057,0.0166475107343204,9.98850644059222,600,600,0.00634768558364633,0.0118193696346934,0.246401797886531,0.311872676625925,-0.568920316192453,0.818314928138951,-0.684175689550004,0.612152334962054,0,0,0,0
confirmation,R,38,1,whole,1,complete,1200,1200,0.0490637454185465,0.385839787813296,0.605737048728822,0.0147577708304658,17.6945672257285,1200,1200,0.00638107517626123,0.0115813508933089,0.134183567523612,0.0877675936609288,-0.569837543848529,0.827259862250421,-0.741313730374364,0.787606006675739,0,0,0,0
confirmation,R,38,1,stationary,1,complete,600,600,0.0448609636572278,0.38230995049449,0.605737048728822,0.0168266052059015,10.0959631235409,600,600,0.00653965266997137,0.0119805696291564,0.131390952513223,0.0877675936609288,-0.569837543848529,0.827259862250421,-0.686144574358451,0.616326959924506,0,0,0,0
confirmation,R,39,1,whole,1,complete,1200,1200,0.049071852531604,0.386221178828187,0.603838636361563,0.0147448055387543,17.6790218409664,1200,1200,0.0066648426575024,0.0119534947567758,0.177930955386227,0.246827817030292,-0.570696437092627,0.823815796449474,-0.744174717038293,0.77110017166859,0,0,0,0
confirmation,R,39,1,stationary,1,complete,600,600,0.0444829911288212,0.382516011296605,0.603838636361563,0.0162862062686173,9.77172376117035,600,600,0.00653034587421418,0.0116990687996429,0.186635776705705,0.246827817030292,-0.570696437092627,0.823815796449474,-0.690057426771607,0.61449709598458,0,0,0,0
confirmation,R,40,1,whole,1,complete,1200,1200,0.0490971445906171,0.386243126964428,0.615320342152112,0.0144692344404437,17.348612094092,1200,1200,0.00638598103381638,0.0114123690633595,0.212206551582319,0.274054892184934,-0.568270382330903,0.8230684151514,-0.751605368733717,0.758093821502583,0,0,0,0
confirmation,R,40,1,stationary,1,complete,600,600,0.0447908629474919,0.382650104569631,0.615320342152112,0.0160671063274165,9.64026379644991,600,600,0.00616983262965463,0.0109097889214993,0.221021080688889,0.274054892184934,-0.568270382330903,0.8230684151514,-0.683351762788277,0.629049867448743,0,0,0,0
confirmation,P2,0,0,whole,1,complete,1200,1200,0.048982968589267,0.385992977657736,0.609977025021143,0.00690915809838489,8.28408055996348,1200,1200,4.21584122337462e-05,4.21584122337462e-05,0.0604895586005503,0.0426700594711931,-0.571725534132612,0.822800902243588,-0.748080823256463,0.77049121224034,0,0,0,0
confirmation,P2,0,0,stationary,1,complete,600,600,0.0447793387746258,0.382379959680544,0.609977025021143,0.00881450895044876,5.28870537026926,600,600,3.29740068096174e-05,3.29740068096174e-05,0.0588656198153263,0.0426700594711931,-0.571725534132612,0.822800902243588,-0.689310741618153,0.62155596756214,0,0,0,0
confirmation,P2,1,1,whole,1,complete,1200,1200,0.0490312140918956,0.38601017664514,0.609966903379181,0.0151166886816518,18.1249097293005,1200,1200,0.00666553493505167,0.0121492612141127,0.242896770362482,0.277527068779677,-0.569544278516769,0.825181171330247,-0.741496692604559,0.762397279018532,0,0,0,0
confirmation,P2,1,1,stationary,1,complete,600,600,0.0446586889324495,0.382398543564685,0.609966903379181,0.0171097472666151,10.2658483599691,600,600,0.00667016962096919,0.0122092724123915,0.251909370385485,0.277527068779677,-0.569544278516769,0.825181171330247,-0.690318079757719,0.625197655703048,0,0,0,0
confirmation,P2,2,1,whole,1,complete,1200,1200,0.049145245280195,0.386400219745021,0.607386426971439,0.0153154618445375,18.3632387516005,1200,1200,0.00659334816896234,0.0124875002755435,0.193743820979905,0.126748259970422,-0.575544284537934,0.823056214706235,-0.755899854696645,0.769981612519609,0,0,0,0
confirmation,P2,2,1,stationary,1,complete,600,600,0.0448569145713343,0.382702270550577,0.607386426971439,0.017159375846086,10.2956255076516,600,600,0.00667948799854089,0.0125152670689455,0.180331853001679,0.126748259970422,-0.575544284537934,0.823056214706235,-0.692487948989657,0.617322880040359,0,0,0,0
confirmation,P2,3,1,whole,1,complete,1200,1200,0.0491105319607126,0.386001548282448,0.613775361783791,0.0148592737598687,17.8162692380826,1200,1200,0.00656518109769963,0.0119863374090423,0.246707579717545,0.159387520004547,-0.570380175889272,0.818040670050953,-0.736062675483456,0.774056868762886,0,0,0,0
confirmation,P2,3,1,stationary,1,complete,600,600,0.0451205500516904,0.382484172827591,0.613775361783791,0.0169939573393382,10.1963744036029,600,600,0.00675344298664781,0.0123920278527967,0.249440282083851,0.159387520004547,-0.570380175889272,0.818040670050953,-0.683800634339789,0.627056652515484,0,0,0,0
confirmation,P2,4,1,whole,1,complete,1200,1200,0.0489867713278275,0.386006134702603,0.6,0.0150502083402692,18.0451997999828,1200,1200,0.0066905667563876,0.0124080592038878,0.371335957132028,0.336149491559381,-0.567700619572493,0.819006104997046,-0.757878049285515,0.794410112145355,0,0,0,0
confirmation,P2,4,1,stationary,1,complete,600,600,0.0440816239182412,0.382486729395968,0.598175215932883,0.0166143609124705,9.96861654748231,600,600,0.00654981535257682,0.0123644037128487,0.379846196045611,0.336149491559381,-0.567700619572493,0.819006104997046,-0.683240890243059,0.608099527273533,0,0,0,0
confirmation,P2,5,1,whole,1,complete,1200,1200,0.0491758198176719,0.386187509689822,0.616055614659952,0.0150488346243229,18.0435527145631,1200,1200,0.0066329893401252,0.011965635052806,0.195595298055007,0.215935452550063,-0.569102733058977,0.826432881649027,-0.751673353698087,0.775892429056856,0,0,0,0
confirmation,P2,5,1,stationary,1,complete,600,600,0.0451263209623425,0.382580409643294,0.616055614659952,0.0164201317374781,9.85207904248687,600,600,0.00646177294024248,0.0114715267193932,0.184077047666963,0.215935452550063,-0.569102733058977,0.826432881649027,-0.67732114034717,0.627506274860789,0,0,0,0
confirmation,P2,6,1,whole,1,complete,1200,1200,0.0489543728443129,0.385949685430595,0.6,0.0150044459025397,17.9903306371451,1200,1200,0.00685124756552529,0.0121308750158597,0.466791818103813,0.3959182706314,-0.562627862487214,0.826011628150801,-0.746738012797717,0.789501036549054,0,0,0,0
confirmation,P2,6,1,stationary,1,complete,600,600,0.0442341277078608,0.382307725350941,0.596051819936681,0.0168790953757571,10.1274572254542,600,600,0.00681217314632216,0.012503976753438,0.456406096823928,0.3959182706314,-0.562627862487214,0.826011628150801,-0.678770522656836,0.607899356619971,0,0,0,0
confirmation,P2,7,1,whole,1,complete,1200,1200,0.0489262666317842,0.386363850070052,0.600839734022594,0.0144679423436135,17.3470628699926,1200,1200,0.00650845613003094,0.0117143437693906,0.335719137194867,0.343883219289236,-0.566222166034213,0.820114404212626,-0.756553301455301,0.769960406522572,0,0,0,0
confirmation,P2,7,1,stationary,1,complete,600,600,0.0439436915733398,0.382480092356246,0.600839734022594,0.0158378673072184,9.50272038433107,600,600,0.00646872162574387,0.0114974038548744,0.343863883100564,0.343883219289236,-0.566222166034213,0.820114404212626,-0.678131970630493,0.614363551322701,0,0,0,0
confirmation,P2,8,1,whole,1,complete,1200,1200,0.0490113736952539,0.38612777739869,0.608772476025241,0.0145175334124491,17.4065225615265,1200,1200,0.00651189418821678,0.0116609230690642,0.801401071457759,0.577179715776232,-0.565400397011171,0.823119971124053,-0.73262870852498,0.764051227363645,0,0,0,0
confirmation,P2,8,1,stationary,1,complete,600,600,0.0446338870362867,0.382762789158574,0.608772476025241,0.0162222800428556,9.73336802571336,600,600,0.00644881119635541,0.0116345256570828,0.807150569752638,0.577179715776232,-0.565400397011171,0.823119971124053,-0.678486124447955,0.623691206909679,0,0,0,0
confirmation,P2,9,1,whole,1,complete,1200,1200,0.0490347905900779,0.385884076770869,0.609837447606804,0.0152561242337409,18.2920929562553,1200,1200,0.00692536679193068,0.012506463491073,0.890308498180863,0.757745458351056,-0.568848621101861,0.822289598749703,-0.743282204482155,0.768502473115481,0,0,0,0
confirmation,P2,9,1,stationary,1,complete,600,600,0.0447864439360783,0.382312239882372,0.609837447606804,0.0164465208868335,9.86791253210011,600,600,0.0066389513599657,0.0116869600120112,0.887594039172322,0.757745458351056,-0.568848621101861,0.822289598749703,-0.686834190686876,0.623383185621997,0,0,0,0
confirmation,P2,10,1,whole,1,complete,1200,1200,0.0491701198329244,0.386361098583848,0.607335493173733,0.0145658629170843,17.464469637584,1200,1200,0.00643414566313472,0.011610672961047,0.347619394323719,0.329042622222035,-0.574290324620166,0.819176427690395,-0.747466292431188,0.763388710905942,0,0,0,0
confirmation,P2,10,1,stationary,1,complete,600,600,0.0446612449986593,0.382691135074749,0.607335493173733,0.0165608794562079,9.93652767372476,600,600,0.00660965155311337,0.0117970750147315,0.339597721745808,0.329042622222035,-0.574290324620166,0.819176427690395,-0.694222968315945,0.61809683845311,0,0,0,0
confirmation,P2,11,1,whole,1,complete,1200,1200,0.049178480236194,0.386160119706642,0.61492878452843,0.0148358205161715,17.7881487988896,1200,1200,0.00626908037967926,0.0115807432291586,0.382384465000694,0.163118240302207,-0.571050279194738,0.823356826419292,-0.762614101248648,0.757957538113718,0,0,0,0
confirmation,P2,11,1,stationary,1,complete,600,600,0.0451187274254998,0.382582673062177,0.61492878452843,0.0164688969295967,9.88133815775802,600,600,0.00624482616445936,0.0115338787086963,0.363930887201642,0.163118240302207,-0.571050279194738,0.823356826419292,-0.678179925215541,0.625876505640331,0,0,0,0
confirmation,P2,12,1,whole,1,complete,1200,1200,0.0488892444222751,0.386155776185763,0.6,0.0149400250343404,17.9130900161741,1200,1200,0.00649316200152595,0.0117568404287018,0.297996693203874,0.249625162708489,-0.56356456408473,0.816787000280451,-0.73319814304108,0.788035372341161,0,0,0,0
confirmation,P2,12,1,stationary,1,complete,600,600,0.0443703206284216,0.382767018974771,0.599615831503173,0.0167247616370489,10.0348569822293,600,600,0.00634067135913008,0.01164794052465,0.299843505754747,0.249625162708489,-0.56356456408473,0.816787000280451,-0.677567063655118,0.613561698497051,0,0,0,0
confirmation,P2,13,1,whole,1,complete,1200,1200,0.0491606663031415,0.386270469754156,0.610378853293065,0.0150624729678729,18.0599050884796,1200,1200,0.00660690751569324,0.0121299784162927,0.365302730628444,0.384058543611621,-0.570727586133287,0.82609664194602,-0.747666682146814,0.773907934310073,0,0,0,0
confirmation,P2,13,1,stationary,1,complete,600,600,0.0447673967980759,0.382908441047957,0.610378853293065,0.0169192242638114,10.1515345582868,600,600,0.00675536718506304,0.0123007863380659,0.351327086974037,0.384058543611621,-0.570727586133287,0.82609664194602,-0.679552089740196,0.621322193634917,0,0,0,0
confirmation,P2,14,1,whole,1,complete,1200,1200,0.0489173310896418,0.386587179173555,0.602947739185242,0.0147087121185687,17.6357458301639,1200,1200,0.00636148003015608,0.0116998878522305,0.387656698655703,0.418163735597472,-0.564538689763116,0.824399593884902,-0.75135953036993,0.777436939209447,0,0,0,0
confirmation,P2,14,1,stationary,1,complete,600,600,0.044126797403868,0.382800246383542,0.602947739185242,0.0162084778253358,9.72508669520149,600,600,0.00624676322704799,0.0113201466688544,0.38995896301152,0.418163735597472,-0.564538689763116,0.824399593884902,-0.678075174326737,0.616632436670914,0,0,0,0
confirmation,P2,15,1,whole,1,complete,1200,1200,0.0489885484596771,0.386101362437141,0.6,0.0146420201769639,17.5557821921797,1200,1200,0.00652882617784333,0.0117869637430592,0.2064856081389,0.191646102191631,-0.57109085852384,0.827170723359003,-0.76003803975968,0.78465875134158,0,0,0,0
confirmation,P2,15,1,stationary,1,complete,600,600,0.0441486525399114,0.382502061595684,0.596302616690177,0.0167737746793539,10.0642648076123,600,600,0.00663291995942541,0.0122168975800995,0.21509496393007,0.191646102191631,-0.57109085852384,0.827170723359003,-0.690674347098082,0.607666949312367,0,0,0,0
confirmation,P2,16,1,whole,1,complete,1200,1200,0.0488808829341841,0.386359927030856,0.6,0.014948543921261,17.9233041615919,1200,1200,0.00660209816496956,0.0119302972402232,0.462859414215363,0.42760820556928,-0.564535249056069,0.821343782030357,-0.74203717698669,0.801320175926173,0,0,0,0
confirmation,P2,16,1,stationary,1,complete,600,600,0.044077773778253,0.382660314294502,0.597191621417263,0.0163153690837024,9.78922145022145,600,600,0.00644083392261038,0.011532834676515,0.469721014949086,0.42760820556928,-0.564535249056069,0.821343782030357,-0.676324558316031,0.610975599085211,0,0,0,0
confirmation,P2,17,1,whole,1,complete,1200,1200,0.0489592872104312,0.386080013400147,0.606723841227694,0.0149194054149469,17.8883670925213,1200,1200,0.00646394344161797,0.0119159815285922,0.31827140090265,0.353225012811216,-0.56727668315881,0.827844110036092,-0.747510843064122,0.770894780197199,0,0,0,0
confirmation,P2,17,1,stationary,1,complete,600,600,0.0444018724050577,0.382506551355233,0.606723841227694,0.0166837435446642,10.0102461267985,600,600,0.00636533342873555,0.0118188918367932,0.316432920276048,0.353225012811216,-0.56727668315881,0.827844110036092,-0.678777987911876,0.620868379532216,0,0,0,0
confirmation,P2,18,1,whole,1,complete,1200,1200,0.0490592443148053,0.386476309152649,0.61068793350732,0.0147385278103199,17.6714948445735,1200,1200,0.00646869090233185,0.0115709265821992,0.231226060504642,0.343210683450929,-0.570189508381202,0.820393491085204,-0.754101569493991,0.772696994618706,0,0,0,0
confirmation,P2,18,1,stationary,1,complete,600,600,0.0446026147636683,0.382650640259928,0.61068793350732,0.0165787420027391,9.94724520164349,600,600,0.00659270135207265,0.0117302133499442,0.228062265777724,0.343210683450929,-0.570189508381202,0.820393491085204,-0.686521830249565,0.624131886414076,0,0,0,0
confirmation,P2,19,1,whole,1,complete,1200,1200,0.0490338428278701,0.386149959205755,0.6,0.0149086746045358,17.8755008508385,1200,1200,0.00667876201840752,0.012056903813308,0.961531257266156,0.877489896789761,-0.574248515386793,0.819673543725702,-0.754858580327656,0.76315931794221,0,0,0,0
confirmation,P2,19,1,stationary,1,complete,600,600,0.044170937601005,0.382518470223058,0.598669200216669,0.016782165717597,10.0692994305582,600,600,0.00688837644086668,0.0122972301273146,0.936633253001782,0.877489896789761,-0.574248515386793,0.819673543725702,-0.695438891146606,0.607795482053784,0,0,0,0
confirmation,P2,20,1,whole,1,complete,1200,1200,0.0492276960709672,0.386186908434576,0.613488229294339,0.0149685243247981,17.9472606654329,1200,1200,0.0064449348482369,0.0120089533480196,0.492273848575836,0.392521025177757,-0.569860342415424,0.822389283594095,-0.764950173206115,0.760508824666422,0,0,0,0
confirmation,P2,20,1,stationary,1,complete,600,600,0.0450146290107999,0.382732875608509,0.613488229294339,0.0169943230920894,10.1965938552536,600,600,0.00642252186770675,0.0121391676746722,0.498320330194737,0.392521025177757,-0.569860342415424,0.822389283594095,-0.672931935799435,0.622887770588796,0,0,0,0
confirmation,P2,21,1,whole,1,complete,1200,1200,0.0490381097462407,0.385696347893056,0.6,0.0149283043498984,17.8990369155282,1200,1200,0.00667522996427026,0.0121829184514923,0.381890520344402,0.284726972242284,-0.566733985807373,0.811050616082654,-0.748724208658028,0.77669586248641,0,0,0,0
confirmation,P2,21,1,stationary,1,complete,600,600,0.0441086428937412,0.381978034166353,0.598740363163487,0.016384891199858,9.83093471991479,600,600,0.00649871220860025,0.0120515743427345,0.384325858456998,0.284726972242284,-0.566733985807373,0.811050616082654,-0.678301711409952,0.609399003872444,0,0,0,0
confirmation,P2,22,1,whole,1,complete,1200,1200,0.049003987624577,0.386362521696503,0.602512545992101,0.0150656110928125,18.0636677002822,1200,1200,0.0066242245033109,0.0120573188773913,0.263254255708896,0.191853102821987,-0.571568181742477,0.825626947879956,-0.755093861867321,0.780253554571023,0,0,0,0
confirmation,P2,22,1,stationary,1,complete,600,600,0.0443372468715632,0.382425725312965,0.602512545992101,0.0164719573305404,9.88317439832425,600,600,0.00660640030626082,0.0116825626346464,0.26777236731792,0.191853102821987,-0.571568181742477,0.825626947879956,-0.69259068605945,0.613789849822045,0,0,0,0
confirmation,P2,23,1,whole,1,complete,1200,1200,0.0489140441222674,0.38635898805341,0.6,0.0148731282233977,17.8328807398539,1200,1200,0.0065091694344129,0.0119149132594168,0.374381280341035,0.37576012933882,-0.565897553549094,0.818838380920182,-0.741025115550794,0.783701341386943,0,0,0,0
confirmation,P2,23,1,stationary,1,complete,600,600,0.04401298824311,0.382567422189071,0.596795128089728,0.0167108470187212,10.0265082112327,600,600,0.00646349981224268,0.0118742358348398,0.370131855010158,0.37576012933882,-0.565897553549094,0.818838380920182,-0.680595364490284,0.609296500399637,0,0,0,0
confirmation,P2,24,1,whole,1,complete,1200,1200,0.0491949306865251,0.385916941324033,0.609765979323567,0.0144912234766066,17.3749769484514,1200,1200,0.00637347444543484,0.0113863745025898,0.376310231446404,0.422499128395992,-0.574007664169469,0.818408640450483,-0.757981544199909,0.773290727290473,0,0,0,0
confirmation,P2,24,1,stationary,1,complete,600,600,0.0449299634726625,0.382288475239422,0.609765979323567,0.0163515348617197,9.81092091703184,600,600,0.00628521147436032,0.0113882672187693,0.379138863681885,0.422499128395992,-0.574007664169469,0.818408640450483,-0.692548094867597,0.618524493993711,0,0,0,0
confirmation,P2,25,1,whole,1,complete,1200,1200,0.0490072400672807,0.386179833416136,0.606112237368714,0.0150306408399705,18.0217383671246,1200,1200,0.00666954079758302,0.0123069694978387,0.443823228538472,0.43416686253188,-0.564156587962472,0.822409738215491,-0.745551811909676,0.766659582162043,0,0,0,0
confirmation,P2,25,1,stationary,1,complete,600,600,0.044402195405505,0.382793780285555,0.606112237368714,0.0165897340693426,9.95384044160553,600,600,0.00660393142450286,0.0122143384561405,0.453881644140099,0.43416686253188,-0.564156587962472,0.822409738215491,-0.680155788201439,0.621842373109455,0,0,0,0
confirmation,P2,26,1,whole,1,complete,1200,1200,0.0488436707964771,0.386527423668901,0.6,0.0150502505176323,18.0452503706411,1200,1200,0.00678717715523624,0.0125036954254453,0.596147280933224,0.442616368760154,-0.561749856120162,0.827462128376678,-0.742066648136599,0.793971999068907,0,0,0,0
confirmation,P2,26,1,stationary,1,complete,600,600,0.0440243805782947,0.383011634169727,0.592374740639284,0.0167003384622226,10.0202030773335,600,600,0.00681184551831176,0.0126093935365809,0.596838613203788,0.442616368760154,-0.561749856120162,0.827462128376678,-0.674830514943506,0.60693133795598,0,0,0,0
confirmation,P2,27,1,whole,1,complete,1200,1200,0.0490358356573438,0.386005284413845,0.601693567204959,0.0148256110413741,17.7759076386075,1200,1200,0.00651838574473993,0.0118248865677399,0.194914747628613,0.142131261601165,-0.569681415252709,0.824999686444801,-0.748677004614351,0.769174835119041,0,0,0,0
confirmation,P2,27,1,stationary,1,complete,600,600,0.0443249757877787,0.382610255649156,0.601693567204959,0.0168044134096602,10.0826480457961,600,600,0.00656663206464073,0.0120028177233224,0.198799616373007,0.142131261601165,-0.569681415252709,0.824999686444801,-0.682309259176555,0.612287513037312,0,0,0,0
confirmation,P2,28,1,whole,1,complete,1200,1200,0.0492268388220042,0.386163599296886,0.610797200425307,0.015161758143098,18.1789480135745,1200,1200,0.00680903377234547,0.0124423519838506,0.570059169679541,0.544847890583654,-0.577716174921351,0.823284949225064,-0.763454821132713,0.78130244286874,0,0,0,0
confirmation,P2,28,1,stationary,1,complete,600,600,0.0449735467354581,0.382577102600524,0.610797200425307,0.0169845588386505,10.1907353031903,600,600,0.00680236857758033,0.0127305540275964,0.580901979084127,0.544847890583654,-0.577716174921351,0.823284949225064,-0.696834851316075,0.619655654592829,0,0,0,0
confirmation,P2,29,1,whole,1,complete,1200,1200,0.0488769788775201,0.386080259803296,0.6,0.0147219015119623,17.6515599128428,1200,1200,0.00655602085494005,0.0116915278159208,0.473857889487427,0.4853455696259,-0.564137385370759,0.827434646731154,-0.737199668486987,0.782291186859064,0,0,0,0
confirmation,P2,29,1,stationary,1,complete,600,600,0.0439443337606679,0.382391791662759,0.597572356807612,0.0164424066987692,9.86544401926149,600,600,0.00650010067269204,0.0117199290971042,0.471889883096338,0.4853455696259,-0.564137385370759,0.827434646731154,-0.67801603746873,0.610316863288172,0,0,0,0
confirmation,P2,30,1,whole,1,complete,1200,1200,0.0489877056770255,0.38635530875123,0.601999878157422,0.0154678696796931,18.545975745952,1200,1200,0.00690765021614393,0.0128566491567758,0.524090300065707,0.456094009796734,-0.565189616235254,0.822266318493161,-0.744631504259765,0.781041081074938,0,0,0,0
confirmation,P2,30,1,stationary,1,complete,600,600,0.0441649591089122,0.382814596985062,0.601999878157422,0.0168105397019225,10.0863238211535,600,600,0.00674872889055932,0.0124860454265959,0.536762841611731,0.456094009796734,-0.565189616235254,0.822266318493161,-0.677377579456508,0.615567533721962,0,0,0,0
confirmation,P2,31,1,whole,1,complete,1200,1200,0.0489949388024616,0.386006763660676,0.602641308547137,0.0148194738218078,17.7685491123475,1200,1200,0.00642810283698869,0.0117629359159292,0.332032962788709,0.321812823195194,-0.568314938001041,0.823292251494417,-0.748638869086495,0.774396283924978,0,0,0,0
confirmation,P2,31,1,stationary,1,complete,600,600,0.0443921246052781,0.382448770593199,0.602641308547137,0.0163374639757805,9.80247838546832,600,600,0.00656663273589855,0.0117734389066883,0.330859793991549,0.321812823195194,-0.568314938001041,0.823292251494417,-0.680475765907838,0.61457013331183,0,0,0,0
confirmation,P2,32,1,whole,1,complete,1200,1200,0.0490376744910312,0.386550001442634,0.606766808948951,0.0146692744967419,17.5884601215935,1200,1200,0.0063014959704761,0.0115142765220199,0.329411948346611,0.321288431650422,-0.568688616389167,0.824603176749523,-0.73964103902703,0.781836834995004,0,0,0,0
confirmation,P2,32,1,stationary,1,complete,600,600,0.0446627304793483,0.382737238866439,0.606766808948951,0.0165800415442927,9.94802492657561,600,600,0.00632437649741805,0.0115725055722789,0.339795016748815,0.321288431650422,-0.568688616389167,0.824603176749523,-0.688024032600007,0.62004842379683,0,0,0,0
confirmation,P2,33,1,whole,1,complete,1200,1200,0.0490258636022567,0.385982515285735,0.610958501043018,0.0149893800250935,17.9722666500871,1200,1200,0.00664072576053364,0.0123782997410703,0.317697373022361,0.326028323355028,-0.568558032453743,0.821961941795648,-0.750204392080096,0.764289764048232,0,0,0,0
confirmation,P2,33,1,stationary,1,complete,600,600,0.0443962874404549,0.382407461059483,0.610958501043018,0.0168063192863591,10.0837915718154,600,600,0.00671050393276362,0.0124852346949097,0.331481843755397,0.326028323355028,-0.568558032453743,0.821961941795648,-0.682304436434196,0.625046783925486,0,0,0,0
confirmation,P2,34,1,whole,1,complete,1200,1200,0.0489813456587582,0.386543654438138,0.606816159418763,0.014972111841504,17.9515620979633,1200,1200,0.00663644843832837,0.0119836113789835,0.158684399313472,0.156209345500174,-0.56765852357967,0.823120017700409,-0.746661732514651,0.77099173904575,0,0,0,0
confirmation,P2,34,1,stationary,1,complete,600,600,0.0444692634239871,0.382742802798798,0.606816159418763,0.0172891005109339,10.3734603065604,600,600,0.00683135442440435,0.0125883217810052,0.16088225941519,0.156209345500174,-0.56765852357967,0.823120017700409,-0.681893778659773,0.621427249537098,0,0,0,0
confirmation,P2,35,1,whole,1,complete,1200,1200,0.0488579730389918,0.386532336005229,0.6,0.0149855560509411,17.9676817050784,1200,1200,0.00637618182488609,0.011766819195585,0.506502696530982,0.402939194910215,-0.563636743603219,0.824196276589703,-0.741205164609395,0.777962991030118,0,0,0,0
confirmation,P2,35,1,stationary,1,complete,600,600,0.0441090173999801,0.382811401223571,0.597965738532959,0.0168869009854281,10.1321405912569,600,600,0.00644296665836978,0.0119027224985457,0.502215583838519,0.402939194910215,-0.563636743603219,0.824196276589703,-0.67697425859677,0.612571391866471,0,0,0,0
confirmation,P2,36,1,whole,1,complete,1200,1200,0.0490353423371386,0.386648613195038,0.604487576817033,0.0152277102255828,18.2580245604738,1200,1200,0.00675711462769376,0.012247872167139,0.381344749748468,0.299606032570387,-0.573830352908351,0.827841311508163,-0.743472462072009,0.778165479095458,0,0,0,0
confirmation,P2,36,1,stationary,1,complete,600,600,0.0444771415151776,0.382961607290565,0.604487576817033,0.0165288490277906,9.91730941667435,600,600,0.00656841101747187,0.0116527344889596,0.355934380725155,0.299606032570387,-0.573830352908351,0.827841311508163,-0.694291168706067,0.614907232656263,0,0,0,0
confirmation,P2,37,1,whole,1,complete,1200,1200,0.0490686496639539,0.386475694126965,0.6,0.0146647904030414,17.5830836932466,1200,1200,0.00639082726199197,0.0117094130118849,0.846388082707779,0.587661206049765,-0.568055844797953,0.817546031009083,-0.762703526500454,0.790968921552201,0,0,0,0
confirmation,P2,37,1,stationary,1,complete,600,600,0.0441990634526581,0.382770982660922,0.597038919455546,0.0166017083933262,9.96102503599573,600,600,0.0063636221646856,0.01183529346463,0.808421422172656,0.587661206049765,-0.568055844797953,0.817546031009083,-0.678775292287459,0.605642865525322,0,0,0,0
confirmation,P2,38,1,whole,1,complete,1200,1200,0.04911114838541,0.38581796641598,0.601656619688692,0.0147849168927477,17.7271153544045,1200,1200,0.00641347234359277,0.0115934350672838,0.655810190952619,0.470084039317752,-0.569021826795098,0.826532988505132,-0.751770746861009,0.790663526479238,0,0,0,0
confirmation,P2,38,1,stationary,1,complete,600,600,0.044716093455922,0.382231291185859,0.601656619688692,0.0167702170916895,10.0621302550137,600,600,0.00654235484005572,0.0119871820276299,0.628540072714705,0.470084039317752,-0.569021826795098,0.826532988505132,-0.67843807518079,0.609110473128607,0,0,0,0
confirmation,P2,39,1,whole,1,complete,1200,1200,0.049058229472089,0.386238735571193,0.602746894263045,0.014778191921732,17.7190521141567,1200,1200,0.0066723827431456,0.0119598645780991,0.192760045299457,0.282890596956437,-0.570699353960114,0.823618272378976,-0.748177417034218,0.773308450156476,0,0,0,0
confirmation,P2,39,1,stationary,1,complete,600,600,0.0443389705676936,0.382519406355645,0.602746894263045,0.0162605244298617,9.75631465791703,600,600,0.00653028649852608,0.0116993762094945,0.200160895510733,0.282890596956437,-0.570699353960114,0.823618272378976,-0.690244370990635,0.612944516024772,0,0,0,0
confirmation,P2,40,1,whole,1,complete,1200,1200,0.0486959027671207,0.386486499781721,0.6,0.0145039950484979,17.390290063149,1200,1200,0.00642669304503353,0.0114207961436105,0.672766908961161,0.563225658230953,-0.563170234003441,0.825601931443515,-0.738817325023702,0.796487443881486,0,0,0,0
confirmation,P2,40,1,stationary,1,complete,600,600,0.0436605025404386,0.382754881181122,0.589856371997852,0.0159272296611936,9.55633779671617,600,600,0.00618206989754562,0.0109504469939518,0.674594715828048,0.563225658230953,-0.563170234003441,0.825601931443515,-0.657968402112355,0.608473744614101,0,0,0,0
confirmation,K,0,0,whole,1,complete,1200,1200,0.0489910781924341,0.385958982348048,0.610542240652279,0.00690659164799854,8.28100338595025,1200,1200,5.74190850114132e-17,5.74190850114132e-17,NaN,NaN,-0.57194012757205,0.822674666477123,-0.747984972203211,0.76948768010246,0,0,0,0
confirmation,K,0,0,stationary,1,complete,600,600,0.0448025913457877,0.382363738410075,0.610542240652279,0.0088157557906752,5.28945347440512,600,600,5.90660819124413e-17,5.90660819124413e-17,NaN,NaN,-0.57194012757205,0.822674666477123,-0.689652441705812,0.622093260329003,0,0,0,0
confirmation,K,1,1,whole,1,complete,1200,1200,0.0491398843076779,0.386013047784279,0.618815791797336,0.0150706680335887,18.0697309722728,1200,1200,0.00661328470309403,0.0121178920019,NaN,NaN,-0.573930713357074,0.82566424453015,-0.744667963045053,0.759970543064153,0,0,0,0
confirmation,K,1,1,stationary,1,complete,600,600,0.0452465855688962,0.382439316853541,0.618815791797336,0.0171845071130325,10.3107042678195,600,600,0.00665029971986836,0.0121939844785047,NaN,NaN,-0.573930713357074,0.82566424453015,-0.696835727428038,0.632920940801774,0,0,0,0
confirmation,K,2,1,whole,1,complete,1200,1200,0.0491357270038117,0.386090081459683,0.609317649016803,0.0151337319263763,18.1453445797252,1200,1200,0.00652198467664432,0.0124468284847247,NaN,NaN,-0.57408155862277,0.823389650077522,-0.750998469529862,0.767168417022163,0,0,0,0
confirmation,K,2,1,stationary,1,complete,600,600,0.0450070571537668,0.382466459406203,0.609317649016803,0.0170940416818639,10.2564250091183,600,600,0.00663247792819614,0.0124887804393556,NaN,NaN,-0.57408155862277,0.823389650077522,-0.690608299058855,0.619691660500922,0,0,0,0
confirmation,K,3,1,whole,1,complete,1200,1200,0.0491508237331147,0.385986580798536,0.616629095705115,0.014743034600433,17.6768984859192,1200,1200,0.00650570605038683,0.0119451138788524,NaN,NaN,-0.572984099709822,0.818761818016938,-0.740310469907716,0.770810343487518,0,0,0,0
confirmation,K,3,1,stationary,1,complete,600,600,0.0453185257206728,0.382457687128801,0.616629095705115,0.0169760639752588,10.1856383851553,600,600,0.00669235532578408,0.0123710063773358,NaN,NaN,-0.572984099709822,0.818761818016938,-0.688613587913638,0.628080601040102,0,0,0,0
confirmation,K,4,1,whole,1,complete,1200,1200,0.0490928745615637,0.386023554658924,0.605112834225572,0.0150009319450826,17.9861174021541,1200,1200,0.00662782082340728,0.0123620019472246,NaN,NaN,-0.571431806659279,0.820331139978537,-0.750026676870091,0.789643079141786,0,0,0,0
confirmation,K,4,1,stationary,1,complete,600,600,0.0448174689906361,0.382526619021804,0.605112834225572,0.0167271690575163,10.0363014345098,600,600,0.00653864480248624,0.0123458786307961,NaN,NaN,-0.571431806659279,0.820331139978537,-0.689544411170157,0.613961458829667,0,0,0,0
confirmation,K,5,1,whole,1,complete,1200,1200,0.0491776921598447,0.386000368371318,0.618260898326919,0.014897030892908,17.8615400405967,1200,1200,0.00659185070904826,0.0119292348348891,NaN,NaN,-0.568794214771772,0.827109231716507,-0.745028916997769,0.771067730244053,0,0,0,0
confirmation,K,5,1,stationary,1,complete,600,600,0.0453093377745077,0.38242667336768,0.618260898326919,0.016397024293197,9.83821457591819,600,600,0.0064458462745817,0.0114520529915509,NaN,NaN,-0.568794214771772,0.827109231716507,-0.676717282867405,0.629924773676677,0,0,0,0
confirmation,K,6,1,whole,1,complete,1200,1200,0.0491222187755388,0.386090945549525,0.607586944554457,0.0149154337298668,17.8836050421103,1200,1200,0.00679452211656989,0.0120958206156298,NaN,NaN,-0.571117597218458,0.826552780645428,-0.753043045341956,0.775411319733869,0,0,0,0
confirmation,K,6,1,stationary,1,complete,600,600,0.0449746369029156,0.382375073954442,0.607586944554457,0.0169537972071707,10.1722783243024,600,600,0.00681018040881908,0.0124678617724803,NaN,NaN,-0.571117597218458,0.826552780645428,-0.691953849267819,0.616877767276695,0,0,0,0
confirmation,K,7,1,whole,1,complete,1200,1200,0.0490494411418022,0.386027433220561,0.607881560327749,0.0144517773118587,17.3276809969186,1200,1200,0.00646248922507166,0.0116936462473371,NaN,NaN,-0.572189798617715,0.820536345103819,-0.752757442528316,0.76597717475734,0,0,0,0
confirmation,K,7,1,stationary,1,complete,600,600,0.0446811867466695,0.382260026265027,0.607881560327749,0.0159728890674861,9.58373344049165,600,600,0.00646076359199063,0.0114876067517068,NaN,NaN,-0.572189798617715,0.820536345103819,-0.688741442643301,0.618941082270642,0,0,0,0
confirmation,K,8,1,whole,1,complete,1200,1200,0.0491311079210756,0.386063460060598,0.611223669650375,0.0144965203611004,17.3813279129593,1200,1200,0.00640851174502421,0.0116446133790572,NaN,NaN,-0.571822431703984,0.823745297763087,-0.740960832052764,0.764514693431042,0,0,0,0
confirmation,K,8,1,stationary,1,complete,600,600,0.0450900530732906,0.382643783504346,0.611223669650375,0.0163054624254165,9.7832774552499,600,600,0.00637086441194279,0.0116350673878457,NaN,NaN,-0.571822431703984,0.823745297763087,-0.68968335184922,0.622520277862163,0,0,0,0
confirmation,K,9,1,whole,1,complete,1200,1200,0.0490925698485919,0.386005571344429,0.607900508676799,0.0151349821915861,18.1468436477117,1200,1200,0.00684410606432272,0.0124734087292992,NaN,NaN,-0.572477701195562,0.821837714985838,-0.751067356382029,0.770523609536669,0,0,0,0
confirmation,K,9,1,stationary,1,complete,600,600,0.0448684991391965,0.382302470377685,0.607900508676799,0.0164251652971179,9.85509917827075,600,600,0.00658955352254047,0.011665109461943,NaN,NaN,-0.572477701195562,0.821837714985838,-0.692611060398876,0.618935232935763,0,0,0,0
confirmation,K,10,1,whole,1,complete,1200,1200,0.0491030938571526,0.385952835558858,0.609919743039842,0.0145706809465385,17.4702464548997,1200,1200,0.00639162083814812,0.0115957242053982,NaN,NaN,-0.572551351660773,0.82242440404859,-0.738195302349621,0.769350638243463,0,0,0,0
confirmation,K,10,1,stationary,1,complete,600,600,0.0449860736519304,0.382394789417773,0.609919743039842,0.0166572761424426,9.99436568546558,600,600,0.00658777416108545,0.0118072100202885,NaN,NaN,-0.572551351660773,0.82242440404859,-0.691607541025735,0.621540104331283,0,0,0,0
confirmation,K,11,1,whole,1,complete,1200,1200,0.0490924534622631,0.386101394431913,0.613891978047189,0.014631977415465,17.5437409211425,1200,1200,0.00617590214453373,0.0115293980609637,NaN,NaN,-0.569923798970096,0.822962564887492,-0.748583649762944,0.760940754569028,0,0,0,0
confirmation,K,11,1,stationary,1,complete,600,600,0.0449824495355022,0.382520552613298,0.613891978047189,0.0163864092211659,9.83184553269953,600,600,0.00619418849821371,0.0114967744775524,NaN,NaN,-0.569923798970096,0.822962564887492,-0.683762172931891,0.627520638942477,0,0,0,0
confirmation,K,12,1,whole,1,complete,1200,1200,0.0490512994395581,0.386080402072007,0.605461554545098,0.0147448345758828,17.6790566564835,1200,1200,0.00640767936426331,0.0117170444365436,NaN,NaN,-0.571087417587794,0.815881479188016,-0.744084047427667,0.774890354201723,0,0,0,0
confirmation,K,12,1,stationary,1,complete,600,600,0.0446999428086729,0.382617164913485,0.605461554545098,0.0166581462806891,9.99488776841349,600,600,0.00629000358408206,0.0116173410038873,NaN,NaN,-0.571087417587794,0.815881479188016,-0.689956045224885,0.616354757290189,0,0,0,0
confirmation,K,13,1,whole,1,complete,1200,1200,0.0491050560837175,0.386088029716625,0.613293580610658,0.0149933365213255,17.9770104890693,1200,1200,0.00655354592698204,0.0121070538833706,NaN,NaN,-0.570667895104682,0.828097304853339,-0.741212478734575,0.774293427468917,0,0,0,0
confirmation,K,13,1,stationary,1,complete,600,600,0.0449869644557416,0.382671694670582,0.613293580610658,0.0169549145079969,10.1729487047981,600,600,0.00671233916672696,0.0122926529867681,NaN,NaN,-0.570667895104682,0.828097304853339,-0.681832348745989,0.624904386412588,0,0,0,0
confirmation,K,14,1,whole,1,complete,1200,1200,0.0490677790108447,0.386126588491647,0.611642999136764,0.0146282738906707,17.5393003949141,1200,1200,0.00630209394325686,0.0116696746858783,NaN,NaN,-0.571442697572967,0.824047723454465,-0.754008201132924,0.766714999837632,0,0,0,0
confirmation,K,14,1,stationary,1,complete,600,600,0.0448381775851874,0.38242266708412,0.611642999136764,0.0162901812398323,9.77410874389936,600,600,0.00621092998523934,0.0112874560377826,NaN,NaN,-0.571442697572967,0.824047723454465,-0.689617893490475,0.623198345320574,0,0,0,0
confirmation,K,15,1,whole,1,complete,1200,1200,0.0490096732802493,0.386164782165844,0.600086017588719,0.0145927990885081,17.4967661071212,1200,1200,0.00646130954907577,0.0117575917314635,NaN,NaN,-0.573093192082011,0.828460470216705,-0.756573925977043,0.786056048091697,0,0,0,0
confirmation,K,15,1,stationary,1,complete,600,600,0.0446214941814951,0.382504510043737,0.600086017588719,0.016835718795652,10.1014312773912,600,600,0.00661674440588258,0.0121969552271228,NaN,NaN,-0.573093192082011,0.828460470216705,-0.693436631286756,0.61114955575269,0,0,0,0
confirmation,K,16,1,whole,1,complete,1200,1200,0.04907685145473,0.38608634900584,0.609600449008576,0.0148328692425199,17.7846102217813,1200,1200,0.00656557246224772,0.0118948605428456,NaN,NaN,-0.572829650011596,0.821309440215391,-0.744499196975953,0.783717085448207,0,0,0,0
confirmation,K,16,1,stationary,1,complete,600,600,0.0448470208227105,0.382465471136125,0.609600449008576,0.0163842208992047,9.83053253952284,600,600,0.00642710524016805,0.0115005713855367,NaN,NaN,-0.572829650011596,0.821309440215391,-0.69071060924951,0.620556706075027,0,0,0,0
confirmation,K,17,1,whole,1,complete,1200,1200,0.0491274100920701,0.385973559252125,0.613087146526648,0.0147756389799959,17.715991137015,1200,1200,0.00640644832939845,0.0118862690156057,NaN,NaN,-0.573365655696227,0.826331173992322,-0.748031037884568,0.762026751548954,0,0,0,0
confirmation,K,17,1,stationary,1,complete,600,600,0.0449141828404887,0.382429852713728,0.613087146526648,0.0166841751889466,10.0105051133679,600,600,0.00632895644902635,0.0118055198996847,NaN,NaN,-0.573365655696227,0.826331173992322,-0.689495283174856,0.624337817319068,0,0,0,0
confirmation,K,18,1,whole,1,complete,1200,1200,0.0491109824045065,0.386033445219139,0.616212910151534,0.0146546909866858,17.5709744930363,1200,1200,0.00644169988833224,0.0115445155606563,NaN,NaN,-0.572022864388109,0.821528969993919,-0.748370064286156,0.769524205418636,0,0,0,0
confirmation,K,18,1,stationary,1,complete,600,600,0.0450109260847929,0.382360471310192,0.616212910151534,0.0165985469243515,9.95912815461087,600,600,0.00659450497772009,0.01171137987492,NaN,NaN,-0.572022864388109,0.821528969993919,-0.6898179336156,0.62875526528973,0,0,0,0
confirmation,K,19,1,whole,1,complete,1200,1200,0.0491154302634524,0.386091123937223,0.609712079099973,0.0148189286456002,17.7678954460746,1200,1200,0.00660073335440111,0.0120135138357396,NaN,NaN,-0.573276174255236,0.819934922552115,-0.747820400533662,0.759141375320709,0,0,0,0
confirmation,K,19,1,stationary,1,complete,600,600,0.0449891064905221,0.382545142767266,0.609712079099973,0.0168614464998633,10.116867899918,600,600,0.00678204485634853,0.0122711780480246,NaN,NaN,-0.573276174255236,0.819934922552115,-0.69342576901257,0.620508896608407,0,0,0,0
confirmation,K,20,1,whole,1,complete,1200,1200,0.0490849649795068,0.386030729520244,0.609361240215323,0.0148958206099187,17.8600889112926,1200,1200,0.00640262492224435,0.0119758779699955,NaN,NaN,-0.56902580736503,0.824781352712713,-0.748540083561787,0.771583051702578,0,0,0,0
confirmation,K,20,1,stationary,1,complete,600,600,0.0449382065533985,0.382577729417508,0.609361240215323,0.0170252054228795,10.2151232537277,600,600,0.00640309444045125,0.0121173994825496,NaN,NaN,-0.56902580736503,0.824781352712713,-0.681073755957283,0.620782943826253,0,0,0,0
confirmation,K,21,1,whole,1,complete,1200,1200,0.0490732309618509,0.385930954104277,0.606861693813313,0.0149107186899685,17.8779517092723,1200,1200,0.00667408717606464,0.0121560347003362,NaN,NaN,-0.568027806222565,0.81311864150615,-0.748397321728962,0.7758426655014,0,0,0,0
confirmation,K,21,1,stationary,1,complete,600,600,0.0447248314262739,0.382115978698699,0.606861693813313,0.0164883973858768,9.89303843152605,600,600,0.00651995956551061,0.0120266874047831,NaN,NaN,-0.568027806222565,0.81311864150615,-0.67877281492793,0.617570583678162,0,0,0,0
confirmation,K,22,1,whole,1,complete,1200,1200,0.0490493322821086,0.38600355370029,0.605743040145598,0.0149575211681037,17.9340678805563,1200,1200,0.0065877562044765,0.0120249995917249,NaN,NaN,-0.573300522771311,0.826308054057183,-0.753123015924934,0.777877967792673,0,0,0,0
confirmation,K,22,1,stationary,1,complete,600,600,0.0446075812227636,0.382159937452045,0.605743040145598,0.016461829810922,9.87709788655321,600,600,0.0066103428662791,0.0116638382392297,NaN,NaN,-0.573300522771311,0.826308054057183,-0.695020877326247,0.615884551018568,0,0,0,0
confirmation,K,23,1,whole,1,complete,1200,1200,0.0490896692840231,0.386040478251328,0.608183883372202,0.0148161057159453,17.7645107534184,1200,1200,0.00647107891521728,0.0118898639967413,NaN,NaN,-0.571924657873096,0.818634922692102,-0.74650906271077,0.773371764417901,0,0,0,0
confirmation,K,23,1,stationary,1,complete,600,600,0.0448107310086168,0.382339641863571,0.608183883372202,0.0168030236657409,10.0818141994445,600,600,0.00646144925173514,0.01186184938109,NaN,NaN,-0.571924657873096,0.818634922692102,-0.690530592051116,0.618725498577278,0,0,0,0
confirmation,K,24,1,whole,1,complete,1200,1200,0.0490989472817327,0.385935887837757,0.60964446335359,0.0144016857659689,17.2676212333967,1200,1200,0.00631722588308326,0.0113630379210331,NaN,NaN,-0.571898749074047,0.82022597994505,-0.747634469540657,0.777141290603762,0,0,0,0
confirmation,K,24,1,stationary,1,complete,600,600,0.0449857680111416,0.38230551199449,0.60964446335359,0.0163564458531935,9.8138675119161,600,600,0.00625215935166572,0.0113759700789403,NaN,NaN,-0.571898749074047,0.82022597994505,-0.692107657309116,0.619793735123412,0,0,0,0
confirmation,K,25,1,whole,1,complete,1200,1200,0.0491291704176685,0.385970605386237,0.612347898576035,0.0150195149001058,18.0083983652269,1200,1200,0.00660825123141949,0.0122882954494691,NaN,NaN,-0.571347710910167,0.822717353416379,-0.745982602751631,0.76251040826142,0,0,0,0
confirmation,K,25,1,stationary,1,complete,600,600,0.0450657698685475,0.382605225973536,0.612347898576035,0.0167118940783507,10.0271364470104,600,600,0.00655229931991848,0.0122150811039645,NaN,NaN,-0.571347710910167,0.822717353416379,-0.691791598064309,0.625122828568042,0,0,0,0
confirmation,K,26,1,whole,1,complete,1200,1200,0.0490193076104443,0.386106185372571,0.600386533420789,0.0150061552617459,17.9923801588334,1200,1200,0.00673959793765847,0.0124691492697368,NaN,NaN,-0.570912881212085,0.828452792701263,-0.748541408025312,0.784333059618273,0,0,0,0
confirmation,K,26,1,stationary,1,complete,600,600,0.04463170700539,0.382579761237476,0.600386533420789,0.0168032323392362,10.0819394035417,600,600,0.00676963047237885,0.0125899403370771,NaN,NaN,-0.570912881212085,0.828452792701263,-0.69050570617302,0.610257876125556,0,0,0,0
confirmation,K,27,1,whole,1,complete,1200,1200,0.0490548608655526,0.385972262814321,0.604763284884534,0.0146942047222842,17.6183514620187,1200,1200,0.00645103340013703,0.0117859815509668,NaN,NaN,-0.569512791701934,0.824998601907467,-0.74627528969351,0.768091563285437,0,0,0,0
confirmation,K,27,1,stationary,1,complete,600,600,0.0445613762530255,0.382518231800903,0.604763284884534,0.0167678439123392,10.0607063474035,600,600,0.00652882786104382,0.0119881158335364,NaN,NaN,-0.569512791701934,0.824998601907467,-0.680921154845147,0.614748945519503,0,0,0,0
confirmation,K,28,1,whole,1,complete,1200,1200,0.0491058919758039,0.386131023183211,0.611107074902855,0.0150682503595936,18.0668321811527,1200,1200,0.00673780627623142,0.0124004788077407,NaN,NaN,-0.574397950810413,0.825684775290778,-0.746323826671127,0.785811535355028,0,0,0,0
confirmation,K,28,1,stationary,1,complete,600,600,0.0450842268070667,0.3825366765974,0.611107074902855,0.0170187627509001,10.2112576505401,600,600,0.00674638280502095,0.0126925731293435,NaN,NaN,-0.574397950810413,0.825684775290778,-0.693367858832035,0.622842305916966,0,0,0,0
confirmation,K,29,1,whole,1,complete,1200,1200,0.0490948794620881,0.385988470675253,0.609909090139524,0.0146525578934857,17.5684169142894,1200,1200,0.00651318596142641,0.0116706441220564,NaN,NaN,-0.571626064795692,0.826781342783514,-0.745713005085532,0.769162385070455,0,0,0,0
confirmation,K,29,1,stationary,1,complete,600,600,0.0447900911752399,0.3823218704027,0.609909090139524,0.0165200948588102,9.91205691528611,600,600,0.00649201862491561,0.0117095944415746,NaN,NaN,-0.571626064795692,0.826781342783514,-0.690354628930821,0.620105967405701,0,0,0,0
confirmation,K,30,1,whole,1,complete,1200,1200,0.0490646217657875,0.386119023814672,0.606154014467936,0.0154685048717489,18.5467373412269,1200,1200,0.00687428786087266,0.0128300470218252,NaN,NaN,-0.569751512205832,0.824034433378624,-0.748233129382514,0.779189103030045,0,0,0,0
confirmation,K,30,1,stationary,1,complete,600,600,0.0447631075383124,0.382565246366725,0.606154014467936,0.0169530692554303,10.1718415532582,600,600,0.00671659772748662,0.0124736729004455,NaN,NaN,-0.569751512205832,0.824034433378624,-0.684123997181498,0.61788889976485,0,0,0,0
confirmation,K,31,1,whole,1,complete,1200,1200,0.0490867719811592,0.38599714240772,0.608687768796075,0.0146899774002644,17.613282902917,1200,1200,0.00637574854308803,0.011734670190864,NaN,NaN,-0.569452879245748,0.82307417833878,-0.749630051401946,0.76813596352881,0,0,0,0
confirmation,K,31,1,stationary,1,complete,600,600,0.0448501767922582,0.382442835115276,0.608687768796075,0.0163320870319142,9.7992522191485,600,600,0.00652166268128401,0.0117609002692219,NaN,NaN,-0.569452879245748,0.82307417833878,-0.681366626418065,0.620231423334566,0,0,0,0
confirmation,K,32,1,whole,1,complete,1200,1200,0.0490685545029853,0.386063008395226,0.609265886632138,0.0145967093036879,17.5014544551219,1200,1200,0.00624168332138274,0.0114792514485147,NaN,NaN,-0.572348336048177,0.825240840979846,-0.745524161383686,0.7782924085088,0,0,0,0
confirmation,K,32,1,stationary,1,complete,600,600,0.0449092116076453,0.382311882473187,0.609265886632138,0.0166008667959415,9.96052007756492,600,600,0.00629808998626604,0.0115455001780445,NaN,NaN,-0.572348336048177,0.825240840979846,-0.693501400301854,0.621249051566021,0,0,0,0
confirmation,K,33,1,whole,1,complete,1200,1200,0.049098308669199,0.385975354783932,0.615004659239841,0.0149390694518887,17.9119442728145,1200,1200,0.00661038816854581,0.012343320844343,NaN,NaN,-0.57216718068385,0.823293291499384,-0.751905575109138,0.762787405565248,0,0,0,0
confirmation,K,33,1,stationary,1,complete,600,600,0.0448783555461454,0.382383084453018,0.615004659239841,0.016890081613485,10.134048968091,600,600,0.00670918208015512,0.0124721049526599,NaN,NaN,-0.57216718068385,0.823293291499384,-0.688559306286363,0.628061700358934,0,0,0,0
confirmation,K,34,1,whole,1,complete,1200,1200,0.0490498415965018,0.386056463556326,0.6102446845967,0.0148226036366889,17.77230176039,1200,1200,0.00657115376331991,0.0119465982705449,NaN,NaN,-0.572053041245544,0.822309658121366,-0.744863383396119,0.764974727698293,0,0,0,0
confirmation,K,34,1,stationary,1,complete,600,600,0.0447527634574788,0.382447283039937,0.6102446845967,0.0172508064443017,10.350483866581,600,600,0.00679103702401992,0.0125631551375394,NaN,NaN,-0.572053041245544,0.822309658121366,-0.689482798960672,0.62342873748752,0,0,0,0
confirmation,K,35,1,whole,1,complete,1200,1200,0.049022907939114,0.386066265456985,0.603199687988075,0.0149152883732327,17.8834307595061,1200,1200,0.00635397668636171,0.0117380845597929,NaN,NaN,-0.57119868703938,0.823567168897252,-0.750862650560187,0.769385746252386,0,0,0,0
confirmation,K,35,1,stationary,1,complete,600,600,0.0446100119062052,0.382383090697643,0.603199687988075,0.0169279483297589,10.1567689978553,600,600,0.00644949046026848,0.0118854488447698,NaN,NaN,-0.57119868703938,0.823567168897252,-0.689631575911987,0.613939083585753,0,0,0,0
confirmation,K,36,1,whole,1,complete,1200,1200,0.0490693047406163,0.386191012121936,0.608256445585723,0.0150834807801281,18.0850934553736,1200,1200,0.00667896752810886,0.0122154371731286,NaN,NaN,-0.573359958235204,0.82776758968129,-0.742755533999445,0.773111699339263,0,0,0,0
confirmation,K,36,1,stationary,1,complete,600,600,0.0448100060043743,0.382584314552351,0.608256445585723,0.0165138061963465,9.9082837178079,600,600,0.00652685582128406,0.0116377638863143,NaN,NaN,-0.573359958235204,0.82776758968129,-0.69319809903642,0.619215586126659,0,0,0,0
confirmation,K,37,1,whole,1,complete,1200,1200,0.0490729949663977,0.386115269675931,0.605807625246972,0.0146046427745855,17.510966686728,1200,1200,0.00631770813731918,0.0116705971668312,NaN,NaN,-0.5687672082863,0.81946070148664,-0.749621804265514,0.785882678058731,0,0,0,0
confirmation,K,37,1,stationary,1,complete,600,600,0.0448178785870591,0.382498762542844,0.605807625246972,0.0166868241531006,10.0120944918603,600,600,0.00632313907228285,0.0118062395185348,NaN,NaN,-0.5687672082863,0.81946070148664,-0.682543297602008,0.615537126094518,0,0,0,0
confirmation,K,38,1,whole,1,complete,1200,1200,0.0490699756733332,0.386083508042469,0.606241571770955,0.0146039972285472,17.5101926770281,1200,1200,0.00632504538410488,0.0115451200205936,NaN,NaN,-0.570331062405987,0.827011585322787,-0.747299384342826,0.785449110853967,0,0,0,0
confirmation,K,38,1,stationary,1,complete,600,600,0.0448605145035638,0.382444422245242,0.606241571770955,0.0167173712596163,10.0304227557698,600,600,0.00650574423321203,0.011950006410773,NaN,NaN,-0.570331062405987,0.827011585322787,-0.686252324251582,0.617107289184309,0,0,0,0
confirmation,K,39,1,whole,1,complete,1200,1200,0.0491185546492325,0.386063017923065,0.607508723323541,0.0146778056890605,17.5986890211835,1200,1200,0.00661564632193618,0.0119334981841115,NaN,NaN,-0.572572188655351,0.824344343149158,-0.746578416644582,0.769658915250834,0,0,0,0
confirmation,K,39,1,stationary,1,complete,600,600,0.0447831701039512,0.382437044531896,0.607508723323541,0.0162959271365318,9.77755628191905,600,600,0.00649285572999783,0.011684863914573,NaN,NaN,-0.572572188655351,0.824344343149158,-0.693014927591862,0.617797563452528,0,0,0,0
confirmation,K,40,1,whole,1,complete,1200,1200,0.0491693144704257,0.386019011171751,0.620745508967075,0.0144196743617321,17.2891895597168,1200,1200,0.0063484625703509,0.0113935465506375,NaN,NaN,-0.569941523401749,0.823494797191722,-0.754507753588202,0.755998872809668,0,0,0,0
confirmation,K,40,1,stationary,1,complete,600,600,0.045174141102674,0.382433324829322,0.620745508967075,0.0160909476749625,9.65456860497751,600,600,0.00615285103951917,0.0109001610876697,NaN,NaN,-0.569941523401749,0.823494797191722,-0.685528439967338,0.633718625477019,0,0,0,0
