campaign,model,trial,noise,completed,attemptedSteps,terminationReason,identificationAttempted,identificationRejected,initializationAttempted,initializationRejected,totalIdentificationRejected,controlRejected,mappingActivations,forecastInvalid,oneStepForecastInvalid,controlTimeMedianSeconds,controlTimeMaximumSeconds,lambdaMin,lambdaMax,qpConditionMedian,qpConditionMax,primalResidualMax,stationarityResidualMax,dualResidualMax,complementarityResidualMax,predictedSlackMax,predictedFirstStepSlackMax,covarianceEigenMin,covarianceEigenMax,covarianceConditionMax,gramEigenMin,gramEigenMax,gramConditionMax,gramFullWindowCount,initialOutputViolation,terminalOutputViolation,allOutputViolationPeak,allOutputViolationCount,allInputViolationPeak,allInputViolationCount,allIncrementViolationPeak,allIncrementViolationCount,inputViolationCountOver1e8Tolerance,incrementViolationCountOver1e8Tolerance,terminalCommittedInput,terminalCommittedInputViolation,terminalCommittedIncrementViolation,runId,configuration,descriptiveModel
"P06","A",0,0,1,1200,"",1199,0,200,0,0,0,0,0,0,0.0015439500000000001,0.0035753999999999998,1,1,29217.506631488694,30512.427093978695,0,4.0516067178346743e-10,0,9.6349891239366612e-09,9.8640914269302808e-07,9.855643846007377e-07,0.00061157621202423624,0.056386897807148534,56.665859549245305,-4.8697644988686445e-16,2.7767396986588002,1.0684221619693505e+19,1150,0,0,0,0,0,0,0,0,0,0,-0.10200842842861885,0,0,"R_double_A_000","R_double","Affine"
"P06","A",1,1,1,1200,"",1199,0,200,0,0,0,0,0,0,0.0015411499999999998,0.0032485999999999999,1,1,28910.077913594359,30125.803781712748,0,1.7303373086992495e-10,0,9.7051395085861874e-09,9.90011207642038e-07,9.8915254109315149e-07,0.00061163848084090048,0.056796762393882698,56.677092085793596,2.9649378974137377e-05,2.7768703687046083,75902.352760540773,1150,0,0,0,0,0,0,0,0,0,0,-0.10161339930649174,0,0,"R_double_A_001","R_double","Affine"
"P06","A",2,1,1,1200,"",1199,0,200,0,0,0,0,0,0,0.0015070000000000001,0.0033051999999999999,1,1,29178.946255834533,30393.546469851812,0,5.4376300256429187e-10,0,9.8946516344647913e-09,9.9967826405090019e-07,9.9967826405090019e-07,0.00061149519853944756,0.056132399032580806,56.132423600500346,2.2049654027938922e-05,2.778560633429076,84742.893635808723,1150,0,0,0,0,0,0,0,0,0,0,-0.11242423480911137,0,0,"R_double_A_002","R_double","Affine"
"P06","A",3,1,1,1200,"",1199,0,200,0,0,0,0,0,0,0.0014881500000000001,0.0047099000000000004,1,1,29060.063807440685,30254.037370144633,0,5.3822763588139416e-10,0,9.8584519278459896e-09,9.9783883416258252e-07,9.9783883416258252e-07,0.00061144946599045675,0.056559127016384589,56.53121562882513,2.402453495696585e-05,2.7771015730266564,114218.94278194124,1150,0,0,0,0,0,0,0,0,0,0,-0.094614174425186715,0,0,"R_double_A_003","R_double","Affine"
"P06","A",4,1,1,1200,"",1199,0,200,0,0,0,0,0,0,0.0015137499999999999,0.0027353,1,1,28895.38779057411,30136.143260202516,0,5.1644315385263785e-10,0,9.894327935079012e-09,9.9966183056256155e-07,9.9966183056256155e-07,0.00061168621142296275,0.056095091970597102,56.237931250904332,2.7378949087196916e-05,2.7755231375243401,93283.343295427214,1150,0,0,0,0,0,0,0,0,0,0,-0.10785959663678846,0,0,"R_double_A_004","R_double","Affine"
"P06","A",5,1,1,1200,"",1199,0,200,0,0,0,0,0,0,0.0015065,0.0037980000000000002,1,1,29090.836965854742,30291.012058878696,0,5.0096110697928992e-10,0,9.8900656504810086e-09,9.9944541914882753e-07,9.9944541914882753e-07,0.00061157831946138897,0.056105677412623567,56.059336447738985,2.1030642570530171e-05,2.7755416431917501,106969.8285156371,1150,0,0,0,0,0,0,0,0,0,0,-0.095901319579419275,0,0,"R_double_A_005","R_double","Affine"
"P06","A",6,1,1,1200,"",1199,0,200,0,0,0,0,0,0,0.0015114,0.0041745999999999997,1,1,29005.721939874551,30194.037111504553,0,4.0646756641073457e-10,0,9.8400289708814856e-09,9.9690141735078778e-07,9.9690141735078778e-07,0.0006113720678604396,0.056357004874886707,56.225151790560055,3.5184409582705514e-05,2.7796104701427038,71893.885308225814,1150,0,0,0,0,0,0,0,0,0,0,-0.10743970070534989,0,0,"R_double_A_006","R_double","Affine"
"P06","A",7,1,1,1200,"",1199,0,200,0,0,0,0,0,0,0.00155945,0.0036727000000000001,1,1,28948.597382245047,30078.814797024927,0,3.7599965244374525e-10,0,9.5475940886185872e-09,9.819033895094128e-07,9.8145861174298569e-07,0.00061135599442038789,0.056332296961807887,56.269365008807959,2.9002727238602757e-05,2.7827465403063854,77489.285452007243,1150,0,0,0,0,0,0,0,0,0,0,-0.11609649540624029,0,0,"R_double_A_007","R_double","Affine"
"P06","A",8,1,1,1200,"",1199,0,200,0,0,0,0,0,0,0.0015286,0.0034136000000000001,1,1,28925.112130620259,30107.188050256314,0,3.7594268719308024e-10,0,9.5511398425861883e-09,9.8208657975812626e-07,9.8208551903307724e-07,0.00061153461650564358,0.056412621011517977,56.631730651100831,2.4778809545392187e-05,2.7761596591843087,86103.347949027215,1150,0,0,0,0,0,0,0,0,0,0,-0.10228716198456433,0,0,"R_double_A_008","R_double","Affine"
"P06","A",9,1,1,1200,"",1199,0,200,0,0,0,0,0,0,0.0015083,0.0035461999999999998,1,1,29092.946689540491,30214.967292573838,0,3.8945415499366657e-10,0,9.6963361517450186e-09,9.8955986187675597e-07,9.8955986187675597e-07,0.00061141953951555049,0.056264282348658393,56.208229497018507,3.4000514614424086e-05,2.7769111219683418,59825.098110199106,1150,0,0,0,0,0,0,0,0,0,0,-0.11248431276402387,0,0,"R_double_A_009","R_double","Affine"
"P06","A",10,1,1,1200,"",1199,0,200,0,0,0,0,0,0,0.0015283499999999999,0.0029727999999999998,1,1,28945.725105562473,30175.095589931832,0,4.6727340389793347e-10,0,9.8787266255402792e-09,9.9886947145115726e-07,9.9886947145115726e-07,0.00061159563024551348,0.056444487415440975,56.484339786967332,3.2051354394032446e-05,2.7809318410146413,66710.565173832001,1150,0,0,0,0,0,0,0,0,0,0,-0.10413259548883091,0,0,"R_double_A_010","R_double","Affine"
"P06","A",11,1,1,1200,"",1199,0,200,0,0,0,0,0,0,0.00158,0.0050225000000000001,1,1,29282.724205010596,30484.39446880743,0,5.4069661952684312e-10,0,9.8860730217145069e-09,9.9924265723964695e-07,9.9924265723964695e-07,0.00061155341796476656,0.056564891900262954,56.408982093187454,2.8770209052594365e-05,2.776269008319876,95239.875261840498,1150,0,0,0,0,0,0,0,0,0,0,-0.094696665966179816,0,0,"R_double_A_011","R_double","Affine"
"P06","A",12,1,1,1200,"",1199,0,200,0,0,0,0,0,0,0.0015582,0.0034397,1,1,29261.818149993273,30407.033298448117,0,5.0573691904118691e-10,0,9.8327949360315692e-09,9.9653308982814663e-07,9.9653308982814663e-07,0.00061158632050497663,0.056153929506260525,55.925663091946475,3.2819203916180869e-05,2.7818156557663642,76626.302484104381,1150,0,0,0,0,0,0,0,0,0,0,-0.097487461411086163,0,0,"R_double_A_012","R_double","Affine"
"P06","A",13,1,1,1200,"",1199,0,200,0,0,0,0,0,0,0.0015156,0.0031140999999999999,1,1,29036.575897426905,30244.453132256989,0,5.3120951937203105e-10,0,9.8878265922286811e-09,9.9933171566577644e-07,9.9933171566577644e-07,0.00061140115306171068,0.0563452164211211,56.484868303605751,2.8158497243365732e-05,2.7815384263819039,96102.771694655181,1150,0,0,0,0,0,0,0,0,0,0,-0.11144505592032813,0,0,"R_double_A_013","R_double","Affine"
"P06","A",14,1,1,1200,"",1199,0,200,0,0,0,0,0,0,0.0015346499999999998,0.0031616999999999999,1,1,29040.730261522083,30229.845501796211,0,3.653371980611136e-10,0,9.8616861624028761e-09,9.9800331246790096e-07,9.9800331246790096e-07,0.00061130849327438019,0.056321891123006972,56.293435684663685,2.6251075152237355e-05,2.7826840602966594,85733.234406556759,1150,0,0,0,0,0,0,0,0,0,0,-0.10578951787112489,0,0,"R_double_A_014","R_double","Affine"
"P06","A",15,1,1,1200,"",1199,0,200,0,0,0,0,0,0,0.0015200000000000001,0.0036703999999999999,1,1,28992.80589701116,30221.945045384793,0,3.7646160784796292e-10,0,9.3107541195108191e-09,9.6958911852553028e-07,9.6873182914416362e-07,0.0006114205269053928,0.056114997315527437,56.20005167707798,2.5883411578705521e-05,2.775212975804501,78898.336215370131,1150,0,0,0,0,0,0,0,0,0,0,-0.097839636053477286,0,0,"R_double_A_015","R_double","Affine"
"P06","A",16,1,1,1200,"",1199,0,200,0,0,0,0,0,0,0.00149905,0.0030682999999999999,1,1,29033.709746537967,30257.932577630378,0,4.149672766323691e-10,0,9.8406592903925015e-09,9.9693350429716407e-07,9.9693350429716407e-07,0.0006115906559251489,0.055877112801593562,55.89782959040911,3.2253639552880122e-05,2.7786864979460897,71210.828869687422,1150,0,0,0,0,0,0,0,0,0,0,-0.096997353979384304,0,0,"R_double_A_016","R_double","Affine"
"P06","A",17,1,1,1200,"",1199,0,200,0,0,0,0,0,0,0.0015248499999999999,0.0037967000000000001,1,1,29099.442028230365,30258.623892283249,0,5.1452200358285808e-10,0,9.8706689658386714e-09,9.9845999653733885e-07,9.9845999653733885e-07,0.00061155215262082094,0.056400170614143166,56.2417204192257,3.2988863314296926e-05,2.777123375098054,71406.246977134753,1150,0,0,0,0,0,0,0,0,0,0,-0.098491844926628103,0,0,"R_double_A_017","R_double","Affine"
"P06","A",18,1,1,1200,"",1199,0,200,0,0,0,0,0,0,0.0015102499999999999,0.0033362999999999999,1,1,29031.109819854522,30296.078689378606,0,5.1762746253575759e-10,0,9.8939763863602399e-09,9.996439829248575e-07,9.996439829248575e-07,0.00061158677193624746,0.056548558988593026,56.585724980902953,3.090494921040357e-05,2.7815412454971651,82274.398664532942,1150,0,0,0,0,0,0,0,0,0,0,-0.10473564851751521,0,0,"R_double_A_018","R_double","Affine"
"P06","A",19,1,1,1200,"",1199,0,200,0,0,0,0,0,0,0.0015075000000000002,0.0036056999999999999,1,1,28936.848597041637,30146.650864179461,0,3.2297332678701333e-10,0,9.6918638987972724e-09,9.8933050416787866e-07,9.8933050416787866e-07,0.00061153104381254052,0.05629597241243503,56.322252250461048,2.2106879587763947e-05,2.7757337762664935,94874.462893501201,1150,0,0,0,0,0,0,0,0,0,0,-0.096551601216738531,0,0,"R_double_A_019","R_double","Affine"
"P06","A",20,1,1,1200,"",1199,0,200,0,0,0,0,0,0,0.0015942999999999999,0.0037948999999999999,1,1,29179.879540757611,30379.412742494285,0,4.3117622897162834e-10,0,9.7737067746425032e-09,9.9351953496368952e-07,9.9351841817988947e-07,0.00061150931042099901,0.056534924662665277,56.50192105676291,3.2277991776801123e-05,2.7789782340060341,59691.62981534368,1150,0,0,0,0,0,0,0,0,0,0,-0.099736347166752726,0,0,"R_double_A_020","R_double","Affine"
"P06","A",21,1,1,1200,"",1199,0,200,0,0,0,0,0,0,0.0015141500000000001,0.0034321,1,1,28817.200672351231,29984.109207657897,0,5.2286841887305799e-10,0,9.8827481563191485e-09,9.9907377613017716e-07,9.9907377613017716e-07,0.00061147482098522542,0.055859730747404947,55.666148998424262,2.87331769924572e-05,2.776539688963561,70094.215301107077,1150,0,0,0,0,0,0,0,0,0,0,-0.10178651467774333,0,0,"R_double_A_021","R_double","Affine"
"P06","A",22,1,1,1200,"",1199,0,200,0,0,0,0,0,0,0.00151615,0.0037772000000000001,1,1,29041.544837165799,30273.978816847713,0,4.6387121531131424e-10,0,9.8127395408109685e-09,9.9551124889499425e-07,9.9551124889499425e-07,0.0006114627404338077,0.056468897879235425,56.421709950673588,3.7409014131277793e-05,2.7776630980877264,67247.308427843716,1150,0,0,0,0,0,0,0,0,0,0,-0.10508408306565173,0,0,"R_double_A_022","R_double","Affine"
"P06","A",23,1,1,1200,"",1199,0,200,0,0,0,0,0,0,0.0015199499999999999,0.0029104999999999999,1,1,28959.826236783487,30155.41864474141,0,3.7418762025737314e-10,0,9.6601872426985242e-09,9.8770449927320116e-07,9.8685022569292504e-07,0.00061134650830263796,0.056376311831454126,56.429848533267936,2.7002647840016357e-05,2.7783794704901101,77046.72278077525,1150,0,0,0,0,0,0,0,0,0,0,-0.101302831636887,0,0,"R_double_A_023","R_double","Affine"
"P06","A",24,1,1,1200,"",1199,0,200,0,0,0,0,0,0,0.0015339500000000001,0.0029841999999999998,1,1,29083.141382252579,30257.551001217664,0,4.0023053496306946e-10,0,9.7643236512793295e-09,9.9304016766412865e-07,9.9219479780257587e-07,0.00061138718845792333,0.055958538725457051,55.953287887647143,2.5705004056977206e-05,2.7812972959472746,90874.249978267078,1150,0,0,0,0,0,0,0,0,0,0,-0.1147797144073924,0,0,"R_double_A_024","R_double","Affine"
"P06","A",25,1,1,1200,"",1199,0,200,0,0,0,0,0,0,0.0015278499999999999,0.004091,1,1,28883.334142562766,30048.993617236116,0,3.6672550471008469e-10,0,9.761255943951864e-09,9.9288337856432671e-07,9.9288229323056458e-07,0.00061121315719309371,0.056647274698482832,56.63686597072239,3.0055241582014887e-05,2.7823323813172602,71367.113176556086,1150,0,0,0,0,0,0,0,0,0,0,-0.10660468826541444,0,0,"R_double_A_025","R_double","Affine"
"P06","A",26,1,1,1200,"",1199,0,200,0,0,0,0,0,0,0.00152505,0.0031765999999999999,1,1,28992.531009289538,30216.205978307142,0,5.4188776159202099e-10,0,9.899058719221097e-09,9.9990197534032155e-07,9.9990197534032155e-07,0.000611474409577336,0.056976405750436998,56.718311573163298,2.9585174224476272e-05,2.7785683251523077,80898.295868790374,1150,0,0,0,0,0,0,0,0,0,0,-0.11294870677248353,0,0,"R_double_A_026","R_double","Affine"
"P06","A",27,1,1,1200,"",1199,0,200,0,0,0,0,0,0,0.0015344500000000001,0.0050195999999999999,1,1,29111.409927236258,30363.93980372337,0,5.343475030237593e-10,0,9.8914262832972524e-09,9.9951450835303299e-07,9.9951450835303299e-07,0.00061116541281252775,0.05651842608604507,56.633724258244278,2.8783652084271825e-05,2.7802755310258003,96176.712854449332,1150,0,0,0,0,0,0,0,0,0,0,-0.096846434891083688,0,0,"R_double_A_027","R_double","Affine"
"P06","A",28,1,1,1200,"",1199,0,200,0,0,0,0,0,0,0.00155485,0.0035447,1,1,29062.415788487866,30247.211559144562,0,5.3475960427917912e-10,0,9.8941241780209995e-09,9.9965148613940672e-07,9.9965148613940672e-07,0.00061151536762277031,0.056391870162621954,56.228818189107585,2.9339162649718833e-05,2.775521894735606,88481.831259114842,1150,0,0,0,0,0,0,0,0,0,0,-0.09518448966869153,0,0,"R_double_A_028","R_double","Affine"
"P06","A",29,1,1,1200,"",1199,0,200,0,0,0,0,0,0,0.0014992999999999999,0.0028313000000000001,1,1,28979.574969493675,30148.305909745497,0,5.2987528250654875e-10,0,9.8984836926536508e-09,9.9987278878862211e-07,9.9987278878862211e-07,0.00061148201882054809,0.05658639996731217,56.670626906195004,2.474094258123779e-05,2.7763103655114478,102938.89867878414,1150,0,0,0,0,0,0,0,0,0,0,-0.10284429444713528,0,0,"R_double_A_029","R_double","Affine"
"P06","A",30,1,1,1200,"",1199,0,200,0,0,0,0,0,0,0.0015302499999999999,0.0052329000000000004,1,1,28884.960378458156,30091.19311108574,0,1.7353798409576239e-10,0,9.6999007953235202e-09,9.8974265775974416e-07,9.8889030526973876e-07,0.00061143541824909748,0.056408017650121378,56.51047965249802,3.3829927865687608e-05,2.7807060885927726,80139.952689362515,1150,0,0,0,0,0,0,0,0,0,0,-0.088344653598551204,0,0,"R_double_A_030","R_double","Affine"
"P06","A",31,1,1,1200,"",1199,0,200,0,0,0,0,0,0,0.00154715,0.0032678,1,1,29059.082053358448,30196.704022920119,0,5.4481670880580495e-10,0,9.9004999828127981e-09,9.9997512568862829e-07,9.9997512568862829e-07,0.00061143712860169239,0.056097642431743595,56.180144251105297,3.4087147944593073e-05,2.7778556123703035,66291.510564346623,1150,0,0,0,0,0,0,0,0,0,0,-0.10921782028576532,0,0,"R_double_A_031","R_double","Affine"
"P06","A",32,1,1,1200,"",1199,0,200,0,0,0,0,0,0,0.0015578,0.0042075000000000003,1,1,29051.22780342053,30291.90222571887,0,5.4352288910696108e-10,0,9.8872719188532429e-09,9.9930354636502976e-07,9.9930354636502976e-07,0.00061132711217812621,0.056714376205323408,56.663542886238027,2.8137394732985114e-05,2.7810200254854984,72910.942659137261,1150,0,0,0,0,0,0,0,0,0,0,-0.10825020272818353,0,0,"R_double_A_032","R_double","Affine"
"P06","A",33,1,1,1200,"",1199,0,200,0,0,0,0,0,0,0.0015169999999999999,0.0050980000000000001,1,1,28962.874718285671,30178.653705597011,0,3.2683358262650113e-10,0,9.8486546722503984e-09,9.973404276815248e-07,9.973404276815248e-07,0.00061154086029881454,0.056166247268030371,56.18971503500309,3.1568683316493022e-05,2.7790342841563058,63191.11037879112,1150,0,0,0,0,0,0,0,0,0,0,-0.10120787559849861,0,0,"R_double_A_033","R_double","Affine"
"P06","A",34,1,1,1200,"",1199,0,200,0,0,0,0,0,0,0.001619,0.0042623000000000001,1,1,29175.000625879493,30315.535603264183,0,4.4429795393173511e-10,0,9.7999405581763596e-09,9.948586106480649e-07,9.9401198833705389e-07,0.00061129912907689603,0.056226435461272747,56.210435647323507,3.4615972380276118e-05,2.7827079510123323,80227.024046283972,1150,0,0,0,0,0,0,0,0,0,0,-0.10685957227968512,0,0,"R_double_A_034","R_double","Affine"
"P06","A",35,1,1,1200,"",1199,0,200,0,0,0,0,0,0,0.001505,0.0024696000000000002,1,1,29025.520928613678,30194.63561770158,0,5.3170744975334346e-10,0,9.8684749040222967e-09,9.9834846983519926e-07,9.9834846983519926e-07,0.00061136937025322116,0.056356714806310243,56.544433294497878,3.2883447304999969e-05,2.7818059889211253,66606.739208809086,1150,0,0,0,0,0,0,0,0,0,0,-0.094366086380349962,0,0,"R_double_A_035","R_double","Affine"
"P06","A",36,1,1,1200,"",1199,0,200,0,0,0,0,0,0,0.0015225,0.0041269999999999996,1,1,29123.261513063058,30378.885970313495,0,5.2838326562989582e-10,0,9.8873007310790527e-09,9.9930500962426621e-07,9.9930500962426621e-07,0.00061136366113991459,0.056340241988140582,56.482462455960615,2.8481735911680421e-05,2.7830081454443931,94626.442037651112,1150,0,0,0,0,0,0,0,0,0,0,-0.10983436209937861,0,0,"R_double_A_036","R_double","Affine"
"P06","A",37,1,1,1200,"",1199,0,200,0,0,0,0,0,0,0.0015162000000000001,0.0044473999999999998,1,1,28964.405665077764,30190.996603187341,0,3.7205417100122555e-10,0,9.6793212683679004e-09,9.8868699084156575e-07,9.8868590167270462e-07,0.00061155656106004399,0.056235192253834998,56.334773135727609,2.5928897819571387e-05,2.7801051353281645,104317.98257995745,1150,0,0,0,0,0,0,0,0,0,0,-0.098258247713016444,0,0,"R_double_A_037","R_double","Affine"
"P06","A",38,1,1,1200,"",1199,0,200,0,0,0,0,0,0,0.0015143000000000001,0.0028273,1,1,29248.09754392472,30399.036274693022,0,5.293507188504506e-10,0,9.8925001152340372e-09,9.9956903127321845e-07,9.9956903127321845e-07,0.00061151903147753644,0.056041706088369045,56.150174162467138,2.9286302617408424e-05,2.7763320375591518,93802.541643977835,1150,0,0,0,0,0,0,0,0,0,0,-0.096113901598045781,0,0,"R_double_A_038","R_double","Affine"
"P06","A",39,1,1,1200,"",1199,0,200,0,0,0,0,0,0,0.0015221499999999999,0.0036105999999999998,1,1,29056.096506233564,30206.809616068687,0,3.2394988044494571e-10,0,9.7046398280400323e-09,9.8998557374954572e-07,9.8998557374954572e-07,0.00061152885758369098,0.055884059966087044,56.210668029258557,3.0995930445247586e-05,2.7781175224587003,86986.017678952951,1150,0,0,0,0,0,0,0,0,0,0,-0.091801328727972253,0,0,"R_double_A_039","R_double","Affine"
"P06","A",40,1,1,1200,"",1199,0,200,0,0,0,0,0,0,0.0015359,0.0030956999999999998,1,1,28992.733696740008,30148.010654802551,0,3.7109269219340536e-10,0,9.3627917431518675e-09,9.7230794111139087e-07,9.7145134723281902e-07,0.00061143274312850271,0.056419773494955652,56.285170253204079,2.6965239544475371e-05,2.7803090101749834,71464.492591179645,1150,0,0,0,0,0,0,0,0,0,0,-0.10081745809966236,0,0,"R_double_A_040","R_double","Affine"
"P06","K",0,0,1,1200,"",0,0,0,0,0,0,0,0,0,0.0014436499999999999,0.0038408000000000001,NaN,NaN,28397.78311002261,35250.698508764224,0,7.5400635071920505e-10,0,9.8542014648068264e-09,9.9762263452025095e-07,9.9762263452025095e-07,NaN,NaN,NaN,NaN,NaN,NaN,0,0,0,0,0,0,0,0,0,0,0,-0.066666666687643705,0,0,"R_double_K_000","R_double","Known-model reference"
"P06","K",1,1,1,1200,"",0,0,0,0,0,0,0,0,0,0.001433,0.0043777,NaN,NaN,28461.130553405648,35365.629861288653,0,7.5424607051064488e-10,0,9.8737599000194462e-09,9.9861709147966895e-07,9.9861709147966895e-07,NaN,NaN,NaN,NaN,NaN,NaN,0,0,0,0,0,0,0,0,0,0,0,-0.065974933750468145,0,0,"R_double_K_001","R_double","Known-model reference"
"P06","K",2,1,1,1200,"",0,0,0,0,0,0,0,0,0,0.0014407000000000001,0.0032707000000000001,NaN,NaN,28399.559638877206,35434.247726875619,0,7.5589352139618971e-10,0,9.881778607279369e-09,9.9902452417298796e-07,9.9902452417298796e-07,NaN,NaN,NaN,NaN,NaN,NaN,0,0,0,0,0,0,0,0,0,0,0,-0.075577242804869105,0,0,"R_double_K_002","R_double","Known-model reference"
"P06","K",3,1,1,1200,"",0,0,0,0,0,0,0,0,0,0.0014574000000000002,0.0033116999999999999,NaN,NaN,28496.644812160546,35431.186952344739,0,7.5487566473275925e-10,0,9.8964525468864683e-09,9.9976968745726247e-07,9.9976968745726247e-07,NaN,NaN,NaN,NaN,NaN,NaN,0,0,0,0,0,0,0,0,0,0,0,-0.059895007774325881,0,0,"R_double_K_003","R_double","Known-model reference"
"P06","K",4,1,1,1200,"",0,0,0,0,0,0,0,0,0,0.0014446999999999999,0.0035119000000000001,NaN,NaN,28334.320860234388,35648.030801231049,0,7.5675428717606038e-10,0,9.9000810859593523e-09,9.9995386540865146e-07,9.9995386540865146e-07,NaN,NaN,NaN,NaN,NaN,NaN,0,0,0,0,0,0,0,0,0,0,0,-0.07131855897085107,0,0,"R_double_K_004","R_double","Known-model reference"
"P06","K",5,1,1,1200,"",0,0,0,0,0,0,0,0,0,0.0014288,0.0036384,NaN,NaN,28458.985411282112,35540.830470058136,0,7.5449208828422542e-10,0,9.8988502684139909e-09,9.9989139512570728e-07,9.9989139512570728e-07,NaN,NaN,NaN,NaN,NaN,NaN,0,0,0,0,0,0,0,0,0,0,0,-0.061323762069619814,0,0,"R_double_K_005","R_double","Known-model reference"
"P06","K",6,1,1,1200,"",0,0,0,0,0,0,0,0,0,0.00144005,0.0033227,NaN,NaN,28366.137551913147,35612.166483965317,0,7.5468759975141699e-10,0,9.8845158066031645e-09,9.9916356454159252e-07,9.9916356454159252e-07,NaN,NaN,NaN,NaN,NaN,NaN,0,0,0,0,0,0,0,0,0,0,0,-0.071419560617382527,0,0,"R_double_K_006","R_double","Known-model reference"
"P06","K",7,1,1,1200,"",0,0,0,0,0,0,0,0,0,0.0014405500000000001,0.003392,NaN,NaN,28344.614066276132,35261.584759766643,0,7.5609294882718758e-10,0,9.8887832512413628e-09,9.9938029812373416e-07,9.9938029812373416e-07,NaN,NaN,NaN,NaN,NaN,NaN,0,0,0,0,0,0,0,0,0,0,0,-0.078707955086916498,0,0,"R_double_K_007","R_double","Known-model reference"
"P06","K",8,1,1,1200,"",0,0,0,0,0,0,0,0,0,0.0014342999999999999,0.0038728999999999999,NaN,NaN,28438.319272081812,35236.749846670122,0,7.5637142144340573e-10,0,9.8917242774705035e-09,9.9952963905215178e-07,9.9952963905215178e-07,NaN,NaN,NaN,NaN,NaN,NaN,0,0,0,0,0,0,0,0,0,0,0,-0.066409745627781236,0,0,"R_double_K_008","R_double","Known-model reference"
"P06","K",9,1,1,1200,"",0,0,0,0,0,0,0,0,0,0.0014288999999999999,0.0036161000000000001,NaN,NaN,28307.198296943865,35295.350221982037,0,7.5481115200170859e-10,0,9.8885226775313378e-09,9.9936706551883942e-07,9.9936706551883942e-07,NaN,NaN,NaN,NaN,NaN,NaN,0,0,0,0,0,0,0,0,0,0,0,-0.075526777381961813,0,0,"R_double_K_009","R_double","Known-model reference"
"P06","K",10,1,1,1200,"",0,0,0,0,0,0,0,0,0,0.0014379,0.0036984000000000001,NaN,NaN,28550.536827398209,35232.625380727754,0,7.5622464358531416e-10,0,9.8937173213554443e-09,9.9963083035528644e-07,9.9963083035528644e-07,NaN,NaN,NaN,NaN,NaN,NaN,0,0,0,0,0,0,0,0,0,0,0,-0.068201589581011218,0,0,"R_double_K_010","R_double","Known-model reference"
"P06","K",11,1,1,1200,"",0,0,0,0,0,0,0,0,0,0.00143625,0.0035127000000000001,NaN,NaN,28444.316342427395,35137.961809009372,0,7.5692033155256882e-10,0,9.8942010385240746e-09,9.9965538823780883e-07,9.9965538823780883e-07,NaN,NaN,NaN,NaN,NaN,NaN,0,0,0,0,0,0,0,0,0,0,0,-0.06017367512961036,0,0,"R_double_K_011","R_double","Known-model reference"
"P06","K",12,1,1,1200,"",0,0,0,0,0,0,0,0,0,0.00143005,0.0034654999999999998,NaN,NaN,28450.049211167134,35259.984704384457,0,7.5595319064006016e-10,0,9.8643915329463893e-09,9.9814087467021996e-07,9.9814087467021996e-07,NaN,NaN,NaN,NaN,NaN,NaN,0,0,0,0,0,0,0,0,0,0,0,-0.062618339903619147,0,0,"R_double_K_012","R_double","Known-model reference"
"P06","K",13,1,1,1200,"",0,0,0,0,0,0,0,0,0,0.0014391,0.0046072999999999999,NaN,NaN,28420.754444200735,35282.108808775862,0,7.5619446247056749e-10,0,9.8949255876848041e-09,9.9969217183059735e-07,9.9969217183059735e-07,NaN,NaN,NaN,NaN,NaN,NaN,0,0,0,0,0,0,0,0,0,0,0,-0.074703796149621526,0,0,"R_double_K_013","R_double","Known-model reference"
"P06","K",14,1,1,1200,"",0,0,0,0,0,0,0,0,0,0.0014269500000000002,0.0025014999999999998,NaN,NaN,28358.264827956355,35234.6610290842,0,7.5738552718595187e-10,0,9.8914310408998353e-09,9.9951474992279068e-07,9.9951474992279068e-07,NaN,NaN,NaN,NaN,NaN,NaN,0,0,0,0,0,0,0,0,0,0,0,-0.069774188144966998,0,0,"R_double_K_014","R_double","Known-model reference"
"P06","K",15,1,1,1200,"",0,0,0,0,0,0,0,0,0,0.00142855,0.003771,NaN,NaN,28243.083586887587,35124.805675713142,0,7.5673601521798261e-10,0,9.8912483292849883e-09,9.995054726035805e-07,9.995054726035805e-07,NaN,NaN,NaN,NaN,NaN,NaN,0,0,0,0,0,0,0,0,0,0,0,-0.062805833426238411,0,0,"R_double_K_015","R_double","Known-model reference"
"P06","K",16,1,1,1200,"",0,0,0,0,0,0,0,0,0,0.0014460499999999999,0.0043909999999999999,NaN,NaN,28416.064246165697,35348.067173405121,0,7.55940423457857e-10,0,9.885799154705989e-09,9.9922874767480604e-07,9.9922874767480604e-07,NaN,NaN,NaN,NaN,NaN,NaN,0,0,0,0,0,0,0,0,0,0,0,-0.061929122124451175,0,0,"R_double_K_016","R_double","Known-model reference"
"P06","K",17,1,1,1200,"",0,0,0,0,0,0,0,0,0,0.00143235,0.0041107000000000001,NaN,NaN,28383.689294500615,35328.756828698846,0,7.5646500073511731e-10,0,9.89109092750626e-09,9.994974803422698e-07,9.994974803422698e-07,NaN,NaN,NaN,NaN,NaN,NaN,0,0,0,0,0,0,0,0,0,0,0,-0.063406614982753434,0,0,"R_double_K_017","R_double","Known-model reference"
"P06","K",18,1,1,1200,"",0,0,0,0,0,0,0,0,0,0.0014386500000000001,0.0036754999999999999,NaN,NaN,28406.24311149996,35256.78048577757,0,7.5661175203357264e-10,0,9.8941206291188548e-09,9.9965130596632462e-07,9.9965130596632462e-07,NaN,NaN,NaN,NaN,NaN,NaN,0,0,0,0,0,0,0,0,0,0,0,-0.068659354473864842,0,0,"R_double_K_018","R_double","Known-model reference"
"P06","K",19,1,1,1200,"",0,0,0,0,0,0,0,0,0,0.0014610000000000001,0.0038566999999999998,NaN,NaN,28388.14808295601,35428.951781687079,0,7.5612526732093113e-10,0,9.8998391886181827e-09,9.9994158818547696e-07,9.9994158818547696e-07,NaN,NaN,NaN,NaN,NaN,NaN,0,0,0,0,0,0,0,0,0,0,0,-0.061367849470827296,0,0,"R_double_K_019","R_double","Known-model reference"
"P06","K",20,1,1,1200,"",0,0,0,0,0,0,0,0,0,0.0014397500000000001,0.0039417000000000002,NaN,NaN,28310.467418518085,35169.775966191199,0,7.5413097409087274e-10,0,9.8864498660467284e-09,9.9926179665812768e-07,9.9926179665812768e-07,NaN,NaN,NaN,NaN,NaN,NaN,0,0,0,0,0,0,0,0,0,0,0,-0.064432625803089921,0,0,"R_double_K_020","R_double","Known-model reference"
"P06","K",21,1,1,1200,"",0,0,0,0,0,0,0,0,0,0.00144225,0.0033912999999999999,NaN,NaN,28314.222696591896,35210.836549139931,0,7.5662607871491569e-10,0,9.8892924345491593e-09,9.9940615526685551e-07,9.9940615526685551e-07,NaN,NaN,NaN,NaN,NaN,NaN,0,0,0,0,0,0,0,0,0,0,0,-0.066315075578300547,0,0,"R_double_K_021","R_double","Known-model reference"
"P06","K",22,1,1,1200,"",0,0,0,0,0,0,0,0,0,0.0014390499999999999,0.0040160999999999999,NaN,NaN,28217.595861804693,35444.040763414749,0,7.5606226693231028e-10,0,9.8842424237322755e-09,9.9914967848315193e-07,9.9914967848315193e-07,NaN,NaN,NaN,NaN,NaN,NaN,0,0,0,0,0,0,0,0,0,0,0,-0.069256524326934576,0,0,"R_double_K_022","R_double","Known-model reference"
"P06","K",23,1,1,1200,"",0,0,0,0,0,0,0,0,0,0.0014467500000000001,0.0033116,NaN,NaN,28383.93835607748,35439.861775014557,0,7.5638164966386444e-10,0,9.8959676199062182e-09,9.9974507092593126e-07,9.9974507092593126e-07,NaN,NaN,NaN,NaN,NaN,NaN,0,0,0,0,0,0,0,0,0,0,0,-0.06561179181702903,0,0,"R_double_K_023","R_double","Known-model reference"
"P06","K",24,1,1,1200,"",0,0,0,0,0,0,0,0,0,0.0014532999999999998,0.0040350000000000004,NaN,NaN,28395.130272197774,35528.990786979877,0,7.5693161946166576e-10,0,9.8956649637701779e-09,9.9972970677560511e-07,9.9972970677560511e-07,NaN,NaN,NaN,NaN,NaN,NaN,0,0,0,0,0,0,0,0,0,0,0,-0.077669395579411521,0,0,"R_double_K_024","R_double","Known-model reference"
"P06","K",25,1,1,1200,"",0,0,0,0,0,0,0,0,0,0.0014477499999999998,0.0040746000000000003,NaN,NaN,28422.240492041456,35093.41584955548,0,7.5655022439574157e-10,0,9.8880923393056261e-09,9.9934521145612799e-07,9.9934521145612799e-07,NaN,NaN,NaN,NaN,NaN,NaN,0,0,0,0,0,0,0,0,0,0,0,-0.070293064310843867,0,0,"R_double_K_025","R_double","Known-model reference"
"P06","K",26,1,1,1200,"",0,0,0,0,0,0,0,0,0,0.0014418,0.0033689000000000002,NaN,NaN,28337.799009242965,35315.663247490345,0,7.5679761608939535e-10,0,9.8864777136611278e-09,9.9926321098678456e-07,9.9926321098678456e-07,NaN,NaN,NaN,NaN,NaN,NaN,0,0,0,0,0,0,0,0,0,0,0,-0.075825096579301587,0,0,"R_double_K_026","R_double","Known-model reference"
"P06","K",27,1,1,1200,"",0,0,0,0,0,0,0,0,0,0.0014447000000000002,0.0038812,NaN,NaN,28386.182670756003,35325.916105464945,0,7.5624418832811363e-10,0,9.8827701345285348e-09,9.9907489256979025e-07,9.9907489256979025e-07,NaN,NaN,NaN,NaN,NaN,NaN,0,0,0,0,0,0,0,0,0,0,0,-0.062141351782563747,0,0,"R_double_K_027","R_double","Known-model reference"
"P06","K",28,1,1,1200,"",0,0,0,0,0,0,0,0,0,0.0014399999999999999,0.0036855999999999998,NaN,NaN,28485.928328447793,35275.701188453786,0,7.5598796264428559e-10,0,9.8822394623175546e-09,9.9904793536817009e-07,9.9904793536817009e-07,NaN,NaN,NaN,NaN,NaN,NaN,0,0,0,0,0,0,0,0,0,0,0,-0.060493606799733646,0,0,"R_double_K_028","R_double","Known-model reference"
"P06","K",29,1,1,1200,"",0,0,0,0,0,0,0,0,0,0.0014403,0.0031763999999999998,NaN,NaN,28422.105812746304,35522.751865526516,0,7.56372843443788e-10,0,9.8764984952902539e-09,9.9875625866117021e-07,9.9875625866117021e-07,NaN,NaN,NaN,NaN,NaN,NaN,0,0,0,0,0,0,0,0,0,0,0,-0.067058835974741882,0,0,"R_double_K_029","R_double","Known-model reference"
"P06","K",30,1,1,1200,"",0,0,0,0,0,0,0,0,0,0.0014635,0.0039836000000000003,NaN,NaN,28451.136520481909,35070.92555423313,0,7.5617479069612059e-10,0,9.8979336753325881e-09,9.9984487084273369e-07,9.9984487084273369e-07,NaN,NaN,NaN,NaN,NaN,NaN,0,0,0,0,0,0,0,0,0,0,0,-0.054204055000067031,0,0,"R_double_K_030","R_double","Known-model reference"
"P06","K",31,1,1,1200,"",0,0,0,0,0,0,0,0,0,0.0014625,0.0040952999999999996,NaN,NaN,28405.330786189137,35171.921960005544,0,7.5400151319740854e-10,0,9.899474461143312e-09,9.9992307657841276e-07,9.9992307657841276e-07,NaN,NaN,NaN,NaN,NaN,NaN,0,0,0,0,0,0,0,0,0,0,0,-0.072830732425359479,0,0,"R_double_K_031","R_double","Known-model reference"
"P06","K",32,1,1,1200,"",0,0,0,0,0,0,0,0,0,0.0014448,0.0037154000000000002,NaN,NaN,28432.102345211959,35161.422487064199,0,7.5743097343003357e-10,0,9.8566540140709352e-09,9.977473889786616e-07,9.977473889786616e-07,NaN,NaN,NaN,NaN,NaN,NaN,0,0,0,0,0,0,0,0,0,0,0,-0.072303430257057599,0,0,"R_double_K_032","R_double","Known-model reference"
"P06","K",33,1,1,1200,"",0,0,0,0,0,0,0,0,0,0.0014385499999999998,0.0037902999999999999,NaN,NaN,28251.038869037551,35217.257206642382,0,7.553892766137208e-10,0,9.8890753773102845e-09,9.9939513283354462e-07,9.9939513283354462e-07,NaN,NaN,NaN,NaN,NaN,NaN,0,0,0,0,0,0,0,0,0,0,0,-0.06582832408679673,0,0,"R_double_K_033","R_double","Known-model reference"
"P06","K",34,1,1,1200,"",0,0,0,0,0,0,0,0,0,0.0014521,0.0035536999999999999,NaN,NaN,28380.724639066928,34970.416452927537,0,7.5634824571900392e-10,0,9.8949431786094819e-09,9.9969306486231784e-07,9.9969306486231784e-07,NaN,NaN,NaN,NaN,NaN,NaN,0,0,0,0,0,0,0,0,0,0,0,-0.070618641620001393,0,0,"R_double_K_034","R_double","Known-model reference"
"P06","K",35,1,1,1200,"",0,0,0,0,0,0,0,0,0,0.0014513500000000001,0.0036494000000000001,NaN,NaN,28388.239741674312,35253.974584379568,0,7.5404093716973067e-10,0,9.894872528202858e-09,9.9968947817542718e-07,9.9968947817542718e-07,NaN,NaN,NaN,NaN,NaN,NaN,0,0,0,0,0,0,0,0,0,0,0,-0.059591358841519532,0,0,"R_double_K_035","R_double","Known-model reference"
"P06","K",36,1,1,1200,"",0,0,0,0,0,0,0,0,0,0.0014409499999999999,0.0035287000000000001,NaN,NaN,28464.456254185443,35328.149586198939,0,7.5615437825156372e-10,0,9.8993952519763306e-09,9.9991905630203589e-07,9.9991905630203589e-07,NaN,NaN,NaN,NaN,NaN,NaN,0,0,0,0,0,0,0,0,0,0,0,-0.073123050407356505,0,0,"R_double_K_036","R_double","Known-model reference"
"P06","K",37,1,1,1200,"",0,0,0,0,0,0,0,0,0,0.0014419000000000001,0.0030677,NaN,NaN,28393.255906311402,35397.901737451321,0,7.5555817155748373e-10,0,9.8961262755969232e-09,9.9975312489035862e-07,9.9975312489035862e-07,NaN,NaN,NaN,NaN,NaN,NaN,0,0,0,0,0,0,0,0,0,0,0,-0.063108469713911985,0,0,"R_double_K_037","R_double","Known-model reference"
"P06","K",38,1,1,1200,"",0,0,0,0,0,0,0,0,0,0.0014372,0.0034566000000000002,NaN,NaN,28408.459728637474,35061.810964146447,0,7.5636881111482597e-10,0,9.884845662695861e-09,9.9918031881652776e-07,9.9918031881652776e-07,NaN,NaN,NaN,NaN,NaN,NaN,0,0,0,0,0,0,0,0,0,0,0,-0.061338659085527436,0,0,"R_double_K_038","R_double","Known-model reference"
"P06","K",39,1,1,1200,"",0,0,0,0,0,0,0,0,0,0.0014604499999999999,0.0038192,NaN,NaN,28369.775419735422,35266.820893741919,0,7.5376230819349228e-10,0,9.8979170070069282e-09,9.9984402477480134e-07,9.9984402477480134e-07,NaN,NaN,NaN,NaN,NaN,NaN,0,0,0,0,0,0,0,0,0,0,0,-0.057281073309308705,0,0,"R_double_K_039","R_double","Known-model reference"
"P06","K",40,1,1,1200,"",0,0,0,0,0,0,0,0,0,0.0014433,0.0036990999999999999,NaN,NaN,28304.205026247255,35477.853414886078,0,7.5543230030173176e-10,0,9.8930522286541417e-09,9.9959706323078404e-07,9.9959706323078404e-07,NaN,NaN,NaN,NaN,NaN,NaN,0,0,0,0,0,0,0,0,0,0,0,-0.065118672136822653,0,0,"R_double_K_040","R_double","Known-model reference"
"P06","P2",0,0,1,1200,"",1199,0,200,0,0,0,0,0,0,0.0015688,0.0037929999999999999,1,1,28387.011545888789,35198.751809801397,0,7.541038485235039e-10,0,9.8500521850499568e-09,9.9741153702707498e-07,9.9741153702707498e-07,0.00043951248556220137,0.76978387479659371,887.72828832223286,-1.0530915931749687e-15,3.9752604240001355,5.2448294583498758e+27,1150,0,0,0,0,0,0,0,0,0,0,-0.066646779569050602,0,0,"R_double_P2_000","R_double","Complete quadratic"
"P06","P2",1,1,1,1200,"",1199,0,200,0,0,0,0,0,0,0.00157405,0.0046769000000000003,1,1,28127.721462905567,34968.066771863945,0,7.5852559802753955e-10,0,9.8989118806523794e-09,9.9989452235321568e-07,9.9989452235321568e-07,0.00043929384296828415,0.76176652002390799,873.69697046678721,2.7977424039619074e-10,3.9779177026028898,11997644419.250294,1150,0,0,0,0,0,0,0,0,0,0,-0.066784084454326292,0,0,"R_double_P2_001","R_double","Complete quadratic"
"P06","P2",2,1,1,1200,"",1199,0,200,0,0,0,0,0,0,0.00158625,0.0035105000000000002,1,1,28377.403267853686,35359.518523961968,0,7.5868633807009377e-10,0,9.8951866010550608e-09,9.9970542251576589e-07,9.9970542251576589e-07,0.00043919389710602265,0.75252594859003863,875.62288956713064,1.9021369986696294e-10,3.9796859681552355,12661670230.309214,1150,0,0,0,0,0,0,0,0,0,0,-0.075487870844732796,0,0,"R_double_P2_002","R_double","Complete quadratic"
"P06","P2",3,1,1,1200,"",1199,0,200,0,0,0,0,0,0,0.00162455,0.0038049999999999998,1,1,28167.290298534321,35289.117470941899,0,7.6212123514592373e-10,0,9.8946460970979079e-09,9.9967798293349648e-07,9.9967798293349648e-07,0.00043922072983608608,0.77997165782876654,892.48237860222832,3.5580453024801663e-10,3.9858539434244458,11127329355.638266,1150,0,0,0,0,0,0,0,0,0,0,-0.060473582513007884,0,0,"R_double_P2_003","R_double","Complete quadratic"
"P06","P2",4,1,1,1200,"",1199,0,200,0,0,0,0,0,0,0.0015813999999999999,0.0029835,1,1,28121.900304894021,34904.411521108806,0,7.6102003040802943e-10,0,9.896662864398202e-09,9.9978036369884788e-07,9.9978036369884788e-07,0.00043963577005544293,0.76395085411585695,866.90483443882113,3.3022489101795833e-10,3.9717255944786016,10174241500.433594,1150,0,0,0,0,0,0,0,0,0,0,-0.071486963105956897,0,0,"R_double_P2_004","R_double","Complete quadratic"
"P06","P2",5,1,1,1200,"",1199,0,200,0,0,0,0,0,0,0.0015676500000000001,0.0031375999999999999,1,1,28296.527050221979,35369.508655873353,0,7.5946681720675072e-10,0,9.8945906324135112e-09,9.9967516713459307e-07,9.9967516713459307e-07,0.00043931455071231327,0.764343097834143,867.48875090604145,8.6916782871461076e-11,3.9820174663855861,38726764793.022995,1150,0,0,0,0,0,0,0,0,0,0,-0.061107368351223268,0,0,"R_double_P2_005","R_double","Complete quadratic"
"P06","P2",6,1,1,1200,"",1199,0,200,0,0,0,0,0,0,0.0015819499999999999,0.0048212999999999997,1,1,28221.184993624054,34189.083335812269,0,7.6659361168216792e-10,0,9.896289475603854e-09,9.9976140947484162e-07,9.9976140947484162e-07,0.00043921170624519075,0.76104390712291758,855.62685322540096,3.0096056500139845e-10,3.979300299816146,11120716653.711046,1150,0,0,0,0,0,0,0,0,0,0,-0.0709775046620644,0,0,"R_double_P2_006","R_double","Complete quadratic"
"P06","P2",7,1,1,1200,"",1199,0,200,0,0,0,0,0,0,0.0015737500000000001,0.0037926000000000001,1,1,28087.102495306706,34527.263658151787,0,7.5530613050030662e-10,0,9.8964965366050905e-09,9.9977192049441031e-07,9.9977192049441031e-07,0.00043908144381137152,0.77127852038973943,878.85872884683556,1.7714616159305314e-10,3.9862114788198975,18980671254.633339,1150,0,0,0,0,0,0,0,0,0,0,-0.079464682498079531,0,0,"R_double_P2_007","R_double","Complete quadratic"
"P06","P2",8,1,1,1200,"",1199,0,200,0,0,0,0,0,0,0.00157595,0.0055139000000000004,1,1,28120.495795273357,35145.024188242882,0,7.5001612634122401e-10,0,9.8988815863985022e-09,9.998929847212078e-07,9.998929847212078e-07,0.00043954671747758632,0.77941309103141554,884.98567864515655,2.1446295173406397e-10,3.9876937009229141,15615464540.378832,1150,0,0,0,0,0,0,0,0,0,0,-0.06779244644597715,0,0,"R_double_P2_008","R_double","Complete quadratic"
"P06","P2",9,1,1,1200,"",1199,0,200,0,0,0,0,0,0,0.00156945,0.0060175999999999997,1,1,28373.718318000741,35330.990392416948,0,7.5194057094387165e-10,0,9.9008109788797163e-09,9.9999090938990526e-07,9.9999090938990526e-07,0.00043956109962157622,0.75934209939513342,872.82608465774285,4.2060749558411216e-10,3.9907177590366856,7963673125.3108902,1150,0,0,0,0,0,0,0,0,0,0,-0.076565053630306468,0,0,"R_double_P2_009","R_double","Complete quadratic"
"P06","P2",10,1,1,1200,"",1199,0,200,0,0,0,0,0,0,0.001567,0.0038235000000000001,1,1,28090.753295752409,35259.264232510577,0,7.6758060748765652e-10,0,9.8989147538615057e-09,9.9989466818729686e-07,9.9989466818729686e-07,0.00043906602742116858,0.77614844856341958,892.67674456618909,2.7646521252843258e-10,3.9790358869920124,12206552987.832369,1150,0,0,0,0,0,0,0,0,0,0,-0.067852697165440595,0,0,"R_double_P2_010","R_double","Complete quadratic"
"P06","P2",11,1,1,1200,"",1199,0,200,0,0,0,0,0,0,0.0015727,0.0052963999999999997,1,1,28308.862706841875,35834.703789647254,0,7.5905652250223807e-10,0,9.8823153940159588e-09,9.9905179260691915e-07,9.9905179260691915e-07,0.00043907940438041185,0.77583209311634738,892.54075302793376,2.2699240802753816e-10,3.9881763686235399,14749594104.026421,1150,0,0,0,0,0,0,0,0,0,0,-0.060613134590452034,0,0,"R_double_P2_011","R_double","Complete quadratic"
"P06","P2",12,1,1,1200,"",1199,0,200,0,0,0,0,0,0,0.0015627,0.0034876999999999998,1,1,28135.770624655699,34244.026579209538,0,7.559711155045282e-10,0,9.8973708473314764e-09,9.998163018533968e-07,9.998163018533968e-07,0.00043973834759397255,0.76898053785558096,870.87784357820124,3.1632434341690924e-10,3.9685679719288687,10623809322.42075,1150,0,0,0,0,0,0,0,0,0,0,-0.062892427770174231,0,0,"R_double_P2_012","R_double","Complete quadratic"
"P06","P2",13,1,1,1200,"",1199,0,200,0,0,0,0,0,0,0.0015809999999999999,0.0037856999999999999,1,1,27970.961456247362,35260.585599112615,0,7.6272068114177979e-10,0,9.895401126616059e-09,9.9971631305694086e-07,9.9971631305694086e-07,0.00043891073033323609,0.75663768706648482,876.81330132098719,2.9565885268355468e-10,3.9912743919424414,7660807178.9343233,1150,0,0,0,0,0,0,0,0,0,0,-0.074232546618646977,0,0,"R_double_P2_013","R_double","Complete quadratic"
"P06","P2",14,1,1,1200,"",1199,0,200,0,0,0,0,0,0,0.00158895,0.0037948000000000001,1,1,28075.288859375705,34159.553852416902,0,7.6113810805411725e-10,0,9.9001629678972495e-09,9.9995802119922134e-07,9.9995802119922134e-07,0.00043912996214514629,0.76257169730785068,869.68131146901726,1.1831718977599624e-10,3.9800978252408679,28466826834.295017,1150,0,0,0,0,0,0,0,0,0,0,-0.070024191494435006,0,0,"R_double_P2_014","R_double","Complete quadratic"
"P06","P2",15,1,1,1200,"",1199,0,200,0,0,0,0,0,0,0.00156975,0.0039500999999999998,1,1,28130.476554251763,34840.995044043935,0,7.5743517120460112e-10,0,9.8981573642840262e-09,9.9985622500696968e-07,9.9985622500696968e-07,0.00043920573494385108,0.75670774706773292,859.83640733593131,2.7484572110145917e-10,3.984793199509606,12200255481.543303,1150,0,0,0,0,0,0,0,0,0,0,-0.063282530292027461,0,0,"R_double_P2_015","R_double","Complete quadratic"
"P06","P2",16,1,1,1200,"",1199,0,200,0,0,0,0,0,0,0.0015658500000000001,0.0044025000000000002,1,1,28203.984923708864,33851.552420329543,0,7.6177359857449634e-10,0,9.8967266140654136e-09,9.9978359976883005e-07,9.9978359976883005e-07,0.00043930727234007654,0.76519428995667882,857.83187494664264,3.9191270393923656e-10,3.9673815160690604,8582142515.9146109,1150,0,0,0,0,0,0,0,0,0,0,-0.061957792613409501,0,0,"R_double_P2_016","R_double","Complete quadratic"
"P06","P2",17,1,1,1200,"",1199,0,200,0,0,0,0,0,0,0.0015652999999999999,0.0044722,1,1,28279.00927992801,34640.660790404952,0,7.6013493013337272e-10,0,9.8983976454347395e-09,9.9986842122846878e-07,9.9986842122846878e-07,0.00043949606222977249,0.77266343856853981,881.65754154248839,2.8093916664833921e-10,3.9733002645941302,11942980108.637825,1150,0,0,0,0,0,0,0,0,0,0,-0.064007071910056612,0,0,"R_double_P2_017","R_double","Complete quadratic"
"P06","P2",18,1,1,1200,"",1199,0,200,0,0,0,0,0,0,0.0015635,0.003826,1,1,28384.420603366725,34988.08421203441,0,7.6107048478144526e-10,0,9.8943496183392209e-09,9.9966293138112823e-07,9.9966293138112823e-07,0.00043903335364786058,0.78080366384719713,887.36546377657612,1.5014688500874627e-10,3.984845148513525,22437957654.692471,1150,0,0,0,0,0,0,0,0,0,0,-0.068665826659854268,0,0,"R_double_P2_018","R_double","Complete quadratic"
"P06","P2",19,1,1,1200,"",1199,0,200,0,0,0,0,0,0,0.0015925499999999999,0.0037307999999999998,1,1,27429.446377545821,35133.898717473719,0,7.6140275040341611e-10,0,9.9008263844586392e-09,9.9999169124889554e-07,9.9999169124889554e-07,0.00043910099595110202,0.77384072652198865,896.00975172489757,3.4111849722908034e-10,3.9843922719607088,7036148804.6553364,1150,0,0,0,0,0,0,0,0,0,0,-0.061647048525819731,0,0,"R_double_P2_019","R_double","Complete quadratic"
"P06","P2",20,1,1,1200,"",1199,0,200,0,0,0,0,0,0,0.0015706499999999998,0.0040536000000000001,1,1,28155.974125642308,35966.130970265629,0,7.6185009168235788e-10,0,9.8884000195943692e-09,9.9936083657275196e-07,9.9936083657275196e-07,0.00043919823532555637,0.78085245763670041,892.16917289009166,2.5369330544141079e-10,3.9744225404331188,8960844666.7009563,1150,0,0,0,0,0,0,0,0,0,0,-0.064614597457165468,0,0,"R_double_P2_020","R_double","Complete quadratic"
"P06","P2",21,1,1,1200,"",1199,0,200,0,0,0,0,0,0,0.0015669,0.0038993000000000001,1,1,27908.925428142793,34610.154559196009,0,7.6188854536215712e-10,0,9.8986852865717621e-09,9.9988302116149814e-07,9.9988302116149814e-07,0.00043933760037034652,0.75722028974724598,859.20924453473776,1.807837945135647e-10,3.9893191352194206,12535121944.915667,1150,0,0,0,0,0,0,0,0,0,0,-0.066569030128434736,0,0,"R_double_P2_021","R_double","Complete quadratic"
"P06","P2",22,1,1,1200,"",1199,0,200,0,0,0,0,0,0,0.0015681,0.0035913999999999998,1,1,28094.115273265234,35102.090978296772,0,7.618441396056659e-10,0,9.9008366764611791e-09,9.999922135849658e-07,9.999922135849658e-07,0.00043912853428772854,0.77825455840552782,884.7153589780587,2.8434364786347323e-10,3.9890193213389273,11850576400.640448,1150,0,0,0,0,0,0,0,0,0,0,-0.069240893767854556,0,0,"R_double_P2_022","R_double","Complete quadratic"
"P06","P2",23,1,1,1200,"",1199,0,200,0,0,0,0,0,0,0.0015641000000000001,0.0034573999999999998,1,1,28075.121096957024,34310.551814440834,0,7.5718887782758003e-10,0,9.9007067491067016e-09,9.9998561953812362e-07,9.9998561953812362e-07,0.00043909784404010718,0.76553386807646828,872.92560175841334,1.7532456810199067e-10,3.9816308282128285,19167754435.822121,1150,0,0,0,0,0,0,0,0,0,0,-0.066008266939861698,0,0,"R_double_P2_023","R_double","Complete quadratic"
"P06","P2",24,1,1,1200,"",1199,0,200,0,0,0,0,0,0,0.00156635,0.0040206,1,1,28363.337325085711,36037.990114919085,0,7.6230748104029229e-10,0,9.8846006909411139e-09,9.991678760710299e-07,9.991678760710299e-07,0.0004391282155758155,0.7593558224456296,870.21124531362386,3.1829473059095067e-10,3.9873903890036275,10552006454.872833,1150,0,0,0,0,0,0,0,0,0,0,-0.077291914983040055,0,0,"R_double_P2_024","R_double","Complete quadratic"
"P06","P2",25,1,1,1200,"",1199,0,200,0,0,0,0,0,0,0.0015727499999999999,0.0038054999999999999,1,1,27840.137842355114,34710.311819523187,0,7.5147567282296862e-10,0,9.8992243636600534e-09,9.9991038277872283e-07,9.9991038277872283e-07,0.0004391301050131763,0.77662043921851043,888.92471964243828,3.139561822299558e-10,3.9825291817616604,9391395571.3790245,1150,0,0,0,0,0,0,0,0,0,0,-0.071027400792321449,0,0,"R_double_P2_025","R_double","Complete quadratic"
"P06","P2",26,1,1,1200,"",1199,0,200,0,0,0,0,0,0,0.00155595,0.0038053000000000002,1,1,28138.631060793959,34118.420266510169,0,7.5874129580797088e-10,0,9.8989958395730204e-09,9.9989878380675958e-07,9.9989878380675958e-07,0.00043925871934513504,0.78694659685592916,878.60927166601664,2.754913071455992e-10,3.976955714287254,12193301344.843746,1150,0,0,0,0,0,0,0,0,0,0,-0.076087644525441256,0,0,"R_double_P2_026","R_double","Complete quadratic"
"P06","P2",27,1,1,1200,"",1199,0,200,0,0,0,0,0,0,0.0015796999999999999,0.0045922999999999997,1,1,28218.520422305879,34969.811784594276,0,7.6089106221250239e-10,0,9.8992539428414852e-09,9.9991188409043185e-07,9.9991188409043185e-07,0.00043905945261871518,0.76741480489313085,895.62697540037061,4.1452725459701574e-10,3.9889389363730445,7157705138.7253017,1150,0,0,0,0,0,0,0,0,0,0,-0.062170810798764908,0,0,"R_double_P2_027","R_double","Complete quadratic"
"P06","P2",28,1,1,1200,"",1199,0,200,0,0,0,0,0,0,0.0015579999999999999,0.0035203000000000001,1,1,28572.282486431559,35990.846329162676,0,7.6030369721635659e-10,0,9.8995014022945767e-09,9.9992444397804946e-07,9.9992444397804946e-07,0.00043923253047323686,0.77256533487065837,877.78963089835952,4.3884072344326442e-10,3.9888961986199596,7642853232.068552,1150,0,0,0,0,0,0,0,0,0,0,-0.061095777709859411,0,0,"R_double_P2_028","R_double","Complete quadratic"
"P06","P2",29,1,1,1200,"",1199,0,200,0,0,0,0,0,0,0.00157905,0.0035917000000000002,1,1,28046.756463631958,34132.274760909619,0,7.5576824020152103e-10,0,9.8994241121788442e-09,9.9992052110896227e-07,9.9992052110896227e-07,0.00043932134818203632,0.77256917943106806,879.68818671863471,2.0748220188098916e-10,3.9747430165361277,16190154562.139997,1150,0,0,0,0,0,0,0,0,0,0,-0.067730343101695845,0,0,"R_double_P2_029","R_double","Complete quadratic"
"P06","P2",30,1,1,1200,"",1199,0,200,0,0,0,0,0,0,0.0015517,0.004019,1,1,27876.820776522123,34459.778563385378,0,7.6162169428162859e-10,0,9.8986882898889443e-09,9.9988317360115495e-07,9.9988317360115495e-07,0.00043942582067012898,0.75407794627637958,876.13853690943949,3.6479574252636781e-10,3.9808429501920792,9203488354.5806141,1150,0,0,0,0,0,0,0,0,0,0,-0.054622373696533277,0,0,"R_double_P2_030","R_double","Complete quadratic"
"P06","P2",31,1,1,1200,"",1199,0,200,0,0,0,0,0,0,0.00156,0.0036673000000000001,1,1,28162.154326264004,34705.064618546225,0,7.5954470399744067e-10,0,9.8983489669590454e-09,9.9986595041198739e-07,9.9986595041198739e-07,0.00043932838874402797,0.76304870193043262,881.21791130666679,2.6056387048137957e-10,3.9716546303759008,12876684116.379528,1150,0,0,0,0,0,0,0,0,0,0,-0.073204964483565615,0,0,"R_double_P2_031","R_double","Complete quadratic"
"P06","P2",32,1,1,1200,"",1199,0,200,0,0,0,0,0,0,0.0015627,0.0046236000000000003,1,1,27931.183540708917,34710.459627206095,0,7.6193848145261943e-10,0,9.8980694802620952e-09,9.998517641419084e-07,9.998517641419084e-07,0.00043905541586914114,0.78239797305085423,884.49463650953385,2.9003217156971519e-10,3.9768362298985225,9843414418.5196877,1150,0,0,0,0,0,0,0,0,0,0,-0.072273022133455711,0,0,"R_double_P2_032","R_double","Complete quadratic"
"P06","P2",33,1,1,1200,"",1199,0,200,0,0,0,0,0,0,0.00155915,0.004548,1,1,27918.817623747316,34842.434401629085,0,7.5941297086733575e-10,0,9.9006200470762434e-09,9.9998121923036238e-07,9.9998121923036238e-07,0.00043951021376630923,0.75667014724629322,866.51253726564516,3.6477994954892057e-10,3.9697541560408669,9165695536.6009388,1150,0,0,0,0,0,0,0,0,0,0,-0.065929569880357697,0,0,"R_double_P2_033","R_double","Complete quadratic"
"P06","P2",34,1,1,1200,"",1199,0,200,0,0,0,0,0,0,0.0015815,0.0040561,1,1,28177.32684169749,34616.239427900888,0,7.5733250511248581e-10,0,9.8920814587658502e-09,9.9954777468900391e-07,9.9954777468900391e-07,0.00043911514752520805,0.77001822334782044,875.77907912790204,3.2787102730627167e-10,3.9821148257296524,10283620853.44381,1150,0,0,0,0,0,0,0,0,0,0,-0.070758438417058173,0,0,"R_double_P2_034","R_double","Complete quadratic"
"P06","P2",35,1,1,1200,"",1199,0,200,0,0,0,0,0,0,0.0015768000000000002,0.0036242000000000002,1,1,28038.615463906724,34395.121141913369,0,7.5884129806602137e-10,0,9.9001512912569073e-09,9.9995742857052e-07,9.9995742857052e-07,0.00043928259689635703,0.76540271423093242,874.1856648407495,2.902261483639951e-10,3.9791708050839891,11498184572.228971,1150,0,0,0,0,0,0,0,0,0,0,-0.060089243611128718,0,0,"R_double_P2_035","R_double","Complete quadratic"
"P06","P2",36,1,1,1200,"",1199,0,200,0,0,0,0,0,0,0.0015677,0.0041973999999999996,1,1,28074.69529270567,35087.980357159518,0,7.5880971099080246e-10,0,9.9002104627972346e-09,9.9996043172129439e-07,9.9996043172129439e-07,0.00043902695521622585,0.75740145362804345,885.17345158870296,3.7461820486790821e-10,3.9811387178566608,7995356717.8419724,1150,0,0,0,0,0,0,0,0,0,0,-0.073069267287166506,0,0,"R_double_P2_036","R_double","Complete quadratic"
"P06","P2",37,1,1,1200,"",1199,0,200,0,0,0,0,0,0,0.0015571000000000001,0.0039562,1,1,27988.351803402227,34960.336734750803,0,7.6276090056468212e-10,0,9.9006801247052522e-09,9.9998426829660686e-07,9.9998426829660686e-07,0.00043901697176367184,0.77276167138673624,882.64712936308285,3.1337155245907044e-10,3.9754948329071613,10740637026.994986,1150,0,0,0,0,0,0,0,0,0,0,-0.062848393895070909,0,0,"R_double_P2_037","R_double","Complete quadratic"
"P06","P2",38,1,1,1200,"",1199,0,200,0,0,0,0,0,0,0.0015557499999999998,0.0032423,1,1,28229.616135658031,35429.050169608068,0,7.5782771069909489e-10,0,9.8910850255154577e-09,9.9949718066046871e-07,9.9949718066046871e-07,0.000439285540698124,0.75917439702035416,877.30247704702776,3.5480430240508076e-10,3.9843644164990395,8845929318.7616405,1150,0,0,0,0,0,0,0,0,0,0,-0.06101408383177459,0,0,"R_double_P2_038","R_double","Complete quadratic"
"P06","P2",39,1,1,1200,"",1199,0,200,0,0,0,0,0,0,0.0015592,0.0036584,1,1,28128.075833891162,35006.936090935829,0,7.5656970173463715e-10,0,9.8999224860151546e-09,9.9994581586644738e-07,9.9994581586644738e-07,0.00043936197722403025,0.75588338275604072,879.29568549985584,3.465669944791504e-10,3.9723499482454567,9693626255.6009922,1150,0,0,0,0,0,0,0,0,0,0,-0.058034151379778187,0,0,"R_double_P2_039","R_double","Complete quadratic"
"P06","P2",40,1,1,1200,"",1199,0,200,0,0,0,0,0,0,0.0015698999999999999,0.0039925999999999998,1,1,28213.151024933235,33967.974747265602,0,7.488139026939726e-10,0,9.8989500769685691e-09,9.9989646106337831e-07,9.9989646106337831e-07,0.00043952295861279719,0.76849077249315245,858.58695473054627,1.2805881813795933e-10,3.9784308040599772,26268999960.425018,1150,0,0,0,0,0,0,0,0,0,0,-0.066199801190677032,0,0,"R_double_P2_040","R_double","Complete quadratic"
"P06","R",0,0,1,1200,"",1199,0,200,0,0,0,0,0,0,0.0015267499999999999,0.0034443,1,1,28402.746017223159,35252.600252644297,0,7.5402058650338005e-10,0,9.8547302947906808e-09,9.9764953595169149e-07,9.9764953595169149e-07,0.00053291748603360328,0.069735486166045441,67.499791139723939,-1.0129794994691933e-15,3.1458529325186841,2.494634606908505e+28,1150,0,0,0,0,0,0,0,0,0,0,-0.066668253442634828,0,0,"R_double_R_000","R_double","Relaxed"
"P06","R",1,1,1,1200,"",1199,0,200,0,0,0,0,0,0,0.0015219999999999999,0.0067610999999999999,1,1,28156.648206838418,34716.656237406016,0,7.5613864988193126e-10,0,9.9008887488195063e-09,9.9999485633875043e-07,9.9999485633875043e-07,0.00053281773065885253,0.069464314355657447,67.055978383517214,1.8637542552138977e-09,3.1480296351224197,1501444387.0585871,1150,0,0,0,0,0,0,0,0,0,0,-0.066900021690859734,0,0,"R_double_R_001","R_double","Relaxed"
"P06","R",2,1,1,1200,"",1199,0,200,0,0,0,0,0,0,0.0015281499999999998,0.0032526,1,1,28395.361482301829,35443.700574554037,0,7.5874480783399017e-10,0,9.893750851838394e-09,9.9963253268670717e-07,9.9963253268670717e-07,0.00053272003696581299,0.069922741272020458,66.93720008599594,1.3815310844905054e-09,3.1477094263436256,2030144780.2330062,1150,0,0,0,0,0,0,0,0,0,0,-0.075450488838799012,0,0,"R_double_R_002","R_double","Relaxed"
"P06","R",3,1,1,1200,"",1199,0,200,0,0,0,0,0,0,0.0015772,0.0044587999999999997,1,1,28331.455867765711,35168.788538914283,0,7.62682155900962e-10,0,9.900512398727001e-09,9.9997575582695889e-07,9.9997575582695889e-07,0.00053266070163004271,0.070109226694262686,67.170050134597474,9.7198480713482204e-10,3.1507506201393816,3224113310.7948294,1150,0,0,0,0,0,0,0,0,0,0,-0.060454584259101662,0,0,"R_double_R_003","R_double","Relaxed"
"P06","R",4,1,1,1200,"",1199,0,200,0,0,0,0,0,0,0.0015743,0.0084661000000000007,1,1,28019.762287927879,35231.71243031777,0,7.6056951823500567e-10,0,9.9006008025861626e-09,9.9998024253001484e-07,9.9998024253001484e-07,0.00053312833039336198,0.069457751235150841,66.728101862339841,1.1397693973922683e-09,3.1433375129279981,2233578623.0009727,1150,0,0,0,0,0,0,0,0,0,0,-0.071449110570204838,0,0,"R_double_R_004","R_double","Relaxed"
"P06","R",5,1,1,1200,"",1199,0,200,0,0,0,0,0,0,0.00158395,0.0058830000000000002,1,1,28364.89897542468,35541.28943976669,0,7.5918765610705153e-10,0,9.894913392266542e-09,9.9969155270999169e-07,9.9969155270999169e-07,0.0005329121573548354,0.069711057510581848,66.482397359710049,3.7080109606823662e-10,3.1488310632012371,7561334362.7425709,1150,0,0,0,0,0,0,0,0,0,0,-0.061185057115913599,0,0,"R_double_R_005","R_double","Relaxed"
"P06","R",6,1,1,1200,"",1199,0,200,0,0,0,0,0,0,0.0015485,0.0037504999999999999,1,1,28180.74898348526,35218.832575030683,0,7.6126814993640949e-10,0,9.8833861105154001e-09,9.9910618215240714e-07,9.9910618215240714e-07,0.00053266418573157072,0.069524968610770468,66.793599274532056,1.7289542500351829e-09,3.148917281429148,1462443770.253562,1150,0,0,0,0,0,0,0,0,0,0,-0.071214083936613687,0,0,"R_double_R_006","R_double","Relaxed"
"P06","R",7,1,1,1200,"",1199,0,200,0,0,0,0,0,0,0.0015440499999999999,0.0053512000000000004,1,1,28052.611299187469,34626.459698158324,0,7.5716420460365829e-10,0,9.9004417593319608e-09,9.9997217069784102e-07,9.9997217069784102e-07,0.0005325939765665204,0.070008647265189142,66.886091042409078,9.4566902896263913e-10,3.1512594316203928,2963867832.4866948,1150,0,0,0,0,0,0,0,0,0,0,-0.079325983104630432,0,0,"R_double_R_007","R_double","Relaxed"
"P06","R",8,1,1,1200,"",1199,0,200,0,0,0,0,0,0,0.0015409999999999998,0.0043296999999999997,1,1,28217.786248739474,34810.868494350019,0,7.5792418283467963e-10,0,9.9008708914272712e-09,9.9999395004888675e-07,9.9999395004888675e-07,0.00053278753712618138,0.069732892238830363,67.439738774077568,1.2634264474057417e-09,3.1503995626359087,1620622971.0008509,1150,0,0,0,0,0,0,0,0,0,0,-0.06734582940908912,0,0,"R_double_R_008","R_double","Relaxed"
"P06","R",9,1,1,1200,"",1199,0,200,0,0,0,0,0,0,0.0015468999999999999,0.0053419000000000001,1,1,28278.89546590401,35115.710833584773,0,7.6029571288984395e-10,0,9.8928975695079704e-09,9.9958921093927839e-07,9.9958921093927839e-07,0.00053274901244395201,0.069593585340861269,66.869162676985539,1.4081906963737032e-09,3.1517485731840638,1987011630.4963484,1150,0,0,0,0,0,0,0,0,0,0,-0.075964244290523841,0,0,"R_double_R_009","R_double","Relaxed"
"P06","R",10,1,1,1200,"",1199,0,200,0,0,0,0,0,0,0.0015234999999999999,0.0040962999999999998,1,1,28193.698371314676,34860.311571016995,0,7.6508379045476946e-10,0,9.9000679526415503e-09,9.9995319884592419e-07,9.9995319884592419e-07,0.00053284131003722337,0.069640950982594541,67.352712829340803,1.7786127695841201e-09,3.1460796469346861,1575315561.6202922,1150,0,0,0,0,0,0,0,0,0,0,-0.067967698216939099,0,0,"R_double_R_010","R_double","Relaxed"
"P06","R",11,1,1,1200,"",1199,0,200,0,0,0,0,0,0,0.0015463500000000002,0.0050169999999999998,1,1,28573.905917588585,35173.633887179385,0,7.5751118954323079e-10,0,9.8979108808908574e-09,9.9984371381895974e-07,9.9984371381895974e-07,0.00053269387469812165,0.069461214216916964,67.102255952857604,1.2166240120918272e-09,3.1510052519739702,2296385271.9578867,1150,0,0,0,0,0,0,0,0,0,0,-0.060743783706822874,0,0,"R_double_R_011","R_double","Relaxed"
"P06","R",12,1,1,1200,"",1199,0,200,0,0,0,0,0,0,0.00152545,0.0051570000000000001,1,1,28493.379470095242,35354.920277358011,0,7.5644580918279297e-10,0,9.8936722553216993e-09,9.9962854236330484e-07,9.9962854236330484e-07,0.00053304271566248116,0.069729408797057246,66.721061192981495,1.6701766938620335e-09,3.1429085583032021,1223414576.6718452,1150,0,0,0,0,0,0,0,0,0,0,-0.062764180538240122,0,0,"R_double_R_012","R_double","Relaxed"
"P06","R",13,1,1,1200,"",1199,0,200,0,0,0,0,0,0,0.0015322000000000001,0.0039582999999999997,1,1,28193.131774264395,35018.462752967906,0,7.6357618205247003e-10,0,9.8923240752198254e-09,9.9956009318923511e-07,9.9956009318923511e-07,0.00053258054648959137,0.069722449676831597,67.083627281280414,8.5341575796592241e-10,3.1528985243325223,3279429063.0682154,1150,0,0,0,0,0,0,0,0,0,0,-0.074463828101320823,0,0,"R_double_R_013","R_double","Relaxed"
"P06","R",14,1,1,1200,"",1199,0,200,0,0,0,0,0,0,0.0015541999999999999,0.0041790000000000004,1,1,28146.363959480903,34918.948403538896,0,7.5969468408858663e-10,0,9.9007812112668586e-09,9.9998939863187116e-07,9.9998939863187116e-07,0.00053260811020865541,0.069815592858994899,66.886808310102239,9.3867922115078333e-10,3.1495028495053359,2990306301.5063524,1150,0,0,0,0,0,0,0,0,0,0,-0.069989672872122766,0,0,"R_double_R_014","R_double","Relaxed"
"P06","R",15,1,1,1200,"",1199,0,200,0,0,0,0,0,0,0.0015320500000000001,0.0039468000000000003,1,1,28040.437784406306,34714.045388388804,0,7.5919194738637525e-10,0,9.8987715370925916e-09,9.9988739897778791e-07,9.9988739897778791e-07,0.00053265962845931193,0.069681106498213574,66.785295536309164,1.403182844313228e-09,3.1501916544608424,1987967290.6015244,1150,0,0,0,0,0,0,0,0,0,0,-0.063282432331800975,0,0,"R_double_R_015","R_double","Relaxed"
"P06","R",16,1,1,1200,"",1199,0,200,0,0,0,0,0,0,0.0015336500000000001,0.0037377000000000001,1,1,28372.711161415602,35034.876021845659,0,7.6076186496719671e-10,0,9.8953003464893918e-09,9.9971119689739805e-07,9.9971119689739805e-07,0.00053291025161694597,0.069908567643027775,66.396217366791021,1.995655209098934e-09,3.1429341683869247,1403709980.0159469,1150,0,0,0,0,0,0,0,0,0,0,-0.062061841849882005,0,0,"R_double_R_016","R_double","Relaxed"
"P06","R",17,1,1,1200,"",1199,0,200,0,0,0,0,0,0,0.0015721999999999999,0.0066378000000000001,1,1,28353.506649400733,35037.743586482407,0,7.615297749126279e-10,0,9.8975751638985266e-09,9.9982667299723341e-07,9.9982667299723341e-07,0.00053284466355616399,0.069942045491692445,67.00397249124822,1.1952514608884545e-09,3.1450938620325792,2338619181.8796329,1150,0,0,0,0,0,0,0,0,0,0,-0.063739440724032703,0,0,"R_double_R_017","R_double","Relaxed"
"P06","R",18,1,1,1200,"",1199,0,200,0,0,0,0,0,0,0.0015392499999999998,0.0049759000000000001,1,1,28244.222120793958,34900.073262567639,0,7.5841262970448507e-10,0,9.8925988598957056e-09,9.9957404480387683e-07,9.9957404480387683e-07,0.00053270962032352966,0.070004224829390019,67.172397813658222,1.0135827403840833e-09,3.1498671665254894,2768826926.5234098,1150,0,0,0,0,0,0,0,0,0,0,-0.068900977621672466,0,0,"R_double_R_018","R_double","Relaxed"
"P06","R",19,1,1,1200,"",1199,0,200,0,0,0,0,0,0,0.0015339500000000001,0.0042255000000000001,1,1,28066.733428296749,34783.985801181007,0,7.5756956830700049e-10,0,9.8987757508987155e-09,9.9988761285739206e-07,9.9988761285739206e-07,0.00053283983295082779,0.069802059919980577,66.939383945046941,1.5622249528479985e-09,3.1520481609766517,1439468084.4736311,1150,0,0,0,0,0,0,0,0,0,0,-0.06207133773802298,0,0,"R_double_R_019","R_double","Relaxed"
"P06","R",20,1,1,1200,"",1199,0,200,0,0,0,0,0,0,0.00152085,0.0031549999999999998,1,1,28292.792715046533,35117.777867263132,0,7.6021432658142255e-10,0,9.8859074275900785e-09,9.9923424682183565e-07,9.9923424682183565e-07,0.00053278780511321205,0.069677202387510906,67.198515134617963,1.9801077556136416e-09,3.1440173458043765,1414176812.2772613,1150,0,0,0,0,0,0,0,0,0,0,-0.064529819529467902,0,0,"R_double_R_020","R_double","Relaxed"
"P06","R",21,1,1,1200,"",1199,0,200,0,0,0,0,0,0,0.00156025,0.0039803,1,1,27956.847748090986,34645.228305793557,0,7.6277523249298958e-10,0,9.8986321079333106e-09,9.9988032196479724e-07,9.9988032196479724e-07,0.00053291891692954375,0.069427052680525306,66.221556049364779,1.1755307545343247e-09,3.151631538012214,1738559748.5964043,1150,0,0,0,0,0,0,0,0,0,0,-0.066588978577624525,0,0,"R_double_R_021","R_double","Relaxed"
"P06","R",22,1,1,1200,"",1199,0,200,0,0,0,0,0,0,0.0015223000000000001,0.0048862999999999997,1,1,28085.09475187918,35194.541881251309,0,7.623593376344445e-10,0,9.8940259072171913e-09,9.9964649704863868e-07,9.9964649704863868e-07,0.0005327055233992074,0.070149469671315634,67.032521173445716,1.654444962138919e-09,3.1512105156540842,1696072760.542455,1150,0,0,0,0,0,0,0,0,0,0,-0.069204438760993137,0,0,"R_double_R_022","R_double","Relaxed"
"P06","R",23,1,1,1200,"",1199,0,200,0,0,0,0,0,0,0.0015203500000000002,0.0043486000000000002,1,1,28144.929456908496,34910.222698951606,0,7.5667512966247602e-10,0,9.8928950726349042e-09,9.9958908416855313e-07,9.9958908416855313e-07,0.00053263074233489177,0.069913645975063998,67.02060027953776,8.6521569922399313e-10,3.1498069004435316,3236142329.1445117,1150,0,0,0,0,0,0,0,0,0,0,-0.066098131493198875,0,0,"R_double_R_023","R_double","Relaxed"
"P06","R",24,1,1,1200,"",1199,0,200,0,0,0,0,0,0,0.0015490499999999999,0.0044502999999999999,1,1,28309.459882305069,35364.104420744137,0,7.6427750606255198e-10,0,9.8920559087057019e-09,9.9954647741287907e-07,9.9954647741287907e-07,0.00053271657060179859,0.0699393910015602,66.612227397201849,1.2350364542779422e-09,3.150108661531235,2267804700.4998484,1150,0,0,0,0,0,0,0,0,0,0,-0.077147830805521622,0,0,"R_double_R_024","R_double","Relaxed"
"P06","R",25,1,1,1200,"",1199,0,200,0,0,0,0,0,0,0.0015187500000000001,0.0042706999999999997,1,1,28115.812894337803,34669.648265629723,0,7.5796778791473382e-10,0,9.8999300721509399e-09,9.9994620089275498e-07,9.9994620089275498e-07,0.00053249351552200506,0.070391592614618304,67.309316246917462,2.1061459998960343e-09,3.1500877943552497,1184222788.0144994,1150,0,0,0,0,0,0,0,0,0,0,-0.070813893671346412,0,0,"R_double_R_025","R_double","Relaxed"
"P06","R",26,1,1,1200,"",1199,0,200,0,0,0,0,0,0,0.0015311000000000001,0.0061016999999999998,1,1,28124.836214300889,34906.624983794231,0,7.5886820628678114e-10,0,9.8992264858735245e-09,9.9991049049321658e-07,9.9991049049321658e-07,0.00053263613588668099,0.069968690115161811,67.343276969582234,1.2272335953096982e-09,3.145818887324928,2283584917.3093553,1150,0,0,0,0,0,0,0,0,0,0,-0.075814357118773185,0,0,"R_double_R_026","R_double","Relaxed"
"P06","R",27,1,1,1200,"",1199,0,200,0,0,0,0,0,0,0.0015512500000000001,0.0039740000000000001,1,1,28243.361278476521,35014.472659929212,0,7.6166558531253613e-10,0,9.8991195146929858e-09,9.9990506107946121e-07,9.9990506107946121e-07,0.00053244947744881285,0.069603274039572172,67.364377323277196,5.7310837096642848e-10,3.1534960907621934,3568119847.9451933,1150,0,0,0,0,0,0,0,0,0,0,-0.06215336416832079,0,0,"R_double_R_027","R_double","Relaxed"
"P06","R",28,1,1,1200,"",1199,0,200,0,0,0,0,0,0,0.0015338999999999999,0.0049934000000000003,1,1,28339.566676776267,35058.545878175311,0,7.624327443675725e-10,0,9.8956080910952689e-09,9.9972681964368842e-07,9.9972681964368842e-07,0.00053279185519320294,0.070210331828753969,66.827564234188159,8.456326314623743e-10,3.1495885303379527,2419424264.8052607,1150,0,0,0,0,0,0,0,0,0,0,-0.060934141500584071,0,0,"R_double_R_028","R_double","Relaxed"
"P06","R",29,1,1,1200,"",1199,0,200,0,0,0,0,0,0,0.0016335,0.0049782999999999997,1,1,28189.310812915559,35023.876944038835,0,7.5733291833523986e-10,0,9.8954246308773767e-09,9.9971750626019826e-07,9.9971750626019826e-07,0.00053278205922380314,0.069367323658032914,67.275192938550319,1.0722999075276747e-09,3.1475805362155955,2612120157.5577917,1150,0,0,0,0,0,0,0,0,0,0,-0.067698145236544216,0,0,"R_double_R_029","R_double","Relaxed"
"P06","R",30,1,1,1200,"",1199,0,200,0,0,0,0,0,0,0.0015313,0.0050283000000000003,1,1,28054.198214375676,34675.943897807025,0,7.6183033137482057e-10,0,9.899482255543229e-09,9.9992347218380294e-07,9.9992347218380294e-07,0.00053279530490103581,0.069393021886689818,67.139164809328634,1.9730254673059741e-09,3.1480721197069359,1420613804.140795,1150,0,0,0,0,0,0,0,0,0,0,-0.054416321185077943,0,0,"R_double_R_030","R_double","Relaxed"
"P06","R",31,1,1,1200,"",1199,0,200,0,0,0,0,0,0,0.0015286499999999999,0.0048538000000000001,1,1,28262.174662886773,34930.503227101246,0,7.6373252085997963e-10,0,9.8940363684396806e-09,9.9964702815350212e-07,9.9964702815350212e-07,0.00053278956976702803,0.069424419672884249,66.785547813118129,1.9306137761827816e-09,3.1450653967447648,1353464172.7367105,1150,0,0,0,0,0,0,0,0,0,0,-0.073225926309335609,0,0,"R_double_R_031","R_double","Relaxed"
"P06","R",32,1,1,1200,"",1199,0,200,0,0,0,0,0,0,0.0015610999999999999,0.0047196,1,1,28245.156385874019,35105.191906857835,0,7.6184274198083983e-10,0,9.8961175331358867e-09,9.997526810915519e-07,9.997526810915519e-07,0.00053251886913392038,0.07014879308152315,67.463468750507275,1.1216278258027928e-09,3.1471574955885502,2508145149.0788035,1150,0,0,0,0,0,0,0,0,0,0,-0.072096081871113882,0,0,"R_double_R_032","R_double","Relaxed"
"P06","R",33,1,1,1200,"",1199,0,200,0,0,0,0,0,0,0.00152315,0.0033094000000000001,1,1,27989.250617316502,34930.845411399467,0,7.6243625542916826e-10,0,9.8995431777052434e-09,9.9992656428771249e-07,9.9992656428771249e-07,0.00053296941372784885,0.069288425293782763,66.851058036696955,1.0189541094168399e-09,3.1428166253629937,2008075580.934454,1150,0,0,0,0,0,0,0,0,0,0,-0.065877742651856475,0,0,"R_double_R_033","R_double","Relaxed"
"P06","R",34,1,1,1200,"",1199,0,200,0,0,0,0,0,0,0.0015354000000000001,0.0034429,1,1,28336.413238258723,34918.372648599092,0,7.6274263556572769e-10,0,9.9000453803709202e-09,9.9995205322164606e-07,9.9995205322164606e-07,0.00053261341294929198,0.069865136719881607,66.900487556986718,1.5980610024545593e-09,3.1501339462898059,1759143742.7692008,1150,0,0,0,0,0,0,0,0,0,0,-0.070708230036223119,0,0,"R_double_R_034","R_double","Relaxed"
"P06","R",35,1,1,1200,"",1199,0,200,0,0,0,0,0,0,0.0015523500000000001,0.0038146999999999999,1,1,28291.041661025345,35040.184524978999,0,7.6137184122226229e-10,0,9.8902803583689142e-09,9.99456321739396e-07,9.99456321739396e-07,0.00053261314440343954,0.069639454169853371,67.203162462351685,1.1500096050479114e-09,3.1481326380935952,2439806077.9638619,1150,0,0,0,0,0,0,0,0,0,0,-0.059881232499493009,0,0,"R_double_R_035","R_double","Relaxed"
"P06","R",36,1,1,1200,"",1199,0,200,0,0,0,0,0,0,0.0015106,0.0037008000000000002,1,1,28319.599344147726,35256.481006436785,0,7.5787895816942707e-10,0,9.8971226238683862e-09,9.9980370184541948e-07,9.9980370184541948e-07,0.00053255546996563356,0.069461336668464949,67.215353559153272,1.6805980440639753e-09,3.1492174172627494,1865376885.9462364,1150,0,0,0,0,0,0,0,0,0,0,-0.072974939826568941,0,0,"R_double_R_036","R_double","Relaxed"
"P06","R",37,1,1,1200,"",1199,0,200,0,0,0,0,0,0,0.00152655,0.0027755000000000002,1,1,28153.860757110244,35090.8956785954,0,7.6259444865962084e-10,0,9.895304944067769e-09,9.9971143029658318e-07,9.9971143029658318e-07,0.00053283346732623286,0.070038368887167954,67.016206972961044,1.0954404009222715e-09,3.1462823802876638,2562614398.8476453,1150,0,0,0,0,0,0,0,0,0,0,-0.063191526163401401,0,0,"R_double_R_037","R_double","Relaxed"
"P06","R",38,1,1,1200,"",1199,0,200,0,0,0,0,0,0,0.0015111,0.0032705999999999998,1,1,28455.374323689226,35005.118921406938,0,7.581700200417578e-10,0,9.8781456929698111e-09,9.9883995509660565e-07,9.9883995509660565e-07,0.00053284912108294419,0.06964424435024863,66.796392281833121,1.8715404479673807e-09,3.1508519726535549,1671660539.7475295,1150,0,0,0,0,0,0,0,0,0,0,-0.061360203103630551,0,0,"R_double_R_038","R_double","Relaxed"
"P06","R",39,1,1,1200,"",1199,0,200,0,0,0,0,0,0,0.0015182500000000001,0.0031256999999999999,1,1,28216.728877439269,34978.910041171672,0,7.5661265581403059e-10,0,9.8942750635731586e-09,9.9965914637008009e-07,9.9965914637008009e-07,0.0005328747620026253,0.069548440094624381,66.894059846547165,1.3731858066045829e-09,3.1440956866379794,2038318189.6901474,1150,0,0,0,0,0,0,0,0,0,0,-0.057988208798632923,0,0,"R_double_R_039","R_double","Relaxed"
"P06","R",40,1,1,1200,"",1199,0,200,0,0,0,0,0,0,0.0015249,0.0025890000000000002,1,1,28171.453561198916,35143.378591591936,0,7.5944520021007639e-10,0,9.8994284763990457e-09,9.9992074261588508e-07,9.9992074261588508e-07,0.00053275745844977567,0.069866475590065272,66.94782512683247,1.0535418544938703e-09,3.1485140460579926,2656534387.525249,1150,0,0,0,0,0,0,0,0,0,0,-0.06582624004573262,0,0,"R_double_R_040","R_double","Relaxed"
"P06","S",0,0,1,1200,"",1199,0,200,0,0,0,0,0,0,0.00161655,0.0035953999999999999,1,1,28400.902945883408,35254.792134400399,0,7.5401637632080791e-10,0,9.8546727680613699e-09,9.9764660961791326e-07,9.9764660961791326e-07,0.00057827608587057374,0.055605272087618909,61.966659277207022,-8.8601976174542121e-16,2.846998496631767,5.5490730164452581e+19,1150,0,0,0,0,0,0,0,0,0,0,-0.066667493238630082,0,0,"R_double_S_000","R_double","Shared"
"P06","S",1,1,1,1200,"",1199,0,200,0,0,0,0,0,0,0.0015536500000000002,0.0029475999999999999,1,1,28199.050059255573,35083.328146369284,0,7.6220734781541278e-10,0,9.9003336236901713e-09,9.9996668251421656e-07,9.9996668251421656e-07,0.00057829299345835421,0.055846617779042158,61.544750944266681,1.1281958223705599e-05,2.8439126212824903,182325.13304243647,1150,0,0,0,0,0,0,0,0,0,0,-0.066173140752046694,0,0,"R_double_S_001","R_double","Shared"
"P06","S",2,1,1,1200,"",1199,0,200,0,0,0,0,0,0,0.00156055,0.0035542999999999998,1,1,28398.036581479479,35440.079536426281,0,7.5868313074438345e-10,0,9.893562425945435e-09,9.9962296632997694e-07,9.9962296632997694e-07,0.00057808672786315094,0.05548653685799395,61.474792616605356,1.0740134487671781e-05,2.8483548389446662,160822.3250397504,1150,0,0,0,0,0,0,0,0,0,0,-0.075507483148551657,0,0,"R_double_S_002","R_double","Shared"
"P06","S",3,1,1,1200,"",1199,0,200,0,0,0,0,0,0,0.0016554499999999999,0.0050613999999999998,1,1,28340.329894287541,35412.154944982314,0,7.622762404067038e-10,0,9.8955319094734475e-09,9.9972295228343498e-07,9.9972295228343498e-07,0.00057809686733993246,0.055765202658956264,61.659744492605171,1.3540198536250735e-05,2.8481643358394231,151750.97413248313,1150,0,0,0,0,0,0,0,0,0,0,-0.059937598908132828,0,0,"R_double_S_003","R_double","Shared"
"P06","S",4,1,1,1200,"",1199,0,200,0,0,0,0,0,0,0.0015735499999999999,0.0036500999999999999,1,1,28006.132641092197,35177.547197762535,0,7.6087405564463059e-10,0,9.8966198569064697e-09,9.9977818054041061e-07,9.9977818054041061e-07,0.00057843802859575285,0.055318252862381477,61.262753585342828,1.1647177744859567e-05,2.8445932595124614,176366.83922582082,1150,0,0,0,0,0,0,0,0,0,0,-0.071448562208430516,0,0,"R_double_S_004","R_double","Shared"
"P06","S",5,1,1,1200,"",1199,0,200,0,0,0,0,0,0,0.0015417,0.0038628,1,1,28363.885696205201,35517.34467817629,0,7.6439620334344035e-10,0,9.8953174332369662e-09,9.9971206431750106e-07,9.9971206431750106e-07,0.00057825041172991371,0.055319950797624445,61.026771030291449,7.0562247167568889e-06,2.8488141766014987,291392.74949071265,1150,0,0,0,0,0,0,0,0,0,0,-0.06132151054977153,0,0,"R_double_S_005","R_double","Shared"
"P06","S",6,1,1,1200,"",1199,0,200,0,0,0,0,0,0,0.0015357000000000001,0.0035775999999999998,1,1,28198.895368494002,35300.399121457493,0,7.6721532760512016e-10,0,9.9004199980108019e-09,9.9997106625284381e-07,9.9997106625284381e-07,0.00057801793135702818,0.055536349517129172,61.350453985479149,1.3031013889238112e-05,2.8492823197519734,157496.18027816029,1150,0,0,0,0,0,0,0,0,0,0,-0.07125802763060865,0,0,"R_double_S_006","R_double","Shared"
"P06","S",7,1,1,1200,"",1199,0,200,0,0,0,0,0,0,0.0015460000000000001,0.00479,1,1,28065.905785341121,34928.716171804648,0,7.5991141970478899e-10,0,9.8983563385157724e-09,9.9986632457700432e-07,9.9986632457700432e-07,0.00057801680436220921,0.05553836189794116,61.386779916731626,9.6061346988949984e-06,2.848984613419816,214261.45370877898,1150,0,0,0,0,0,0,0,0,0,0,-0.078722014324278722,0,0,"R_double_S_007","R_double","Shared"
"P06","S",8,1,1,1200,"",1199,0,200,0,0,0,0,0,0,0.0015903499999999999,0.0049071000000000002,1,1,28226.935911252265,34952.121947025524,0,7.6037318723163605e-10,0,9.8995071203427479e-09,9.999247341976673e-07,9.999247341976673e-07,0.00057821136797098606,0.055573904612656752,61.88080393835412,1.1868046261806305e-05,2.8488640080983503,171157.06341690884,1150,0,0,0,0,0,0,0,0,0,0,-0.066859938363679594,0,0,"R_double_S_008","R_double","Shared"
"P06","S",9,1,1,1200,"",1199,0,200,0,0,0,0,0,0,0.0015573499999999999,0.0040647000000000001,1,1,28321.475340955971,35281.176671328256,0,7.6167540119970945e-10,0,9.884240947669982e-09,9.991496035083457e-07,9.991496035083457e-07,0.00057813338671532783,0.055344098061889266,61.366696616205843,1.528445393383701e-05,2.8496423620453233,134415.27684423717,1150,0,0,0,0,0,0,0,0,0,0,-0.075547183482427949,0,0,"R_double_S_009","R_double","Shared"
"P06","S",10,1,1,1200,"",1199,0,200,0,0,0,0,0,0,0.0015237,0.0025598000000000001,1,1,28181.365845387911,34781.255224789893,0,7.5824179239113676e-10,0,9.9007298596402536e-09,9.9998679244240161e-07,9.9998679244240161e-07,0.00057819529626579379,0.055751489274654023,61.867756131991136,1.1079463494018441e-05,2.8479733436453345,185835.50218464792,1150,0,0,0,0,0,0,0,0,0,0,-0.0681831254336695,0,0,"R_double_S_010","R_double","Shared"
"P06","S",11,1,1,1200,"",1199,0,200,0,0,0,0,0,0,0.0015283499999999999,0.0026963999999999998,1,1,28595.71432273652,35343.828165002742,0,7.5342047873552543e-10,0,9.8879898755757676e-09,9.9934000792434575e-07,9.9934000792434575e-07,0.0005781474242256636,0.055813637204894899,61.602894367720054,9.1344924988965345e-06,2.8487632868086497,224946.57147760593,1150,0,0,0,0,0,0,0,0,0,0,-0.060368974589760704,0,0,"R_double_S_011","R_double","Shared"
"P06","S",12,1,1,1200,"",1199,0,200,0,0,0,0,0,0,0.0015249,0.0038470000000000002,1,1,28504.811738860008,35352.296614652827,0,7.5637472109265676e-10,0,9.8711774006613406e-09,9.9848583911646368e-07,9.9848583911646368e-07,0.0005783426639889925,0.0553482433184736,61.257035464745947,1.324949888495381e-05,2.8450565337341982,155001.42516097595,1150,0,0,0,0,0,0,0,0,0,0,-0.062672565012058035,0,0,"R_double_S_012","R_double","Shared"
"P06","S",13,1,1,1200,"",1199,0,200,0,0,0,0,0,0,0.00154575,0.0035527000000000002,1,1,28192.55705439466,35067.139633037143,0,7.636271307464112e-10,0,9.8972938682723149e-09,9.9981239435572039e-07,9.9981239435572039e-07,0.00057799848589633329,0.055630372946126827,61.62207693824719,1.082109296933355e-05,2.8522824304603294,189946.21250062046,1150,0,0,0,0,0,0,0,0,0,0,-0.074641298127681471,0,0,"R_double_S_013","R_double","Shared"
"P06","S",14,1,1,1200,"",1199,0,200,0,0,0,0,0,0,0.00152585,0.0032139,1,1,28151.631518853603,34974.140414997521,0,7.5962234265154378e-10,0,9.8959991159384182e-09,9.9974666978902212e-07,9.9974666978902212e-07,0.00057793568789303454,0.055527923373525884,61.397194508344484,9.1656911691171224e-06,2.8493962150121308,224425.25322613606,1150,0,0,0,0,0,0,0,0,0,0,-0.069742112320314298,0,0,"R_double_S_014","R_double","Shared"
"P06","S",15,1,1,1200,"",1199,0,200,0,0,0,0,0,0,0.00153075,0.0033332000000000001,1,1,28057.994313256895,34855.744493519545,0,7.6394150245121028e-10,0,9.8947074396774068e-09,9.9968109712888525e-07,9.9968109712888525e-07,0.00057806787340493912,0.055343716292221526,61.295085100949095,1.3025965698085224e-05,2.8482874271968033,157779.13311183726,1150,0,0,0,0,0,0,0,0,0,0,-0.062953761535579633,0,0,"R_double_S_015","R_double","Shared"
"P06","S",16,1,1,1200,"",1199,0,200,0,0,0,0,0,0,0.0015312500000000001,0.0033436,1,1,28378.745585471821,35150.747076940264,0,7.6257198046451673e-10,0,9.8941264670388161e-09,9.9965160234979678e-07,9.9965160234979678e-07,0.00057829158315893562,0.055087576857212703,60.973022332806345,1.4779403591561486e-05,2.8441292843966171,139182.70861108226,1150,0,0,0,0,0,0,0,0,0,0,-0.062147778019847888,0,0,"R_double_S_016","R_double","Shared"
"P06","S",17,1,1,1200,"",1199,0,200,0,0,0,0,0,0,0.0015379500000000002,0.0032810000000000001,1,1,28366.256210559412,35263.044683408632,0,7.6128077024542159e-10,0,9.8998156052070144e-09,9.9994039122844884e-07,9.9994039122844884e-07,0.0005782591790064875,0.055628935791843651,61.510659362947486,1.0745903460473446e-05,2.8445616543576713,191314.175788997,1150,0,0,0,0,0,0,0,0,0,0,-0.063485987303127323,0,0,"R_double_S_017","R_double","Shared"
"P06","S",18,1,1,1200,"",1199,0,200,0,0,0,0,0,0,0.0015524,0.0031423000000000002,1,1,28258.476273963108,35144.24215020414,0,7.6159566960325893e-10,0,9.9007102254419042e-09,9.9998579596896651e-07,9.9998579596896651e-07,0.00057820295366812807,0.055731280457580759,61.707837722132872,7.9490162348293052e-06,2.8477080808146491,259134.30103038816,1150,0,0,0,0,0,0,0,0,0,0,-0.068752476503230964,0,0,"R_double_S_018","R_double","Shared"
"P06","S",19,1,1,1200,"",1199,0,200,0,0,0,0,0,0,0.0015314500000000002,0.0030679000000000001,1,1,28089.062177472071,34956.45718512743,0,7.6492242012519503e-10,0,9.8954230746571013e-09,9.9971742725810549e-07,9.9971742725810549e-07,0.00057820715310595377,0.055525376240134462,61.438277008380979,1.4969819308243413e-05,2.8495377900115728,137325.98857675365,1150,0,0,0,0,0,0,0,0,0,0,-0.061527365958737174,0,0,"R_double_S_019","R_double","Shared"
"P06","S",20,1,1,1200,"",1199,0,200,0,0,0,0,0,0,0.0015492500000000001,0.0026719999999999999,1,1,28275.507743387963,35056.754561125221,0,7.6146862986164645e-10,0,9.8968403847188387e-09,9.9978937498578217e-07,9.9978937498578217e-07,0.00057814646754180082,0.055792851102253418,61.700307080125121,1.2728766224992733e-05,2.8459085642544673,161460.51663287912,1150,0,0,0,0,0,0,0,0,0,0,-0.06474953097339059,0,0,"R_double_S_020","R_double","Shared"
"P06","S",21,1,1,1200,"",1199,0,200,0,0,0,0,0,0,0.0015517500000000002,0.0034925999999999998,1,1,27978.880018574862,34744.221655098983,0,7.6325688693304146e-10,0,9.8908373490762983e-09,9.9948460446537449e-07,9.9948460446537449e-07,0.00057823443972361782,0.055036594791278551,60.781928530286869,1.3449385914376016e-05,2.8503862915678839,140494.40317609196,1150,0,0,0,0,0,0,0,0,0,0,-0.066148702271069393,0,0,"R_double_S_021","R_double","Shared"
"P06","S",22,1,1,1200,"",1199,0,200,0,0,0,0,0,0,0.00152075,0.0027813,1,1,28089.242826703252,35288.513671802539,0,7.6239944907375149e-10,0,9.8844013061502532e-09,9.9915774869199261e-07,9.9915774869199261e-07,0.00057810643383153395,0.055658137802509965,61.548499744383868,1.1525075106004853e-05,2.8504599678606497,178531.62317683297,1150,0,0,0,0,0,0,0,0,0,0,-0.069296912621737844,0,0,"R_double_S_022","R_double","Shared"
"P06","S",23,1,1,1200,"",1199,0,200,0,0,0,0,0,0,0.0015303000000000001,0.0032155,1,1,28166.662454090001,35135.105218051722,0,7.6299425528210633e-10,0,9.8932202908395144e-09,9.99605595947029e-07,9.99605595947029e-07,0.00057804037661051853,0.055510795549127537,61.519129793775221,9.7631773574826714e-06,2.8480298338541141,210614.36656367491,1150,0,0,0,0,0,0,0,0,0,0,-0.065809574920654451,0,0,"R_double_S_023","R_double","Shared"
"P06","S",24,1,1,1200,"",1199,0,200,0,0,0,0,0,0,0.0015282,0.0038070000000000001,1,1,28307.521455599708,35407.322348151225,0,7.6416153472113176e-10,0,9.8902071734354795e-09,9.9945260551570547e-07,9.9945260551570547e-07,0.00057806778793997675,0.055252577105091016,61.19770689532691,8.6812229877076923e-06,2.8503359839457181,236738.83427666794,1150,0,0,0,0,0,0,0,0,0,0,-0.077276841014534026,0,0,"R_double_S_024","R_double","Shared"
"P06","S",25,1,1,1200,"",1199,0,200,0,0,0,0,0,0,0.0015501999999999998,0.0032104999999999998,1,1,28126.729053483559,34808.998307169801,0,7.6446291186091257e-10,0,9.8988321335158869e-09,9.998904746581839e-07,9.998904746581839e-07,0.000577844428141003,0.055756798220249676,61.763136459126443,1.3788666918032963e-05,2.8483414818447224,149037.24135603456,1150,0,0,0,0,0,0,0,0,0,0,-0.070274363903559178,0,0,"R_double_S_025","R_double","Shared"
"P06","S",26,1,1,1200,"",1199,0,200,0,0,0,0,0,0,0.0015384000000000001,0.0037214000000000001,1,1,28128.872425134276,35016.875840550347,0,7.5898262647128755e-10,0,9.8990554009014707e-09,9.9990180691519447e-07,9.9990180691519447e-07,0.00057807018638102246,0.056146018699392966,61.826073878429341,1.0475811162960556e-05,2.8469329735607527,196291.69627297865,1150,0,0,0,0,0,0,0,0,0,0,-0.075903465072559989,0,0,"R_double_S_026","R_double","Shared"
"P06","S",27,1,1,1200,"",1199,0,200,0,0,0,0,0,0,0.0015502000000000001,0.0046914000000000001,1,1,28247.820185100587,35127.331980423631,0,7.6070123292992943e-10,0,9.8959510312334903e-09,9.997442288183169e-07,9.997442288183169e-07,0.00057783789567218962,0.055722157412696205,61.836109248255994,1.4371222361320033e-05,2.8518064992881502,139912.86046292321,1150,0,0,0,0,0,0,0,0,0,0,-0.062148528524693214,0,0,"R_double_S_027","R_double","Shared"
"P06","S",28,1,1,1200,"",1199,0,200,0,0,0,0,0,0,0.0015378499999999999,0.0031497999999999999,1,1,28342.348089936662,35064.549405699043,0,7.617219729158185e-10,0,9.8863117734426519e-09,9.9925478316178805e-07,9.9925478316178805e-07,0.00057810284185496523,0.05564983300925061,61.331018282681299,1.3068821789009269e-05,2.8494033278044237,157179.75323265765,1150,0,0,0,0,0,0,0,0,0,0,-0.060651170262788101,0,0,"R_double_S_028","R_double","Shared"
"P06","S",29,1,1,1200,"",1199,0,200,0,0,0,0,0,0,0.0015559,0.0048884000000000002,1,1,28213.436851085535,35233.570925524888,0,7.6077410892542441e-10,0,9.8947898190778333e-09,9.9968527929123809e-07,9.9968527929123809e-07,0.00057818640243725199,0.055696405201246205,61.733156678010374,1.0582755762871937e-05,2.8462563448210116,194155.59793309856,1150,0,0,0,0,0,0,0,0,0,0,-0.067191813438309433,0,0,"R_double_S_029","R_double","Shared"
"P06","S",30,1,1,1200,"",1199,0,200,0,0,0,0,0,0,0.001526,0.0027650000000000001,1,1,28049.904029882451,34569.222404750908,0,7.6173837453280849e-10,0,9.8980004941996066e-09,9.9984826249600269e-07,9.9984826249600269e-07,0.0005781218867526055,0.05563252091504052,61.629297550282352,1.4015406516952432e-05,2.8486022321056343,146504.09442754771,1150,0,0,0,0,0,0,0,0,0,0,-0.05460593513911477,0,0,"R_double_S_030","R_double","Shared"
"P06","S",31,1,1,1200,"",1199,0,200,0,0,0,0,0,0,0.0015262000000000001,0.0031987000000000001,1,1,28273.704878136723,35018.021862273541,0,7.6360883676077552e-10,0,9.8999787613589153e-09,9.9994867205858387e-07,9.9994867205858387e-07,0.00057815001237927646,0.055295569356482367,61.28105357384495,1.2328902585901779e-05,2.844929329389378,166557.20911666448,1150,0,0,0,0,0,0,0,0,0,0,-0.072876730331788264,0,0,"R_double_S_031","R_double","Shared"
"P06","S",32,1,1,1200,"",1199,0,200,0,0,0,0,0,0,0.0015324,0.0036121,1,1,28243.371340379963,34969.262316242857,0,7.6218394137723517e-10,0,9.8968445546218569e-09,9.9978958665744841e-07,9.9978958665744841e-07,0.00057786824099421324,0.055966215910651748,61.950167048119432,1.260226066251486e-05,2.8483868650943185,163307.37383758213,1150,0,0,0,0,0,0,0,0,0,0,-0.072189268792308359,0,0,"R_double_S_032","R_double","Shared"
"P06","S",33,1,1,1200,"",1199,0,200,0,0,0,0,0,0,0.0015387999999999999,0.0035699999999999998,1,1,27999.763301446183,34914.628519031219,0,7.6233544905956241e-10,0,9.8981902872626459e-09,9.9985789612442797e-07,9.9985789612442797e-07,0.00057827643615085986,0.055310876766114653,61.35878546338013,1.2348831277174074e-05,2.8443418161384617,166394.39327717561,1150,0,0,0,0,0,0,0,0,0,0,-0.065828631563820988,0,0,"R_double_S_033","R_double","Shared"
"P06","S",34,1,1,1200,"",1199,0,200,0,0,0,0,0,0,0.0015283,0.0026867000000000002,1,1,28324.346042040997,34953.272095278342,0,7.5701119159738987e-10,0,9.8883443596925008e-09,9.9935800997969922e-07,9.9935800997969922e-07,0.0005779445710516226,0.055506993264189883,61.430870519123815,1.3237758790024203e-05,2.8499815289749648,155396.71886793489,1150,0,0,0,0,0,0,0,0,0,0,-0.07054748118858753,0,0,"R_double_S_034","R_double","Shared"
"P06","S",35,1,1,1200,"",1199,0,200,0,0,0,0,0,0,0.00152855,0.0035184000000000001,1,1,28298.773959122911,35155.123424633479,0,7.6181727742007624e-10,0,9.9002839331233248e-09,9.9996416057025134e-07,9.9996416057025134e-07,0.00057804052807738178,0.055533482403657367,61.685460313593488,1.2880422760594163e-05,2.8479092393527492,159718.43841419835,1150,0,0,0,0,0,0,0,0,0,0,-0.059870526121097944,0,0,"R_double_S_035","R_double","Shared"
"P06","S",36,1,1,1200,"",1199,0,200,0,0,0,0,0,0,0.0015282,0.0030931999999999999,1,1,28316.642263874674,35222.208484601746,0,7.5816158697553108e-10,0,9.8981003385180516e-09,9.9985333046429842e-07,9.9985333046429842e-07,0.00057798929055485687,0.055589252050745372,61.722770806323688,1.4649804689587331e-05,2.8500163591925443,140427.28378827669,1150,0,0,0,0,0,0,0,0,0,0,-0.073276948090672617,0,0,"R_double_S_036","R_double","Shared"
"P06","S",37,1,1,1200,"",1199,0,200,0,0,0,0,0,0,0.0015247500000000001,0.0029949999999999998,1,1,28157.802971900364,35116.881912114528,0,7.6250468490932145e-10,0,9.8916151578826482e-09,9.9952409851479431e-07,9.9952409851479431e-07,0.00057820390522970685,0.055425121211234649,61.529493374214667,1.0795726787008473e-05,2.8472212241253532,190659.31734224752,1150,0,0,0,0,0,0,0,0,0,0,-0.063263146144657723,0,0,"R_double_S_037","R_double","Shared"
"P06","S",38,1,1,1200,"",1199,0,200,0,0,0,0,0,0,0.0015242999999999999,0.0029061999999999998,1,1,28475.666882371646,35065.766104333852,0,7.5803526249341424e-10,0,9.880896382524669e-09,9.9897970610857645e-07,9.9897970610857645e-07,0.00057820092789704312,0.055237719335329893,61.328200564325769,1.3435113457513007e-05,2.8503353135535789,152693.60071447774,1150,0,0,0,0,0,0,0,0,0,0,-0.061300323274869006,0,0,"R_double_S_038","R_double","Shared"
"P06","S",39,1,1,1200,"",1199,0,200,0,0,0,0,0,0,0.0015254000000000001,0.0029331000000000001,1,1,28227.347730032616,35079.787345772158,0,7.6102695690494834e-10,0,9.8976162711745991e-09,9.9982875959678106e-07,9.9982875959678106e-07,0.00057822343958300064,0.055164784845392174,61.381503788407251,1.2242387987822462e-05,2.8447353191971607,167928.86754356109,1150,0,0,0,0,0,0,0,0,0,0,-0.05757967637107958,0,0,"R_double_S_039","R_double","Shared"
"P06","S",40,1,1,1200,"",1199,0,200,0,0,0,0,0,0,0.00152315,0.002908,1,1,28189.902878230587,35256.250035552097,0,7.6425767297662936e-10,0,9.8999378307671956e-09,9.9994659467297232e-07,9.9994659467297232e-07,0.00057811557154817546,0.05550904651089951,61.429192048000829,9.7922550024409741e-06,2.8476209861144057,210194.98007218656,1150,0,0,0,0,0,0,0,0,0,0,-0.065349303129549396,0,0,"R_double_S_040","R_double","Shared"
"P06","W",0,0,1,1200,"",1199,0,200,0,0,0,0,0,0,0.0014843999999999999,0.0035320999999999998,1,1,35842.458777045016,50111.894943686762,0,2.8101355524302025e-10,0,9.8764308130847998e-09,9.9875284762995177e-07,9.9806685658072777e-07,0.00063896457079528105,0.057895051842766429,49.932361899484498,7.6662873263536096e-16,2.6967940078016253,2131000337362696.5,1150,0,0,0,0,0,0,0,0,0,0,-0.12543679425249304,0,0,"R_double_W_000","R_double","Incorrectly shared"
"P06","W",1,1,1,1200,"",1199,0,200,0,0,0,0,0,0,0.0015116999999999999,0.0028969999999999998,1,1,35406.674777787543,49180.116874968458,0,2.7692220124379953e-10,0,9.7480283215207677e-09,9.9220711048475967e-07,9.9126846766980783e-07,0.0006389905089922343,0.058450335392013261,49.950855021433512,2.9953412372314304e-05,2.6996664707835367,71540.028438419991,1150,0,0,0,0,0,0,0,0,0,0,-0.12395034325229881,0,0,"R_double_W_001","R_double","Incorrectly shared"
"P06","W",2,1,1,1200,"",1199,0,200,0,0,0,0,0,0,0.00152455,0.0034600999999999998,1,1,35895.336374018108,50270.930075668832,0,4.2827798100092296e-10,0,9.7985503124156943e-09,9.9478766994556219e-07,9.9478766994556219e-07,0.00063898097036118521,0.057517550321556629,49.398139289184137,2.007975350541992e-05,2.69852732274102,96050.791014925737,1150,0,0,0,0,0,0,0,0,0,0,-0.14124548080715471,0,0,"R_double_W_002","R_double","Incorrectly shared"
"P06","W",3,1,1,1200,"",1199,0,200,0,0,0,0,0,0,0.0015086499999999998,0.0028341999999999998,1,1,35764.650020605848,49999.297228369673,0,2.548563755600074e-10,0,9.5658731640150083e-09,9.8284747753660881e-07,9.8189755171417751e-07,0.0006388913405859564,0.058088634143951254,49.804223127061555,2.1723260786241054e-05,2.6980407062761484,104478.15935166327,1150,0,0,0,0,0,0,0,0,0,0,-0.11570185496384172,0,0,"R_double_W_003","R_double","Incorrectly shared"
"P06","W",4,1,1,1200,"",1199,0,200,0,0,0,0,0,0,0.0014984500000000001,0.0027089000000000002,1,1,35552.28654418014,49962.504823710682,0,3.2368916696672479e-10,0,9.6841721486797026e-09,9.8893594087475644e-07,9.8800048675363123e-07,0.00063896262148247277,0.057600192072334466,49.54544400883578,2.1319748844219154e-05,2.6974642387274512,117603.12876105949,1150,0,0,0,0,0,0,0,0,0,0,-0.13446745642680602,0,0,"R_double_W_004","R_double","Incorrectly shared"
"P06","W",5,1,1,1200,"",1199,0,200,0,0,0,0,0,0,0.0015311999999999999,0.0042230000000000002,1,1,35876.909075723401,49720.703609616612,0,4.3991591630105746e-10,0,9.7517644131509785e-09,9.9239817081876465e-07,9.9213292509082597e-07,0.00063894330018332785,0.057627765281586328,49.439358477004944,2.6875011296337187e-05,2.6962792946983107,93939.88721517571,1150,0,0,0,0,0,0,0,0,0,0,-0.11556967268638513,0,0,"R_double_W_005","R_double","Incorrectly shared"
"P06","W",6,1,1,1200,"",1199,0,200,0,0,0,0,0,0,0.00150505,0.0039337,1,1,35582.956554044504,49550.296579405061,0,3.0716495800707636e-10,0,9.9002420353853609e-09,9.9996206238960633e-07,9.9905400191430621e-07,0.00063885623404754332,0.057899755381351656,49.517783931597265,2.5107884733687613e-05,2.7005638230234119,76717.68362716143,1150,0,0,0,0,0,0,0,0,0,0,-0.13316095344047421,0,0,"R_double_W_006","R_double","Incorrectly shared"
"P06","W",7,1,1,1200,"",1199,0,200,0,0,0,0,0,0,0.00153115,0.003026,1,1,35514.06391858252,49767.601420142462,0,4.399294379013143e-10,0,9.8257120446966421e-09,9.9617232791857184e-07,9.9617232791857184e-07,0.00063882205067118387,0.057867075625089519,49.598482768909101,2.1547488080242254e-05,2.7039159676916023,89461.95763379235,1150,0,0,0,0,0,0,0,0,0,0,-0.14478045044727594,0,0,"R_double_W_007","R_double","Incorrectly shared"
"P06","W",8,1,1,1200,"",1199,0,200,0,0,0,0,0,0,0.0015269999999999999,0.0033383000000000002,1,1,35576.932513967899,49711.087414569192,0,4.4237370314193511e-10,0,9.8036068159725466e-09,9.9504558552951532e-07,9.9504558552951532e-07,0.00063888340888672724,0.057980244574809825,49.811601416993014,1.9727405578327781e-05,2.6979993326143652,127652.93622361579,1150,0,0,0,0,0,0,0,0,0,0,-0.12519070380272967,0,0,"R_double_W_008","R_double","Incorrectly shared"
"P06","W",9,1,1,1200,"",1199,0,200,0,0,0,0,0,0,0.0015368999999999999,0.0032060000000000001,1,1,35700.627526050652,50012.690270606239,0,2.8156642783120741e-10,0,9.8754925283606704e-09,9.9870516885269745e-07,9.9779544754260963e-07,0.00063885119969870458,0.057916259406668551,49.595759196923034,2.3630942634879349e-05,2.6977009978839481,80903.455279844115,1150,0,0,0,0,0,0,0,0,0,0,-0.14167453145497266,0,0,"R_double_W_009","R_double","Incorrectly shared"
"P06","W",10,1,1,1200,"",1199,0,200,0,0,0,0,0,0,0.0015232499999999999,0.0031324999999999999,1,1,35648.052303900047,49636.732288342791,0,4.4034798913658859e-10,0,9.8247081611165538e-09,9.9612118542453308e-07,9.9612118542453308e-07,0.00063905027133018125,0.057852858031170434,49.58279152097419,2.7986413855450533e-05,2.7022850094228725,83630.121874527918,1150,0,0,0,0,0,0,0,0,0,0,-0.12895148536604809,0,0,"R_double_W_010","R_double","Incorrectly shared"
"P06","W",11,1,1,1200,"",1199,0,200,0,0,0,0,0,0,0.00153425,0.0028911000000000002,1,1,36079.361087328216,50257.735524636017,0,4.346805213556772e-10,0,9.8487430601725276e-09,9.9734495332208309e-07,9.9665836244865394e-07,0.00063898413846638917,0.05802109184162442,49.66368931971698,2.1039537321373064e-05,2.6958167775691839,121900.98470562062,1150,0,0,0,0,0,0,0,0,0,0,-0.11344929629388251,0,0,"R_double_W_011","R_double","Incorrectly shared"
"P06","W",12,1,1,1200,"",1199,0,200,0,0,0,0,0,0,0.0015081000000000001,0.0031770000000000001,1,1,35922.916544244566,50560.074672621064,0,4.4007414930690846e-10,0,9.7901262646581401e-09,9.9435784065804456e-07,9.9435784065804456e-07,0.00063894297666367201,0.05769545890845526,49.247546513295156,2.2380294975620562e-05,2.7022800948471088,94768.864626392213,1150,0,0,0,0,0,0,0,0,0,0,-0.12060204994603291,0,0,"R_double_W_012","R_double","Incorrectly shared"
"P06","W",13,1,1,1200,"",1199,0,200,0,0,0,0,0,0,0.0015208000000000001,0.0041653999999999997,1,1,35726.396773940418,49566.035452876458,0,3.2544257465899082e-10,0,9.5710403325564837e-09,9.8311419085551765e-07,9.8216737883242833e-07,0.00063889612586200616,0.057784563281292209,49.637545256582669,2.0775160153357878e-05,2.7022450704092162,122063.8000564916,1150,0,0,0,0,0,0,0,0,0,0,-0.13912437476796022,0,0,"R_double_W_013","R_double","Incorrectly shared"
"P06","W",14,1,1,1200,"",1199,0,200,0,0,0,0,0,0,0.00170995,0.0053289000000000001,1,1,35601.743007479345,49771.161446709128,0,4.4275432686346502e-10,0,9.8646545909640478e-09,9.9815424960135589e-07,9.9815424960135589e-07,0.00063880549110322102,0.057847801490438874,49.561453273217744,2.552370110978948e-05,2.7041196727399845,83725.935195486032,1150,0,0,0,0,0,0,0,0,0,0,-0.13130455687959763,0,0,"R_double_W_014","R_double","Incorrectly shared"
"P06","W",15,1,1,1200,"",1199,0,200,0,0,0,0,0,0,0.0016705000000000001,0.0063340000000000002,1,1,35502.003956070665,49472.19487144758,0,4.3610578742099775e-10,0,9.8649925238672165e-09,9.9817145933305923e-07,9.9747668036425771e-07,0.00063886367071926164,0.057625149542225113,49.601210592779729,1.8489775843631384e-05,2.6966194551278928,104337.91510749042,1150,0,0,0,0,0,0,0,0,0,0,-0.11918346308447719,0,0,"R_double_W_015","R_double","Incorrectly shared"
"P06","W",16,1,1,1200,"",1199,0,200,0,0,0,0,0,0,0.0016530500000000001,0.0034280000000000001,1,1,35666.516362865914,49969.895818915509,0,4.3341395347400996e-10,0,9.846608675472872e-09,9.9723634075900829e-07,9.9633387560520764e-07,0.0006389499209086501,0.057424884347575811,49.237795597045221,2.6576495454622964e-05,2.6998891543985279,76047.397686945813,1150,0,0,0,0,0,0,0,0,0,0,-0.11844139517319058,0,0,"R_double_W_016","R_double","Incorrectly shared"
"P06","W",17,1,1,1200,"",1199,0,200,0,0,0,0,0,0,0.0015728000000000001,0.0041643000000000001,1,1,35805.370030509017,49707.944122356166,0,3.0036750509165173e-10,0,9.6749057969444812e-09,9.8846036588709681e-07,9.8752148821054898e-07,0.00063895070477072279,0.057903405239841124,49.576126761143584,2.3856997582851161e-05,2.6979929037423385,105128.21823117556,1150,0,0,0,0,0,0,0,0,0,0,-0.119111277401245,0,0,"R_double_W_017","R_double","Incorrectly shared"
"P06","W",18,1,1,1200,"",1199,0,200,0,0,0,0,0,0,0.0015625000000000001,0.0040096999999999997,1,1,35690.189712147447,49836.017144044206,0,4.3686486028797602e-10,0,9.8659315654253759e-09,9.9821920174680472e-07,9.9752700505473506e-07,0.00063903567576003011,0.058096648530210716,49.711339094882362,2.2654700265896773e-05,2.7030627839700654,110679.42724953512,1150,0,0,0,0,0,0,0,0,0,0,-0.13043633736055499,0,0,"R_double_W_018","R_double","Incorrectly shared"
"P06","W",19,1,1,1200,"",1199,0,200,0,0,0,0,0,0,0.0015711,0.0028379999999999998,1,1,35423.359019821095,49942.367387259037,0,4.3278598783124062e-10,0,9.7467631668498702e-09,9.9214237559319547e-07,9.9214237559319547e-07,0.00063891543538577647,0.057801684574225867,49.56451018625215,2.0342342979156133e-05,2.6990027395139862,97864.295085276899,1150,0,0,0,0,0,0,0,0,0,0,-0.11830651752718097,0,0,"R_double_W_019","R_double","Incorrectly shared"
"P06","W",20,1,1,1200,"",1199,0,200,0,0,0,0,0,0,0.0015264499999999999,0.0029754999999999998,1,1,35838.326162071666,49998.793836564102,0,3.0340383738955251e-10,0,9.5596683709316882e-09,9.8252711096338139e-07,9.8158341805173491e-07,0.00063891041526890262,0.057992592828086137,49.685901672057845,2.9447171819127764e-05,2.6993021145070069,73403.437134598164,1150,0,0,0,0,0,0,0,0,0,0,-0.12079075078585574,0,0,"R_double_W_020","R_double","Incorrectly shared"
"P06","W",21,1,1,1200,"",1199,0,200,0,0,0,0,0,0,0.00155835,0.0033933000000000001,1,1,35298.373699120741,49917.870318816102,0,3.260989976575801e-10,0,9.6520535296334657e-09,9.8728655910984038e-07,9.8634324733563517e-07,0.00063885819790191433,0.057422931003270936,49.106643177357981,3.0944002920559879e-05,2.699180991438467,82134.241514637208,1150,0,0,0,0,0,0,0,0,0,0,-0.12566974808175657,0,0,"R_double_W_021","R_double","Incorrectly shared"
"P06","W",22,1,1,1200,"",1199,0,200,0,0,0,0,0,0,0.0015178499999999998,0.0046816999999999996,1,1,35671.741552932843,49732.647849127497,0,4.4811489381080426e-10,0,9.8506752486305924e-09,9.9744326674527592e-07,9.9653428680119806e-07,0.00063894982203478875,0.058024054019175181,49.674936741575735,2.7017323878444953e-05,2.6988235854789977,86974.260454949574,1150,0,0,0,0,0,0,0,0,0,0,-0.12918605826022325,0,0,"R_double_W_022","R_double","Incorrectly shared"
"P06","W",23,1,1,1200,"",1199,0,200,0,0,0,0,0,0,0.00159195,0.0040217999999999999,1,1,35504.318522482223,49974.011564687797,0,4.3935657585090613e-10,0,9.8985690516338825e-09,9.9987712139677614e-07,9.9987712139677614e-07,0.00063878149287029248,0.057979460525218449,49.752048411315855,1.7195654902767921e-05,2.7008312999618123,111313.88702721601,1150,0,0,0,0,0,0,0,0,0,0,-0.12407686864102188,0,0,"R_double_W_023","R_double","Incorrectly shared"
"P06","W",24,1,1,1200,"",1199,0,200,0,0,0,0,0,0,0.0015202,0.0033827000000000002,1,1,35714.521731579371,50108.579113260828,0,4.3301361925191469e-10,0,9.8911408254461677e-09,9.995000422087939e-07,9.985910313561488e-07,0.00063889073875599391,0.057413117954876788,49.300344294809598,2.3520630961613447e-05,2.7018494634260635,91739.430610171359,1150,0,0,0,0,0,0,0,0,0,0,-0.14673533538381212,0,0,"R_double_W_024","R_double","Incorrectly shared"
"P06","W",25,1,1,1200,"",1199,0,200,0,0,0,0,0,0,0.0015332,0.0027404,1,1,35518.999135829537,49735.044055501996,0,3.1667899421330218e-10,0,9.7345325709778858e-09,9.9151664787642974e-07,9.9057114820691177e-07,0.00063877239166153471,0.058283474316671489,49.821886755714317,2.9611232440441784e-05,2.704533268347971,84521.702967069257,1150,0,0,0,0,0,0,0,0,0,0,-0.13141912712890935,0,0,"R_double_W_025","R_double","Incorrectly shared"
"P06","W",26,1,1,1200,"",1199,0,200,0,0,0,0,0,0,0.00152695,0.003006,1,1,35664.868467888082,49561.90781140203,0,4.4138189208350875e-10,0,9.8502203677601886e-09,9.9742009429531721e-07,9.9742009429531721e-07,0.00063894621508403461,0.058520170144964745,49.864914750766758,2.7835162772680622e-05,2.698803865045591,91245.048007578691,1150,0,0,0,0,0,0,0,0,0,0,-0.14179250102701563,0,0,"R_double_W_026","R_double","Incorrectly shared"
"P06","W",27,1,1,1200,"",1199,0,200,0,0,0,0,0,0,0.00153235,0.0033189000000000001,1,1,35774.096045479484,49871.590028553153,0,3.2166267908386056e-10,0,9.8408662452311613e-09,9.9694406737064257e-07,9.9601872872212485e-07,0.00063874840977572774,0.05802873405672989,49.807530179469659,2.3174305868843483e-05,2.7011583036300175,115179.40090149302,1150,0,0,0,0,0,0,0,0,0,0,-0.11785950193977035,0,0,"R_double_W_027","R_double","Incorrectly shared"
"P06","W",28,1,1,1200,"",1199,0,200,0,0,0,0,0,0,0.0016166499999999999,0.0078930000000000007,1,1,35696.131209575731,49585.085453238789,0,4.4097734878548648e-10,0,9.8913735087653143e-09,9.9951185692392082e-07,9.985956509629951e-07,0.00063891697661968422,0.05788153092933826,49.472520425493599,3.4471107984242454e-05,2.6959391111433866,70609.571737950508,1150,0,0,0,0,0,0,0,0,0,0,-0.1147408712294426,0,0,"R_double_W_028","R_double","Incorrectly shared"
"P06","W",29,1,1,1200,"",1199,0,200,0,0,0,0,0,0,0.0015731,0.004764,1,1,35554.820904629712,49423.833399869523,0,3.246072337415888e-10,0,9.8677628189591102e-09,9.9831229925459087e-07,9.9740377340344073e-07,0.00063889032047622816,0.058184351797309866,49.906484535061487,2.270310481878446e-05,2.6976853447700186,101466.38732620908,1150,0,0,0,0,0,0,0,0,0,0,-0.12758440849685254,0,0,"R_double_W_029","R_double","Incorrectly shared"
"P06","W",30,1,1,1200,"",1199,0,200,0,0,0,0,0,0,0.0016493499999999999,0.0074184999999999997,1,1,35512.569964201321,49749.784756486195,0,3.0982137960741265e-10,0,9.8181081712783043e-09,9.9578491486054902e-07,9.9484992479151484e-07,0.00063887310628611802,0.057893097727252429,49.789998279857301,2.267020330362331e-05,2.7020250733854527,111854.15499673401,1150,0,0,0,0,0,0,0,0,0,0,-0.10423130942511954,0,0,"R_double_W_030","R_double","Incorrectly shared"
"P06","W",31,1,1,1200,"",1199,0,200,0,0,0,0,0,0,0.0020622000000000001,0.012021,1,1,35678.680204840421,49891.978746033135,0,4.4035288391724572e-10,0,9.829503319816056e-09,9.9636544976118259e-07,9.9636544976118259e-07,0.00063882454120701461,0.05762568779893075,49.556026559460818,2.9195305993494521e-05,2.6988109121110573,82727.429074055995,1150,0,0,0,0,0,0,0,0,0,0,-0.13614403644491541,0,0,"R_double_W_031","R_double","Incorrectly shared"
"P06","W",32,1,1,1200,"",1199,0,200,0,0,0,0,0,0,0.0020056499999999999,0.0064624000000000001,1,1,35730.21153416649,49802.450618020441,0,3.2696624211050993e-10,0,9.7932982493275455e-09,9.9451973768965305e-07,9.935846859310253e-07,0.00063892332553772461,0.058192780809371583,49.823776044546577,2.4061436515313464e-05,2.7013789652282996,104431.10769861531,1150,0,0,0,0,0,0,0,0,0,0,-0.13337988371222742,0,0,"R_double_W_032","R_double","Incorrectly shared"
"P06","W",33,1,1,1200,"",1199,0,200,0,0,0,0,0,0,0.0018819499999999999,0.0059083,1,1,35506.277660606844,49960.023631313277,0,2.8883882069165195e-10,0,9.8914075462881651e-09,9.9951358520469225e-07,9.9860160560638819e-07,0.00063892900249011141,0.057742486873937002,49.551150151971676,2.8159508356606308e-05,2.7005917103294754,84032.634364569371,1150,0,0,0,0,0,0,0,0,0,0,-0.12328583880873331,0,0,"R_double_W_033","R_double","Incorrectly shared"
"P06","W",34,1,1,1200,"",1199,0,200,0,0,0,0,0,0,0.0017732500000000001,0.0072876,1,1,35912.448948259058,49955.495228974229,0,4.4338256626882364e-10,0,9.8319041684670256e-09,9.9648775436418325e-07,9.9556270292672928e-07,0.00063885490317804592,0.057677817518339308,49.477476740724541,2.6176335442860339e-05,2.7030034332072206,77269.232346004559,1150,0,0,0,0,0,0,0,0,0,0,-0.13316329001435359,0,0,"R_double_W_034","R_double","Incorrectly shared"
"P06","W",35,1,1,1200,"",1199,0,200,0,0,0,0,0,0,0.0015090500000000001,0.0027323,1,1,35700.788927592672,49662.889164340624,0,3.1961058146842498e-10,0,9.7727586195556118e-09,9.9347112216173814e-07,9.9253765585740712e-07,0.00063887344188370864,0.057903056836297512,49.741167843408761,2.7098182609921573e-05,2.7024058441885344,93198.991844317192,1150,0,0,0,0,0,0,0,0,0,0,-0.11334618752027736,0,0,"R_double_W_035","R_double","Incorrectly shared"
"P06","W",36,1,1,1200,"",1199,0,200,0,0,0,0,0,0,0.0015761500000000001,0.0034769000000000002,1,1,35820.367183276117,49496.947642224848,0,3.2543101260456002e-10,0,9.7545654761237037e-09,9.9254139086695837e-07,9.9160731739504635e-07,0.00063881346989370057,0.057805142362750965,49.564467108794169,2.2832729494406641e-05,2.7027020094999434,105024.36574728148,1150,0,0,0,0,0,0,0,0,0,0,-0.13660596566247563,0,0,"R_double_W_036","R_double","Incorrectly shared"
"P06","W",37,1,1,1200,"",1199,0,200,0,0,0,0,0,0,0.0015221499999999999,0.0039573999999999998,1,1,35588.49341648526,50065.09847919162,0,4.3370936887754525e-10,0,9.8969262207166149e-09,9.9979376037064358e-07,9.9910032340663034e-07,0.00063897366332901892,0.057793312090838878,49.567216362914081,1.8803324034094996e-05,2.7009394236934354,134092.05939803363,1150,0,0,0,0,0,0,0,0,0,0,-0.11937060458457638,0,0,"R_double_W_037","R_double","Incorrectly shared"
"P06","W",38,1,1,1200,"",1199,0,200,0,0,0,0,0,0,0.00152305,0.0035945999999999999,1,1,35817.152634098835,49724.728919614427,0,3.1690088887320516e-10,0,9.7650672558935816e-09,9.9307817205222623e-07,9.9214946962005986e-07,0.00063892546602883026,0.057584567506779309,49.503703108269974,2.5763645244433937e-05,2.6958944587024321,101595.68847957873,1150,0,0,0,0,0,0,0,0,0,0,-0.11825476716532762,0,0,"R_double_W_038","R_double","Incorrectly shared"
"P06","W",39,1,1,1200,"",1199,0,200,0,0,0,0,0,0,0.0015129499999999999,0.0026825,1,1,35704.809784546975,49723.40758287545,0,3.0627828111954309e-10,0,9.8354587775787011e-09,9.966687654375442e-07,9.9576009002525442e-07,0.00063889583202723563,0.057340821105559048,49.544041643786969,2.2000672923026864e-05,2.6991751254430718,114213.47815566302,1150,0,0,0,0,0,0,0,0,0,0,-0.11191327775929294,0,0,"R_double_W_039","R_double","Incorrectly shared"
"P06","W",40,1,1,1200,"",1199,0,200,0,0,0,0,0,0,0.0015630499999999999,0.0047134000000000004,1,1,35567.259829384115,49760.869176568871,0,3.1194425325008922e-10,0,9.8497452526175961e-09,9.9739594795238477e-07,9.9670573839345801e-07,0.00063882633506816592,0.058066861907212886,49.703934297125386,2.8216947470047313e-05,2.7016430140711392,85751.53449999413,1150,0,0,0,0,0,0,0,0,0,0,-0.12461326536389788,0,0,"R_double_W_040","R_double","Incorrectly shared"
"P06","A",0,0,1,1200,"",1199,0,200,0,0,0,0,0,0,0.0015198999999999998,0.0041288000000000002,1,1,58417.234192170625,61143.707639197237,0,4.5402362692978716e-10,0,9.7299697622358405e-09,9.9128307286485277e-07,9.9128307286485277e-07,0.00061159077284268001,0.056386897807148534,56.065903440014218,-5.8464966658979829e-16,2.7639976946403251,6.1514337105713295e+18,1150,0,0,0,0,0,0,0,0,0,0,-0.10016118033647597,0,0,"R_half_A_000","R_half","Affine"
"P06","A",1,1,1,1200,"",1199,0,200,0,0,0,0,0,0,0.0014853000000000002,0.0037591999999999999,1,1,57753.844059427342,60295.168120700815,0,5.1764061643419411e-10,0,9.898695509639553e-09,9.9988354005457259e-07,9.9988354005457259e-07,0.00061162363862252167,0.056796762393882698,55.917481282409057,4.5877392227777284e-05,2.7643522240115597,53384.76333529572,1150,0,0,0,0,0,0,0,0,0,0,-0.10134937770995209,0,0,"R_half_A_001","R_half","Affine"
"P06","A",2,1,1,1200,"",1199,0,200,0,0,0,0,0,0,0.0014994000000000001,0.0033535000000000001,1,1,58316.429256579322,60881.237113236828,0,5.2347670070884179e-10,0,9.8957942376585607e-09,9.9973626931251524e-07,9.9973626931251524e-07,0.00061151104154629605,0.056132399032580806,55.421634518744774,3.7293426518402909e-05,2.7659763962334605,50124.827863552149,1150,0,0,0,0,0,0,0,0,0,0,-0.1142169004401723,0,0,"R_half_A_002","R_half","Affine"
"P06","A",3,1,1,1200,"",1199,0,200,0,0,0,0,0,0,0.0014872499999999999,0.0041583000000000002,1,1,58052.232151992706,60605.727605354288,0,5.2579217025166303e-10,0,9.8763827498276774e-09,9.9875037721126713e-07,9.9875037721126713e-07,0.00061147407798791981,0.056559127016384589,55.875364581301135,3.2483806237248669e-05,2.7645245379145358,84204.937415994718,1150,0,0,0,0,0,0,0,0,0,0,-0.088020240857705545,0,0,"R_half_A_003","R_half","Affine"
"P06","A",4,1,1,1200,"",1199,0,200,0,0,0,0,0,0,0.0014950499999999999,0.0069300999999999998,1,1,57760.346560753394,60362.136992827138,0,5.0784555908144977e-10,0,9.8981640286233027e-09,9.9985656327833506e-07,9.9985656327833506e-07,0.00061168566827718332,0.056095091970597102,55.524632013988388,4.0276752480841267e-05,2.7632308872997302,66668.319764240005,1150,0,0,0,0,0,0,0,0,0,0,-0.10851041803468703,0,0,"R_half_A_004","R_half","Affine"
"P06","A",5,1,1,1200,"",1199,0,200,0,0,0,0,0,0,0.001474,0.0040466,1,1,58132.680672458708,60647.79440043425,0,5.3225997954224072e-10,0,9.8969724826702638e-09,9.997960804903818e-07,9.997960804903818e-07,0.00061158506846983472,0.056105677412623567,55.320129285079304,3.0085822824998411e-05,2.7633574943019537,74977.972708025074,1150,0,0,0,0,0,0,0,0,0,0,-0.092866122629387149,0,0,"R_half_A_005","R_half","Affine"
"P06","A",6,1,1,1200,"",1199,0,200,0,0,0,0,0,0,0.0015172499999999999,0.0042009999999999999,1,1,57963.312741165719,60439.238756686223,0,5.1274655000492209e-10,0,9.8848486477563316e-09,9.9918047043448533e-07,9.9918047043448533e-07,0.00061138349235671417,0.056357004874886707,55.467724579597551,5.0416674488149347e-05,2.766932333620117,52473.363236033401,1150,0,0,0,0,0,0,0,0,0,0,-0.10705131734774426,0,0,"R_half_A_006","R_half","Affine"
"P06","A",7,1,1,1200,"",1199,0,200,0,0,0,0,0,0,0.0015091000000000002,0.0068896000000000001,1,1,57828.906395594269,60180.429971882229,0,5.2699237953639392e-10,0,9.8725386448594326e-09,9.9855502480200337e-07,9.9855502480200337e-07,0.00061138959602753532,0.056332296961807887,55.564133703348375,4.7374497442657728e-05,2.769853723165105,52991.001026718535,1150,0,0,0,0,0,0,0,0,0,0,-0.12289491084151685,0,0,"R_half_A_007","R_half","Affine"
"P06","A",8,1,1,1200,"",1199,0,200,0,0,0,0,0,0,0.0015348,0.0038357,1,1,57761.980756067496,60229.95967263636,0,5.2006261317099378e-10,0,9.8922125566911393e-09,9.9955443101549489e-07,9.9955443101549489e-07,0.00061154530566915862,0.056412621011517977,55.925025030796391,3.9963169096237436e-05,2.7636601034148072,59852.435535564378,1150,0,0,0,0,0,0,0,0,0,0,-0.099327977611849416,0,0,"R_half_A_008","R_half","Affine"
"P06","A",9,1,1,1200,"",1199,0,200,0,0,0,0,0,0,0.00154565,0.0051468,1,1,58143.203600726221,60498.896718892647,0,5.2416635813708429e-10,0,9.8980684275223692e-09,9.9985171070623776e-07,9.9985171070623776e-07,0.00061145533323002865,0.056264282348658393,55.480389020295604,5.0375360192952685e-05,2.7645985903423824,41953.02493469412,1150,0,0,0,0,0,0,0,0,0,0,-0.11356817502771657,0,0,"R_half_A_009","R_half","Affine"
"P06","A",10,1,1,1200,"",1199,0,200,0,0,0,0,0,0,0.0015173999999999999,0.0050524000000000003,1,1,57834.393390559679,60422.495218845099,0,5.1831922108677756e-10,0,9.8943961296570633e-09,9.9966529266973034e-07,9.9966529266973034e-07,0.00061161007854918176,0.056444487415440975,55.758870496501601,4.9939184046869783e-05,2.7678656856101531,45252.593015931328,1150,0,0,0,0,0,0,0,0,0,0,-0.10429447050417096,0,0,"R_half_A_010","R_half","Affine"
"P06","A",11,1,1,1200,"",1199,0,200,0,0,0,0,0,0,0.001585,0.0049145999999999999,1,1,58551.415298665321,61098.134161812071,0,5.3189802692900327e-10,0,9.8960501129530206e-09,9.9974925859374394e-07,9.9974925859374394e-07,0.00061157803732176947,0.056564891900262954,55.637643161564988,3.9560920335331681e-05,2.7636309001174144,69094.977737433219,1150,0,0,0,0,0,0,0,0,0,0,-0.091868385881385073,0,0,"R_half_A_011","R_half","Affine"
"P06","A",12,1,1,1200,"",1199,0,200,0,0,0,0,0,0,0.0015417,0.0041238999999999998,1,1,58524.911217250701,60925.269432377318,0,5.2590415262934267e-10,0,9.8960723893920518e-09,9.9975038942944642e-07,9.9975038942944642e-07,0.00061161456979825818,0.056153929506260525,55.230257944393784,4.8953829941777619e-05,2.7685347151286206,54135.650499388736,1150,0,0,0,0,0,0,0,0,0,0,-0.08724088774494837,0,0,"R_half_A_012","R_half","Affine"
"P06","A",13,1,1,1200,"",1199,0,200,0,0,0,0,0,0,0.00155675,0.0046963999999999999,1,1,58054.118171451919,60582.599912583166,0,5.2648727186781854e-10,0,9.8652585942906165e-09,9.9818495889967487e-07,9.9818495889967487e-07,0.00061142396044357725,0.0563452164211211,55.752481094063462,4.0773882198241824e-05,2.7684507345807399,66224.772982414564,1150,0,0,0,0,0,0,0,0,0,0,-0.1134612603511575,0,0,"R_half_A_013","R_half","Affine"
"P06","A",14,1,1,1200,"",1199,0,200,0,0,0,0,0,0,0.0015195500000000002,0.0035108000000000001,1,1,58072.633504555386,60539.758009864345,0,5.2240914884771062e-10,0,9.8887981769853243e-09,9.9938105608625528e-07,9.9938105608625528e-07,0.00061132997697553571,0.056321891123006972,55.522065189473047,4.1873891336141855e-05,2.7696486922690617,53548.943019280588,1150,0,0,0,0,0,0,0,0,0,0,-0.10376345134672688,0,0,"R_half_A_014","R_half","Affine"
"P06","A",15,1,1,1200,"",1199,0,200,0,0,0,0,0,0,0.00151745,0.0034439000000000002,1,1,57950.935102296229,60539.451762629316,0,5.2036847496893292e-10,0,9.898828857908433e-09,9.9989030839906321e-07,9.9989030839906321e-07,0.00061144314284024683,0.056114997315527437,55.544770722166696,3.6240002986208284e-05,2.762935956553072,56324.259429786231,1150,0,0,0,0,0,0,0,0,0,0,-0.094643650853937111,0,0,"R_half_A_015","R_half","Affine"
"P06","A",16,1,1,1200,"",1199,0,200,0,0,0,0,0,0,0.0015370499999999999,0.0052469999999999999,1,1,58026.56400297831,60588.374900076888,0,5.2830128088330589e-10,0,9.8989695931747988e-09,9.9989745163567696e-07,9.9989745163567696e-07,0.00061160812563085319,0.055877112801593562,55.187718855555133,5.0584658487667993e-05,2.7659685986256126,51545.697194370121,1150,0,0,0,0,0,0,0,0,0,0,-0.092912654859473476,0,0,"R_half_A_016","R_half","Affine"
"P06","A",17,1,1,1200,"",1199,0,200,0,0,0,0,0,0,0.00146645,0.0029734000000000002,1,1,58184.077630264132,60600.405644383849,0,5.2300579477116547e-10,0,9.8919442502472755e-09,9.9954080805832958e-07,9.9954080805832958e-07,0.00061158016294387424,0.056400170614143166,55.49916524986461,4.5754043238543201e-05,2.7644160685176487,49065.9842057852,1150,0,0,0,0,0,0,0,0,0,0,-0.099615596463654393,0,0,"R_half_A_017","R_half","Affine"
"P06","A",18,1,1,1200,"",1199,0,200,0,0,0,0,0,0,0.0015076499999999999,0.0045028999999999998,1,1,57985.223616277588,60625.133899744171,0,5.2236075479353199e-10,0,9.8821519016738455e-09,9.9904348737480252e-07,9.9904348737480252e-07,0.00061159006426884422,0.056548558988593026,55.818529943818717,4.572537078952563e-05,2.7683324140399481,54927.345778354895,1150,0,0,0,0,0,0,0,0,0,0,-0.10140459551624487,0,0,"R_half_A_018","R_half","Affine"
"P06","A",19,1,1,1200,"",1199,0,200,0,0,0,0,0,0,0.0014908499999999999,0.0034095000000000002,1,1,57856.059973516909,60371.277523260374,0,5.1865063891042562e-10,0,9.882463988759323e-09,9.9905934099831598e-07,9.9905934099831598e-07,0.0006115348735359705,0.05629597241243503,55.612884001086968,3.337880977208667e-05,2.7634604193968579,72858.266263725396,1150,0,0,0,0,0,0,0,0,0,0,-0.094675541178788292,0,0,"R_half_A_019","R_half","Affine"
"P06","A",20,1,1,1200,"",1199,0,200,0,0,0,0,0,0,0.0014976,0.0042015000000000004,1,1,58321.963468359158,60820.810656408132,0,5.3112761548624264e-10,0,9.8884742500020286e-09,9.9936460622499064e-07,9.9936460622499064e-07,0.00061153706706182722,0.056534924662665277,55.735213446954319,5.3140682979300606e-05,2.7660809670170199,42983.555337020123,1150,0,0,0,0,0,0,0,0,0,0,-0.099430582598185935,0,0,"R_half_A_020","R_half","Affine"
"P06","A",21,1,1,1200,"",1199,0,200,0,0,0,0,0,0,0.0015351,0.0044034,1,1,57562.181233659852,60028.692765651635,0,5.1382987081006357e-10,0,9.8933689300992742e-09,9.9961314247855557e-07,9.9961314247855557e-07,0.00061148876451962912,0.055859730747404947,54.960441662038292,5.0684978828466297e-05,2.7642562181913752,51443.009282116269,1150,0,0,0,0,0,0,0,0,0,0,-0.10001486652247332,0,0,"R_half_A_021","R_half","Affine"
"P06","A",22,1,1,1200,"",1199,0,200,0,0,0,0,0,0,0.0015303000000000001,0.0047448000000000004,1,1,58042.221979966926,60649.5611752681,0,5.2049145584319245e-10,0,9.8958101304218521e-09,9.9973707609931881e-07,9.9973707609931881e-07,0.00061147281734050978,0.056468897879235425,55.620480090689355,5.246984552217633e-05,2.765135054445,47452.574072292489,1150,0,0,0,0,0,0,0,0,0,0,-0.10425907417498889,0,0,"R_half_A_022","R_half","Affine"
"P06","A",23,1,1,1200,"",1199,0,200,0,0,0,0,0,0,0.0015425999999999999,0.0031863999999999998,1,1,57889.022995654079,60383.120059982321,0,5.2877375991588672e-10,0,9.8989280117068044e-09,9.9989534110904182e-07,9.9989534110904182e-07,0.00061136747419196123,0.056376311831454126,55.709597045967463,4.104259334731493e-05,2.7659821835007787,53932.848910500354,1150,0,0,0,0,0,0,0,0,0,0,-0.10173368535555904,0,0,"R_half_A_023","R_half","Affine"
"P06","A",24,1,1,1200,"",1199,0,200,0,0,0,0,0,0,0.0015042499999999999,0.0030108000000000001,1,1,58116.29573735562,60582.558909389496,0,5.2796050968627459e-10,0,9.9492487037563216e-09,9.9933470088682612e-07,9.9933470088682612e-07,0.00061140368169401336,0.055958538725457051,55.266698452097316,4.0181217703296898e-05,2.7684369138391447,67520.008105280474,1150,0,0,0,0,0,0,0,0,0,0,-0.11530132046832836,0,0,"R_half_A_024","R_half","Affine"
"P06","A",25,1,1,1200,"",1199,0,200,0,0,0,0,0,0,0.0014584000000000001,0.0029328000000000002,1,1,57697.811154195471,60099.205812256987,0,5.2748756412870907e-10,0,9.8939536294956402e-09,9.9964282757978342e-07,9.9964282757978342e-07,0.00061123876478113247,0.056647274698482832,55.872620735820796,4.8809365543660526e-05,2.7696158517405665,51172.720700357684,1150,0,0,0,0,0,0,0,0,0,0,-0.11201837226600353,0,0,"R_half_A_025","R_half","Affine"
"P06","A",26,1,1,1200,"",1199,0,200,0,0,0,0,0,0,0.0014864000000000001,0.0042956000000000001,1,1,57950.795578618083,60508.528667049904,0,5.286389633674449e-10,0,9.8469857042353145e-09,9.9725549939297522e-07,9.9725549939297522e-07,0.00061148326854887987,0.056976405750436998,55.967057994560875,4.371029784678194e-05,2.7665474089730635,58722.276074237954,1150,0,0,0,0,0,0,0,0,0,0,-0.11213135732097962,0,0,"R_half_A_026","R_half","Affine"
"P06","A",27,1,1,1200,"",1199,0,200,0,0,0,0,0,0,0.0014659,0.0037607999999999999,1,1,58179.625822113419,60817.203096115896,0,5.2850722627022807e-10,0,9.8909920423340249e-09,9.994924592985719e-07,9.994924592985719e-07,0.00061120515888325147,0.05651842608604507,55.874303995820036,4.1320514757609717e-05,2.7675652829038073,66734.732239098768,1150,0,0,0,0,0,0,0,0,0,0,-0.092008671862238156,0,0,"R_half_A_027","R_half","Affine"
"P06","A",28,1,1,1200,"",1199,0,200,0,0,0,0,0,0,0.00146765,0.0030314000000000001,1,1,58057.142282947643,60545.750935245131,0,5.3287327882185469e-10,0,9.8956378765404962e-09,9.9972833169789575e-07,9.9972833169789575e-07,0.00061150620750593295,0.056391870162621954,55.502934426320131,4.0811284409028134e-05,2.7632306280746248,67338.536915305784,1150,0,0,0,0,0,0,0,0,0,0,-0.09122330455246741,0,0,"R_half_A_028","R_half","Affine"
"P06","A",29,1,1,1200,"",1199,0,200,0,0,0,0,0,0,0.0014959000000000001,0.0034053,1,1,57899.630974350643,60382.463001148652,0,5.2515184994770033e-10,0,9.8696813316263633e-09,9.9840979546590317e-07,9.9840979546590317e-07,0.0006114977914326087,0.05658639996731217,55.930553731257675,3.4794711246156818e-05,2.7639675506304404,77739.38911869585,1150,0,0,0,0,0,0,0,0,0,0,-0.098575307932184886,0,0,"R_half_A_029","R_half","Affine"
"P06","A",30,1,1,1200,"",1199,0,200,0,0,0,0,0,0,0.0014708500000000001,0.0026102,1,1,57669.097235746456,60208.618747856191,0,5.1797176209956855e-10,0,9.8866865272653756e-09,9.9927381617953837e-07,9.9927381617953837e-07,0.0006114496269415317,0.056408017650121378,55.706801979204982,5.0947391766192599e-05,2.7681396589613021,53094.848291795934,1150,0,0,0,0,0,0,0,0,0,0,-0.084580845230367074,0,0,"R_half_A_030","R_half","Affine"
"P06","A",31,1,1,1200,"",1199,0,200,0,0,0,0,0,0,0.0014701,0.0033652999999999999,1,1,58070.277161046193,60431.676887678601,0,5.2119503712481754e-10,0,9.8894480048005681e-09,9.9941405524169256e-07,9.9941405524169256e-07,0.00061144396454112626,0.056097642431743595,55.384608129720156,5.1039599860489959e-05,2.7653851225630897,47297.832617406239,1150,0,0,0,0,0,0,0,0,0,0,-0.10694129600616264,0,0,"R_half_A_031","R_half","Affine"
"P06","A",32,1,1,1200,"",1199,0,200,0,0,0,0,0,0,0.0014986000000000001,0.0030745,1,1,58063.278809833027,60624.502539404995,0,5.2486624826107911e-10,0,9.8938179254671298e-09,9.9963593798386874e-07,9.9963593798386874e-07,0.00061135347152675452,0.056714376205323408,55.935194743651564,4.1973506947319273e-05,2.7680276930004566,51867.924207487915,1150,0,0,0,0,0,0,0,0,0,0,-0.1057176842788311,0,0,"R_half_A_032","R_half","Affine"
"P06","A",33,1,1,1200,"",1199,0,200,0,0,0,0,0,0,0.0014806000000000001,0.0036725,1,1,57864.252736590512,60434.743754940624,0,5.3656133443224485e-10,0,9.891658781152333e-09,9.9952631348605755e-07,9.9952631348605755e-07,0.00061155671950048596,0.056166247268030371,55.442922396473065,5.3441742986814988e-05,2.7661967972943562,43372.302827384752,1150,0,0,0,0,0,0,0,0,0,0,-0.10180463630231151,0,0,"R_half_A_033","R_half","Affine"
"P06","A",34,1,1,1200,"",1199,0,200,0,0,0,0,0,0,0.0015252500000000001,0.0035368999999999999,1,1,58313.42020457139,60696.867791969453,0,5.2411039646308363e-10,0,9.8902096080848503e-09,9.9945272914385401e-07,9.9945272914385401e-07,0.00061133561555658754,0.056226435461272747,55.463070031310636,5.2738317889504876e-05,2.7695071516399272,52426.038362840343,1150,0,0,0,0,0,0,0,0,0,0,-0.10848496517457765,0,0,"R_half_A_034","R_half","Affine"
"P06","A",35,1,1,1200,"",1199,0,200,0,0,0,0,0,0,0.0016451999999999999,0.011724999999999999,1,1,57999.398367950984,60428.212811272846,0,5.2885494190534692e-10,0,9.8913871668324315e-09,9.9951252219186739e-07,9.9951252219186739e-07,0.0006113808557987188,0.056356714806310243,55.776915132786122,5.555506268020771e-05,2.7692165304895515,45056.256496820861,1150,0,0,0,0,0,0,0,0,0,0,-0.092666271659149563,0,0,"R_half_A_035","R_half","Affine"
"P06","A",36,1,1,1200,"",1199,0,200,0,0,0,0,0,0,0.0016878000000000002,0.010584400000000001,1,1,58223.464148659259,60833.071239879253,0,5.3289655968848437e-10,0,9.899012441792353e-09,9.998996264737024e-07,9.998996264737024e-07,0.00061140336049739816,0.056340241988140582,55.723369083047253,3.3187317372963392e-05,2.7698595337627996,81061.789430007935,1150,0,0,0,0,0,0,0,0,0,0,-0.11326812439309336,0,0,"R_half_A_036","R_half","Affine"
"P06","A",37,1,1,1200,"",1199,0,200,0,0,0,0,0,0,0.00163765,0.0081398000000000009,1,1,57867.105011126681,60419.261211795696,0,5.3007169397969858e-10,0,9.8907401557961701e-09,9.9947966926764078e-07,9.9947966926764078e-07,0.00061156974648659222,0.056235192253834998,55.592884499718785,3.7953269286574505e-05,2.7672844011387721,71123.372533910151,1150,0,0,0,0,0,0,0,0,0,0,-0.095220674253367832,0,0,"R_half_A_037","R_half","Affine"
"P06","A",38,1,1,1200,"",1199,0,200,0,0,0,0,0,0,0.00165175,0.010209599999999999,1,1,58435.130149773686,60861.010879108013,0,5.2737041816505648e-10,0,9.8998247902008013e-09,9.9994085740556025e-07,9.9994085740556025e-07,0.00061153302480256889,0.056041706088369045,55.37881172074119,4.1424631663343215e-05,2.7639460971626324,66097.407873174074,1150,0,0,0,0,0,0,0,0,0,0,-0.091018856995935815,0,0,"R_half_A_038","R_half","Affine"
"P06","A",39,1,1,1200,"",1199,0,200,0,0,0,0,0,0,0.00164515,0.0080745000000000001,1,1,58058.222366617396,60467.201098450256,0,5.2732951456168101e-10,0,9.9001310055399443e-09,9.9995639900144851e-07,9.9995639900144851e-07,0.00061153200692708556,0.055884059966087044,55.440349768537644,4.4753180703760762e-05,2.7652798327357671,60124.650161700338,1150,0,0,0,0,0,0,0,0,0,0,-0.080609081250050341,0,0,"R_half_A_039","R_half","Affine"
"P06","A",40,1,1,1200,"",1199,0,200,0,0,0,0,0,0,0.0016748000000000002,0.0099971999999999995,1,1,57924.560628958818,60305.060824981272,0,5.1422013455923287e-10,0,9.8989414392936262e-09,9.9989602264581638e-07,9.9989602264581638e-07,0.00061146029375808771,0.056419773494955652,55.541452110650567,5.0446323805270335e-05,2.767477435708062,51662.961849205334,1150,0,0,0,0,0,0,0,0,0,0,-0.096231236338807091,0,0,"R_half_A_040","R_half","Affine"
"P06","K",0,0,1,1200,"",0,0,0,0,0,0,0,0,0,0.0014504499999999998,0.0025425999999999999,NaN,NaN,56470.778222953464,69435.543874882627,0,7.5138919113419142e-10,0,9.763488019927836e-09,9.929974424063451e-07,9.929974424063451e-07,NaN,NaN,NaN,NaN,NaN,NaN,0,0,0,0,0,0,0,0,0,0,0,-0.066666666703875194,0,0,"R_half_K_000","R_half","Known-model reference"
"P06","K",1,1,1,1200,"",0,0,0,0,0,0,0,0,0,0.0014385000000000001,0.0026064999999999999,NaN,NaN,56514.801396364426,69928.81344799872,0,7.5337379083104301e-10,0,9.8967078070018113e-09,9.9978264508297829e-07,9.9978264508297829e-07,NaN,NaN,NaN,NaN,NaN,NaN,0,0,0,0,0,0,0,0,0,0,0,-0.067380620160825466,0,0,"R_half_K_001","R_half","Known-model reference"
"P06","K",2,1,1,1200,"",0,0,0,0,0,0,0,0,0,0.00144385,0.0030617000000000001,NaN,NaN,56391.131632299905,69657.687346226419,0,7.5413041713482365e-10,0,9.9000756166791692e-09,9.9995358782324195e-07,9.9995358782324195e-07,NaN,NaN,NaN,NaN,NaN,NaN,0,0,0,0,0,0,0,0,0,0,0,-0.078593380662220852,0,0,"R_half_K_002","R_half","Known-model reference"
"P06","K",3,1,1,1200,"",0,0,0,0,0,0,0,0,0,0.0014629999999999999,0.0032553999999999999,NaN,NaN,56365.341789930622,69948.92821403734,0,7.5187127014397821e-10,0,9.9003136651709648e-09,9.999656695608051e-07,9.999656695608051e-07,NaN,NaN,NaN,NaN,NaN,NaN,0,0,0,0,0,0,0,0,0,0,0,-0.055765350956610227,0,0,"R_half_K_003","R_half","Known-model reference"
"P06","K",4,1,1,1200,"",0,0,0,0,0,0,0,0,0,0.0014440500000000001,0.002715,NaN,NaN,56274.379475901893,69968.914111585531,0,7.5290080886266382e-10,0,9.8983457687264746e-09,9.9986578807627165e-07,9.9986578807627165e-07,NaN,NaN,NaN,NaN,NaN,NaN,0,0,0,0,0,0,0,0,0,0,0,-0.073314901380213016,0,0,"R_half_K_004","R_half","Known-model reference"
"P06","K",5,1,1,1200,"",0,0,0,0,0,0,0,0,0,0.0014426,0.0033186999999999999,NaN,NaN,56291.071425562121,70226.547695602523,0,7.5506614055281093e-10,0,9.8978167674870819e-09,9.9983893669990601e-07,9.9983893669990601e-07,NaN,NaN,NaN,NaN,NaN,NaN,0,0,0,0,0,0,0,0,0,0,0,-0.060293614504355358,0,0,"R_half_K_005","R_half","Known-model reference"
"P06","K",6,1,1,1200,"",0,0,0,0,0,0,0,0,0,0.0014573500000000001,0.0027981,NaN,NaN,56419.650880254318,69917.159477168098,0,7.5507685099150249e-10,0,9.9001718452246734e-09,9.9995847175317151e-07,9.9995847175317151e-07,NaN,NaN,NaN,NaN,NaN,NaN,0,0,0,0,0,0,0,0,0,0,0,-0.072707203821587824,0,0,"R_half_K_006","R_half","Known-model reference"
"P06","K",7,1,1,1200,"",0,0,0,0,0,0,0,0,0,0.0014395,0.0030331999999999998,NaN,NaN,56580.804868682884,69323.945008974799,0,7.5287224388256717e-10,0,9.8993358030317288e-09,9.9991603894907638e-07,9.9991603894907638e-07,NaN,NaN,NaN,NaN,NaN,NaN,0,0,0,0,0,0,0,0,0,0,0,-0.08621080859053476,0,0,"R_half_K_007","R_half","Known-model reference"
"P06","K",8,1,1,1200,"",0,0,0,0,0,0,0,0,0,0.0014641999999999999,0.0038268,NaN,NaN,56346.489107171714,69611.316707215534,0,7.5581826232405532e-10,0,9.89788418002175e-09,9.9984235850707655e-07,9.9984235850707655e-07,NaN,NaN,NaN,NaN,NaN,NaN,0,0,0,0,0,0,0,0,0,0,0,-0.06553352066440199,0,0,"R_half_K_008","R_half","Known-model reference"
"P06","K",9,1,1,1200,"",0,0,0,0,0,0,0,0,0,0.0014553999999999999,0.0027888000000000001,NaN,NaN,56465.471777001498,69374.617087796127,0,7.5531235895034649e-10,0,9.900902888289696e-09,9.9999557393783137e-07,9.9999557393783137e-07,NaN,NaN,NaN,NaN,NaN,NaN,0,0,0,0,0,0,0,0,0,0,0,-0.078082420738967734,0,0,"R_half_K_009","R_half","Known-model reference"
"P06","K",10,1,1,1200,"",0,0,0,0,0,0,0,0,0,0.00144685,0.0030818,NaN,NaN,56386.027646976472,69377.141729347903,0,7.5265791169147967e-10,0,9.8994742984431043e-09,9.999230683205632e-07,9.999230683205632e-07,NaN,NaN,NaN,NaN,NaN,NaN,0,0,0,0,0,0,0,0,0,0,0,-0.069963294416538341,0,0,"R_half_K_010","R_half","Known-model reference"
"P06","K",11,1,1,1200,"",0,0,0,0,0,0,0,0,0,0.0014665500000000001,0.0032350999999999999,NaN,NaN,56418.037553855596,69543.959832841414,0,7.54460194988909e-10,0,9.9002933945862371e-09,9.9996464076809796e-07,9.9996464076809796e-07,NaN,NaN,NaN,NaN,NaN,NaN,0,0,0,0,0,0,0,0,0,0,0,-0.059244433410005737,0,0,"R_half_K_011","R_half","Known-model reference"
"P06","K",12,1,1,1200,"",0,0,0,0,0,0,0,0,0,0.0014598499999999999,0.0033987000000000002,NaN,NaN,56371.098009451322,69294.184028332616,0,7.5134191937613819e-10,0,9.8987641519787483e-09,9.9988702413242989e-07,9.9988702413242989e-07,NaN,NaN,NaN,NaN,NaN,NaN,0,0,0,0,0,0,0,0,0,0,0,-0.055577557339908878,0,0,"R_half_K_012","R_half","Known-model reference"
"P06","K",13,1,1,1200,"",0,0,0,0,0,0,0,0,0,0.0014557999999999999,0.0029726000000000002,NaN,NaN,56322.085224526934,69630.598444740608,0,7.5227558711415607e-10,0,9.894694284543727e-09,9.9968042927945436e-07,9.9968042927945436e-07,NaN,NaN,NaN,NaN,NaN,NaN,0,0,0,0,0,0,0,0,0,0,0,-0.077985008258736221,0,0,"R_half_K_013","R_half","Known-model reference"
"P06","K",14,1,1,1200,"",0,0,0,0,0,0,0,0,0,0.0014583999999999999,0.0026208999999999998,NaN,NaN,56397.465896674898,69311.645379649024,0,7.5483244403792195e-10,0,9.900252843712618e-09,9.9996258268705125e-07,9.9996258268705125e-07,NaN,NaN,NaN,NaN,NaN,NaN,0,0,0,0,0,0,0,0,0,0,0,-0.069658603197631563,0,0,"R_half_K_014","R_half","Known-model reference"
"P06","K",15,1,1,1200,"",0,0,0,0,0,0,0,0,0,0.0014531499999999998,0.0035333999999999999,NaN,NaN,56445.297433358093,69066.695744650104,0,7.5184354963311712e-10,0,9.8989479325353525e-09,9.9989635221962236e-07,9.9989635221962236e-07,NaN,NaN,NaN,NaN,NaN,NaN,0,0,0,0,0,0,0,0,0,0,0,-0.06174052549928799,0,0,"R_half_K_015","R_half","Known-model reference"
"P06","K",16,1,1,1200,"",0,0,0,0,0,0,0,0,0,0.0014605999999999998,0.0032745000000000001,NaN,NaN,56483.481305030939,69464.706960049909,0,7.5399524252572329e-10,0,9.8982616680037434e-09,9.9986151928657307e-07,9.9986151928657307e-07,NaN,NaN,NaN,NaN,NaN,NaN,0,0,0,0,0,0,0,0,0,0,0,-0.059974347017954954,0,0,"R_half_K_016","R_half","Known-model reference"
"P06","K",17,1,1,1200,"",0,0,0,0,0,0,0,0,0,0.0014563499999999999,0.0027813,NaN,NaN,56559.577704114621,69737.064191163343,0,7.5427475670557405e-10,0,9.8912659080103635e-09,9.9950636518024102e-07,9.9950636518024102e-07,NaN,NaN,NaN,NaN,NaN,NaN,0,0,0,0,0,0,0,0,0,0,0,-0.065880146023306302,0,0,"R_half_K_017","R_half","Known-model reference"
"P06","K",18,1,1,1200,"",0,0,0,0,0,0,0,0,0,0.0015046500000000002,0.0038203999999999998,NaN,NaN,56538.712225279472,69765.628535343145,0,7.5349598862551829e-10,0,9.8950692988112646e-09,9.996994675353117e-07,9.996994675353117e-07,NaN,NaN,NaN,NaN,NaN,NaN,0,0,0,0,0,0,0,0,0,0,0,-0.067297654294459608,0,0,"R_half_K_018","R_half","Known-model reference"
"P06","K",19,1,1,1200,"",0,0,0,0,0,0,0,0,0,0.0014856000000000001,0.0028346999999999999,NaN,NaN,56416.641861038646,69567.202978890142,0,7.5425072854500233e-10,0,9.8992016875808373e-09,9.999092318372481e-07,9.999092318372481e-07,NaN,NaN,NaN,NaN,NaN,NaN,0,0,0,0,0,0,0,0,0,0,0,-0.061319223149991609,0,0,"R_half_K_019","R_half","Known-model reference"
"P06","K",20,1,1,1200,"",0,0,0,0,0,0,0,0,0,0.00145145,0.0030331999999999998,NaN,NaN,56474.883692085466,69249.921357048108,0,7.53601334341298e-10,0,9.8930963534671703e-09,9.9959930350676249e-07,9.9959930350676249e-07,NaN,NaN,NaN,NaN,NaN,NaN,0,0,0,0,0,0,0,0,0,0,0,-0.065717464261421499,0,0,"R_half_K_020","R_half","Known-model reference"
"P06","K",21,1,1,1200,"",0,0,0,0,0,0,0,0,0,0.00144685,0.0036186999999999999,NaN,NaN,56432.51468941466,69278.706868631547,0,7.5472760129129883e-10,0,9.8995692240516884e-09,9.9992788626699081e-07,9.9992788626699081e-07,NaN,NaN,NaN,NaN,NaN,NaN,0,0,0,0,0,0,0,0,0,0,0,-0.066347571530396332,0,0,"R_half_K_021","R_half","Known-model reference"
"P06","K",22,1,1,1200,"",0,0,0,0,0,0,0,0,0,0.00144115,0.0030154000000000001,NaN,NaN,56248.841503379728,69616.234147698822,0,7.5333083764712998e-10,0,9.9008456685480562e-09,9.9999266994796046e-07,9.9999266994796046e-07,NaN,NaN,NaN,NaN,NaN,NaN,0,0,0,0,0,0,0,0,0,0,0,-0.070208746632419911,0,0,"R_half_K_022","R_half","Known-model reference"
"P06","K",23,1,1,1200,"",0,0,0,0,0,0,0,0,0,0.0014509000000000002,0.0028241,NaN,NaN,56354.081200104774,69565.964563731613,0,7.5324102174746989e-10,0,9.8977548879055143e-09,9.9983579573090884e-07,9.9983579573090884e-07,NaN,NaN,NaN,NaN,NaN,NaN,0,0,0,0,0,0,0,0,0,0,0,-0.067574114197037377,0,0,"R_half_K_023","R_half","Known-model reference"
"P06","K",24,1,1,1200,"",0,0,0,0,0,0,0,0,0,0.0014358000000000001,0.0028262999999999999,NaN,NaN,56551.433220350635,69741.976923949827,0,7.5197393196414447e-10,0,9.9006068059955201e-09,9.9998054721639745e-07,9.9998054721639745e-07,NaN,NaN,NaN,NaN,NaN,NaN,0,0,0,0,0,0,0,0,0,0,0,-0.079914918711766286,0,0,"R_half_K_024","R_half","Known-model reference"
"P06","K",25,1,1,1200,"",0,0,0,0,0,0,0,0,0,0.0014472500000000002,0.0034976999999999999,NaN,NaN,56294.671224036203,69464.970020179593,0,7.5335147550706383e-10,0,9.880118526315002e-09,9.9894018844677384e-07,9.9894018844677384e-07,NaN,NaN,NaN,NaN,NaN,NaN,0,0,0,0,0,0,0,0,0,0,0,-0.076539701805221905,0,0,"R_half_K_025","R_half","Known-model reference"
"P06","K",26,1,1,1200,"",0,0,0,0,0,0,0,0,0,0.0014453999999999999,0.0027872000000000001,NaN,NaN,56285.475281883657,69415.202399785252,0,7.5310449720916169e-10,0,9.8973476605971449e-09,9.9981512488412342e-07,9.9981512488412342e-07,NaN,NaN,NaN,NaN,NaN,NaN,0,0,0,0,0,0,0,0,0,0,0,-0.076717831250717239,0,0,"R_half_K_026","R_half","Known-model reference"
"P06","K",27,1,1,1200,"",0,0,0,0,0,0,0,0,0,0.0014858499999999999,0.0028660999999999999,NaN,NaN,56430.395925692275,69493.185738117973,0,7.5299701334812965e-10,0,9.9004997320748859e-09,9.9997511296306131e-07,9.9997511296306131e-07,NaN,NaN,NaN,NaN,NaN,NaN,0,0,0,0,0,0,0,0,0,0,0,-0.059723096065186387,0,0,"R_half_K_027","R_half","Known-model reference"
"P06","K",28,1,1,1200,"",0,0,0,0,0,0,0,0,0,0.0014624500000000001,0.0040100999999999999,NaN,NaN,56420.701706271218,69574.903658297029,0,7.5229093705755348e-10,0,9.9008959319049108e-09,9.9999522089106742e-07,9.9999522089106742e-07,NaN,NaN,NaN,NaN,NaN,NaN,0,0,0,0,0,0,0,0,0,0,0,-0.058529868023119269,0,0,"R_half_K_028","R_half","Known-model reference"
"P06","K",29,1,1,1200,"",0,0,0,0,0,0,0,0,0,0.0014772499999999998,0.0053614999999999999,NaN,NaN,56274.453432833456,69725.955129790702,0,7.5357579738403067e-10,0,9.9009111300045195e-09,9.9999599221685486e-07,9.9999599221685486e-07,NaN,NaN,NaN,NaN,NaN,NaN,0,0,0,0,0,0,0,0,0,0,0,-0.065292255044678338,0,0,"R_half_K_029","R_half","Known-model reference"
"P06","K",30,1,1,1200,"",0,0,0,0,0,0,0,0,0,0.0014700500000000001,0.0034475,NaN,NaN,56339.914440837325,69057.201646646048,0,7.5437085705045111e-10,0,9.8886949621364266e-09,9.9937581459466546e-07,9.9937581459466546e-07,NaN,NaN,NaN,NaN,NaN,NaN,0,0,0,0,0,0,0,0,0,0,0,-0.052324864784066449,0,0,"R_half_K_030","R_half","Known-model reference"
"P06","K",31,1,1,1200,"",0,0,0,0,0,0,0,0,0,0.0014523000000000001,0.0029296999999999999,NaN,NaN,56535.514865707999,69283.517728503299,0,7.5154580852474313e-10,0,9.9009589029951554e-09,9.9999841676222709e-07,9.9999841676222709e-07,NaN,NaN,NaN,NaN,NaN,NaN,0,0,0,0,0,0,0,0,0,0,0,-0.072651857017077492,0,0,"R_half_K_031","R_half","Known-model reference"
"P06","K",32,1,1,1200,"",0,0,0,0,0,0,0,0,0,0.00146035,0.0039529999999999999,NaN,NaN,56364.064069797096,69343.945837463121,0,7.5407094993083339e-10,0,9.896945560344586e-09,9.9979471387341541e-07,9.9979471387341541e-07,NaN,NaN,NaN,NaN,NaN,NaN,0,0,0,0,0,0,0,0,0,0,0,-0.07199821851942162,0,0,"R_half_K_032","R_half","Known-model reference"
"P06","K",33,1,1,1200,"",0,0,0,0,0,0,0,0,0,0.0014938,0.0038584000000000001,NaN,NaN,56339.45963669011,69698.091741650554,0,7.5099739061367707e-10,0,9.9002882540691705e-09,9.9996437987134154e-07,9.9996437987134154e-07,NaN,NaN,NaN,NaN,NaN,NaN,0,0,0,0,0,0,0,0,0,0,0,-0.067854101159319918,0,0,"R_half_K_033","R_half","Known-model reference"
"P06","K",34,1,1,1200,"",0,0,0,0,0,0,0,0,0,0.0014420000000000001,0.0027499999999999998,NaN,NaN,56410.227693457178,69210.982162679124,0,7.5167304572290226e-10,0,9.8975851781200476e-09,9.9982718131812161e-07,9.9982718131812161e-07,NaN,NaN,NaN,NaN,NaN,NaN,0,0,0,0,0,0,0,0,0,0,0,-0.073434266931562242,0,0,"R_half_K_034","R_half","Known-model reference"
"P06","K",35,1,1,1200,"",0,0,0,0,0,0,0,0,0,0.0014727,0.0034857,NaN,NaN,56422.887491139656,69263.775069265539,0,7.5447370136643612e-10,0,9.9002366493407812e-09,9.9996176077190001e-07,9.9996176077190001e-07,NaN,NaN,NaN,NaN,NaN,NaN,0,0,0,0,0,0,0,0,0,0,0,-0.059672594479198787,0,0,"R_half_K_035","R_half","Known-model reference"
"P06","K",36,1,1,1200,"",0,0,0,0,0,0,0,0,0,0.0014494500000000001,0.0030041999999999998,NaN,NaN,56452.473823021966,69433.857787270928,0,7.529244471710424e-10,0,9.8969191641792959e-09,9.9979337396331971e-07,9.9979337396331971e-07,NaN,NaN,NaN,NaN,NaN,NaN,0,0,0,0,0,0,0,0,0,0,0,-0.077516796875167993,0,0,"R_half_K_036","R_half","Known-model reference"
"P06","K",37,1,1,1200,"",0,0,0,0,0,0,0,0,0,0.0014601,0.0026358000000000002,NaN,NaN,56426.836555429814,69616.484809513087,0,7.5170173222224776e-10,0,9.8922496911449012e-09,9.9955631646112036e-07,9.9955631646112036e-07,NaN,NaN,NaN,NaN,NaN,NaN,0,0,0,0,0,0,0,0,0,0,0,-0.062012680861132485,0,0,"R_half_K_037","R_half","Known-model reference"
"P06","K",38,1,1,1200,"",0,0,0,0,0,0,0,0,0,0.0014645000000000001,0.0037789,NaN,NaN,56384.995009587692,69174.755690769802,0,7.5330231483799518e-10,0,9.8989027527525025e-09,9.9989405905271393e-07,9.9989405905271393e-07,NaN,NaN,NaN,NaN,NaN,NaN,0,0,0,0,0,0,0,0,0,0,0,-0.058288087179112102,0,0,"R_half_K_038","R_half","Known-model reference"
"P06","K",39,1,1,1200,"",0,0,0,0,0,0,0,0,0,0.00147185,0.0026104000000000001,NaN,NaN,56394.185959502422,69429.089495112319,0,7.503501114602886e-10,0,9.8910276984553275e-09,9.994942697947583e-07,9.994942697947583e-07,NaN,NaN,NaN,NaN,NaN,NaN,0,0,0,0,0,0,0,0,0,0,0,-0.049276118049935036,0,0,"R_half_K_039","R_half","Known-model reference"
"P06","K",40,1,1,1200,"",0,0,0,0,0,0,0,0,0,0.0014662500000000001,0.0032539999999999999,NaN,NaN,56445.854500016023,70204.137885075892,0,7.5225334504098429e-10,0,9.900668580563531e-09,9.9998368240780851e-07,9.9998368240780851e-07,NaN,NaN,NaN,NaN,NaN,NaN,0,0,0,0,0,0,0,0,0,0,0,-0.062692407578552378,0,0,"R_half_K_040","R_half","Known-model reference"
"P06","P2",0,0,1,1200,"",1199,0,200,0,0,0,0,0,0,0.0015838499999999999,0.0039297999999999998,1,1,56449.516425514506,69295.355448466056,0,7.5148506951675004e-10,0,9.7596486523202787e-09,9.9280121690630261e-07,9.9280121690630261e-07,0.00043934556238242611,0.76978387479659371,875.75389577897101,-9.5004016754518351e-16,3.9765459697944574,3.3885154057150112e+27,1150,0,0,0,0,0,0,0,0,0,0,-0.066647596211548088,0,0,"R_half_P2_000","R_half","Complete quadratic"
"P06","P2",1,1,1,1200,"",1199,0,200,0,0,0,0,0,0,0.0016137,0.0032613999999999998,1,1,56099.081707814767,69365.403480684457,0,7.5383555628649168e-10,0,9.9007556612457217e-09,9.9998810192215534e-07,9.9998810192215534e-07,0.00043910500548285074,0.76176652002390799,860.94613681192163,1.1520407200598535e-09,3.9810137709028344,2910176067.5802441,1150,0,0,0,0,0,0,0,0,0,0,-0.068146495695715292,0,0,"R_half_P2_001","R_half","Complete quadratic"
"P06","P2",2,1,1,1200,"",1199,0,200,0,0,0,0,0,0,0.0015766,0.0038581000000000002,1,1,56264.66272256821,69581.598943526638,0,7.5488983806155701e-10,0,9.898424232546609e-09,9.9986977073151436e-07,9.9986977073151436e-07,0.00043905802405985728,0.75252594859003863,862.07503961407588,6.4673437767283537e-10,3.9804918368013422,3509467085.1524463,1150,0,0,0,0,0,0,0,0,0,0,-0.078500585907199105,0,0,"R_half_P2_002","R_half","Complete quadratic"
"P06","P2",3,1,1,1200,"",1199,0,200,0,0,0,0,0,0,0.00157595,0.0037485000000000001,1,1,55970.612644494089,69809.421096807826,0,7.5737563136088509e-10,0,9.9006833430758593e-09,9.999844316354417e-07,9.999844316354417e-07,0.00043904498324701731,0.77997165782876654,878.70399408325079,6.1955472787958058e-10,3.9861371784984065,6388340148.1566954,1150,0,0,0,0,0,0,0,0,0,0,-0.056301950722112915,0,0,"R_half_P2_003","R_half","Complete quadratic"
"P06","P2",4,1,1,1200,"",1199,0,200,0,0,0,0,0,0,0.0015685500000000002,0.0030333000000000001,1,1,56130.108047748232,67966.618597892011,0,7.5743060302597684e-10,0,9.8957189700214885e-09,9.9973244838636868e-07,9.9973244838636868e-07,0.00043943616552256373,0.76395085411585695,852.93261390656232,1.076850940382517e-09,3.9725599653975654,3068787116.0106149,1150,0,0,0,0,0,0,0,0,0,0,-0.073389117681241955,0,0,"R_half_P2_004","R_half","Complete quadratic"
"P06","P2",5,1,1,1200,"",1199,0,200,0,0,0,0,0,0,0.0015689,0.0034386999999999998,1,1,56307.880965124161,70079.883916395163,0,7.6093189590845477e-10,0,9.899337500441888e-09,9.9991612510186682e-07,9.9991612510186682e-07,0.0004391243956806568,0.764343097834143,854.54823768804079,2.7676354068930469e-10,3.9836745594500735,12160565576.951893,1150,0,0,0,0,0,0,0,0,0,0,-0.060125569378352201,0,0,"R_half_P2_005","R_half","Complete quadratic"
"P06","P2",6,1,1,1200,"",1199,0,200,0,0,0,0,0,0,0.0015721999999999999,0.0037114000000000001,1,1,55949.393032580934,66664.02420614037,0,7.675196885033263e-10,0,9.9003439932877517e-09,9.9996720880134612e-07,9.9996720880134612e-07,0.00043901739692833828,0.76104390712291758,840.77377473148249,1.3280081567250612e-09,3.9808498702196196,2522765003.6043167,1150,0,0,0,0,0,0,0,0,0,0,-0.072292267642998759,0,0,"R_half_P2_006","R_half","Complete quadratic"
"P06","P2",7,1,1,1200,"",1199,0,200,0,0,0,0,0,0,0.0016175,0.0038576000000000001,1,1,56125.622086876232,68361.69365690976,0,7.5217080002713726e-10,0,9.8991230565575688e-09,9.9990524085027105e-07,9.9990524085027105e-07,0.000438924096660823,0.77127852038973943,864.36892698006102,1.200537051289673e-09,3.9869523158986881,2798003528.8343406,1150,0,0,0,0,0,0,0,0,0,0,-0.08670850486222037,0,0,"R_half_P2_007","R_half","Complete quadratic"
"P06","P2",8,1,1,1200,"",1199,0,200,0,0,0,0,0,0,0.001598,0.0033525,1,1,56308.56807337323,69716.832694136087,0,7.5132405754290501e-10,0,9.9006927344673738e-09,9.9998490826742508e-07,9.9998490826742508e-07,0.0004393720696755546,0.77941309103141554,872.10144811989005,1.1036795548100537e-09,3.9881445236374642,3035750001.1154399,1150,0,0,0,0,0,0,0,0,0,0,-0.066884559720560399,0,0,"R_half_P2_008","R_half","Complete quadratic"
"P06","P2",9,1,1,1200,"",1199,0,200,0,0,0,0,0,0,0.0015857499999999999,0.0036156999999999999,1,1,56784.941624646024,70199.907478212568,0,7.5599939839639726e-10,0,9.9005084077331222e-09,9.9997555327419674e-07,9.9997555327419674e-07,0.00043938099998855389,0.75934209939513342,859.22309408613182,1.7303185212288346e-09,3.9910333069358819,1683099787.4663148,1150,0,0,0,0,0,0,0,0,0,0,-0.0790566215208868,0,0,"R_half_P2_009","R_half","Complete quadratic"
"P06","P2",10,1,1,1200,"",1199,0,200,0,0,0,0,0,0,0.0015939999999999999,0.0029499999999999999,1,1,56115.902658092476,69330.769804615076,0,7.6213240037408961e-10,0,9.8993114075928181e-09,9.999148007470215e-07,9.999148007470215e-07,0.00043891122545099289,0.77614844856341958,880.47022178838279,1.2084605522954677e-09,3.9804468702041271,2792576677.7396441,1150,0,0,0,0,0,0,0,0,0,0,-0.069628069355492817,0,0,"R_half_P2_010","R_half","Complete quadratic"
"P06","P2",11,1,1,1200,"",1199,0,200,0,0,0,0,0,0,0.0015823,0.0039028000000000001,1,1,56847.381187548883,70742.774914649955,0,7.5521747160892068e-10,0,9.8865065475430636e-09,9.9926467540408997e-07,9.9926467540408997e-07,0.00043893776643251145,0.77583209311634738,879.94812417509377,9.0730123411305598e-10,3.9887787057231288,4363519848.7929735,1150,0,0,0,0,0,0,0,0,0,0,-0.059639386931786498,0,0,"R_half_P2_011","R_half","Complete quadratic"
"P06","P2",12,1,1,1200,"",1199,0,200,0,0,0,0,0,0,0.0015865499999999999,0.0033617,1,1,56675.847717147088,67960.112147299151,0,7.5281020741570415e-10,0,9.900301574672596e-09,9.9996505593203644e-07,9.9996505593203644e-07,0.0004395298489641431,0.76898053785558096,856.64365572169004,1.4009240670962165e-09,3.9692149336260991,2817731389.4906421,1150,0,0,0,0,0,0,0,0,0,0,-0.055866384355484799,0,0,"R_half_P2_012","R_half","Complete quadratic"
"P06","P2",13,1,1,1200,"",1199,0,200,0,0,0,0,0,0,0.00158125,0.0035625000000000001,1,1,55866.105266743449,69308.496644654064,0,7.6287937032269871e-10,0,9.9004087238936552e-09,9.9997049406090598e-07,9.9997049406090598e-07,0.00043874872809792303,0.75663768706648482,864.07356835160033,1.5824900729770173e-09,3.9923592185834842,2122168890.0860522,1150,0,0,0,0,0,0,0,0,0,0,-0.077481874835333309,0,0,"R_half_P2_013","R_half","Complete quadratic"
"P06","P2",14,1,1,1200,"",1199,0,200,0,0,0,0,0,0,0.001578,0.0040648000000000004,1,1,56036.669923421461,67588.379147533196,0,7.5862738436848775e-10,0,9.8965041109031652e-09,9.9977230498578124e-07,9.9977230498578124e-07,0.00043893649874411584,0.76257169730785068,856.14979762872804,4.8079858196161334e-10,3.9811560558889512,7002907112.9609556,1150,0,0,0,0,0,0,0,0,0,0,-0.069911453607758078,0,0,"R_half_P2_014","R_half","Complete quadratic"
"P06","P2",15,1,1,1200,"",1199,0,200,0,0,0,0,0,0,0.0015769999999999998,0.0044112999999999999,1,1,56134.518812831615,68665.445953733171,0,7.6176655475575435e-10,0,9.9002227354936509e-09,9.9996105459999592e-07,9.9996105459999592e-07,0.00043900117533672925,0.75670774706773292,846.91873077925152,1.2607883535391454e-09,3.9865767676014663,2659813663.6598296,1150,0,0,0,0,0,0,0,0,0,0,-0.062240879620897804,0,0,"R_half_P2_015","R_half","Complete quadratic"
"P06","P2",16,1,1,1200,"",1199,0,200,0,0,0,0,0,0,0.0015663000000000001,0.0028890999999999999,1,1,56049.897349510822,66905.804461977823,0,7.5772418950718719e-10,0,9.90065563629065e-09,9.9998302545907058e-07,9.9998302545907058e-07,0.0004391124780461069,0.76519428995667882,843.28044668112057,1.2187139419631426e-09,3.9693958213431886,2761079728.208519,1150,0,0,0,0,0,0,0,0,0,0,-0.060066882303189906,0,0,"R_half_P2_016","R_half","Complete quadratic"
"P06","P2",17,1,1,1200,"",1199,0,200,0,0,0,0,0,0,0.00160765,0.0029271000000000002,1,1,56671.836560717456,68536.173599824382,0,7.5743328129659576e-10,0,9.8970812467636735e-09,9.9980160149755491e-07,9.9980160149755491e-07,0.00043933721166768234,0.77266343856853981,866.96837204165797,7.128966318043491e-10,3.9746003727113957,4704417569.3673849,1150,0,0,0,0,0,0,0,0,0,0,-0.066399474075120479,0,0,"R_half_P2_017","R_half","Complete quadratic"
"P06","P2",18,1,1,1200,"",1199,0,200,0,0,0,0,0,0,0.0015904999999999999,0.0029039999999999999,1,1,56141.102367930609,69324.526852023278,0,7.612086526996557e-10,0,9.8889624918866615e-09,9.993894003256632e-07,9.993894003256632e-07,0.00043886348482181974,0.78080366384719713,874.40784979937507,7.2315572902140368e-10,3.9856982570631678,4656391088.8110046,1150,0,0,0,0,0,0,0,0,0,0,-0.06729543537817323,0,0,"R_half_P2_018","R_half","Complete quadratic"
"P06","P2",19,1,1,1200,"",1199,0,200,0,0,0,0,0,0,0.00156795,0.0039651,1,1,55089.911293076402,68445.590387695192,0,7.5959024186187881e-10,0,9.8990954054239958e-09,9.9990383738887748e-07,9.9990383738887748e-07,0.00043895941562806815,0.77384072652198865,881.12098258040294,7.7076802049517863e-10,3.9851520872161799,3359914428.391499,1150,0,0,0,0,0,0,0,0,0,0,-0.061657865498077002,0,0,"R_half_P2_019","R_half","Complete quadratic"
"P06","P2",20,1,1,1200,"",1199,0,200,0,0,0,0,0,0,0.0015781,0.0033741000000000001,1,1,56228.544123770356,70915.48432483396,0,7.6147128102693126e-10,0,9.8957301422098832e-09,9.9973301553817037e-07,9.9973301553817037e-07,0.00043905242384048918,0.78085245763670041,880.20377537763193,1.1481595168352016e-09,3.9758986649376631,1979965631.3723269,1150,0,0,0,0,0,0,0,0,0,0,-0.065890518025266714,0,0,"R_half_P2_020","R_half","Complete quadratic"
"P06","P2",21,1,1,1200,"",1199,0,200,0,0,0,0,0,0,0.0015945999999999998,0.0030506999999999999,1,1,55874.844990725018,68086.716401628932,0,7.5878698496679618e-10,0,9.9009864461718382e-09,9.9999981461391648e-07,9.9999981461391648e-07,0.00043918687946180182,0.75722028974724598,847.2219377122907,8.7859726120330154e-10,3.988729575617612,2578903905.0032506,1150,0,0,0,0,0,0,0,0,0,0,-0.06654914146482907,0,0,"R_half_P2_021","R_half","Complete quadratic"
"P06","P2",22,1,1,1200,"",1199,0,200,0,0,0,0,0,0,0.00156675,0.0031078999999999998,1,1,56099.811660561412,68809.797261428961,0,7.6309036817273755e-10,0,9.9009723342958329e-09,9.9999909841827595e-07,9.9999909841827595e-07,0.00043897431896676176,0.77825455840552782,870.71880079793971,1.5618921450731505e-09,3.9891923649843881,2156378654.1584363,1150,0,0,0,0,0,0,0,0,0,0,-0.070205675644575999,0,0,"R_half_P2_022","R_half","Complete quadratic"
"P06","P2",23,1,1,1200,"",1199,0,200,0,0,0,0,0,0,0.0015633000000000001,0.0031205,1,1,55933.335928934328,67304.600036663047,0,7.565722400252576e-10,0,9.8959992591220389e-09,9.9974667705758633e-07,9.9974667705758633e-07,0.00043891023667238198,0.76553386807646828,859.07099342900665,9.0872826938008238e-10,3.9823925474257567,3698041892.9607277,1150,0,0,0,0,0,0,0,0,0,0,-0.067950008740118972,0,0,"R_half_P2_023","R_half","Complete quadratic"
"P06","P2",24,1,1,1200,"",1199,0,200,0,0,0,0,0,0,0.0015948,0.0032282999999999999,1,1,56305.348324028346,70571.255841615493,0,7.6382782670131817e-10,0,9.8824782114462894e-09,9.9906006348666656e-07,9.9906006348666656e-07,0.00043897855986117459,0.7593558224456296,856.54104609620958,9.3610822104736091e-10,3.9878947197535646,4237809885.9021969,1150,0,0,0,0,0,0,0,0,0,0,-0.079571598343311623,0,0,"R_half_P2_024","R_half","Complete quadratic"
"P06","P2",25,1,1,1200,"",1199,0,200,0,0,0,0,0,0,0.0015648000000000001,0.0030493999999999999,1,1,56057.292522687698,68710.591253165519,0,7.5346288795526014e-10,0,9.9003624865768314e-09,9.9996814738864087e-07,9.9996814738864087e-07,0.00043898822261386643,0.77662043921851043,875.55582265187945,1.1516123615022918e-09,3.9839221243671261,1971704175.949378,1150,0,0,0,0,0,0,0,0,0,0,-0.077067715651458785,0,0,"R_half_P2_025","R_half","Complete quadratic"
"P06","P2",26,1,1,1200,"",1199,0,200,0,0,0,0,0,0,0.001578,0.0029794000000000001,1,1,56327.369385197926,67567.355483690306,0,7.6094122377570749e-10,0,9.8953315850012006e-09,9.9971278274068661e-07,9.9971278274068661e-07,0.00043905862447255416,0.78694659685592916,863.29253301085862,1.1335472497816279e-09,3.9783656585781619,2966845072.4614334,1150,0,0,0,0,0,0,0,0,0,0,-0.076875438494327819,0,0,"R_half_P2_026","R_half","Complete quadratic"
"P06","P2",27,1,1,1200,"",1199,0,200,0,0,0,0,0,0,0.0015564999999999999,0.0032772999999999999,1,1,56125.119490921497,69246.952140001944,0,7.5678516963603755e-10,0,9.9001803496566122e-09,9.9995890338122799e-07,9.9995890338122799e-07,0.00043890150051070483,0.76741480489313085,883.54522183976474,1.1180286187347342e-09,3.9901199508475029,3544322245.1932516,1150,0,0,0,0,0,0,0,0,0,0,-0.059736959625711794,0,0,"R_half_P2_027","R_half","Complete quadratic"
"P06","P2",28,1,1,1200,"",1199,0,200,0,0,0,0,0,0,0.0015753,0.0034532999999999999,1,1,56690.885137670906,70880.227114415786,0,7.5668573331801076e-10,0,9.8932731115471095e-09,9.9960827770213143e-07,9.9960827770213143e-07,0.00043903751443257573,0.77256533487065837,864.05354158258842,1.2743832457537977e-09,3.989493458090545,2684956589.0736113,1150,0,0,0,0,0,0,0,0,0,0,-0.059104675890777059,0,0,"R_half_P2_028","R_half","Complete quadratic"
"P06","P2",29,1,1,1200,"",1199,0,200,0,0,0,0,0,0,0.0015749000000000002,0.0034410999999999999,1,1,56008.906930683341,67154.16395870538,0,7.5446949390743721e-10,0,9.9009779166821683e-09,9.9999938173153888e-07,9.9999938173153888e-07,0.00043913931728712459,0.77256917943106806,865.14558218416198,7.7336299671916132e-10,3.9775706938117503,3400327028.5959535,1150,0,0,0,0,0,0,0,0,0,0,-0.066118555876041318,0,0,"R_half_P2_029","R_half","Complete quadratic"
"P06","P2",30,1,1,1200,"",1199,0,200,0,0,0,0,0,0,0.00155755,0.0034220000000000001,1,1,56031.560057544615,68330.777957214857,0,7.6005759946085817e-10,0,9.895515016402481e-09,9.9972209470463933e-07,9.9972209470463933e-07,0.00043920617544566406,0.75407794627637958,864.68881825149629,1.9996492279709627e-09,3.9812468921634752,1975838663.0027134,1150,0,0,0,0,0,0,0,0,0,0,-0.05275470312565117,0,0,"R_half_P2_030","R_half","Complete quadratic"
"P06","P2",31,1,1,1200,"",1199,0,200,0,0,0,0,0,0,0.0015780500000000001,0.0030192999999999999,1,1,56328.736760606327,68061.862515829198,0,7.5995762300221375e-10,0,9.8989561475044473e-09,9.9989676918202249e-07,9.9989676918202249e-07,0.00043916471808668102,0.76304870193043262,867.72602545065251,1.1793644362815678e-09,3.9729649877119346,2845393049.487236,1150,0,0,0,0,0,0,0,0,0,0,-0.073020814064838235,0,0,"R_half_P2_031","R_half","Complete quadratic"
"P06","P2",32,1,1,1200,"",1199,0,200,0,0,0,0,0,0,0.0015566,0.0032418999999999998,1,1,56042.230928379868,68693.549582411651,0,7.6114984000377537e-10,0,9.9006146214192282e-09,9.9998094386640392e-07,9.9998094386640392e-07,0.00043887526289300237,0.78239797305085423,870.9641060310073,7.9922285339329199e-10,3.9788032471339148,2842470799.4366064,1150,0,0,0,0,0,0,0,0,0,0,-0.072031413353428497,0,0,"R_half_P2_032","R_half","Complete quadratic"
"P06","P2",33,1,1,1200,"",1199,0,200,0,0,0,0,0,0,0.0015509500000000002,0.0037908,1,1,56175.168003531791,69084.996741380601,0,7.6138250546671712e-10,0,9.8937636841049667e-09,9.9963318417585507e-07,9.9963318417585507e-07,0.00043932538447992865,0.75667014724629322,854.46311979220627,1.4324045335963555e-09,3.9708192474224666,1617735498.7444336,1150,0,0,0,0,0,0,0,0,0,0,-0.067902160659995131,0,0,"R_half_P2_033","R_half","Complete quadratic"
"P06","P2",34,1,1,1200,"",1199,0,200,0,0,0,0,0,0,0.0015606000000000001,0.0030209999999999998,1,1,56473.820380352219,68633.378045501275,0,7.5918760481264434e-10,0,9.9008124897309003e-09,9.9999098606816378e-07,9.9999098606816378e-07,0.0004389514013714494,0.77001822334782044,862.3029318902536,1.8692527803429035e-09,3.9835456595842889,1797672142.1995864,1150,0,0,0,0,0,0,0,0,0,0,-0.07353338650391017,0,0,"R_half_P2_034","R_half","Complete quadratic"
"P06","P2",35,1,1,1200,"",1199,0,200,0,0,0,0,0,0,0.00156335,0.0033723999999999998,1,1,56359.256487756225,68218.426016111582,0,7.5701416477004089e-10,0,9.8965812519730414e-09,9.9977622086187833e-07,9.9977622086187833e-07,0.00043908546207348291,0.76540271423093242,860.56117372705887,1.191849164211143e-09,3.9804248570530101,2819551068.6884222,1150,0,0,0,0,0,0,0,0,0,0,-0.060181828226555517,0,0,"R_half_P2_035","R_half","Complete quadratic"
"P06","P2",36,1,1,1200,"",1199,0,200,0,0,0,0,0,0,0.0015529000000000001,0.0028874999999999999,1,1,56336.278693982502,68885.393962914619,0,7.5491257434106412e-10,0,9.8989810028769081e-09,9.9989803075059634e-07,9.9989803075059634e-07,0.00043885538739639403,0.75740145362804345,869.9060472238275,8.3967681571661254e-10,3.9831845613476209,4715137868.5647087,1150,0,0,0,0,0,0,0,0,0,0,-0.077419751715337826,0,0,"R_half_P2_036","R_half","Complete quadratic"
"P06","P2",37,1,1,1200,"",1199,0,200,0,0,0,0,0,0,0.0015966999999999999,0.0052902000000000001,1,1,55322.915335454454,68476.729365594365,0,7.6500150537340663e-10,0,9.9006826422746354e-09,9.9998439606835545e-07,9.9998439606835545e-07,0.00043884148734265411,0.77276167138673624,869.36230811027417,1.1031073806245985e-09,3.9761556178999253,3583522817.7012811,1150,0,0,0,0,0,0,0,0,0,0,-0.061765454193539182,0,0,"R_half_P2_037","R_half","Complete quadratic"
"P06","P2",38,1,1,1200,"",1199,0,200,0,0,0,0,0,0,0.0015779499999999998,0.0035639000000000001,1,1,56405.2347961298,69432.275797822673,0,7.5599137652396883e-10,0,9.8961403436052096e-09,9.9975383903272924e-07,9.9975383903272924e-07,0.00043909975313438144,0.75917439702035416,865.51709721871384,1.3254652861188784e-09,3.9861573198193812,2520024954.8392315,1150,0,0,0,0,0,0,0,0,0,0,-0.057948677626783351,0,0,"R_half_P2_038","R_half","Complete quadratic"
"P06","P2",39,1,1,1200,"",1199,0,200,0,0,0,0,0,0,0.00158825,0.003542,1,1,56276.276058431627,69011.385090290016,0,7.5558604458410479e-10,0,9.8979167355915753e-09,9.9984401099803703e-07,9.9984401099803703e-07,0.00043920419984443696,0.75588338275604072,866.20552702144505,1.0708297646737533e-09,3.9735175079870824,2416349972.8576751,1150,0,0,0,0,0,0,0,0,0,0,-0.05011204999327612,0,0,"R_half_P2_039","R_half","Complete quadratic"
"P06","P2",40,1,1,1200,"",1199,0,200,0,0,0,0,0,0,0.0015641499999999998,0.0029895999999999998,1,1,56215.923521339311,67313.315975681035,0,7.5106370070504153e-10,0,9.9006128199710511e-09,9.9998085243893751e-07,9.9998085243893751e-07,0.00043929331840907119,0.76849077249315245,841.95502768173151,8.0430119145717929e-10,3.9793171735111112,4185650123.8696547,1150,0,0,0,0,0,0,0,0,0,0,-0.063754732105088419,0,0,"R_half_P2_040","R_half","Complete quadratic"
"P06","R",0,0,1,1200,"",1199,0,200,0,0,0,0,0,0,0.0017840999999999998,0.0124631,1,1,56476.106162544515,69439.704187753232,0,7.5140275856266171e-10,0,9.7635886693275591e-09,9.9300258596324186e-07,9.9300258596324186e-07,0.00053281683429192643,0.069735486166045441,66.481619720284897,-9.2452160158890785e-16,3.146758325001084,6.4897805519453947e+28,1150,0,0,0,0,0,0,0,0,0,0,-0.066668165300254489,0,0,"R_half_R_000","R_half","Relaxed"
"P06","R",1,1,1,1200,"",1199,0,200,0,0,0,0,0,0,0.0017368499999999999,0.0076639999999999998,1,1,56126.415388987807,68660.881850801365,0,7.5468849656378063e-10,0,9.9007608508121072e-09,9.9998836530215634e-07,9.9998836530215634e-07,0.00053270576535570889,0.069464314355657447,65.812684463415394,4.0834612367031278e-09,3.1500974165685993,685216244.39606261,1150,0,0,0,0,0,0,0,0,0,0,-0.06826442103009317,0,0,"R_half_R_001","R_half","Relaxed"
"P06","R",2,1,1,1200,"",1199,0,200,0,0,0,0,0,0,0.0017147500000000001,0.0093884999999999993,1,1,56221.323885610182,69738.345660101855,0,7.5504512045536258e-10,0,9.8973469551197713e-09,9.9981508907374389e-07,9.9981508907374389e-07,0.00053264567061809111,0.069922741272020458,65.740861411153077,3.0568129781715991e-09,3.1480826922616698,766668435.57890487,1150,0,0,0,0,0,0,0,0,0,0,-0.078430128406149047,0,0,"R_half_R_002","R_half","Relaxed"
"P06","R",3,1,1,1200,"",1199,0,200,0,0,0,0,0,0,0.0017250500000000001,0.0098621000000000004,1,1,56056.591416995929,69536.858962701081,0,7.5797810126727784e-10,0,9.8943945369412748e-09,9.9966521181077575e-07,9.9966521181077575e-07,0.00053257479592053539,0.070109226694262686,65.925221444914115,1.7950246780388851e-09,3.1508109198821059,1746150807.2608492,1150,0,0,0,0,0,0,0,0,0,0,-0.056329907440108684,0,0,"R_half_R_003","R_half","Relaxed"
"P06","R",4,1,1,1200,"",1199,0,200,0,0,0,0,0,0,0.0016355499999999999,0.0075253000000000004,1,1,55582.865264639695,69005.107570654363,0,7.5956866458896769e-10,0,9.8997070423608111e-09,9.999348811904407e-07,9.999348811904407e-07,0.0005330046200031312,0.069457751235150841,65.461915853500329,2.5240420692391698e-09,3.1442957514820247,1101206167.4069486,1150,0,0,0,0,0,0,0,0,0,0,-0.073339103029190333,0,0,"R_half_R_004","R_half","Relaxed"
"P06","R",5,1,1,1200,"",1199,0,200,0,0,0,0,0,0,0.0016781999999999999,0.0060442999999999998,1,1,55988.422485356146,70252.185062028439,0,7.6070436008334574e-10,0,9.9004023474533568e-09,9.99970170439184e-07,9.99970170439184e-07,0.00053279207590691522,0.069711057510581848,65.240526568381568,8.7062614842665691e-10,3.1498728307931043,3220585052.0475569,1150,0,0,0,0,0,0,0,0,0,0,-0.060178965061521678,0,0,"R_half_R_005","R_half","Relaxed"
"P06","R",6,1,1,1200,"",1199,0,200,0,0,0,0,0,0,0.0015654,0.0039494999999999999,1,1,55881.712348612316,68978.881374637887,0,7.6375132805886819e-10,0,9.8885408689018299e-09,9.9936798932914191e-07,9.9936798932914191e-07,0.00053254334621883823,0.069524968610770468,65.53484106786351,4.0410784004850337e-09,3.150164973674193,691167750.27413929,1150,0,0,0,0,0,0,0,0,0,0,-0.07251681580032357,0,0,"R_half_R_006","R_half","Relaxed"
"P06","R",7,1,1,1200,"",1199,0,200,0,0,0,0,0,0,0.0015552000000000001,0.0030620000000000001,1,1,55946.417993612093,68199.424962518344,0,7.5418165959885414e-10,0,9.8995109453719093e-09,9.9992492833704283e-07,9.9992492833704283e-07,0.00053252520925882831,0.070008647265189142,65.697105213954401,1.9164390379255625e-09,3.1517768252122611,1463502641.1439831,1150,0,0,0,0,0,0,0,0,0,0,-0.086602263303356658,0,0,"R_half_R_007","R_half","Relaxed"
"P06","R",8,1,1,1200,"",1199,0,200,0,0,0,0,0,0,0.0015457499999999998,0.0050933999999999997,1,1,55793.306707598618,68887.29101594277,0,7.5743485564523516e-10,0,9.8999992516471547e-09,9.999497120182674e-07,9.999497120182674e-07,0.00053270789361074312,0.069732892238830363,66.280973260035154,2.9660526833603258e-09,3.1510782476044383,689877672.78665292,1150,0,0,0,0,0,0,0,0,0,0,-0.066490190616793399,0,0,"R_half_R_008","R_half","Relaxed"
"P06","R",9,1,1,1200,"",1199,0,200,0,0,0,0,0,0,0.00154415,0.0026879999999999999,1,1,56202.985818950867,69056.509919375487,0,7.6062442589894843e-10,0,9.8949126036005076e-09,9.9969151267203981e-07,9.9969151267203981e-07,0.0005326594810146412,0.069593585340861269,65.622026136852369,4.0167950167385619e-09,3.1521925936041093,696456576.34120238,1150,0,0,0,0,0,0,0,0,0,0,-0.078454509581011384,0,0,"R_half_R_009","R_half","Relaxed"
"P06","R",10,1,1,1200,"",1199,0,200,0,0,0,0,0,0,0.0015352999999999999,0.0037493000000000001,1,1,55599.64847529745,68629.276260883096,0,7.621297528629494e-10,0,9.8991539431075921e-09,9.9990680852624556e-07,9.9990680852624556e-07,0.00053273614590853473,0.069640950982594541,66.132607417204639,3.7225970060027441e-09,3.146986290497312,754751116.02288342,1150,0,0,0,0,0,0,0,0,0,0,-0.069705555006526893,0,0,"R_half_R_010","R_half","Relaxed"
"P06","R",11,1,1,1200,"",1199,0,200,0,0,0,0,0,0,0.00153465,0.0031099999999999999,1,1,56580.334647600946,69684.137270272666,0,7.5465005141770267e-10,0,9.888080270185292e-09,9.9934459853769535e-07,9.9934459853769535e-07,0.0005326010023854336,0.069461214216916964,65.858437193990156,3.0175385442221619e-09,3.1512985555895225,926128788.09429371,1150,0,0,0,0,0,0,0,0,0,0,-0.059751639135315837,0,0,"R_half_R_011","R_half","Relaxed"
"P06","R",12,1,1,1200,"",1199,0,200,0,0,0,0,0,0,0.0015316000000000001,0.0030446000000000002,1,1,56312.449989639703,69487.237997397955,0,7.5171015254039225e-10,0,9.8982618726281596e-09,9.998615296729457e-07,9.998615296729457e-07,0.00053293812468922785,0.069729408797057246,65.466245235014625,4.2019383158364973e-09,3.143157953618005,504046590.9229514,1150,0,0,0,0,0,0,0,0,0,0,-0.055698660456884319,0,0,"R_half_R_012","R_half","Relaxed"
"P06","R",13,1,1,1200,"",1199,0,200,0,0,0,0,0,0,0.00155495,0.0029066000000000001,1,1,55794.273263807132,69158.823030871019,0,7.619693001108091e-10,0,9.8999852493099233e-09,9.9994900134678326e-07,9.9994900134678326e-07,0.00053248308395551793,0.069722449676831597,65.836878367318732,1.8048759424729456e-09,3.1535737021381984,1550997320.6897545,1150,0,0,0,0,0,0,0,0,0,0,-0.077673426522166494,0,0,"R_half_R_013","R_half","Relaxed"
"P06","R",14,1,1,1200,"",1199,0,200,0,0,0,0,0,0,0.0015676499999999999,0.0028143,1,1,55950.893393679478,68840.092389191836,0,7.5695989970429555e-10,0,9.8921065434318487e-09,9.995490483336492e-07,9.995490483336492e-07,0.00053250914935030742,0.069815592858994899,65.645209142984186,1.948801223785237e-09,3.1502236035461979,1439954521.2540293,1150,0,0,0,0,0,0,0,0,0,0,-0.069885744710446229,0,0,"R_half_R_014","R_half","Relaxed"
"P06","R",15,1,1,1200,"",1199,0,200,0,0,0,0,0,0,0.00155565,0.0037000000000000002,1,1,56064.627575726496,68168.437564580876,0,7.6038199620765558e-10,0,9.8999342960480122e-09,9.9994641527213249e-07,9.9994641527213249e-07,0.0005325493546795043,0.069681106498213574,65.559364859098523,4.2181539766150031e-09,3.1515252806493463,661624221.9551332,1150,0,0,0,0,0,0,0,0,0,0,-0.062244616023116428,0,0,"R_half_R_015","R_half","Relaxed"
"P06","R",16,1,1,1200,"",1199,0,200,0,0,0,0,0,0,0.00153455,0.003591,1,1,56099.078157997472,68875.17683778693,0,7.6057694849561472e-10,0,9.8898205678426509e-09,9.9943297402424916e-07,9.9943297402424916e-07,0.00053279102080453194,0.069908567643027775,65.165255887993737,3.9284145694310544e-09,3.1441305315511578,712777513.16627288,1150,0,0,0,0,0,0,0,0,0,0,-0.060130875833006026,0,0,"R_half_R_016","R_half","Relaxed"
"P06","R",17,1,1,1200,"",1199,0,200,0,0,0,0,0,0,0.0015441999999999999,0.0030305000000000002,1,1,56305.345419281824,69326.520678465458,0,7.5645867239249808e-10,0,9.9001106428671064e-09,9.9995536552557329e-07,9.9995536552557329e-07,0.00053276239766189765,0.069942045491692445,65.804966162008796,2.7347620360840879e-09,3.1459751455222844,1022330168.5345519,1150,0,0,0,0,0,0,0,0,0,0,-0.066158558568687076,0,0,"R_half_R_017","R_half","Relaxed"
"P06","R",18,1,1,1200,"",1199,0,200,0,0,0,0,0,0,0.0015531,0.0028345000000000002,1,1,56171.572231253413,69024.740699640432,0,7.5546029312139969e-10,0,9.8945624699680661e-09,9.9967373739690509e-07,9.9967373739690509e-07,0.00053260968030309562,0.070004224829390019,65.945543302810847,2.3548740185293385e-09,3.1498677618545048,1191652945.8057048,1150,0,0,0,0,0,0,0,0,0,0,-0.067511566169229265,0,0,"R_half_R_018","R_half","Relaxed"
"P06","R",19,1,1,1200,"",1199,0,200,0,0,0,0,0,0,0.0015528999999999999,0.0056100000000000004,1,1,55968.759528200273,68455.553015038982,0,7.5546925347727275e-10,0,9.8998375056072031e-09,9.9994150276564784e-07,9.9994150276564784e-07,0.00053274928036153044,0.069802059919980577,65.76985960542865,3.5741976725701561e-09,3.1527269748788176,629393454.27381098,1150,0,0,0,0,0,0,0,0,0,0,-0.062039384254250429,0,0,"R_half_R_019","R_half","Relaxed"
"P06","R",20,1,1,1200,"",1199,0,200,0,0,0,0,0,0,0.0015328,0.0027552000000000002,1,1,56190.704883708502,69120.471383856158,0,7.5902295994972622e-10,0,9.8991947507006748e-09,9.9990887975040223e-07,9.9990887975040223e-07,0.00053271248800970423,0.069677202387510906,66.00764506656239,5.3986365957346937e-09,3.1443445975894506,518508541.70578796,1150,0,0,0,0,0,0,0,0,0,0,-0.065805902366414426,0,0,"R_half_R_020","R_half","Relaxed"
"P06","R",21,1,1,1200,"",1199,0,200,0,0,0,0,0,0,0.0015233999999999998,0.0027699000000000001,1,1,55814.920736586071,68110.010017699766,0,7.584341315848817e-10,0,9.9003032059451803e-09,9.9996513872398078e-07,9.9996513872398078e-07,0.00053283911522193086,0.069427052680525306,65.064204490114349,2.7404845644914415e-09,3.151287442639052,745527431.51829004,1150,0,0,0,0,0,0,0,0,0,0,-0.066579778173609022,0,0,"R_half_R_021","R_half","Relaxed"
"P06","R",22,1,1,1200,"",1199,0,200,0,0,0,0,0,0,0.0015370499999999999,0.0034450000000000001,1,1,55923.014451804338,69097.443793857863,0,7.6340198274359679e-10,0,9.8933694750632061e-09,9.9961317014671209e-07,9.9961317014671209e-07,0.00053260378837373813,0.070149469671315634,65.827584486546499,4.0938278369429233e-09,3.1518647489837419,685677085.85592222,1150,0,0,0,0,0,0,0,0,0,0,-0.070175975579321592,0,0,"R_half_R_022","R_half","Relaxed"
"P06","R",23,1,1,1200,"",1199,0,200,0,0,0,0,0,0,0.0015233,0.0035068,1,1,55828.290540769609,68600.014991571996,0,7.5596421313916612e-10,0,9.8920987413383712e-09,9.9954865219162724e-07,9.9954865219162724e-07,0.00053253117649930209,0.069913645975063998,65.783514638544005,2.1334056337935642e-09,3.1505006476720165,1088399421.252924,1150,0,0,0,0,0,0,0,0,0,0,-0.068030432990926093,0,0,"R_half_R_023","R_half","Relaxed"
"P06","R",24,1,1,1200,"",1199,0,200,0,0,0,0,0,0,0.00153805,0.0035964999999999999,1,1,56113.200542329956,69359.227833461453,0,7.653717161773453e-10,0,9.8930091039541327e-09,9.9959487372708722e-07,9.9959487372708722e-07,0.00053262219419504986,0.0699393910015602,65.392114370449377,2.6647989249404829e-09,3.1506910276261699,1051051096.1855499,1150,0,0,0,0,0,0,0,0,0,0,-0.079384818988393169,0,0,"R_half_R_024","R_half","Relaxed"
"P06","R",25,1,1,1200,"",1199,0,200,0,0,0,0,0,0,0.0015711499999999999,0.0037146000000000002,1,1,55620.871523351423,68600.246636719283,0,7.5798980970189328e-10,0,9.9001224300514488e-09,9.9995596376596108e-07,9.9995596376596108e-07,0.00053241196210513514,0.070391592614618304,66.128784953695913,5.0749863812167728e-09,3.1511953097964822,441172036.34850919,1150,0,0,0,0,0,0,0,0,0,0,-0.076880318007387288,0,0,"R_half_R_025","R_half","Relaxed"
"P06","R",26,1,1,1200,"",1199,0,200,0,0,0,0,0,0,0.0015919,0.0034443,1,1,55668.528111476859,68472.799388298648,0,7.6348247329201679e-10,0,9.8997236079225842e-09,9.9993572196688412e-07,9.9993572196688412e-07,0.00053254122530723216,0.069968690115161811,66.060174890760806,2.3628910582298699e-09,3.1470190611258744,1186151395.2233307,1150,0,0,0,0,0,0,0,0,0,0,-0.076649651443864875,0,0,"R_half_R_026","R_half","Relaxed"
"P06","R",27,1,1,1200,"",1199,0,200,0,0,0,0,0,0,0.0016001000000000001,0.0031419,1,1,56112.299611242299,68822.279681166707,0,7.5696433037428557e-10,0,9.8975293629935533e-09,9.9982434814469288e-07,9.9982434814469288e-07,0.0005323778094502101,0.069603274039572172,66.192484073347387,1.4741011656701944e-09,3.1541905128556502,1387307791.8105178,1150,0,0,0,0,0,0,0,0,0,0,-0.059750319244292638,0,0,"R_half_R_027","R_half","Relaxed"
"P06","R",28,1,1,1200,"",1199,0,200,0,0,0,0,0,0,0.0015977000000000001,0.0036289999999999998,1,1,56113.538016775186,69185.934031299272,0,7.5771908371664862e-10,0,9.9006596353403564e-09,9.9998322841920729e-07,9.9998322841920729e-07,0.00053265854118549278,0.070210331828753969,65.544440715424145,2.2606858936817698e-09,3.1502524895577273,905821870.81375384,1150,0,0,0,0,0,0,0,0,0,0,-0.058962264779477358,0,0,"R_half_R_028","R_half","Relaxed"
"P06","R",29,1,1,1200,"",1199,0,200,0,0,0,0,0,0,0.00154875,0.0037905,1,1,55786.114824793636,68836.057460199561,0,7.5695907589487941e-10,0,9.8961899599143502e-09,9.9975635772980774e-07,9.9975635772980774e-07,0.00053267827716052497,0.069367323658032914,66.063844595279079,2.9594880106770789e-09,3.1492854940343462,946630860.5353924,1150,0,0,0,0,0,0,0,0,0,0,-0.066008893018975223,0,0,"R_half_R_029","R_half","Relaxed"
"P06","R",30,1,1,1200,"",1199,0,200,0,0,0,0,0,0,0.0015528999999999999,0.0036884999999999999,1,1,55600.380574010043,68274.381987639295,0,7.6340840344176955e-10,0,9.8980332631441202e-09,9.9984992580797699e-07,9.9984992580797699e-07,0.00053269358209888211,0.069393021886689818,65.900276998483349,4.5639517007495314e-09,3.1481155168394901,613995126.49379385,1150,0,0,0,0,0,0,0,0,0,0,-0.052608861114445959,0,0,"R_half_R_030","R_half","Relaxed"
"P06","R",31,1,1,1200,"",1199,0,200,0,0,0,0,0,0,0.001554,0.0039557999999999998,1,1,56186.272554534225,68896.225613303133,0,7.5917395739028015e-10,0,9.8994862493627568e-09,9.999236748903903e-07,9.999236748903903e-07,0.00053270288071992941,0.069424419672884249,65.646202944612327,5.3327174204525086e-09,3.1458399212510217,578497726.9349879,1150,0,0,0,0,0,0,0,0,0,0,-0.073052662474616115,0,0,"R_half_R_031","R_half","Relaxed"
"P06","R",32,1,1,1200,"",1199,0,200,0,0,0,0,0,0,0.0015837,0.0030944000000000002,1,1,55950.716088449728,69173.820025917943,0,7.6090925574766715e-10,0,9.8908325955188618e-09,9.9948436309384643e-07,9.9948436309384643e-07,0.00053241181275479662,0.07014879308152315,66.224028825963089,3.2852331520599279e-09,3.1486069866409281,856014946.90488958,1150,0,0,0,0,0,0,0,0,0,0,-0.071843888320196669,0,0,"R_half_R_032","R_half","Relaxed"
"P06","R",33,1,1,1200,"",1199,0,200,0,0,0,0,0,0,0.0015435499999999999,0.0059217999999999996,1,1,55849.883568140642,69125.379034960439,0,7.6372072463276164e-10,0,9.8973383834357756e-09,9.9981465397075232e-07,9.9981465397075232e-07,0.00053285798986936581,0.069288425293782763,65.686655616388194,2.6215175919674016e-09,3.1431238417876091,780353127.06081522,1150,0,0,0,0,0,0,0,0,0,0,-0.067880707182096878,0,0,"R_half_R_033","R_half","Relaxed"
"P06","R",34,1,1,1200,"",1199,0,200,0,0,0,0,0,0,0.0015556000000000001,0.0031178,1,1,56240.174228882111,69141.633123353706,0,7.5875711156326085e-10,0,9.8934951362458785e-09,9.9961955001931607e-07,9.9961955001931607e-07,0.00053252586870685575,0.069865136719881607,65.678440738920457,5.0123438201959183e-09,3.151042998812398,560746597.3231132,1150,0,0,0,0,0,0,0,0,0,0,-0.073494640356529417,0,0,"R_half_R_034","R_half","Relaxed"
"P06","R",35,1,1,1200,"",1199,0,200,0,0,0,0,0,0,0.0015417999999999999,0.0033641999999999999,1,1,55969.244951783694,68809.870893089668,0,7.6421103729829533e-10,0,9.8989898209795684e-09,9.9989847832514708e-07,9.9989847832514708e-07,0.000532516419006638,0.069639454169853371,65.986503310558945,3.4512211486869227e-09,3.1490519486872466,812528881.53947294,1150,0,0,0,0,0,0,0,0,0,0,-0.059983265029458471,0,0,"R_half_R_035","R_half","Relaxed"
"P06","R",36,1,1,1200,"",1199,0,200,0,0,0,0,0,0,0.0015472000000000001,0.0032558999999999999,1,1,56114.409588157621,69313.30984893562,0,7.5422302702706869e-10,0,9.8977274044383777e-09,9.9983440068414618e-07,9.9983440068414618e-07,0.00053246032850268632,0.069461336668464949,65.909943785879634,3.8796464633110868e-09,3.1503922646075799,807728392.13606787,1150,0,0,0,0,0,0,0,0,0,0,-0.077307201218477395,0,0,"R_half_R_036","R_half","Relaxed"
"P06","R",37,1,1,1200,"",1199,0,200,0,0,0,0,0,0,0.0015166999999999999,0.0035382,1,1,55853.336424514127,68899.960275227801,0,7.6318332766905528e-10,0,9.8913897382550097e-09,9.9951265275746797e-07,9.9951265275746797e-07,0.00053273780287532648,0.070038368887167954,65.795729757400423,2.9090429032295962e-09,3.1465641515238048,964480488.02068615,1150,0,0,0,0,0,0,0,0,0,0,-0.062101709526125148,0,0,"R_half_R_037","R_half","Relaxed"
"P06","R",38,1,1,1200,"",1199,0,200,0,0,0,0,0,0,0.0015435499999999999,0.0032992,1,1,56339.412973328217,69192.771633809447,0,7.5653587500533426e-10,0,9.8944722409176346e-09,9.9966915667767195e-07,9.9966915667767195e-07,0.0005327512155459778,0.06964424435024863,65.605640337713496,4.5383090316397179e-09,3.1517620518640528,689572408.84868693,1150,0,0,0,0,0,0,0,0,0,0,-0.058271689588196673,0,0,"R_half_R_038","R_half","Relaxed"
"P06","R",39,1,1,1200,"",1199,0,200,0,0,0,0,0,0,0.00154645,0.0038608000000000002,1,1,55987.650535891793,68972.529436735844,0,7.5498899879673189e-10,0,9.8998531255400803e-09,9.9994229554205128e-07,9.9994229554205128e-07,0.00053278388911299763,0.069548440094624381,65.738078653654838,2.8658350749258389e-09,3.1450429571671084,976655470.84484327,1150,0,0,0,0,0,0,0,0,0,0,-0.050056263955598423,0,0,"R_half_R_039","R_half","Relaxed"
"P06","R",40,1,1,1200,"",1199,0,200,0,0,0,0,0,0,0.0015345999999999999,0.0026405000000000001,1,1,55989.559643556953,69477.299527407173,0,7.5437625587475446e-10,0,9.8981940437081468e-09,9.9985808679537595e-07,9.9985808679537595e-07,0.00053266295435518748,0.069866475590065272,65.754670586249503,2.756932801006283e-09,3.1490509749235773,1016286533.961566,1150,0,0,0,0,0,0,0,0,0,0,-0.063384137530177909,0,0,"R_half_R_040","R_half","Relaxed"
"P06","S",0,0,1,1200,"",1199,0,200,0,0,0,0,0,0,0.0016903,0.0110385,1,1,56474.775972315932,69442.076927646805,0,7.513986040573639e-10,0,9.7634227755534349e-09,9.929941081632769e-07,9.929941081632769e-07,0.00057814501485892785,0.055605272087618909,61.024644373287117,-9.7632980364174547e-16,2.8476367198252142,2.4798955092848021e+20,1150,0,0,0,0,0,0,0,0,0,0,-0.066667451445104275,0,0,"R_half_S_000","R_half","Shared"
"P06","S",1,1,1,1200,"",1199,0,200,0,0,0,0,0,0,0.0016826,0.012351900000000001,1,1,56096.291944709345,69348.565118397688,0,7.5811128863836087e-10,0,9.8996271286662398e-09,9.9993082520274036e-07,9.9993082520274036e-07,0.0005781457091979526,0.055846617779042158,60.391172717677065,2.2152354911250969e-05,2.8455774876389976,92844.960129210958,1150,0,0,0,0,0,0,0,0,0,0,-0.067567040486406965,0,0,"R_half_S_001","R_half","Shared"
"P06","S",2,1,1,1200,"",1199,0,200,0,0,0,0,0,0,0.0016765999999999999,0.0090177999999999994,1,1,56227.463265699014,69709.224357982937,0,7.5499802846698482e-10,0,9.900502045864497e-09,9.9997523039363854e-07,9.9997523039363854e-07,0.00057797482706272774,0.05548653685799395,60.371580704372121,2.0414127699094054e-05,2.8487372840962308,83378.971224504014,1150,0,0,0,0,0,0,0,0,0,0,-0.078489088433753462,0,0,"R_half_S_002","R_half","Shared"
"P06","S",3,1,1,1200,"",1199,0,200,0,0,0,0,0,0,0.0016870000000000001,0.017860399999999998,1,1,56043.306129610617,69894.136586706169,0,7.6053504684016884e-10,0,9.8969673899513524e-09,9.9979582197661218e-07,9.9979582197661218e-07,0.00057797269725725091,0.055765202658956264,60.505342632004833,3.1704811866725127e-05,2.8485233118240063,81202.285146402326,1150,0,0,0,0,0,0,0,0,0,0,-0.055854342173286886,0,0,"R_half_S_003","R_half","Shared"
"P06","S",4,1,1,1200,"",1199,0,200,0,0,0,0,0,0,0.00163915,0.0112619,1,1,55585.87783363121,68900.921748478329,0,7.5960175964257994e-10,0,9.8958314272821146e-09,9.9973815722093411e-07,9.9973815722093411e-07,0.00057828434759381125,0.055318252862381477,60.093031723855177,2.5201107978624527e-05,2.8452247779389106,79384.060721483955,1150,0,0,0,0,0,0,0,0,0,0,-0.073321059057363358,0,0,"R_half_S_004","R_half","Shared"
"P06","S",5,1,1,1200,"",1199,0,200,0,0,0,0,0,0,0.0017492499999999999,0.0088482000000000005,1,1,55985.299397105067,70187.918447355391,0,7.6623717573229551e-10,0,9.8968628046415786e-09,9.9979051306027904e-07,9.9979051306027904e-07,0.00057809206081405994,0.055319950797624445,59.874059138408228,1.3635540881892064e-05,2.8496303894351516,150790.83531725346,1150,0,0,0,0,0,0,0,0,0,0,-0.060321515077228965,0,0,"R_half_S_005","R_half","Shared"
"P06","S",6,1,1,1200,"",1199,0,200,0,0,0,0,0,0,0.0017256999999999999,0.0087711000000000004,1,1,55880.456018625526,69177.761734471758,0,7.6516011268301062e-10,0,9.9004387312473914e-09,9.9997201701456048e-07,9.9997201701456048e-07,0.00057786449027570576,0.055536349517129172,60.185530122767311,2.7821553833517652e-05,2.850037223989538,73803.34621316925,1150,0,0,0,0,0,0,0,0,0,0,-0.072521894887843857,0,0,"R_half_S_006","R_half","Shared"
"P06","S",7,1,1,1200,"",1199,0,200,0,0,0,0,0,0,0.0016695,0.010079599999999999,1,1,55938.896959830337,68559.914165825292,0,7.5369140898812162e-10,0,9.8949122633327118e-09,9.9969149539779113e-07,9.9969149539779113e-07,0.00057790689300495264,0.05553836189794116,60.288545313809479,2.0081181617899918e-05,2.8495218196264656,102557.9742044603,1150,0,0,0,0,0,0,0,0,0,0,-0.085984303978731025,0,0,"R_half_S_007","R_half","Shared"
"P06","S",8,1,1,1200,"",1199,0,200,0,0,0,0,0,0,0.0017349499999999999,0.010032599999999999,1,1,55784.819796253796,69093.702816679564,0,7.6031976979582652e-10,0,9.8996630932583782e-09,9.9993265057327022e-07,9.9993265057327022e-07,0.0005780978588148496,0.055573904612656752,60.806842299139277,2.2651236604706161e-05,2.8493800226745005,75168.229163301978,1150,0,0,0,0,0,0,0,0,0,0,-0.06601575960598749,0,0,"R_half_S_008","R_half","Shared"
"P06","S",9,1,1,1200,"",1199,0,200,0,0,0,0,0,0,0.00171265,0.0128217,1,1,56192.014369500263,69332.723042839119,0,7.6053116902752873e-10,0,9.8974627020731374e-09,9.998209644288843e-07,9.998209644288843e-07,0.0005780026705614733,0.055344098061889266,60.211816805797262,3.0193877550543544e-05,2.8500972458871776,68045.443134246831,1150,0,0,0,0,0,0,0,0,0,0,-0.078043854580723299,0,0,"R_half_S_009","R_half","Shared"
"P06","S",10,1,1,1200,"",1199,0,200,0,0,0,0,0,0,0.00169115,0.016255700000000001,1,1,55588.565554475339,68526.355794222109,0,7.6229904720569482e-10,0,9.9002281042637149e-09,9.9996132708218566e-07,9.9996132708218566e-07,0.00057805245640008712,0.055751489274654023,60.737938726387881,2.1550209819517157e-05,2.8486224539038147,95531.852099015567,1150,0,0,0,0,0,0,0,0,0,0,-0.069894816181828912,0,0,"R_half_S_010","R_half","Shared"
"P06","S",11,1,1,1200,"",1199,0,200,0,0,0,0,0,0,0.00167665,0.0083228,1,1,56570.172387523351,69981.15754256364,0,7.4883152179910329e-10,0,9.8985292564333305e-09,9.9987510149432265e-07,9.9987510149432265e-07,0.00057801117908289458,0.055813637204894899,60.454632973126735,2.0610708677414082e-05,2.8491355203901256,99690.659822727815,1150,0,0,0,0,0,0,0,0,0,0,-0.059409971674303674,0,0,"R_half_S_011","R_half","Shared"
"P06","S",12,1,1,1200,"",1199,0,200,0,0,0,0,0,0,0.00178505,0.010635800000000001,1,1,56323.038164006532,69488.695323084816,0,7.5172568457764061e-10,0,9.895090131886126e-09,9.9970052515236962e-07,9.9970052515236962e-07,0.00057820265195289455,0.0553482433184736,60.093333424635844,2.3563140407615149e-05,2.8454652259578332,87144.561991230032,1150,0,0,0,0,0,0,0,0,0,0,-0.05564634395791701,0,0,"R_half_S_012","R_half","Shared"
"P06","S",13,1,1,1200,"",1199,0,200,0,0,0,0,0,0,0.0016457500000000001,0.0107569,1,1,55794.446393951075,69232.27958769766,0,7.6204962370996867e-10,0,9.9000067422577721e-09,9.9995009219483851e-07,9.9995009219483851e-07,0.00057786511902445392,0.055630372946126827,60.464537068007999,2.2830714711701494e-05,2.8527652327584012,90048.059087537127,1150,0,0,0,0,0,0,0,0,0,0,-0.077829978285116702,0,0,"R_half_S_013","R_half","Shared"
"P06","S",14,1,1,1200,"",1199,0,200,0,0,0,0,0,0,0.0017387500000000001,0.015071899999999999,1,1,55949.46719216404,68859.325379384856,0,7.5680875935737802e-10,0,9.9000599906500453e-09,9.9995279474627375e-07,9.9995279474627375e-07,0.00057780114258780253,0.055527923373525884,60.249229310226141,1.9194257524151844e-05,2.849871640489916,107152.41741625933,1150,0,0,0,0,0,0,0,0,0,0,-0.069628396951350979,0,0,"R_half_S_014","R_half","Shared"
"P06","S",15,1,1,1200,"",1199,0,200,0,0,0,0,0,0,0.00173095,0.014603700000000001,1,1,56048.492801585904,68456.698929774313,0,7.6430672007513983e-10,0,9.8978474363058005e-09,9.9984049342642177e-07,9.9984049342642177e-07,0.00057792259865458362,0.055343716292221526,60.156019412651375,2.2775793542877999e-05,2.8493174909090957,90226.866779784279,1150,0,0,0,0,0,0,0,0,0,0,-0.061930827641837605,0,0,"R_half_S_015","R_half","Shared"
"P06","S",16,1,1,1200,"",1199,0,200,0,0,0,0,0,0,0.0017392499999999999,0.0119582,1,1,56095.071945277814,69022.501320388212,0,7.6064657975183043e-10,0,9.8997222003020434e-09,9.9993565052387282e-07,9.9993565052387282e-07,0.00057813364143908456,0.055087576857212703,59.833036435014151,2.8797724271657516e-05,2.8450252899425159,71399.928746805614,1150,0,0,0,0,0,0,0,0,0,0,-0.060219782760304985,0,0,"R_half_S_016","R_half","Shared"
"P06","S",17,1,1,1200,"",1199,0,200,0,0,0,0,0,0,0.0016532999999999999,0.0092808000000000005,1,1,56293.779277548529,69638.440674034136,0,7.562098992516988e-10,0,9.8989376091496613e-09,9.9989582824132758e-07,9.9989582824132758e-07,0.00057814209075758897,0.055628935791843651,60.401201170347143,1.9682810421193945e-05,2.8452934179301757,104455.75160127821,1150,0,0,0,0,0,0,0,0,0,0,-0.065928541603221952,0,0,"R_half_S_017","R_half","Shared"
"P06","S",18,1,1,1200,"",1199,0,200,0,0,0,0,0,0,0.0017303499999999999,0.0095820000000000002,1,1,56165.867964825287,69491.543332581743,0,7.6174270960105759e-10,0,9.9004253291721465e-09,9.9997133682360418e-07,9.9997133682360418e-07,0.00057806121928273904,0.055731280457580759,60.573683746489323,1.6978197025385616e-05,2.8481126066730678,121312.05195060579,1150,0,0,0,0,0,0,0,0,0,0,-0.067376039457663794,0,0,"R_half_S_018","R_half","Shared"
"P06","S",19,1,1,1200,"",1199,0,200,0,0,0,0,0,0,0.00167855,0.0081586000000000002,1,1,55947.035534463692,68704.960806972304,0,7.6192758622705944e-10,0,9.9000686073865455e-09,9.9995323207657954e-07,9.9995323207657954e-07,0.00057808886819201181,0.055525376240134462,60.360142735186145,3.624738502890174e-05,2.8499123092031091,64676.311135711985,1150,0,0,0,0,0,0,0,0,0,0,-0.061479695799056683,0,0,"R_half_S_019","R_half","Shared"
"P06","S",20,1,1,1200,"",1199,0,200,0,0,0,0,0,0,0.0017109999999999998,0.0133045,1,1,56200.460608558889,69020.715306272294,0,7.5928257764976099e-10,0,9.8988010467093317e-09,9.9988889679260315e-07,9.9988889679260315e-07,0.00057803267438711595,0.055792851102253418,60.593769740469511,2.9641666607565774e-05,2.846158394656455,66182.571873637993,1150,0,0,0,0,0,0,0,0,0,0,-0.066010266469967577,0,0,"R_half_S_020","R_half","Shared"
"P06","S",21,1,1,1200,"",1199,0,200,0,0,0,0,0,0,0.00184585,0.0115893,1,1,55804.01402229628,68238.536209722995,0,7.6300724820414001e-10,0,9.9006287505619125e-09,9.9998166095117895e-07,9.9998166095117895e-07,0.00057811334217884168,0.055036594791278551,59.710903551308547,2.7530871636041694e-05,2.8503459340296811,70520.646667103778,1150,0,0,0,0,0,0,0,0,0,0,-0.066186369221594987,0,0,"R_half_S_021","R_half","Shared"
"P06","S",22,1,1,1200,"",1199,0,200,0,0,0,0,0,0,0.0015641499999999998,0.0087425000000000003,1,1,55925.075964984266,69293.574739648917,0,7.6346943374909934e-10,0,9.8981859637667711e-09,9.9985767667088286e-07,9.9985767667088286e-07,0.00057796888598308225,0.055658137802509965,60.434099800195646,2.688045719080583e-05,2.8508359329116213,76535.410962177455,1150,0,0,0,0,0,0,0,0,0,0,-0.070247124440394881,0,0,"R_half_S_022","R_half","Shared"
"P06","S",23,1,1,1200,"",1199,0,200,0,0,0,0,0,0,0.0015217,0.0036285000000000002,1,1,55813.426316860918,68901.956513209807,0,7.6352045986155545e-10,0,9.8959401423039212e-09,9.9974367605215835e-07,9.9974367605215835e-07,0.00057790681134826374,0.055510795549127537,60.373360174089136,2.2857806307933549e-05,2.8485115134804557,89948.504074678189,1150,0,0,0,0,0,0,0,0,0,0,-0.067729229552833253,0,0,"R_half_S_023","R_half","Shared"
"P06","S",24,1,1,1200,"",1199,0,200,0,0,0,0,0,0,0.0015172499999999999,0.0047505999999999998,1,1,56114.315615277148,69471.889290894775,0,7.6526195239025067e-10,0,9.8995627730943233e-09,9.9992755884956533e-07,9.9992755884956533e-07,0.00057793815887788736,0.055252577105091016,60.069954525209681,2.0385372137767571e-05,2.8506953833928841,100821.95257988578,1150,0,0,0,0,0,0,0,0,0,0,-0.07948224852327479,0,0,"R_half_S_024","R_half","Shared"
"P06","S",25,1,1,1200,"",1199,0,200,0,0,0,0,0,0,0.0015087,0.0029321999999999998,1,1,55622.031622607574,68875.719921483833,0,7.6541666453312971e-10,0,9.9004243311536689e-09,9.9997128617148116e-07,9.9997128617148116e-07,0.00057773020244794831,0.055756798220249676,60.672949305814299,2.723892138108128e-05,2.8491359819007065,67633.804009147032,1150,0,0,0,0,0,0,0,0,0,0,-0.076332423094713386,0,0,"R_half_S_025","R_half","Shared"
"P06","S",26,1,1,1200,"",1199,0,200,0,0,0,0,0,0,0.0015292000000000001,0.0034091999999999998,1,1,55670.287126507443,68696.930403942693,0,7.6082466651581712e-10,0,9.898034933175741e-09,9.9985001057670204e-07,9.9985001057670204e-07,0.00057793933573318569,0.056146018699392966,60.636054310900377,2.3346769828952311e-05,2.847803023699591,88077.545225626367,1150,0,0,0,0,0,0,0,0,0,0,-0.076725704979546172,0,0,"R_half_S_026","R_half","Shared"
"P06","S",27,1,1,1200,"",1199,0,200,0,0,0,0,0,0,0.0015222,0.0033126000000000002,1,1,56113.420285205466,69034.12446361722,0,7.564627547742145e-10,0,9.8993829849446837e-09,9.999184336850974e-07,9.999184336850974e-07,0.00057772556868674165,0.055722157412696205,60.749763864920183,2.8434484112930657e-05,2.8524842553459502,72248.348778075102,1150,0,0,0,0,0,0,0,0,0,0,-0.059787611140946273,0,0,"R_half_S_027","R_half","Shared"
"P06","S",28,1,1,1200,"",1199,0,200,0,0,0,0,0,0,0.0015245,0.0031193000000000002,1,1,56109.911448214429,69201.163074734155,0,7.5733678578795875e-10,0,9.8902925997333039e-09,9.9945694333663282e-07,9.9945694333663282e-07,0.0005779348055458375,0.05564983300925061,60.140131777046506,2.8157024317103718e-05,2.8499033003714995,62444.829825579363,1150,0,0,0,0,0,0,0,0,0,0,-0.058709430967913534,0,0,"R_half_S_028","R_half","Shared"
"P06","S",29,1,1,1200,"",1199,0,200,0,0,0,0,0,0,0.0015279,0.0051548000000000002,1,1,55771.980999444873,69115.908936816806,0,7.6050002528407804e-10,0,9.9116018039291031e-09,9.9998976430344816e-07,9.9998976430344816e-07,0.00057804584761175998,0.055696405201246205,60.611566114535329,2.188271561531747e-05,2.8475489405499093,77819.532226119685,1150,0,0,0,0,0,0,0,0,0,0,-0.065515049724177099,0,0,"R_half_S_029","R_half","Shared"
"P06","S",30,1,1,1200,"",1199,0,200,0,0,0,0,0,0,0.0015194,0.0033938000000000002,1,1,55599.221519238374,68101.26822173789,0,7.6340760614166458e-10,0,9.8988573486627698e-09,9.9989175449553958e-07,9.9989175449553958e-07,0.00057797864832673902,0.05563252091504052,60.482077936489979,3.1075973315317892e-05,2.8489059626069344,66093.405177211476,1150,0,0,0,0,0,0,0,0,0,0,-0.05281568911602047,0,0,"R_half_S_030","R_half","Shared"
"P06","S",31,1,1,1200,"",1199,0,200,0,0,0,0,0,0,0.00150505,0.0025864,1,1,56177.603964278496,69014.959066753494,0,7.6247049681828949e-10,0,9.9007932742629493e-09,9.9999001085014487e-07,9.9999001085014487e-07,0.00057802870338861413,0.055295569356482367,60.227027383052103,2.4851779827359557e-05,2.8455667672097888,82658.794334456208,1150,0,0,0,0,0,0,0,0,0,0,-0.072714675513449012,0,0,"R_half_S_031","R_half","Shared"
"P06","S",32,1,1,1200,"",1199,0,200,0,0,0,0,0,0,0.0015201500000000001,0.0042398000000000002,1,1,55966.665992304086,68992.594640848736,0,7.6129051733861628e-10,0,9.8918654158947092e-09,9.9953680529820951e-07,9.9953680529820951e-07,0.00057772830980319797,0.055966215910651748,60.800276788860231,2.4219608874877241e-05,2.8493529920429452,70292.048695265155,1150,0,0,0,0,0,0,0,0,0,0,-0.071937761917188203,0,0,"R_half_S_032","R_half","Shared"
"P06","S",33,1,1,1200,"",1199,0,200,0,0,0,0,0,0,0.0015184500000000002,0.0049379999999999997,1,1,55855.601914184241,69085.507320699864,0,7.6357273778839634e-10,0,9.9009116835276448e-09,9.9999602030895349e-07,9.9999602030895349e-07,0.00057812706739363289,0.055310876766114653,60.281530262324324,2.5595397148529532e-05,2.8446247343754218,80280.353488367909,1150,0,0,0,0,0,0,0,0,0,0,-0.067816629710031884,0,0,"R_half_S_033","R_half","Shared"
"P06","S",34,1,1,1200,"",1199,0,200,0,0,0,0,0,0,0.0015194,0.0035377,1,1,56246.230846536753,69193.911190946543,0,7.5855114423358445e-10,0,9.8945925228917133e-09,9.9967526310941239e-07,9.9967526310941239e-07,0.00057781726428769178,0.055506993264189883,60.302073565305797,2.8929720592278142e-05,2.8506609623299091,71046.775090615018,1150,0,0,0,0,0,0,0,0,0,0,-0.073323926084021385,0,0,"R_half_S_034","R_half","Shared"
"P06","S",35,1,1,1200,"",1199,0,200,0,0,0,0,0,0,0.00153035,0.0053558,1,1,55971.760113791861,69043.65071879141,0,7.6419222088787394e-10,0,9.8989673871626873e-09,9.9989733966650559e-07,9.9989733966650559e-07,0.00057790314208207088,0.055533482403657367,60.558780858215528,2.5385811179227849e-05,2.8485795744324918,81031.775215553964,1150,0,0,0,0,0,0,0,0,0,0,-0.059962025522440288,0,0,"R_half_S_035","R_half","Shared"
"P06","S",36,1,1,1200,"",1199,0,200,0,0,0,0,0,0,0.00157705,0.0046668999999999999,1,1,56121.755304934093,69223.434428924767,0,7.5577322230071461e-10,0,9.8986208531764403e-09,9.9987975070438685e-07,9.9987975070438685e-07,0.00057785347237688026,0.055589252050745372,60.510099145560908,3.1788967030751768e-05,2.8508941265542802,78032.723836081859,1150,0,0,0,0,0,0,0,0,0,0,-0.077576051865071993,0,0,"R_half_S_036","R_half","Shared"
"P06","S",37,1,1,1200,"",1199,0,200,0,0,0,0,0,0,0.0015979499999999999,0.0046554999999999999,1,1,55855.657612439398,68936.888173500294,0,7.5933438169948225e-10,0,9.8917951037406805e-09,9.9953323523352263e-07,9.9953323523352263e-07,0.00057807159446282813,0.055425121211234649,60.397321263715881,2.2498949546166061e-05,2.8475401077793578,91486.101911264093,1150,0,0,0,0,0,0,0,0,0,0,-0.062193629201627409,0,0,"R_half_S_037","R_half","Shared"
"P06","S",38,1,1,1200,"",1199,0,200,0,0,0,0,0,0,0.0015329499999999999,0.0081741000000000001,1,1,56334.542736836913,69196.800879886781,0,7.5637477213782089e-10,0,9.8994962831309063e-09,9.9992418415475822e-07,9.9992418415475822e-07,0.0005780602114671522,0.055237719335329893,60.220857474058711,2.4044172275656877e-05,2.8511013585886014,85306.184980987498,1150,0,0,0,0,0,0,0,0,0,0,-0.058250764393734999,0,0,"R_half_S_038","R_half","Shared"
"P06","S",39,1,1,1200,"",1199,0,200,0,0,0,0,0,0,0.0015465000000000001,0.0068444999999999999,1,1,55983.795215999431,69096.840562028359,0,7.6009232975680905e-10,0,9.8986882877376708e-09,9.9988317349196245e-07,9.9988317349196245e-07,0.00057809932281393769,0.055164784845392174,60.314259355836398,2.7587014968033464e-05,2.8454602255023,74499.392935117867,1150,0,0,0,0,0,0,0,0,0,0,-0.049712085703804865,0,0,"R_half_S_039","R_half","Shared"
"P06","S",40,1,1,1200,"",1199,0,200,0,0,0,0,0,0,0.0015558500000000001,0.0037214000000000001,1,1,55984.907859071129,69706.335665234277,0,7.6030614437019422e-10,0,9.8986151281056165e-09,9.9987946011545142e-07,9.9987946011545142e-07,0.00057798965884677098,0.05550904651089951,60.327986317802655,2.2662794091911822e-05,2.8480279942582833,90805.963377462438,1150,0,0,0,0,0,0,0,0,0,0,-0.062940040181134194,0,0,"R_half_S_040","R_half","Shared"
"P06","W",0,0,1,1200,"",1199,0,200,0,0,0,0,0,0,0.00156285,0.0049525999999999997,1,1,71625.956744018651,101103.54819369635,0,3.1405826480094573e-10,0,9.0248589122907999e-09,9.5451574686179575e-07,9.5377231568402646e-07,0.00063907138707798127,0.057895051842766429,49.513546043812205,3.281560101197812e-16,2.6647255947756574,4136860382127401.5,1150,0,0,0,0,0,0,0,0,0,0,-0.12170689419574515,0,0,"R_half_W_000","R_half","Incorrectly shared"
"P06","W",1,1,1,1200,"",1199,0,200,0,0,0,0,0,0,0.0015209500000000001,0.0031806999999999998,1,1,70776.793792146986,98833.963851394001,0,4.1044392950883459e-10,0,9.7163484003997691e-09,9.9058554112096949e-07,9.9058554112096949e-07,0.00063905348111186454,0.058450335392013261,49.345516328063425,6.0912483483023591e-05,2.6677399356761655,40173.361144847811,1150,0,0,0,0,0,0,0,0,0,0,-0.12114008636551835,0,0,"R_half_W_001","R_half","Incorrectly shared"
"P06","W",2,1,1,1200,"",1199,0,200,0,0,0,0,0,0,0.00156755,0.0041311000000000004,1,1,71789.191283981796,101403.67601380355,0,4.0744409224048601e-10,0,9.7957492851121353e-09,9.9464477041300793e-07,9.9464477041300793e-07,0.00063909807402619517,0.057517550321556629,48.799741149795238,3.7208942255299434e-05,2.6659021295739889,51779.708412030566,1150,0,0,0,0,0,0,0,0,0,0,-0.14493714111493791,0,0,"R_half_W_002","R_half","Incorrectly shared"
"P06","W",3,1,1,1200,"",1199,0,200,0,0,0,0,0,0,0.0015638,0.0042751999999999998,1,1,71505.152174085539,100675.40073020018,0,4.2284427877557825e-10,0,9.8955615825851819e-09,9.9972448736669849e-07,9.9939101309989083e-07,0.00063898419673298309,0.058088634143951254,49.195141472502534,3.9688820445184518e-05,2.666406937702575,60536.343099056961,1150,0,0,0,0,0,0,0,0,0,0,-0.1052199313465898,0,0,"R_half_W_003","R_half","Incorrectly shared"
"P06","W",4,1,1,1200,"",1199,0,200,0,0,0,0,0,0,0.0015642,0.0038140000000000001,1,1,71101.622429227544,100783.72665581161,0,4.1114888926816787e-10,0,9.8146336746918942e-09,9.9560780095338341e-07,9.9560780095338341e-07,0.00063903706587441287,0.057600192072334466,48.908310473682278,3.8806067574460568e-05,2.6661044004854291,64202.458397788476,1150,0,0,0,0,0,0,0,0,0,0,-0.13707462330132347,0,0,"R_half_W_004","R_half","Incorrectly shared"
"P06","W",5,1,1,1200,"",1199,0,200,0,0,0,0,0,0,0.0015275499999999999,0.0035972999999999999,1,1,71721.785573256959,100122.19214254025,0,4.1994163992002411e-10,0,9.8510836009242355e-09,9.974640151376276e-07,9.974640151376276e-07,0.00063905174288003501,0.057627765281586328,48.799744642827157,5.4114287699797224e-05,2.6647459274147751,46529.787969851968,1150,0,0,0,0,0,0,0,0,0,0,-0.10889475122594994,0,0,"R_half_W_005","R_half","Incorrectly shared"
"P06","W",6,1,1,1200,"",1199,0,200,0,0,0,0,0,0,0.0014834,0.0029147000000000001,1,1,71151.408492628834,99786.925163028864,0,4.1147051071635358e-10,0,9.7746957814302656e-09,9.9357003931018553e-07,9.9357003931018553e-07,0.00063897836045767684,0.057899755381351656,48.937510169733073,4.094294297015834e-05,2.6681816193004777,47001.90161116235,1150,0,0,0,0,0,0,0,0,0,0,-0.13164960157204156,0,0,"R_half_W_006","R_half","Incorrectly shared"
"P06","W",7,1,1,1200,"",1199,0,200,0,0,0,0,0,0,0.0014782,0.0030980999999999999,1,1,70963.561849379956,100191.0173304569,0,3.8369695182779178e-10,0,9.8598847552372518e-09,9.979117044737774e-07,9.979117044737774e-07,0.00063893514041589363,0.057867075625089519,48.986900341088543,3.8586415064820946e-05,2.6716099009737349,49907.903355139308,1150,0,0,0,0,0,0,0,0,0,0,-0.15483889586585067,0,0,"R_half_W_007","R_half","Incorrectly shared"
"P06","W",8,1,1,1200,"",1199,0,200,0,0,0,0,0,0,0.0014875000000000001,0.0041265,1,1,71101.705826691934,100004.82596843495,0,3.9773482639340256e-10,0,9.7122970796413282e-09,9.9037798500149602e-07,9.9037798500149602e-07,0.00063897493513368235,0.057980244574809825,49.238111552139813,4.1019069325595166e-05,2.6662191714741379,61137.5826165053,1150,0,0,0,0,0,0,0,0,0,0,-0.11872256357837063,0,0,"R_half_W_008","R_half","Incorrectly shared"
"P06","W",9,1,1,1200,"",1199,0,200,0,0,0,0,0,0,0.0015089999999999999,0.0031706999999999998,1,1,71399.699972107104,100801.18732596761,0,4.0664176179305991e-10,0,9.8709947910007095e-09,9.9847655756092241e-07,9.9847655756092241e-07,0.00063895778022221952,0.057916259406668551,49.040363097330143,3.7739760215763759e-05,2.6658369300666442,50657.13837990001,1150,0,0,0,0,0,0,0,0,0,0,-0.14300659373880426,0,0,"R_half_W_009","R_half","Incorrectly shared"
"P06","W",10,1,1,1200,"",1199,0,200,0,0,0,0,0,0,0.0014919999999999998,0.0035558,1,1,71292.199603812478,99775.521395676013,0,4.2021830172574846e-10,0,9.8888959204378412e-09,9.9938601970258939e-07,9.9938601970258939e-07,0.00063914971748003609,0.057852858031170434,49.064650558866759,5.0882467340757576e-05,2.6693799179374769,46768.990152318307,1150,0,0,0,0,0,0,0,0,0,0,-0.12789707070358738,0,0,"R_half_W_010","R_half","Incorrectly shared"
"P06","W",11,1,1,1200,"",1199,0,200,0,0,0,0,0,0,0.0015357999999999999,0.0040280999999999997,1,1,72159.527864454838,101342.98049888323,0,4.3219487318935079e-10,0,9.8958577071861703e-09,9.9973949130201673e-07,9.9973949130201673e-07,0.00063911148531600975,0.05802109184162442,49.085362310081621,4.4053516112652419e-05,2.6639028943983445,58232.846510060212,1150,0,0,0,0,0,0,0,0,0,0,-0.10817042636107299,0,0,"R_half_W_011","R_half","Incorrectly shared"
"P06","W",12,1,1,1200,"",1199,0,200,0,0,0,0,0,0,0.0015378499999999999,0.0035430000000000001,1,1,71863.920054726972,102116.29333728066,0,4.1479307969674121e-10,0,9.8625373683388598e-09,9.980465964506578e-07,9.980465964506578e-07,0.00063903929441659298,0.05769545890845526,48.650510702003885,3.8121586346008601e-05,2.669453774854043,50317.990823594293,1150,0,0,0,0,0,0,0,0,0,0,-0.1044438561538068,0,0,"R_half_W_012","R_half","Incorrectly shared"
"P06","W",13,1,1,1200,"",1199,0,200,0,0,0,0,0,0,0.0015302,0.0031204000000000002,1,1,71445.059579378081,99999.533906888857,0,4.1731463193240752e-10,0,9.8568783949304345e-09,9.9775880185061733e-07,9.9775880185061733e-07,0.00063898481438087436,0.057784563281292209,49.023843257706979,3.6003646521010103e-05,2.6697076701335645,69886.42848865343,1150,0,0,0,0,0,0,0,0,0,0,-0.14191454448076318,0,0,"R_half_W_013","R_half","Incorrectly shared"
"P06","W",14,1,1,1200,"",1199,0,200,0,0,0,0,0,0,0.00154875,0.0028468999999999999,1,1,71211.244857804355,100075.66076049597,0,4.097809771767961e-10,0,9.9789333961918042e-09,9.9990621005951087e-07,9.9990621005951087e-07,0.00063893457210920047,0.057847801490438874,48.984186626412232,4.1671480900188047e-05,2.6701936311190018,47075.223778314823,1150,0,0,0,0,0,0,0,0,0,0,-0.12743281464358269,0,0,"R_half_W_014","R_half","Incorrectly shared"
"P06","W",15,1,1,1200,"",1199,0,200,0,0,0,0,0,0,0.0015225500000000001,0.0029277999999999999,1,1,71003.557975077594,99642.350373862922,0,4.223882461531587e-10,0,9.8381975521757756e-09,9.9680818166306444e-07,9.9680818166306444e-07,0.00063897271918839722,0.057625149542225113,49.015722409075991,2.9333326979703264e-05,2.6642144553845322,65692.902010168502,1150,0,0,0,0,0,0,0,0,0,0,-0.1114176875960361,0,0,"R_half_W_015","R_half","Incorrectly shared"
"P06","W",16,1,1,1200,"",1199,0,200,0,0,0,0,0,0,0.0014836999999999999,0.0032204999999999998,1,1,71321.169559513219,101055.43441766304,0,4.0478765448061624e-10,0,9.8928898326842842e-09,9.9958881812681313e-07,9.9958881812681313e-07,0.00063904684701285503,0.057424884347575811,48.595467187784017,4.7866988986010408e-05,2.6677964827917822,46985.311881195106,1150,0,0,0,0,0,0,0,0,0,0,-0.11128860744138697,0,0,"R_half_W_016","R_half","Incorrectly shared"
"P06","W",17,1,1,1200,"",1199,0,200,0,0,0,0,0,0,0.0014968500000000001,0.0027726999999999999,1,1,71625.1130718739,100047.67021296678,0,4.1125105332072301e-10,0,9.7009524425005482e-09,9.8979655158255953e-07,9.8979655158255953e-07,0.00063906366237168727,0.057903405239841124,48.969907843632477,5.0395618682168797e-05,2.6656597699924625,47115.076706522879,1150,0,0,0,0,0,0,0,0,0,0,-0.12034909568464583,0,0,"R_half_W_017","R_half","Incorrectly shared"
"P06","W",18,1,1,1200,"",1199,0,200,0,0,0,0,0,0,0.0015037499999999999,0.0035217999999999998,1,1,71321.399662059324,100158.90961731283,0,4.0998134081274547e-10,0,9.8828055063192702e-09,9.9907668936817317e-07,9.9907668936817317e-07,0.00063914853998676979,0.058096648530210716,49.085982396283363,4.2654380114899601e-05,2.6706333799536606,58109.76742470132,1150,0,0,0,0,0,0,0,0,0,0,-0.12645141584936337,0,0,"R_half_W_018","R_half","Incorrectly shared"
"P06","W",19,1,1,1200,"",1199,0,200,0,0,0,0,0,0,0.0014805500000000002,0.0041511999999999999,1,1,70853.749231928552,101044.40006513879,0,4.1470464959560407e-10,0,9.8699703817197739e-09,9.9842448802963339e-07,9.9842448802963339e-07,0.00063899355929865635,0.057801684574225867,48.993514882254622,3.6678890321411969e-05,2.6657421825160545,58726.840124454095,1150,0,0,0,0,0,0,0,0,0,0,-0.11449524868401376,0,0,"R_half_W_019","R_half","Incorrectly shared"
"P06","W",20,1,1,1200,"",1199,0,200,0,0,0,0,0,0,0.0015321499999999999,0.0033221000000000001,1,1,71663.57576599982,100868.5861248904,0,4.2604309262766988e-10,0,9.8548594363233795e-09,9.9765610523629329e-07,9.9765610523629329e-07,0.00063903757150275285,0.057992592828086137,49.041463069800933,5.3100785885210847e-05,2.6664297263882819,37557.94507297744,1150,0,0,0,0,0,0,0,0,0,0,-0.1193520902296073,0,0,"R_half_W_020","R_half","Incorrectly shared"
"P06","W",21,1,1,1200,"",1199,0,200,0,0,0,0,0,0,0.0015291,0.0063152,1,1,70588.566780721972,100809.46586752775,0,4.0417026463861317e-10,0,9.8144845213247675e-09,9.9560019830663283e-07,9.9560019830663283e-07,0.00063894883741183743,0.057422931003270936,48.51452876915279,5.4594741258527012e-05,2.6675285599474634,46344.463192816213,1150,0,0,0,0,0,0,0,0,0,0,-0.12214483801989723,0,0,"R_half_W_021","R_half","Incorrectly shared"
"P06","W",22,1,1,1200,"",1199,0,200,0,0,0,0,0,0,0.00151275,0.0035642,1,1,71341.779009877297,100163.35476305855,0,3.9828552505413643e-10,0,9.8616463538329778e-09,9.98001316291209e-07,9.9712895077836794e-07,0.00063906074030019386,0.058024054019175181,49.073679530890253,5.0187021902799336e-05,2.6662019288185457,46394.583481013375,1150,0,0,0,0,0,0,0,0,0,0,-0.12597705483902744,0,0,"R_half_W_022","R_half","Incorrectly shared"
"P06","W",23,1,1,1200,"",1199,0,200,0,0,0,0,0,0,0.00150745,0.0028011999999999998,1,1,70945.181760452309,101201.08014799592,0,4.1571503463511176e-10,0,9.8466204679193056e-09,9.9723691276876776e-07,9.9723691276876776e-07,0.000638892672786136,0.057979460525218449,49.113178996085637,3.1489090195500458e-05,2.6677982676261367,60789.00341942814,1150,0,0,0,0,0,0,0,0,0,0,-0.12322619832091511,0,0,"R_half_W_023","R_half","Incorrectly shared"
"P06","W",24,1,1,1200,"",1199,0,200,0,0,0,0,0,0,0.00155335,0.0039573000000000004,1,1,71458.488710853504,100969.5698868226,0,4.1466026461026877e-10,0,9.7418405621463384e-09,9.9189056652882539e-07,9.9189056652882539e-07,0.00063898884851525573,0.057413117954876788,48.729663638909265,3.9059985497623889e-05,2.6697021900042186,54978.680946243745,1150,0,0,0,0,0,0,0,0,0,0,-0.14551596262635372,0,0,"R_half_W_024","R_half","Incorrectly shared"
"P06","W",25,1,1,1200,"",1199,0,200,0,0,0,0,0,0,0.0015562499999999999,0.0034841999999999998,1,1,71024.16515487009,100247.3486832018,0,4.1348698226301047e-10,0,9.9009361078871059e-09,9.9999725987967322e-07,9.9999725987967322e-07,0.00063890132072334696,0.058283474316671489,49.229484020138933,5.3780975044696882e-05,2.6710547455815532,46379.65307854909,1150,0,0,0,0,0,0,0,0,0,0,-0.14023034052968364,0,0,"R_half_W_025","R_half","Incorrectly shared"
"P06","W",26,1,1,1200,"",1199,0,200,0,0,0,0,0,0,0.0014933500000000001,0.003777,1,1,71261.055108402477,99904.757933460947,0,4.039482155931342e-10,0,9.7508335667989197e-09,9.9235054374545451e-07,9.9235054374545451e-07,0.00063905297856006401,0.058520170144964745,49.278690902782408,4.2858599113824864e-05,2.6663982357664899,49330.41772827712,1150,0,0,0,0,0,0,0,0,0,0,-0.14141716854826952,0,0,"R_half_W_026","R_half","Incorrectly shared"
"P06","W",27,1,1,1200,"",1199,0,200,0,0,0,0,0,0,0.0014984500000000001,0.0033771999999999999,1,1,71501.406047473109,100423.89221757989,0,4.1791889251209464e-10,0,9.7552313277049799e-09,9.9257540542804987e-07,9.9257540542804987e-07,0.00063886530552319633,0.05802873405672989,49.217954189345868,5.5453345647777177e-05,2.6675776197342769,47726.264826012877,1150,0,0,0,0,0,0,0,0,0,0,-0.10778761054201119,0,0,"R_half_W_027","R_half","Incorrectly shared"
"P06","W",28,1,1,1200,"",1199,0,200,0,0,0,0,0,0,0.0015026499999999999,0.0028411999999999999,1,1,71424.720382620493,99724.978888302736,0,4.3021928481711689e-10,0,9.8751324593325734e-09,9.9868684320728621e-07,9.9868684320728621e-07,0.00063900655536288167,0.05788153092933826,48.872151537355762,5.7131660194261163e-05,2.664316221501124,43885.898760904754,1150,0,0,0,0,0,0,0,0,0,0,-0.10771406759809371,0,0,"R_half_W_028","R_half","Incorrectly shared"
"P06","W",29,1,1,1200,"",1199,0,200,0,0,0,0,0,0,0.0015373000000000001,0.0031584999999999998,1,1,71106.424754870823,99329.536360866681,0,4.21681352011201e-10,0,9.8801840567475089e-09,9.9894351766835291e-07,9.9894351766835291e-07,0.00063900975045674629,0.058184351797309866,49.299870704959389,3.9889445335520912e-05,2.6660088229684873,63297.29813242003,1150,0,0,0,0,0,0,0,0,0,0,-0.11627348492163231,0,0,"R_half_W_029","R_half","Incorrectly shared"
"P06","W",30,1,1,1200,"",1199,0,200,0,0,0,0,0,0,0.0015627499999999999,0.0113215,1,1,70948.146009711782,100260.66015582166,0,3.9197493539608567e-10,0,9.8409217346310182e-09,9.9694686394248868e-07,9.9694686394248868e-07,0.00063899639730577245,0.057893097727252429,49.136380970556431,4.7371354237761321e-05,2.6698971099728119,53283.403717200868,1150,0,0,0,0,0,0,0,0,0,0,-0.097154421795109414,0,0,"R_half_W_030","R_half","Incorrectly shared"
"P06","W",31,1,1,1200,"",1199,0,200,0,0,0,0,0,0,0.0017082500000000001,0.012029700000000001,1,1,71323.29994107208,100554.7840708899,0,3.9816652004176935e-10,0,9.8569228183264168e-09,9.9776106137983551e-07,9.9776106137983551e-07,0.00063894602555003002,0.05762568779893075,48.912374517484928,5.326926356694209e-05,2.6674153504549838,46174.011710372652,1150,0,0,0,0,0,0,0,0,0,0,-0.13029355156241146,0,0,"R_half_W_031","R_half","Incorrectly shared"
"P06","W",32,1,1,1200,"",1199,0,200,0,0,0,0,0,0,0.0017614499999999999,0.009809,1,1,71442.858613690769,100301.87310029498,0,4.0648989458717893e-10,0,9.674188136536733e-09,9.8842349654276329e-07,9.8842349654276329e-07,0.0006390522889672982,0.058192780809371583,49.189421926054436,4.9104201178605956e-05,2.6686809185851019,50769.683978920992,1150,0,0,0,0,0,0,0,0,0,0,-0.12559291427028207,0,0,"R_half_W_032","R_half","Incorrectly shared"
"P06","W",33,1,1,1200,"",1199,0,200,0,0,0,0,0,0,0.00170375,0.0085117000000000005,1,1,71034.414242548621,100860.49319025216,0,4.2405774444014283e-10,0,9.8643048732372639e-09,9.9813646850225111e-07,9.9813646850225111e-07,0.00063906386986078306,0.057742486873937002,48.87004265809297,4.4274205438454148e-05,2.6681764217459807,44262.38241186901,1150,0,0,0,0,0,0,0,0,0,0,-0.12388744265691892,0,0,"R_half_W_033","R_half","Incorrectly shared"
"P06","W",34,1,1,1200,"",1199,0,200,0,0,0,0,0,0,0.0016373,0.0121577,1,1,71830.001500653409,100544.84232289673,0,4.2242268740695459e-10,0,9.8636854504887956e-09,9.9810498716470557e-07,9.980714040145345e-07,0.00063898587894438863,0.057677817518339308,48.847516855502782,4.4517834970560575e-05,2.6702172136505062,42998.141325087847,1150,0,0,0,0,0,0,0,0,0,0,-0.13690161343610838,0,0,"R_half_W_034","R_half","Incorrectly shared"
"P06","W",35,1,1,1200,"",1199,0,200,0,0,0,0,0,0,0.00167505,0.0116493,1,1,71355.934022948684,99896.469146478048,0,4.1502133835936687e-10,0,9.8848233361082192e-09,9.991791847980488e-07,9.991791847980488e-07,0.00063899121123416958,0.057903056836297512,49.137465961046722,4.7817498223828126e-05,2.6705422369895668,43953.828941122993,1150,0,0,0,0,0,0,0,0,0,0,-0.10880694211914552,0,0,"R_half_W_035","R_half","Incorrectly shared"
"P06","W",36,1,1,1200,"",1199,0,200,0,0,0,0,0,0,0.0016343500000000001,0.0085389999999999997,1,1,71638.589634479766,99606.158917185981,0,4.2209673189429978e-10,0,9.8819209052643693e-09,9.9903175289397114e-07,9.9903175289397114e-07,0.00063893770277028176,0.057805142362750965,48.909016385832977,4.1191240741282736e-05,2.6702933045252477,58274.352953233145,1150,0,0,0,0,0,0,0,0,0,0,-0.14328634463084425,0,0,"R_half_W_036","R_half","Incorrectly shared"
"P06","W",37,1,1,1200,"",1199,0,200,0,0,0,0,0,0,0.001751,0.0097993000000000004,1,1,71184.625784614967,101064.72737774871,0,4.1561724384096465e-10,0,9.8430449588688067e-09,9.97054939551157e-07,9.97054939551157e-07,0.00063909126654281814,0.057793312090838878,48.907882518711787,3.6631801066036335e-05,2.6687567562219452,68546.351121540676,1150,0,0,0,0,0,0,0,0,0,0,-0.11389308326864495,0,0,"R_half_W_037","R_half","Incorrectly shared"
"P06","W",38,1,1,1200,"",1199,0,200,0,0,0,0,0,0,0.0016523,0.0093063,1,1,71635.60321728306,100001.73218925427,0,4.1974766747382152e-10,0,9.898048018145172e-09,9.9985067475309271e-07,9.9985067475309271e-07,0.00063903949416757979,0.057584567506779309,48.902635499544218,4.6008321236118629e-05,2.6643583208799968,53207.612196043563,1150,0,0,0,0,0,0,0,0,0,0,-0.11158191159079145,0,0,"R_half_W_038","R_half","Incorrectly shared"
"P06","W",39,1,1,1200,"",1199,0,200,0,0,0,0,0,0,0.0017151,0.0092104000000000005,1,1,71432.033959114691,100094.51151185177,0,4.0644279067356952e-10,0,9.8817273990004692e-09,9.9902192278581194e-07,9.9902192278581194e-07,0.00063902119982121028,0.057340821105559048,48.961909649763626,4.2495410777521202e-05,2.6668243642592961,58814.722870651269,1150,0,0,0,0,0,0,0,0,0,0,-0.09303523337330466,0,0,"R_half_W_039","R_half","Incorrectly shared"
"P06","W",40,1,1,1200,"",1199,0,200,0,0,0,0,0,0,0.00180755,0.0103497,1,1,71105.397046046681,100163.41803562465,0,4.1177299727642552e-10,0,9.8441719788112497e-09,9.9711230203249377e-07,9.9711230203249377e-07,0.00063893167646954642,0.058066861907212886,49.117462466337777,4.5430294498293113e-05,2.6694878858726687,49428.596917848423,1150,0,0,0,0,0,0,0,0,0,0,-0.11776597598012678,0,0,"R_half_W_040","R_half","Incorrectly shared"
"P06","A",0,0,1,1200,"",1199,0,200,0,0,0,0,0,0,0.0020071500000000001,0.1682149,1,1,41307.668825171153,43222.892966476888,0,4.1994923011660777e-10,0,9.236981299589807e-09,9.6572174234280102e-07,9.6572174234280102e-07,0.00061159123439767031,0.056386897807148534,56.302166964590505,-5.7343884088747199e-16,2.7694191745233558,3.0467836520892887e+19,1150,0,0,0,0,0,0,0,0,0,0,-0.10095145241790826,0,0,"baseline_A_000","baseline","Affine"
"P06","A",1,1,1,1200,"",1199,0,200,0,0,0,0,0,0,0.0017527,0.025443899999999998,1,1,40847.698920977877,42646.755275093121,0,4.8132783052994162e-10,0,9.7197582496885452e-09,9.9076020035106694e-07,9.9076020035106694e-07,0.00061163219543211773,0.056796762393882698,56.249291513065195,3.8470401829039921e-05,2.7696547937867764,60332.239548604412,1150,0,0,0,0,0,0,0,0,0,0,-0.10111930579647449,0,0,"baseline_A_001","baseline","Affine"
"P06","A",2,1,1,1200,"",1199,0,200,0,0,0,0,0,0,0.0015509,0.0052328000000000001,1,1,41243.309626017362,43046.252547545584,0,4.7151648614283987e-10,0,9.8903115847753103e-09,9.9945790736641799e-07,9.9945790736641799e-07,0.00061151048191744942,0.056132399032580806,55.738711649249218,2.9925482372385114e-05,2.7711713786716685,62455.81529526801,1150,0,0,0,0,0,0,0,0,0,0,-0.1135376152908541,0,0,"baseline_A_002","baseline","Affine"
"P06","A",3,1,1,1200,"",1199,0,200,0,0,0,0,0,0,0.00155445,0.0034591999999999999,1,1,41064.349334825805,42850.380344511919,0,4.5524259516748603e-10,0,9.6229558893193765e-09,9.8578993808125023e-07,9.8578993808125023e-07,0.00061147133910960806,0.056559127016384589,56.182803353429044,2.9115817433503209e-05,2.7698571657148441,94078.297765977564,1150,0,0,0,0,0,0,0,0,0,0,-0.091173104116524073,0,0,"baseline_A_003","baseline","Affine"
"P06","A",4,1,1,1200,"",1199,0,200,0,0,0,0,0,0,0.0015619499999999999,0.0052712999999999996,1,1,40837.736749947508,42674.755448209282,0,4.2263648656984498e-10,0,9.4877173756393684e-09,9.788045558516018e-07,9.788045558516018e-07,0.00061169669676224556,0.056095091970597102,55.830066995795001,3.6048027480316889e-05,2.7684314919703397,74548.110909127689,1150,0,0,0,0,0,0,0,0,0,0,-0.10832572114280464,0,0,"baseline_A_004","baseline","Affine"
"P06","A",5,1,1,1200,"",1199,0,200,0,0,0,0,0,0,0.0016662000000000001,0.0060292000000000002,1,1,41113.545849912116,42890.157854592457,0,4.6260826456229779e-10,0,9.5740328011722265e-09,9.8326859294827452e-07,9.8326859294827452e-07,0.00061159009632454704,0.056105677412623567,55.64698274991062,2.5952599468664865e-05,2.7683761898047861,86818.686460157405,1150,0,0,0,0,0,0,0,0,0,0,-0.093930985846609805,0,0,"baseline_A_005","baseline","Affine"
"P06","A",6,1,1,1200,"",1199,0,200,0,0,0,0,0,0,0.00174475,0.0055655000000000001,1,1,40990.085194355401,42744.976438662277,0,4.2326324059023344e-10,0,9.7152213287722607e-09,9.9052781381285186e-07,9.9052637741023537e-07,0.00061138675065761647,0.056357004874886707,55.786028670408768,4.380613414917617e-05,2.7720983687521725,59678.577588461114,1150,0,0,0,0,0,0,0,0,0,0,-0.10719034780404407,0,0,"baseline_A_006","baseline","Affine"
"P06","A",7,1,1,1200,"",1199,0,200,0,0,0,0,0,0,0.0015547,0.0033409999999999998,1,1,40902.614525477125,42570.720993948431,0,4.7213625778864283e-10,0,9.7745329176070702e-09,9.9356172103632147e-07,9.9356172103632147e-07,0.00061137863686784014,0.056332296961807887,55.856456852660443,4.0011887573183712e-05,2.7753110148380205,59144.194772274081,1150,0,0,0,0,0,0,0,0,0,0,-0.1194735317157391,0,0,"baseline_A_007","baseline","Affine"
"P06","A",8,1,1,1200,"",1199,0,200,0,0,0,0,0,0,0.00154485,0.0042088000000000004,1,1,40856.315149335467,42604.502794289925,0,4.3567473240162459e-10,0,9.6218248134133363e-09,9.8573171768077426e-07,9.8573171768077426e-07,0.00061154849880595559,0.056412621011517977,56.237640210742782,3.3374422616446337e-05,2.7689747135577383,65965.75227799073,1150,0,0,0,0,0,0,0,0,0,0,-0.10057284039002101,0,0,"baseline_A_008","baseline","Affine"
"P06","A",9,1,1,1200,"",1199,0,200,0,0,0,0,0,0,0.0015547999999999998,0.0044644000000000003,1,1,41118.666519737992,42779.91747317202,0,4.7347023290520422e-10,0,9.8294667062364601e-09,9.9636359521237411e-07,9.9636209952632187e-07,0.00061145057689855945,0.056264282348658393,55.79751454065498,4.2861566334646607e-05,2.7698381083551822,47469.882766485054,1150,0,0,0,0,0,0,0,0,0,0,-0.1132168247359977,0,0,"baseline_A_009","baseline","Affine"
"P06","A",10,1,1,1200,"",1199,0,200,0,0,0,0,0,0,0.0015758,0.0049677000000000002,1,1,40901.282685624159,42727.026988442223,0,4.6706515693722913e-10,0,9.8879697650791966e-09,9.9933898662703994e-07,9.9933898662703994e-07,0.0006116103286059279,0.056444487415440975,56.061343490511028,4.3561756411299121e-05,2.7734113223671519,52118.52004239941,1150,0,0,0,0,0,0,0,0,0,0,-0.10409878204577527,0,0,"baseline_A_010","baseline","Affine"
"P06","A",11,1,1,1200,"",1199,0,200,0,0,0,0,0,0,0.0015715,0.0036805000000000002,1,1,41402.182854552826,43186.320440136267,0,3.9799647233361885e-10,0,9.7487046859284967e-09,9.9224168424711955e-07,9.9224019579405486e-07,0.00061157178366273073,0.056564891900262954,55.968879021150642,3.515944712572387e-05,2.7690109794357056,77937.316857814192,1150,0,0,0,0,0,0,0,0,0,0,-0.092841763270484323,0,0,"baseline_A_011","baseline","Affine"
"P06","A",12,1,1,1200,"",1199,0,200,0,0,0,0,0,0,0.0015516499999999999,0.0071910999999999997,1,1,41378.677077687367,43071.455176511256,0,4.3160514660368448e-10,0,9.4973321869120429e-09,9.7930280441563197e-07,9.7930280441563197e-07,0.00061161098444546011,0.056153929506260525,55.541408355123828,4.2002899494932181e-05,2.7742085941944055,61349.551775636217,1150,0,0,0,0,0,0,0,0,0,0,-0.092466055322044216,0,0,"baseline_A_012","baseline","Affine"
"P06","A",13,1,1,1200,"",1199,0,200,0,0,0,0,0,0,0.0015343499999999999,0.0032146000000000002,1,1,41046.511390873246,42833.94247736541,0,4.8165838103624233e-10,0,9.8066234403662853e-09,9.9519943253258835e-07,9.9519797903636439e-07,0.00061141983006889934,0.0563452164211211,56.067153072625707,3.5916486832175165e-05,2.7739761017517774,75250.119864838649,1150,0,0,0,0,0,0,0,0,0,0,-0.11251132603644945,0,0,"baseline_A_013","baseline","Affine"
"P06","A",14,1,1,1200,"",1199,0,200,0,0,0,0,0,0,0.0015696,0.0069988000000000003,1,1,41057.10870023178,42807.935536478508,0,4.8157380098290366e-10,0,9.8526496012284986e-09,9.9754368753355511e-07,9.9754368753355511e-07,0.00061132500046304163,0.056321891123006972,55.823134565468017,3.4676121597465541e-05,2.7750701039452332,65001.371388206288,1150,0,0,0,0,0,0,0,0,0,0,-0.10477369720581031,0,0,"baseline_A_014","baseline","Affine"
"P06","A",15,1,1,1200,"",1199,0,200,0,0,0,0,0,0,0.00154725,0.0035423,1,1,40978.041361218711,42802.170168153476,0,4.446636681187071e-10,0,9.710962822716674e-09,9.9030962954730415e-07,9.9030821458456222e-07,0.00061144172420315383,0.056114997315527437,55.833817105689633,3.1812866427271705e-05,2.7681293833896508,64175.375902673673,1150,0,0,0,0,0,0,0,0,0,0,-0.095877359880930046,0,0,"baseline_A_015","baseline","Affine"
"P06","A",16,1,1,1200,"",1199,0,200,0,0,0,0,0,0,0.00148475,0.0041631999999999997,1,1,41033.375777151858,42844.038802553936,0,4.5387881569761614e-10,0,9.8176098710299598e-09,9.957595020101048e-07,9.9575802819181703e-07,0.00061159798583765952,0.055877112801593562,55.476699980369936,4.3864965174947288e-05,2.7713846221166154,58300.687385202364,1150,0,0,0,0,0,0,0,0,0,0,-0.094735147352860316,0,0,"baseline_A_016","baseline","Affine"
"P06","A",17,1,1,1200,"",1199,0,200,0,0,0,0,0,0,0.0014664999999999999,0.0030963000000000002,1,1,41137.087425521931,42847.883229211126,0,4.7212986422536285e-10,0,9.8571534860879647e-09,9.977727938675215e-07,9.977727938675215e-07,0.00061157773663416402,0.056400170614143166,55.819415283736269,4.0203217986531374e-05,2.769844292772325,54053.297214859747,1150,0,0,0,0,0,0,0,0,0,0,-0.098666129869926927,0,0,"baseline_A_017","baseline","Affine"
"P06","A",18,1,1,1200,"",1199,0,200,0,0,0,0,0,0,0.0014791499999999998,0.0040797000000000003,1,1,41016.492389364888,42884.073912110565,0,4.9026616098474142e-10,0,9.8799945575451252e-09,9.9893389028196074e-07,9.9893389028196074e-07,0.00061159145940974709,0.056548558988593026,56.118964296124929,3.9171254465188079e-05,2.7739369715435069,63038.653965520127,1150,0,0,0,0,0,0,0,0,0,0,-0.10323748186950038,0,0,"baseline_A_018","baseline","Affine"
"P06","A",19,1,1,1200,"",1199,0,200,0,0,0,0,0,0,0.0014861,0.0030839000000000001,1,1,40900.379672525683,42684.83396844635,0,4.4818330540797875e-10,0,9.6151005516435816e-09,9.8538552662651462e-07,9.8538552662651462e-07,0.0006115369603695664,0.05629597241243503,55.90996788858164,2.8850616950777463e-05,2.7686826989742039,81136.641286926562,1150,0,0,0,0,0,0,0,0,0,0,-0.095369908467258263,0,0,"baseline_A_019","baseline","Affine"
"P06","A",20,1,1,1200,"",1199,0,200,0,0,0,0,0,0,0.00150175,0.0072484000000000003,1,1,41247.017005682057,43014.541097515212,0,4.5533923885464936e-10,0,9.711355381139871e-09,9.9032973403088212e-07,9.9032973403088212e-07,0.00061153314166204292,0.056534924662665277,56.057682195266814,4.3639269495221244e-05,2.7715840470249677,48355.128956563654,1150,0,0,0,0,0,0,0,0,0,0,-0.099229965187320496,0,0,"baseline_A_020","baseline","Affine"
"P06","A",21,1,1,1200,"",1199,0,200,0,0,0,0,0,0,0.001513,0.0043692000000000002,1,1,40708.14844068369,42445.365585504449,0,4.6687650767343553e-10,0,9.5318968828639568e-09,9.8109191990329397e-07,9.8109191990329397e-07,0.00061148815645155916,0.055859730747404947,55.266263601908285,4.0214691655164232e-05,2.7694893617787284,56221.896520028655,1150,0,0,0,0,0,0,0,0,0,0,-0.10077492341950081,0,0,"baseline_A_021","baseline","Affine"
"P06","A",22,1,1,1200,"",1199,0,200,0,0,0,0,0,0,0.0014807000000000002,0.0028693,1,1,41040.423770958369,42872.632612645109,0,4.7209697724352808e-10,0,9.884645920046178e-09,9.9917017338509867e-07,9.9917017338509867e-07,0.00061147036044164303,0.056468897879235425,55.919203875237557,4.6632052126079783e-05,2.7703387622602538,52555.776746971824,1150,0,0,0,0,0,0,0,0,0,0,-0.1044761975622758,0,0,"baseline_A_022","baseline","Affine"
"P06","A",23,1,1,1200,"",1199,0,200,0,0,0,0,0,0,0.0014889500000000002,0.0048469000000000003,1,1,40930.392505027514,42696.754664563108,0,4.046635159035171e-10,0,9.8793118228825657e-09,9.9889921399292387e-07,9.9889772969193825e-07,0.00061136455983526971,0.056376311831454126,56.024468536045156,3.5386673178722438e-05,2.7712397264067108,61207.23716376831,1150,0,0,0,0,0,0,0,0,0,0,-0.10123808779809396,0,0,"baseline_A_023","baseline","Affine"
"P06","A",24,1,1,1200,"",1199,0,200,0,0,0,0,0,0,0.0015363500000000001,0.0058472000000000003,1,1,41103.65723677841,42844.682369923357,0,4.7368849224493193e-10,0,9.8139063219964738e-09,9.9557072578467613e-07,9.9557072578467613e-07,0.00061140218828504319,0.055958538725457051,55.582701852420847,3.5982070867770056e-05,2.7739069329846653,75488.908491018825,1150,0,0,0,0,0,0,0,0,0,0,-0.11534691905856473,0,0,"baseline_A_024","baseline","Affine"
"P06","A",25,1,1,1200,"",1199,0,200,0,0,0,0,0,0,0.0015321,0.0040330000000000001,1,1,40805.817275720525,42519.541681787043,0,4.7289071684399795e-10,0,9.6897314098682877e-09,9.8922112187456263e-07,9.8922112187456263e-07,0.00061123370860056254,0.056647274698482832,56.210718637192898,4.022869661444665e-05,2.7749894603460894,59103.848934668109,1150,0,0,0,0,0,0,0,0,0,0,-0.10915023484496283,0,0,"baseline_A_025","baseline","Affine"
"P06","A",26,1,1,1200,"",1199,0,200,0,0,0,0,0,0,0.00151925,0.0039224000000000004,1,1,40979.654404794317,42789.332868449696,0,4.2785657735564159e-10,0,9.6922085137306608e-09,9.8934818965438208e-07,9.8934676484819954e-07,0.00061148772706226334,0.056976405750436998,56.290252078750164,3.7891581523936447e-05,2.7712106436426569,66013.063040339286,1150,0,0,0,0,0,0,0,0,0,0,-0.11279561306632674,0,0,"baseline_A_026","baseline","Affine"
"P06","A",27,1,1,1200,"",1199,0,200,0,0,0,0,0,0,0.0015003,0.0029234999999999999,1,1,41140.971125725337,42998.524081061594,0,4.8410926728172812e-10,0,9.8449708873648497e-09,9.9715296250001372e-07,9.9715296250001372e-07,0.00061119087660118656,0.05651842608604507,56.180018423237833,3.6553627494602639e-05,2.7729823818821644,75562.322610030271,1150,0,0,0,0,0,0,0,0,0,0,-0.094098160298574596,0,0,"baseline_A_027","baseline","Affine"
"P06","A",28,1,1,1200,"",1199,0,200,0,0,0,0,0,0,0.0015406999999999999,0.0034123999999999999,1,1,41065.644352072377,42824.043851134273,0,4.6330776109346212e-10,0,9.8125415163597608e-09,9.9550115421394251e-07,9.9550115421394251e-07,0.00061151071212841906,0.056391870162621954,55.832181817405484,3.6732778840560377e-05,2.7684476434207759,74928.52175240709,1150,0,0,0,0,0,0,0,0,0,0,-0.092836875751548531,0,0,"baseline_A_028","baseline","Affine"
"P06","A",29,1,1,1200,"",1199,0,200,0,0,0,0,0,0,0.0016068,0.0063895999999999996,1,1,40945.520285025807,42689.422543277215,0,4.9375125690902106e-10,0,9.7657357109684477e-09,9.9311230148683781e-07,9.9311230148683781e-07,0.00061149305615836068,0.05658639996731217,56.234472839372337,3.1384432382238008e-05,2.7692072675644201,86280.687996108056,1150,0,0,0,0,0,0,0,0,0,0,-0.10050186006352518,0,0,"baseline_A_029","baseline","Affine"
"P06","A",30,1,1,1200,"",1199,0,200,0,0,0,0,0,0,0.0015405499999999999,0.0038436999999999998,1,1,40795.53049565859,42588.602987737046,0,4.564674024751582e-10,0,9.8324833850196782e-09,9.9651722390983008e-07,9.9651722390983008e-07,0.00061144732183525483,0.056408017650121378,56.053158425876653,4.4422080110735031e-05,2.7734517257346427,60951.5889863005,1150,0,0,0,0,0,0,0,0,0,0,-0.085849362733326773,0,0,"baseline_A_030","baseline","Affine"
"P06","A",31,1,1,1200,"",1199,0,200,0,0,0,0,0,0,0.0015144500000000001,0.0071574000000000004,1,1,41068.329327528423,42743.725725234457,0,4.6342549307273763e-10,0,9.8693862607274494e-09,9.9839480699877345e-07,9.9839331187928376e-07,0.00061144899915254011,0.056097642431743595,55.719425849363546,4.3078531584580116e-05,2.7706892740753122,52899.298072519945,1150,0,0,0,0,0,0,0,0,0,0,-0.10806964564821442,0,0,"baseline_A_031","baseline","Affine"
"P06","A",32,1,1,1200,"",1199,0,200,0,0,0,0,0,0,0.0015201500000000001,0.0041238000000000004,1,1,41061.286339752703,42883.599273252265,0,5.3220488854385333e-10,0,9.8877750527771373e-09,9.993290982478736e-07,9.993290982478736e-07,0.0006113490068721068,0.056714376205323408,56.256008919283374,3.5611894641252717e-05,2.7735328566717383,55024.859640242059,1150,0,0,0,0,0,0,0,0,0,0,-0.1067518777881879,0,0,"baseline_A_032","baseline","Affine"
"P06","A",33,1,1,1200,"",1199,0,200,0,0,0,0,0,0,0.0015097000000000001,0.0030198,1,1,40919.794183667211,42728.220953614473,0,1.9914337572122753e-10,0,9.0699650879935048e-09,9.5690944377548974e-07,9.5606626835613402e-07,0.00061154996650083723,0.056166247268030371,55.737192087029875,4.554491674555994e-05,2.7716529836546138,49320.590907417114,1150,0,0,0,0,0,0,0,0,0,0,-0.10122813782662674,0,0,"baseline_A_033","baseline","Affine"
"P06","A",34,1,1,1200,"",1199,0,200,0,0,0,0,0,0,0.0015076500000000001,0.0037696000000000001,1,1,41240.254719237229,42925.309082206804,0,5.0255613535579532e-10,0,9.8630102643525344e-09,9.9807064250323375e-07,9.9807064250323375e-07,0.00061132295859922254,0.056226435461272747,55.765168467326212,4.5005530359773751e-05,2.7751320883223234,61545.571291949484,1150,0,0,0,0,0,0,0,0,0,0,-0.10776339642854513,0,0,"baseline_A_034","baseline","Affine"
"P06","A",35,1,1,1200,"",1199,0,200,0,0,0,0,0,0,0.0015088499999999999,0.0035539,1,1,41016.315993227603,42740.871864691762,0,4.8083521169702299e-10,0,9.7210904770377678e-09,9.9082843143147118e-07,9.9082843143147118e-07,0.00061138475199788256,0.056356714806310243,56.103552061536902,4.5067092263140318e-05,2.7745473752168266,50272.527280232222,1150,0,0,0,0,0,0,0,0,0,0,-0.093017017540824143,0,0,"baseline_A_035","baseline","Affine"
"P06","A",36,1,1,1200,"",1199,0,200,0,0,0,0,0,0,0.0014994499999999998,0.0078689999999999993,1,1,41172.049284759625,43021.091500110808,0,4.5455761874481502e-10,0,9.515972867775502e-09,9.8026807106267437e-07,9.8026807106267437e-07,0.00061138942314757324,0.056340241988140582,56.040555215095374,3.0026138674400698e-05,2.7754418774487148,89691.446967435593,1150,0,0,0,0,0,0,0,0,0,0,-0.11161596449627526,0,0,"baseline_A_036","baseline","Affine"
"P06","A",37,1,1,1200,"",1199,0,200,0,0,0,0,0,0,0.0015151000000000001,0.0046189999999999998,1,1,40925.38172268444,42735.405123247758,0,4.6650497470277625e-10,0,9.7906343961039602e-09,9.9438377278551989e-07,9.9438377278551989e-07,0.00061157145281513206,0.056235192253834998,55.907785438685814,3.3352200511554329e-05,2.7727185262096357,80992.278488316268,1150,0,0,0,0,0,0,0,0,0,0,-0.096462654304593665,0,0,"baseline_A_037","baseline","Affine"
"P06","A",38,1,1,1200,"",1199,0,200,0,0,0,0,0,0,0.0014922,0.0027629999999999998,1,1,41335.758525131088,43040.707554882552,0,4.1771369030308952e-10,0,9.7388267097908436e-09,9.9173637619433371e-07,9.9173490426517717e-07,0.00061153400539001336,0.056041706088369045,55.703477012840381,3.6760441704153126e-05,2.7691919148086361,74587.551768013116,1150,0,0,0,0,0,0,0,0,0,0,-0.093575296491816229,0,0,"baseline_A_038","baseline","Affine"
"P06","A",39,1,1,1200,"",1199,0,200,0,0,0,0,0,0,0.00151155,0.0050305000000000002,1,1,41057.597871282385,42761.170687045233,0,4.6103334072610043e-10,0,9.7601143990761314e-09,9.9282502270414121e-07,9.9282502270414121e-07,0.00061153362208424397,0.055884059966087044,55.779224993523464,3.946986885047028e-05,2.7707347103588149,68231.148270971928,1150,0,0,0,0,0,0,0,0,0,0,-0.086056347812900447,0,0,"baseline_A_039","baseline","Affine"
"P06","A",40,1,1,1200,"",1199,0,200,0,0,0,0,0,0,0.00151855,0.0054130000000000003,1,1,40966.198641434225,42662.361754034813,0,4.8397179342866462e-10,0,9.8763993317188214e-09,9.9875121979984267e-07,9.9875121979984267e-07,0.00061145671284482085,0.056419773494955652,55.856397223503315,3.9879615127474906e-05,2.7729292669021577,58185.233110163499,1150,0,0,0,0,0,0,0,0,0,0,-0.098549843979713558,0,0,"baseline_A_040","baseline","Affine"
"P06","K",0,0,1,1200,"",0,0,0,0,0,0,0,0,0,0.0015280000000000001,0.0033200999999999999,NaN,NaN,39864.604075493393,49268.406679211927,0,7.5233640556266316e-10,0,9.8229610648256322e-09,9.9603217405242637e-07,9.9603217405242637e-07,NaN,NaN,NaN,NaN,NaN,NaN,0,0,0,0,0,0,0,0,0,0,0,-0.066666666696824445,0,0,"baseline_K_000","baseline","Known-model reference"
"P06","K",1,1,1,1200,"",0,0,0,0,0,0,0,0,0,0.0015354499999999998,0.0049826999999999996,NaN,NaN,39952.846748112708,49638.977822620371,0,7.5407654599095882e-10,0,9.8996184411703591e-09,9.9993038427136357e-07,9.9993038427136357e-07,NaN,NaN,NaN,NaN,NaN,NaN,0,0,0,0,0,0,0,0,0,0,0,-0.066495856578110385,0,0,"baseline_K_001","baseline","Known-model reference"
"P06","K",2,1,1,1200,"",0,0,0,0,0,0,0,0,0,0.0015007,0.0047698999999999997,NaN,NaN,39847.016367363125,49545.566030165326,0,7.5634510369481011e-10,0,9.9007158190018235e-09,9.9998607985301677e-07,9.9998607985301677e-07,NaN,NaN,NaN,NaN,NaN,NaN,0,0,0,0,0,0,0,0,0,0,0,-0.077392295738698907,0,0,"baseline_K_002","baseline","Known-model reference"
"P06","K",3,1,1,1200,"",0,0,0,0,0,0,0,0,0,0.0014838500000000001,0.0032807999999999999,NaN,NaN,39958.364705400774,49631.625824106333,0,7.5364145433427311e-10,0,9.8989658912882832e-09,9.9989726374134809e-07,9.9989726374134809e-07,NaN,NaN,NaN,NaN,NaN,NaN,0,0,0,0,0,0,0,0,0,0,0,-0.05780022126785439,0,0,"baseline_K_003","baseline","Known-model reference"
"P06","K",4,1,1,1200,"",0,0,0,0,0,0,0,0,0,0.0014451500000000001,0.0035785999999999999,NaN,NaN,39762.999578447205,49797.388574634424,0,7.5609919373453044e-10,0,9.8987859261891729e-09,9.9988812932310747e-07,9.9988812932310747e-07,NaN,NaN,NaN,NaN,NaN,NaN,0,0,0,0,0,0,0,0,0,0,0,-0.072569944189655317,0,0,"baseline_K_004","baseline","Known-model reference"
"P06","K",5,1,1,1200,"",0,0,0,0,0,0,0,0,0,0.0015192999999999999,0.0050885000000000001,NaN,NaN,39935.425152227523,49866.270453714009,0,7.5299296328635668e-10,0,9.8949400041308318e-09,9.9969290370483869e-07,9.9969290370483869e-07,NaN,NaN,NaN,NaN,NaN,NaN,0,0,0,0,0,0,0,0,0,0,0,-0.060546631187427868,0,0,"baseline_K_005","baseline","Known-model reference"
"P06","K",6,1,1,1200,"",0,0,0,0,0,0,0,0,0,0.0014673500000000001,0.0031716000000000001,NaN,NaN,39832.248328172165,49753.433310236331,0,7.5490222208674819e-10,0,9.900527282993736e-09,9.9997651123978802e-07,9.9997651123978802e-07,NaN,NaN,NaN,NaN,NaN,NaN,0,0,0,0,0,0,0,0,0,0,0,-0.072135983025141931,0,0,"baseline_K_006","baseline","Known-model reference"
"P06","K",7,1,1,1200,"",0,0,0,0,0,0,0,0,0,0.00146035,0.0060143000000000002,NaN,NaN,39881.703478831107,49297.354959051198,0,7.5452105608514737e-10,0,9.8944599965289088e-09,9.996685350569143e-07,9.996685350569143e-07,NaN,NaN,NaN,NaN,NaN,NaN,0,0,0,0,0,0,0,0,0,0,0,-0.082583394463849491,0,0,"baseline_K_007","baseline","Known-model reference"
"P06","K",8,1,1,1200,"",0,0,0,0,0,0,0,0,0,0.0014506499999999999,0.0032155,NaN,NaN,39978.302246292194,49380.204235217076,0,7.5457252637242777e-10,0,9.8917391275629068e-09,9.9953039306194728e-07,9.9953039306194728e-07,NaN,NaN,NaN,NaN,NaN,NaN,0,0,0,0,0,0,0,0,0,0,0,-0.065874884803185152,0,0,"baseline_K_008","baseline","Known-model reference"
"P06","K",9,1,1,1200,"",0,0,0,0,0,0,0,0,0,0.0014262000000000001,0.0027973,NaN,NaN,39793.632952289219,49331.179003194717,0,7.5591693398622399e-10,0,9.9003625771730948e-09,9.9996815198667304e-07,9.9996815198667304e-07,NaN,NaN,NaN,NaN,NaN,NaN,0,0,0,0,0,0,0,0,0,0,0,-0.077083896727744294,0,0,"baseline_K_009","baseline","Known-model reference"
"P06","K",10,1,1,1200,"",0,0,0,0,0,0,0,0,0,0.0014863999999999999,0.0032991000000000001,NaN,NaN,40076.05604096692,49245.432627934366,0,7.5463092789496474e-10,0,9.8984251281900061e-09,9.9986981619236472e-07,9.9986981619236472e-07,NaN,NaN,NaN,NaN,NaN,NaN,0,0,0,0,0,0,0,0,0,0,0,-0.069102867862290973,0,0,"baseline_K_010","baseline","Known-model reference"
"P06","K",11,1,1,1200,"",0,0,0,0,0,0,0,0,0,0.0014567499999999999,0.0059484000000000004,NaN,NaN,39901.419861256349,49331.877509668855,0,7.5457406702085696e-10,0,9.887731378440387e-09,9.9932688025253716e-07,9.9932688025253716e-07,NaN,NaN,NaN,NaN,NaN,NaN,0,0,0,0,0,0,0,0,0,0,0,-0.059466462508625362,0,0,"baseline_K_011","baseline","Known-model reference"
"P06","K",12,1,1,1200,"",0,0,0,0,0,0,0,0,0,0.0014395,0.0030314999999999999,NaN,NaN,39930.415791487889,49275.311610330733,0,7.5446644044597788e-10,0,9.899320010314518e-09,9.9991523738241426e-07,9.9991523738241426e-07,NaN,NaN,NaN,NaN,NaN,NaN,0,0,0,0,0,0,0,0,0,0,0,-0.059241557112409859,0,0,"baseline_K_012","baseline","Known-model reference"
"P06","K",13,1,1,1200,"",0,0,0,0,0,0,0,0,0,0.0014423999999999999,0.0026067999999999998,NaN,NaN,39948.872570088861,49388.726711921146,0,7.5371526969975017e-10,0,9.9000235831975532e-09,9.9995094693514586e-07,9.9995094693514586e-07,NaN,NaN,NaN,NaN,NaN,NaN,0,0,0,0,0,0,0,0,0,0,0,-0.076534106263946883,0,0,"baseline_K_013","baseline","Known-model reference"
"P06","K",14,1,1,1200,"",0,0,0,0,0,0,0,0,0,0.0014453000000000001,0.0028300999999999999,NaN,NaN,39768.264579311595,49231.171851656683,0,7.5576886439273298e-10,0,9.8843454527185302e-09,9.9915491170285452e-07,9.9915491170285452e-07,NaN,NaN,NaN,NaN,NaN,NaN,0,0,0,0,0,0,0,0,0,0,0,-0.069827028572336636,0,0,"baseline_K_014","baseline","Known-model reference"
"P06","K",15,1,1,1200,"",0,0,0,0,0,0,0,0,0,0.00145875,0.0029093999999999999,NaN,NaN,39767.569541171048,49098.609592363435,0,7.5537493268637646e-10,0,9.8927231657956572e-09,9.9958035611179355e-07,9.9958035611179355e-07,NaN,NaN,NaN,NaN,NaN,NaN,0,0,0,0,0,0,0,0,0,0,0,-0.062072461310058724,0,0,"baseline_K_015","baseline","Known-model reference"
"P06","K",16,1,1,1200,"",0,0,0,0,0,0,0,0,0,0.0014450999999999999,0.0032082,NaN,NaN,39946.202850505055,49405.863141956557,0,7.5620962158519639e-10,0,9.8918854463378374e-09,9.9953782233168995e-07,9.9953782233168995e-07,NaN,NaN,NaN,NaN,NaN,NaN,0,0,0,0,0,0,0,0,0,0,0,-0.060867258106602595,0,0,"baseline_K_016","baseline","Known-model reference"
"P06","K",17,1,1,1200,"",0,0,0,0,0,0,0,0,0,0.0014412499999999998,0.0032650000000000001,NaN,NaN,39903.613241470681,49476.28837255769,0,7.5461126257466632e-10,0,9.900518084325034e-09,9.9997604438499477e-07,9.9997604438499477e-07,NaN,NaN,NaN,NaN,NaN,NaN,0,0,0,0,0,0,0,0,0,0,0,-0.064432508519839726,0,0,"baseline_K_017","baseline","Known-model reference"
"P06","K",18,1,1,1200,"",0,0,0,0,0,0,0,0,0,0.0014407999999999999,0.0028029000000000001,NaN,NaN,39856.912196321879,49503.590461930988,0,7.5396479832704472e-10,0,9.8967708513227592e-09,9.9978584534091736e-07,9.9978584534091736e-07,NaN,NaN,NaN,NaN,NaN,NaN,0,0,0,0,0,0,0,0,0,0,0,-0.068221401720524877,0,0,"baseline_K_018","baseline","Known-model reference"
"P06","K",19,1,1,1200,"",0,0,0,0,0,0,0,0,0,0.0014311,0.0032028,NaN,NaN,39843.403528122639,49494.400758058444,0,7.5530560912889686e-10,0,9.9005457320577151e-09,9.9997744757396624e-07,9.9997744757396624e-07,NaN,NaN,NaN,NaN,NaN,NaN,0,0,0,0,0,0,0,0,0,0,0,-0.061236650517184271,0,0,"baseline_K_019","baseline","Known-model reference"
"P06","K",20,1,1,1200,"",0,0,0,0,0,0,0,0,0,0.0014367,0.0029835999999999999,NaN,NaN,39794.122585233417,49163.770385095042,0,7.5499008916937737e-10,0,9.8993570598841386e-09,9.999171178494418e-07,9.999171178494418e-07,NaN,NaN,NaN,NaN,NaN,NaN,0,0,0,0,0,0,0,0,0,0,0,-0.064895243669237906,0,0,"baseline_K_020","baseline","Known-model reference"
"P06","K",21,1,1,1200,"",0,0,0,0,0,0,0,0,0,0.0014453999999999999,0.0029672000000000001,NaN,NaN,39730.34889064118,49224.272789017676,0,7.5441661790652757e-10,0,9.8929156525266878e-09,9.9959012904613048e-07,9.9959012904613048e-07,NaN,NaN,NaN,NaN,NaN,NaN,0,0,0,0,0,0,0,0,0,0,0,-0.066335605913137696,0,0,"baseline_K_021","baseline","Known-model reference"
"P06","K",22,1,1,1200,"",0,0,0,0,0,0,0,0,0,0.0014488999999999999,0.0034488000000000001,NaN,NaN,39593.073447667834,49525.451441172321,0,7.5283584481717732e-10,0,9.9007039992004046e-09,9.9998547997498903e-07,9.9998547997498903e-07,NaN,NaN,NaN,NaN,NaN,NaN,0,0,0,0,0,0,0,0,0,0,0,-0.069686344281559093,0,0,"baseline_K_022","baseline","Known-model reference"
"P06","K",23,1,1,1200,"",0,0,0,0,0,0,0,0,0,0.00147645,0.0035869000000000001,NaN,NaN,39881.39145781222,49499.340077689259,0,7.5406044595160636e-10,0,9.8962514422015625e-09,9.9975947877670752e-07,9.9975947877670752e-07,NaN,NaN,NaN,NaN,NaN,NaN,0,0,0,0,0,0,0,0,0,0,0,-0.066478696595025782,0,0,"baseline_K_023","baseline","Known-model reference"
"P06","K",24,1,1,1200,"",0,0,0,0,0,0,0,0,0,0.0015154999999999999,0.0058425999999999999,NaN,NaN,39909.99935271882,49629.214369382578,0,7.5363235404421085e-10,0,9.9002956234113265e-09,9.9996475388768195e-07,9.9996475388768195e-07,NaN,NaN,NaN,NaN,NaN,NaN,0,0,0,0,0,0,0,0,0,0,0,-0.079162176054061867,0,0,"baseline_K_024","baseline","Known-model reference"
"P06","K",25,1,1,1200,"",0,0,0,0,0,0,0,0,0,0.0014584999999999999,0.0035978999999999998,NaN,NaN,39888.334733392956,49276.27073667277,0,7.5410175808678221e-10,0,9.8812776702089481e-09,9.9899907621845691e-07,9.9899907621845691e-07,NaN,NaN,NaN,NaN,NaN,NaN,0,0,0,0,0,0,0,0,0,0,0,-0.073404640200600751,0,0,"baseline_K_025","baseline","Known-model reference"
"P06","K",26,1,1,1200,"",0,0,0,0,0,0,0,0,0,0.00147145,0.0042947000000000003,NaN,NaN,39786.854349981892,49360.217945969991,0,7.5466554096575252e-10,0,9.8910401768999824e-09,9.994949034068356e-07,9.994949034068356e-07,NaN,NaN,NaN,NaN,NaN,NaN,0,0,0,0,0,0,0,0,0,0,0,-0.076609409518449523,0,0,"baseline_K_026","baseline","Known-model reference"
"P06","K",27,1,1,1200,"",0,0,0,0,0,0,0,0,0,0.0014511999999999999,0.0027883999999999999,NaN,NaN,39835.280469285339,49385.606513030783,0,7.5250650933339581e-10,0,9.8951032884826334e-09,9.997011930628468e-07,9.997011930628468e-07,NaN,NaN,NaN,NaN,NaN,NaN,0,0,0,0,0,0,0,0,0,0,0,-0.060742508165016362,0,0,"baseline_K_027","baseline","Known-model reference"
"P06","K",28,1,1,1200,"",0,0,0,0,0,0,0,0,0,0.0014502,0.0054561000000000002,NaN,NaN,39916.936859587469,49350.366699615239,0,7.5329892174229634e-10,0,9.8953791221225306e-09,9.9971519598871032e-07,9.9971519598871032e-07,NaN,NaN,NaN,NaN,NaN,NaN,0,0,0,0,0,0,0,0,0,0,0,-0.059329736898830865,0,0,"baseline_K_028","baseline","Known-model reference"
"P06","K",29,1,1,1200,"",0,0,0,0,0,0,0,0,0,0.0014423999999999999,0.0034275999999999998,NaN,NaN,39840.831749845049,49619.254004874907,0,7.5451940804498349e-10,0,9.890911748298271e-09,9.9948838222960196e-07,9.9948838222960196e-07,NaN,NaN,NaN,NaN,NaN,NaN,0,0,0,0,0,0,0,0,0,0,0,-0.066098268108445046,0,0,"baseline_K_029","baseline","Known-model reference"
"P06","K",30,1,1,1200,"",0,0,0,0,0,0,0,0,0,0.00144165,0.0030698000000000001,NaN,NaN,39846.803488665755,49025.791665877783,0,7.5500959596434568e-10,0,9.9006155355163432e-09,9.9998099025883191e-07,9.9998099025883191e-07,NaN,NaN,NaN,NaN,NaN,NaN,0,0,0,0,0,0,0,0,0,0,0,-0.052848817842780393,0,0,"baseline_K_030","baseline","Known-model reference"
"P06","K",31,1,1,1200,"",0,0,0,0,0,0,0,0,0,0.0014290499999999999,0.0027407,NaN,NaN,39876.040881962115,49150.077583953578,0,7.5515986600322256e-10,0,9.9001470343303312e-09,9.9995721251713179e-07,9.9995721251713179e-07,NaN,NaN,NaN,NaN,NaN,NaN,0,0,0,0,0,0,0,0,0,0,0,-0.072846459958695431,0,0,"baseline_K_031","baseline","Known-model reference"
"P06","K",32,1,1,1200,"",0,0,0,0,0,0,0,0,0,0.0014378500000000001,0.0038474,NaN,NaN,39894.626551832574,49177.032144991179,0,7.5288758166359881e-10,0,9.9007194789248479e-09,9.9998626560119138e-07,9.9998626560119138e-07,NaN,NaN,NaN,NaN,NaN,NaN,0,0,0,0,0,0,0,0,0,0,0,-0.072078856881990061,0,0,"baseline_K_032","baseline","Known-model reference"
"P06","K",33,1,1,1200,"",0,0,0,0,0,0,0,0,0,0.0014427999999999999,0.0028822000000000001,NaN,NaN,39651.296010776918,49451.122465266526,0,7.5414366164199758e-10,0,9.894823398164407e-09,9.9968698399878466e-07,9.9968698399878466e-07,NaN,NaN,NaN,NaN,NaN,NaN,0,0,0,0,0,0,0,0,0,0,0,-0.066723494122417765,0,0,"baseline_K_033","baseline","Known-model reference"
"P06","K",34,1,1,1200,"",0,0,0,0,0,0,0,0,0,0.0014299499999999999,0.0029309000000000002,NaN,NaN,39824.327163915921,49092.761318480065,0,7.5381303348798672e-10,0,9.8881663455795665e-09,9.9934896978408059e-07,9.9934896978408059e-07,NaN,NaN,NaN,NaN,NaN,NaN,0,0,0,0,0,0,0,0,0,0,0,-0.0722275067127158,0,0,"baseline_K_034","baseline","Known-model reference"
"P06","K",35,1,1,1200,"",0,0,0,0,0,0,0,0,0,0.0014506,0.0047917999999999997,NaN,NaN,39889.399553257026,49259.697617618825,0,7.5606533677325102e-10,0,9.8960069634526148e-09,9.9974706815948275e-07,9.9974706815948275e-07,NaN,NaN,NaN,NaN,NaN,NaN,0,0,0,0,0,0,0,0,0,0,0,-0.059309536477930302,0,0,"baseline_K_035","baseline","Known-model reference"
"P06","K",36,1,1,1200,"",0,0,0,0,0,0,0,0,0,0.0014493500000000001,0.0049912000000000003,NaN,NaN,39926.114121318358,49378.232530538829,0,7.5458523894057196e-10,0,9.8990779619355734e-09,9.9990295202588074e-07,9.9990295202588074e-07,NaN,NaN,NaN,NaN,NaN,NaN,0,0,0,0,0,0,0,0,0,0,0,-0.075499024734349329,0,0,"baseline_K_036","baseline","Known-model reference"
"P06","K",37,1,1,1200,"",0,0,0,0,0,0,0,0,0,0.0014349499999999999,0.0028208,NaN,NaN,39842.799239428372,49481.30886943682,0,7.5221776302900022e-10,0,9.8972080109683845e-09,9.9980803617591972e-07,9.9980803617591972e-07,NaN,NaN,NaN,NaN,NaN,NaN,0,0,0,0,0,0,0,0,0,0,0,-0.062439610696990389,0,0,"baseline_K_037","baseline","Known-model reference"
"P06","K",38,1,1,1200,"",0,0,0,0,0,0,0,0,0,0.00143535,0.0036039000000000002,NaN,NaN,39919.640483421324,49059.30195925427,0,7.5499391448641965e-10,0,9.8967642142876245e-09,9.9978550843199008e-07,9.9978550843199008e-07,NaN,NaN,NaN,NaN,NaN,NaN,0,0,0,0,0,0,0,0,0,0,0,-0.059933032255259755,0,0,"baseline_K_038","baseline","Known-model reference"
"P06","K",39,1,1,1200,"",0,0,0,0,0,0,0,0,0,0.0014316999999999999,0.0030880999999999999,NaN,NaN,39845.968512270534,49291.584072464299,0,7.5091964054385158e-10,0,9.8983062342383923e-09,9.998637813845076e-07,9.998637813845076e-07,NaN,NaN,NaN,NaN,NaN,NaN,0,0,0,0,0,0,0,0,0,0,0,-0.053225444710277792,0,0,"baseline_K_039","baseline","Known-model reference"
"P06","K",40,1,1,1200,"",0,0,0,0,0,0,0,0,0,0.0014304999999999999,0.0033995000000000002,NaN,NaN,39785.352305583685,49821.980145506357,0,7.5342531223106467e-10,0,9.8995287696194838e-09,9.9992583300627096e-07,9.9992583300627096e-07,NaN,NaN,NaN,NaN,NaN,NaN,0,0,0,0,0,0,0,0,0,0,0,-0.064022563561329238,0,0,"baseline_K_040","baseline","Known-model reference"
"P06","P2",0,0,1,1200,"",1199,0,200,0,0,0,0,0,0,0.0016917500000000001,0.0051919999999999996,1,1,39891.674220355992,49184.37623334927,0,7.5243263281936104e-10,0,9.8171195450949616e-09,9.9573450234195976e-07,9.9573450234195976e-07,0.00043940937573841475,0.76978387479659371,880.21054393951079,-9.9468024515697245e-16,3.9758921931353637,1.1398654745888297e+28,1150,0,0,0,0,0,0,0,0,0,0,-0.066647255568569264,0,0,"baseline_P2_000","baseline","Complete quadratic"
"P06","P2",1,1,1,1200,"",1199,0,200,0,0,0,0,0,0,0.0017668,0.0043889999999999997,1,1,39552.322912831645,49155.404864237469,0,7.5621333659983047e-10,0,9.8995295738277903e-09,9.9992587382382837e-07,9.9992587382382837e-07,0.00043918484810430642,0.76176652002390799,865.52605339721708,6.6142289085788083e-10,3.9795713779780129,5069340782.7441339,1150,0,0,0,0,0,0,0,0,0,0,-0.067283879285572973,0,0,"baseline_P2_001","baseline","Complete quadratic"
"P06","P2",2,1,1,1200,"",1199,0,200,0,0,0,0,0,0,0.0015449999999999999,0.0035536000000000001,1,1,39937.917594188817,49449.495708432012,0,7.5721163686007655e-10,0,9.8900508651063777e-09,9.9944466836220373e-07,9.9944466836220373e-07,0.0004391119862366291,0.75252594859003863,867.3562151678193,3.8965197324219793e-10,3.9800105761661309,5825299029.5560713,1150,0,0,0,0,0,0,0,0,0,0,-0.077302781924832725,0,0,"baseline_P2_002","baseline","Complete quadratic"
"P06","P2",3,1,1,1200,"",1199,0,200,0,0,0,0,0,0,0.00154765,0.0029378,1,1,39491.900556453009,49551.44490216938,0,7.5964740072106963e-10,0,9.898925611177183e-09,9.9989521926662593e-07,9.9989521926662593e-07,0.00043910135000867174,0.77997165782876654,884.27578800525248,4.9621755936470415e-10,3.9859263825833584,7977214180.5800638,1150,0,0,0,0,0,0,0,0,0,0,-0.058350773537180156,0,0,"baseline_P2_003","baseline","Complete quadratic"
"P06","P2",4,1,1,1200,"",1199,0,200,0,0,0,0,0,0,0.00156595,0.0075012999999999998,1,1,39474.294780823562,48521.184640816842,0,7.5941427140403586e-10,0,9.9008971245629421e-09,9.9999528142021166e-07,9.9999528142021166e-07,0.00043950980923522092,0.76395085411585695,858.62740711180084,6.6233817809153227e-10,3.9721290577855934,5073089597.4230137,1150,0,0,0,0,0,0,0,0,0,0,-0.072693374790875565,0,0,"baseline_P2_004","baseline","Complete quadratic"
"P06","P2",5,1,1,1200,"",1199,0,200,0,0,0,0,0,0,0.00157245,0.0033635000000000002,1,1,40027.070242345973,49674.786687002968,0,7.611643531283332e-10,0,9.8980158062733332e-09,9.9984903971869227e-07,9.9984903971869227e-07,0.00043919569123272099,0.764343097834143,859.51233240599504,1.7514241468814477e-10,3.9828607372133056,19217356386.985817,1150,0,0,0,0,0,0,0,0,0,0,-0.06036813773499955,0,0,"baseline_P2_005","baseline","Complete quadratic"
"P06","P2",6,1,1,1200,"",1199,0,200,0,0,0,0,0,0,0.0015655500000000002,0.007339,1,1,39614.449793735999,47391.120756875702,0,7.6586736739956174e-10,0,9.9000279253411148e-09,9.9995116731494649e-07,9.9995116731494649e-07,0.00043908272651673472,0.76104390712291758,846.89090297987411,7.138455172878684e-10,3.9801119842100334,4693526729.2519369,1150,0,0,0,0,0,0,0,0,0,0,-0.071706815884382213,0,0,"baseline_P2_006","baseline","Complete quadratic"
"P06","P2",7,1,1,1200,"",1199,0,200,0,0,0,0,0,0,0.0015988,0.0037661999999999999,1,1,39712.393252009075,48463.310646229227,0,7.5239903139694337e-10,0,9.9007288660244365e-09,9.9998674201449478e-07,9.9998674201449478e-07,0.00043898460243964397,0.77127852038973943,869.65379082946311,5.8551258082337847e-10,3.9865391165157682,5740836270.4224472,1150,0,0,0,0,0,0,0,0,0,0,-0.08321396965876196,0,0,"baseline_P2_007","baseline","Complete quadratic"
"P06","P2",8,1,1,1200,"",1199,0,200,0,0,0,0,0,0,0.00161645,0.0055447999999999999,1,1,39788.207438602505,49416.154855817753,0,7.5207794396511351e-10,0,9.9003511365530157e-09,9.9996757134257374e-07,9.9996757134257374e-07,0.00043943761829960296,0.77941309103141554,876.76861521913452,5.3636567001346642e-10,3.9878692079047604,6245447191.5129852,1150,0,0,0,0,0,0,0,0,0,0,-0.067228811072804429,0,0,"baseline_P2_008","baseline","Complete quadratic"
"P06","P2",9,1,1,1200,"",1199,0,200,0,0,0,0,0,0,0.0016164999999999999,0.0034475,1,1,40173.984693812949,49731.788292380363,0,7.5643295878498789e-10,0,9.8992007988366078e-09,9.9990918672832321e-07,9.9990918672832321e-07,0.00043944890491437255,0.75934209939513342,864.62334520972081,1.017817155511638e-09,3.9908118732528552,3295075103.7699275,1150,0,0,0,0,0,0,0,0,0,0,-0.078084701347687357,0,0,"baseline_P2_009","baseline","Complete quadratic"
"P06","P2",10,1,1,1200,"",1199,0,200,0,0,0,0,0,0,0.00160235,0.0033140000000000001,1,1,39801.454192108846,49294.020089268422,0,7.6454658779134827e-10,0,9.8953922660621952e-09,9.9971586324699627e-07,9.9971586324699627e-07,0.00043898179004578635,0.77614844856341958,885.33120568478489,7.5771080028591364e-10,3.9797641147369451,4454510447.1331291,1150,0,0,0,0,0,0,0,0,0,0,-0.068768546092569355,0,0,"baseline_P2_010","baseline","Complete quadratic"
"P06","P2",11,1,1,1200,"",1199,0,200,0,0,0,0,0,0,0.00158545,0.0056157999999999998,1,1,40123.127602078406,50196.78257365874,0,7.5755499538994437e-10,0,9.8988556575757578e-09,9.9989166866161638e-07,9.9989166866161638e-07,0.00043899792407205114,0.77583209311634738,884.66910796438549,6.2407209873780484e-10,3.9883972746236735,5365210365.9356012,1150,0,0,0,0,0,0,0,0,0,0,-0.05988184619924708,0,0,"baseline_P2_011","baseline","Complete quadratic"
"P06","P2",12,1,1,1200,"",1199,0,200,0,0,0,0,0,0,0.0015937,0.0034903,1,1,39934.02941367375,48065.532592129675,0,7.5456107428867499e-10,0,9.8992038466569623e-09,9.9990934142282196e-07,9.9990934142282196e-07,0.00043960858172669744,0.76898053785558096,862.23110906749764,7.8504272650926005e-10,3.9688073234398145,4281239634.0861955,1150,0,0,0,0,0,0,0,0,0,0,-0.059514448089573679,0,0,"baseline_P2_012","baseline","Complete quadratic"
"P06","P2",13,1,1,1200,"",1199,0,200,0,0,0,0,0,0,0.0016058999999999999,0.0033754000000000002,1,1,39551.04999025476,49260.13206572707,0,7.6097617117944384e-10,0,9.8936384093758537e-09,9.9962682400916556e-07,9.9962682400916556e-07,0.00043880353487320934,0.75663768706648482,869.20515892496292,8.2741351278554722e-10,3.991799668711153,3244363901.0829773,1150,0,0,0,0,0,0,0,0,0,0,-0.076049810010620167,0,0,"baseline_P2_013","baseline","Complete quadratic"
"P06","P2",14,1,1,1200,"",1199,0,200,0,0,0,0,0,0,0.00155485,0.0030282999999999998,1,1,39503.686812861997,47899.680031372744,0,7.5953175779788365e-10,0,9.899756173166123e-09,9.9993737479681257e-07,9.9993737479681257e-07,0.00043900957709413807,0.76257169730785068,861.24493252920604,2.6499225717816688e-10,3.9806008284398966,12707769204.147953,1150,0,0,0,0,0,0,0,0,0,0,-0.070078593229587316,0,0,"baseline_P2_014","baseline","Complete quadratic"
"P06","P2",15,1,1,1200,"",1199,0,200,0,0,0,0,0,0,0.00172325,0.010263599999999999,1,1,39565.534506872194,48752.2508116237,0,7.5644463732415097e-10,0,9.9002333140503932e-09,9.9996159149538009e-07,9.9996159149538009e-07,0.00043907711043437829,0.75670774706773292,851.83915999371936,7.3443123226233496e-10,3.985675838328528,4566299162.5870161,1150,0,0,0,0,0,0,0,0,0,0,-0.062560229891466701,0,0,"baseline_P2_015","baseline","Complete quadratic"
"P06","P2",16,1,1,1200,"",1199,0,200,0,0,0,0,0,0,0.0017802,0.0078843999999999997,1,1,39695.48832863546,47426.617739681649,0,7.6077429062586619e-10,0,9.8880571151283068e-09,9.9934342262979237e-07,9.9934342262979237e-07,0.00043917960335956028,0.76519428995667882,848.87016290485485,7.7341344287152828e-10,3.9683850156422134,4350414670.8566942,1150,0,0,0,0,0,0,0,0,0,0,-0.060932073520269692,0,0,"baseline_P2_016","baseline","Complete quadratic"
"P06","P2",17,1,1,1200,"",1199,0,200,0,0,0,0,0,0,0.0017403,0.0092783999999999991,1,1,40051.162436560015,48598.613886659819,0,7.5922192302511413e-10,0,9.8985069725863559e-09,9.9987397042155641e-07,9.9987397042155641e-07,0.00043939901453401563,0.77266343856853981,872.21376983887569,5.0190725958375235e-10,3.9739614473909524,6680978026.0560875,1150,0,0,0,0,0,0,0,0,0,0,-0.064995310240672788,0,0,"baseline_P2_017","baseline","Complete quadratic"
"P06","P2",18,1,1,1200,"",1199,0,200,0,0,0,0,0,0,0.0018462999999999999,0.0115978,1,1,39890.114841071831,49147.763260210872,0,7.5787368206695431e-10,0,9.8968721460463453e-09,9.9979098724594148e-07,9.9979098724594148e-07,0.00043893111712850133,0.78080366384719713,879.28720227632971,3.6144688827968196e-10,3.9851914136524362,9320132780.4621487,1150,0,0,0,0,0,0,0,0,0,0,-0.06822083664497286,0,0,"baseline_P2_018","baseline","Complete quadratic"
"P06","P2",19,1,1,1200,"",1199,0,200,0,0,0,0,0,0,0.00190745,0.011836899999999999,1,1,38688.896942858919,48854.40923820006,0,7.6055232271801253e-10,0,9.9003573796533131e-09,9.9996788819775227e-07,9.9996788819775227e-07,0.00043901915244590325,0.77384072652198865,886.51045232149102,6.3702420056926222e-10,3.9847172373740256,4099964666.9985094,1150,0,0,0,0,0,0,0,0,0,0,-0.061550304208600637,0,0,"baseline_P2_019","baseline","Complete quadratic"
"P06","P2",20,1,1,1200,"",1199,0,200,0,0,0,0,0,0,0.001792,0.0125685,1,1,39890.569638978908,50386.424815067934,0,7.5887431146507734e-10,0,9.8999515855833772e-09,9.9994729278350693e-07,9.9994729278350693e-07,0.00043911071617951163,0.78085245763670041,884.83507575110525,6.2393465732389868e-10,3.9751746233287704,3643568631.4162426,1150,0,0,0,0,0,0,0,0,0,0,-0.06506889700865931,0,0,"baseline_P2_020","baseline","Complete quadratic"
"P06","P2",21,1,1,1200,"",1199,0,200,0,0,0,0,0,0,0.00177505,0.0093828000000000002,1,1,39546.991225359532,48316.778362494719,0,7.6101872898327514e-10,0,9.8980132069601272e-09,9.9984890778067406e-07,9.9984890778067406e-07,0.00043925037409265098,0.75722028974724598,851.56768462547552,4.4584830224771353e-10,3.9888295605728268,5083039522.9856062,1150,0,0,0,0,0,0,0,0,0,0,-0.066562033372619012,0,0,"baseline_P2_021","baseline","Complete quadratic"
"P06","P2",22,1,1,1200,"",1199,0,200,0,0,0,0,0,0,0.0017833,0.0095338999999999997,1,1,39455.248842250068,48984.287946304124,0,7.6222134027946499e-10,0,9.8915808379445206e-09,9.9952235591673721e-07,9.9952235591673721e-07,0.00043903156149132852,0.77825455840552782,876.28883387706026,8.8800881136666035e-10,3.9890320674666864,3795725345.0469446,1150,0,0,0,0,0,0,0,0,0,0,-0.069675136194535858,0,0,"baseline_P2_022","baseline","Complete quadratic"
"P06","P2",23,1,1,1200,"",1199,0,200,0,0,0,0,0,0,0.0018157,0.010522200000000001,1,1,39398.767251352692,47767.989401414387,0,7.5828655433499656e-10,0,9.89957903333598e-09,9.9992838413561802e-07,9.9992838413561802e-07,0.00043897466050317805,0.76553386807646828,864.34467087369205,4.5722608716683406e-10,3.9819206120083526,7349691508.4499149,1150,0,0,0,0,0,0,0,0,0,0,-0.066876251096022465,0,0,"baseline_P2_023","baseline","Complete quadratic"
"P06","P2",24,1,1,1200,"",1199,0,200,0,0,0,0,0,0,0.00174025,0.0127049,1,1,40007.346647646656,50293.465088146324,0,7.6458593696629655e-10,0,9.898905710497752e-09,9.9989420917761858e-07,9.9989420917761858e-07,0.00043903045706186137,0.7593558224456296,862.10792530611161,7.1320010015367724e-10,3.9875470094433503,5096553167.782464,1150,0,0,0,0,0,0,0,0,0,0,-0.078794935745121891,0,0,"baseline_P2_024","baseline","Complete quadratic"
"P06","P2",25,1,1,1200,"",1199,0,200,0,0,0,0,0,0,0.0018405000000000001,0.0111856,1,1,39457.501026049111,48723.620663777991,0,7.5117863149619838e-10,0,9.8975957639615495e-09,9.9982771865407048e-07,9.9982771865407048e-07,0.00043903926459546165,0.77662043921851043,880.66069223413842,6.7013339910732084e-10,3.9832325503228891,3441281154.4070745,1150,0,0,0,0,0,0,0,0,0,0,-0.07404771737754573,0,0,"baseline_P2_025","baseline","Complete quadratic"
"P06","P2",26,1,1,1200,"",1199,0,200,0,0,0,0,0,0,0.0016082499999999999,0.0070732,1,1,39718.968305066708,47879.090840213154,0,7.6011400763039085e-10,0,9.9008669037163779e-09,9.9999374766637631e-07,9.9999374766637631e-07,0.000439132494958528,0.78694659685592916,869.45510150664506,6.7545489266120272e-10,3.9776800083397719,4973539603.5444498,1150,0,0,0,0,0,0,0,0,0,0,-0.076807781482614301,0,0,"baseline_P2_026","baseline","Complete quadratic"
"P06","P2",27,1,1,1200,"",1199,0,200,0,0,0,0,0,0,0.0015700499999999999,0.0047200999999999996,1,1,39616.390911791052,49043.982647552773,0,7.5757986032039815e-10,0,9.8961834274557908e-09,9.9975602611977351e-07,9.9975602611977351e-07,0.00043897683838778324,0.76741480489313085,887.73543396580783,8.0346665145415507e-10,3.9895061515575994,4652134567.2988071,1150,0,0,0,0,0,0,0,0,0,0,-0.060761700010926012,0,0,"baseline_P2_027","baseline","Complete quadratic"
"P06","P2",28,1,1,1200,"",1199,0,200,0,0,0,0,0,0,0.0015583999999999999,0.0041505999999999999,1,1,40308.5579776206,50397.323313412759,0,7.5846082091453328e-10,0,9.9004095263242198e-09,9.9997053478645294e-07,9.9997053478645294e-07,0.00043911482457388974,0.77256533487065837,869.64080097278838,8.5003075669187869e-10,3.9891508814377672,3442352458.4164515,1150,0,0,0,0,0,0,0,0,0,0,-0.059916543362508123,0,0,"baseline_P2_028","baseline","Complete quadratic"
"P06","P2",29,1,1,1200,"",1199,0,200,0,0,0,0,0,0,0.0015593,0.0033408000000000001,1,1,39481.645906647755,47646.491925364979,0,7.5554155401560395e-10,0,9.8997809965216598e-09,9.9993863468993471e-07,9.9993863468993471e-07,0.00043919882456191622,0.77256917943106806,870.48535658573951,4.7538174115632101e-10,3.976300014751958,5903423308.0976562,1150,0,0,0,0,0,0,0,0,0,0,-0.066843096679850222,0,0,"baseline_P2_029","baseline","Complete quadratic"
"P06","P2",30,1,1,1200,"",1199,0,200,0,0,0,0,0,0,0.00156135,0.0032383999999999998,1,1,39540.315462812679,48402.598223259942,0,7.6265833846058977e-10,0,9.9000405699375871e-09,9.9995180907461063e-07,9.9995180907461063e-07,0.00043929461726981449,0.75407794627637958,868.99876484494564,1.0429927142799622e-09,3.9809972548433832,3219609708.8788319,1150,0,0,0,0,0,0,0,0,0,0,-0.053276312507277046,0,0,"baseline_P2_030","baseline","Complete quadratic"
"P06","P2",31,1,1,1200,"",1199,0,200,0,0,0,0,0,0,0.0015500499999999999,0.0042063999999999999,1,1,39678.927425785849,48412.379232200663,0,7.562762260608754e-10,0,9.8973103753931277e-09,9.9981323226716232e-07,9.9981323226716232e-07,0.0004392239056916195,0.76304870193043262,872.60863079991088,6.6152691320543828e-10,3.9723687352831187,5072237413.2440825,1150,0,0,0,0,0,0,0,0,0,0,-0.073211587772226472,0,0,"baseline_P2_031","baseline","Complete quadratic"
"P06","P2",32,1,1,1200,"",1199,0,200,0,0,0,0,0,0,0.0015603500000000001,0.0036736,1,1,39452.957653371865,48715.583642656085,0,7.6091878224575125e-10,0,9.8972428568505788e-09,9.9980980498073618e-07,9.9980980498073618e-07,0.00043894954813485771,0.78239797305085423,876.23906056489204,5.1215805788144855e-10,3.9778636041950364,4432434162.4200268,1150,0,0,0,0,0,0,0,0,0,0,-0.072090698921637109,0,0,"baseline_P2_032","baseline","Complete quadratic"
"P06","P2",33,1,1,1200,"",1199,0,200,0,0,0,0,0,0,0.0015715500000000001,0.0034591000000000001,1,1,39525.503661768751,48945.999501626931,0,7.625282321755447e-10,0,9.8996375422746943e-09,9.9993135374220253e-07,9.9993135374220253e-07,0.00043940701342086306,0.75667014724629322,858.74135463037555,7.9163035946968783e-10,3.9702936904257893,3293571715.364583,1150,0,0,0,0,0,0,0,0,0,0,-0.066803932697992535,0,0,"baseline_P2_033","baseline","Complete quadratic"
"P06","P2",34,1,1,1200,"",1199,0,200,0,0,0,0,0,0,0.0015568499999999998,0.0055053000000000003,1,1,39734.243442028332,48614.205175818177,0,7.5821543790132972e-10,0,9.8954941926669072e-09,9.9972103758418349e-07,9.9972103758418349e-07,0.00043902306538034071,0.77001822334782044,867.25647685328033,9.5821357017079576e-10,3.9827987569092289,3506801353.5851064,1150,0,0,0,0,0,0,0,0,0,0,-0.072345763765511995,0,0,"baseline_P2_034","baseline","Complete quadratic"
"P06","P2",35,1,1,1200,"",1199,0,200,0,0,0,0,0,0,0.0015838499999999999,0.0038955999999999999,1,1,39807.569717356615,48312.137337128559,0,7.5900070622454091e-10,0,9.8989049093797791e-09,9.998941685156389e-07,9.998941685156389e-07,0.00043915868339622951,0.76540271423093242,865.66580255855581,6.8175673929569798e-10,3.9797843336904992,4937735853.8572216,1150,0,0,0,0,0,0,0,0,0,0,-0.059819132763657884,0,0,"baseline_P2_035","baseline","Complete quadratic"
"P06","P2",36,1,1,1200,"",1199,0,200,0,0,0,0,0,0,0.0015901000000000001,0.0066189999999999999,1,1,39782.708123765318,48999.182426461906,0,7.5654053954228145e-10,0,9.8989184747106984e-09,9.9989485704460097e-07,9.9989485704460097e-07,0.0004389170783101002,0.75740145362804345,875.74697245612901,6.8629551625786138e-10,3.9822086537431063,5768481358.6266241,1150,0,0,0,0,0,0,0,0,0,0,-0.07543346553668076,0,0,"baseline_P2_036","baseline","Complete quadratic"
"P06","P2",37,1,1,1200,"",1199,0,200,0,0,0,0,0,0,0.0015620500000000002,0.0036960999999999999,1,1,39296.083727389007,48735.51935908592,0,7.6073676681614572e-10,0,9.8992744550036524e-09,9.9991292519800553e-07,9.9991292519800553e-07,0.00043890011337463486,0.77276167138673624,874.65825300604263,8.5460942208989354e-10,3.9757373596221388,4623711463.8547907,1150,0,0,0,0,0,0,0,0,0,0,-0.062189730311464408,0,0,"baseline_P2_037","baseline","Complete quadratic"
"P06","P2",38,1,1,1200,"",1199,0,200,0,0,0,0,0,0,0.00155185,0.0029957,1,1,39818.107440792017,49272.282229072429,0,7.5713539155068538e-10,0,9.8997648464525396e-09,9.999378150039673e-07,9.999378150039673e-07,0.00043916248743729939,0.75917439702035416,870.07816681516442,7.7713518673068034e-10,3.9852826397224765,4298634806.766923,1150,0,0,0,0,0,0,0,0,0,0,-0.059602995869003916,0,0,"baseline_P2_038","baseline","Complete quadratic"
"P06","P2",39,1,1,1200,"",1199,0,200,0,0,0,0,0,0,0.0015621000000000001,0.0071235999999999999,1,1,39610.450455996383,48948.492565180073,0,7.5333977852784367e-10,0,9.8972934891671254e-09,9.9981237511210189e-07,9.9981237511210189e-07,0.00043925793780633186,0.75588338275604072,870.95211852561727,8.0531877949676566e-10,3.972944929569147,3341463855.197823,1150,0,0,0,0,0,0,0,0,0,0,-0.053997387381426176,0,0,"baseline_P2_039","baseline","Complete quadratic"
"P06","P2",40,1,1,1200,"",1199,0,200,0,0,0,0,0,0,0.0016237999999999999,0.0053709999999999999,1,1,39839.646864870505,47615.59325402481,0,7.4813057309983353e-10,0,9.900767521802154e-09,9.9998870386701695e-07,9.9998870386701695e-07,0.00043936577006683662,0.76849077249315245,848.63877781985252,3.6250417542563269e-10,3.9788769526622194,9287385605.7671967,1150,0,0,0,0,0,0,0,0,0,0,-0.065078573307570275,0,0,"baseline_P2_040","baseline","Complete quadratic"
"P06","R",0,0,1,1200,"",1199,0,200,0,0,0,0,0,0,0.0016135500000000001,0.0040182000000000004,1,1,39870.096511361349,49271.360037226528,0,7.5235046838528391e-10,0,9.823534305422056e-09,9.9606138047997076e-07,9.9606138047997076e-07,0.00053285233876604516,0.069735486166045441,66.912213847246022,-8.9740262851301166e-16,3.1463285393454732,3.6124647934569971e+29,1150,0,0,0,0,0,0,0,0,0,0,-0.066668202286288669,0,0,"baseline_R_000","baseline","Relaxed"
"P06","R",1,1,1,1200,"",1199,0,200,0,0,0,0,0,0,0.00165405,0.0050886000000000004,1,1,39536.413176148468,48704.431419084714,0,7.5363141763772709e-10,0,9.8960684490416311e-09,9.9975018940255621e-07,9.9975018940255621e-07,0.00053274894147603525,0.069464314355657447,66.358632737205767,2.891003362976354e-09,3.1491658992879228,967881916.78629398,1150,0,0,0,0,0,0,0,0,0,0,-0.067402612594277461,0,0,"baseline_R_001","baseline","Relaxed"
"P06","R",2,1,1,1200,"",1199,0,200,0,0,0,0,0,0,0.0015085999999999999,0.0047035000000000002,1,1,39792.952952290478,49578.781143575361,0,7.5729921759255586e-10,0,9.8928226422479431e-09,9.9958540674096317e-07,9.9958540674096317e-07,0.00053267172997708428,0.069922741272020458,66.272266634711826,2.0907317836405207e-09,3.1478841675895408,1195263162.4506419,1150,0,0,0,0,0,0,0,0,0,0,-0.077248402559319695,0,0,"baseline_R_002","baseline","Relaxed"
"P06","R",3,1,1,1200,"",1199,0,200,0,0,0,0,0,0,0.0015187999999999998,0.0047267000000000003,1,1,39793.470320001215,49335.805100208498,0,7.6013220052611636e-10,0,9.9006902155491717e-09,9.99984780427286e-07,9.99984780427286e-07,0.00053259472096888329,0.070109226694262686,66.459541732970052,1.3876715765511437e-09,3.1506323416748279,2258941933.7220645,1150,0,0,0,0,0,0,0,0,0,0,-0.058357864794085501,0,0,"baseline_R_003","baseline","Relaxed"
"P06","R",4,1,1,1200,"",1199,0,200,0,0,0,0,0,0,0.0015073999999999999,0.0033505000000000002,1,1,39273.778944407954,49140.004656977333,0,7.5882830190113984e-10,0,9.8983388433592567e-09,9.9986543655872065e-07,9.9986543655872065e-07,0.00053304586772378064,0.069457751235150841,66.019787490444756,1.7625980398157481e-09,3.1438415560782009,1527818414.6986721,1150,0,0,0,0,0,0,0,0,0,0,-0.072644889521236128,0,0,"baseline_R_004","baseline","Relaxed"
"P06","R",5,1,1,1200,"",1199,0,200,0,0,0,0,0,0,0.0015076500000000001,0.0032025000000000001,1,1,39817.479703827703,49873.894310365635,0,7.6086283166065482e-10,0,9.8973648661628549e-09,9.9981599824667352e-07,9.9981599824667352e-07,0.00053283345438361821,0.069711057510581848,65.789477909487459,5.7483657254487396e-10,3.1494015166468801,4877895299.6963263,1150,0,0,0,0,0,0,0,0,0,0,-0.06042511852525817,0,0,"baseline_R_005","baseline","Relaxed"
"P06","R",6,1,1,1200,"",1199,0,200,0,0,0,0,0,0,0.00152815,0.0041365999999999998,1,1,39475.409050975315,49125.238750649609,0,7.6358971049185079e-10,0,9.8975602806458092e-09,9.9982591752438035e-07,9.9982591752438035e-07,0.00053258311290441086,0.069524968610770468,66.091032444292082,2.8004182360500097e-09,3.1495885763266842,987493661.37413299,1150,0,0,0,0,0,0,0,0,0,0,-0.071937979659217915,0,0,"baseline_R_006","baseline","Relaxed"
"P06","R",7,1,1,1200,"",1199,0,200,0,0,0,0,0,0,0.0015162000000000001,0.0039433000000000003,1,1,39439.921997175232,48361.110176775524,0,7.5591440244039238e-10,0,9.8967245301688493e-09,9.997834939859115e-07,9.997834939859115e-07,0.00053254995710959622,0.070008647265189142,66.216489487084985,1.3935763647530464e-09,3.1515202990085864,2013779763.5661924,1150,0,0,0,0,0,0,0,0,0,0,-0.083095714681278021,0,0,"baseline_R_007","baseline","Relaxed"
"P06","R",8,1,1,1200,"",1199,0,200,0,0,0,0,0,0,0.0015087500000000001,0.0033107000000000002,1,1,39583.644580610198,48858.477725607445,0,7.5636884772544976e-10,0,9.8997844383486921e-09,9.9993880937749613e-07,9.9993880937749613e-07,0.00053272870337194727,0.069732892238830363,66.781977683707453,2.1366210957089422e-09,3.1507386892465763,961130276.373469,1150,0,0,0,0,0,0,0,0,0,0,-0.066813718877401562,0,0,"baseline_R_008","baseline","Relaxed"
"P06","R",9,1,1,1200,"",1199,0,200,0,0,0,0,0,0,0.00152235,0.0048387999999999999,1,1,39682.962748157268,49068.703047339463,0,7.5848047583765592e-10,0,9.8925651052150396e-09,9.9957233099123494e-07,9.9957233099123494e-07,0.00053268804456419665,0.069593585340861269,66.173246925385911,2.4691156495648717e-09,3.1519634918219905,1133113644.8762422,1150,0,0,0,0,0,0,0,0,0,0,-0.07748222336726851,0,0,"baseline_R_009","baseline","Relaxed"
"P06","R",10,1,1,1200,"",1199,0,200,0,0,0,0,0,0,0.0015068999999999998,0.0034854999999999999,1,1,39524.060437992521,48680.107548513311,0,7.6312568050451867e-10,0,9.8993697766333424e-09,9.9991776329277663e-07,9.9991776329277663e-07,0.00053277787262256081,0.069640950982594541,66.665938788538767,2.6889746654355222e-09,3.1465732745577153,1044963478.3879477,1150,0,0,0,0,0,0,0,0,0,0,-0.068859061395998789,0,0,"baseline_R_010","baseline","Relaxed"
"P06","R",11,1,1,1200,"",1199,0,200,0,0,0,0,0,0,0.00152505,0.0039278000000000004,1,1,40105.874168182927,49416.491927659496,0,7.5596841088026697e-10,0,9.8924419079376372e-09,9.9956607592142997e-07,9.9956607592142997e-07,0.00053263651202166819,0.069461214216916964,66.410584757611801,2.0168986150241558e-09,3.1511489620247399,1385283134.9025304,1150,0,0,0,0,0,0,0,0,0,0,-0.060001596507722632,0,0,"baseline_R_011","baseline","Relaxed"
"P06","R",12,1,1,1200,"",1199,0,200,0,0,0,0,0,0,0.0015672500000000001,0.0054352999999999997,1,1,40003.406195761039,49417.902230422122,0,7.5490069353037968e-10,0,9.8985296477877646e-09,9.9987512135848342e-07,9.9987512135848342e-07,0.00053297519062946662,0.069729408797057246,66.02457612826403,2.7616154198448917e-09,3.1428418768021253,739939705.39538944,1150,0,0,0,0,0,0,0,0,0,0,-0.059370375314658219,0,0,"baseline_R_012","baseline","Relaxed"
"P06","R",13,1,1,1200,"",1199,0,200,0,0,0,0,0,0,0.0015276999999999999,0.0029543999999999998,1,1,39603.19857426043,49045.233379950994,0,7.6194690032800501e-10,0,9.8987831509237566e-09,9.9988798845938408e-07,9.9988798845938408e-07,0.00053251229320861956,0.069722449676831597,66.378008631124857,1.2492114188560301e-09,3.1532557156356389,2240657625.2444482,1150,0,0,0,0,0,0,0,0,0,0,-0.076259881579134658,0,0,"baseline_R_013","baseline","Relaxed"
"P06","R",14,1,1,1200,"",1199,0,200,0,0,0,0,0,0,0.00151395,0.0035148000000000002,1,1,39460.716525496231,48814.766636616463,0,7.5793911961586464e-10,0,9.8928258932272689e-09,9.9958557179960121e-07,9.9958557179960121e-07,0.00053254427752912265,0.069815592858994899,66.193547561173702,1.4088227921477955e-09,3.1498676530860346,1992096792.7561071,1150,0,0,0,0,0,0,0,0,0,0,-0.070045683550149618,0,0,"baseline_R_014","baseline","Relaxed"
"P06","R",15,1,1,1200,"",1199,0,200,0,0,0,0,0,0,0.0015413,0.0064621000000000001,1,1,39486.614889480072,48475.536012514414,0,7.5672690164564313e-10,0,9.8988665375588176e-09,9.9989222089307479e-07,9.9989222089307479e-07,0.00053258398063145342,0.069681106498213574,66.097661235129777,2.4959497162106656e-09,3.1508989971695001,1117891515.3858035,1150,0,0,0,0,0,0,0,0,0,0,-0.062562247649435798,0,0,"baseline_R_015","baseline","Relaxed"
"P06","R",16,1,1,1200,"",1199,0,200,0,0,0,0,0,0,0.0015436500000000001,0.0036768,1,1,39766.422242411492,48920.276507484399,0,7.6053976908962761e-10,0,9.895042336498905e-09,9.9969809875823575e-07,9.9969809875823575e-07,0.00053282749309329378,0.069908567643027775,65.703897058272787,2.9168337428769985e-09,3.1435648718044025,960493781.21036518,1150,0,0,0,0,0,0,0,0,0,0,-0.061010944697400538,0,0,"baseline_R_016","baseline","Relaxed"
"P06","R",17,1,1,1200,"",1199,0,200,0,0,0,0,0,0,0.0015822499999999999,0.0036243999999999998,1,1,39791.317883923803,49165.822607959926,0,7.5822962242093673e-10,0,9.8896238315314305e-09,9.9942298378182809e-07,9.9942298378182809e-07,0.00053279444880109585,0.069942045491692445,66.336781093746708,1.739680093000477e-09,3.1455764348404585,1507623688.8778811,1150,0,0,0,0,0,0,0,0,0,0,-0.0647416144269648,0,0,"baseline_R_017","baseline","Relaxed"
"P06","R",18,1,1,1200,"",1199,0,200,0,0,0,0,0,0,0.0015724000000000001,0.0050261000000000004,1,1,39607.48168703894,48971.784393270784,0,7.5553079767421216e-10,0,9.8993231306985042e-09,9.99915395758997e-07,9.99915395758997e-07,0.0005326475499321426,0.070004224829390019,66.484553880665743,1.5963197212915885e-09,3.1496289077427981,1757994179.4915984,1150,0,0,0,0,0,0,0,0,0,0,-0.068444584691807142,0,0,"baseline_R_018","baseline","Relaxed"
"P06","R",19,1,1,1200,"",1199,0,200,0,0,0,0,0,0,0.0016107000000000001,0.0060622000000000002,1,1,39408.721384730277,48542.529008902951,0,7.5670091347723714e-10,0,9.8976641673971485e-09,9.9983119079688563e-07,9.9983119079688563e-07,0.00053278741603518813,0.069802059919980577,66.286771477223056,2.5339732387242415e-09,3.1523770021112827,887491004.64262414,1150,0,0,0,0,0,0,0,0,0,0,-0.06194736911413809,0,0,"baseline_R_019","baseline","Relaxed"
"P06","R",20,1,1,1200,"",1199,0,200,0,0,0,0,0,0,0.0016094500000000001,0.0037190999999999999,1,1,39734.838375022387,49076.569211020214,0,7.6009951659857441e-10,0,9.8929391730576009e-09,9.9959132322381459e-07,9.9959132322381459e-07,0.00053273796775003021,0.069677202387510906,66.53149698421683,3.4308214464076369e-09,3.144106450041213,816032864.39200914,1150,0,0,0,0,0,0,0,0,0,0,-0.064991156649867238,0,0,"baseline_R_020","baseline","Relaxed"
"P06","R",21,1,1,1200,"",1199,0,200,0,0,0,0,0,0,0.0015440499999999999,0.0025977999999999999,1,1,39295.840023409168,48376.906038869987,0,7.6211196219675049e-10,0,9.8996136973972913e-09,9.9993014350243106e-07,9.9993014350243106e-07,0.00053286845417951142,0.069427052680525306,65.5793182314424,1.8616585184876843e-09,3.1513926530292564,1097617875.7374368,1150,0,0,0,0,0,0,0,0,0,0,-0.066587190905779331,0,0,"baseline_R_021","baseline","Relaxed"
"P06","R",22,1,1,1200,"",1199,0,200,0,0,0,0,0,0,0.0015371999999999999,0.0031145999999999999,1,1,39404.842809743022,49157.028450450009,0,7.6256775568410847e-10,0,9.8952531354124754e-09,9.9970880019177491e-07,9.9970880019177491e-07,0.00053263838427047557,0.070149469671315634,66.357467881906246,2.7528120834663631e-09,3.1515155075842447,1019217037.0159034,1150,0,0,0,0,0,0,0,0,0,0,-0.069643720892853256,0,0,"baseline_R_022","baseline","Relaxed"
"P06","R",23,1,1,1200,"",1199,0,200,0,0,0,0,0,0,0.00152965,0.0033755,1,1,39463.952704584241,48666.758557673202,0,7.5764266810495515e-10,0,9.8960576234438668e-09,9.9974963985460574e-07,9.9974963985460574e-07,0.00053256136603444415,0.069913645975063998,66.324032220022247,1.5149266040031476e-09,3.1501330268551606,1825889665.6118069,1150,0,0,0,0,0,0,0,0,0,0,-0.066956243528154769,0,0,"baseline_R_023","baseline","Relaxed"
"P06","R",24,1,1,1200,"",1199,0,200,0,0,0,0,0,0,0.0015395999999999999,0.0033798000000000001,1,1,39643.205852818777,49368.236014464012,0,7.6630450159522931e-10,0,9.8989319295400933e-09,9.998955399644446e-07,9.998955399644446e-07,0.00053265363107867479,0.0699393910015602,65.92406053293432,1.9018002003980743e-09,3.1503709318038333,1472737033.8651519,1150,0,0,0,0,0,0,0,0,0,0,-0.078625190494340413,0,0,"baseline_R_024","baseline","Relaxed"
"P06","R",25,1,1,1200,"",1199,0,200,0,0,0,0,0,0,0.0015317500000000001,0.0051054000000000004,1,1,39436.731960986785,48650.562266577632,0,7.5835989074470841e-10,0,9.8984737986961657e-09,9.9987228659490554e-07,9.9987228659490554e-07,0.00053243793800672023,0.070391592614618304,66.647993240527128,3.5165914523824198e-09,3.1506747230572061,687753263.29827487,1150,0,0,0,0,0,0,0,0,0,0,-0.073844799314621096,0,0,"baseline_R_025","baseline","Relaxed"
"P06","R",26,1,1,1200,"",1199,0,200,0,0,0,0,0,0,0.0015558,0.0031897000000000002,1,1,39399.468996672884,48716.116744210623,0,7.6491088634553635e-10,0,9.8994847657858566e-09,9.9992359959135065e-07,9.9992359959135065e-07,0.00053257336433295546,0.069968690115161811,66.628851779047665,1.7692622462131614e-09,3.1464613372282551,1584053326.8635864,1150,0,0,0,0,0,0,0,0,0,0,-0.076559692617857111,0,0,"baseline_R_026","baseline","Relaxed"
"P06","R",27,1,1,1200,"",1199,0,200,0,0,0,0,0,0,0.0015418999999999999,0.0033310000000000002,1,1,39607.25640638957,48928.027031457306,0,7.6020205787593046e-10,0,9.8926691718133674e-09,9.9957761471296334e-07,9.9957761471296334e-07,0.00053241322682145141,0.069603274039572172,66.710887621216855,9.5169600141600406e-10,3.1538487090951008,2148783013.3650928,1150,0,0,0,0,0,0,0,0,0,0,-0.060759158167375205,0,0,"baseline_R_027","baseline","Relaxed"
"P06","R",28,1,1,1200,"",1199,0,200,0,0,0,0,0,0,0.0015333,0.0030187999999999999,1,1,39689.455804098528,49067.551494069157,0,7.5983827002336576e-10,0,9.8980172149732637e-09,9.9984911122259888e-07,9.9984911122259888e-07,0.00053271289216115091,0.070210331828753969,66.108613599054465,1.4652750850382286e-09,3.1499007341015188,1396218232.6289139,1150,0,0,0,0,0,0,0,0,0,0,-0.059768769332290639,0,0,"baseline_R_028","baseline","Relaxed"
"P06","R",29,1,1,1200,"",1199,0,200,0,0,0,0,0,0,0.0015305,0.0032905,1,1,39475.157867641894,48867.338901260882,0,7.5735527748571073e-10,0,9.8940871144108532e-09,9.9964960446727597e-07,9.9964960446727597e-07,0.00053271094979730519,0.069367323658032914,66.589845014031184,1.8504532647410829e-09,3.1485372700780672,1513832427.7771561,1150,0,0,0,0,0,0,0,0,0,0,-0.066769324102485261,0,0,"baseline_R_029","baseline","Relaxed"
"P06","R",30,1,1,1200,"",1199,0,200,0,0,0,0,0,0,0.0015332,0.0033359000000000001,1,1,39245.926419985684,48409.126474923032,0,7.6223589540743335e-10,0,9.8936017621149058e-09,9.9962496342936074e-07,9.9962496342936074e-07,0.00053272909675861698,0.069393021886689818,66.440000192620985,3.0913132330007047e-09,3.1479487845582024,906769215.5778234,1150,0,0,0,0,0,0,0,0,0,0,-0.053110787362695089,0,0,"baseline_R_030","baseline","Relaxed"
"P06","R",31,1,1,1200,"",1199,0,200,0,0,0,0,0,0,0.00150595,0.0030923000000000001,1,1,39623.272136960004,48846.884821537766,0,7.6109957009913029e-10,0,9.8976585515460832e-09,9.9983090573801338e-07,9.9983090573801338e-07,0.00053272897142507395,0.069424419672884249,66.140708645770829,3.3177890736459472e-09,3.1455142711188704,814208374.42553973,1150,0,0,0,0,0,0,0,0,0,0,-0.07323970524920892,0,0,"baseline_R_031","baseline","Relaxed"
"P06","R",32,1,1,1200,"",1199,0,200,0,0,0,0,0,0,0.0015063500000000001,0.0031673999999999999,1,1,39625.847681193038,49056.772610350861,0,7.6074737501275241e-10,0,9.8999354000691393e-09,9.9994647130553967e-07,9.9994647130553967e-07,0.00053245088088558926,0.07014879308152315,66.769312716327761,2.0118761652160778e-09,3.1479399632393656,1398030910.3120422,1150,0,0,0,0,0,0,0,0,0,0,-0.071901118110056395,0,0,"baseline_R_032","baseline","Relaxed"
"P06","R",33,1,1,1200,"",1199,0,200,0,0,0,0,0,0,0.00153185,0.0028776000000000001,1,1,39294.518898151313,49028.71514076813,0,7.6139934485197826e-10,0,9.8994788531363954e-09,9.999232994943897e-07,9.999232994943897e-07,0.00053290956858128853,0.069288425293782763,66.206235574245653,1.6451369429883893e-09,3.1429220707860535,1243592712.2265987,1150,0,0,0,0,0,0,0,0,0,0,-0.066766873086926692,0,0,"baseline_R_033","baseline","Relaxed"
"P06","R",34,1,1,1200,"",1199,0,200,0,0,0,0,0,0,0.0015018499999999999,0.0033557999999999999,1,1,39753.429448616938,49029.853861310199,0,7.5782555087612849e-10,0,9.9003613895727948e-09,9.9996809171258673e-07,9.9996809171258673e-07,0.00053256406745934325,0.069865136719881607,66.219866277221811,2.9532127196589267e-09,3.1506048908699578,951808940.93231153,1150,0,0,0,0,0,0,0,0,0,0,-0.072301720334885161,0,0,"baseline_R_034","baseline","Relaxed"
"P06","R",35,1,1,1200,"",1199,0,200,0,0,0,0,0,0,0.0015957499999999999,0.0082272000000000005,1,1,39629.322764153774,48934.343492354623,0,7.6521465266477488e-10,0,9.9838160239819309e-09,9.9999769136660618e-07,9.9999769136660618e-07,0.00053254781541881946,0.069639454169853371,66.515916680100929,2.0806790275487184e-09,3.148623889034567,1347919233.287519,1150,0,0,0,0,0,0,0,0,0,0,-0.059614203919635983,0,0,"baseline_R_035","baseline","Relaxed"
"P06","R",36,1,1,1200,"",1199,0,200,0,0,0,0,0,0,0.0016388000000000002,0.0120149,1,1,39743.659026917514,49279.989184900965,0,7.5577407273943432e-10,0,9.9009670014099176e-09,9.9999882776741295e-07,9.9999882776741295e-07,0.00053249210779830411,0.069461336668464949,66.48443706023609,2.5650725935931918e-09,3.1498558048717911,1221811771.0824208,1150,0,0,0,0,0,0,0,0,0,0,-0.075323135509600375,0,0,"baseline_R_036","baseline","Relaxed"
"P06","R",37,1,1,1200,"",1199,0,200,0,0,0,0,0,0,0.00154875,0.0096875999999999993,1,1,39479.459602525836,49006.437498426734,0,7.6393387539461175e-10,0,9.8952525603882624e-09,9.997087710002074e-07,9.997087710002074e-07,0.00053276364235121736,0.070038368887167954,66.327410477709051,1.8224720045905476e-09,3.146360916045472,1540225777.9202313,1150,0,0,0,0,0,0,0,0,0,0,-0.062528031077612234,0,0,"baseline_R_037","baseline","Relaxed"
"P06","R",38,1,1,1200,"",1199,0,200,0,0,0,0,0,0,0.0015042,0.0035614000000000002,1,1,39891.632395504865,49063.37846393884,0,7.5756887379389411e-10,0,9.896471933229481e-09,9.9977067156111355e-07,9.9977067156111355e-07,0.00053277954626726118,0.06964424435024863,66.122717709793974,3.0468773598970114e-09,3.1513417468002989,1027148077.684935,1150,0,0,0,0,0,0,0,0,0,0,-0.059935206079114844,0,0,"baseline_R_038","baseline","Relaxed"
"P06","R",39,1,1,1200,"",1199,0,200,0,0,0,0,0,0,0.0015150999999999999,0.0028563,1,1,39586.867760546826,48911.990232924443,0,7.5775084774533515e-10,0,9.897523684801495e-09,9.9982405991948526e-07,9.9982405991948526e-07,0.00053280966815061673,0.069548440094624381,66.236935271350362,2.0692036407721581e-09,3.144598520043516,1352678312.136333,1150,0,0,0,0,0,0,0,0,0,0,-0.05395548825864005,0,0,"baseline_R_039","baseline","Relaxed"
"P06","R",40,1,1,1200,"",1199,0,200,0,0,0,0,0,0,0.00151155,0.0034856000000000002,1,1,39514.035837663738,49312.304112145095,0,7.5795163673153986e-10,0,9.8992779375106083e-09,9.9991310195471872e-07,9.9991310195471872e-07,0.00053269298080630681,0.069866475590065272,66.274889264485608,1.7834182510728188e-09,3.1488019022252915,1571151757.4675729,1150,0,0,0,0,0,0,0,0,0,0,-0.064712677569706833,0,0,"baseline_R_040","baseline","Relaxed"
"P06","S",0,0,1,1200,"",1199,0,200,0,0,0,0,0,0,0.0017554999999999999,0.0052671999999999997,1,1,39868.49615516809,49274.619026381421,0,7.5234606012653746e-10,0,9.8235012998907549e-09,9.960596988814551e-07,9.960596988814551e-07,0.000578191509523873,0.055605272087618909,61.422849387808768,-7.3265303734889964e-16,2.8473264392327819,2.6999723765177581e+22,1150,0,0,0,0,0,0,0,0,0,0,-0.06666746921199318,0,0,"baseline_S_000","baseline","Shared"
"P06","S",1,1,1,1200,"",1199,0,200,0,0,0,0,0,0,0.0017509000000000001,0.0079941999999999999,1,1,39555.760222490848,49217.305260664107,0,7.6341644331879058e-10,0,9.896498848778116e-09,9.997720378664491e-07,9.997720378664491e-07,0.00057820531225035116,0.055846617779042158,60.898690178830677,1.6661993086673071e-05,2.8448355011911803,123444.74571638544,1150,0,0,0,0,0,0,0,0,0,0,-0.066694072466676219,0,0,"baseline_S_001","baseline","Shared"
"P06","S",2,1,1,1200,"",1199,0,200,0,0,0,0,0,0,0.0015129,0.0027418999999999998,1,1,39796.333385311329,49566.435757107814,0,7.5723213767437757e-10,0,9.893477884196734e-09,9.9961867412770028e-07,9.9961867412770028e-07,0.00057801469263953791,0.05548653685799395,60.861327713386615,1.5369290897060802e-05,2.8485289411037953,110751.84844496065,1150,0,0,0,0,0,0,0,0,0,0,-0.077303971043581998,0,0,"baseline_S_002","baseline","Shared"
"P06","S",3,1,1,1200,"",1199,0,200,0,0,0,0,0,0,0.0016386,0.0063099999999999996,1,1,39823.112684455671,49598.715527348439,0,7.597876760085897e-10,0,9.8992738613175781e-09,9.9991289506512077e-07,9.9991289506512077e-07,0.00057800595449803783,0.055765202658956264,61.000316223747468,2.2389887417838939e-05,2.8483434090852087,91847.100662641751,1150,0,0,0,0,0,0,0,0,0,0,-0.057863838827226899,0,0,"baseline_S_003","baseline","Shared"
"P06","S",4,1,1,1200,"",1199,0,200,0,0,0,0,0,0,0.0016404,0.0050245999999999997,1,1,39266.378064032717,49064.721722803617,0,7.6163138375366056e-10,0,9.8996934873405839e-09,9.9993419321192679e-07,9.9993419321192679e-07,0.00057833658043090911,0.055318252862381477,60.60670954538827,1.8159617869512864e-05,2.8449236834203928,113123.08484797149,1150,0,0,0,0,0,0,0,0,0,0,-0.072634800101791797,0,0,"baseline_S_004","baseline","Shared"
"P06","S",5,1,1,1200,"",1199,0,200,0,0,0,0,0,0,0.0016571999999999999,0.006561,1,1,39814.376722044559,49833.160371908227,0,7.608735970479147e-10,0,9.8871845609420986e-09,9.9929910978861028e-07,9.9929910978861028e-07,0.00057814845609269042,0.055319950797624445,60.384155776270944,1.031259455922727e-05,2.8492487721883086,199379.2537234473,1150,0,0,0,0,0,0,0,0,0,0,-0.060565445112071015,0,0,"baseline_S_005","baseline","Shared"
"P06","S",6,1,1,1200,"",1199,0,200,0,0,0,0,0,0,0.0016317,0.0057954,1,1,39490.581678504503,49254.196697061168,0,7.6637113241006897e-10,0,9.8983611092516327e-09,9.9986656672966087e-07,9.9986656672966087e-07,0.00057791666304871938,0.055536349517129172,60.699815440962134,2.0274894558333255e-05,2.8496950845002584,101228.44115946925,1150,0,0,0,0,0,0,0,0,0,0,-0.071962391496318862,0,0,"baseline_S_006","baseline","Shared"
"P06","S",7,1,1,1200,"",1199,0,200,0,0,0,0,0,0,0.0016518499999999998,0.0057066,1,1,39431.538883466274,48763.804718535612,0,7.5860599822635633e-10,0,9.8926584283780174e-09,9.9957706924313812e-07,9.9957706924313812e-07,0.00057794831727042337,0.05553836189794116,60.768951214400246,1.4888069191071096e-05,2.8492567451900963,138343.35737191129,1150,0,0,0,0,0,0,0,0,0,0,-0.082486039301032765,0,0,"baseline_S_007","baseline","Shared"
"P06","S",8,1,1,1200,"",1199,0,200,0,0,0,0,0,0,0.0016061999999999999,0.0050514999999999996,1,1,39602.441099924152,49011.159269340031,0,7.6016509852218503e-10,0,9.8964314695329247e-09,9.9976861751203536e-07,9.9976861751203536e-07,0.00057813109262695706,0.055573904612656752,61.271992743339688,1.7179407868880373e-05,2.8491228458949336,100874.24914196679,1150,0,0,0,0,0,0,0,0,0,0,-0.066337911707698871,0,0,"baseline_S_008","baseline","Shared"
"P06","S",9,1,1,1200,"",1199,0,200,0,0,0,0,0,0,0.0016027999999999999,0.0032090999999999999,1,1,39705.694512061702,49304.323701651978,0,7.6189275182127189e-10,0,9.9004609733124608e-09,9.9997314585753134e-07,9.9997314585753134e-07,0.00057804777433945588,0.055344098061889266,60.722657886568044,2.27445826333518e-05,2.8498692611131911,90327.122711192409,1150,0,0,0,0,0,0,0,0,0,0,-0.077069963509065365,0,0,"baseline_S_009","baseline","Shared"
"P06","S",10,1,1,1200,"",1199,0,200,0,0,0,0,0,0,0.00155445,0.0030317,1,1,39510.81999977526,48603.967465892485,0,7.5776379032700074e-10,0,9.8990311929269356e-09,9.9990057821078259e-07,9.9990057821078259e-07,0.00057810835157254248,0.055751489274654023,61.231552419933593,1.6115620263414013e-05,2.8483229019197656,127754.28523067603,1150,0,0,0,0,0,0,0,0,0,0,-0.069060359554547784,0,0,"baseline_S_010","baseline","Shared"
"P06","S",11,1,1,1200,"",1199,0,200,0,0,0,0,0,0,0.0015917000000000001,0.0064551000000000001,1,1,40131.612111480172,49644.658339473055,0,7.5095015077107721e-10,0,9.8971440603803901e-09,9.9980478998493208e-07,9.9980478998493208e-07,0.00057806433394095484,0.055813637204894899,60.965736478301785,1.4404767262587279e-05,2.8489421301131288,142641.86816748255,1150,0,0,0,0,0,0,0,0,0,0,-0.059644492395949322,0,0,"baseline_S_011","baseline","Shared"
"P06","S",12,1,1,1200,"",1199,0,200,0,0,0,0,0,0,0.0015372000000000001,0.0031384999999999998,1,1,40012.354462924886,49415.343181041957,0,7.5486812902236014e-10,0,9.8995432217566196e-09,9.9992656652355251e-07,9.9992656652355251e-07,0.00057825344771753333,0.0553482433184736,60.610916635939247,1.8341254491988009e-05,2.8452454638265721,111961.88275502421,1150,0,0,0,0,0,0,0,0,0,0,-0.059299098583638854,0,0,"baseline_S_012","baseline","Shared"
"P06","S",13,1,1,1200,"",1199,0,200,0,0,0,0,0,0,0.0015292999999999999,0.0030436,1,1,39606.11590919616,49100.174619760415,0,7.6203184535831908e-10,0,9.8922343337398588e-09,9.9955553671256392e-07,9.9955553671256392e-07,0.00057790866479568998,0.055630372946126827,60.967604528950325,1.7082604842215534e-05,2.8525255692870104,120343.70916483068,1150,0,0,0,0,0,0,0,0,0,0,-0.076424566304870573,0,0,"baseline_S_013","baseline","Shared"
"P06","S",14,1,1,1200,"",1199,0,200,0,0,0,0,0,0,0.00158285,0.0053277999999999997,1,1,39469.260987001377,48833.064214724778,0,7.5777466099023935e-10,0,9.9001076407383181e-09,9.9995521315709096e-07,9.9995521315709096e-07,0.00057785006965860081,0.055527923373525884,60.755944506066754,1.3913417395501951e-05,2.849631184986348,147831.47022637457,1150,0,0,0,0,0,0,0,0,0,0,-0.069793249365351806,0,0,"baseline_S_014","baseline","Shared"
"P06","S",15,1,1,1200,"",1199,0,200,0,0,0,0,0,0,0.0015948,0.0041970999999999996,1,1,39471.60641538442,48680.243508194028,0,7.6154182386899947e-10,0,9.8900225811487575e-09,9.9944323212939257e-07,9.9944323212939257e-07,0.00057797101838969064,0.055343716292221526,60.655154803473806,1.800679965894536e-05,2.8488281722159758,114129.01693284759,1150,0,0,0,0,0,0,0,0,0,0,-0.062243530612504538,0,0,"baseline_S_015","baseline","Shared"
"P06","S",16,1,1,1200,"",1199,0,200,0,0,0,0,0,0,0.0015476000000000001,0.0039636999999999997,1,1,39772.997806403495,49092.76920388946,0,7.5946955997168103e-10,0,9.890795380638506e-09,9.9948247343067197e-07,9.9948247343067197e-07,0.00057818514416878926,0.055087576857212703,60.331213053315253,2.1567366499446059e-05,2.8445940336184776,95334.770277537682,1150,0,0,0,0,0,0,0,0,0,0,-0.061097637812264571,0,0,"baseline_S_016","baseline","Shared"
"P06","S",17,1,1,1200,"",1199,0,200,0,0,0,0,0,0,0.0015654499999999999,0.0039765,1,1,39802.977420105177,49397.479352438248,0,7.5805746244938377e-10,0,9.9003274289351512e-09,9.9996636811234212e-07,9.9996636811234212e-07,0.00057818770561050815,0.055628935791843651,60.894271705296738,1.5307374687035217e-05,2.8449539941949094,134308.39935805008,1150,0,0,0,0,0,0,0,0,0,0,-0.064502397898705238,0,0,"baseline_S_017","baseline","Shared"
"P06","S",18,1,1,1200,"",1199,0,200,0,0,0,0,0,0,0.0015316499999999999,0.0032961000000000002,1,1,39622.999251455738,49318.033665972085,0,7.6348766696989191e-10,0,9.8971275706999659e-09,9.9980395295180593e-07,9.9980395295180593e-07,0.00057811684877541621,0.055731280457580759,61.072993072731293,1.215727522075527e-05,2.8478983304662364,169426.38637378759,1150,0,0,0,0,0,0,0,0,0,0,-0.068300605023393746,0,0,"baseline_S_018","baseline","Shared"
"P06","S",19,1,1,1200,"",1199,0,200,0,0,0,0,0,0,0.0016556000000000001,0.0036215000000000002,1,1,39399.974646123475,48764.332760602381,0,7.6141708023282173e-10,0,9.8964523078915545e-09,9.9976967532523434e-07,9.9976967532523434e-07,0.00057813727589548533,0.055525376240134462,60.837312349854855,2.478732988587295e-05,2.849713185582885,82957.937325894382,1150,0,0,0,0,0,0,0,0,0,0,-0.061396925830082327,0,0,"baseline_S_019","baseline","Shared"
"P06","S",20,1,1,1200,"",1199,0,200,0,0,0,0,0,0,0.0015842999999999999,0.0077698999999999997,1,1,39725.781698592124,48985.033201164209,0,7.6019414139577627e-10,0,9.9206733437647482e-09,9.9997459958643546e-07,9.9997459958643546e-07,0.00057807371422204004,0.055792851102253418,61.080548633158941,2.1131213411033662e-05,2.8459341986939188,97249.709545987178,1150,0,0,0,0,0,0,0,0,0,0,-0.065203579031699543,0,0,"baseline_S_020","baseline","Shared"
"P06","S",21,1,1,1200,"",1199,0,200,0,0,0,0,0,0,0.0016596,0.0107244,1,1,39286.650571205508,48521.625995600429,0,7.6678677178753449e-10,0,9.9009126875894494e-09,9.9999607126653141e-07,9.9999607126653141e-07,0.00057815968674014703,0.055036594791278551,60.188175563433646,2.0162416745245356e-05,2.8503137239636707,94283.740047211119,1150,0,0,0,0,0,0,0,0,0,0,-0.066171700603713995,0,0,"baseline_S_021","baseline","Shared"
"P06","S",22,1,1,1200,"",1199,0,200,0,0,0,0,0,0,0.001835,0.0078267000000000007,1,1,39408.979196175656,49292.207090266456,0,7.6228363120650694e-10,0,9.9003664752443209e-09,9.9996834982480703e-07,9.9996834982480703e-07,0.00057801690022283008,0.055658137802509965,60.924045667438378,1.8716881139744165e-05,2.8506329446811307,109923.7371857812,1150,0,0,0,0,0,0,0,0,0,0,-0.069727160225409951,0,0,"baseline_S_022","baseline","Shared"
"P06","S",23,1,1,1200,"",1199,0,200,0,0,0,0,0,0,0.0019697,0.017259799999999999,1,1,39485.971902891724,48998.466978181234,0,7.6096757491111103e-10,0,9.8886669813381418e-09,9.9937439365956516e-07,9.9937439365956516e-07,0.00057795027891539548,0.055510795549127537,60.874010120116061,1.5894809664280832e-05,2.8482511393888217,129352.65941641071,1150,0,0,0,0,0,0,0,0,0,0,-0.066661654812112475,0,0,"baseline_S_023","baseline","Shared"
"P06","S",24,1,1,1200,"",1199,0,200,0,0,0,0,0,0,0.0017523,0.0079757999999999999,1,1,39639.730315899207,49440.024153998034,0,7.6628622055596739e-10,0,9.9002516835175777e-09,9.9996252380351881e-07,9.9996252380351881e-07,0.00057798269151282475,0.055252577105091016,60.561341517283637,1.4033652618007967e-05,2.8504906744669705,146453.87854118636,1150,0,0,0,0,0,0,0,0,0,0,-0.078736583618689154,0,0,"baseline_S_024","baseline","Shared"
"P06","S",25,1,1,1200,"",1199,0,200,0,0,0,0,0,0,0.0026713500000000003,0.0123892,1,1,39449.809815598514,48850.252834296225,0,7.6402194839326413e-10,0,9.8956402776584101e-09,9.9972845359024466e-07,9.9972845359024466e-07,0.00057776742111103924,0.055756798220249676,61.152387691484776,2.0771759922667349e-05,2.848763949764157,93888.657571273492,1150,0,0,0,0,0,0,0,0,0,0,-0.073302124227114518,0,0,"baseline_S_025","baseline","Shared"
"P06","S",26,1,1,1200,"",1199,0,200,0,0,0,0,0,0,0.0015665,0.0072506999999999997,1,1,39400.068202557159,48873.902651919685,0,7.601602249240654e-10,0,9.8998484596320118e-09,9.9994205872793381e-07,9.9994205872793381e-07,0.00057798543692723771,0.056146018699392966,61.163233473728432,1.6425596221902693e-05,2.8474001690006236,125194.46727405344,1150,0,0,0,0,0,0,0,0,0,0,-0.076641729840587203,0,0,"baseline_S_026","baseline","Shared"
"P06","S",27,1,1,1200,"",1199,0,200,0,0,0,0,0,0,0.0015802500000000001,0.010598700000000001,1,1,39611.107439145067,49073.8979286549,0,7.5976403215154344e-10,0,9.8997491272296016e-09,9.9993701718466131e-07,9.9993701718466131e-07,0.00057777748664170894,0.055722157412696205,61.232314534717979,2.1673057153428143e-05,2.8521466987179949,94790.435320274235,1150,0,0,0,0,0,0,0,0,0,0,-0.060777164245577331,0,0,"baseline_S_027","baseline","Shared"
"P06","S",28,1,1,1200,"",1199,0,200,0,0,0,0,0,0,0.0016432999999999999,0.010519199999999999,1,1,39695.734151144905,49077.554698946224,0,7.5964112640495906e-10,0,9.8930968753888116e-09,9.9959933000539627e-07,9.9959933000539627e-07,0.00057800128120505639,0.05564983300925061,60.663787672343126,2.0466366907201971e-05,2.8496462406674929,92487.384156285159,1150,0,0,0,0,0,0,0,0,0,0,-0.059504452925661866,0,0,"baseline_S_028","baseline","Shared"
"P06","S",29,1,1,1200,"",1199,0,200,0,0,0,0,0,0,0.00157855,0.0079480000000000002,1,1,39498.59009679778,49169.645883493438,0,7.6105975865579896e-10,0,9.8982807081949119e-09,9.9986248573135844e-07,9.9986248573135844e-07,0.00057809284915298371,0.055696405201246205,61.098659994585908,1.7177523507763101e-05,2.8469766355200861,110219.56309939988,1150,0,0,0,0,0,0,0,0,0,0,-0.066270576492267752,0,0,"baseline_S_029","baseline","Shared"
"P06","S",30,1,1,1200,"",1199,0,200,0,0,0,0,0,0,0.0016025,0.0066985999999999999,1,1,39243.713598229049,48287.544774226648,0,7.6221988579611769e-10,0,9.9000136559474794e-09,9.9995044309036557e-07,9.9995044309036557e-07,0.0005780303349834598,0.05563252091504052,60.981487720611426,2.1863444230379645e-05,2.8487534772201153,93922.246942994345,1150,0,0,0,0,0,0,0,0,0,0,-0.053313146943277767,0,0,"baseline_S_030","baseline","Shared"
"P06","S",31,1,1,1200,"",1199,0,200,0,0,0,0,0,0,0.0016090499999999999,0.0077648999999999999,1,1,39634.459234919152,48928.343903825109,0,7.6091415660458782e-10,0,9.8957162591189891e-09,9.9973231076842684e-07,9.9973231076842684e-07,0.00057806805258658683,0.055295569356482367,60.685604681654269,1.8486750413199908e-05,2.8452875934180351,111114.9420971262,1150,0,0,0,0,0,0,0,0,0,0,-0.072896757956766867,0,0,"baseline_S_031","baseline","Shared"
"P06","S",32,1,1,1200,"",1199,0,200,0,0,0,0,0,0,0.00159505,0.0078528999999999995,1,1,39623.386667527506,48923.075058166971,0,7.6129279266002362e-10,0,9.9000381011994664e-09,9.999516837771374e-07,9.999516837771374e-07,0.00057777959718530072,0.055966215910651748,61.304380127662021,1.9356133337888984e-05,2.8489025258803364,94147.084057751199,1150,0,0,0,0,0,0,0,0,0,0,-0.071993350380194165,0,0,"baseline_S_032","baseline","Shared"
"P06","S",33,1,1,1200,"",1199,0,200,0,0,0,0,0,0,0.0016687500000000001,0.0090329,1,1,39297.899895759256,49002.505976047469,0,7.613849545402569e-10,0,9.8958767979198014e-09,9.9974046042875194e-07,9.9974046042875194e-07,0.00057819403917299761,0.055310876766114653,60.762388129036601,1.8689017900917223e-05,2.8443788368085716,109946.16439424692,1150,0,0,0,0,0,0,0,0,0,0,-0.066710557054901143,0,0,"baseline_S_033","baseline","Shared"
"P06","S",34,1,1,1200,"",1199,0,200,0,0,0,0,0,0,0.0016299000000000001,0.0079588999999999997,1,1,39743.777993073163,49073.502449116888,0,7.5428719342823256e-10,0,9.8998344338341846e-09,9.9994134686036334e-07,9.9994134686036334e-07,0.00057787088754667859,0.055506993264189883,60.802336802090664,2.0841515929425876e-05,2.8503266006225876,98689.89657388661,1150,0,0,0,0,0,0,0,0,0,0,-0.072135751368769901,0,0,"baseline_S_034","baseline","Shared"
"P06","S",35,1,1,1200,"",1199,0,200,0,0,0,0,0,0,0.0015812000000000001,0.0080735000000000008,1,1,39636.460809398719,49103.62765926549,0,7.6520634801252245e-10,0,9.9007921794802087e-09,9.9998995528800353e-07,9.9998995528800353e-07,0.00057795026753305662,0.055533482403657367,61.048722914773222,1.9089979918192752e-05,2.8482622197787335,107753.36298041281,1150,0,0,0,0,0,0,0,0,0,0,-0.059599833862144042,0,0,"baseline_S_035","baseline","Shared"
"P06","S",36,1,1,1200,"",1199,0,200,0,0,0,0,0,0,0.0016264999999999999,0.010474799999999999,1,1,39747.425041634837,49222.84053941218,0,7.5921113003324488e-10,0,9.900061445761667e-09,9.9995286859841023e-07,9.9995286859841023e-07,0.00057790158116790983,0.055589252050745372,61.042975388652394,2.3427963256455927e-05,2.8504850002969424,87756.311147171364,1150,0,0,0,0,0,0,0,0,0,0,-0.075605703031637717,0,0,"baseline_S_036","baseline","Shared"
"P06","S",37,1,1,1200,"",1199,0,200,0,0,0,0,0,0,0.0015481,0.0072795000000000004,1,1,39482.777769399196,49039.167531843792,0,7.640262494391781e-10,0,9.9007266396349357e-09,9.9998662902097343e-07,9.9998662902097343e-07,0.00057811146813432945,0.055425121211234649,60.889576093873004,1.6457612966834891e-05,2.8473491125501016,125067.73444832234,1150,0,0,0,0,0,0,0,0,0,0,-0.062610653122837534,0,0,"baseline_S_037","baseline","Shared"
"P06","S",38,1,1,1200,"",1199,0,200,0,0,0,0,0,0,0.0015473000000000002,0.0120955,1,1,39910.163123031569,49071.905452795145,0,7.574736851129526e-10,0,9.8882501659877155e-09,9.9935322649530788e-07,9.9935322649530788e-07,0.00057810626806431543,0.055237719335329893,60.702561343003175,1.8721287829056893e-05,2.8507334043410539,109568.48889252644,1150,0,0,0,0,0,0,0,0,0,0,-0.059894693515201325,0,0,"baseline_S_038","baseline","Shared"
"P06","S",39,1,1,1200,"",1199,0,200,0,0,0,0,0,0,0.0016223000000000001,0.0067884,1,1,39597.160591550826,49004.142707755287,0,7.6260292755013779e-10,0,9.8983130960861495e-09,9.9986412967849706e-07,9.9986412967849706e-07,0.00057813690173840653,0.055164784845392174,60.774954086822412,1.9747770376682882e-05,2.8451198410281462,104074.21341708119,1150,0,0,0,0,0,0,0,0,0,0,-0.053583561556842019,0,0,"baseline_S_039","baseline","Shared"
"P06","S",40,1,1,1200,"",1199,0,200,0,0,0,0,0,0,0.00166055,0.0087933000000000004,1,1,39530.613518391379,49477.348804751891,0,7.5946578794206896e-10,0,9.9004084276408891e-09,9.9997047902528617e-07,9.9997047902528617e-07,0.00057803144408282391,0.05550904651089951,60.807792201874797,1.5810401485309516e-05,2.847831828578077,130155.84166152934,1150,0,0,0,0,0,0,0,0,0,0,-0.064253163124202095,0,0,"baseline_S_040","baseline","Shared"
"P06","W",0,0,1,1200,"",1199,0,200,0,0,0,0,0,0,0.0016324500000000001,0.0040330000000000001,1,1,50689.620053839542,70963.095840493508,0,3.1471324784854887e-10,0,9.6546185131223571e-09,9.8741837851513222e-07,9.8663499257822989e-07,0.00063901940772906492,0.057895051842766429,49.666657574350644,2.5996610399314505e-16,2.6795540495365859,2785900849130356.5,1150,0,0,0,0,0,0,0,0,0,0,-0.12334617884926546,0,0,"baseline_W_000","baseline","Incorrectly shared"
"P06","W",1,1,1,1200,"",1199,0,200,0,0,0,0,0,0,0.0015983500000000001,0.0069724000000000001,1,1,50071.10134520031,69444.445885672714,0,4.2716106994500346e-10,0,9.851740882066623e-09,9.974974559734189e-07,9.974974559734189e-07,0.00063901917162310668,0.058450335392013261,49.620168059082005,4.6015623060557072e-05,2.6823607511249086,51285.167603924769,1150,0,0,0,0,0,0,0,0,0,0,-0.12193350415461529,0,0,"baseline_W_001","baseline","Incorrectly shared"
"P06","W",2,1,1,1200,"",1199,0,200,0,0,0,0,0,0,0.0015928499999999998,0.01057,1,1,50783.780944260674,71209.868062137233,0,4.3111612941767166e-10,0,9.8617962880849452e-09,9.9800891248381161e-07,9.9800891248381161e-07,0.00063903568390388603,0.057517550321556629,49.051603421489844,2.9157641248760857e-05,2.6811224040097112,66107.518979973582,1150,0,0,0,0,0,0,0,0,0,0,-0.14331413877171595,0,0,"baseline_W_002","baseline","Incorrectly shared"
"P06","W",3,1,1,1200,"",1199,0,200,0,0,0,0,0,0,0.0015316499999999999,0.013252,1,1,50610.126319865944,70789.458826936068,0,4.2757189952561413e-10,0,9.8006180364318666e-09,9.9489314569516694e-07,9.9489314569516694e-07,0.00063894236759821422,0.058088634143951254,49.46578663271238,3.0880381213583557e-05,2.6808343521005455,75630.783479316247,1150,0,0,0,0,0,0,0,0,0,0,-0.11034496932781812,0,0,"baseline_W_003","baseline","Incorrectly shared"
"P06","W",4,1,1,1200,"",1199,0,200,0,0,0,0,0,0,0.0015417500000000002,0.0097739999999999997,1,1,50288.157548820316,70795.829375047964,0,4.201671486438399e-10,0,9.8912702105704608e-09,9.9950658364672572e-07,9.9950658364672572e-07,0.00063900227848838942,0.057600192072334466,49.206984008565691,3.1174313532092389e-05,2.6803264035744272,80039.733481823787,1150,0,0,0,0,0,0,0,0,0,0,-0.13577086828318766,0,0,"baseline_W_004","baseline","Incorrectly shared"
"P06","W",5,1,1,1200,"",1199,0,200,0,0,0,0,0,0,0.0015739999999999999,0.0082433999999999997,1,1,50739.359304114943,70324.953565775955,0,4.2014829278544063e-10,0,9.7686229810212841e-09,9.9325985283672152e-07,9.9250346804897958e-07,0.00063899701746201554,0.057627765281586328,49.09402641246875,4.3756630631929502e-05,2.679217678139127,57988.192389298092,1150,0,0,0,0,0,0,0,0,0,0,-0.11138356178229408,0,0,"baseline_W_005","baseline","Incorrectly shared"
"P06","W",6,1,1,1200,"",1199,0,200,0,0,0,0,0,0,0.0015719499999999999,0.010419599999999999,1,1,50319.189693205626,70098.598648974366,0,4.2575382676598458e-10,0,9.9008675727188187e-09,9.9999378161929115e-07,9.9999378161929115e-07,0.00063891331708961364,0.057899755381351656,49.180551703490387,3.3506336243085852e-05,2.6832241391049076,57457.389190225113,1150,0,0,0,0,0,0,0,0,0,0,-0.13223765257910647,0,0,"baseline_W_006","baseline","Incorrectly shared"
"P06","W",7,1,1,1200,"",1199,0,200,0,0,0,0,0,0,0.0016063499999999999,0.0070479999999999996,1,1,50211.253665495242,70376.278436237466,0,4.0158399511319386e-10,0,9.8579908547507721e-09,9.9781538392860307e-07,9.9781538392860307e-07,0.00063888228079223691,0.057867075625089519,49.249812240920072,3.0515391366716502e-05,2.6864756851285945,63134.694841722296,1150,0,0,0,0,0,0,0,0,0,0,-0.1495265973566024,0,0,"baseline_W_007","baseline","Incorrectly shared"
"P06","W",8,1,1,1200,"",1199,0,200,0,0,0,0,0,0,0.0017124499999999999,0.0084422999999999998,1,1,50317.223653898182,70338.945703407575,0,4.1078129055212704e-10,0,9.7721888454867119e-09,9.9344198989218515e-07,9.9344198989218515e-07,0.00063892614954703085,0.057980244574809825,49.500079480490683,3.1471002335562994e-05,2.6806486192634602,79845.903113197681,1150,0,0,0,0,0,0,0,0,0,0,-0.12181198812080607,0,0,"baseline_W_008","baseline","Incorrectly shared"
"P06","W",9,1,1,1200,"",1199,0,200,0,0,0,0,0,0,0.0016038999999999999,0.011064600000000001,1,1,50490.350903379003,70783.09965886893,0,4.3830119681914013e-10,0,9.8927922512628571e-09,9.9958386372925317e-07,9.9958386372925317e-07,0.00063890206798598729,0.057916259406668551,49.282890640700394,3.0913422649261882e-05,2.6805834226523233,61852.324509884151,1150,0,0,0,0,0,0,0,0,0,0,-0.14272704520998686,0,0,"baseline_W_009","baseline","Incorrectly shared"
"P06","W",10,1,1,1200,"",1199,0,200,0,0,0,0,0,0,0.0016125499999999999,0.014829800000000001,1,1,50429.927956435378,70135.393144769812,0,4.3519751322326661e-10,0,9.8835229444828777e-09,9.9911313274318404e-07,9.9911313274318404e-07,0.00063910172646332102,0.057852858031170434,49.274056845658343,4.1021444198583866e-05,2.6843912032489503,59664.240018921148,1150,0,0,0,0,0,0,0,0,0,0,-0.12830571105938429,0,0,"baseline_W_010","baseline","Incorrectly shared"
"P06","W",11,1,1,1200,"",1199,0,200,0,0,0,0,0,0,0.0015845500000000001,0.016035199999999999,1,1,51057.913186780592,71165.427574434711,0,4.3106775027830848e-10,0,9.8861070469163172e-09,9.9924438534886499e-07,9.9924438534886499e-07,0.00063905097349642405,0.05802109184162442,49.336282694459058,3.2968423914391302e-05,2.6786243337370657,77845.008308377801,1150,0,0,0,0,0,0,0,0,0,0,-0.10986113369921285,0,0,"baseline_W_011","baseline","Incorrectly shared"
"P06","W",12,1,1,1200,"",1199,0,200,0,0,0,0,0,0,0.0016602000000000001,0.0091418000000000003,1,1,50860.937650111766,71684.553060175676,0,4.2513916002715135e-10,0,9.8895191989825994e-09,9.9941767051550325e-07,9.9941767051550325e-07,0.00063899237241401956,0.05769545890845526,48.889046666522404,3.0511651713250369e-05,2.6847758334091112,62883.944287436432,1150,0,0,0,0,0,0,0,0,0,0,-0.11307623589065569,0,0,"baseline_W_012","baseline","Incorrectly shared"
"P06","W",13,1,1,1200,"",1199,0,200,0,0,0,0,0,0,0.00169155,0.0084439000000000007,1,1,50549.713732681448,70161.766552892514,0,4.3148016071437084e-10,0,9.9003153138213267e-09,9.9996575323468247e-07,9.9996575323468247e-07,0.00063894202447049386,0.057784563281292209,49.300170497030322,2.9422569131786435e-05,2.6845230766393833,85679.606383175545,1150,0,0,0,0,0,0,0,0,0,0,-0.14045567295021094,0,0,"baseline_W_013","baseline","Incorrectly shared"
"P06","W",14,1,1,1200,"",1199,0,200,0,0,0,0,0,0,0.00184205,0.015587800000000001,1,1,50351.637425984605,70349.49069663549,0,4.1480730119049582e-10,0,9.853380335534097e-09,9.9758086249034782e-07,9.9758086249034782e-07,0.00063886883415447814,0.057847801490438874,49.226987159169255,3.4254405315584997e-05,2.6853399022584856,58619.454169453282,1150,0,0,0,0,0,0,0,0,0,0,-0.12938982545143773,0,0,"baseline_W_014","baseline","Incorrectly shared"
"P06","W",15,1,1,1200,"",1199,0,200,0,0,0,0,0,0,0.0017209999999999999,0.0106596,1,1,50221.029800051561,69987.447084545303,0,4.0432570290292497e-10,0,9.8890047406021537e-09,9.9939154578886195e-07,9.9939154578886195e-07,0.00063892930555821295,0.057625149542225113,49.268957985242132,2.4314839946387818e-05,2.6787539477855717,79291.135086976021,1150,0,0,0,0,0,0,0,0,0,0,-0.11498221677597192,0,0,"baseline_W_015","baseline","Incorrectly shared"
"P06","W",16,1,1,1200,"",1199,0,200,0,0,0,0,0,0,0.0018062,0.010002,1,1,50454.799864039713,70827.913849990204,0,4.2240013530325619e-10,0,9.8937708920712758e-09,9.9963355012127529e-07,9.9963355012127529e-07,0.00063900151712437613,0.057424884347575811,48.856342049473682,3.9364954675639816e-05,2.6827146593736342,55612.662880406126,1150,0,0,0,0,0,0,0,0,0,0,-0.11458523866468584,0,0,"baseline_W_016","baseline","Incorrectly shared"
"P06","W",17,1,1,1200,"",1199,0,200,0,0,0,0,0,0,0.0016608999999999999,0.0094312000000000007,1,1,50653.725457765366,70271.390002650383,0,4.2722325979814978e-10,0,9.8337877957746993e-09,9.9658365013361129e-07,9.9658365013361129e-07,0.0006390055176562706,0.057903405239841124,49.223274959837532,3.9145906145995565e-05,2.6807222779873938,63821.118345931296,1150,0,0,0,0,0,0,0,0,0,0,-0.11892847849048449,0,0,"baseline_W_017","baseline","Incorrectly shared"
"P06","W",18,1,1,1200,"",1199,0,200,0,0,0,0,0,0,0.0016215499999999998,0.012500300000000001,1,1,50468.877713745605,70437.748418389994,0,4.3473936907745805e-10,0,9.8978222315432571e-09,9.9983921405151177e-07,9.9983921405151177e-07,0.00063909601626188032,0.058096648530210716,49.351862469886548,3.3335258616126458e-05,2.6855136300121387,75079.164250571193,1150,0,0,0,0,0,0,0,0,0,0,-0.12872918041754661,0,0,"baseline_W_018","baseline","Incorrectly shared"
"P06","W",19,1,1,1200,"",1199,0,200,0,0,0,0,0,0,0.0019864499999999998,0.0085842999999999996,1,1,50112.03126515865,70807.634684783421,0,4.2887868100256341e-10,0,9.8659828173169897e-09,9.9822177929259943e-07,9.9822177929259943e-07,0.00063895313224806541,0.057801684574225867,49.239899328559119,2.9293459384156419e-05,2.6803384170905247,68138.628103911265,1150,0,0,0,0,0,0,0,0,0,0,-0.11606996976513403,0,0,"baseline_W_019","baseline","Incorrectly shared"
"P06","W",20,1,1,1200,"",1199,0,200,0,0,0,0,0,0,0.0016026999999999999,0.0067809999999999997,1,1,50715.705554747597,70799.732862215431,0,4.2846487864059061e-10,0,9.7709983630042989e-09,9.9338117666456108e-07,9.9338117666456108e-07,0.00063897511820057765,0.057992592828086137,49.315658580126076,4.2132576794367052e-05,2.681458758896647,47453.477046546599,1150,0,0,0,0,0,0,0,0,0,0,-0.11937645492773508,0,0,"baseline_W_020","baseline","Incorrectly shared"
"P06","W",21,1,1,1200,"",1199,0,200,0,0,0,0,0,0,0.001663,0.0081090999999999993,1,1,49931.248838287705,70794.467470566567,0,4.1808198841243169e-10,0,9.8714339714151085e-09,9.9849887977088459e-07,9.9849887977088459e-07,0.00063889950533886544,0.057422931003270936,48.749098487114367,4.3520900000457471e-05,2.6823390268062655,58262.662947128665,1150,0,0,0,0,0,0,0,0,0,0,-0.12370761872548633,0,0,"baseline_W_021","baseline","Incorrectly shared"
"P06","W",22,1,1,1200,"",1199,0,200,0,0,0,0,0,0,0.0015653500000000001,0.0081366000000000008,1,1,50458.766131425124,70338.07719999901,0,3.9969258295379337e-10,0,9.8363038713870637e-09,9.9671176723939474e-07,9.9671176723939474e-07,0.00063900385887056036,0.058024054019175181,49.318239622534335,3.9146814525153672e-05,2.6813405807984183,59099.378867178144,1150,0,0,0,0,0,0,0,0,0,0,-0.12728790783082553,0,0,"baseline_W_022","baseline","Incorrectly shared"
"P06","W",23,1,1,1200,"",1199,0,200,0,0,0,0,0,0,0.00161085,0.0085727000000000008,1,1,50205.68740595469,70903.625275458107,0,4.1021456054552475e-10,0,9.8651394631931552e-09,9.9817890199942121e-07,9.9817890199942121e-07,0.00063883855695452891,0.057979460525218449,49.394004366370353,2.469072066642215e-05,2.682446163779109,77539.352926656444,1150,0,0,0,0,0,0,0,0,0,0,-0.12315899296085142,0,0,"baseline_W_023","baseline","Incorrectly shared"
"P06","W",24,1,1,1200,"",1199,0,200,0,0,0,0,0,0,0.0015738499999999999,0.0064200999999999998,1,1,50528.896203662785,70918.311087372451,0,4.1373143493069959e-10,0,9.8069597323151094e-09,9.9521657043212528e-07,9.9521657043212528e-07,0.00063894322020774982,0.057413117954876788,48.973971513411449,3.1685358773775499e-05,2.6845731964278423,67918.370981149943,1150,0,0,0,0,0,0,0,0,0,0,-0.14690765941952108,0,0,"baseline_W_024","baseline","Incorrectly shared"
"P06","W",25,1,1,1200,"",1199,0,200,0,0,0,0,0,0,0.0015834500000000001,0.0078910999999999999,1,1,50226.891460851788,70367.403912171765,0,4.1282462456379406e-10,0,9.8047932420967345e-09,9.9510609167692796e-07,9.9510609167692796e-07,0.00063883872823935334,0.058283474316671489,49.486814543573914,4.2715021901401523e-05,2.6859010532169472,58483.417136515352,1150,0,0,0,0,0,0,0,0,0,0,-0.13519522090660313,0,0,"baseline_W_025","baseline","Incorrectly shared"
"P06","W",26,1,1,1200,"",1199,0,200,0,0,0,0,0,0,0.0017204,0.0080604000000000006,1,1,50424.422402797878,70113.571479900114,0,4.2803396011451342e-10,0,9.8800578064166038e-09,9.9893710361079344e-07,9.9893710361079344e-07,0.00063900000729065845,0.058520170144964745,49.520487038879054,3.5700221204651215e-05,2.6814531483496324,62581.384961698655,1150,0,0,0,0,0,0,0,0,0,0,-0.14173344216221018,0,0,"baseline_W_026","baseline","Incorrectly shared"
"P06","W",27,1,1,1200,"",1199,0,200,0,0,0,0,0,0,0.0015674,0.0079147999999999996,1,1,50582.974393483033,70540.818826368777,0,4.3074660527281602e-10,0,9.8956823589835092e-09,9.9973058983906622e-07,9.9973058983906622e-07,0.00063880277916007354,0.05802873405672989,49.466961970844558,3.7670718025566505e-05,2.6827507944430322,70591.39736689748,1150,0,0,0,0,0,0,0,0,0,0,-0.11261126032115581,0,0,"baseline_W_027","baseline","Incorrectly shared"
"P06","W",28,1,1,1200,"",1199,0,200,0,0,0,0,0,0,0.00213635,0.0104888,1,1,50511.448382363931,70074.03233721928,0,4.1883452395852546e-10,0,9.8623551792838224e-09,9.9803733225832315e-07,9.9803733225832315e-07,0.00063896024742566074,0.05788153092933826,49.134783953584439,4.6780568316503513e-05,2.6789260137170858,53073.364769892505,1150,0,0,0,0,0,0,0,0,0,0,-0.11042087449303295,0,0,"baseline_W_028","baseline","Incorrectly shared"
"P06","W",29,1,1,1200,"",1199,0,200,0,0,0,0,0,0,0.0018776999999999999,0.0071584999999999999,1,1,50287.033185171385,69821.473646355415,0,4.2640635141930891e-10,0,9.8910628176916174e-09,9.9949605302657089e-07,9.9949605302657089e-07,0.00063895282536113841,0.058184351797309866,49.558710597215203,3.2844123991105617e-05,2.6805772067674956,77046.202976634042,1150,0,0,0,0,0,0,0,0,0,0,-0.12208351555355218,0,0,"baseline_W_029","baseline","Incorrectly shared"
"P06","W",30,1,1,1200,"",1199,0,200,0,0,0,0,0,0,0.0015738499999999999,0.0030584000000000002,1,1,50211.822804861717,70453.140133458015,0,4.1794447092232661e-10,0,9.8812892584767133e-09,9.9899969363929254e-07,9.9861466422698016e-07,0.00063893680724393901,0.057893097727252429,49.426491144492822,3.5525331918250083e-05,2.6845184489241358,71197.247722886386,1150,0,0,0,0,0,0,0,0,0,0,-0.099515070407531547,0,0,"baseline_W_030","baseline","Incorrectly shared"
"P06","W",31,1,1,1200,"",1199,0,200,0,0,0,0,0,0,0.0015022,0.0031264000000000001,1,1,50466.073524328909,70669.950106628428,0,4.1795910510484728e-10,0,9.8425529439342198e-09,9.9702989620851026e-07,9.9702989620851026e-07,0.00063888491253409434,0.05762568779893075,49.198539311423914,4.2024863072689938e-05,2.681863622502652,58357.070191902683,1150,0,0,0,0,0,0,0,0,0,0,-0.13333118086518958,0,0,"baseline_W_031","baseline","Incorrectly shared"
"P06","W",32,1,1,1200,"",1199,0,200,0,0,0,0,0,0,0.00153235,0.0040201000000000004,1,1,50532.371318175297,70448.958192380931,0,4.0838601185213342e-10,0,9.8599452078718074e-09,9.9791477884070205e-07,9.9791477884070205e-07,0.00063899358862278205,0.058192780809371583,49.461178561280747,3.7441812427780286e-05,2.6834659869625561,66971.752113731593,1150,0,0,0,0,0,0,0,0,0,0,-0.12922150809328364,0,0,"baseline_W_032","baseline","Incorrectly shared"
"P06","W",33,1,1,1200,"",1199,0,200,0,0,0,0,0,0,0.0015248499999999999,0.0032810999999999999,1,1,50236.16165613207,70814.617360242089,0,4.302563034089075e-10,0,9.8963939481849395e-09,9.9976671282097641e-07,9.9976671282097641e-07,0.00063900292284760818,0.057742486873937002,49.167169037551211,3.7431477683203907e-05,2.6831506108431316,57018.270973245322,1150,0,0,0,0,0,0,0,0,0,0,-0.1228746411018346,0,0,"baseline_W_033","baseline","Incorrectly shared"
"P06","W",34,1,1,1200,"",1199,0,200,0,0,0,0,0,0,0.0014931499999999999,0.0051075000000000001,1,1,50819.545620088378,70642.053497221161,0,4.1650705507683898e-10,0,9.7733801882822203e-09,9.9350284339546627e-07,9.9350284339546627e-07,0.00063892085742913666,0.057677817518339308,49.106622154070877,3.5897605665477121e-05,2.6854565234376429,53401.827301216683,1150,0,0,0,0,0,0,0,0,0,0,-0.13502508736601224,0,0,"baseline_W_034","baseline","Incorrectly shared"
"P06","W",35,1,1,1200,"",1199,0,200,0,0,0,0,0,0,0.0014871000000000001,0.0031580000000000002,1,1,50481.384915447547,70194.711139074396,0,4.2153988482265638e-10,0,9.8895355048267448e-09,9.9941849853206956e-07,9.9941849853206956e-07,0.00063893560113838916,0.057903056836297512,49.398808149119816,3.8779638038404556e-05,2.6851484305415059,57201.6937102788,1150,0,0,0,0,0,0,0,0,0,0,-0.11042967790238048,0,0,"baseline_W_035","baseline","Incorrectly shared"
"P06","W",36,1,1,1200,"",1199,0,200,0,0,0,0,0,0,0.00149895,0.0046832999999999996,1,1,50675.668080233794,69964.265734660279,0,4.3670782043104091e-10,0,9.8834062855109724e-09,9.9910720696044259e-07,9.9910720696044259e-07,0.00063887489129311223,0.057805142362750965,49.20148141488859,3.3237454818413299e-05,2.6852516533413939,74772.553795696105,1150,0,0,0,0,0,0,0,0,0,0,-0.13981945907749047,0,0,"baseline_W_036","baseline","Incorrectly shared"
"P06","W",37,1,1,1200,"",1199,0,200,0,0,0,0,0,0,0.0015120000000000001,0.0047847999999999996,1,1,50347.162437104867,70925.699776186506,0,4.2545023309266629e-10,0,9.8163928322227144e-09,9.9569746443143492e-07,9.9569746443143492e-07,0.00063903588723629153,0.057793312090838878,49.186532855661504,2.797678227144914e-05,2.6835950783752343,89918.614305555704,1150,0,0,0,0,0,0,0,0,0,0,-0.11608395294472179,0,0,"baseline_W_037","baseline","Incorrectly shared"
"P06","W",38,1,1,1200,"",1199,0,200,0,0,0,0,0,0,0.0014861499999999999,0.0028032999999999999,1,1,50682.607783066953,70269.547200006258,0,4.3262530200060686e-10,0,9.8147822729581346e-09,9.9561537524864294e-07,9.9561537524864294e-07,0.00063898729260057781,0.057584567506779309,49.168071134316037,3.6537742649572731e-05,2.6788319301567141,68174.176801307418,1150,0,0,0,0,0,0,0,0,0,0,-0.11477250785927845,0,0,"baseline_W_038","baseline","Incorrectly shared"
"P06","W",39,1,1,1200,"",1199,0,200,0,0,0,0,0,0,0.0014970000000000001,0.0032526999999999999,1,1,50524.573357333873,70299.442848721752,0,4.0706992964695815e-10,0,9.7536443602496421e-09,9.9249429590513706e-07,9.9161837204103335e-07,0.00063895950904464761,0.057340821105559048,49.215444493635744,3.3210657872099911e-05,2.6817391268483632,75381.462805669886,1150,0,0,0,0,0,0,0,0,0,0,-0.10255059193124288,0,0,"baseline_W_039","baseline","Incorrectly shared"
"P06","W",40,1,1,1200,"",1199,0,200,0,0,0,0,0,0,0.001477,0.0028704999999999998,1,1,50298.347243454395,70397.901707837198,0,4.1837439872645063e-10,0,9.8728926439540027e-09,9.9857301614904371e-07,9.9857301614904371e-07,0.00063887972327901629,0.058066861907212886,49.381133666400466,3.7225200355680177e-05,2.6842035389985246,61756.854288629555,1150,0,0,0,0,0,0,0,0,0,0,-0.12139107892406792,0,0,"baseline_W_040","baseline","Incorrectly shared"
"P06","A",0,0,1,1200,"",1199,0,100,0,0,0,0,0,0,0.0019862500000000002,0.011986999999999999,1,1,41315.341351505267,44380.355260822646,0,5.3802134899061309e-10,0,9.5897698826910617e-09,9.8408032810423421e-07,9.8408032810423421e-07,0.00064659164595441047,0.10316831750862779,76.367815219482239,-3.590056502708746e-16,2.7538318399765167,8.9444887461672321e+19,1150,0,0,0,0,0,0,0,0,0,0,-0.10223793426882227,0,0,"fit_100_A_000","fit_100","Affine"
"P06","A",1,1,1,1200,"",1199,0,100,0,0,0,0,0,0,0.0018161499999999999,0.0082466999999999992,1,1,40880.362862737828,43766.35458801705,0,5.0935766388527634e-10,0,9.8318835693613931e-09,9.9648667724422285e-07,9.9648667724422285e-07,0.00064655376764501625,0.10435327867539662,76.071356374099807,3.5896689166883253e-05,2.7551966590168773,63819.212695788825,1150,0,0,0,0,0,0,0,0,0,0,-0.10221245332661008,0,0,"fit_100_A_001","fit_100","Affine"
"P06","A",2,1,1,1200,"",1199,0,100,0,0,0,0,0,0,0.0018850500000000001,0.011882999999999999,1,1,41072.622567726008,44007.978317050627,0,5.4279447514498328e-10,0,9.8410159313008224e-09,9.9695165895271928e-07,9.9695165895271928e-07,0.00064656210636783169,0.10235187260163386,75.429330919640975,2.9394067661674193e-05,2.7550611410038548,64304.673147618589,1150,0,0,0,0,0,0,0,0,0,0,-0.11537911278149401,0,0,"fit_100_A_002","fit_100","Affine"
"P06","A",3,1,1,1200,"",1199,0,100,0,0,0,0,0,0,0.00200855,0.012274500000000001,1,1,40966.878500526553,43870.343906798335,0,5.3270343902713691e-10,0,9.8228794747325185e-09,9.9602801699432696e-07,9.9602801699432696e-07,0.00064644615091401562,0.10377209594418947,76.111740561586799,2.9167369274772514e-05,2.7542898037005243,93375.256120577018,1150,0,0,0,0,0,0,0,0,0,0,-0.092304869412663859,0,0,"fit_100_A_003","fit_100","Affine"
"P06","A",4,1,1,1200,"",1199,0,100,0,0,0,0,0,0,0.00180105,0.0088190000000000004,1,1,40813.745823661382,43754.099770720284,0,4.8519936995714173e-10,0,9.6834810787394624e-09,9.8890045338398653e-07,9.8890045338398653e-07,0.00064685865452622038,0.10210157627235583,75.415619641491759,3.6229487010720219e-05,2.7520860201930364,73791.454371759552,1150,0,0,0,0,0,0,0,0,0,0,-0.10992472713675275,0,0,"fit_100_A_004","fit_100","Affine"
"P06","A",5,1,1,1200,"",1199,0,100,0,0,0,0,0,0,0.0019496499999999998,0.0134977,1,1,40963.932054996068,43849.936108780479,0,5.3928691148139124e-10,0,9.8608176133867365e-09,9.9795914467977109e-07,9.9795914467977109e-07,0.00064658057539951136,0.10240016530706965,75.174205317469585,2.3672071832025448e-05,2.753064580246384,96768.359280574427,1150,0,0,0,0,0,0,0,0,0,0,-0.09497162625288802,0,0,"fit_100_A_005","fit_100","Affine"
"P06","A",6,1,1,1200,"",1199,0,100,0,0,0,0,0,0,0.00191705,0.0108901,1,1,41044.313898774548,43885.395428894233,0,5.3408366903383008e-10,0,9.8745002706558574e-09,9.9865472714581297e-07,9.9865304160484768e-07,0.00064641149365131953,0.10310939378868478,75.36212768297932,4.6069399631197643e-05,2.7563315213538928,58853.163808214798,1150,0,0,0,0,0,0,0,0,0,0,-0.10873906373244435,0,0,"fit_100_A_006","fit_100","Affine"
"P06","A",7,1,1,1200,"",1199,0,100,0,0,0,0,0,0,0.0018936999999999999,0.011536899999999999,1,1,40745.868356020983,43505.144558342843,0,4.90375001326065e-10,0,9.7709328496910823e-09,9.9337782995190074e-07,9.9337782995190074e-07,0.00064619387425313287,0.10381711475014077,75.885231893612968,3.7276997946886328e-05,2.761003817867492,61454.156007031903,1150,0,0,0,0,0,0,0,0,0,0,-0.1213788659851916,0,0,"fit_100_A_007","fit_100","Affine"
"P06","A",8,1,1,1200,"",1199,0,100,0,0,0,0,0,0,0.0020628000000000001,0.0150542,1,1,40828.064645165432,43674.866970415504,0,4.7471736048049931e-10,0,9.8344743561432012e-09,9.9661861099772739e-07,9.9661861099772739e-07,0.00064659493488920382,0.10424886764785245,76.463571896253342,3.2941839270880015e-05,2.7537993254994744,65380.44195179169,1150,0,0,0,0,0,0,0,0,0,0,-0.10189915912857722,0,0,"fit_100_A_008","fit_100","Affine"
"P06","A",9,1,1,1200,"",1199,0,100,0,0,0,0,0,0,0.0018341,0.0084531999999999993,1,1,41058.892166812453,43780.822190132974,0,5.198360310886301e-10,0,9.8796954888059487e-09,9.9891869609900495e-07,9.9891869609900495e-07,0.00064635952437549777,0.10340775333933659,75.530150521755644,4.3981690275412985e-05,2.7551938868679744,46636.581579614358,1150,0,0,0,0,0,0,0,0,0,0,-0.11509493411971497,0,0,"fit_100_A_009","fit_100","Affine"
"P06","A",10,1,1,1200,"",1199,0,100,0,0,0,0,0,0,0.00179535,0.0128451,1,1,40522.864483118465,43540.520983061979,0,4.4980190801955463e-10,0,9.8259999605053102e-09,9.9618699521030286e-07,9.9618699521030286e-07,0.00064655897943328988,0.10354457719166101,76.12986254361391,4.3557305736694232e-05,2.7588568489005283,52351.73949739091,1150,0,0,0,0,0,0,0,0,0,0,-0.1056393418839891,0,0,"fit_100_A_010","fit_100","Affine"
"P06","A",11,1,1,1200,"",1199,0,100,0,0,0,0,0,0,0.00190295,0.0086250000000000007,1,1,41299.412588725158,44200.563946384973,0,5.4813555570413593e-10,0,9.7758848941482852e-09,9.9363077119286985e-07,9.9363077119286985e-07,0.00064663816120944363,0.10414481745696968,75.872088903021165,3.5226586328153636e-05,2.7531120420235236,77337.580791135129,1150,0,0,0,0,0,0,0,0,0,0,-0.09385474415117695,0,0,"fit_100_A_011","fit_100","Affine"
"P06","A",12,1,1,1200,"",1199,0,100,0,0,0,0,0,0,0.0018606,0.011693500000000001,1,1,41429.474389690804,44145.706894500108,0,5.3405516235558173e-10,0,9.7474862195423924e-09,9.9217935705418679e-07,9.9217935705418679e-07,0.00064649680566665957,0.10240805676370437,74.797402284671705,4.3725680949840906e-05,2.759374916647825,60519.028879451122,1150,0,0,0,0,0,0,0,0,0,0,-0.093642085597065994,0,0,"fit_100_A_012","fit_100","Affine"
"P06","A",13,1,1,1200,"",1199,0,100,0,0,0,0,0,0,0.0019464500000000002,0.011139400000000001,1,1,40809.652211017994,43744.856948245586,0,5.1112966992116354e-10,0,9.8956449370301933e-09,9.9972869012239566e-07,9.9972869012239566e-07,0.0006465050051083505,0.10352358130812156,76.152209919655064,3.5798773156367594e-05,2.7583156736802752,75093.380338275674,1150,0,0,0,0,0,0,0,0,0,0,-0.11428886343983877,0,0,"fit_100_A_013","fit_100","Affine"
"P06","A",14,1,1,1200,"",1199,0,100,0,0,0,0,0,0,0.00187765,0.0085613000000000009,1,1,41230.199615753241,44040.389620661583,0,5.4005097454817152e-10,0,9.6909616617209002e-09,9.8928422694795158e-07,9.8928422694795158e-07,0.00064634384771274458,0.10291705997725958,75.389153874596204,3.2548414447783236e-05,2.7585463215134105,70423.223331304383,1150,0,0,0,0,0,0,0,0,0,0,-0.10622516344543559,0,0,"fit_100_A_014","fit_100","Affine"
"P06","A",15,1,1,1200,"",1199,0,100,0,0,0,0,0,0,0.0018288499999999999,0.010609800000000001,1,1,40643.793478558116,43625.593376053388,0,4.9354287610680087e-10,0,9.7815593285247672e-09,9.9392054307704104e-07,9.9391890018745186e-07,0.00064633457108802077,0.10232431000282263,75.662499736524381,3.3488066713168385e-05,2.7536779160247717,60276.646309962176,1150,0,0,0,0,0,0,0,0,0,0,-0.09714366707423483,0,0,"fit_100_A_015","fit_100","Affine"
"P06","A",16,1,1,1200,"",1199,0,100,0,0,0,0,0,0,0.0017791999999999999,0.0090421000000000008,1,1,40966.962730837447,43882.411294451565,0,5.3025634212491421e-10,0,9.8843023050680246e-09,9.9915272007887075e-07,9.9915272007887075e-07,0.00064654874013565442,0.10212572292531508,74.986642756707326,4.4198799259117534e-05,2.7565783086862639,57754.845190490392,1150,0,0,0,0,0,0,0,0,0,0,-0.095845279401791217,0,0,"fit_100_A_016","fit_100","Affine"
"P06","A",17,1,1,1200,"",1199,0,100,0,0,0,0,0,0,0.0018349999999999998,0.0088736000000000006,1,1,41167.981303198947,43925.671773455739,0,5.3435372306194268e-10,0,9.6357356589776082e-09,9.8644752189879291e-07,9.8644752189879291e-07,0.00064653615746037034,0.10337642456381665,75.416392378823204,4.0696967471462133e-05,2.7540486784415164,53143.841474666602,1150,0,0,0,0,0,0,0,0,0,0,-0.099703753749540214,0,0,"fit_100_A_017","fit_100","Affine"
"P06","A",18,1,1,1200,"",1199,0,100,0,0,0,0,0,0,0.0020222,0.0119708,1,1,40716.037063924727,43764.327711778176,0,5.1284840338734809e-10,0,9.5920333971837824e-09,9.8419702828401952e-07,9.8419702828401952e-07,0.00064664322571003771,0.10304099325954134,76.007451392061526,3.6429558292531095e-05,2.7585756565085688,63035.85537375851,1150,0,0,0,0,0,0,0,0,0,0,-0.10481476684274876,0,0,"fit_100_A_018","fit_100","Affine"
"P06","A",19,1,1,1200,"",1199,0,100,0,0,0,0,0,0,0.0019265,0.0078253000000000003,1,1,40785.695979833516,43673.698929067585,0,4.5040780636120955e-10,0,9.792126504152612e-09,9.9445991760945814e-07,9.9445991760945814e-07,0.00064640668825668383,0.1031407928024715,75.799723094876754,2.9037980157318502e-05,2.754243947601704,80784.852882323641,1150,0,0,0,0,0,0,0,0,0,0,-0.096534205667343276,0,0,"fit_100_A_019","fit_100","Affine"
"P06","A",20,1,1,1200,"",1199,0,100,0,0,0,0,0,0,0.0019402500000000001,0.0093650999999999995,1,1,41047.293144364841,43951.783301401447,0,5.3852281186054315e-10,0,9.7049213516868285e-09,9.900000037085265e-07,9.900000037085265e-07,0.00064673381815771457,0.1034886519583483,75.95300683762224,4.2322311535609097e-05,2.7546811360411154,48042.973614321862,1150,0,0,0,0,0,0,0,0,0,0,-0.10049680149243131,0,0,"fit_100_A_020","fit_100","Affine"
"P06","A",21,1,1,1200,"",1199,0,100,0,0,0,0,0,0,0.0019115,0.0088126999999999997,1,1,40743.572307625385,43532.515527125033,0,4.7796903556385025e-10,0,9.6304048645234917e-09,9.8617327807377787e-07,9.8617327807377787e-07,0.00064652060545545675,0.10174396874563145,74.481150127978808,3.9676002515402103e-05,2.7536384994130647,55360.407783219409,1150,0,0,0,0,0,0,0,0,0,0,-0.10208792633611691,0,0,"fit_100_A_021","fit_100","Affine"
"P06","A",22,1,1,1200,"",1199,0,100,0,0,0,0,0,0,0.0018858500000000001,0.0095346000000000007,1,1,40928.847481954697,43904.047030059002,0,5.3361122331618097e-10,0,9.7820343716516706e-09,9.93944786813285e-07,9.93944786813285e-07,0.00064656303111698763,0.10341594296857699,75.70371456518383,4.695716866258141e-05,2.7546448947420923,52163.231228325152,1150,0,0,0,0,0,0,0,0,0,0,-0.10587103365044054,0,0,"fit_100_A_022","fit_100","Affine"
"P06","A",23,1,1,1200,"",1199,0,100,0,0,0,0,0,0,0.0018236000000000001,0.010976100000000001,1,1,41086.927775054282,43892.572266693511,0,5.2802508985705681e-10,0,9.6299553347526317e-09,9.8615014848580768e-07,9.8615014848580768e-07,0.00064637582711801745,0.10261662622074461,75.489068143478505,3.6750445931998452e-05,2.7551532997666959,60015.413034044592,1150,0,0,0,0,0,0,0,0,0,0,-0.10231795938661856,0,0,"fit_100_A_023","fit_100","Affine"
"P06","A",24,1,1,1200,"",1199,0,100,0,0,0,0,0,0,0.00188755,0.0080766999999999992,1,1,40924.564929495536,43794.162807966968,0,5.3360021197675704e-10,0,9.8335776742956155e-09,9.9657295013603163e-07,9.9657295013603163e-07,0.0006462766487941267,0.10325320858072659,75.534402341940975,3.3665757427597297e-05,2.7592962478604899,75112.068648099827,1150,0,0,0,0,0,0,0,0,0,0,-0.11734816560606887,0,0,"fit_100_A_024","fit_100","Affine"
"P06","A",25,1,1,1200,"",1199,0,100,0,0,0,0,0,0,0.0019475,0.0090424000000000008,1,1,40677.392666087842,43475.51895875825,0,4.7535609383832944e-10,0,9.8255013143704612e-09,9.9616159255112336e-07,9.9616159255112336e-07,0.00064613103052373988,0.10426044496351762,76.384936251678695,3.934849669799975e-05,2.7596126091752287,58610.975612057788,1150,0,0,0,0,0,0,0,0,0,0,-0.11065524905062962,0,0,"fit_100_A_025","fit_100","Affine"
"P06","A",26,1,1,1200,"",1199,0,100,0,0,0,0,0,0,0.0021987500000000002,0.012766899999999999,1,1,40947.40156635936,43869.880749933414,0,5.4719673435808403e-10,0,9.82470630095534e-09,9.961211009801037e-07,9.9611942956130305e-07,0.00064644765824502085,0.10413126106796161,75.959289137223564,3.8269718730174811e-05,2.7553474560009121,65268.347273625979,1150,0,0,0,0,0,0,0,0,0,0,-0.1145570590303206,0,0,"fit_100_A_026","fit_100","Affine"
"P06","A",27,1,1,1200,"",1199,0,100,0,0,0,0,0,0,0.0018643500000000001,0.013033100000000001,1,1,41202.925409087045,44197.130363469281,0,5.401685124348238e-10,0,9.8191347026816898e-09,9.9583720049100733e-07,9.9583720049100733e-07,0.00064621391616999,0.10396917296187044,76.134718874918349,3.6967986984986856e-05,2.7567548853655617,74272.487778808587,1150,0,0,0,0,0,0,0,0,0,0,-0.095118140638687898,0,0,"fit_100_A_027","fit_100","Affine"
"P06","A",28,1,1,1200,"",1199,0,100,0,0,0,0,0,0,0.0019031,0.0072496000000000001,1,1,40733.46176416082,43633.489074724828,0,4.8662408097775416e-10,0,9.8500124116596611e-09,9.9740951331518569e-07,9.9740951331518569e-07,0.00064650199779387374,0.10395576216755363,75.789585906490387,3.6570551134053777e-05,2.7535371930240529,74854.320824164854,1150,0,0,0,0,0,0,0,0,0,0,-0.094085855425756704,0,0,"fit_100_A_028","fit_100","Affine"
"P06","A",29,1,1,1200,"",1199,0,100,0,0,0,0,0,0,0.0019442999999999999,0.0084407000000000006,1,1,41032.040479969815,43850.731809141034,0,5.3757226308888459e-10,0,9.838719792766555e-09,9.9683476928293669e-07,9.9683476928293669e-07,0.0006466062701292525,0.10309539426632303,75.862006476915141,3.1770124918454266e-05,2.7532263835953188,84765.664778188016,1150,0,0,0,0,0,0,0,0,0,0,-0.10178182863344493,0,0,"fit_100_A_029","fit_100","Affine"
"P06","A",30,1,1,1200,"",1199,0,100,0,0,0,0,0,0,0.0015115,0.0035344999999999999,1,1,40957.469358018381,43839.144082245984,0,5.4785639150240479e-10,0,9.8053025181512059e-09,9.9513206296352121e-07,9.9513206296352121e-07,0.00064649183967147429,0.1035059178094442,75.899040468106278,4.4895238771716472e-05,2.7570975945059515,59973.523597749976,1150,0,0,0,0,0,0,0,0,0,0,-0.086356911618315157,0,0,"fit_100_A_030","fit_100","Affine"
"P06","A",31,1,1,1200,"",1199,0,100,0,0,0,0,0,0,0.00160765,0.0053276,1,1,41051.387970629912,43757.831975948931,0,4.704884199659888e-10,0,9.6418166881669819e-09,9.8676027000241288e-07,9.8676027000241288e-07,0.00064646592460034381,0.10139976273562355,75.030417435651273,4.0732548707208741e-05,2.7547459224369484,56064.406635587293,1150,0,0,0,0,0,0,0,0,0,0,-0.1095853608893147,0,0,"fit_100_A_031","fit_100","Affine"
"P06","A",32,1,1,1200,"",1199,0,100,0,0,0,0,0,0,0.0015990000000000002,0.0060571000000000002,1,1,40946.032526820694,43923.078408991125,0,5.3796451038423139e-10,0,9.8646427440457873e-09,9.9815364726001595e-07,9.9815364726001595e-07,0.0006464470589044477,0.10370461343405007,76.086273193572936,3.4844808749461464e-05,2.7572290995436379,54587.78496813478,1150,0,0,0,0,0,0,0,0,0,0,-0.10826275778186156,0,0,"fit_100_A_032","fit_100","Affine"
"P06","A",33,1,1,1200,"",1199,0,100,0,0,0,0,0,0,0.00155915,0.0033083000000000001,1,1,40950.913674228905,43879.924254812293,0,5.295257274806456e-10,0,9.5993567162018543e-09,9.8457450378104697e-07,9.8457450378104697e-07,0.00064656272220109715,0.10285819673871949,75.395594610910322,4.4507553286521524e-05,2.7562906289857523,51079.543981957104,1150,0,0,0,0,0,0,0,0,0,0,-0.10246561830123804,0,0,"fit_100_A_033","fit_100","Affine"
"P06","A",34,1,1,1200,"",1199,0,100,0,0,0,0,0,0,0.0015684,0.0059518000000000001,1,1,41041.067282572454,43788.22447312429,0,5.0349597407290965e-10,0,9.6700412940898159e-09,9.8821058818655117e-07,9.8821058818655117e-07,0.00064615878030921988,0.10266939576547769,75.481756632043471,4.5242768979684418e-05,2.7603030875995382,60899.818828640593,1150,0,0,0,0,0,0,0,0,0,0,-0.10931045613628829,0,0,"fit_100_A_034","fit_100","Affine"
"P06","A",35,1,1,1200,"",1199,0,100,0,0,0,0,0,0,0.0016427500000000001,0.0048120999999999997,1,1,41038.703901087327,43835.08786658982,0,5.4332637861287925e-10,0,9.8435087586136303e-09,9.9707854618569318e-07,9.9707854618569318e-07,0.0006464630107842729,0.10320268125085541,76.035135226011988,4.4704331688258671e-05,2.7584159525012493,49571.241135029522,1150,0,0,0,0,0,0,0,0,0,0,-0.093898773263125318,0,0,"fit_100_A_035","fit_100","Affine"
"P06","A",36,1,1,1200,"",1199,0,100,0,0,0,0,0,0,0.0016259999999999998,0.0065880000000000001,1,1,41179.010973442477,44161.837958080789,0,5.4902579697296452e-10,0,9.8832994232726051e-09,9.991017787799763e-07,9.991017787799763e-07,0.00064662066278182865,0.10277138772352551,75.685090111556661,3.0445453528158683e-05,2.7579848674443315,87985.472763316502,1150,0,0,0,0,0,0,0,0,0,0,-0.11343101619937454,0,0,"fit_100_A_036","fit_100","Affine"
"P06","A",37,1,1,1200,"",1199,0,100,0,0,0,0,0,0,0.00177165,0.0075437999999999998,1,1,40707.325027277337,43671.284789062811,0,5.0252998843636227e-10,0,9.8037950531430908e-09,9.9505518561568238e-07,9.9505518561568238e-07,0.0006464807412918421,0.10294516673915736,75.811407254581141,3.3273134636423e-05,2.7578630768362222,80778.319462841158,1150,0,0,0,0,0,0,0,0,0,0,-0.097704994201671114,0,0,"fit_100_A_037","fit_100","Affine"
"P06","A",38,1,1,1200,"",1199,0,100,0,0,0,0,0,0,0.0018250499999999999,0.013077999999999999,1,1,41190.239098489998,44002.681406210817,0,5.3652154135438465e-10,0,9.8677601052438526e-09,9.9831214349803053e-07,9.9831045258426199e-07,0.00064652919582131854,0.10282301305607169,75.568536667254506,3.6744131783908431e-05,2.7541706073269228,74209.257194387683,1150,0,0,0,0,0,0,0,0,0,0,-0.095012543751411993,0,0,"fit_100_A_038","fit_100","Affine"
"P06","A",39,1,1,1200,"",1199,0,100,0,0,0,0,0,0,0.0019751,0.018178,1,1,40798.176479656773,43609.964152827379,0,4.9064655099508938e-10,0,9.7981138323322511e-09,9.9476540344578746e-07,9.9476540344578746e-07,0.00064648951963928059,0.102488490183426,75.940866037565641,3.9319477247343411e-05,2.7562190826126001,68157.648265373573,1150,0,0,0,0,0,0,0,0,0,0,-0.087196145581341145,0,0,"fit_100_A_039","fit_100","Affine"
"P06","A",40,1,1,1200,"",1199,0,100,0,0,0,0,0,0,0.00165055,0.0093065000000000005,1,1,40946.437251985961,43707.625805409749,0,4.6386186470315179e-10,0,9.784719096793763e-09,9.9408185868550269e-07,9.9408018702269938e-07,0.00064653906617308243,0.10309107956212951,75.425780809582335,3.9085220611160737e-05,2.7566826241424613,57470.779958710133,1150,0,0,0,0,0,0,0,0,0,0,-0.099914326625113348,0,0,"fit_100_A_040","fit_100","Affine"
"P06","P2",0,0,1,1200,"",1199,0,100,0,0,0,0,0,0,0.00195335,0.013262400000000001,1,1,39866.408834446607,49085.96659119417,0,7.524773839073608e-10,0,9.8167112400628106e-09,9.9571369268740997e-07,9.9571369268740997e-07,0.00045960428745418249,1.4775980534344573,1181.5216400089007,-8.5065209695124937e-16,3.9757584742043859,1.1666250013295185e+28,1150,0,0,0,0,0,0,0,0,0,0,-0.066647355250288198,0,0,"fit_100_P2_000","fit_100","Complete quadratic"
"P06","P2",1,1,1,1200,"",1199,0,100,0,0,0,0,0,0,0.00185535,0.0092128999999999996,1,1,39768.608142764919,49638.981755102162,0,7.5533184369648719e-10,0,9.8882841257240566e-09,9.9935495109157959e-07,9.9935495109157959e-07,0.0004591381217182905,1.4823417294906129,1173.6481948074836,7.0808579568192973e-10,3.9812493335481673,4736362836.8354588,1150,0,0,0,0,0,0,0,0,0,0,-0.067011993686917765,0,0,"fit_100_P2_001","fit_100","Complete quadratic"
"P06","P2",2,1,1,1200,"",1199,0,100,0,0,0,0,0,0,0.0019848999999999999,0.011487799999999999,1,1,39769.446304380763,48792.309917522587,0,7.6216769320185352e-10,0,9.8970690926758862e-09,9.9980098454168743e-07,9.9980098454168743e-07,0.00045948080801942411,1.4385679209338782,1158.8131741719722,3.8511112589043715e-10,3.9795035684322002,5896008354.3737822,1150,0,0,0,0,0,0,0,0,0,0,-0.077308510222066973,0,0,"fit_100_P2_002","fit_100","Complete quadratic"
"P06","P2",3,1,1,1200,"",1199,0,100,0,0,0,0,0,0,0.0017285500000000001,0.0091582,1,1,39616.740115943765,49449.849092811615,0,7.5965180291546302e-10,0,9.8984530195215625e-09,9.9987123189271776e-07,9.9987123189271776e-07,0.00045941748536599885,1.5093887804330002,1177.9174431501992,4.9298584700232361e-10,3.9864297800058113,8030752599.3850746,1150,0,0,0,0,0,0,0,0,0,0,-0.058395982634458166,0,0,"fit_100_P2_003","fit_100","Complete quadratic"
"P06","P2",4,1,1,1200,"",1199,0,100,0,0,0,0,0,0,0.0017208000000000002,0.0121888,1,1,39468.988849916044,49377.703045469301,0,7.581402807071493e-10,0,9.9008617997544111e-09,9.9999348863234403e-07,9.9999348863234403e-07,0.00045976192759035391,1.4640988906070458,1144.3152149274329,6.9382356619748419e-10,3.9747655197491225,4835171738.211359,1150,0,0,0,0,0,0,0,0,0,0,-0.072721758420940474,0,0,"fit_100_P2_004","fit_100","Complete quadratic"
"P06","P2",5,1,1,1200,"",1199,0,100,0,0,0,0,0,0,0.0017306999999999999,0.0047701000000000002,1,1,39691.619003163745,49346.943678753312,0,7.6168591488273845e-10,0,9.8958338292991919e-09,9.9973827915773594e-07,9.9973827915773594e-07,0.0004594137170651136,1.4629180291490522,1129.3651848447448,1.6786029760587869e-10,3.9836990878825995,20050192240.069077,1150,0,0,0,0,0,0,0,0,0,0,-0.060493466947604546,0,0,"fit_100_P2_005","fit_100","Complete quadratic"
"P06","P2",6,1,1,1200,"",1199,0,100,0,0,0,0,0,0,0.00164095,0.0037948000000000001,1,1,39781.805470473184,46863.175455140212,0,7.6560893606114898e-10,0,9.8872533898342538e-09,9.9930260534818044e-07,9.9930260534818044e-07,0.00045935563205296557,1.4847451909784493,1131.3865402894646,7.2119658199493383e-10,3.9794582003307921,4654740188.221364,1150,0,0,0,0,0,0,0,0,0,0,-0.071740589999233828,0,0,"fit_100_P2_006","fit_100","Complete quadratic"
"P06","P2",7,1,1,1200,"",1199,0,100,0,0,0,0,0,0,0.00159425,0.0029380999999999999,1,1,39483.904861811199,48237.083896107171,0,7.5163794488108332e-10,0,9.898114006547292e-09,9.9985402423379023e-07,9.9985402423379023e-07,0.00045886429330656427,1.4995167193245915,1159.7626702447251,5.9207787402334406e-10,3.9912279375799296,5677835816.0526733,1150,0,0,0,0,0,0,0,0,0,0,-0.083308350915255874,0,0,"fit_100_P2_007","fit_100","Complete quadratic"
"P06","P2",8,1,1,1200,"",1199,0,100,0,0,0,0,0,0,0.0015767000000000001,0.0030144999999999998,1,1,39811.033875117093,48873.358481787516,0,7.4869017784081138e-10,0,9.896915912705369e-09,9.997932089133502e-07,9.997932089133502e-07,0.00045957986847897011,1.5422071933258912,1172.5914252408884,5.3868194343769273e-10,3.9913080702533872,6222635804.0204926,1150,0,0,0,0,0,0,0,0,0,0,-0.067386366212096704,0,0,"fit_100_P2_008","fit_100","Complete quadratic"
"P06","P2",9,1,1,1200,"",1199,0,100,0,0,0,0,0,0,0.0015940500000000001,0.0032507,1,1,40037.432328318449,49153.281107100083,0,7.568712514085742e-10,0,9.9005881178821971e-09,9.9997959875279826e-07,9.9997959875279826e-07,0.00045946567106786311,1.4591031487056823,1154.6989898853797,9.9894003196593534e-10,3.9919587266786349,3364770967.3732591,1150,0,0,0,0,0,0,0,0,0,0,-0.07789978074188178,0,0,"fit_100_P2_009","fit_100","Complete quadratic"
"P06","P2",10,1,1,1200,"",1199,0,100,0,0,0,0,0,0,0.0015838499999999999,0.0045126999999999997,1,1,38877.809800903458,48426.803961710888,0,7.6182533995787807e-10,0,9.9003690212908972e-09,9.9996847904385859e-07,9.9996847904385859e-07,0.00045893320197020382,1.5111475085133053,1189.3294352650239,7.4260080679165218e-10,3.9814766680452376,4540817645.7031317,1150,0,0,0,0,0,0,0,0,0,0,-0.068727370184489017,0,0,"fit_100_P2_010","fit_100","Complete quadratic"
"P06","P2",11,1,1,1200,"",1199,0,100,0,0,0,0,0,0,0.0016120499999999999,0.0085851,1,1,40274.357454457095,50053.84246068744,0,7.5862308250289528e-10,0,9.9000267709693995e-09,9.999511087263416e-07,9.999511087263416e-07,0.00045943028067929002,1.5025619775594423,1172.6114773639606,6.2217489014164083e-10,3.988660113664781,5381715464.3125696,1150,0,0,0,0,0,0,0,0,0,0,-0.060128464059348907,0,0,"fit_100_P2_011","fit_100","Complete quadratic"
"P06","P2",12,1,1,1200,"",1199,0,100,0,0,0,0,0,0,0.0017622499999999999,0.0119332,1,1,39859.810226877024,47998.928829847151,0,7.5421713647175093e-10,0,9.9008717973947625e-09,9.9999399602813609e-07,9.9999399602813609e-07,0.0004596890389701305,1.4641322595082205,1145.6657389970537,8.0082206104996766e-10,3.9700945115493984,4197275199.2560248,1150,0,0,0,0,0,0,0,0,0,0,-0.059442632814494079,0,0,"fit_100_P2_012","fit_100","Complete quadratic"
"P06","P2",13,1,1,1200,"",1199,0,100,0,0,0,0,0,0,0.0016914,0.0086177000000000007,1,1,39145.296607033211,48003.812733628416,0,7.6104756116508416e-10,0,9.8965895779003156e-09,9.9977664350614731e-07,9.9977664350614731e-07,0.00045916067522084182,1.4450571853254104,1153.1795481284353,7.9556184063566692e-10,3.9904154648034855,3330714439.7411995,1150,0,0,0,0,0,0,0,0,0,0,-0.076020014694744759,0,0,"fit_100_P2_013","fit_100","Complete quadratic"
"P06","P2",14,1,1,1200,"",1199,0,100,0,0,0,0,0,0,0.0017084999999999999,0.016615399999999999,1,1,39972.015438714952,48574.527740752237,0,7.5914070518392802e-10,0,9.8936393239423573e-09,9.996268704416273e-07,9.996268704416273e-07,0.0004591304933028321,1.4692243820898074,1157.5538191987512,2.9187030232336933e-10,3.9824649209147984,11533538667.413036,1150,0,0,0,0,0,0,0,0,0,0,-0.070140160191661527,0,0,"fit_100_P2_014","fit_100","Complete quadratic"
"P06","P2",15,1,1,1200,"",1199,0,100,0,0,0,0,0,0,0.00166095,0.0101215,1,1,39390.068839792177,47833.809038890147,0,7.5310549098915278e-10,0,9.9002105298822522e-09,9.9996043512607885e-07,9.9996043512607885e-07,0.00045924289109174803,1.4531440880435618,1129.8759437218021,7.3431430175719275e-10,3.9895729888708771,4565065077.9794931,1150,0,0,0,0,0,0,0,0,0,0,-0.062796199620791027,0,0,"fit_100_P2_015","fit_100","Complete quadratic"
"P06","P2",16,1,1,1200,"",1199,0,100,0,0,0,0,0,0,0.0016082000000000002,0.0115114,1,1,39599.683428574324,46837.188140751627,0,7.5876335559245532e-10,0,9.8990154608181185e-09,9.9989977970815543e-07,9.9989977970815543e-07,0.00045933076132511426,1.4485300407911224,1112.3256382561399,7.1874769463043389e-10,3.9690717433556735,4681465629.1848269,1150,0,0,0,0,0,0,0,0,0,0,-0.060932421119378133,0,0,"fit_100_P2_016","fit_100","Complete quadratic"
"P06","P2",17,1,1,1200,"",1199,0,100,0,0,0,0,0,0,0.00160955,0.0084931,1,1,39953.158260930046,47959.461932668572,0,7.5986995496769807e-10,0,9.9005801001570342e-09,9.9997919183499551e-07,9.9997919183499551e-07,0.00045976980448079709,1.4937916421957134,1152.1067436407145,5.0107629432855426e-10,3.9731908326046628,6693760135.0140429,1150,0,0,0,0,0,0,0,0,0,0,-0.065004421171603544,0,0,"fit_100_P2_017","fit_100","Complete quadratic"
"P06","P2",18,1,1,1200,"",1199,0,100,0,0,0,0,0,0,0.00173285,0.0085047999999999999,1,1,39966.235859761291,49695.025681536055,0,7.5721574195093189e-10,0,9.8989207691783994e-09,9.9989497350375149e-07,9.9989497350375149e-07,0.00045915526524671141,1.4849958380406285,1160.8373456176448,4.0875033428149857e-10,3.9873033202642936,8236179888.7561588,1150,0,0,0,0,0,0,0,0,0,0,-0.06822584514812885,0,0,"fit_100_P2_018","fit_100","Complete quadratic"
"P06","P2",19,1,1,1200,"",1199,0,100,0,0,0,0,0,0,0.0017057999999999999,0.0084186999999999994,1,1,39089.50632670171,48615.513363472361,0,7.5497022044612681e-10,0,9.899510259764243e-09,9.9992489353901612e-07,9.9992489353901612e-07,0.00045927021810628673,1.4730619872402242,1190.0493725021984,6.3504732237746819e-10,3.9886153737840959,4151797639.7753572,1150,0,0,0,0,0,0,0,0,0,0,-0.06184896473493473,0,0,"fit_100_P2_019","fit_100","Complete quadratic"
"P06","P2",20,1,1,1200,"",1199,0,100,0,0,0,0,0,0,0.0017943500000000001,0.012721400000000001,1,1,39854.824902840948,49030.967163267669,0,7.6007990413616227e-10,0,9.8999455556846459e-09,9.9994698674269345e-07,9.9994698674269345e-07,0.00045970709415914891,1.498939877953926,1164.4513277641149,6.0597951009415807e-10,3.9754401596594491,3759000285.0918169,1150,0,0,0,0,0,0,0,0,0,0,-0.065352063217865436,0,0,"fit_100_P2_020","fit_100","Complete quadratic"
"P06","P2",21,1,1,1200,"",1199,0,100,0,0,0,0,0,0,0.0017669000000000001,0.0087451999999999998,1,1,39775.633052747617,48377.025041639208,0,7.607758588256553e-10,0,9.900278900091093e-09,9.9996390512855503e-07,9.9996390512855503e-07,0.00045964869387009387,1.4469393368735508,1126.9604063219842,4.5110437586432513e-10,3.987547006407369,5024313764.6139212,1150,0,0,0,0,0,0,0,0,0,0,-0.066558665137222001,0,0,"fit_100_P2_021","fit_100","Complete quadratic"
"P06","P2",22,1,1,1200,"",1199,0,100,0,0,0,0,0,0,0.0016374,0.0076238,1,1,39854.357468503498,47821.866923606118,0,7.6100786948990715e-10,0,9.8994467729097092e-09,9.9992167125864669e-07,9.9992167125864669e-07,0.00045951409330827913,1.5041350869411168,1155.5019953582259,7.697731747296416e-10,3.9889464597344957,4380049691.2815294,1150,0,0,0,0,0,0,0,0,0,0,-0.069731744124380046,0,0,"fit_100_P2_022","fit_100","Complete quadratic"
"P06","P2",23,1,1,1200,"",1199,0,100,0,0,0,0,0,0,0.0016136499999999999,0.0087226000000000005,1,1,39739.523521303199,47238.960127424703,0,7.6262258048897687e-10,0,9.8959868714546478e-09,9.997460482109219e-07,9.997460482109219e-07,0.00045958465308891966,1.4771586026853987,1144.1945930896804,4.0927519867161564e-10,3.9774637433829891,8213459196.3203745,1150,0,0,0,0,0,0,0,0,0,0,-0.066749434260216955,0,0,"fit_100_P2_023","fit_100","Complete quadratic"
"P06","P2",24,1,1,1200,"",1199,0,100,0,0,0,0,0,0,0.0016862499999999998,0.0095910000000000006,1,1,39658.61832197052,49319.769791447194,0,7.645983096219417e-10,0,9.8972939462262112e-09,9.9981239831271548e-07,9.9981239831271548e-07,0.00045906248044808083,1.4954622879554771,1160.984044978494,7.4228386117657827e-10,3.9907428806312173,5174525863.6738415,1150,0,0,0,0,0,0,0,0,0,0,-0.078858279408266285,0,0,"fit_100_P2_024","fit_100","Complete quadratic"
"P06","P2",25,1,1,1200,"",1199,0,100,0,0,0,0,0,0,0.0018711000000000001,0.0151307,1,1,39250.740746519819,48044.783215549127,0,7.4984075729651572e-10,0,9.8987068287130412e-09,9.9988411457738437e-07,9.9988411457738437e-07,0.00045906254557997301,1.5047554449197325,1177.1356787897187,6.5765714273010916e-10,3.9846265690386176,3451781493.8090925,1150,0,0,0,0,0,0,0,0,0,0,-0.073976971158644073,0,0,"fit_100_P2_025","fit_100","Complete quadratic"
"P06","P2",26,1,1,1200,"",1199,0,100,0,0,0,0,0,0,0.0019237,0.010738599999999999,1,1,39735.616405824403,47732.699047542599,0,7.6326496731878888e-10,0,9.8950343908067424e-09,9.9969769538441949e-07,9.9969769538441949e-07,0.00045918590483461829,1.5131580402048117,1161.6307350985867,7.1307450427092198e-10,3.9769114203092166,4710631259.7317686,1150,0,0,0,0,0,0,0,0,0,0,-0.076524578618344719,0,0,"fit_100_P2_026","fit_100","Complete quadratic"
"P06","P2",27,1,1,1200,"",1199,0,100,0,0,0,0,0,0,0.0018388,0.0093766000000000006,1,1,40248.70881466291,50414.480556531809,0,7.5695552212751985e-10,0,9.9006472384060129e-09,9.999825992487679e-07,9.999825992487679e-07,0.00045908387560437421,1.5160485399661865,1207.3090522058903,8.4467656610851686e-10,3.9925961565647539,4698414853.9054947,1150,0,0,0,0,0,0,0,0,0,0,-0.060789460837415488,0,0,"fit_100_P2_027","fit_100","Complete quadratic"
"P06","P2",28,1,1,1200,"",1199,0,100,0,0,0,0,0,0,0.0018766,0.0099606999999999994,1,1,39621.400944542642,47753.339596979735,0,7.5472470183814505e-10,0,9.8982631710808409e-09,9.9986159558002452e-07,9.9986159558002452e-07,0.00045931630009331584,1.5016205025100875,1153.4518475265666,8.0626160902714782e-10,3.9894227943542386,3573876641.1360106,1150,0,0,0,0,0,0,0,0,0,0,-0.060235273205644757,0,0,"fit_100_P2_028","fit_100","Complete quadratic"
"P06","P2",29,1,1,1200,"",1199,0,100,0,0,0,0,0,0,0.0017079500000000002,0.0117205,1,1,39534.322559859436,47866.779282045631,0,7.5197415941538283e-10,0,9.9002077008925769e-09,9.9996029154572915e-07,9.9996029154572915e-07,0.00045943900083249511,1.4774699655352814,1152.2689046712392,4.88686194754502e-10,3.9792923352884766,5624175875.638876,1150,0,0,0,0,0,0,0,0,0,0,-0.066985068654998592,0,0,"fit_100_P2_029","fit_100","Complete quadratic"
"P06","P2",30,1,1,1200,"",1199,0,100,0,0,0,0,0,0,0.0017277,0.0082938999999999999,1,1,39714.232569931264,49377.937000129372,0,7.6211009296424418e-10,0,9.8870532514595129e-09,9.9929244104232868e-07,9.9929244104232868e-07,0.00045939334292358558,1.4637700961267346,1182.8515030884353,1.1746918905368801e-09,3.9816608950475132,2858751581.2284822,1150,0,0,0,0,0,0,0,0,0,0,-0.053058085035321223,0,0,"fit_100_P2_030","fit_100","Complete quadratic"
"P06","P2",31,1,1,1200,"",1199,0,100,0,0,0,0,0,0,0.00167125,0.0106053,1,1,39761.306088734884,48314.14137369745,0,7.5680278345689003e-10,0,9.8983835354862337e-09,9.9986770503794179e-07,9.9986770503794179e-07,0.00045961612720517672,1.4284551654404587,1151.7071102671136,6.4403612040603677e-10,3.9724155573127002,5206299956.9261627,1150,0,0,0,0,0,0,0,0,0,0,-0.073254083703570838,0,0,"fit_100_P2_031","fit_100","Complete quadratic"
"P06","P2",32,1,1,1200,"",1199,0,100,0,0,0,0,0,0,0.0019919500000000001,0.0087627,1,1,39283.207022143979,47112.845700673279,0,7.6210334092108658e-10,0,9.8955729869551377e-09,9.9972503758375966e-07,9.9972503758375966e-07,0.00045915525039741086,1.5036317922655573,1160.0693670822527,5.0617613247460679e-10,3.9798161186277912,4732904888.0874109,1150,0,0,0,0,0,0,0,0,0,0,-0.072223414406527242,0,0,"fit_100_P2_032","fit_100","Complete quadratic"
"P06","P2",33,1,1,1200,"",1199,0,100,0,0,0,0,0,0,0.0019052499999999998,0.0170692,1,1,39630.097005521144,48969.028898969096,0,7.6287142225826944e-10,0,9.8974784122927091e-09,9.9982176188241266e-07,9.9982176188241266e-07,0.00045955596148499329,1.4587421591591021,1144.2155744074887,7.8416213441867298e-10,3.972850296658101,3159583054.7247319,1150,0,0,0,0,0,0,0,0,0,0,-0.066878758029712521,0,0,"fit_100_P2_033","fit_100","Complete quadratic"
"P06","P2",34,1,1,1200,"",1199,0,100,0,0,0,0,0,0,0.0017238499999999999,0.0100229,1,1,39637.351298135793,48033.140787123637,0,7.5711193831813734e-10,0,9.8994733739346672e-09,9.999230213970356e-07,9.999230213970356e-07,0.00045918276755294957,1.4752473269995208,1146.8224870860784,8.7377960697231555e-10,3.9826253187100202,3841098937.3308706,1150,0,0,0,0,0,0,0,0,0,0,-0.072274782090648693,0,0,"fit_100_P2_034","fit_100","Complete quadratic"
"P06","P2",35,1,1,1200,"",1199,0,100,0,0,0,0,0,0,0.0016919000000000001,0.01282,1,1,39647.645780643157,49103.94467742533,0,7.5855728762390346e-10,0,9.9005159592108786e-09,9.9997593653024359e-07,9.9997593653024359e-07,0.00045942634398079602,1.4480061588693345,1150.9705263871274,7.6215032963508702e-10,3.9786392304439047,4420143725.9037828,1150,0,0,0,0,0,0,0,0,0,0,-0.059657775405212415,0,0,"fit_100_P2_035","fit_100","Complete quadratic"
"P06","P2",36,1,1,1200,"",1199,0,100,0,0,0,0,0,0,0.0016678000000000001,0.0114787,1,1,39915.979107563144,48731.250759493108,0,7.5697162486222741e-10,0,9.8949944663114915e-09,9.9969566856097266e-07,9.9969566856097266e-07,0.00045938086425314676,1.4639386667013308,1169.6831557734911,6.9462571295899672e-10,3.9814411337731546,5698000958.6351318,1150,0,0,0,0,0,0,0,0,0,0,-0.075593458803050489,0,0,"fit_100_P2_036","fit_100","Complete quadratic"
"P06","P2",37,1,1,1200,"",1199,0,100,0,0,0,0,0,0,0.0017331500000000001,0.0134737,1,1,39150.237155488256,47481.544773250396,0,7.6138851600920129e-10,0,9.9009147272101755e-09,9.9999617478022772e-07,9.9999617478022772e-07,0.00045904586252250263,1.4751879132851331,1156.1400653746191,8.2829999567364318e-10,3.9806770358254879,4777665494.8091307,1150,0,0,0,0,0,0,0,0,0,0,-0.06259095630299083,0,0,"fit_100_P2_037","fit_100","Complete quadratic"
"P06","P2",38,1,1,1200,"",1199,0,100,0,0,0,0,0,0,0.0017025999999999999,0.0081127999999999999,1,1,39501.006518101844,48748.720577240711,0,7.6163063916332609e-10,0,9.8890679503363873e-09,9.9939475568056307e-07,9.9939475568056307e-07,0.00045930600363379746,1.459485615478983,1167.5049231464134,7.9888566029629736e-10,3.9871991338434403,4185590389.2667837,1150,0,0,0,0,0,0,0,0,0,0,-0.059864093361965298,0,0,"fit_100_P2_038","fit_100","Complete quadratic"
"P06","P2",39,1,1,1200,"",1199,0,100,0,0,0,0,0,0,0.0017260999999999999,0.010696600000000001,1,1,39351.730140233558,47399.062558618229,0,7.5260557874173608e-10,0,9.900479787984391e-09,9.9997410075034882e-07,9.9997410075034882e-07,0.00045948295042337367,1.4459015644768483,1159.3981791452291,7.1665019487818436e-10,3.9706758210766582,4156109779.821682,1150,0,0,0,0,0,0,0,0,0,0,-0.0542822561749009,0,0,"fit_100_P2_039","fit_100","Complete quadratic"
"P06","P2",40,1,1,1200,"",1199,0,100,0,0,0,0,0,0,0.0017668499999999999,0.016222500000000001,1,1,39738.910301245422,47353.716499615817,0,7.478334874843494e-10,0,9.9001604755520128e-09,9.999578947043639e-07,9.999578947043639e-07,0.00045967550800348275,1.4838103161925567,1114.7537102433,3.2966554459358194e-10,3.9794687318702664,10222327311.236708,1150,0,0,0,0,0,0,0,0,0,0,-0.065104228473938486,0,0,"fit_100_P2_040","fit_100","Complete quadratic"
"P06","R",0,0,1,1200,"",1199,0,100,0,0,0,0,0,0,0.0017055999999999998,0.0080569999999999999,1,1,39876.034114900118,49271.967029647429,0,7.5235112181609036e-10,0,9.8236305736040964e-09,9.9606628523073037e-07,9.9606628523073037e-07,0.00055871106878465531,0.1888321933224959,109.83330401665557,-8.9028066276137962e-16,3.1463384414720612,2.1397315865426313e+27,1150,0,0,0,0,0,0,0,0,0,0,-0.066668464849605702,0,0,"fit_100_R_000","fit_100","Relaxed"
"P06","R",1,1,1,1200,"",1199,0,100,0,0,0,0,0,0,0.0016940499999999999,0.010628800000000001,1,1,39525.786182552416,48587.334419090024,0,7.5690383236465992e-10,0,9.8982841753070374e-09,9.9986266171542639e-07,9.9986266171542639e-07,0.0005585318847487773,0.18659691845105836,108.20776828901961,2.8923466489534635e-09,3.1501025187252831,967713824.42421389,1150,0,0,0,0,0,0,0,0,0,0,-0.067235760405411293,0,0,"fit_100_R_001","fit_100","Relaxed"
"P06","R",2,1,1,1200,"",1199,0,100,0,0,0,0,0,0,0.0016493499999999999,0.010930799999999999,1,1,39665.815151160336,49342.968061087347,0,7.6198860789707608e-10,0,9.8772007402918659e-09,9.9879194156432677e-07,9.9879194156432677e-07,0.00055863164872312293,0.18796619273580106,109.15418046906883,2.0854703948433721e-09,3.1475906601324737,1178246446.2925909,1150,0,0,0,0,0,0,0,0,0,0,-0.077240542174613847,0,0,"fit_100_R_002","fit_100","Relaxed"
"P06","R",3,1,1,1200,"",1199,0,100,0,0,0,0,0,0,0.0016492,0.0085536999999999992,1,1,39721.166732916841,49273.534138372153,0,7.6016120190225253e-10,0,9.8960108578356527e-09,9.9974726585350043e-07,9.9974726585350043e-07,0.00055851589973001357,0.19021155663482894,110.35124509777236,1.3860944012033562e-09,3.1506132141786094,2261476277.5991244,1150,0,0,0,0,0,0,0,0,0,0,-0.058389422667693425,0,0,"fit_100_R_003","fit_100","Relaxed"
"P06","R",4,1,1,1200,"",1199,0,100,0,0,0,0,0,0,0.0018399,0.0081639999999999994,1,1,39289.91112264304,48897.134179016015,0,7.5786721992868743e-10,0,9.9006935721352998e-09,9.9998495078074711e-07,9.9998495078074711e-07,0.00055903545603366096,0.18761494700996378,108.71497817626371,1.7774628346832449e-09,3.1450554678318778,1530053937.5266409,1150,0,0,0,0,0,0,0,0,0,0,-0.072803021758724468,0,0,"fit_100_R_004","fit_100","Relaxed"
"P06","R",5,1,1,1200,"",1199,0,100,0,0,0,0,0,0,0.0017463499999999998,0.021534600000000001,1,1,39693.888169048951,49794.672575282391,0,7.6077690227507278e-10,0,9.8946683327933045e-09,9.9967911178020085e-07,9.9967911178020085e-07,0.00055864046764060474,0.18968603174242887,110.20073797286925,5.7225373103207763e-10,3.149536691710856,4899602894.7240715,1150,0,0,0,0,0,0,0,0,0,0,-0.060381862294534905,0,0,"fit_100_R_005","fit_100","Relaxed"
"P06","R",6,1,1,1200,"",1199,0,100,0,0,0,0,0,0,0.0018952000000000001,0.0085809000000000007,1,1,39561.228979866602,49317.852386042578,0,7.6365826423780275e-10,0,9.8938692670287847e-09,9.9963854456352613e-07,9.9963854456352613e-07,0.00055851185366487602,0.18618214252810092,108.31692637162169,2.8196206769330806e-09,3.1488752528252499,938510517.70863259,1150,0,0,0,0,0,0,0,0,0,0,-0.071881191848661152,0,0,"fit_100_R_006","fit_100","Relaxed"
"P06","R",7,1,1,1200,"",1199,0,100,0,0,0,0,0,0,0.0018828,0.0084395000000000008,1,1,39295.838367632292,47909.657096151001,0,7.5191580030478166e-10,0,9.8974743078477932e-09,9.9982155354012187e-07,9.9982155354012187e-07,0.00055813349438042087,0.19072998332783181,111.02073468197278,1.4917271696059665e-09,3.1533370181211025,1885058874.4924014,1150,0,0,0,0,0,0,0,0,0,0,-0.083150206554896383,0,0,"fit_100_R_007","fit_100","Relaxed"
"P06","R",8,1,1,1200,"",1199,0,100,0,0,0,0,0,0,0.0018010000000000001,0.0075485999999999999,1,1,39629.580715692093,48714.772719708162,0,7.5358715053477692e-10,0,9.8997238674760828e-09,9.9993573514037928e-07,9.9993573514037928e-07,0.0005585616805140923,0.18915665373131557,109.89447648559765,2.1480449398310757e-09,3.1526734245962609,953375361.68874609,1150,0,0,0,0,0,0,0,0,0,0,-0.067050157281240086,0,0,"fit_100_R_008","fit_100","Relaxed"
"P06","R",9,1,1,1200,"",1199,0,100,0,0,0,0,0,0,0.0017176499999999998,0.0079244999999999993,1,1,39652.622852439512,48994.416445867413,0,7.5828007663486563e-10,0,9.9508142171278561e-09,9.9984406530994102e-07,9.9984406530994102e-07,0.00055846725325150147,0.18770796492873865,109.28903344696026,2.4973229845497414e-09,3.1530209901411235,1121462691.1625662,1150,0,0,0,0,0,0,0,0,0,0,-0.077491600177370057,0,0,"fit_100_R_009","fit_100","Relaxed"
"P06","R",10,1,1,1200,"",1199,0,100,0,0,0,0,0,0,0.00189595,0.0084139999999999996,1,1,39072.519626801564,47939.888577037404,0,7.5744008507162928e-10,0,9.8987429184485635e-09,9.998859463838442e-07,9.998859463838442e-07,0.00055853030266728751,0.18895446091942886,109.6947347681669,2.6302793084648063e-09,3.1478301111165661,1067737805.9545382,1150,0,0,0,0,0,0,0,0,0,0,-0.068898858592202628,0,0,"fit_100_R_010","fit_100","Relaxed"
"P06","R",11,1,1,1200,"",1199,0,100,0,0,0,0,0,0,0.0018153500000000001,0.0061983999999999997,1,1,40075.880500394655,49288.044743567669,0,7.5854391823141106e-10,0,9.8925292220624473e-09,9.9957050910734003e-07,9.9957050910734003e-07,0.00055860690732133277,0.19084722274763605,110.67609179393595,2.0352498462554253e-09,3.151371751164826,1372629607.9409325,1150,0,0,0,0,0,0,0,0,0,0,-0.060083216897137082,0,0,"fit_100_R_011","fit_100","Relaxed"
"P06","R",12,1,1,1200,"",1199,0,100,0,0,0,0,0,0,0.0020558,0.0111868,1,1,40029.028705377539,49580.76352980885,0,7.5386649533688399e-10,0,9.8998770643862845e-09,9.9994351053662525e-07,9.9994351053662525e-07,0.00055879213784771524,0.18955872882814881,110.11962008667626,2.7793805746305958e-09,3.1430134219143615,735038783.19496584,1150,0,0,0,0,0,0,0,0,0,0,-0.059335486311457075,0,0,"fit_100_R_012","fit_100","Relaxed"
"P06","R",13,1,1,1200,"",1199,0,100,0,0,0,0,0,0,0.0016987999999999999,0.0056242999999999996,1,1,39325.313443109655,48659.053299189538,0,7.6193615742429897e-10,0,9.8971741304718913e-09,9.9980631637186375e-07,9.9980631637186375e-07,0.0005584552033564825,0.18862133941758405,109.58681815174556,1.2647726480248246e-09,3.1530068599561751,2213183091.5598874,1150,0,0,0,0,0,0,0,0,0,0,-0.076189919815401713,0,0,"fit_100_R_013","fit_100","Relaxed"
"P06","R",14,1,1,1200,"",1199,0,100,0,0,0,0,0,0,0.0020151500000000003,0.0084001000000000006,1,1,39707.498415613576,49072.41603992015,0,7.5818121582618551e-10,0,9.8952579050433663e-09,9.9970904232591214e-07,9.9970904232591214e-07,0.00055842347463580641,0.19046662320577912,110.64163515459852,1.4507311212892727e-09,3.1502645967441909,1934415466.0915725,1150,0,0,0,0,0,0,0,0,0,0,-0.070174821171923973,0,0,"fit_100_R_014","fit_100","Relaxed"
"P06","R",15,1,1,1200,"",1199,0,100,0,0,0,0,0,0,0.0016076,0.0064064999999999999,1,1,39131.720970188762,47570.932686619199,0,7.53517436931933e-10,0,9.9007929612544356e-09,9.9998999496441168e-07,9.9998999496441168e-07,0.00055833317135304899,0.18830076265778425,109.50045352189865,2.5579959054858411e-09,3.1527306136767232,1089723130.818011,1150,0,0,0,0,0,0,0,0,0,0,-0.062779698164421194,0,0,"fit_100_R_015","fit_100","Relaxed"
"P06","R",16,1,1,1200,"",1199,0,100,0,0,0,0,0,0,0.0016007999999999999,0.0061218000000000002,1,1,39719.296267234706,48848.984952842256,0,7.603190947809566e-10,0,9.8966653521298669e-09,9.9978048998164088e-07,9.9978048998164088e-07,0.00055863919793944857,0.19147040848418734,111.07616269447588,3.0376281500077658e-09,3.1432174563210391,922596921.69454765,1150,0,0,0,0,0,0,0,0,0,0,-0.06087188772134694,0,0,"fit_100_R_016","fit_100","Relaxed"
"P06","R",17,1,1,1200,"",1199,0,100,0,0,0,0,0,0,0.0016561,0.0086823000000000004,1,1,39854.977945274979,49372.53028980919,0,7.5796569237641261e-10,0,9.9008884205066077e-09,9.9999483967639602e-07,9.9999483967639602e-07,0.00055866210810886412,0.18912146876474839,109.86009666684265,1.7482271802557578e-09,3.1445326888582947,1445654631.4223559,1150,0,0,0,0,0,0,0,0,0,0,-0.064546718475930104,0,0,"fit_100_R_017","fit_100","Relaxed"
"P06","R",18,1,1,1200,"",1199,0,100,0,0,0,0,0,0,0.0016267,0.0087609999999999997,1,1,39304.198189065486,48398.800183121704,0,7.5497617949692411e-10,0,9.8959442265970647e-09,9.9974388338744005e-07,9.9974388338744005e-07,0.00055856443925545623,0.1892499420644331,110.00015900891957,1.580525122181697e-09,3.1496012637353559,1775373266.5684311,1150,0,0,0,0,0,0,0,0,0,0,-0.068374282296459254,0,0,"fit_100_R_018","fit_100","Relaxed"
"P06","R",19,1,1,1200,"",1199,0,100,0,0,0,0,0,0,0.0016156,0.0096763999999999999,1,1,39278.755948181541,48158.171402852066,0,7.5402621175521657e-10,0,9.9008369427648536e-09,9.9999222710031647e-07,9.9999222710031647e-07,0.00055860053881782903,0.18657590554005268,108.31425055533181,2.5091854202928207e-09,3.1538474951308739,896220139.64548862,1150,0,0,0,0,0,0,0,0,0,0,-0.062019453419105641,0,0,"fit_100_R_019","fit_100","Relaxed"
"P06","R",20,1,1,1200,"",1199,0,100,0,0,0,0,0,0,0.0016082499999999999,0.011912000000000001,1,1,39549.603510163957,48602.940479567325,0,7.6041894872086219e-10,0,9.8995217830654381e-09,9.9992547840400532e-07,9.9992547840400532e-07,0.0005588116785026089,0.18810507194350923,109.32556665931537,3.4649619572456011e-09,3.1444462042283674,806813244.83131397,1150,0,0,0,0,0,0,0,0,0,0,-0.065240342735584433,0,0,"fit_100_R_020","fit_100","Relaxed"
"P06","R",21,1,1,1200,"",1199,0,100,0,0,0,0,0,0,0.00169995,0.0086835000000000002,1,1,39346.588466500907,48657.292835654705,0,7.6189935456037123e-10,0,9.8993634127427553e-09,9.9991744029119627e-07,9.9991744029119627e-07,0.00055887719356801637,0.18795921259465315,108.97090029251684,1.8803253558937856e-09,3.1501399459444834,1086657237.206804,1150,0,0,0,0,0,0,0,0,0,0,-0.066490838627933285,0,0,"fit_100_R_021","fit_100","Relaxed"
"P06","R",22,1,1,1200,"",1199,0,100,0,0,0,0,0,0,0.0017215500000000001,0.0081959000000000008,1,1,39365.029158674202,48991.647040308555,0,7.6263458035515704e-10,0,9.8946630395382245e-09,9.996788430559361e-07,9.996788430559361e-07,0.00055865715549069839,0.1870255161160615,108.67137194389495,2.7653741478176639e-09,3.1513546744162499,1014535980.0354965,1150,0,0,0,0,0,0,0,0,0,0,-0.069613154767558333,0,0,"fit_100_R_022","fit_100","Relaxed"
"P06","R",23,1,1,1200,"",1199,0,100,0,0,0,0,0,0,0.0016825500000000001,0.0078782999999999995,1,1,39595.206035446943,49469.85820439463,0,7.6079722205573575e-10,0,9.8877257202701594e-09,9.9932659290274973e-07,9.9932659290274973e-07,0.00055862063408229471,0.18660282814358653,108.59796542646272,1.5513862242654913e-09,3.1472811408113763,1805196270.3541312,1150,0,0,0,0,0,0,0,0,0,0,-0.066590773124884262,0,0,"fit_100_R_023","fit_100","Relaxed"
"P06","R",24,1,1,1200,"",1199,0,100,0,0,0,0,0,0,0.00169915,0.0076787000000000001,1,1,39481.760667810639,48823.410477218364,0,7.663011568718419e-10,0,9.9770760494358521e-09,9.9970269557308584e-07,9.9970269557308584e-07,0.00055827416077673035,0.18996110928203211,110.47019940948678,1.9045508658358892e-09,3.1520922280026018,1470441781.1689451,1150,0,0,0,0,0,0,0,0,0,0,-0.078621865131397822,0,0,"fit_100_R_024","fit_100","Relaxed"
"P06","R",25,1,1,1200,"",1199,0,100,0,0,0,0,0,0,0.0016145999999999999,0.010111999999999999,1,1,39294.589494795684,48374.33343543049,0,7.5527185267385884e-10,0,9.8993399482864125e-09,9.9991624934327039e-07,9.9991624934327039e-07,0.00055813092270060559,0.18855186787387701,109.73210585192503,3.4935493926520587e-09,3.15158835249632,683588692.84273565,1150,0,0,0,0,0,0,0,0,0,0,-0.073891820778028694,0,0,"fit_100_R_025","fit_100","Relaxed"
"P06","R",26,1,1,1200,"",1199,0,100,0,0,0,0,0,0,0.0016759000000000001,0.0082024999999999997,1,1,39368.581139332076,48738.131886208823,0,7.6444467330716303e-10,0,9.8928872602833763e-09,9.9958868752135881e-07,9.9958868752135881e-07,0.00055841096319913326,0.18885975027248636,109.80466487902288,1.8033230169610275e-09,3.1455403429765902,1553593638.7023935,1150,0,0,0,0,0,0,0,0,0,0,-0.076353333526922529,0,0,"fit_100_R_026","fit_100","Relaxed"
"P06","R",27,1,1,1200,"",1199,0,100,0,0,0,0,0,0,0.0016332,0.0084277999999999992,1,1,39758.521856744293,48850.429537961551,0,7.5788887401435341e-10,0,9.8983608989612063e-09,9.9986655605575739e-07,9.9986655605575739e-07,0.00055826632971285616,0.18903848713199517,109.92258522912462,9.6638192312381201e-10,3.1544152408857005,2117230009.6027172,1150,0,0,0,0,0,0,0,0,0,0,-0.060841494327501078,0,0,"fit_100_R_027","fit_100","Relaxed"
"P06","R",28,1,1,1200,"",1199,0,100,0,0,0,0,0,0,0.0017020999999999998,0.0095166000000000001,1,1,39384.166806133602,48401.60369818937,0,7.5467588429596931e-10,0,9.8986799319957154e-09,9.9988274937874988e-07,9.9988274937874988e-07,0.00055853875121069133,0.18956855120628752,109.87000568315132,1.4474938798017548e-09,3.151603647051465,1414394303.7767725,1150,0,0,0,0,0,0,0,0,0,0,-0.060092589271915686,0,0,"fit_100_R_028","fit_100","Relaxed"
"P06","R",29,1,1,1200,"",1199,0,100,0,0,0,0,0,0,0.0021695999999999998,0.0099735999999999991,1,1,39622.498948964669,48824.032737703048,0,7.5753314136304941e-10,0,9.900670945032341e-09,9.9998380240944817e-07,9.9998380240944817e-07,0.00055873122997431631,0.18837076385099263,109.28777647320717,1.8927180555059088e-09,3.1496982152159578,1480459143.5916405,1150,0,0,0,0,0,0,0,0,0,0,-0.066927824809062508,0,0,"fit_100_R_029","fit_100","Relaxed"
"P06","R",30,1,1,1200,"",1199,0,100,0,0,0,0,0,0,0.0017685000000000001,0.0075367999999999997,1,1,39489.373288415656,48811.762260627154,0,7.623427065986097e-10,0,9.9003879040694678e-09,9.9996943739767027e-07,9.9996943739767027e-07,0.00055863218676408617,0.1876076304285898,108.9808651806531,3.1704173248275021e-09,3.1480293108464958,884186083.56818628,1150,0,0,0,0,0,0,0,0,0,0,-0.053046733175085292,0,0,"fit_100_R_030","fit_100","Relaxed"
"P06","R",31,1,1,1200,"",1199,0,100,0,0,0,0,0,0,0.0016868500000000002,0.0094117000000000003,1,1,39592.722526607249,48848.510131133335,0,7.5555757594526951e-10,0,9.8992615377015875e-09,9.9991226957239467e-07,9.9991226957239467e-07,0.00055870265048052633,0.18723735423027849,108.74379374552072,3.3531668761822993e-09,3.1458286715253547,810062505.00044799,1150,0,0,0,0,0,0,0,0,0,0,-0.07329061926786995,0,0,"fit_100_R_031","fit_100","Relaxed"
"P06","R",32,1,1,1200,"",1199,0,100,0,0,0,0,0,0,0.0016844,0.0074761999999999997,1,1,39608.21137116816,48757.817576135763,0,7.6154016378438163e-10,0,9.8975933287253007e-09,9.9982759504181461e-07,9.9982759504181461e-07,0.00055841282802873921,0.18778993510430747,109.09890793134632,2.0839225148232461e-09,3.1502681249120528,1348905509.9067397,1150,0,0,0,0,0,0,0,0,0,0,-0.072291467651295571,0,0,"fit_100_R_032","fit_100","Relaxed"
"P06","R",33,1,1,1200,"",1199,0,100,0,0,0,0,0,0,0.0017404,0.0125291,1,1,39372.078116392469,49079.816253698635,0,7.6147580294184928e-10,0,9.9001829558570713e-09,9.9995903565450565e-07,9.9995903565450565e-07,0.00055874029886665067,0.18722182576845858,108.81917781092361,1.6599253142166877e-09,3.1436669406624169,1232906082.9896069,1150,0,0,0,0,0,0,0,0,0,0,-0.066780719748144174,0,0,"fit_100_R_033","fit_100","Relaxed"
"P06","R",34,1,1,1200,"",1199,0,100,0,0,0,0,0,0,0.0017282,0.0081953000000000008,1,1,39481.634680796677,48780.404854787375,0,7.6251636553299239e-10,0,9.8981946747538351e-09,9.9985811882621273e-07,9.9985811882621273e-07,0.00055824831626921873,0.18824770780319186,109.66742454597095,3.2612649499682258e-09,3.1502085947281095,859406236.0792973,1150,0,0,0,0,0,0,0,0,0,0,-0.0721507358961401,0,0,"fit_100_R_034","fit_100","Relaxed"
"P06","R",35,1,1,1200,"",1199,0,100,0,0,0,0,0,0,0.0019087000000000002,0.014179799999999999,1,1,39689.503482860178,49377.942677748564,0,7.6498137711998719e-10,0,9.9002972644297561e-09,9.999648371742804e-07,9.999648371742804e-07,0.00055846971828057068,0.18822956372039593,109.52119844484594,2.1022548403288298e-09,3.1468019788835973,1334802391.8350236,1150,0,0,0,0,0,0,0,0,0,0,-0.059449503680280513,0,0,"fit_100_R_035","fit_100","Relaxed"
"P06","R",36,1,1,1200,"",1199,0,100,0,0,0,0,0,0,0.0017966,0.0087632000000000005,1,1,39858.690424650835,49377.547730575207,0,7.5595222758195851e-10,0,9.8997558953341216e-09,9.999373606956374e-07,9.999373606956374e-07,0.00055863888464175923,0.18807134125800751,109.26511844094699,2.5774917306416916e-09,3.1492271380930381,1215662332.6260943,1150,0,0,0,0,0,0,0,0,0,0,-0.075501346851925777,0,0,"fit_100_R_036","fit_100","Relaxed"
"P06","R",37,1,1,1200,"",1199,0,100,0,0,0,0,0,0,0.00169085,0.0079288999999999991,1,1,39273.928993119232,48275.675681840585,0,7.6128227192073237e-10,0,9.8998919511697728e-09,9.9994426610117132e-07,9.9994426610117132e-07,0.00055847494947676673,0.18903868738066776,109.88513299964924,1.9031110870460154e-09,3.1485221990345766,1473177739.7724781,1150,0,0,0,0,0,0,0,0,0,0,-0.062710694025106317,0,0,"fit_100_R_037","fit_100","Relaxed"
"P06","R",38,1,1,1200,"",1199,0,100,0,0,0,0,0,0,0.0017306000000000001,0.0078327999999999991,1,1,39738.962176502755,48695.399781588159,0,7.5806573821059316e-10,0,9.896060771025578e-09,9.9974979963770723e-07,9.9974979963770723e-07,0.00055868571353933283,0.18782003069147235,109.30162254672067,3.0363129752163705e-09,3.1528097251803739,1031545010.9841607,1150,0,0,0,0,0,0,0,0,0,0,-0.06018560228665798,0,0,"fit_100_R_038","fit_100","Relaxed"
"P06","R",39,1,1,1200,"",1199,0,100,0,0,0,0,0,0,0.0016960999999999999,0.0084705000000000006,1,1,39239.059318240659,48585.218923760709,0,7.5296560749863884e-10,0,9.8900742493861932e-09,9.9944585579242528e-07,9.9944585579242528e-07,0.00055863095091743817,0.18717500284454441,108.83898604238721,2.0076177970895793e-09,3.1438801408052126,1394591515.0885065,1150,0,0,0,0,0,0,0,0,0,0,-0.054021750406009428,0,0,"fit_100_R_039","fit_100","Relaxed"
"P06","R",40,1,1,1200,"",1199,0,100,0,0,0,0,0,0,0.0021776499999999997,0.010052500000000001,1,1,39546.558312805399,49350.242211925732,0,7.5784362907598113e-10,0,9.8991399602374046e-09,9.9990609881277961e-07,9.9990609881277961e-07,0.00055869842424104458,0.18577420588849208,107.95606867750681,2.0021173222390945e-09,3.1478259669895623,1379043275.6648242,1150,0,0,0,0,0,0,0,0,0,0,-0.064685107404511499,0,0,"fit_100_R_040","fit_100","Relaxed"
"P06","S",0,0,1,1200,"",1199,0,100,0,0,0,0,0,0,0.00176775,0.010346299999999999,1,1,39870.989232721229,49277.964366277884,0,7.5234588327972206e-10,0,9.823640828666244e-09,9.9606680771269464e-07,9.9606680771269464e-07,0.00060566043373102565,0.10411559579923503,83.188972490771903,-9.4819636416395e-16,2.8473274877177204,9.9726845290550739e+19,1150,0,0,0,0,0,0,0,0,0,0,-0.066667624634322187,0,0,"fit_100_S_000","fit_100","Shared"
"P06","S",1,1,1,1200,"",1199,0,100,0,0,0,0,0,0,0.00199965,0.010240300000000001,1,1,39513.883470245724,49173.537279975521,0,7.6331809300617099e-10,0,9.8990712817036328e-09,9.9990261296330971e-07,9.9990261296330971e-07,0.00060548650092785369,0.10520697647779137,82.290754479011923,1.6766827948713666e-05,2.8460539865658538,122625.90290217195,1150,0,0,0,0,0,0,0,0,0,0,-0.066609337871095381,0,0,"fit_100_S_001","fit_100","Shared"
"P06","S",2,1,1,1200,"",1199,0,100,0,0,0,0,0,0,0.0017616000000000001,0.012449,1,1,39692.097394949087,49421.993435603785,0,7.6193050814439304e-10,0,9.8934197110483961e-09,9.9961572065421266e-07,9.9961572065421266e-07,0.00060557991858182017,0.10334379572142111,82.120305855654991,1.5279290705123359e-05,2.8477748362907382,111400.8841331171,1150,0,0,0,0,0,0,0,0,0,0,-0.07724689940515031,0,0,"fit_100_S_002","fit_100","Shared"
"P06","S",3,1,1,1200,"",1199,0,100,0,0,0,0,0,0,0.00180375,0.0091146999999999999,1,1,39800.543801516702,49614.144015991405,0,7.6355429637781129e-10,0,9.8978072070831063e-09,9.9983845142039831e-07,9.9983845142039831e-07,0.0006054615157128283,0.10467849857234116,82.376185434398693,2.2941163430674981e-05,2.8481664254422201,89562.950644520766,1150,0,0,0,0,0,0,0,0,0,0,-0.057883834842786752,0,0,"fit_100_S_003","fit_100","Shared"
"P06","S",4,1,1,1200,"",1199,0,100,0,0,0,0,0,0,0.0016776999999999999,0.0082143000000000008,1,1,39291.711943782415,49050.300939614361,0,7.6156636265549689e-10,0,9.8993143138616122e-09,9.9991494825614908e-07,9.9991494825614908e-07,0.0006059780288541211,0.10299699434913062,81.615009448047161,1.8349098362890448e-05,2.8446580027816664,111913.27733523854,1150,0,0,0,0,0,0,0,0,0,0,-0.072608998956887633,0,0,"fit_100_S_004","fit_100","Shared"
"P06","S",5,1,1,1200,"",1199,0,100,0,0,0,0,0,0,0.0016734499999999999,0.0085783999999999999,1,1,39686.079179690103,49699.154078150517,0,7.6082598632681647e-10,0,9.8986524968437318e-09,9.9988135684885436e-07,9.9988135684885436e-07,0.00060558864593417898,0.10340025181539922,81.385191973686418,1.0315843396211782e-05,2.8493979055329399,199314.41086386368,1150,0,0,0,0,0,0,0,0,0,0,-0.060585985721495206,0,0,"fit_100_S_005","fit_100","Shared"
"P06","S",6,1,1,1200,"",1199,0,100,0,0,0,0,0,0,0.0015968,0.0097108000000000003,1,1,39580.708068054053,49353.102750408259,0,7.6369749495876098e-10,0,9.8927137410788391e-09,9.99579877597736e-07,9.99579877597736e-07,0.0006054034337559125,0.10389118537655803,81.687503483897544,2.1052923474458308e-05,2.8496554600846675,97525.772087767909,1150,0,0,0,0,0,0,0,0,0,0,-0.072000599221547168,0,0,"fit_100_S_006","fit_100","Shared"
"P06","S",7,1,1,1200,"",1199,0,100,0,0,0,0,0,0,0.0016518500000000001,0.0100906,1,1,39279.751743783607,48521.415320607601,0,7.5867569548201175e-10,0,9.8972597972374973e-09,9.9981066488722009e-07,9.9981066488722009e-07,0.00060513317706659922,0.10475493945124699,82.255079382839099,1.6006545173942485e-05,2.8499137682245865,128808.38482482289,1150,0,0,0,0,0,0,0,0,0,0,-0.082385927345568072,0,0,"fit_100_S_007","fit_100","Shared"
"P06","S",8,1,1,1200,"",1199,0,100,0,0,0,0,0,0,0.0016431499999999999,0.0086411999999999999,1,1,39672.177427024319,49118.937571100287,0,7.6034734605390971e-10,0,9.8954045957698697e-09,9.9971648917001447e-07,9.9971648917001447e-07,0.00060558170460499002,0.10503656641519514,83.105688093614603,1.7232261114730397e-05,2.8493425235673349,99240.054305121128,1150,0,0,0,0,0,0,0,0,0,0,-0.06638635086292094,0,0,"fit_100_S_008","fit_100","Shared"
"P06","S",9,1,1,1200,"",1199,0,100,0,0,0,0,0,0,0.00160965,0.0104689,1,1,39684.085892698407,49327.697748611135,0,7.6213794717387218e-10,0,9.9002402449315606e-09,9.9996194325945177e-07,9.9996194325945177e-07,0.00060538623927410028,0.10408471021427015,82.080068391872373,2.3153688235966576e-05,2.8504968224600136,88785.759974005094,1150,0,0,0,0,0,0,0,0,0,0,-0.077050956025212947,0,0,"fit_100_S_009","fit_100","Shared"
"P06","S",10,1,1,1200,"",1199,0,100,0,0,0,0,0,0,0.00163175,0.0084705000000000006,1,1,39078.625154994828,48053.747968825483,0,7.5753641991656584e-10,0,9.8978547013653447e-09,9.9984086219511143e-07,9.9984086219511143e-07,0.00060547129318762154,0.10458869382959211,82.991618442736538,1.5918353647255786e-05,2.8483793535536863,129396.16574483336,1150,0,0,0,0,0,0,0,0,0,0,-0.069002401234715155,0,0,"fit_100_S_010","fit_100","Shared"
"P06","S",11,1,1,1200,"",1199,0,100,0,0,0,0,0,0,0.00160885,0.0084618999999999996,1,1,40131.9161615259,49650.700933147993,0,7.5156870371232385e-10,0,9.8969793144724919e-09,9.9979642728246558e-07,9.9979642728246558e-07,0.00060560209621591578,0.10515074487823628,82.399485986396357,1.4656294172983895e-05,2.8485182479377724,140149.84747514094,1150,0,0,0,0,0,0,0,0,0,0,-0.059681582750124862,0,0,"fit_100_S_011","fit_100","Shared"
"P06","S",12,1,1,1200,"",1199,0,100,0,0,0,0,0,0,0.0016508999999999999,0.0078685000000000005,1,1,40076.957648946714,49512.580737759265,0,7.548937986445365e-10,0,9.8996897916073971e-09,9.9993400563670106e-07,9.9993400563670106e-07,0.0006056013290806811,0.10337644081892483,81.638981160252555,1.9911577464634656e-05,2.8458816401901372,103045.2768225795,1150,0,0,0,0,0,0,0,0,0,0,-0.059278677661175505,0,0,"fit_100_S_012","fit_100","Shared"
"P06","S",13,1,1,1200,"",1199,0,100,0,0,0,0,0,0,0.001549,0.0076359000000000002,1,1,39346.628352008396,48792.255457997788,0,7.620216042551789e-10,0,9.8993447678970217e-09,9.9991649396465613e-07,9.9991649396465613e-07,0.00060544181101261521,0.10451443089770818,82.525569159014154,1.7070173156951042e-05,2.8520025997196199,120459.4913983968,1150,0,0,0,0,0,0,0,0,0,0,-0.076349563219857697,0,0,"fit_100_S_013","fit_100","Shared"
"P06","S",14,1,1,1200,"",1199,0,100,0,0,0,0,0,0,0.0016391499999999998,0.015059299999999999,1,1,39728.198379650014,49200.168334243754,0,7.5771494121348124e-10,0,9.8981726863695152e-09,9.9985700273174312e-07,9.9985700273174312e-07,0.00060531800382522126,0.10383137490630451,81.672372733891336,1.4285775277908999e-05,2.849351617017398,143982.11439797419,1150,0,0,0,0,0,0,0,0,0,0,-0.069822698955191498,0,0,"fit_100_S_014","fit_100","Shared"
"P06","S",15,1,1,1200,"",1199,0,100,0,0,0,0,0,0,0.0016053,0.0078128,1,1,39159.237906800779,48103.304669499215,0,7.6446168927952646e-10,0,9.899592976687622e-09,9.999290918277222e-07,9.999290918277222e-07,0.00060530617395413875,0.10319864197187564,81.926993648832834,1.7789177742640581e-05,2.8492283621432186,115537.39726723488,1150,0,0,0,0,0,0,0,0,0,0,-0.062320363614520202,0,0,"fit_100_S_015","fit_100","Shared"
"P06","S",16,1,1,1200,"",1199,0,100,0,0,0,0,0,0,0.0016303999999999999,0.0073422000000000001,1,1,39711.775351382501,48948.836855070695,0,7.6048339140243112e-10,0,9.9009836996174887e-09,9.9999967522284054e-07,9.9999967522284054e-07,0.00060557124574883259,0.10298845525533575,81.37961584934564,2.163263776168122e-05,2.8450450607435869,95030.974521747834,1150,0,0,0,0,0,0,0,0,0,0,-0.061077461721333826,0,0,"fit_100_S_016","fit_100","Shared"
"P06","S",17,1,1,1200,"",1199,0,100,0,0,0,0,0,0,0.0016072,0.007737,1,1,39861.034988025014,49467.144044801993,0,7.5792480304009305e-10,0,9.8987354426017469e-09,9.9988556693261472e-07,9.9988556693261472e-07,0.00060561355568933284,0.10439508286863294,82.301896982435764,1.6073572219555126e-05,2.8451396927273414,127772.37384854291,1150,0,0,0,0,0,0,0,0,0,0,-0.06444748409473175,0,0,"fit_100_S_017","fit_100","Shared"
"P06","S",18,1,1,1200,"",1199,0,100,0,0,0,0,0,0,0.0016129500000000001,0.0077707999999999996,1,1,39302.952636445421,48929.798694692799,0,7.6113825675877758e-10,0,9.8970746989625897e-09,9.9980126912346754e-07,9.9980126912346754e-07,0.00060560016921901085,0.10390525863968555,82.439421572331497,1.2134759028423938e-05,2.8475072368666559,169727.90960016919,1150,0,0,0,0,0,0,0,0,0,0,-0.068224746566174277,0,0,"fit_100_S_018","fit_100","Shared"
"P06","S",19,1,1,1200,"",1199,0,100,0,0,0,0,0,0,0.0016145,0.0082199999999999999,1,1,39300.155669762476,48443.824381026752,0,7.613911478663649e-10,0,9.8961265402032297e-09,9.9975313832273987e-07,9.9975313832273987e-07,0.00060543806161105006,0.10396954456919058,82.30134442344459,2.5060466993249742e-05,2.8505963485558756,82031.782914916068,1150,0,0,0,0,0,0,0,0,0,0,-0.061376952737048879,0,0,"fit_100_S_019","fit_100","Shared"
"P06","S",20,1,1,1200,"",1199,0,100,0,0,0,0,0,0,0.00169845,0.012396300000000001,1,1,39569.066494354513,48749.123852460805,0,7.6022824843984548e-10,0,9.9008357036688349e-09,9.999921642141652e-07,9.999921642141652e-07,0.00060578572185894324,0.10434537987882596,82.426763213196594,2.1306343726364743e-05,2.8446033476658141,96422.155616047909,1150,0,0,0,0,0,0,0,0,0,0,-0.065269455462830722,0,0,"fit_100_S_020","fit_100","Shared"
"P06","S",21,1,1,1200,"",1199,0,100,0,0,0,0,0,0,0.0016748000000000002,0.012317099999999999,1,1,39341.268228145665,48601.831306529006,0,7.6676621316243091e-10,0,9.8971676603809981e-09,9.9980598794398344e-07,9.9980598794398344e-07,0.00060568595630622248,0.10254627087692753,80.965082547304476,2.028988266977063e-05,2.8502284615438835,85718.518678093897,1150,0,0,0,0,0,0,0,0,0,0,-0.066169365305969646,0,0,"fit_100_S_021","fit_100","Shared"
"P06","S",22,1,1,1200,"",1199,0,100,0,0,0,0,0,0,0.00161915,0.0090845000000000006,1,1,39375.194776334771,49213.240598230383,0,7.6219820061078154e-10,0,9.900028581017426e-09,9.9995120059294314e-07,9.9995120059294314e-07,0.00060561674517728046,0.10409715286292581,82.149953658285341,1.8874470103480756e-05,2.8502083613814029,109007.0918821002,1150,0,0,0,0,0,0,0,0,0,0,-0.069711318041195736,0,0,"fit_100_S_022","fit_100","Shared"
"P06","S",23,1,1,1200,"",1199,0,100,0,0,0,0,0,0,0.0018135,0.011471,1,1,39609.180036017759,49186.043820406565,0,7.6071916168849092e-10,0,9.8995150680790442e-09,9.9992513758501767e-07,9.9992513758501767e-07,0.00060546984757685633,0.10327773671327076,81.940123992181356,1.6266697891075357e-05,2.848310794799318,126295.11557974934,1150,0,0,0,0,0,0,0,0,0,0,-0.066581996226533546,0,0,"fit_100_S_023","fit_100","Shared"
"P06","S",24,1,1,1200,"",1199,0,100,0,0,0,0,0,0,0.0027299000000000004,0.0086823000000000004,1,1,39485.601781025165,49265.314466380129,0,7.6317524440551445e-10,0,9.9002747969695073e-09,9.9996369688260259e-07,9.9996369688260259e-07,0.0006052709355031606,0.10430830404932645,82.093350172897487,1.4014559931929902e-05,2.8508109065245928,146689.03444587061,1150,0,0,0,0,0,0,0,0,0,0,-0.078618670430964377,0,0,"fit_100_S_024","fit_100","Shared"
"P06","S",25,1,1,1200,"",1199,0,100,0,0,0,0,0,0,0.0020330000000000001,0.0085968999999999993,1,1,39337.718068854301,48711.973235388359,0,7.6125895543070293e-10,0,9.8938640713522063e-09,9.9963828078251008e-07,9.9963828078251008e-07,0.00060505447516079249,0.10501378575710663,82.873487372687975,2.0641122085953388e-05,2.849019539442383,92804.284917251658,1150,0,0,0,0,0,0,0,0,0,0,-0.073219780426537789,0,0,"fit_100_S_025","fit_100","Shared"
"P06","S",26,1,1,1200,"",1199,0,100,0,0,0,0,0,0,0.0021834000000000003,0.0104396,1,1,39360.484602507509,48790.45244435007,0,7.6001577435087294e-10,0,9.8997470438670999e-09,9.9993691144485377e-07,9.9993691144485377e-07,0.00060539747160349652,0.10498328017686832,82.371358820415068,1.6738302197362228e-05,2.8473982893596834,122777.04262430454,1150,0,0,0,0,0,0,0,0,0,0,-0.076549060746967823,0,0,"fit_100_S_026","fit_100","Shared"
"P06","S",27,1,1,1200,"",1199,0,100,0,0,0,0,0,0,0.0021048500000000001,0.0104662,1,1,39743.267596343896,49204.480238711098,0,7.5775589942319994e-10,0,9.8960619206324169e-09,9.9974985799606379e-07,9.9974985799606379e-07,0.00060526666860291557,0.10496840161801052,82.752325631131299,2.2603924817683657e-05,2.8517605461671716,89608.927932561477,1150,0,0,0,0,0,0,0,0,0,0,-0.060812171070235232,0,0,"fit_100_S_027","fit_100","Shared"
"P06","S",28,1,1,1200,"",1199,0,100,0,0,0,0,0,0,0.0019645499999999998,0.016757000000000001,1,1,39421.046813646128,48690.755892781264,0,7.597777629830088e-10,0,9.8983277650085551e-09,9.9986487424393808e-07,9.9986487424393808e-07,0.0006054492656579971,0.10470220255323893,81.974518891791533,2.0166080903810489e-05,2.8495368973182242,93426.381000026973,1150,0,0,0,0,0,0,0,0,0,0,-0.059597514316197864,0,0,"fit_100_S_028","fit_100","Shared"
"P06","S",29,1,1,1200,"",1199,0,100,0,0,0,0,0,0,0.0019992999999999999,0.0082904999999999993,1,1,39685.295014646967,49450.59257095278,0,7.6108705444512623e-10,0,9.8996862072121218e-09,9.9993382371233918e-07,9.9993382371233918e-07,0.00060568507178725259,0.10390730222236233,82.095475567208027,1.7394186187225823e-05,2.8468046927928188,107611.60413981139,1150,0,0,0,0,0,0,0,0,0,0,-0.066298535712659201,0,0,"fit_100_S_029","fit_100","Shared"
"P06","S",30,1,1,1200,"",1199,0,100,0,0,0,0,0,0,0.0020495499999999998,0.0087253999999999995,1,1,39472.836004422294,48571.043530810333,0,7.6228495881134864e-10,0,9.8981314873883834e-09,9.9985491153545037e-07,9.9985491153545037e-07,0.00060554005836698844,0.10450367895347348,82.238005302986423,2.259383256180157e-05,2.8485056814491947,90885.864623910355,1150,0,0,0,0,0,0,0,0,0,0,-0.053266550760669218,0,0,"fit_100_S_030","fit_100","Shared"
"P06","S",31,1,1,1200,"",1199,0,100,0,0,0,0,0,0,0.0020625000000000001,0.012861600000000001,1,1,39649.898109754737,48974.609685368785,0,7.6137077063174352e-10,0,9.9003734221093078e-09,9.9996870239779645e-07,9.9996870239779645e-07,0.00060558796606693325,0.10226741320862634,81.468627660833349,1.879049477584001e-05,2.8451353262395069,109275.4459759798,1150,0,0,0,0,0,0,0,0,0,0,-0.072865973332313594,0,0,"fit_100_S_031","fit_100","Shared"
"P06","S",32,1,1,1200,"",1199,0,100,0,0,0,0,0,0,0.0021121999999999998,0.012398299999999999,1,1,39684.200711601661,49000.75505749436,0,7.6135212194686914e-10,0,9.8999680944581007e-09,9.999481306725963e-07,9.999481306725963e-07,0.00060538196201813887,0.10448128431524736,82.524642323942814,1.9415336908696745e-05,2.8480336679318974,92891.018898639173,1150,0,0,0,0,0,0,0,0,0,0,-0.07205682014289605,0,0,"fit_100_S_032","fit_100","Shared"
"P06","S",33,1,1,1200,"",1199,0,100,0,0,0,0,0,0,0.0019116000000000001,0.010456399999999999,1,1,39384.89144645253,49090.404362988673,0,7.6146669624542672e-10,0,9.9005624822616312e-09,9.9997829768616689e-07,9.9997829768616689e-07,0.00060564037805294513,0.10366701056324577,82.010107237661259,1.9049597591851478e-05,2.8445946465901613,107916.5415916598,1150,0,0,0,0,0,0,0,0,0,0,-0.066724671075112096,0,0,"fit_100_S_033","fit_100","Shared"
"P06","S",34,1,1,1200,"",1199,0,100,0,0,0,0,0,0,0.00188915,0.0086698999999999995,1,1,39464.722431140923,48748.010159784819,0,7.6247486851657517e-10,0,9.8974572033102521e-09,9.9982068531056581e-07,9.9982068531056581e-07,0.00060513493184092214,0.10373572264516956,82.258740211793977,2.0726182234551171e-05,2.8507983771313978,99153.577022446028,1150,0,0,0,0,0,0,0,0,0,0,-0.071971271971692674,0,0,"fit_100_S_034","fit_100","Shared"
"P06","S",35,1,1,1200,"",1199,0,100,0,0,0,0,0,0,0.0019455499999999999,0.0091243999999999995,1,1,39664.372452431111,49223.471379619608,0,7.6509879820553765e-10,0,9.8965061299068099e-09,9.9977240747571393e-07,9.9977240747571393e-07,0.00060547585772553606,0.10417690985867815,82.52962202392051,2.0110067494706949e-05,2.8478269270482124,102258.26834823827,1150,0,0,0,0,0,0,0,0,0,0,-0.059612361475427422,0,0,"fit_100_S_035","fit_100","Shared"
"P06","S",36,1,1,1200,"",1199,0,100,0,0,0,0,0,0,0.0019758500000000003,0.01043,1,1,39891.905941618024,49457.474365829716,0,7.5930006794607089e-10,0,9.894099856749096e-09,9.9965025137989829e-07,9.9965025137989829e-07,0.00060565248779695857,0.10364787378473436,82.063568430074397,2.3936825708612388e-05,2.8489356140065256,85915.008963931556,1150,0,0,0,0,0,0,0,0,0,0,-0.075721134251679839,0,0,"fit_100_S_036","fit_100","Shared"
"P06","S",37,1,1,1200,"",1199,0,100,0,0,0,0,0,0,0.0018839500000000001,0.0111407,1,1,39321.954480916385,48754.989048588817,0,7.6120035448187241e-10,0,9.9008704892520359e-09,9.9999392963787537e-07,9.9999392963787537e-07,0.00060543974065399456,0.10369635875609454,82.352956273045834,1.7203189186716333e-05,2.8476717713920814,119550.04195156148,1150,0,0,0,0,0,0,0,0,0,0,-0.062635689884692647,0,0,"fit_100_S_037","fit_100","Shared"
"P06","S",38,1,1,1200,"",1199,0,100,0,0,0,0,0,0,0.0019023999999999998,0.0078139000000000004,1,1,39803.154757342912,48934.699658806727,0,7.5781698933891271e-10,0,9.9004065949740257e-09,9.9997038601243772e-07,9.9997038601243772e-07,0.00060557117791046821,0.10368691664944027,81.967794004900938,1.9084428297938425e-05,2.8505494510151115,107595.48773403151,1150,0,0,0,0,0,0,0,0,0,0,-0.060014015966921574,0,0,"fit_100_S_038","fit_100","Shared"
"P06","S",39,1,1,1200,"",1199,0,100,0,0,0,0,0,0,0.0018521,0.01643,1,1,39243.211721258071,48567.218293897735,0,7.6277487728649497e-10,0,9.9009480910428107e-09,9.9999786804118788e-07,9.9999786804118788e-07,0.00060550314114616579,0.10348737271810331,82.515446095298131,1.939161343714657e-05,2.8454900840807036,105962.58930366993,1150,0,0,0,0,0,0,0,0,0,0,-0.053705290370828274,0,0,"fit_100_S_039","fit_100","Shared"
"P06","S",40,1,1,1200,"",1199,0,100,0,0,0,0,0,0,0.0019884,0.0128421,1,1,39568.284468843951,49446.338454559707,0,7.5944514855069065e-10,0,9.8989996281983271e-09,9.9989897610336284e-07,9.9989897610336284e-07,0.00060557966702212511,0.1037183176993626,81.97472045819444,1.6813395470688115e-05,2.8475034086017321,122345.51133093268,1150,0,0,0,0,0,0,0,0,0,0,-0.064263071958943596,0,0,"fit_100_S_040","fit_100","Shared"
"P06","W",0,0,1,1200,"",1199,0,100,0,0,0,0,0,0,0.0019287499999999999,0.015003600000000001,1,1,47880.453924099966,72805.893078839406,0,4.9271134250133153e-10,0,9.9000406014527068e-09,9.9995181067411928e-07,9.9995181067411928e-07,0.00068230489583191571,0.105296708969287,65.805544316307305,-6.3752537407192661e-16,2.6529172738841877,9.1153382494898084e+18,1150,0,0,0,0,0,0,0,0,0,0,-0.12343649530556716,0,0,"fit_100_W_000","fit_100","Incorrectly shared"
"P06","W",1,1,1,1200,"",1199,0,100,0,0,0,0,0,0,0.0019627000000000004,0.0098498000000000006,1,1,47499.75052527256,71580.428221328024,0,4.9238349191310357e-10,0,9.8865113483815881e-09,9.9926491922922365e-07,9.9926491922922365e-07,0.00068232533968540015,0.10653800057383442,65.379445073567311,5.0296081039494486e-05,2.6562436096535627,47517.892314851568,1150,0,0,0,0,0,0,0,0,0,0,-0.12112174927874644,0,0,"fit_100_W_001","fit_100","Incorrectly shared"
"P06","W",2,1,1,1200,"",1199,0,100,0,0,0,0,0,0,0.0018185,0.0081601,1,1,47903.99658141593,72500.207916805302,0,4.9231477004800489e-10,0,9.8974827080707194e-09,9.9982197993675718e-07,9.9982197993675718e-07,0.00068238346887955405,0.10443408268941133,64.825874835220333,3.0259864217522858e-05,2.654351418254064,62331.446931561586,1150,0,0,0,0,0,0,0,0,0,0,-0.1458928661784262,0,0,"fit_100_W_002","fit_100","Incorrectly shared"
"P06","W",3,1,1,1200,"",1199,0,100,0,0,0,0,0,0,0.0019423000000000001,0.0108241,1,1,47962.790259063724,71941.667548114812,0,4.9537055300959862e-10,0,9.8878105760886253e-09,9.9933090229090624e-07,9.9933090229090624e-07,0.0006822444053987915,0.10596423697503866,65.408656700683039,3.2545402690185865e-05,2.6550173185625301,71780.399208020055,1150,0,0,0,0,0,0,0,0,0,0,-0.10987742764208597,0,0,"fit_100_W_003","fit_100","Incorrectly shared"
"P06","W",4,1,1,1200,"",1199,0,100,0,0,0,0,0,0,0.0018373,0.011105500000000001,1,1,47599.978476036646,71985.34122473422,0,4.8069350288098198e-10,0,9.8948022863724195e-09,9.996859122179929e-07,9.996859122179929e-07,0.00068236614057239357,0.10430284835677225,64.890210606855035,3.2329672710985002e-05,2.6533172236652796,76487.047508834439,1150,0,0,0,0,0,0,0,0,0,0,-0.13738928592670718,0,0,"fit_100_W_004","fit_100","Incorrectly shared"
"P06","W",5,1,1,1200,"",1199,0,100,0,0,0,0,0,0,0.00179905,0.0083648999999999998,1,1,47972.378327949176,71503.956914939292,0,4.9174198572362003e-10,0,9.8971183690129016e-09,9.9980348586442252e-07,9.9980348586442252e-07,0.00068231038335647123,0.10448125029493471,64.71920861826051,4.525547276367919e-05,2.6532463285961732,55507.374154360492,1150,0,0,0,0,0,0,0,0,0,0,-0.10974609079019026,0,0,"fit_100_W_005","fit_100","Incorrectly shared"
"P06","W",6,1,1,1200,"",1199,0,100,0,0,0,0,0,0,0.0017664,0.0086285000000000008,1,1,47721.733179818912,71487.267443942124,0,4.9140157789159725e-10,0,9.877549242408757e-09,9.9880964940104451e-07,9.9880964940104451e-07,0.00068224663451282776,0.10538933723729449,64.896703154821481,3.5189584599215172e-05,2.6559470977108783,53574.171973696328,1150,0,0,0,0,0,0,0,0,0,0,-0.1331117856599347,0,0,"fit_100_W_006","fit_100","Incorrectly shared"
"P06","W",7,1,1,1200,"",1199,0,100,0,0,0,0,0,0,0.00185305,0.0105743,1,1,47280.076393621595,71861.515498036679,0,4.8323475923059847e-10,0,9.8636451121110086e-09,9.9810292266158867e-07,9.9810292266158867e-07,0.00068215881599771003,0.10597089398232334,65.244329717941142,3.0250421772044201e-05,2.6614141271705272,62388.476690047013,1150,0,0,0,0,0,0,0,0,0,0,-0.15165862108512973,0,0,"fit_100_W_007","fit_100","Incorrectly shared"
"P06","W",8,1,1,1200,"",1199,0,100,0,0,0,0,0,0,0.0018289000000000001,0.0126386,1,1,47724.402580477588,71603.908971757264,0,4.8420452681178056e-10,0,9.8496150324598612e-09,9.9738929402195202e-07,9.9738929402195202e-07,0.00068233090184866561,0.10655817927635128,65.716988666319779,3.2510377207617123e-05,2.6547371531318911,76564.741618806875,1150,0,0,0,0,0,0,0,0,0,0,-0.12182253689336564,0,0,"fit_100_W_008","fit_100","Incorrectly shared"
"P06","W",9,1,1,1200,"",1199,0,100,0,0,0,0,0,0,0.00162335,0.0077510000000000001,1,1,47807.315340475383,72321.295700079252,0,4.8827023845177499e-10,0,9.8494200244137255e-09,9.9737939191435583e-07,9.9707259642792662e-07,0.00068222932821236713,0.10582441753266196,65.168462641020682,3.1117527482213609e-05,2.6547884245572662,60780.774659557515,1150,0,0,0,0,0,0,0,0,0,0,-0.14544580567473175,0,0,"fit_100_W_009","fit_100","Incorrectly shared"
"P06","W",10,1,1,1200,"",1199,0,100,0,0,0,0,0,0,0.00163215,0.012971699999999999,1,1,47019.569381489469,71116.710626243002,0,4.9378845198147283e-10,0,9.8913003026840924e-09,9.9950811160052477e-07,9.9950811160052477e-07,0.00068236401842533025,0.10555949165860512,65.302403994641395,4.0632584575192262e-05,2.6596867175375101,57761.174723945274,1150,0,0,0,0,0,0,0,0,0,0,-0.1291851951979289,0,0,"fit_100_W_010","fit_100","Incorrectly shared"
"P06","W",11,1,1,1200,"",1199,0,100,0,0,0,0,0,0,0.0019218,0.0098715000000000001,1,1,48258.595778133618,72621.771215987188,0,4.9152572638466513e-10,0,9.8995019588952011e-09,9.999244722283389e-07,9.999244722283389e-07,0.00068245050821002899,0.10623310044197835,65.306479541866949,3.3951218948552106e-05,2.6521823825596158,74792.450513028642,1150,0,0,0,0,0,0,0,0,0,0,-0.10799760291312044,0,0,"fit_100_W_011","fit_100","Incorrectly shared"
"P06","W",12,1,1,1200,"",1199,0,100,0,0,0,0,0,0,0.0018221999999999999,0.013372800000000001,1,1,48227.49897033973,73217.624694935628,0,4.9226936831153482e-10,0,9.879308726380781e-09,9.9889904630197446e-07,9.9889904630197446e-07,0.00068219420514954818,0.10452399466483869,64.325084543216178,3.1541116047064673e-05,2.6582930987068862,59895.342970944977,1150,0,0,0,0,0,0,0,0,0,0,-0.1135950492795661,0,0,"fit_100_W_012","fit_100","Incorrectly shared"
"P06","W",13,1,1,1200,"",1199,0,100,0,0,0,0,0,0,0.0017347,0.0070746000000000003,1,1,47557.218923532208,71459.015323872503,0,4.6331511237401481e-10,0,9.8877058181860069e-09,9.9932558217619869e-07,9.9932558217619869e-07,0.00068233308877732178,0.10559565230070339,65.298294636302316,3.006254035233331e-05,2.6585250161099694,83042.002381499769,1150,0,0,0,0,0,0,0,0,0,0,-0.1422779720085347,0,0,"fit_100_W_013","fit_100","Incorrectly shared"
"P06","W",14,1,1,1200,"",1199,0,100,0,0,0,0,0,0,0.0017833,0.012458800000000001,1,1,47934.087031864517,72238.983012910379,0,4.9375589275255873e-10,0,9.8881042555511312e-09,9.9934581661060432e-07,9.9934581661060432e-07,0.00068220147837318396,0.10510241103254288,64.914824615431982,3.4852294183649959e-05,2.6573812605169826,55039.707417036116,1150,0,0,0,0,0,0,0,0,0,0,-0.13032582208626836,0,0,"fit_100_W_014","fit_100","Incorrectly shared"
"P06","W",15,1,1,1200,"",1199,0,100,0,0,0,0,0,0,0.00182135,0.011855299999999999,1,1,47157.502353338466,70967.182175999042,0,4.8898108880011569e-10,0,9.8974347284122301e-09,9.9981954447935702e-07,9.9981954447935702e-07,0.00068213730402430929,0.10457593434987894,65.095458796172053,2.5972068961722415e-05,2.6540603028096155,72488.889497965865,1150,0,0,0,0,0,0,0,0,0,0,-0.11444810900710034,0,0,"fit_100_W_015","fit_100","Incorrectly shared"
"P06","W",16,1,1,1200,"",1199,0,100,0,0,0,0,0,0,0.0017412999999999999,0.015971200000000001,1,1,47615.988497727143,72568.510202572419,0,4.9275499266371004e-10,0,9.9003074824519685e-09,9.9996535576945125e-07,9.9996535576945125e-07,0.0006822711141109475,0.10443181017035902,64.467226401071969,3.9609598591754309e-05,2.6565734339947769,53308.665705528168,1150,0,0,0,0,0,0,0,0,0,0,-0.11405108248557971,0,0,"fit_100_W_016","fit_100","Incorrectly shared"
"P06","W",17,1,1,1200,"",1199,0,100,0,0,0,0,0,0,0.0016829,0.011470899999999999,1,1,48092.647398438225,72291.997992854798,0,4.9393795165912157e-10,0,9.8804159551667331e-09,9.9895529899559441e-07,9.9895529899559441e-07,0.0006822862143609649,0.10541057117843208,64.987112381322603,4.1196950306154152e-05,2.6531898657121848,60092.999211327719,1150,0,0,0,0,0,0,0,0,0,0,-0.11782673977414609,0,0,"fit_100_W_017","fit_100","Incorrectly shared"
"P06","W",18,1,1,1200,"",1199,0,100,0,0,0,0,0,0,0.0016297500000000001,0.0079410999999999995,1,1,47275.508116321682,71486.405389956388,0,4.8121791198976468e-10,0,9.8283412359957189e-09,9.963062588820128e-07,9.963062588820128e-07,0.00068247729782542938,0.10526678037872328,65.116375109190756,3.4028796133161471e-05,2.6602254918488581,72877.35081298383,1150,0,0,0,0,0,0,0,0,0,0,-0.1303283415202045,0,0,"fit_100_W_018","fit_100","Incorrectly shared"
"P06","W",19,1,1,1200,"",1199,0,100,0,0,0,0,0,0,0.00164515,0.0082585999999999996,1,1,47078.168001167833,72145.714834568964,0,4.9490185948085279e-10,0,9.8870810680527566e-09,9.9929385375281212e-07,9.9929385375281212e-07,0.0006821556702783653,0.10539572052051288,65.08221642202156,3.090604210138321e-05,2.6552382491783368,65523.608276141211,1150,0,0,0,0,0,0,0,0,0,0,-0.11573438782246284,0,0,"fit_100_W_019","fit_100","Incorrectly shared"
"P06","W",20,1,1,1200,"",1199,0,100,0,0,0,0,0,0,0.0016521999999999999,0.0101872,1,1,47496.213002263044,72380.431110397563,0,4.9342891854025449e-10,0,9.8824010799787112e-09,9.9905614533292243e-07,9.9905614533292243e-07,0.00068241726611387827,0.10570911335936625,65.191728122836665,4.2835250300715422e-05,2.6543106446121034,44935.979970590866,1150,0,0,0,0,0,0,0,0,0,0,-0.11872385994460641,0,0,"fit_100_W_020","fit_100","Incorrectly shared"
"P06","W",21,1,1,1200,"",1199,0,100,0,0,0,0,0,0,0.0015884499999999999,0.0098569,1,1,47403.21971329621,72086.220886524417,0,4.8954460161290155e-10,0,9.8773440879531452e-09,9.987992252791483e-07,9.987992252791483e-07,0.00068220861145539588,0.10406573074696482,64.18602887358729,4.5432694325560169e-05,2.6551438811191796,55251.47573953191,1150,0,0,0,0,0,0,0,0,0,0,-0.1239886672910111,0,0,"fit_100_W_021","fit_100","Incorrectly shared"
"P06","W",22,1,1,1200,"",1199,0,100,0,0,0,0,0,0,0.0016397500000000001,0.0107809,1,1,47817.471698419766,71579.242569707203,0,4.711579856841928e-10,0,9.8491339796653701e-09,9.9736481674123475e-07,9.9736481674123475e-07,0.00068242272569435803,0.10582073016947172,65.214870340677393,4.0436590516600141e-05,2.6547829903548319,56468.883051978584,1150,0,0,0,0,0,0,0,0,0,0,-0.12751450448063875,0,0,"fit_100_W_022","fit_100","Incorrectly shared"
"P06","W",23,1,1,1200,"",1199,0,100,0,0,0,0,0,0,0.0017160999999999999,0.0072819,1,1,47625.286424692778,72883.907277685139,0,4.8292470979979491e-10,0,9.8999169947710085e-09,9.9994553716408284e-07,9.9994553716408284e-07,0.0006821324392453235,0.10503687011040083,65.0348336474852,2.5767439918412095e-05,2.6546128536063596,73435.912204469045,1150,0,0,0,0,0,0,0,0,0,0,-0.12271619592025557,0,0,"fit_100_W_023","fit_100","Incorrectly shared"
"P06","W",24,1,1,1200,"",1199,0,100,0,0,0,0,0,0,0.0016988999999999999,0.0138873,1,1,47602.990219600848,72534.805942922525,0,4.9295523827945555e-10,0,9.8958521267285041e-09,9.9973920801409999e-07,9.9973920801409999e-07,0.00068222464723925519,0.10525807685260932,64.959169366586394,3.1444277228583547e-05,2.6592716534396823,64622.599585063603,1150,0,0,0,0,0,0,0,0,0,0,-0.15052851821049962,0,0,"fit_100_W_024","fit_100","Incorrectly shared"
"P06","W",25,1,1,1200,"",1199,0,100,0,0,0,0,0,0,0.0017119500000000001,0.013442300000000001,1,1,47375.825741874949,71673.034644469779,0,4.8893293404162609e-10,0,9.8898790957939858e-09,9.9943594604646915e-07,9.9943594604646915e-07,0.0006821337954650272,0.1065772752941456,65.452213975205268,4.4724575608226157e-05,2.6595231770964354,55357.450972827399,1150,0,0,0,0,0,0,0,0,0,0,-0.13586035311955869,0,0,"fit_100_W_025","fit_100","Incorrectly shared"
"P06","W",26,1,1,1200,"",1199,0,100,0,0,0,0,0,0,0.0016829499999999999,0.0087872000000000002,1,1,47705.380440657187,71774.022319493204,0,4.8872650396748697e-10,0,9.8843415055330234e-09,9.9915471121132544e-07,9.9915471121132544e-07,0.00068227528447244677,0.10637084620278796,65.326490491006453,3.7595563909852341e-05,2.6539554937489487,59313.985408680004,1150,0,0,0,0,0,0,0,0,0,0,-0.14385108067400568,0,0,"fit_100_W_026","fit_100","Incorrectly shared"
"P06","W",27,1,1,1200,"",1199,0,100,0,0,0,0,0,0,0.0017790499999999999,0.012630000000000001,1,1,48171.527067969953,72593.548459250465,0,4.9386560944229628e-10,0,9.8728409008107684e-09,9.9857038641974082e-07,9.9857038641974082e-07,0.0006821730963364797,0.10600419404771869,65.490349366799549,4.0043663328061339e-05,2.655239843121421,65712.56188254038,1150,0,0,0,0,0,0,0,0,0,0,-0.11175177896681515,0,0,"fit_100_W_027","fit_100","Incorrectly shared"
"P06","W",28,1,1,1200,"",1199,0,100,0,0,0,0,0,0,0.0016174499999999999,0.0079191999999999995,1,1,47509.369600400263,71046.283476793455,0,4.9101319163230103e-10,0,9.8942216037604295e-09,9.9965643230308117e-07,9.9965643230308117e-07,0.00068224385662672238,0.10634100737747726,65.14675963949324,4.6430323810067438e-05,2.6540219293787923,50022.645695322921,1150,0,0,0,0,0,0,0,0,0,0,-0.10910123978610581,0,0,"fit_100_W_028","fit_100","Incorrectly shared"
"P06","W",29,1,1,1200,"",1199,0,100,0,0,0,0,0,0,0.0016589999999999999,0.0120357,1,1,47812.482923771022,71430.628452696386,0,4.9110897685725762e-10,0,9.8983744857407568e-09,9.9986724569213395e-07,9.9986724569213395e-07,0.00068233884377565633,0.10537878495734609,65.221051845203107,3.4206202781842449e-05,2.6538401090581099,73239.780073514077,1150,0,0,0,0,0,0,0,0,0,0,-0.12240913785657831,0,0,"fit_100_W_029","fit_100","Incorrectly shared"
"P06","W",30,1,1,1200,"",1199,0,100,0,0,0,0,0,0,0.0016435999999999998,0.0091067000000000006,1,1,47888.160425773021,71929.935086279744,0,4.9056509490928441e-10,0,9.8807864013522027e-09,9.9897411879564135e-07,9.9897411879564135e-07,0.00068230381494928881,0.10552873152346126,65.322605175413585,3.7151161580423477e-05,2.6570564420417644,67393.201964770356,1150,0,0,0,0,0,0,0,0,0,0,-0.096171394042802116,0,0,"fit_100_W_030","fit_100","Incorrectly shared"
"P06","W",31,1,1,1200,"",1199,0,100,0,0,0,0,0,0,0.0019263499999999999,0.012532700000000001,1,1,47509.671924842201,71833.737664928762,0,4.897713663686597e-10,0,9.9674926464492295e-09,9.9977430584033843e-07,9.9977430584033843e-07,0.00068213683091811715,0.1036094767187524,64.717073030684418,4.3412824975937007e-05,2.6553009164094923,56263.818092676534,1150,0,0,0,0,0,0,0,0,0,0,-0.13452186273008548,0,0,"fit_100_W_031","fit_100","Incorrectly shared"
"P06","W",32,1,1,1200,"",1199,0,100,0,0,0,0,0,0,0.0017239500000000001,0.0083356999999999997,1,1,47520.751046222031,71902.839368990535,0,4.8130249937928786e-10,0,9.8723344343665252e-09,9.9854464603741621e-07,9.9854464603741621e-07,0.00068239286139225948,0.10601585830572846,65.323011353158051,3.8801598841567172e-05,2.6574619200428407,64031.383394917102,1150,0,0,0,0,0,0,0,0,0,0,-0.12948221788494502,0,0,"fit_100_W_032","fit_100","Incorrectly shared"
"P06","W",33,1,1,1200,"",1199,0,100,0,0,0,0,0,0,0.0020067000000000002,0.0088669999999999999,1,1,47534.877742137149,72137.561785100057,0,4.8374839721657014e-10,0,9.8435225956984676e-09,9.9707925046180666e-07,9.9707925046180666e-07,0.00068237674274203373,0.10512882350805004,64.88940586539475,3.9021139210573141e-05,2.6564309671321422,53914.421872666426,1150,0,0,0,0,0,0,0,0,0,0,-0.12226417468045361,0,0,"fit_100_W_033","fit_100","Incorrectly shared"
"P06","W",34,1,1,1200,"",1199,0,100,0,0,0,0,0,0,0.00179415,0.012273299999999999,1,1,47657.601750903683,72394.722722427134,0,4.9006112669415472e-10,0,9.894857515496861e-09,9.9968871602848876e-07,9.9968871602848876e-07,0.0006821508191472204,0.10463447454230548,64.783134536094977,3.6078864804438092e-05,2.6594311586036214,52444.834404875663,1150,0,0,0,0,0,0,0,0,0,0,-0.1366555047801771,0,0,"fit_100_W_034","fit_100","Incorrectly shared"
"P06","W",35,1,1,1200,"",1199,0,100,0,0,0,0,0,0,0.0017263000000000001,0.012874999999999999,1,1,47869.063573922278,72130.007965239842,0,4.9099134008983507e-10,0,9.8944394011888226e-09,9.9966748947580112e-07,9.9966748947580112e-07,0.00068236927902155006,0.10526176770306836,65.173585617007461,4.0338727119222884e-05,2.6581159417647675,53674.007297169854,1150,0,0,0,0,0,0,0,0,0,0,-0.10886905340570988,0,0,"fit_100_W_035","fit_100","Incorrectly shared"
"P06","W",36,1,1,1200,"",1199,0,100,0,0,0,0,0,0,0.0017236,0.0089321000000000001,1,1,47907.095837245608,71848.424491730708,0,4.9101534240277506e-10,0,9.8854387103997363e-09,9.9921044060265639e-07,9.9921044060265639e-07,0.00068232001128949238,0.10495474386579567,64.895199579154294,3.3697195156790406e-05,2.6577965740451783,70649.970003826995,1150,0,0,0,0,0,0,0,0,0,0,-0.14171733266512118,0,0,"fit_100_W_036","fit_100","Incorrectly shared"
"P06","W",37,1,1,1200,"",1199,0,100,0,0,0,0,0,0,0.0016970499999999999,0.0070993999999999996,1,1,47360.866621738882,72323.871019877435,0,4.8683989896655354e-10,0,9.8018692481512724e-09,9.9495696534926902e-07,9.9495696534926902e-07,0.00068232542266809715,0.10532215108582652,64.991027286329725,2.8717310040150054e-05,2.6581559752162005,86788.777808285755,1150,0,0,0,0,0,0,0,0,0,0,-0.11537898666773916,0,0,"fit_100_W_037","fit_100","Incorrectly shared"
"P06","W",38,1,1,1200,"",1199,0,100,0,0,0,0,0,0,0.0016626,0.0133052,1,1,47659.059673294076,71607.507871100053,0,4.915885653697465e-10,0,9.820959534013112e-09,9.9593019007193501e-07,9.9593019007193501e-07,0.00068227641430369313,0.10501267203940015,65.06858479314343,3.6592030080913486e-05,2.6538843952108806,64897.964642494764,1150,0,0,0,0,0,0,0,0,0,0,-0.1150046247072285,0,0,"fit_100_W_038","fit_100","Incorrectly shared"
"P06","W",39,1,1,1200,"",1199,0,100,0,0,0,0,0,0,0.0015877,0.0069164999999999999,1,1,47468.812720602873,71692.269558832268,0,4.9108200997020266e-10,0,9.8899859322907092e-09,9.9944137113176461e-07,9.9944137113176461e-07,0.00068228814683095546,0.10454520078454242,65.239170489084302,3.4443895152143038e-05,2.6562965267484007,72026.119156464876,1150,0,0,0,0,0,0,0,0,0,0,-0.10173519312173845,0,0,"fit_100_W_039","fit_100","Incorrectly shared"
"P06","W",40,1,1,1200,"",1199,0,100,0,0,0,0,0,0,0.0015987,0.010985099999999999,1,1,47750.107090106729,71742.516245288483,0,4.8539886148768173e-10,0,9.8958944502452111e-09,9.997413565349511e-07,9.997413565349511e-07,0.0006822673208683349,0.10553537792022241,65.143055904323248,3.8105031832056741e-05,2.6569945819616771,59064.964779405083,1150,0,0,0,0,0,0,0,0,0,0,-0.12218051013551295,0,0,"fit_100_W_040","fit_100","Incorrectly shared"
"P06","A",0,0,1,1200,"",1199,0,50,0,0,0,0,0,0,0.0014919,0.0037904000000000002,1,1,41436.613412209888,45275.240995937791,0,5.4585093365537155e-10,0,9.8523273149487448e-09,9.9752729129298486e-07,9.9752729129298486e-07,0.0006820183313337437,0.17489729795400624,85.451273066532124,-3.657146806087207e-16,2.7688275794308637,1.2530095764377928e+18,1150,0,0,0,0,0,0,0,0,0,0,-0.10267854114657915,0,0,"fit_50_A_000","fit_50","Affine"
"P06","A",1,1,1,1200,"",1199,0,50,0,0,0,0,0,0,0.0014946500000000001,0.003539,1,1,40924.625824093098,44605.906098384359,0,5.4537510580616417e-10,0,9.8880030998614472e-09,9.9934067950972683e-07,9.9934067950972683e-07,0.00068205493212688607,0.17880901000819793,85.037651269631908,3.2937783459440457e-05,2.7694291419490038,70423.437784946698,1150,0,0,0,0,0,0,0,0,0,0,-0.10266659553840324,0,0,"fit_50_A_001","fit_50","Affine"
"P06","A",2,1,1,1200,"",1199,0,50,0,0,0,0,0,0,0.0015027999999999999,0.0035103999999999999,1,1,41172.245310412196,44864.276978661816,0,5.5383750915470888e-10,0,9.8976397618064983e-09,9.9982995197604375e-07,9.9982995197604375e-07,0.00068203613308483375,0.17263323366062128,84.024486145355468,2.9379858171645756e-05,2.7705976775808301,64736.779776228075,1150,0,0,0,0,0,0,0,0,0,0,-0.11622807708683558,0,0,"fit_50_A_002","fit_50","Affine"
"P06","A",3,1,1,1200,"",1199,0,50,0,0,0,0,0,0,0.0014939,0.0034654,1,1,40965.209715953126,44645.862309903998,0,5.4838385124775967e-10,0,9.8880194349644366e-09,9.9934150907503782e-07,9.9934150907503782e-07,0.00068191446546195136,0.17615306886669341,84.972440262111263,3.1018140839439781e-05,2.7686341917686375,88027.495228458341,1150,0,0,0,0,0,0,0,0,0,0,-0.092663874269539925,0,0,"fit_50_A_003","fit_50","Affine"
"P06","A",4,1,1,1200,"",1199,0,50,0,0,0,0,0,0,0.0015054999999999999,0.0034136000000000001,1,1,40819.537658288638,44525.690333571496,0,5.502253409591946e-10,0,9.8938989147576979e-09,9.9964004975752194e-07,9.9964004975752194e-07,0.00068226348866322871,0.17157322760225885,84.195341969565291,3.638006672993805e-05,2.7685662074752462,73440.596302306833,1150,0,0,0,0,0,0,0,0,0,0,-0.11061598650415033,0,0,"fit_50_A_004","fit_50","Affine"
"P06","A",5,1,1,1200,"",1199,0,50,0,0,0,0,0,0,0.0015011500000000001,0.0027187999999999999,1,1,40957.318113688438,44641.415639039544,0,5.4889944512725393e-10,0,9.8883725385173892e-09,9.99359440994182e-07,9.99359440994182e-07,0.0006819921634514546,0.17621028683654766,84.301431600927629,2.1208164673321275e-05,2.7680097382972577,109330.47108902712,1150,0,0,0,0,0,0,0,0,0,0,-0.095270315416140894,0,0,"fit_50_A_005","fit_50","Affine"
"P06","A",6,1,1,1200,"",1199,0,50,0,0,0,0,0,0,0.0015047999999999999,0.0034734000000000002,1,1,41098.044681793588,44705.458860108694,0,5.5159190142311042e-10,0,9.8897949989171399e-09,9.9943167564334729e-07,9.9943167564334729e-07,0.0006817633747828926,0.17536635739212572,84.134670769972558,4.6566091885987535e-05,2.7714697109301314,57311.686836879955,1150,0,0,0,0,0,0,0,0,0,0,-0.10942245621014654,0,0,"fit_50_A_006","fit_50","Affine"
"P06","A",7,1,1,1200,"",1199,0,50,0,0,0,0,0,0,0.0015031000000000001,0.0038035,1,1,40866.704800309672,44351.350465665346,0,5.4842141652286541e-10,0,9.877144266187713e-09,9.9878907201398688e-07,9.9878907201398688e-07,0.00068175336138658386,0.17555859303338361,84.635331165458012,3.5081973611100444e-05,2.7741541124983651,66022.27143286854,1150,0,0,0,0,0,0,0,0,0,0,-0.12216952682339718,0,0,"fit_50_A_007","fit_50","Affine"
"P06","A",8,1,1,1200,"",1199,0,50,0,0,0,0,0,0,0.0015168,0.0041329000000000001,1,1,40931.445065815235,44536.340762574247,0,5.5346291100166868e-10,0,9.8951944497092677e-09,9.9970582096027392e-07,9.9970582096027392e-07,0.00068201464564595076,0.17679069178448906,85.213663423299082,3.2927639361784075e-05,2.767937598864493,64783.167932996032,1150,0,0,0,0,0,0,0,0,0,0,-0.1022794585270303,0,0,"fit_50_A_008","fit_50","Affine"
"P06","A",9,1,1,1200,"",1199,0,50,0,0,0,0,0,0,0.0015151499999999998,0.0045288999999999998,1,1,41186.596374007,44651.459045634518,0,5.5309245523323182e-10,0,9.8699094881761076e-09,9.9842139279746027e-07,9.9842139279746027e-07,0.00068185262147653532,0.17639816182200649,84.291695730442697,4.480430996297859e-05,2.768871694323968,47724.509073991496,1150,0,0,0,0,0,0,0,0,0,0,-0.1159931332817552,0,0,"fit_50_A_009","fit_50","Affine"
"P06","A",10,1,1,1200,"",1199,0,50,0,0,0,0,0,0,0.0015007499999999999,0.0033287,1,1,40577.819448140333,44395.794751098249,0,5.4649175516138573e-10,0,9.8951563671976901e-09,9.997038876632926e-07,9.997038876632926e-07,0.00068209180097735585,0.17376697484740655,84.973513944724147,4.0733168913134799e-05,2.7728494049561863,56163.076390639493,1150,0,0,0,0,0,0,0,0,0,0,-0.10614936997503993,0,0,"fit_50_A_010","fit_50","Affine"
"P06","A",11,1,1,1200,"",1199,0,50,0,0,0,0,0,0,0.0014994499999999998,0.0034881000000000001,1,1,41299.02314099636,44993.86978459447,0,5.5553078769560121e-10,0,9.8958026638173297e-09,9.9973669706161885e-07,9.9973669706161885e-07,0.00068205240849257131,0.17796760865277428,84.723489367603122,3.1785539458757038e-05,2.767914645511631,74145.571725682981,1150,0,0,0,0,0,0,0,0,0,0,-0.094114298267911678,0,0,"fit_50_A_011","fit_50","Affine"
"P06","A",12,1,1,1200,"",1199,0,50,0,0,0,0,0,0,0.0014903500000000001,0.0036147000000000002,1,1,41508.379608460142,44932.547201738067,0,5.4611948271098316e-10,0,9.8586644198877659e-09,9.9784964135103203e-07,9.9784964135103203e-07,0.00068201582836888543,0.17390215867604339,83.225744550091562,4.4563973637772355e-05,2.7742895414710307,58573.295426055665,1150,0,0,0,0,0,0,0,0,0,0,-0.094047100146573415,0,0,"fit_50_A_012","fit_50","Affine"
"P06","A",13,1,1,1200,"",1199,0,50,0,0,0,0,0,0,0.0014998500000000001,0.0034943999999999999,1,1,40775.383067679126,44498.114629319985,0,5.4664124626254361e-10,0,9.8678769150148633e-09,9.9831807123304042e-07,9.9831807123304042e-07,0.00068187451406596543,0.17421154666864705,84.987013960360528,3.560907592853259e-05,2.7739473061952626,74527.953993776478,1150,0,0,0,0,0,0,0,0,0,0,-0.11504238599382458,0,0,"fit_50_A_013","fit_50","Affine"
"P06","A",14,1,1,1200,"",1199,0,50,0,0,0,0,0,0,0.00148785,0.0028549000000000001,1,1,41405.676374849849,44939.765687976651,0,5.479631388670203e-10,0,9.851559500546321e-09,9.9748822784148969e-07,9.9748822784148969e-07,0.00068173300559647404,0.1748562096968124,84.158089625994435,3.021244295798865e-05,2.7731311329545072,76738.066799692053,1150,0,0,0,0,0,0,0,0,0,0,-0.10677785336854168,0,0,"fit_50_A_014","fit_50","Affine"
"P06","A",15,1,1,1200,"",1199,0,50,0,0,0,0,0,0,0.0014797,0.0026275000000000001,1,1,40881.768641250557,44607.57161208232,0,5.5186382509933072e-10,0,9.8723363696795858e-09,9.9854474439800082e-07,9.9854474439800082e-07,0.00068180476496013782,0.17086184033183383,84.366024142266426,3.3341542120525105e-05,2.7682789256154772,62743.617833473007,1150,0,0,0,0,0,0,0,0,0,0,-0.097284100543663543,0,0,"fit_50_A_015","fit_50","Affine"
"P06","A",16,1,1,1200,"",1199,0,50,0,0,0,0,0,0,0.0014845000000000001,0.0024485000000000002,1,1,40772.657352925846,44498.450113984531,0,5.4509792072791982e-10,0,9.9001700432340263e-09,9.9995838029615656e-07,9.9995838029615656e-07,0.00068187829399003514,0.17197553755398867,83.960540061082568,4.1746726120035467e-05,2.773227987298839,56947.94238085227,1150,0,0,0,0,0,0,0,0,0,0,-0.096281502906711725,0,0,"fit_50_A_016","fit_50","Affine"
"P06","A",17,1,1,1200,"",1199,0,50,0,0,0,0,0,0,0.00148905,0.0038944000000000001,1,1,41192.789370984945,44676.155652959998,0,5.5133941218831514e-10,0,9.8887866949431239e-09,9.9938047300262677e-07,9.9938047300262677e-07,0.00068203515826563985,0.17524386263886224,83.987120110218484,4.0930719662202663e-05,2.7688268282900612,52693.710337929027,1150,0,0,0,0,0,0,0,0,0,0,-0.1000282563421121,0,0,"fit_50_A_017","fit_50","Affine"
"P06","A",18,1,1,1200,"",1199,0,50,0,0,0,0,0,0,0.0014966999999999999,0.0041618000000000002,1,1,40747.14202952115,44608.49095962134,0,5.5154718024124989e-10,0,9.8786836802132711e-09,9.9886728948982656e-07,9.9886728948982656e-07,0.00068216992886745121,0.17451061255851519,84.961225372324449,3.0033364717650356e-05,2.7728955327540912,76567.820545655079,1150,0,0,0,0,0,0,0,0,0,0,-0.10547481217166427,0,0,"fit_50_A_018","fit_50","Affine"
"P06","A",19,1,1,1200,"",1199,0,50,0,0,0,0,0,0,0.00150315,0.0034196999999999999,1,1,40890.145208471222,44545.388009757153,0,5.5309810354509458e-10,0,9.8980328706987142e-09,9.9984990588794276e-07,9.9984990588794276e-07,0.00068197666323884323,0.17357207396776525,84.49711587512877,2.9323223580722414e-05,2.7687713921453643,78473.483518918307,1150,0,0,0,0,0,0,0,0,0,0,-0.09689670943967546,0,0,"fit_50_A_019","fit_50","Affine"
"P06","A",20,1,1,1200,"",1199,0,50,0,0,0,0,0,0,0.0014852000000000001,0.0037474000000000001,1,1,41200.19795549984,44860.623173604239,0,5.5065622715377977e-10,0,9.8874391789093218e-09,9.9931204081371274e-07,9.9931204081371274e-07,0.00068205364083994227,0.17541214368340644,84.726448822121696,4.2161903864961452e-05,2.7699759093702974,47406.509275808203,1150,0,0,0,0,0,0,0,0,0,0,-0.10077496779398115,0,0,"fit_50_A_020","fit_50","Affine"
"P06","A",21,1,1,1200,"",1199,0,50,0,0,0,0,0,0,0.0014829000000000001,0.0037106999999999999,1,1,40801.087792915845,44334.128006963911,0,5.4884479972512253e-10,0,9.8854578198436303e-09,9.9921141118521465e-07,9.9921141118521465e-07,0.00068186333866783694,0.17230152982927485,83.055481890981156,3.9420356923923887e-05,2.7702544653029242,52463.719642264463,1150,0,0,0,0,0,0,0,0,0,0,-0.10259865659102521,0,0,"fit_50_A_021","fit_50","Affine"
"P06","A",22,1,1,1200,"",1199,0,50,0,0,0,0,0,0,0.00149295,0.0041827000000000001,1,1,40794.202418278364,44584.035130196913,0,5.4470387947737003e-10,0,9.9001406029332928e-09,9.9995688610191082e-07,9.9995688610191082e-07,0.00068200365899576489,0.17420447303050551,84.490941285140678,4.2087228482458097e-05,2.7704033283352447,54901.696182317595,1150,0,0,0,0,0,0,0,0,0,0,-0.10643895140188822,0,0,"fit_50_A_022","fit_50","Affine"
"P06","A",23,1,1,1200,"",1199,0,50,0,0,0,0,0,0,0.0015063500000000001,0.0036070999999999998,1,1,41091.498835122358,44672.993955648497,0,5.5026741876440836e-10,0,9.9303391714926934e-09,9.9987037321364495e-07,9.9987037321364495e-07,0.00068168302638522591,0.1730154665795402,84.459721531217113,3.5106749739167463e-05,2.7703223916335848,65979.616895195693,1150,0,0,0,0,0,0,0,0,0,0,-0.10278972591701138,0,0,"fit_50_A_023","fit_50","Affine"
"P06","A",24,1,1,1200,"",1199,0,50,0,0,0,0,0,0,0.0015139000000000001,0.0041301999999999997,1,1,41088.129236473957,44689.233499991649,0,5.5227958470596541e-10,0,9.8789925724191692e-09,9.9888298354566442e-07,9.9888298354566442e-07,0.00068177292311274399,0.17493164293372715,84.146651378304398,3.1409940538733427e-05,2.7733999866144767,73771.987091220508,1150,0,0,0,0,0,0,0,0,0,0,-0.11833538490354079,0,0,"fit_50_A_024","fit_50","Affine"
"P06","A",25,1,1,1200,"",1199,0,50,0,0,0,0,0,0,0.0015286,0.0042509999999999996,1,1,40805.184270342608,44334.366340329645,0,5.4953744995593894e-10,0,9.8753660725356002e-09,9.9869871465671445e-07,9.9869871465671445e-07,0.00068174175999859328,0.17723812375895198,85.101665669196422,3.927642627916646e-05,2.7727188345388938,57853.8425391778,1150,0,0,0,0,0,0,0,0,0,0,-0.11126117704077984,0,0,"fit_50_A_025","fit_50","Affine"
"P06","A",26,1,1,1200,"",1199,0,50,0,0,0,0,0,0,0.0015204000000000001,0.0034188999999999999,1,1,41017.446264487851,44715.557845865398,0,5.5422732305186055e-10,0,9.8752898355299208e-09,9.9869485093804094e-07,9.9869313485051144e-07,0.0006819041095604795,0.17780516182539186,84.736826713648256,3.8545112945048568e-05,2.7699038948851604,63999.162122755108,1150,0,0,0,0,0,0,0,0,0,0,-0.11541639428914671,0,0,"fit_50_A_026","fit_50","Affine"
"P06","A",27,1,1,1200,"",1199,0,50,0,0,0,0,0,0,0.0015217,0.0045117999999999998,1,1,41154.419714447649,44943.664911276901,0,5.4939769625485621e-10,0,9.8960957047989318e-09,9.9975157300572248e-07,9.9975157300572248e-07,0.00068151577126544685,0.17666129824928034,85.120683908450019,3.9985237857019594e-05,2.7718437615367959,68986.389886113626,1150,0,0,0,0,0,0,0,0,0,0,-0.095418993540794361,0,0,"fit_50_A_027","fit_50","Affine"
"P06","A",28,1,1,1200,"",1199,0,50,0,0,0,0,0,0,0.0015153499999999999,0.0048123000000000003,1,1,40784.026532646123,44435.403011770104,0,5.4553355829985641e-10,0,9.8773689855151988e-09,9.9880049035716515e-07,9.9880049035716515e-07,0.00068194372527591079,0.17462154808446467,84.420472392214066,3.9520389473600826e-05,2.7686387124329142,69549.885869349149,1150,0,0,0,0,0,0,0,0,0,0,-0.094282449684833292,0,0,"fit_50_A_028","fit_50","Affine"
"P06","A",29,1,1,1200,"",1199,0,50,0,0,0,0,0,0,0.0015200999999999999,0.0035423,1,1,41098.856467406469,44641.7127180159,0,5.4413682079697089e-10,0,9.8960851437098651e-09,9.9975103688597019e-07,9.9975103688597019e-07,0.00068195747939368996,0.17523249167653801,84.711692328175417,3.1770184163356903e-05,2.769485965195202,83483.587530845805,1150,0,0,0,0,0,0,0,0,0,0,-0.10220549253388611,0,0,"fit_50_A_029","fit_50","Affine"
"P06","A",30,1,1,1200,"",1199,0,50,0,0,0,0,0,0,0.0015549000000000001,0.0036039000000000002,1,1,40964.007007095708,44633.111649679879,0,5.5528672483022381e-10,0,9.8965886083599989e-09,9.99776594289937e-07,9.99776594289937e-07,0.00068188553328030741,0.17667227896095739,84.726320013423333,4.538623936087202e-05,2.7721267284889874,59383.658383045236,1150,0,0,0,0,0,0,0,0,0,0,-0.0863946628770208,0,0,"fit_50_A_030","fit_50","Affine"
"P06","A",31,1,1,1200,"",1199,0,50,0,0,0,0,0,0,0.001524,0.0035891999999999999,1,1,41133.984546253894,44569.754079809391,0,5.5167891804430551e-10,0,9.9765610921685746e-09,9.9925008756183971e-07,9.9925008756183971e-07,0.00068190300191388494,0.17180401211858695,83.9452943722589,3.7926542452875915e-05,2.7702625957218481,60926.004764896628,1150,0,0,0,0,0,0,0,0,0,0,-0.11020694808527076,0,0,"fit_50_A_031","fit_50","Affine"
"P06","A",32,1,1,1200,"",1199,0,50,0,0,0,0,0,0,0.00150095,0.0032607000000000001,1,1,41042.3434226346,44798.593294910883,0,5.5104421317060937e-10,0,9.896160095909234e-09,9.9975484172939609e-07,9.9975484172939609e-07,0.00068185156941173394,0.17558305471787422,84.799595912792014,3.4703866275888096e-05,2.7717888387674954,57946.437191113873,1150,0,0,0,0,0,0,0,0,0,0,-0.10881903226813311,0,0,"fit_50_A_032","fit_50","Affine"
"P06","A",33,1,1,1200,"",1199,0,50,0,0,0,0,0,0,0.0015133500000000001,0.0034250000000000001,1,1,41094.425346377655,44754.190279299888,0,5.4962080891513257e-10,0,9.8943263496660239e-09,9.9966175007406698e-07,9.9966175007406698e-07,0.00068217815310636545,0.17176817122263455,83.713252216063182,4.0775189783553431e-05,2.7705501160107731,56501.371643631217,1150,0,0,0,0,0,0,0,0,0,0,-0.10279149395271212,0,0,"fit_50_A_033","fit_50","Affine"
"P06","A",34,1,1,1200,"",1199,0,50,0,0,0,0,0,0,0.0015417,0.0043165,1,1,41020.745117434359,44518.075002873935,0,5.4471474731343652e-10,0,9.8791858529125369e-09,9.9889280353024593e-07,9.9889280353024593e-07,0.00068164560805580735,0.17202514035045696,84.237628696232704,4.2488129648686403e-05,2.7745192917639341,56707.031831610708,1150,0,0,0,0,0,0,0,0,0,0,-0.10999827707401064,0,0,"fit_50_A_034","fit_50","Affine"
"P06","A",35,1,1,1200,"",1199,0,50,0,0,0,0,0,0,0.0015432,0.0037315,1,1,41043.726012983127,44614.232140671833,0,5.5142552870772909e-10,0,9.896989643617175e-09,9.9979695160441179e-07,9.9979695160441179e-07,0.00068177917297464641,0.174743330782405,85.131406863461564,4.4498241026831353e-05,2.7740345676882874,48503.985455100999,1150,0,0,0,0,0,0,0,0,0,0,-0.09408633982768011,0,0,"fit_50_A_035","fit_50","Affine"
"P06","A",36,1,1,1200,"",1199,0,50,0,0,0,0,0,0,0.00153185,0.0042483,1,1,41090.400501387194,44929.028299315636,0,5.4966908076712457e-10,0,9.8942969656759018e-09,9.9966025830182026e-07,9.9966025830182026e-07,0.00068194676446978783,0.17713643587950378,84.918950671996811,3.0716689668794393e-05,2.7735631597991515,87241.686885540214,1150,0,0,0,0,0,0,0,0,0,0,-0.11425580108406808,0,0,"fit_50_A_036","fit_50","Affine"
"P06","A",37,1,1,1200,"",1199,0,50,0,0,0,0,0,0,0.0014943000000000001,0.0045028000000000004,1,1,40580.317276687274,44379.060247837559,0,5.4481633468199527e-10,0,9.8990411417814483e-09,9.9990108317685281e-07,9.9990108317685281e-07,0.00068213454178023367,0.17341966147990281,84.768500730561072,3.3376706313192118e-05,2.7717157014847302,80559.659342894316,1150,0,0,0,0,0,0,0,0,0,0,-0.098168356483544772,0,0,"fit_50_A_037","fit_50","Affine"
"P06","A",38,1,1,1200,"",1199,0,50,0,0,0,0,0,0,0.0014866,0.0034962999999999999,1,1,41315.318060622041,44854.240543153523,0,5.4809803945627418e-10,0,9.8948635385295615e-09,9.9968902179860598e-07,9.9968902179860598e-07,0.00068214181209513163,0.17406150485380384,84.055657863610449,3.8751667820564374e-05,2.7680513526074835,70569.086979360378,1150,0,0,0,0,0,0,0,0,0,0,-0.09538610202913983,0,0,"fit_50_A_038","fit_50","Affine"
"P06","A",39,1,1,1200,"",1199,0,50,0,0,0,0,0,0,0.0015016999999999999,0.0035298,1,1,40865.302654973551,44432.255746244009,0,5.4840841783838822e-10,0,9.8784449658755874e-09,9.988551608330091e-07,9.988551608330091e-07,0.00068185266462427645,0.17258054326752492,84.837597921136279,3.9746713583992414e-05,2.7720546268500419,67458.914634707209,1150,0,0,0,0,0,0,0,0,0,0,-0.087409062542294025,0,0,"fit_50_A_039","fit_50","Affine"
"P06","A",40,1,1,1200,"",1199,0,50,0,0,0,0,0,0,0.0015053,0.0031811999999999999,1,1,41050.245280593328,44520.857857911556,0,5.5296328948552695e-10,0,9.8837098201136422e-09,9.9912262516330637e-07,9.9912262516330637e-07,0.00068207693744255001,0.1745286952397731,83.941303207020397,3.7640401291664353e-05,2.7717267255362228,61623.394741060605,1150,0,0,0,0,0,0,0,0,0,0,-0.10040284601088501,0,0,"fit_50_A_040","fit_50","Affine"
"P06","P2",0,0,1,1200,"",1199,0,50,0,0,0,0,0,0,0.0017464999999999998,0.0071849000000000001,1,1,39882.16281888415,48943.755484927846,0,7.5251836305514179e-10,0,9.8164458790664955e-09,9.9570016808195386e-07,9.9570016808195386e-07,0.00048596034099353377,2.5840563517899233,1550.1399016489459,-9.8887288568838557e-16,3.9754955531940683,1.2246553536986797e+28,1150,0,0,0,0,0,0,0,0,0,0,-0.066645834576374241,0,0,"fit_50_P2_000","fit_50","Complete quadratic"
"P06","P2",1,1,1,1200,"",1199,0,50,0,0,0,0,0,0,0.00161725,0.0041114999999999997,1,1,39361.033091492704,49523.973925257866,0,7.5577317239865816e-10,0,9.897769193998528e-09,9.9983652190013489e-07,9.9983652190013489e-07,0.00048517402133926353,2.6731817623230456,1544.6241451206397,6.7858295547626111e-10,3.9825150313932522,4945600108.3705692,1150,0,0,0,0,0,0,0,0,0,0,-0.067034880323513651,0,0,"fit_50_P2_001","fit_50","Complete quadratic"
"P06","P2",2,1,1,1200,"",1199,0,50,0,0,0,0,0,0,0.001616,0.0031797000000000001,1,1,39713.389962693851,50515.494326410415,0,7.6157134172145918e-10,0,9.8889724891719589e-09,9.9938990800560729e-07,9.9938990800560729e-07,0.00048588871071770628,2.4455026074884856,1425.8571591460775,4.0316036796618179e-10,3.9801510986284918,5628942341.4301653,1150,0,0,0,0,0,0,0,0,0,0,-0.077278966337546051,0,0,"fit_50_P2_002","fit_50","Complete quadratic"
"P06","P2",3,1,1,1200,"",1199,0,50,0,0,0,0,0,0,0.0016665499999999999,0.0034578,1,1,39624.459265445359,50750.545379264542,0,7.6251753424802598e-10,0,9.9003243355832239e-09,9.9996621111565504e-07,9.9996621111565504e-07,0.00048552362756619955,2.6243457067680716,1522.258019577313,5.0392291541763957e-10,3.9829848033130144,7842138622.2203102,1150,0,0,0,0,0,0,0,0,0,0,-0.058168056931509893,0,0,"fit_50_P2_003","fit_50","Complete quadratic"
"P06","P2",4,1,1,1200,"",1199,0,50,0,0,0,0,0,0,0.0015976,0.0028498,1,1,39385.061813076914,50312.936952500626,0,7.5678463553589518e-10,0,9.8995620084906536e-09,9.999275200421916e-07,9.999275200421916e-07,0.00048605541884396081,2.5239961318689224,1448.8478375127231,6.7856267598964303e-10,3.9797592135448441,4943460363.5175447,1150,0,0,0,0,0,0,0,0,0,0,-0.072750596888951052,0,0,"fit_50_P2_004","fit_50","Complete quadratic"
"P06","P2",5,1,1,1200,"",1199,0,50,0,0,0,0,0,0,0.0015838,0.0035295000000000001,1,1,39612.496265166563,48804.627599359977,0,7.6198050301861051e-10,0,9.9004456564994392e-09,9.9997236848935877e-07,9.9997236848935877e-07,0.0004854771004534574,2.6460070965682827,1540.8220375092305,1.6832358429612967e-10,3.9889035964206769,19994705515.655552,1150,0,0,0,0,0,0,0,0,0,0,-0.060638529885295167,0,0,"fit_50_P2_005","fit_50","Complete quadratic"
"P06","P2",6,1,1,1200,"",1199,0,50,0,0,0,0,0,0,0.0015861500000000001,0.0031034999999999999,1,1,39981.046500645352,49472.07526348198,0,7.6433567380754846e-10,0,9.8839262189679651e-09,9.9913361711598461e-07,9.9913361711598461e-07,0.00048546853946898296,2.5839829749559233,1487.5659607108521,8.9925381141807159e-10,3.9841531821967413,3737524393.7169185,1150,0,0,0,0,0,0,0,0,0,0,-0.071902386813822272,0,0,"fit_50_P2_006","fit_50","Complete quadratic"
"P06","P2",7,1,1,1200,"",1199,0,50,0,0,0,0,0,0,0.00162035,0.0035561,1,1,39476.053494862339,47801.65353008439,0,7.5256366289903768e-10,0,9.9001459058329182e-09,9.9995715524205498e-07,9.9995715524205498e-07,0.00048520382084119116,2.6369085472559854,1510.2269816683481,5.783385547920268e-10,3.9865045628809952,5813069091.302721,1150,0,0,0,0,0,0,0,0,0,0,-0.083002863058131343,0,0,"fit_50_P2_007","fit_50","Complete quadratic"
"P06","P2",8,1,1,1200,"",1199,0,50,0,0,0,0,0,0,0.0016556000000000001,0.0049475999999999999,1,1,39745.513875431643,48307.496129905681,0,7.4932366645166955e-10,0,9.9003920295715268e-09,9.9996964677831037e-07,9.9996964677831037e-07,0.00048561376187817868,2.6494145340285775,1544.3482959214048,5.2449859825728965e-10,3.9903201238644845,6392851672.745018,1150,0,0,0,0,0,0,0,0,0,0,-0.06722574514827595,0,0,"fit_50_P2_008","fit_50","Complete quadratic"
"P06","P2",9,1,1,1200,"",1199,0,50,0,0,0,0,0,0,0.0016045999999999999,0.0031595,1,1,40151.071906942001,49879.891952050457,0,7.5665969373474137e-10,0,9.8999118102351699e-09,9.999452740282664e-07,9.999452740282664e-07,0.00048542354360143401,2.5836828943800958,1496.8276668989697,1.1135435608062966e-09,3.995363878408416,3022008330.1090183,1150,0,0,0,0,0,0,0,0,0,0,-0.077974566224810304,0,0,"fit_50_P2_009","fit_50","Complete quadratic"
"P06","P2",10,1,1,1200,"",1199,0,50,0,0,0,0,0,0,0.0015757,0.0038370000000000001,1,1,38699.801163389828,48331.497633416628,0,7.6195118380612572e-10,0,9.8960720466781092e-09,9.9975037203201267e-07,9.9975037203201267e-07,0.00048550789979925207,2.6793009967294061,1532.205931026876,6.9383740455673425e-10,3.9783988823917191,4859445640.6967669,1150,0,0,0,0,0,0,0,0,0,0,-0.068630087172694254,0,0,"fit_50_P2_010","fit_50","Complete quadratic"
"P06","P2",11,1,1,1200,"",1199,0,50,0,0,0,0,0,0,0.0016343500000000001,0.0031348000000000001,1,1,40322.059177889452,50014.763285301902,0,7.5678192326508518e-10,0,9.8955372059639766e-09,9.9972322116026921e-07,9.9972322116026921e-07,0.00048540830963067624,2.6453753231586834,1538.4984244343686,6.6847987841101917e-10,3.9920180544634785,5011394614.8088293,1150,0,0,0,0,0,0,0,0,0,0,-0.060271588622103522,0,0,"fit_50_P2_011","fit_50","Complete quadratic"
"P06","P2",12,1,1,1200,"",1199,0,50,0,0,0,0,0,0,0.0018273500000000002,0.0184414,1,1,39859.561765373641,47665.97769875059,0,7.5554769403823442e-10,0,9.9008989846647875e-09,9.9999537582313244e-07,9.9999537582313244e-07,0.00048635704659675654,2.534706687471683,1473.5053718738295,7.0247541777965037e-10,3.9670905235828551,4786992512.8836832,1150,0,0,0,0,0,0,0,0,0,0,-0.059434275361418654,0,0,"fit_50_P2_012","fit_50","Complete quadratic"
"P06","P2",13,1,1,1200,"",1199,0,50,0,0,0,0,0,0,0.0017867,0.0105769,1,1,38626.47881051508,48295.934406678723,0,7.6060183811296162e-10,0,9.8942627718357229e-09,9.9965852233936992e-07,9.9965852233936992e-07,0.00048551652896070669,2.497639558627343,1468.9786205424707,7.999637914201705e-10,3.9893945281809384,3313395557.9472027,1150,0,0,0,0,0,0,0,0,0,0,-0.075908746620589551,0,0,"fit_50_P2_013","fit_50","Complete quadratic"
"P06","P2",14,1,1,1200,"",1199,0,50,0,0,0,0,0,0,0.0019032999999999999,0.0093706999999999992,1,1,39785.854855952886,49496.287196711208,0,7.5912494978658046e-10,0,9.8942980700337228e-09,9.9966031436809465e-07,9.9966031436809465e-07,0.00048541767464690391,2.5264380437199305,1485.4024859575795,2.8689578487126009e-10,3.9814340384304048,11734952591.232759,1150,0,0,0,0,0,0,0,0,0,0,-0.070067139508580456,0,0,"fit_50_P2_014","fit_50","Complete quadratic"
"P06","P2",15,1,1,1200,"",1199,0,50,0,0,0,0,0,0,0.0020277999999999997,0.0125615,1,1,39480.194784351501,47551.647833829105,0,7.5355454375460248e-10,0,9.9000848228014006e-09,9.9995405506663783e-07,9.9995405506663783e-07,0.00048561998674399593,2.4816014895990532,1461.7388361016899,6.8044987391644698e-10,3.9877048848683043,4930293625.9233875,1150,0,0,0,0,0,0,0,0,0,0,-0.062653727086968869,0,0,"fit_50_P2_015","fit_50","Complete quadratic"
"P06","P2",16,1,1,1200,"",1199,0,50,0,0,0,0,0,0,0.0016105500000000001,0.016619600000000002,1,1,39363.459050555888,45591.681862036079,0,7.5838242667174108e-10,0,9.8993311561489715e-09,9.9991580309444289e-07,9.9991580309444289e-07,0.00048572561686658472,2.5251357585276537,1458.1034069794387,5.7729888600803441e-10,3.9698985843710495,5827234869.0526562,1150,0,0,0,0,0,0,0,0,0,0,-0.06098351474433189,0,0,"fit_50_P2_016","fit_50","Complete quadratic"
"P06","P2",17,1,1,1200,"",1199,0,50,0,0,0,0,0,0,0.0017205499999999999,0.0095998999999999998,1,1,39838.128331881599,47937.44220087416,0,7.5957189698835014e-10,0,9.900502740485747e-09,9.9997526564737575e-07,9.9997526564737575e-07,0.00048617344832059669,2.5970275008330499,1521.3950518361494,5.3700266582423842e-10,3.9762251736034449,6241592329.2138844,1150,0,0,0,0,0,0,0,0,0,0,-0.065034104474482018,0,0,"fit_50_P2_017","fit_50","Complete quadratic"
"P06","P2",18,1,1,1200,"",1199,0,50,0,0,0,0,0,0,0.0022925000000000003,0.013140499999999999,1,1,39712.258847457633,51001.684889574426,0,7.5678682890503711e-10,0,9.8957150853403527e-09,9.9973225118198347e-07,9.9973225118198347e-07,0.00048533651374723367,2.6042542967056272,1510.5202397991584,4.299561352829703e-10,3.983993265693309,7834877192.1269932,1150,0,0,0,0,0,0,0,0,0,0,-0.068020639365482638,0,0,"fit_50_P2_018","fit_50","Complete quadratic"
"P06","P2",19,1,1,1200,"",1199,0,50,0,0,0,0,0,0,0.0017963,0.0119256,1,1,38615.346769934476,48094.81718231985,0,7.5353011903269892e-10,0,9.900124336698916e-09,9.9995606053487634e-07,9.9995606053487634e-07,0.00048575671027894569,2.5439509940432106,1492.0676771250935,6.6396348390780009e-10,3.9870696989910779,3899388134.2369485,1150,0,0,0,0,0,0,0,0,0,0,-0.06188508202303683,0,0,"fit_50_P2_019","fit_50","Complete quadratic"
"P06","P2",20,1,1,1200,"",1199,0,50,0,0,0,0,0,0,0.0021193499999999999,0.0082319999999999997,1,1,39750.291744749964,51416.470093646742,0,7.5901507164777831e-10,0,9.8990178136981297e-09,9.998998991315403e-07,9.998998991315403e-07,0.00048555096970288148,2.5931665039251679,1525.4951689014506,6.6526809959830614e-10,3.9780289413912522,3420225703.7599149,1150,0,0,0,0,0,0,0,0,0,0,-0.065190644740167808,0,0,"fit_50_P2_020","fit_50","Complete quadratic"
"P06","P2",21,1,1,1200,"",1199,0,50,0,0,0,0,0,0,0.0020819499999999999,0.015763300000000001,1,1,39509.589936070202,50103.091803648626,0,7.6525865166725199e-10,0,9.8985076577028077e-09,9.9987400519638712e-07,9.9987400519638712e-07,0.00048589513353053978,2.4799604424810093,1425.8161415151512,4.6561970093678804e-10,3.9896728351865014,4865637642.5199127,1150,0,0,0,0,0,0,0,0,0,0,-0.066525609855777573,0,0,"fit_50_P2_021","fit_50","Complete quadratic"
"P06","P2",22,1,1,1200,"",1199,0,50,0,0,0,0,0,0,0.0022146500000000003,0.0121796,1,1,39618.522716187101,47389.806589552325,0,7.6036857750707886e-10,0,9.8957465017433361e-09,9.9973384602292822e-07,9.9973384602292822e-07,0.00048566892342569005,2.5754888038944124,1504.0915636752839,7.5163161268853226e-10,3.9911636771153201,4486671744.9332476,1150,0,0,0,0,0,0,0,0,0,0,-0.069606832359403931,0,0,"fit_50_P2_022","fit_50","Complete quadratic"
"P06","P2",23,1,1,1200,"",1199,0,50,0,0,0,0,0,0,0.0018181,0.0084764000000000003,1,1,39661.727060791818,46529.428466198347,0,7.5663952171210445e-10,0,9.9001838030793519e-09,9.9995907865382617e-07,9.9995907865382617e-07,0.00048561124409287856,2.5561288327034641,1489.5303862656472,3.5983179050962039e-10,3.9800678822514657,9345519593.1542645,1150,0,0,0,0,0,0,0,0,0,0,-0.066782566084549327,0,0,"fit_50_P2_023","fit_50","Complete quadratic"
"P06","P2",24,1,1,1200,"",1199,0,50,0,0,0,0,0,0,0.0019377000000000001,0.0093848000000000004,1,1,39990.467839912708,51421.276060993499,0,7.6342275002994496e-10,0,9.8929843278174086e-09,9.9959361580450062e-07,9.9959361580450062e-07,0.00048521683352210264,2.6464812796671273,1532.214886859799,7.5622025659929684e-10,3.9899324031722889,5252622637.807023,1150,0,0,0,0,0,0,0,0,0,0,-0.078786355601296348,0,0,"fit_50_P2_024","fit_50","Complete quadratic"
"P06","P2",25,1,1,1200,"",1199,0,50,0,0,0,0,0,0,0.0020002500000000003,0.016325900000000001,1,1,39047.681975995729,48290.460896463374,0,7.4988372370835349e-10,0,9.900840350319343e-09,9.9999240003925629e-07,9.9999240003925629e-07,0.00048534098361988775,2.6516430204755412,1532.4583437143804,6.6687020158891217e-10,3.9823635455705757,3400894607.5797687,1150,0,0,0,0,0,0,0,0,0,0,-0.073819000113871269,0,0,"fit_50_P2_025","fit_50","Complete quadratic"
"P06","P2",26,1,1,1200,"",1199,0,50,0,0,0,0,0,0,0.0019014500000000001,0.0074450999999999996,1,1,39740.156798890865,48945.170818132814,0,7.680975525819806e-10,0,9.8990042563498308e-09,9.998992110111577e-07,9.998992110111577e-07,0.00048538311400188647,2.6214104522846768,1537.0551544887078,8.1155132253954637e-10,3.9794328338179557,4141432642.6446238,1150,0,0,0,0,0,0,0,0,0,0,-0.07658424246991391,0,0,"fit_50_P2_026","fit_50","Complete quadratic"
"P06","P2",27,1,1,1200,"",1199,0,50,0,0,0,0,0,0,0.0019683499999999998,0.0088915000000000001,1,1,39728.870019190064,51033.101035144013,0,7.5695650083203219e-10,0,9.8989278049494335e-09,9.9989533061476503e-07,9.9989533061476503e-07,0.00048520958416045239,2.6654082816400919,1515.6896670044116,8.5332364802086082e-10,3.9928477447292838,4546403305.1689711,1150,0,0,0,0,0,0,0,0,0,0,-0.060746970150310498,0,0,"fit_50_P2_027","fit_50","Complete quadratic"
"P06","P2",28,1,1,1200,"",1199,0,50,0,0,0,0,0,0,0.0017980499999999998,0.011250400000000001,1,1,39676.505665350858,47078.656303057578,0,7.5484242007970772e-10,0,9.9008545895632277e-09,9.9999312270374503e-07,9.9999312270374503e-07,0.00048572843438473846,2.6033518909884972,1482.2999114616432,8.0968510702576742e-10,3.9910611617013356,3795175521.402555,1150,0,0,0,0,0,0,0,0,0,0,-0.060248030607908898,0,0,"fit_50_P2_028","fit_50","Complete quadratic"
"P06","P2",29,1,1,1200,"",1199,0,50,0,0,0,0,0,0,0.0021800000000000001,0.0128609,1,1,39464.382677821479,49876.36241033463,0,7.5525587875457421e-10,0,9.8982414993700436e-09,9.9986049556314658e-07,9.9986049556314658e-07,0.0004856055752794287,2.5731311907027141,1495.4315782010256,5.0158294973181765e-10,3.9808747854134485,5312964924.6984758,1150,0,0,0,0,0,0,0,0,0,0,-0.06686189347756033,0,0,"fit_50_P2_029","fit_50","Complete quadratic"
"P06","P2",30,1,1,1200,"",1199,0,50,0,0,0,0,0,0,0.0019937499999999999,0.0081308000000000005,1,1,39892.158916652777,51352.772955370128,0,7.6137945180876415e-10,0,9.9002829359033065e-09,9.9996410995829506e-07,9.9996410995829506e-07,0.00048550139828038377,2.5981121720640377,1498.5239918701122,1.3446466410216454e-09,3.9850279866955187,2496645909.7985768,1150,0,0,0,0,0,0,0,0,0,0,-0.053026025609945848,0,0,"fit_50_P2_030","fit_50","Complete quadratic"
"P06","P2",31,1,1,1200,"",1199,0,50,0,0,0,0,0,0,0.0018916499999999999,0.0111296,1,1,39650.570633601776,49571.863659007402,0,7.5649326381163884e-10,0,9.8973533421087666e-09,9.9981541328039125e-07,9.9981541328039125e-07,0.00048602226976760871,2.5104188629636583,1459.0238566863095,6.2195207825887463e-10,3.9713589864397307,5394577433.8466387,1150,0,0,0,0,0,0,0,0,0,0,-0.073115825995105577,0,0,"fit_50_P2_031","fit_50","Complete quadratic"
"P06","P2",32,1,1,1200,"",1199,0,50,0,0,0,0,0,0,0.0020712500000000002,0.0104878,1,1,39257.523076744073,47559.023925940222,0,7.6138683264028063e-10,0,9.8970888260270554e-09,9.9980198622970681e-07,9.9980198622970681e-07,0.00048518038333378197,2.6216114584972403,1539.6414768428874,5.4678510955679142e-10,3.9824293363411671,4532831761.6255445,1150,0,0,0,0,0,0,0,0,0,0,-0.072228519256221924,0,0,"fit_50_P2_032","fit_50","Complete quadratic"
"P06","P2",33,1,1,1200,"",1199,0,50,0,0,0,0,0,0,0.0019234499999999999,0.0098995000000000003,1,1,39656.72354917715,49068.368743606305,0,7.6295810560715662e-10,0,9.8992327964869503e-09,9.9991081079288974e-07,9.9991081079288974e-07,0.00048612385617995536,2.4949016207264245,1440.2300968814945,7.7229744521355022e-10,3.9694422330261601,3292510903.6014528,1150,0,0,0,0,0,0,0,0,0,0,-0.066638308891843301,0,0,"fit_50_P2_033","fit_50","Complete quadratic"
"P06","P2",34,1,1,1200,"",1199,0,50,0,0,0,0,0,0,0.0020571499999999998,0.0093469,1,1,39575.814987168604,48614.382563443862,0,7.564258756375273e-10,0,9.9001532226939104e-09,9.9995752659745346e-07,9.9995752659745346e-07,0.00048574760308194937,2.5366396868112195,1480.0944173104856,9.0533321106930304e-10,3.9817567011065536,3706013917.7936134,1150,0,0,0,0,0,0,0,0,0,0,-0.072281128576204778,0,0,"fit_50_P2_034","fit_50","Complete quadratic"
"P06","P2",35,1,1,1200,"",1199,0,50,0,0,0,0,0,0,0.0019612000000000002,0.0116042,1,1,39295.448809838315,49279.642564159454,0,7.6128310441679544e-10,0,9.8997495396419961e-09,9.9993703811638534e-07,9.9993703811638534e-07,0.00048536828652115404,2.5143692916726801,1480.488640621071,7.7740551820917445e-10,3.9795122064409747,4329992105.3525505,1150,0,0,0,0,0,0,0,0,0,0,-0.059620831178287592,0,0,"fit_50_P2_035","fit_50","Complete quadratic"
"P06","P2",36,1,1,1200,"",1199,0,50,0,0,0,0,0,0,0.00204215,0.0085018999999999997,1,1,39764.964848575895,47950.887113373472,0,7.5766833949886222e-10,0,9.9005204913218015e-09,9.9997616654593635e-07,9.9997616654593635e-07,0.00048538426434934623,2.6179261730736316,1512.2999892604751,7.0494093450246997e-10,3.9840794657347671,5618365052.3788519,1150,0,0,0,0,0,0,0,0,0,0,-0.075610335648040344,0,0,"fit_50_P2_036","fit_50","Complete quadratic"
"P06","P2",37,1,1,1200,"",1199,0,50,0,0,0,0,0,0,0.0019401499999999999,0.0092794999999999996,1,1,38983.136297243502,47491.157890476788,0,7.609516953362075e-10,0,9.8994234239559405e-09,9.9992048617806002e-07,9.9992048617806002e-07,0.00048548918340895488,2.5515283212320456,1500.7471006444741,8.0044113381967496e-10,3.9804175178516452,4944258761.8600559,1150,0,0,0,0,0,0,0,0,0,0,-0.062622201026563684,0,0,"fit_50_P2_037","fit_50","Complete quadratic"
"P06","P2",38,1,1,1200,"",1199,0,50,0,0,0,0,0,0,0.0019944999999999997,0.0095663999999999992,1,1,39415.751013087487,49877.136716382272,0,7.6108362018851427e-10,0,9.8977264857602272e-09,9.9983435405246251e-07,9.9983435405246251e-07,0.00048590219939411322,2.5459461256330211,1489.8006210562794,8.4584926438092693e-10,3.9847199503940938,3954038528.0330758,1150,0,0,0,0,0,0,0,0,0,0,-0.059784725747005774,0,0,"fit_50_P2_038","fit_50","Complete quadratic"
"P06","P2",39,1,1,1200,"",1199,0,50,0,0,0,0,0,0,0.0019418999999999999,0.0091769999999999994,1,1,39327.456447576391,47120.545999743117,0,7.529242994971248e-10,0,9.9008998919270448e-09,9.9999542186804208e-07,9.9999542186804208e-07,0.00048571346122777627,2.5242126304951849,1477.3120012119346,7.1374756411723094e-10,3.9728180297806577,4317038269.6095123,1150,0,0,0,0,0,0,0,0,0,0,-0.054348905316569829,0,0,"fit_50_P2_039","fit_50","Complete quadratic"
"P06","P2",40,1,1,1200,"",1199,0,50,0,0,0,0,0,0,0.0019266999999999999,0.011656100000000001,1,1,39641.37864895082,47115.04283413598,0,7.4786308493479711e-10,0,9.8995198390144253e-09,9.999253797337406e-07,9.999253797337406e-07,0.0004860231885398674,2.5991333021377994,1520.6504574046064,2.9856629107171598e-10,3.9824004122495218,11291323429.044373,1150,0,0,0,0,0,0,0,0,0,0,-0.06506563597730336,0,0,"fit_50_P2_040","fit_50","Complete quadratic"
"P06","R",0,0,1,1200,"",1199,0,50,0,0,0,0,0,0,0.0015138,0.0033443000000000001,1,1,39888.011176341068,49263.762334093568,0,7.5235255240837707e-10,0,9.8236061324555341e-09,9.9606503998518318e-07,9.9606503998518318e-07,0.00059011096662305951,0.63703931566598748,305.07701739439864,-8.1269972355463428e-16,3.1463670365499845,4.6142109464714275e+26,1150,0,0,0,0,0,0,0,0,0,0,-0.066669006169467415,0,0,"fit_50_R_000","fit_50","Relaxed"
"P06","R",1,1,1,1200,"",1199,0,50,0,0,0,0,0,0,0.0015187999999999998,0.0036429000000000001,1,1,39550.578770270527,48144.672683302291,0,7.5371222265710993e-10,0,9.9002198984685197e-09,9.9996091061190595e-07,9.9996091061190595e-07,0.00058976847446307284,0.63081614299547228,301.11052844963092,2.8988233456105793e-09,3.1515677888195044,966012059.02375686,1150,0,0,0,0,0,0,0,0,0,0,-0.067320376018852879,0,0,"fit_50_R_001","fit_50","Relaxed"
"P06","R",2,1,1,1200,"",1199,0,50,0,0,0,0,0,0,0.0015390500000000001,0.0036265999999999998,1,1,39700.148081057268,49489.553326967565,0,7.6283952386926011e-10,0,9.9007484813430866e-09,9.9998773752882495e-07,9.9998773752882495e-07,0.00059010488235993527,0.64057838028355651,305.13422187888642,2.0914483770311756e-09,3.1474287177361031,1169352182.6228421,1150,0,0,0,0,0,0,0,0,0,0,-0.077181458947097381,0,0,"fit_50_R_002","fit_50","Relaxed"
"P06","R",3,1,1,1200,"",1199,0,50,0,0,0,0,0,0,0.00152885,0.0042836999999999997,1,1,39632.476850071485,49350.352163926436,0,7.5981808144993377e-10,0,9.8953251080486937e-09,9.9971245393420714e-07,9.9971245393420714e-07,0.00058989772689451803,0.64095612890389742,306.07721135497832,1.394487625198948e-09,3.1485625309652994,2245285373.5957432,1150,0,0,0,0,0,0,0,0,0,0,-0.058257694751191635,0,0,"fit_50_R_003","fit_50","Relaxed"
"P06","R",4,1,1,1200,"",1199,0,50,0,0,0,0,0,0,0.0015184,0.0036102,1,1,39204.367307901819,48492.388920753991,0,7.563437166642723e-10,0,9.8988764733949501e-09,9.9989272520252677e-07,9.9989272520252677e-07,0.00059042027234989039,0.63697785084734204,304.0678513416596,1.7718232598234034e-09,3.1469007233160049,1536814215.5817347,1150,0,0,0,0,0,0,0,0,0,0,-0.072807108452304009,0,0,"fit_50_R_004","fit_50","Relaxed"
"P06","R",5,1,1,1200,"",1199,0,50,0,0,0,0,0,0,0.0015361000000000001,0.0034635999999999998,1,1,39651.809143907369,49519.413274137507,0,7.608971781045519e-10,0,9.8943656342744966e-09,9.9966374447945021e-07,9.9966374447945021e-07,0.00058985036922321759,0.65003095806851685,309.86938026776943,5.7238385724379767e-10,3.1515474220294708,4898404565.6734419,1150,0,0,0,0,0,0,0,0,0,0,-0.060520012957912428,0,0,"fit_50_R_005","fit_50","Relaxed"
"P06","R",6,1,1,1200,"",1199,0,50,0,0,0,0,0,0,0.0015278000000000002,0.0029578999999999999,1,1,39624.228916963999,49215.088627819998,0,7.6650299613989375e-10,0,9.900928918077431e-09,9.9999689498683713e-07,9.9999689498683713e-07,0.00058984463948433957,0.63938829327587809,305.42495488393763,2.8056263473694544e-09,3.1483490963168723,924964488.29809213,1150,0,0,0,0,0,0,0,0,0,0,-0.07181371890321217,0,0,"fit_50_R_006","fit_50","Relaxed"
"P06","R",7,1,1,1200,"",1199,0,50,0,0,0,0,0,0,0.0015195500000000002,0.0038838000000000002,1,1,39258.328311258207,48080.632715804561,0,7.5209602259708881e-10,0,9.9008790911021703e-09,9.9999436619498641e-07,9.9999436619498641e-07,0.0005897680737146886,0.63392113429450569,303.16658220692767,1.5300368955044004e-09,3.1502906143241658,1838141527.2288675,1150,0,0,0,0,0,0,0,0,0,0,-0.082946762155669984,0,0,"fit_50_R_007","fit_50","Relaxed"
"P06","R",8,1,1,1200,"",1199,0,50,0,0,0,0,0,0,0.00151505,0.0026824000000000001,1,1,39743.450181323715,48823.838212515286,0,7.5352622243968174e-10,0,9.900091189380328e-09,9.9995437819301134e-07,9.9995437819301134e-07,0.00058987887748200444,0.64936955054856504,308.20995601120057,2.1604442933672971e-09,3.1523337464431722,947914618.38678789,1150,0,0,0,0,0,0,0,0,0,0,-0.066993508636593035,0,0,"fit_50_R_008","fit_50","Relaxed"
"P06","R",9,1,1,1200,"",1199,0,50,0,0,0,0,0,0,0.0015106500000000001,0.0040648000000000004,1,1,39872.457927929718,49225.703347152907,0,7.5829637695575217e-10,0,9.8991185072336543e-09,9.9990500994485997e-07,9.9990500994485997e-07,0.0005898339000142103,0.63888391641986897,305.18603271538655,2.5263672319656373e-09,3.1525828126853366,1109397972.5548747,1150,0,0,0,0,0,0,0,0,0,0,-0.077461086824361952,0,0,"fit_50_R_009","fit_50","Relaxed"
"P06","R",10,1,1,1200,"",1199,0,50,0,0,0,0,0,0,0.00154875,0.0031502000000000001,1,1,38982.008659203464,47927.69193067219,0,7.5725507424001397e-10,0,9.9004004888360557e-09,9.9997007610926708e-07,9.9997007610926708e-07,0.00059005503081744162,0.63226540206418202,301.96829350280291,2.6301973071494571e-09,3.1459544972586957,1067530701.387715,1150,0,0,0,0,0,0,0,0,0,0,-0.068795719448736664,0,0,"fit_50_R_010","fit_50","Relaxed"
"P06","R",11,1,1,1200,"",1199,0,50,0,0,0,0,0,0,0.0015224500000000001,0.0030523,1,1,40101.025115813376,49070.961864499535,0,7.5865364774332947e-10,0,9.8938815023094794e-09,9.9963916574024624e-07,9.9963916574024624e-07,0.00058979900570970767,0.64152901741648027,307.25366666181196,2.0464087784936203e-09,3.1520851548111324,1365695932.0148065,1150,0,0,0,0,0,0,0,0,0,0,-0.060096871082814196,0,0,"fit_50_R_011","fit_50","Relaxed"
"P06","R",12,1,1,1200,"",1199,0,50,0,0,0,0,0,0,0.0015241,0.0030022,1,1,39920.14315452586,49886.028778488966,0,7.5373514480760473e-10,0,9.8999974746429307e-09,9.9994962182862063e-07,9.9994962182862063e-07,0.00059033208640770917,0.6451332220271595,306.22254240226926,2.7747776203749593e-09,3.1405699025555185,735938286.16996646,1150,0,0,0,0,0,0,0,0,0,0,-0.059241374210917241,0,0,"fit_50_R_012","fit_50","Relaxed"
"P06","R",13,1,1,1200,"",1199,0,50,0,0,0,0,0,0,0.001542,0.0038639999999999998,1,1,39121.263156964967,48480.441966582795,0,7.6177469012750188e-10,0,9.900917581045094e-09,9.9999631961641981e-07,9.9999631961641981e-07,0.00058980506238916208,0.62798795940012531,299.83512412523692,1.2501877170346034e-09,3.152014405945994,2239721375.9736848,1150,0,0,0,0,0,0,0,0,0,0,-0.075998511695027499,0,0,"fit_50_R_013","fit_50","Relaxed"
"P06","R",14,1,1,1200,"",1199,0,50,0,0,0,0,0,0,0.0015246999999999999,0.0036357,1,1,39794.449907761722,49311.042694648371,0,7.5829815154327416e-10,0,9.8858341064541148e-09,9.9923052286676211e-07,9.9923052286676211e-07,0.00058973492752121984,0.64652584094132548,308.30131603894296,1.4615737370745542e-09,3.1499438102522834,1920205699.8052781,1150,0,0,0,0,0,0,0,0,0,0,-0.070119459421423502,0,0,"fit_50_R_014","fit_50","Relaxed"
"P06","R",15,1,1,1200,"",1199,0,50,0,0,0,0,0,0,0.0015497499999999999,0.0035428,1,1,39230.718476345442,48001.826384695596,0,7.5410676461362462e-10,0,9.9002614513781234e-09,9.9996301955277599e-07,9.9996301955277599e-07,0.00058977631115754382,0.62746651144284327,299.46417125140317,2.6233031462013116e-09,3.1521193255279139,1063017403.2845056,1150,0,0,0,0,0,0,0,0,0,0,-0.062625048590400967,0,0,"fit_50_R_015","fit_50","Relaxed"
"P06","R",16,1,1,1200,"",1199,0,50,0,0,0,0,0,0,0.00152085,0.0036625,1,1,39309.640407953797,48137.453425165593,0,7.5979983144121143e-10,0,9.8935727078525466e-09,9.9962348834331728e-07,9.9962348834331728e-07,0.00058993993071224961,0.63389361357310614,301.39408024231432,3.00470442160377e-09,3.1434654943329203,931744352.84112585,1150,0,0,0,0,0,0,0,0,0,0,-0.060898685213867043,0,0,"fit_50_R_016","fit_50","Relaxed"
"P06","R",17,1,1,1200,"",1199,0,50,0,0,0,0,0,0,0.0015159499999999998,0.0038573000000000001,1,1,39793.412624667806,49397.702697346038,0,7.657167891004144e-10,0,9.8985580356038996e-09,9.9987656225172025e-07,9.9987656225172025e-07,0.0005901907534899423,0.6354845006574692,301.95598013610311,1.7389516302087859e-09,3.1437261891699011,1433531703.6710951,1150,0,0,0,0,0,0,0,0,0,0,-0.06450605152012498,0,0,"fit_50_R_017","fit_50","Relaxed"
"P06","R",18,1,1,1200,"",1199,0,50,0,0,0,0,0,0,0.0015134,0.0035593999999999999,1,1,39270.436134247619,48241.408490239708,0,7.548406366910385e-10,0,9.8991036805084631e-09,9.9990425739939852e-07,9.9990425739939852e-07,0.00059002286747624226,0.63993532357449268,305.19177348404332,1.5733902853658223e-09,3.1479420530703841,1784717207.2820065,1150,0,0,0,0,0,0,0,0,0,0,-0.068216879931091212,0,0,"fit_50_R_018","fit_50","Relaxed"
"P06","R",19,1,1,1200,"",1199,0,50,0,0,0,0,0,0,0.0015146000000000001,0.0036901999999999998,1,1,39233.267383666069,48113.507846864035,0,7.541297524218899e-10,0,9.899677327177655e-09,9.9993337301004622e-07,9.9993337301004622e-07,0.00059005774612924298,0.6291086501384231,299.81221091521115,2.5187263885483426e-09,3.1536699180835952,892622544.34888542,1150,0,0,0,0,0,0,0,0,0,0,-0.062026639362913499,0,0,"fit_50_R_019","fit_50","Relaxed"
"P06","R",20,1,1,1200,"",1199,0,50,0,0,0,0,0,0,0.00151475,0.0039883000000000002,1,1,39661.935034041198,48654.288910771618,0,7.6036092185806666e-10,0,9.9006230574550151e-09,9.9998137201366046e-07,9.9998137201366046e-07,0.00059002948895922331,0.64318800215295791,309.36769420779262,3.4808616480144915e-09,3.1445918271194757,803558998.35709691,1150,0,0,0,0,0,0,0,0,0,0,-0.065138925306335055,0,0,"fit_50_R_020","fit_50","Relaxed"
"P06","R",21,1,1,1200,"",1199,0,50,0,0,0,0,0,0,0.0015257999999999999,0.0045934000000000001,1,1,39296.497200602651,48862.394851638484,0,7.6173143714305632e-10,0,9.8947873139212101e-09,9.9968515211198799e-07,9.9968515211198799e-07,0.00059031274628082138,0.63866671078590376,303.38563643310198,1.8742137290448965e-09,3.1496150943164665,1089989901.6280384,1150,0,0,0,0,0,0,0,0,0,0,-0.066374739718054021,0,0,"fit_50_R_021","fit_50","Relaxed"
"P06","R",22,1,1,1200,"",1199,0,50,0,0,0,0,0,0,0.0015379999999999999,0.0044773,1,1,39125.584172422787,48482.220439618541,0,7.625745241571933e-10,0,9.8999874658834901e-09,9.999491138462934e-07,9.999491138462934e-07,0.00059006427252770641,0.6268456716583517,297.42318508659821,2.6990414944887353e-09,3.1513612826048272,1039698422.0920702,1150,0,0,0,0,0,0,0,0,0,0,-0.069535138335367702,0,0,"fit_50_R_022","fit_50","Relaxed"
"P06","R",23,1,1,1200,"",1199,0,50,0,0,0,0,0,0,0.0015225,0.0039648000000000001,1,1,39471.941456328146,49196.100519137202,0,7.6097337419459104e-10,0,9.8998351666432616e-09,9.9994138405346931e-07,9.9994138405346931e-07,0.00058975372380570216,0.62633875237765535,297.74627597637988,1.5440645038330552e-09,3.1485344812587637,1813996618.325387,1150,0,0,0,0,0,0,0,0,0,0,-0.066688334367866919,0,0,"fit_50_R_023","fit_50","Relaxed"
"P06","R",24,1,1,1200,"",1199,0,50,0,0,0,0,0,0,0.0015749499999999999,0.0065380999999999998,1,1,39608.498238552755,48989.277031576843,0,7.6611945220842455e-10,0,9.8959404141601432e-09,9.9974368985268532e-07,9.9974368985268532e-07,0.00058976891958650358,0.64870818653756102,309.69849092496003,1.9222437568509478e-09,3.1506608146859323,1457092606.5160296,1150,0,0,0,0,0,0,0,0,0,0,-0.078496157109503556,0,0,"fit_50_R_024","fit_50","Relaxed"
"P06","R",25,1,1,1200,"",1199,0,50,0,0,0,0,0,0,0.0015560999999999999,0.0062673,1,1,39352.281971136035,48349.221389584578,0,7.5360371824135828e-10,0,9.9008294674903501e-09,9.9999184771787877e-07,9.9999184771787877e-07,0.00058960795224321659,0.64855671868511622,308.18269487661678,3.5157725671080498e-09,3.1508946897070027,673820612.19386399,1150,0,0,0,0,0,0,0,0,0,0,-0.073924061544007658,0,0,"fit_50_R_025","fit_50","Relaxed"
"P06","R",26,1,1,1200,"",1199,0,50,0,0,0,0,0,0,0.0015278000000000002,0.0038368,1,1,39422.658625567325,48598.119179214533,0,7.6433858487535678e-10,0,9.8894249711817685e-09,9.9941288558101903e-07,9.9941288558101903e-07,0.00058979016912245256,0.64966169587579681,310.18127684096248,1.8153719943778663e-09,3.1451431426472785,1543501834.5590944,1150,0,0,0,0,0,0,0,0,0,0,-0.07632473303145465,0,0,"fit_50_R_026","fit_50","Relaxed"
"P06","R",27,1,1,1200,"",1199,0,50,0,0,0,0,0,0,0.001536,0.0038976000000000002,1,1,39645.423811413042,48575.28870075172,0,7.5771436432319128e-10,0,9.9000503709463585e-09,9.9995230651150536e-07,9.9995230651150536e-07,0.00058957502960219901,0.63238945121681134,302.70657700738099,9.5210500190569632e-10,3.1536171386644147,2148091619.4304924,1150,0,0,0,0,0,0,0,0,0,0,-0.060744930812171249,0,0,"fit_50_R_027","fit_50","Relaxed"
"P06","R",28,1,1,1200,"",1199,0,50,0,0,0,0,0,0,0.00153115,0.0038208999999999999,1,1,39321.607643590309,48368.547138013833,0,7.5461834988855532e-10,0,9.900935435236428e-09,9.9999722574171769e-07,9.9999722574171769e-07,0.00059006024630127224,0.62503501537190531,297.66752034674033,1.4438624586495725e-09,3.150852089269752,1417710800.8590863,1150,0,0,0,0,0,0,0,0,0,0,-0.060013538505764241,0,0,"fit_50_R_028","fit_50","Relaxed"
"P06","R",29,1,1,1200,"",1199,0,50,0,0,0,0,0,0,0.0015654499999999999,0.0035712999999999999,1,1,39531.281124739937,48895.99914204223,0,7.574029935540828e-10,0,9.8940349919328321e-09,9.9964695826976518e-07,9.9964695826976518e-07,0.00058999002716175796,0.63303477001652353,303.37707727135466,1.8628296289813516e-09,3.149046036511379,1504802445.7163763,1150,0,0,0,0,0,0,0,0,0,0,-0.066714418993964186,0,0,"fit_50_R_029","fit_50","Relaxed"
"P06","R",30,1,1,1200,"",1199,0,50,0,0,0,0,0,0,0.0015330000000000001,0.0046771,1,1,39496.230690164324,48742.021303790745,0,7.6249806030850336e-10,0,9.895409414634994e-09,9.9971673380171495e-07,9.9971673380171495e-07,0.00059001643116139235,0.64898984381621161,309.28403009691283,3.1616047658603224e-09,3.1488002108418427,886661515.81978655,1150,0,0,0,0,0,0,0,0,0,0,-0.053136766414974668,0,0,"fit_50_R_030","fit_50","Relaxed"
"P06","R",31,1,1,1200,"",1199,0,50,0,0,0,0,0,0,0.0015531500000000001,0.0054174999999999996,1,1,39537.109470724361,49064.211255857888,0,7.6087591561748988e-10,0,9.8979046123958902e-09,9.9984339563600328e-07,9.9984339563600328e-07,0.00059001904422744799,0.63840563701207387,303.74477450563268,3.3495884576804106e-09,3.1451271862912611,796330022.10749424,1150,0,0,0,0,0,0,0,0,0,0,-0.073135890748140919,0,0,"fit_50_R_031","fit_50","Relaxed"
"P06","R",32,1,1,1200,"",1199,0,50,0,0,0,0,0,0,0.0015569500000000001,0.0045992999999999997,1,1,39644.526465508148,48701.5045823322,0,7.6157163410117379e-10,0,9.8984358802264281e-09,9.9987036194142006e-07,9.9987036194142006e-07,0.00058953523360821011,0.64309064272774441,306.82636906630592,2.1145193581121942e-09,3.1508057955138677,1330838367.9652915,1150,0,0,0,0,0,0,0,0,0,0,-0.072270195421053507,0,0,"fit_50_R_032","fit_50","Relaxed"
"P06","R",33,1,1,1200,"",1199,0,50,0,0,0,0,0,0,0.00152275,0.0045802000000000004,1,1,39439.757182715359,49384.627022060376,0,7.612903363233707e-10,0,9.8999628045862523e-09,9.9994786219126738e-07,9.9994786219126738e-07,0.0005905023787204785,0.63111706343017704,300.45423617672583,1.667785262224089e-09,3.1417392478988706,1226671132.4189963,1150,0,0,0,0,0,0,0,0,0,0,-0.066679309847574308,0,0,"fit_50_R_033","fit_50","Relaxed"
"P06","R",34,1,1,1200,"",1199,0,50,0,0,0,0,0,0,0.0015395000000000001,0.0045202999999999997,1,1,39350.25601397358,48774.207211305082,0,7.6245081328656195e-10,0,9.9004507548361544e-09,9.9997262724329399e-07,9.9997262724329399e-07,0.00058986731786495462,0.61578289587661506,293.48659659569842,3.337923481693911e-09,3.1479633057542089,839854419.4023695,1150,0,0,0,0,0,0,0,0,0,0,-0.072074214834109307,0,0,"fit_50_R_034","fit_50","Relaxed"
"P06","R",35,1,1,1200,"",1199,0,50,0,0,0,0,0,0,0.0015414000000000001,0.0084951000000000002,1,1,39600.988543388245,49035.090053822685,0,7.6501849175102225e-10,0,9.8964173228493858e-09,9.9976789938629791e-07,9.9976789938629791e-07,0.00058959833804065839,0.62630061088672617,299.41660324442483,2.1197320005379742e-09,3.1484153238000494,1323004200.9207175,1150,0,0,0,0,0,0,0,0,0,0,-0.059567953923652689,0,0,"fit_50_R_035","fit_50","Relaxed"
"P06","R",36,1,1,1200,"",1199,0,50,0,0,0,0,0,0,0.0016554,0.0041492999999999999,1,1,39748.810225793102,48837.69244911227,0,7.593343479061802e-10,0,9.8990816055005982e-09,9.9990313695900127e-07,9.9990313695900127e-07,0.00058964214853603181,0.64123233762440601,306.10904684490674,2.5690519752909419e-09,3.1507919853416539,1220287875.514792,1150,0,0,0,0,0,0,0,0,0,0,-0.07551841087852651,0,0,"fit_50_R_036","fit_50","Relaxed"
"P06","R",37,1,1,1200,"",1199,0,50,0,0,0,0,0,0,0.0016692500000000002,0.0044143000000000003,1,1,39074.930780445495,47634.414725536852,0,7.612755397351602e-10,0,9.896341331647291e-09,9.9976404184886407e-07,9.9976404184886407e-07,0.00059000941024086749,0.64369955478888397,306.75396576084631,1.9024613270745306e-09,3.1475021153614642,1476007319.7396836,1150,0,0,0,0,0,0,0,0,0,0,-0.062752466566318998,0,0,"fit_50_R_037","fit_50","Relaxed"
"P06","R",38,1,1,1200,"",1199,0,50,0,0,0,0,0,0,0.0015213,0.0030244,1,1,39727.217117400025,48851.540183507263,0,7.6096913102336114e-10,0,9.8968362049874755e-09,9.997891628151697e-07,9.997891628151697e-07,0.00059020041414193953,0.65338938215270836,311.50705969541235,3.1026078932037092e-09,3.1513419468211596,1008471796.18493,1150,0,0,0,0,0,0,0,0,0,0,-0.060091652192406364,0,0,"fit_50_R_038","fit_50","Relaxed"
"P06","R",39,1,1,1200,"",1199,0,50,0,0,0,0,0,0,0.00157675,0.0045891999999999999,1,1,39182.619524713671,48485.224726170913,0,7.5310866298643657e-10,0,9.9004273731963884e-09,9.9997144056328613e-07,9.9997144056328613e-07,0.00058991260977524619,0.623051980575555,297.89610841726881,2.0189314119935773e-09,3.1447208419649444,1386337553.9535131,1150,0,0,0,0,0,0,0,0,0,0,-0.054113572450759595,0,0,"fit_50_R_039","fit_50","Relaxed"
"P06","R",40,1,1,1200,"",1199,0,50,0,0,0,0,0,0,0.001567,0.0038638000000000001,1,1,39567.435690151106,49313.529674039943,0,7.5782128952933985e-10,0,9.900971742234381e-09,9.9999906837040281e-07,9.9999906837040281e-07,0.00059017974923849788,0.63531632727504883,301.3453074458231,2.0083121314183735e-09,3.1479362553812535,1276955142.1505349,1150,0,0,0,0,0,0,0,0,0,0,-0.064688589738824576,0,0,"fit_50_R_040","fit_50","Relaxed"
"P06","S",0,0,1,1200,"",1199,0,50,0,0,0,0,0,0,0.0015355,0.0051498000000000004,1,1,39873.769109146,49280.969019837154,0,7.5234583029821653e-10,0,9.8237537276483499e-09,9.9607255974988797e-07,9.9607255974988797e-07,0.00064046505567158139,0.17814085082832026,93.348629219793125,-7.0850347953307218e-16,2.8473332968938192,4.9039813335429849e+19,1150,0,0,0,0,0,0,0,0,0,0,-0.066667562676765213,0,0,"fit_50_S_000","fit_50","Shared"
"P06","S",1,1,1,1200,"",1199,0,50,0,0,0,0,0,0,0.0015189499999999998,0.0042858000000000002,1,1,39537.88556596369,49178.718194960333,0,7.6337934815461527e-10,0,9.9001966440642859e-09,9.9995973037582851e-07,9.9995973037582851e-07,0.00064030253128390374,0.18207143933923001,91.999288635790322,1.6807236039216984e-05,2.8454808809745153,122358.15726369724,1150,0,0,0,0,0,0,0,0,0,0,-0.066653345167816902,0,0,"fit_50_S_001","fit_50","Shared"
"P06","S",2,1,1,1200,"",1199,0,50,0,0,0,0,0,0,0.0015264499999999999,0.0035561999999999998,1,1,39730.956101951371,49491.079177821252,0,7.6194653287573351e-10,0,9.8941671052156131e-09,9.9965366549385778e-07,9.9965366549385778e-07,0.00064045324060414384,0.17591610710722011,91.809081229447116,1.5289582770432899e-05,2.8478575676374316,111325.84334709699,1150,0,0,0,0,0,0,0,0,0,0,-0.077232782108476505,0,0,"fit_50_S_002","fit_50","Shared"
"P06","S",3,1,1,1200,"",1199,0,50,0,0,0,0,0,0,0.0015216499999999998,0.0036705000000000002,1,1,39673.932527902609,49468.969236716446,0,7.5965507730821299e-10,0,9.8998752729800519e-09,9.9994341961545415e-07,9.9994341961545415e-07,0.00064027101436165529,0.17958610610669723,92.434090919197288,2.2832405472165745e-05,2.8476655376203208,89986.44609140871,1150,0,0,0,0,0,0,0,0,0,0,-0.057933473675571667,0,0,"fit_50_S_003","fit_50","Shared"
"P06","S",4,1,1,1200,"",1199,0,50,0,0,0,0,0,0,0.0015208999999999999,0.0031010999999999999,1,1,39201.086736686324,48861.007424231866,0,7.6164687145755631e-10,0,9.8971651717824049e-09,9.9980586162036092e-07,9.9980586162036092e-07,0.00064078650081793038,0.17491299702092711,91.288894684294135,1.8235577822568185e-05,2.8453423571199337,112610.93081785068,1150,0,0,0,0,0,0,0,0,0,0,-0.072560221656237101,0,0,"fit_50_S_004","fit_50","Shared"
"P06","S",5,1,1,1200,"",1199,0,50,0,0,0,0,0,0,0.0015195,0.0036051,1,1,39661.490489293195,49656.39259216762,0,7.6089144058108337e-10,0,9.8965222454972903e-09,9.9977322554507471e-07,9.9977322554507471e-07,0.00064027905984693578,0.17954357391930276,91.439202963367634,1.0299222792088059e-05,2.8494489224900681,199685.91316607929,1150,0,0,0,0,0,0,0,0,0,0,-0.060630439430144289,0,0,"fit_50_S_005","fit_50","Shared"
"P06","S",6,1,1,1200,"",1199,0,50,0,0,0,0,0,0,0.0015430999999999999,0.0041487,1,1,39538.395062209194,49218.762160865459,0,7.6378556870913804e-10,0,9.8994634600995753e-09,9.9992251821929206e-07,9.9992251821929206e-07,0.00064001990798941437,0.17873095452031915,91.454220371709567,2.1188109076504313e-05,2.8498265415380994,96989.10256789696,1150,0,0,0,0,0,0,0,0,0,0,-0.072014923493039229,0,0,"fit_50_S_006","fit_50","Shared"
"P06","S",7,1,1,1200,"",1199,0,50,0,0,0,0,0,0,0.00152455,0.0042094999999999997,1,1,39248.776689380335,48488.24034396447,0,7.5844412828839913e-10,0,9.8989943713738628e-09,9.998987092863806e-07,9.998987092863806e-07,0.00064007309775245783,0.17879723617254195,92.105748122937527,1.6327138150578347e-05,2.8488460809992282,126023.85140811904,1150,0,0,0,0,0,0,0,0,0,0,-0.082348772424853667,0,0,"fit_50_S_007","fit_50","Shared"
"P06","S",8,1,1,1200,"",1199,0,50,0,0,0,0,0,0,0.0015229,0.0036075,1,1,39753.114377488368,49224.02078764281,0,7.6029662272423486e-10,0,9.9007573239681712e-09,9.9998818630838234e-07,9.9998818630838234e-07,0.00064034038399539395,0.17983481250360273,92.991413978669641,1.7280767064629409e-05,2.8490600061436955,98538.545955710695,1150,0,0,0,0,0,0,0,0,0,0,-0.066382916518932744,0,0,"fit_50_S_008","fit_50","Shared"
"P06","S",9,1,1,1200,"",1199,0,50,0,0,0,0,0,0,0.001526,0.0035561999999999998,1,1,39781.826280990892,49485.940734712647,0,7.6219421427079592e-10,0,9.9002897806116399e-09,9.999644573479896e-07,9.999644573479896e-07,0.00064015618532249337,0.17960679296623105,91.915546867455461,2.3503892955864818e-05,2.8499950172490993,87489.165660318744,1150,0,0,0,0,0,0,0,0,0,0,-0.077088202342017104,0,0,"fit_50_S_009","fit_50","Shared"
"P06","S",10,1,1,1200,"",1199,0,50,0,0,0,0,0,0,0.00151385,0.0036191999999999999,1,1,39010.705937570041,47943.968717609896,0,7.569877613834197e-10,0,9.9008281298395879e-09,9.9999177982988571e-07,9.9999177982988571e-07,0.00064041866273305444,0.17705639680855989,92.89428370250296,1.6021192207631689e-05,2.8475532857814994,128517.50189290114,1150,0,0,0,0,0,0,0,0,0,0,-0.068990701484438255,0,0,"fit_50_S_010","fit_50","Shared"
"P06","S",11,1,1,1200,"",1199,0,50,0,0,0,0,0,0,0.0015099499999999999,0.0034456000000000001,1,1,40133.91429490217,49628.649652478358,0,7.5564599505477809e-10,0,9.8985044901374005e-09,9.9987384441854644e-07,9.9987384441854644e-07,0.00064030279606734836,0.18136915781889962,92.245501167594171,1.4725321235983417e-05,2.8484084238009952,139499.3458852797,1150,0,0,0,0,0,0,0,0,0,0,-0.059714777057484181,0,0,"fit_50_S_011","fit_50","Shared"
"P06","S",12,1,1,1200,"",1199,0,50,0,0,0,0,0,0,0.0015088499999999999,0.0041260999999999997,1,1,40041.784293187317,49465.586941080044,0,7.5486493782586092e-10,0,9.9009772655477933e-09,9.9999934868564747e-07,9.9999934868564747e-07,0.00064054333773835674,0.17712976895137933,91.233108581725745,2.0968405154023754e-05,2.8455370485969236,97772.495235938928,1150,0,0,0,0,0,0,0,0,0,0,-0.059287811611374919,0,0,"fit_50_S_012","fit_50","Shared"
"P06","S",13,1,1,1200,"",1199,0,50,0,0,0,0,0,0,0.0015162000000000001,0.0036446,1,1,39151.648150225752,48544.312762985821,0,7.6019510578322613e-10,0,9.9009170771062931e-09,9.9999629404080842e-07,9.9999629404080842e-07,0.00064017933394399534,0.17741508733058942,92.347943444234701,1.6945338394525571e-05,2.8520907738417263,121341.06779325914,1150,0,0,0,0,0,0,0,0,0,0,-0.076273237392498638,0,0,"fit_50_S_013","fit_50","Shared"
"P06","S",14,1,1,1200,"",1199,0,50,0,0,0,0,0,0,0.0015159499999999998,0.0036476,1,1,39810.186340585045,49306.921813056608,0,7.5768434756099598e-10,0,9.8996865595496342e-09,9.9993384159507071e-07,9.9993384159507071e-07,0.0006400302343877439,0.17822704663056785,91.401310383594421,1.4402276178059306e-05,2.8494150442437887,142806.24548825269,1150,0,0,0,0,0,0,0,0,0,0,-0.069813103517449515,0,0,"fit_50_S_014","fit_50","Shared"
"P06","S",15,1,1,1200,"",1199,0,50,0,0,0,0,0,0,0.00152155,0.0036947999999999998,1,1,39279.801318285143,48338.938682280437,0,7.6436984111654238e-10,0,9.8985105024695305e-09,9.9987414958974762e-07,9.9987414958974762e-07,0.00064021377749870359,0.17388065511209752,91.583399398405504,1.8196998912098518e-05,2.8491745426309953,112902.59199096053,1150,0,0,0,0,0,0,0,0,0,0,-0.062281448564079467,0,0,"fit_50_S_015","fit_50","Shared"
"P06","S",16,1,1,1200,"",1199,0,50,0,0,0,0,0,0,0.0015347,0.0036578000000000001,1,1,39364.448467322989,48357.73013740257,0,7.5966144686717139e-10,0,9.8988099071869923e-09,9.9988934652197775e-07,9.9988934652197775e-07,0.00064027668244326299,0.17492512170607702,91.311200361968432,2.1068549850386504e-05,2.8454772643319806,97565.672000540479,1150,0,0,0,0,0,0,0,0,0,0,-0.061101794683603772,0,0,"fit_50_S_016","fit_50","Shared"
"P06","S",17,1,1,1200,"",1199,0,50,0,0,0,0,0,0,0.0015157,0.0030442999999999998,1,1,39806.598655748283,49388.39246599449,0,7.6572571972518585e-10,0,9.8964646695100207e-09,9.9977030283494239e-07,9.9977030283494239e-07,0.00064055564809016292,0.17841100570230548,91.994014765688192,1.6344242864957181e-05,2.8447895935249345,125596.21409575189,1150,0,0,0,0,0,0,0,0,0,0,-0.064459827453955593,0,0,"fit_50_S_017","fit_50","Shared"
"P06","S",18,1,1,1200,"",1199,0,50,0,0,0,0,0,0,0.0015122500000000001,0.0026966,1,1,39223.814958225157,48810.126934444852,0,7.6041720742461196e-10,0,9.8977899270548093e-09,9.9983757429747551e-07,9.9983757429747551e-07,0.00064047074406560045,0.17774821970194823,92.361044285919462,1.2151647901297485e-05,2.8467971841531736,169488.31130526905,1150,0,0,0,0,0,0,0,0,0,0,-0.068217692892187654,0,0,"fit_50_S_018","fit_50","Shared"
"P06","S",19,1,1,1200,"",1199,0,50,0,0,0,0,0,0,0.0015233,0.0034807000000000002,1,1,39332.133908367054,48412.351671426579,0,7.6146044687804502e-10,0,9.8989272887429187e-09,9.9989530441395629e-07,9.9989530441395629e-07,0.00064044767534858233,0.17675700270284028,91.889584178641172,2.5359296052522421e-05,2.8500994168526961,81093.370580497707,1150,0,0,0,0,0,0,0,0,0,0,-0.061415254570321209,0,0,"fit_50_S_019","fit_50","Shared"
"P06","S",20,1,1,1200,"",1199,0,50,0,0,0,0,0,0,0.0015260999999999999,0.0035607999999999998,1,1,39614.540884431612,48785.898808085054,0,7.602801657344093e-10,0,9.9004606439478815e-09,9.9997312914141003e-07,9.9997312914141003e-07,0.0006403839764765085,0.17897124591552416,92.274240839963312,2.1508666111077861e-05,2.8451524006893325,95519.431550178284,1150,0,0,0,0,0,0,0,0,0,0,-0.065258944381578005,0,0,"fit_50_S_020","fit_50","Shared"
"P06","S",21,1,1,1200,"",1199,0,50,0,0,0,0,0,0,0.0015205499999999999,0.0042659000000000004,1,1,39303.324997820426,48487.454987724392,0,7.6434904034514826e-10,0,9.8992178305633837e-09,9.9991005118662982e-07,9.9991005118662982e-07,0.00064042599749385924,0.17550429313955504,90.675248470804632,2.0219268213600788e-05,2.8509917021547246,84146.231530042016,1150,0,0,0,0,0,0,0,0,0,0,-0.066162640656030391,0,0,"fit_50_S_021","fit_50","Shared"
"P06","S",22,1,1,1200,"",1199,0,50,0,0,0,0,0,0,0.0015084500000000002,0.0038008,1,1,39115.629300534863,48775.283308451457,0,7.6215624386283635e-10,0,9.9009606155604745e-09,9.9999850367718392e-07,9.9999850367718392e-07,0.00064045405424744165,0.17707445136507344,91.913146250932073,1.8518429561093389e-05,2.8502863809748114,111113.41983886251,1150,0,0,0,0,0,0,0,0,0,0,-0.069695707899700171,0,0,"fit_50_S_022","fit_50","Shared"
"P06","S",23,1,1,1200,"",1199,0,50,0,0,0,0,0,0,0.001513,0.0040400999999999996,1,1,39525.446840069271,49054.831801213433,0,7.6083081448406632e-10,0,9.8920942327108677e-09,9.995484232713609e-07,9.995484232713609e-07,0.00064007392888951306,0.17593024124633461,91.826521111845167,1.6182725952812609e-05,2.8485434598463684,126982.68591925083,1150,0,0,0,0,0,0,0,0,0,0,-0.066608986335860737,0,0,"fit_50_S_023","fit_50","Shared"
"P06","S",24,1,1,1200,"",1199,0,50,0,0,0,0,0,0,0.00152395,0.0036283000000000001,1,1,39548.912850816392,49393.469039777498,0,7.6310221811266806e-10,0,9.8973133446049782e-09,9.9981338298608525e-07,9.9981338298608525e-07,0.00064008629274685301,0.17842202186001679,91.840782193360056,1.4165458303223426e-05,2.8502669336131037,145107.42753169985,1150,0,0,0,0,0,0,0,0,0,0,-0.078614878102978319,0,0,"fit_50_S_024","fit_50","Shared"
"P06","S",25,1,1,1200,"",1199,0,50,0,0,0,0,0,0,0.0015417,0.0037677000000000001,1,1,39422.083589644586,48799.685373147564,0,7.6117912561092849e-10,0,9.9568633658979197e-09,9.998298780036612e-07,9.998298780036612e-07,0.0006400066248896314,0.18043336080583036,92.707762342347465,2.0703276537469635e-05,2.8479109404030098,91475.435050662069,1150,0,0,0,0,0,0,0,0,0,0,-0.073252123445346512,0,0,"fit_50_S_025","fit_50","Shared"
"P06","S",26,1,1,1200,"",1199,0,50,0,0,0,0,0,0,0.0015182500000000001,0.0033135,1,1,39371.643384122974,48760.21005903797,0,7.6001430050229971e-10,0,9.8971933935344268e-09,9.9980729418236888e-07,9.9980729418236888e-07,0.00064019283506939095,0.18112180288784355,92.064124807661202,1.6861076093383547e-05,2.8471095382775706,121891.47344339881,1150,0,0,0,0,0,0,0,0,0,0,-0.076539602899308501,0,0,"fit_50_S_026","fit_50","Shared"
"P06","S",27,1,1,1200,"",1199,0,50,0,0,0,0,0,0,0.0015170499999999998,0.0029026,1,1,39522.648748188018,48845.146694209696,0,7.5981142720878743e-10,0,9.8997680010643116e-09,9.9993797511423357e-07,9.9993797511423357e-07,0.00063988341399657807,0.18000199107138207,92.820872994284443,2.2335128496643185e-05,2.8518406605236457,88848.127996584444,1150,0,0,0,0,0,0,0,0,0,0,-0.060839518155755223,0,0,"fit_50_S_027","fit_50","Shared"
"P06","S",28,1,1,1200,"",1199,0,50,0,0,0,0,0,0,0.0015352,0.0035856,1,1,39347.223185069641,48555.512286331526,0,7.5972998646184709e-10,0,9.8999417285806756e-09,9.9994679250224931e-07,9.9994679250224931e-07,0.00064029015301551623,0.17769427712641955,91.598864513825376,2.0106673283858584e-05,2.8495708468806513,93529.300894672342,1150,0,0,0,0,0,0,0,0,0,0,-0.05959224360426707,0,0,"fit_50_S_028","fit_50","Shared"
"P06","S",29,1,1,1200,"",1199,0,50,0,0,0,0,0,0,0.0015158000000000001,0.0037350999999999999,1,1,39559.943838449806,49237.225023450133,0,7.6110898027990693e-10,0,9.8984614589828417e-09,9.9987166026012324e-07,9.9987166026012324e-07,0.00064037731997070902,0.17855409173197984,92.076525599189878,1.7268055286781986e-05,2.8475678302105401,108406.14471300173,1150,0,0,0,0,0,0,0,0,0,0,-0.066257075214909089,0,0,"fit_50_S_029","fit_50","Shared"
"P06","S",30,1,1,1200,"",1199,0,50,0,0,0,0,0,0,0.0015439999999999998,0.0027891000000000001,1,1,39444.630472205288,48506.802901457988,0,7.6232712459735299e-10,0,9.8985242510398715e-09,9.9987484743307405e-07,9.9987484743307405e-07,0.00064024977419583013,0.18010967746522494,91.98538388216204,2.263733467466238e-05,2.8485274210715392,90723.971064229816,1150,0,0,0,0,0,0,0,0,0,0,-0.053319368186906579,0,0,"fit_50_S_030","fit_50","Shared"
"P06","S",31,1,1,1200,"",1199,0,50,0,0,0,0,0,0,0.0015201500000000001,0.004797,1,1,39606.445833017984,48938.460169272556,0,7.6079720178412563e-10,0,9.9000398733225257e-09,9.9995177371886779e-07,9.9995177371886779e-07,0.00064040868931130614,0.1749729723550493,91.383979705095967,1.8840150604346867e-05,2.8454960429799749,108974.80748071513,1150,0,0,0,0,0,0,0,0,0,0,-0.072834959171656444,0,0,"fit_50_S_031","fit_50","Shared"
"P06","S",32,1,1,1200,"",1199,0,50,0,0,0,0,0,0,0.0015166999999999999,0.0045201,1,1,39753.354692996916,49076.71880917644,0,7.6140110896791389e-10,0,9.8967180489862103e-09,9.9978316498761888e-07,9.9978316498761888e-07,0.00064008377854953078,0.17886089800878549,92.225660955557998,1.9447815329325368e-05,2.8479007960978318,92285.994839669976,1150,0,0,0,0,0,0,0,0,0,0,-0.072081033098176039,0,0,"fit_50_S_032","fit_50","Shared"
"P06","S",33,1,1,1200,"",1199,0,50,0,0,0,0,0,0,0.0015300999999999999,0.0035967,1,1,39443.125256576212,49136.817762632636,0,7.613643439895914e-10,0,9.8999434966170889e-09,9.9994688223699576e-07,9.9994688223699576e-07,0.0006407348662981644,0.17491890306403995,91.432943592180166,1.9258213746888866e-05,2.8438994616637001,106716.72234031999,1150,0,0,0,0,0,0,0,0,0,0,-0.06671942691171695,0,0,"fit_50_S_033","fit_50","Shared"
"P06","S",34,1,1,1200,"",1199,0,50,0,0,0,0,0,0,0.0015276000000000001,0.0035482000000000001,1,1,39316.65327102787,48572.667340498454,0,7.6230827083576713e-10,0,9.8928128955543703e-09,9.9958491188188256e-07,9.9958491188188256e-07,0.00064002840607785142,0.17514191608729393,92.083248395480652,2.0615001497281579e-05,2.8500541872031482,99660.998545665017,1150,0,0,0,0,0,0,0,0,0,0,-0.071943279015510481,0,0,"fit_50_S_034","fit_50","Shared"
"P06","S",35,1,1,1200,"",1199,0,50,0,0,0,0,0,0,0.0015166999999999999,0.0036491000000000002,1,1,39628.773285923402,49219.450741587396,0,7.6100597233191911e-10,0,9.8957273169470056e-09,9.9973287211482035e-07,9.9973287211482035e-07,0.00064006703364847021,0.17797013948745138,92.650128341621866,2.0522441032092172e-05,2.8481542363502723,100202.18775607612,1150,0,0,0,0,0,0,0,0,0,0,-0.059629199817178735,0,0,"fit_50_S_035","fit_50","Shared"
"P06","S",36,1,1,1200,"",1199,0,50,0,0,0,0,0,0,0.00154845,0.0035054999999999999,1,1,39808.673283165248,49310.930318880652,0,7.5630179759714405e-10,0,9.8961560952720853e-09,9.9975463864301609e-07,9.9975463864301609e-07,0.00064023656398343577,0.1803550486243789,92.112162900535665,2.3800846537911692e-05,2.8491487537609879,86437.021817062428,1150,0,0,0,0,0,0,0,0,0,0,-0.075704290260967561,0,0,"fit_50_S_036","fit_50","Shared"
"P06","S",37,1,1,1200,"",1199,0,50,0,0,0,0,0,0,0.0015243000000000001,0.0038271999999999998,1,1,39127.797493321254,48379.865122317766,0,7.6121743821323069e-10,0,9.9005546931070038e-09,9.9997790236836452e-07,9.9997790236836452e-07,0.00064048178908257102,0.1765694051300423,92.276576579972343,1.6940497052446007e-05,2.846438906716215,121424.66412031291,1150,0,0,0,0,0,0,0,0,0,0,-0.062718513827514477,0,0,"fit_50_S_037","fit_50","Shared"
"P06","S",38,1,1,1200,"",1199,0,50,0,0,0,0,0,0,0.0015158999999999999,0.0038368,1,1,39825.646762171949,48953.651181452195,0,7.6064137699086936e-10,0,9.9008326983306321e-09,9.9999201168832448e-07,9.9999201168832448e-07,0.00064057197374899641,0.17741412626467384,91.462829025026522,1.9391899543229568e-05,2.8498787784954231,105851.5503663885,1150,0,0,0,0,0,0,0,0,0,0,-0.060027203305271559,0,0,"fit_50_S_038","fit_50","Shared"
"P06","S",39,1,1,1200,"",1199,0,50,0,0,0,0,0,0,0.00152085,0.0034202999999999998,1,1,39260.330854209918,48576.41310977086,0,7.6279238589358738e-10,0,9.9004335594201042e-09,9.9997175453062187e-07,9.9997175453062187e-07,0.00064023888622350442,0.17566423629288752,92.414649419005556,1.9460925284968308e-05,2.8458043704618272,105588.31224958015,1150,0,0,0,0,0,0,0,0,0,0,-0.05369969389530127,0,0,"fit_50_S_039","fit_50","Shared"
"P06","S",40,1,1,1200,"",1199,0,50,0,0,0,0,0,0,0.0015183499999999999,0.0036396000000000002,1,1,39599.390766997938,49412.621332894771,0,7.5943587206445961e-10,0,9.900950051787837e-09,9.9999796755163793e-07,9.9999796755163793e-07,0.00064051218248061556,0.17745262460003391,91.574136259636987,1.6826815428325683e-05,2.8474691747520846,122247.0592708296,1150,0,0,0,0,0,0,0,0,0,0,-0.064266166997696883,0,0,"fit_50_S_040","fit_50","Shared"
"P06","W",0,0,1,1200,"",1199,0,50,0,0,0,0,0,0,0.0014839,0.0034087000000000002,1,1,46911.784005039233,74316.820156135509,0,5.0397665991829044e-10,0,9.8996686231255028e-09,9.9993293123948107e-07,9.9993293123948107e-07,0.00071792088386195339,0.17439257636192623,72.811645439400309,-3.310849374666017e-16,2.6740739014289776,21434024587624412,1150,0,0,0,0,0,0,0,0,0,0,-0.12335631622747445,0,0,"fit_50_W_000","fit_50","Incorrectly shared"
"P06","W",1,1,1,1200,"",1199,0,50,0,0,0,0,0,0,0.0015241,0.0042757000000000003,1,1,46189.972458587901,72887.582157043013,0,5.0578271186621599e-10,0,9.8857334874119847e-09,9.9922541243826518e-07,9.9922541243826518e-07,0.00071811004884171994,0.17832133381605991,72.324339109893884,5.168767426290424e-05,2.6772406701573179,43850.493559917319,1150,0,0,0,0,0,0,0,0,0,0,-0.12057652023132098,0,0,"fit_50_W_001","fit_50","Incorrectly shared"
"P06","W",2,1,1,1200,"",1199,0,50,0,0,0,0,0,0,0.0015203999999999999,0.0044870999999999999,1,1,46726.637881952447,73974.933187852235,0,5.0838747324741693e-10,0,9.8869566235928162e-09,9.9928753362520359e-07,9.9928753362520359e-07,0.0007180555586488391,0.17203182040361373,71.456979663550172,2.9448399912300466e-05,2.6760815485714051,65041.688104584107,1150,0,0,0,0,0,0,0,0,0,0,-0.14747683135548756,0,0,"fit_50_W_002","fit_50","Incorrectly shared"
"P06","W",3,1,1,1200,"",1199,0,50,0,0,0,0,0,0,0.0014916500000000002,0.0028360999999999998,1,1,46716.971775706494,73307.178794374951,0,5.0702111674755881e-10,0,9.8910734071985303e-09,9.9949659072403046e-07,9.9949659072403046e-07,0.00071792807134861034,0.17548181681924016,72.283327410712118,3.1677050630959781e-05,2.6756067683090805,64298.940385169968,1150,0,0,0,0,0,0,0,0,0,0,-0.10940899501365697,0,0,"fit_50_W_003","fit_50","Incorrectly shared"
"P06","W",4,1,1,1200,"",1199,0,50,0,0,0,0,0,0,0.0014888,0.0026267,1,1,46244.763452238469,73200.863204528723,0,5.0238002011557457e-10,0,9.841259384337868e-09,9.9696405164021744e-07,9.9696405164021744e-07,0.00071792225252597069,0.17096197438129901,71.59842278916696,3.321514678118144e-05,2.6764627057079311,74335.859645927005,1150,0,0,0,0,0,0,0,0,0,0,-0.13834069480471875,0,0,"fit_50_W_004","fit_50","Incorrectly shared"
"P06","W",5,1,1,1200,"",1199,0,50,0,0,0,0,0,0,0.0014799499999999998,0.0040673999999999997,1,1,46597.238761333952,72862.803569314754,0,5.0178466750626967e-10,0,9.86913155295238e-09,9.9838184934750179e-07,9.9838184934750179e-07,0.00071801445409527495,0.17557610451583749,71.806500156473902,4.3228591023443809e-05,2.6743573930180276,56893.691484595722,1150,0,0,0,0,0,0,0,0,0,0,-0.10834361034828033,0,0,"fit_50_W_005","fit_50","Incorrectly shared"
"P06","W",6,1,1,1200,"",1199,0,50,0,0,0,0,0,0,0.0014766,0.0026941000000000001,1,1,46758.054703801085,72941.930670697038,0,5.044493483580302e-10,0,9.8677289583193838e-09,9.9831054975551874e-07,9.9831054975551874e-07,0.00071790707054711041,0.17474412740196593,71.673167493474025,3.3676247683844443e-05,2.676861815387825,56870.036794441643,1150,0,0,0,0,0,0,0,0,0,0,-0.13358037005593254,0,0,"fit_50_W_006","fit_50","Incorrectly shared"
"P06","W",7,1,1,1200,"",1199,0,50,0,0,0,0,0,0,0.0014846500000000001,0.0035795000000000002,1,1,46303.651487338713,73430.595895749808,0,5.0065947028340492e-10,0,9.8796854618791636e-09,9.9891818667719181e-07,9.9891818667719181e-07,0.00071790933552931058,0.17508897342989366,71.975083936862845,3.1166364851670461e-05,2.680482774201725,61453.884145408192,1150,0,0,0,0,0,0,0,0,0,0,-0.15273300399606377,0,0,"fit_50_W_007","fit_50","Incorrectly shared"
"P06","W",8,1,1,1200,"",1199,0,50,0,0,0,0,0,0,0.0014989999999999999,0.0034661000000000002,1,1,46764.562341748038,73105.35589140949,0,4.9996662220463767e-10,0,9.8902696869557004e-09,9.9945577986153999e-07,9.9945577986153999e-07,0.00071797870810771187,0.17658170352747374,72.524384057432741,3.348492055127899e-05,2.6754031024638336,74220.018540870718,1150,0,0,0,0,0,0,0,0,0,0,-0.12169897478964087,0,0,"fit_50_W_008","fit_50","Incorrectly shared"
"P06","W",9,1,1,1200,"",1199,0,50,0,0,0,0,0,0,0.00152725,0.0036733999999999998,1,1,46878.397912734537,73992.947075089134,0,5.0013296411969917e-10,0,9.8609170201771418e-09,9.979641998496478e-07,9.979641998496478e-07,0.00071800761233462127,0.17591364054119749,71.928707407065062,3.0786678038783769e-05,2.6742763708014978,61832.131516981135,1150,0,0,0,0,0,0,0,0,0,0,-0.14726007694266047,0,0,"fit_50_W_009","fit_50","Incorrectly shared"
"P06","W",10,1,1,1200,"",1199,0,50,0,0,0,0,0,0,0.0014777499999999999,0.0026475000000000001,1,1,46061.225965563703,72463.126118957836,0,5.0439318542907613e-10,0,9.8954811857192427e-09,9.9972037728373089e-07,9.9972037728373089e-07,0.00071803319411175009,0.17328500966835142,72.052753053010278,3.9527557495164809e-05,2.6812150119688738,55693.557897273924,1150,0,0,0,0,0,0,0,0,0,0,-0.12954874511448711,0,0,"fit_50_W_010","fit_50","Incorrectly shared"
"P06","W",11,1,1,1200,"",1199,0,50,0,0,0,0,0,0,0.0014992,0.0037845999999999999,1,1,47007.762783285922,73966.512274078021,0,5.0719468402789307e-10,0,9.8869927704707594e-09,9.9928936941111378e-07,9.9928936941111378e-07,0.00071814864641211442,0.1773156678789124,72.208393520102732,3.5808012469523047e-05,2.6734263665435036,70937.803120725759,1150,0,0,0,0,0,0,0,0,0,0,-0.10646212763131752,0,0,"fit_50_W_011","fit_50","Incorrectly shared"
"P06","W",12,1,1,1200,"",1199,0,50,0,0,0,0,0,0,0.0014792500000000001,0.0037420999999999999,1,1,47119.00061509751,74666.654210305715,0,5.0685089375463825e-10,0,9.871643196588149e-09,9.9850951387969384e-07,9.9850951387969384e-07,0.00071779439005366526,0.17323424006000401,70.822511819282099,3.0936391382759511e-05,2.6793790515875657,61662.489872377882,1150,0,0,0,0,0,0,0,0,0,0,-0.11399747409722039,0,0,"fit_50_W_012","fit_50","Incorrectly shared"
"P06","W",13,1,1,1200,"",1199,0,50,0,0,0,0,0,0,0.0014832000000000001,0.0036205999999999999,1,1,46291.377643899585,72710.919769721091,0,5.0620239330671216e-10,0,9.8877430636204608e-09,9.9932747368330289e-07,9.9932747368330289e-07,0.00071793017075966106,0.17378526758595886,72.006124242531271,3.1109662287785347e-05,2.6810919021116386,80149.748146546452,1150,0,0,0,0,0,0,0,0,0,0,-0.1433110904715926,0,0,"fit_50_W_013","fit_50","Incorrectly shared"
"P06","W",14,1,1,1200,"",1199,0,50,0,0,0,0,0,0,0.0014932000000000001,0.003539,1,1,46766.657263544417,74041.458667156083,0,5.0487493042909971e-10,0,9.8697324909141927e-09,9.9841239593414183e-07,9.9841239593414183e-07,0.00071781675367462805,0.17409811959579524,71.588138141798694,3.3677124254974985e-05,2.6787114052167817,56626.294550341663,1150,0,0,0,0,0,0,0,0,0,0,-0.13083494614541147,0,0,"fit_50_W_014","fit_50","Incorrectly shared"
"P06","W",15,1,1,1200,"",1199,0,50,0,0,0,0,0,0,0.0014953499999999999,0.0035964,1,1,46026.27955452467,72596.287549729066,0,5.0764003812373826e-10,0,9.8915264773308454e-09,9.9951959574538598e-07,9.9951959574538598e-07,0.00071778958576693348,0.17082122377380116,71.838799059185462,2.4453184807276508e-05,2.6753821753253137,78456.178204945099,1150,0,0,0,0,0,0,0,0,0,0,-0.11372256790318636,0,0,"fit_50_W_015","fit_50","Incorrectly shared"
"P06","W",16,1,1,1200,"",1199,0,50,0,0,0,0,0,0,0.0014811,0.0028222999999999998,1,1,46138.268728547853,73469.385012833212,0,5.0255197449922868e-10,0,9.8170646948598933e-09,9.957317068724328e-07,9.957317068724328e-07,0.00071783433183623664,0.17188431322502887,71.26677500465847,3.6586357285190222e-05,2.6797887386581349,52082.222830266641,1150,0,0,0,0,0,0,0,0,0,0,-0.11374406288097422,0,0,"fit_50_W_016","fit_50","Incorrectly shared"
"P06","W",17,1,1,1200,"",1199,0,50,0,0,0,0,0,0,0.0015167499999999999,0.0030821999999999998,1,1,46809.259429765458,73736.859549762739,0,5.0473384003204076e-10,0,9.8589492377513464e-09,9.9786412679653126e-07,9.9786412679653126e-07,0.0007179220341594207,0.17473097240946742,71.621346539477713,4.2319419189134202e-05,2.6741474891539729,58399.838032913744,1150,0,0,0,0,0,0,0,0,0,0,-0.11695473846945939,0,0,"fit_50_W_017","fit_50","Incorrectly shared"
"P06","W",18,1,1,1200,"",1199,0,50,0,0,0,0,0,0,0.00148945,0.0030227000000000001,1,1,46346.382942718388,72836.011566667992,0,4.9946477604986283e-10,0,9.8978897155236555e-09,9.9984263948426814e-07,9.9984263948426814e-07,0.00071824800884698933,0.17393832311919832,71.917586328913757,3.3850797464363516e-05,2.6814350173370749,70780.832220838944,1150,0,0,0,0,0,0,0,0,0,0,-0.13130213196709978,0,0,"fit_50_W_018","fit_50","Incorrectly shared"
"P06","W",19,1,1,1200,"",1199,0,50,0,0,0,0,0,0,0.0014821999999999999,0.0041415999999999996,1,1,46242.766048272177,73619.830451848582,0,5.0665904399408734e-10,0,9.8379749722359032e-09,9.9679684975621093e-07,9.9679684975621093e-07,0.00071786795304535354,0.17321054555459836,71.713361008407873,3.1979768917360142e-05,2.6778155275075539,60955.9612545161,1150,0,0,0,0,0,0,0,0,0,0,-0.11538740661475494,0,0,"fit_50_W_019","fit_50","Incorrectly shared"
"P06","W",20,1,1,1200,"",1199,0,50,0,0,0,0,0,0,0.0014951000000000001,0.0026250000000000002,1,1,46567.962588123228,73985.160330819432,0,5.0813621944793664e-10,0,9.8965535314469973e-09,9.9977481369950368e-07,9.9977481369950368e-07,0.00071801134875285077,0.17452352192644688,71.839224584131458,4.0993363806463029e-05,2.67611320045371,46553.996396887203,1150,0,0,0,0,0,0,0,0,0,0,-0.11784325847645008,0,0,"fit_50_W_020","fit_50","Incorrectly shared"
"P06","W",21,1,1,1200,"",1199,0,50,0,0,0,0,0,0,0.0014903999999999998,0.0029615000000000002,1,1,46198.540997321135,73500.918677138034,0,5.0295932208551377e-10,0,9.8952018146972641e-09,9.9970619485086043e-07,9.9970619485086043e-07,0.00071781542303216844,0.17179665483717738,70.804860547173206,4.7400687585297625e-05,2.6779010256771523,52920.660378731904,1150,0,0,0,0,0,0,0,0,0,0,-0.12410935290715405,0,0,"fit_50_W_021","fit_50","Incorrectly shared"
"P06","W",22,1,1,1200,"",1199,0,50,0,0,0,0,0,0,0.0014932999999999999,0.0037540999999999998,1,1,46252.64015557208,72605.710526660565,0,5.0538883200843941e-10,0,9.8977337044881181e-09,9.9983472047163503e-07,9.9983472047163503e-07,0.00071808397561357832,0.17413945710871767,71.94670025280584,3.789229853385799e-05,2.6782221623079598,54606.663598142484,1150,0,0,0,0,0,0,0,0,0,0,-0.12761361874370747,0,0,"fit_50_W_022","fit_50","Incorrectly shared"
"P06","W",23,1,1,1200,"",1199,0,50,0,0,0,0,0,0,0.0014874000000000001,0.0035844000000000002,1,1,46557.62023818554,74137.855169133312,0,5.0502512093866961e-10,0,9.8679940598204239e-09,9.9832402632795035e-07,9.9832402632795035e-07,0.00071769095826310699,0.17290868375865268,71.897534305469833,2.5063723878941761e-05,2.6772230606242107,76027.160114867307,1150,0,0,0,0,0,0,0,0,0,0,-0.1224562388054361,0,0,"fit_50_W_023","fit_50","Incorrectly shared"
"P06","W",24,1,1,1200,"",1199,0,50,0,0,0,0,0,0,0.0014827500000000001,0.003722,1,1,46749.098464842667,74184.080525570709,0,5.0367731734344372e-10,0,9.839466903820363e-09,9.9687280399470791e-07,9.9687280399470791e-07,0.00071794415328139136,0.17407831543734334,71.663507207550069,3.1459117717246647e-05,2.6792042731435544,60935.710265827474,1150,0,0,0,0,0,0,0,0,0,0,-0.15303427917284074,0,0,"fit_50_W_024","fit_50","Incorrectly shared"
"P06","W",25,1,1,1200,"",1199,0,50,0,0,0,0,0,0,0.0015129,0.0030737999999999998,1,1,46372.758480282981,73224.822923751213,0,4.9843348051615325e-10,0,9.8960247171882847e-09,9.997479694078186e-07,9.997479694078186e-07,0.00071791913340150807,0.1767546673813796,72.139343807540939,4.6373866076426767e-05,2.6799343933123745,53278.537800011356,1150,0,0,0,0,0,0,0,0,0,0,-0.13596537036309478,0,0,"fit_50_W_025","fit_50","Incorrectly shared"
"P06","W",26,1,1,1200,"",1199,0,50,0,0,0,0,0,0,0.00149095,0.0029345,1,1,46517.716951802875,73140.780672079767,0,5.0770051580562753e-10,0,9.8854574329009011e-09,9.9921139153212137e-07,9.9921139153212137e-07,0.00071794785411554861,0.17723847481936281,72.053428296989395,3.8668913754863336e-05,2.6751423991206269,56728.037925801058,1150,0,0,0,0,0,0,0,0,0,0,-0.14510680700785081,0,0,"fit_50_W_026","fit_50","Incorrectly shared"
"P06","W",27,1,1,1200,"",1199,0,50,0,0,0,0,0,0,0.00149815,0.0028560999999999999,1,1,46944.994017955258,73842.503810204042,0,5.0316914413214335e-10,0,9.8911273174027567e-09,9.9949932808784856e-07,9.9949932808784856e-07,0.00071776609833167234,0.17598236550440921,72.355230575094623,4.2039520093387365e-05,2.6779177835435122,63029.618231219269,1150,0,0,0,0,0,0,0,0,0,0,-0.11121331288540776,0,0,"fit_50_W_027","fit_50","Incorrectly shared"
"P06","W",28,1,1,1200,"",1199,0,50,0,0,0,0,0,0,0.00153265,0.0035171999999999998,1,1,46217.492198392443,72450.273134439223,0,5.003256852651276e-10,0,9.8985157381977177e-09,9.9987443580817813e-07,9.9882740734844931e-07,0.00071786561830661905,0.17444896010584052,71.795590845026226,4.4048077577454886e-05,2.6750554175605328,45716.840938203917,1150,0,0,0,0,0,0,0,0,0,0,-0.10770160782668109,0,0,"fit_50_W_028","fit_50","Incorrectly shared"
"P06","W",29,1,1,1200,"",1199,0,50,0,0,0,0,0,0,0.0014940999999999999,0.0037512999999999999,1,1,46697.119953780173,72965.826644095578,0,5.1273646725180173e-10,0,9.8981246773108713e-09,9.9985456586606598e-07,9.9985456586606598e-07,0.00071793933018881684,0.17457642527604203,71.943798207798451,3.4735349760529918e-05,2.6757902366824271,69497.629177969837,1150,0,0,0,0,0,0,0,0,0,0,-0.12264608415818767,0,0,"fit_50_W_029","fit_50","Incorrectly shared"
"P06","W",30,1,1,1200,"",1199,0,50,0,0,0,0,0,0,0.0015107,0.0034250000000000001,1,1,46643.258623861824,73208.536809351179,0,5.0293831730867656e-10,0,9.8627628666956448e-09,9.9805806277486462e-07,9.9805806277486462e-07,0.00071792594378193076,0.17584596918997275,72.200137787373635,3.8376565220646491e-05,2.6787590984504983,65176.232779225829,1150,0,0,0,0,0,0,0,0,0,0,-0.093822963765349709,0,0,"fit_50_W_030","fit_50","Incorrectly shared"
"P06","W",31,1,1,1200,"",1199,0,50,0,0,0,0,0,0,0.0014787999999999999,0.0039794000000000001,1,1,46593.497295662819,73174.576284722236,0,5.047822424040944e-10,0,9.8585276570587209e-09,9.9784268570768411e-07,9.9784268570768411e-07,0.00071777303386038357,0.17126335010645519,71.58773345770102,4.1885979103901928e-05,2.6766180670666126,53569.662409929901,1150,0,0,0,0,0,0,0,0,0,0,-0.13522087461997506,0,0,"fit_50_W_031","fit_50","Incorrectly shared"
"P06","W",32,1,1,1200,"",1199,0,50,0,0,0,0,0,0,0.0014857500000000001,0.0031922000000000001,1,1,46462.781417824386,73372.501832889437,0,5.090676312970139e-10,0,9.8912443161709864e-09,9.9950526883375864e-07,9.9950526883375864e-07,0.00071806004281899072,0.17506842599425498,72.059427251848817,3.9860538052026105e-05,2.6791340595143516,62229.51832777448,1150,0,0,0,0,0,0,0,0,0,0,-0.12939811224327774,0,0,"fit_50_W_032","fit_50","Incorrectly shared"
"P06","W",33,1,1,1200,"",1199,0,50,0,0,0,0,0,0,0.0014859999999999999,0.0031118999999999999,1,1,46568.208169313686,73537.725015171905,0,5.0394745221082632e-10,0,9.8905045159362382e-09,9.9946770404753324e-07,9.9946770404753324e-07,0.00071807833816045442,0.17130684764800452,71.330194044841377,3.858099776785903e-05,2.6768969149030752,52248.073192209486,1150,0,0,0,0,0,0,0,0,0,0,-0.12151854381508573,0,0,"fit_50_W_033","fit_50","Incorrectly shared"
"P06","W",34,1,1,1200,"",1199,0,50,0,0,0,0,0,0,0.00150285,0.0059442999999999996,1,1,46423.266403997397,73664.686157227712,0,5.0248052464238239e-10,0,9.8998041919665176e-09,9.9993981195810061e-07,9.9993981195810061e-07,0.00071781062242583064,0.171625559306158,71.505300395510559,3.4407146626560826e-05,2.6798132018124736,55378.359794639342,1150,0,0,0,0,0,0,0,0,0,0,-0.13762985377820067,0,0,"fit_50_W_034","fit_50","Incorrectly shared"
"P06","W",35,1,1,1200,"",1199,0,50,0,0,0,0,0,0,0.0015023,0.003434,1,1,46709.823493238604,73498.898481723008,0,5.1053573491956031e-10,0,9.8955064420668817e-09,9.9972165942717972e-07,9.9972165942717972e-07,0.00071797756496959776,0.17427911970719345,72.129894019409619,3.9144982936014513e-05,2.6797054797095039,51517.979761168892,1150,0,0,0,0,0,0,0,0,0,0,-0.10773737586401066,0,0,"fit_50_W_035","fit_50","Incorrectly shared"
"P06","W",36,1,1,1200,"",1199,0,50,0,0,0,0,0,0,0.0014877499999999999,0.0040213999999999996,1,1,46501.541030914086,73014.684367843074,0,5.1162415481104676e-10,0,9.8954098004354579e-09,9.9971675338701934e-07,9.9971675338701934e-07,0.00071796270187764741,0.17648085613946646,71.960487236207499,3.2783357512566197e-05,2.6798640731480816,68761.958767577831,1150,0,0,0,0,0,0,0,0,0,0,-0.14280584206083174,0,0,"fit_50_W_036","fit_50","Incorrectly shared"
"P06","W",37,1,1,1200,"",1199,0,50,0,0,0,0,0,0,0.0014998500000000001,0.0034580000000000001,1,1,45860.290210278508,73385.640663566592,0,5.0393595000277102e-10,0,9.8977637073821563e-09,9.9983624340265491e-07,9.9983624340265491e-07,0.00071812788648274804,0.17308626599175314,71.80461224470865,2.9423905516125193e-05,2.6789551816681381,84571.005173399404,1150,0,0,0,0,0,0,0,0,0,0,-0.1147317089680075,0,0,"fit_50_W_037","fit_50","Incorrectly shared"
"P06","W",38,1,1,1200,"",1199,0,50,0,0,0,0,0,0,0.00148825,0.0034516,1,1,46806.568557015475,73133.608801246563,0,5.0415205467243101e-10,0,9.8974441974702453e-09,9.9982002513116501e-07,9.9982002513116501e-07,0.00071798765932814255,0.17319169836353604,71.634332312609004,3.5915359148956693e-05,2.6739108383759547,59554.910853876005,1150,0,0,0,0,0,0,0,0,0,0,-0.11481019529946068,0,0,"fit_50_W_038","fit_50","Incorrectly shared"
"P06","W",39,1,1,1200,"",1199,0,50,0,0,0,0,0,0,0.0014792500000000001,0.0043947999999999999,1,1,46511.577306874664,73128.2022919187,0,5.0421241081601093e-10,0,9.8975843664686988e-09,9.9982716058280334e-07,9.9931061482138952e-07,0.0007178843230062949,0.17231815787659471,72.163835883167806,3.5546084161542754e-05,2.6781769714468631,69682.961608555182,1150,0,0,0,0,0,0,0,0,0,0,-0.1010557953983876,0,0,"fit_50_W_039","fit_50","Incorrectly shared"
"P06","W",40,1,1,1200,"",1199,0,50,0,0,0,0,0,0,0.0014883499999999998,0.0029526999999999999,1,1,46649.105850601467,73230.87487306472,0,5.055019704713469e-10,0,9.8871587598344392e-09,9.9929779944464769e-07,9.9929779944464769e-07,0.00071796964978866975,0.17432351352159101,71.759354553376269,3.6792460438558167e-05,2.6779996781886801,57114.564523757777,1150,0,0,0,0,0,0,0,0,0,0,-0.1226661793509678,0,0,"fit_50_W_040","fit_50","Incorrectly shared"
"P06","A",0,0,1,1200,"",1199,0,200,0,0,0,0,0,0,0.0015104999999999999,0.0042531000000000001,1,1,41304.539038193849,43221.85682937767,0,4.1994247059465677e-10,0,9.2372452867894052e-09,9.6573560842299779e-07,9.6573560842299779e-07,0.00061161129629300497,0.056472874722977316,56.356483098734621,-5.4621277447842661e-16,2.7693463184253044,1.9121969705820774e+18,1150,0,0,0,0,0,0,0,0,0,0,-0.10094958306754737,0,0,"prior_tenfold_A_000","prior_tenfold","Affine"
"P06","A",1,1,1,1200,"",1199,0,200,0,0,0,0,0,0,0.0014924000000000001,0.0037363000000000001,1,1,40844.107025142803,42645.225533177792,0,4.8131301244821394e-10,0,9.7196804821507239e-09,9.9075621728191205e-07,9.9075621728191205e-07,0.00061165215355782365,0.056883994715643427,56.303635643485791,3.8466736388793118e-05,2.7695843103524682,60341.218240275914,1150,0,0,0,0,0,0,0,0,0,0,-0.10111793806185601,0,0,"prior_tenfold_A_001","prior_tenfold","Affine"
"P06","A",2,1,1,1200,"",1199,0,200,0,0,0,0,0,0,0.0015016000000000001,0.0035382999999999999,1,1,41240.123842766734,43045.042775756978,0,4.7150404785202477e-10,0,9.8903326542195531e-09,9.9945897723773004e-07,9.9945897723773004e-07,0.00061153056241127987,0.05621760101052041,55.791938925519652,2.9922018161050127e-05,2.7710985019900107,62462.079556911754,1150,0,0,0,0,0,0,0,0,0,0,-0.11353545460332756,0,0,"prior_tenfold_A_002","prior_tenfold","Affine"
"P06","A",3,1,1,1200,"",1199,0,200,0,0,0,0,0,0,0.0015022,0.0042719999999999998,1,1,41060.997819207769,42849.029360521854,0,4.5523154217981145e-10,0,9.6229796710358801e-09,9.8579116217232681e-07,9.8579116217232681e-07,0.00061149139428489979,0.056645630356245147,56.236935123777606,2.911057261600473e-05,2.7697856738704161,94093.170600952988,1150,0,0,0,0,0,0,0,0,0,0,-0.091171584266735273,0,0,"prior_tenfold_A_003","prior_tenfold","Affine"
"P06","A",4,1,1,1200,"",1199,0,200,0,0,0,0,0,0,0.0014964000000000002,0.0038457999999999999,1,1,40834.17830283942,42673.251007077888,0,4.2263743225934714e-10,0,9.4879860375072352e-09,9.7881848155671566e-07,9.7881848155671566e-07,0.000611716677721375,0.056180180645403283,55.883560108909322,3.6045161243713935e-05,2.7683602431416756,74552.845485855709,1150,0,0,0,0,0,0,0,0,0,0,-0.10832377838022167,0,0,"prior_tenfold_A_004","prior_tenfold","Affine"
"P06","A",5,1,1,1200,"",1199,0,200,0,0,0,0,0,0,0.0015048499999999999,0.0039750000000000002,1,1,41110.247389226461,42888.831471332393,0,4.6265654002965564e-10,0,9.5741490486507466e-09,9.832745915359544e-07,9.832745915359544e-07,0.0006116101978888654,0.056190798228195171,55.700050866774795,2.5953521005219355e-05,2.7683037671379807,86812.95905291957,1150,0,0,0,0,0,0,0,0,0,0,-0.093929605230627655,0,0,"prior_tenfold_A_005","prior_tenfold","Affine"
"P06","A",6,1,1,1200,"",1199,0,200,0,0,0,0,0,0,0.0015420500000000001,0.0040946999999999997,1,1,40986.688552301937,42743.547586754416,0,4.2325360037637299e-10,0,9.7153742865240647e-09,9.9053564971186821e-07,9.9053421339525374e-07,0.00061140696498518301,0.056442890585904119,55.839355994109603,4.3802157077386503e-05,2.7720271973596526,59684.260150931717,1150,0,0,0,0,0,0,0,0,0,0,-0.10718852455384453,0,0,"prior_tenfold_A_006","prior_tenfold","Affine"
"P06","A",7,1,1,1200,"",1199,0,200,0,0,0,0,0,0,0.0015173999999999999,0.0053574,1,1,40899.112778364099,42569.12677015215,0,4.7212064027679188e-10,0,9.7744885155931525e-09,9.9355945319044232e-07,9.9355945319044232e-07,0.00061139862362659522,0.056418107324354982,55.909962389740556,4.0006594769554174e-05,2.7752403362973643,59151.703051057739,1150,0,0,0,0,0,0,0,0,0,0,-0.11947150358558212,0,0,"prior_tenfold_A_007","prior_tenfold","Affine"
"P06","A",8,1,1,1200,"",1199,0,200,0,0,0,0,0,0,0.0015092,0.0030776000000000002,1,1,40852.743181111262,42602.917721228943,0,4.3567220792373352e-10,0,9.6220428262281937e-09,9.857429398202296e-07,9.857429398202296e-07,0.00061156848863456049,0.056498676448916429,56.291897933363835,3.336953497014514e-05,2.7689038975937939,65968.79782827296,1150,0,0,0,0,0,0,0,0,0,0,-0.10057140751009047,0,0,"prior_tenfold_A_008","prior_tenfold","Affine"
"P06","A",9,1,1,1200,"",1199,0,200,0,0,0,0,0,0,0.0014972499999999999,0.0040263,1,1,41115.351967297931,42778.471663389879,0,4.7345649942598324e-10,0,9.8297214077441491e-09,9.9637656802562679e-07,9.9637507245781379e-07,0.00061147063508375709,0.056349885467046654,55.850863943100329,4.2859276837796371e-05,2.7697655089683284,47470.674941136349,1150,0,0,0,0,0,0,0,0,0,0,-0.11321469041589119,0,0,"prior_tenfold_A_009","prior_tenfold","Affine"
"P06","A",10,1,1,1200,"",1199,0,200,0,0,0,0,0,0,0.00150585,0.0034240999999999998,1,1,40897.738392901345,42725.52928652837,0,4.6705453220410212e-10,0,9.8880500713925293e-09,9.9934306491999387e-07,9.9934306491999387e-07,0.00061163033385023668,0.056530640176658029,56.115264954512909,4.3558379759249755e-05,2.7733411271809136,52122.722231293512,1150,0,0,0,0,0,0,0,0,0,0,-0.10409710844697456,0,0,"prior_tenfold_A_010","prior_tenfold","Affine"
"P06","A",11,1,1,1200,"",1199,0,200,0,0,0,0,0,0,0.0015237499999999999,0.0030238000000000001,1,1,41399.133691810857,43185.227300130442,0,3.9799604270115525e-10,0,9.7490202348969501e-09,9.9225782198141388e-07,9.9225633362663381e-07,0.00061159190684343355,0.056651412888505934,56.02254993625737,3.5155150570689256e-05,2.7689374679670964,77945.052084863375,1150,0,0,0,0,0,0,0,0,0,0,-0.092840200615174062,0,0,"prior_tenfold_A_011","prior_tenfold","Affine"
"P06","A",12,1,1,1200,"",1199,0,200,0,0,0,0,0,0,0.0014899499999999999,0.0031044000000000002,1,1,41375.633110410294,43070.269962802486,0,4.3160469368199866e-10,0,9.4975238492525659e-09,9.7931273399884583e-07,9.7931273399884583e-07,0.00061163111445330768,0.056239196907523624,55.594259125763173,4.2001121463770817e-05,2.7741355118389062,61355.308944127057,1150,0,0,0,0,0,0,0,0,0,0,-0.092464187197973668,0,0,"prior_tenfold_A_012","prior_tenfold","Affine"
"P06","A",13,1,1,1200,"",1199,0,200,0,0,0,0,0,0,0.00149165,0.0040416999999999996,1,1,41043.065063884904,42832.560168061755,0,4.8164398675036585e-10,0,9.806804318854679e-09,9.9520865592333597e-07,9.9520720249959029e-07,0.00061143986899595416,0.056431066178311728,56.121042187719681,3.591393795552238e-05,2.773905054626745,75254.11200705306,1150,0,0,0,0,0,0,0,0,0,0,-0.11250931816524889,0,0,"prior_tenfold_A_013","prior_tenfold","Affine"
"P06","A",14,1,1,1200,"",1199,0,200,0,0,0,0,0,0,0.0014916999999999999,0.0035466999999999999,1,1,41053.76607518574,42806.552065055883,0,4.8155804373002952e-10,0,9.8525781856271464e-09,9.9754005430411046e-07,9.9754005430411046e-07,0.00061134501238681673,0.056407669762147852,55.87654224131677,3.4675204952449505e-05,2.7749988798150871,65001.147079867616,1150,0,0,0,0,0,0,0,0,0,0,-0.10477186202919414,0,0,"prior_tenfold_A_014","prior_tenfold","Affine"
"P06","A",15,1,1,1200,"",1199,0,200,0,0,0,0,0,0,0.0015057500000000001,0.0073619000000000002,1,1,40974.593124109262,42800.751094922765,0,4.4465696922199728e-10,0,9.7109398653666847e-09,9.9030845320068723e-07,9.9030703841476999e-07,0.00061146169165185698,0.056200146434317366,55.887245483523301,3.1814447647274518e-05,2.7680578130522724,64167.704379705057,1150,0,0,0,0,0,0,0,0,0,0,-0.095875961190622527,0,0,"prior_tenfold_A_015","prior_tenfold","Affine"
"P06","A",16,1,1,1200,"",1199,0,200,0,0,0,0,0,0,0.0015129000000000002,0.0025474,1,1,41030.009207244104,42842.673505575731,0,4.5387061089297247e-10,0,9.8177446100644408e-09,9.9576636884955185e-07,9.9576489511792635e-07,0.00061161803962347255,0.055961540973707063,55.529455005642397,4.3861935801426542e-05,2.7713129851714453,58305.310335699898,1150,0,0,0,0,0,0,0,0,0,0,-0.094733641124314982,0,0,"prior_tenfold_A_016","prior_tenfold","Affine"
"P06","A",17,1,1,1200,"",1199,0,200,0,0,0,0,0,0,0.0015037499999999999,0.0034941999999999998,1,1,41133.800055076776,42846.515340955026,0,4.7211501151493013e-10,0,9.8571148031236478e-09,9.9777082633980214e-07,9.9777082633980214e-07,0.00061159782656229243,0.056486188041501031,55.872809655401262,4.0199368173264505e-05,2.7697718272811671,54058.709940828514,1150,0,0,0,0,0,0,0,0,0,0,-0.098664713845383778,0,0,"prior_tenfold_A_017","prior_tenfold","Affine"
"P06","A",18,1,1,1200,"",1199,0,200,0,0,0,0,0,0,0.0015127999999999999,0.0037234999999999998,1,1,41013.076302608832,42882.742754265142,0,4.9025039597436245e-10,0,9.879909712930905e-09,9.9892957977570062e-07,9.9892957977570062e-07,0.0006116115798795506,0.056635029980602318,56.172975249222858,3.9182147757916761e-05,2.7738664097861516,63042.240272529925,1150,0,0,0,0,0,0,0,0,0,0,-0.10323557772231162,0,0,"prior_tenfold_A_018","prior_tenfold","Affine"
"P06","A",19,1,1,1200,"",1199,0,200,0,0,0,0,0,0,0.0015075499999999999,0.0034976,1,1,40896.865426437056,42683.334154788965,0,4.4825168957030015e-10,0,9.6151871155274445e-09,9.8538998403220483e-07,9.8538998403220483e-07,0.00061155691290946349,0.056381672060917584,55.963641811241153,2.8847566423732553e-05,2.7686116680171136,81147.74707341264,1150,0,0,0,0,0,0,0,0,0,0,-0.095368519715121974,0,0,"prior_tenfold_A_019","prior_tenfold","Affine"
"P06","A",20,1,1,1200,"",1199,0,200,0,0,0,0,0,0,0.00154725,0.0029248999999999998,1,1,41243.81471555437,43013.311600679939,0,4.5532754249590161e-10,0,9.7113851722617377e-09,9.9033126051091266e-07,9.9033126051091266e-07,0.00061155320797854457,0.056621353930091156,56.111518966613048,4.3634801303485312e-05,2.7715112997958613,48358.733112208312,1150,0,0,0,0,0,0,0,0,0,0,-0.099228412111506487,0,0,"prior_tenfold_A_020","prior_tenfold","Affine"
"P06","A",21,1,1,1200,"",1199,0,200,0,0,0,0,0,0,0.0015141500000000001,0.0036116999999999998,1,1,40704.479854954836,42443.653783317313,0,4.668641441991338e-10,0,9.5318572109172602e-09,9.8108986827261893e-07,9.8108986827261893e-07,0.00061150808567935248,0.055944106360796851,55.3186953374138,4.0209261949379106e-05,2.7694187876970933,56227.255529994094,1150,0,0,0,0,0,0,0,0,0,0,-0.10077342991044588,0,0,"prior_tenfold_A_021","prior_tenfold","Affine"
"P06","A",22,1,1,1200,"",1199,0,200,0,0,0,0,0,0,0.0015065,0.0038966000000000001,1,1,41036.860895188234,42871.277227781204,0,4.7208312451641507e-10,0,9.8846288516484887e-09,9.9916930643355502e-07,9.9916930643355502e-07,0.00061149041142874829,0.056555125230197067,55.972833073656766,4.6626947798723461e-05,2.7702670863701297,52559.412622628784,1150,0,0,0,0,0,0,0,0,0,0,-0.10447450645486664,0,0,"prior_tenfold_A_022","prior_tenfold","Affine"
"P06","A",23,1,1,1200,"",1199,0,200,0,0,0,0,0,0,0.0015763000000000001,0.0036305,1,1,40926.884563796433,42695.242873711984,0,4.0466704275865588e-10,0,9.8794170489238414e-09,9.9890456012927237e-07,9.9890307593354287e-07,0.00061138454386181981,0.05646225644340503,56.078283338744328,3.5384002696792149e-05,2.7711689002803546,61215.644209368264,1150,0,0,0,0,0,0,0,0,0,0,-0.10123662642416734,0,0,"prior_tenfold_A_023","prior_tenfold","Affine"
"P06","A",24,1,1,1200,"",1199,0,200,0,0,0,0,0,0,0.0015103500000000001,0.0043115000000000002,1,1,41100.356970044813,42843.321378128843,0,4.7367303238314367e-10,0,9.8138532702466498e-09,9.9556802153775155e-07,9.9556802153775155e-07,0.00061142224267882205,0.056043213326183783,55.635644974895548,3.597742971870578e-05,2.7738350635236757,75497.221646677266,1150,0,0,0,0,0,0,0,0,0,0,-0.11534459028210473,0,0,"prior_tenfold_A_024","prior_tenfold","Affine"
"P06","A",25,1,1,1200,"",1199,0,200,0,0,0,0,0,0,0.0015053499999999999,0.0035737999999999998,1,1,40802.232945888289,42517.925045069998,0,4.7287679576720859e-10,0,9.6896799220006766e-09,9.8921848074701964e-07,9.8921848074701964e-07,0.00061125371636118345,0.056734048087064962,56.265149065045925,4.0222775686886341e-05,2.7749194976206701,59108.733922639432,1150,0,0,0,0,0,0,0,0,0,0,-0.10914858506399622,0,0,"prior_tenfold_A_025","prior_tenfold","Affine"
"P06","A",26,1,1,1200,"",1199,0,200,0,0,0,0,0,0,0.00150045,0.0030284999999999999,1,1,40976.168683277356,42787.89519659798,0,4.2785052125272349e-10,0,9.6921981349941144e-09,9.8934765733344466e-07,9.8934623268505843e-07,0.00061150774222130336,0.057064191188232971,56.344592121132699,3.7888130370936256e-05,2.7711394864232251,66020.394856196377,1150,0,0,0,0,0,0,0,0,0,0,-0.11279347686191182,0,0,"prior_tenfold_A_026","prior_tenfold","Affine"
"P06","A",27,1,1,1200,"",1199,0,200,0,0,0,0,0,0,0.0014989000000000001,0.0042093,1,1,41137.667170203036,42997.275350891381,0,4.840926344581121e-10,0,9.8448788937034789e-09,9.9714828056391447e-07,9.9714828056391447e-07,0.00061121087575773721,0.056604804877020146,56.234065371092285,3.6547949500399029e-05,2.7729106971025326,75572.254867028518,1150,0,0,0,0,0,0,0,0,0,0,-0.094096627539732414,0,0,"prior_tenfold_A_027","prior_tenfold","Affine"
"P06","A",28,1,1,1200,"",1199,0,200,0,0,0,0,0,0,0.0015056,0.0028476,1,1,41062.297950372063,42822.655257224287,0,4.6329704265950736e-10,0,9.8125969633489941e-09,9.9550398074208564e-07,9.9550398074208564e-07,0.0006115307488917444,0.056477862254054864,55.885620104615988,3.672605535440895e-05,2.7683754441509767,74940.469699232781,1150,0,0,0,0,0,0,0,0,0,0,-0.09283553322949295,0,0,"prior_tenfold_A_028","prior_tenfold","Affine"
"P06","A",29,1,1,1200,"",1199,0,200,0,0,0,0,0,0,0.0015031999999999999,0.0027613999999999998,1,1,40942.038330549483,42687.921789912842,0,4.9373420818250092e-10,0,9.7656692139542921e-09,9.9310890361610579e-07,9.9310890361610579e-07,0.00061151309215591837,0.05667298681539272,56.28894832595612,3.1380347858305963e-05,2.7691358732415106,86290.359179986874,1150,0,0,0,0,0,0,0,0,0,0,-0.10050026631270115,0,0,"prior_tenfold_A_029","prior_tenfold","Affine"
"P06","A",30,1,1,1200,"",1199,0,200,0,0,0,0,0,0,0.0015005999999999999,0.0033996,1,1,40791.932506510842,42587.032157628513,0,4.5646471448406182e-10,0,9.8326805897232175e-09,9.9652726670411829e-07,9.9652726670411829e-07,0.00061146728831478966,0.056494059032855821,56.107282555292365,4.4417125215834776e-05,2.7733817935860068,60957.293868999448,1150,0,0,0,0,0,0,0,0,0,0,-0.085848592712031324,0,0,"prior_tenfold_A_030","prior_tenfold","Affine"
"P06","A",31,1,1,1200,"",1199,0,200,0,0,0,0,0,0,0.0015040000000000001,0.0039442000000000001,1,1,41065.009261935193,42742.300280320778,0,4.634132986856289e-10,0,9.8695106827667453e-09,9.984011315543528e-07,9.9839963650514016e-07,0.00061146907254177522,0.056182738850004382,55.772884214238509,4.3076687977106672e-05,2.7706173081656789,52902.321791944647,1150,0,0,0,0,0,0,0,0,0,0,-0.10806772945556509,0,0,"prior_tenfold_A_031","prior_tenfold","Affine"
"P06","A",32,1,1,1200,"",1199,0,200,0,0,0,0,0,0,0.0015081999999999999,0.0033901999999999999,1,1,41057.879195114991,42882.237853358645,0,5.3218658897394667e-10,0,9.8875805718758369e-09,9.9931922152405977e-07,9.9931922152405977e-07,0.0006113690371273966,0.056801355448253758,56.310276678579307,3.5606956676057097e-05,2.7734613450808689,55028.224450124151,1150,0,0,0,0,0,0,0,0,0,0,-0.10675011975129933,0,0,"prior_tenfold_A_032","prior_tenfold","Affine"
"P06","A",33,1,1,1200,"",1199,0,200,0,0,0,0,0,0,0.0014862999999999999,0.0028310000000000002,1,1,40916.288060019098,42726.738405363511,0,1.9913256707351764e-10,0,9.0680485209829709e-09,9.5680785515355257e-07,9.5596474493432863e-07,0.00061156991826166838,0.056251552109825687,55.790521159934762,4.5537950801360544e-05,2.7715822134672061,49323.644563154805,1150,0,0,0,0,0,0,0,0,0,0,-0.10122666639906533,0,0,"prior_tenfold_A_033","prior_tenfold","Affine"
"P06","A",34,1,1,1200,"",1199,0,200,0,0,0,0,0,0,0.00150205,0.0038075000000000001,1,1,41237.070418337025,42924.007327465813,0,5.0254100971338373e-10,0,9.8628943685488012e-09,9.9806474942834811e-07,9.9806474942834811e-07,0.00061134306456263733,0.0563119233668447,55.818414751105337,4.4998217449272766e-05,2.7750599768849846,61554.05141277644,1150,0,0,0,0,0,0,0,0,0,0,-0.10776144891949951,0,0,"prior_tenfold_A_034","prior_tenfold","Affine"
"P06","A",35,1,1,1200,"",1199,0,200,0,0,0,0,0,0,0.00149445,0.0042503999999999997,1,1,41012.911458027753,42739.419420774677,0,4.808204300116571e-10,0,9.7210050076596558e-09,9.9082405418845606e-07,9.9082405418845606e-07,0.00061140482645134894,0.056442599632551556,56.157718505624196,4.5060864315918823e-05,2.7744766069379403,50276.885300583119,1150,0,0,0,0,0,0,0,0,0,0,-0.093015864378068358,0,0,"prior_tenfold_A_035","prior_tenfold","Affine"
"P06","A",36,1,1,1200,"",1199,0,200,0,0,0,0,0,0,0.0014908500000000002,0.0028265,1,1,41168.775412245726,43019.863281660539,0,4.5454882913563297e-10,0,9.5159834433221423e-09,9.802686184282311e-07,9.802686184282311e-07,0.00061140949964560661,0.056426076575976349,56.094347767536007,3.0022314815676469e-05,2.7753697200515783,89701.408224481784,1150,0,0,0,0,0,0,0,0,0,0,-0.11161397715802479,0,0,"prior_tenfold_A_036","prior_tenfold","Affine"
"P06","A",37,1,1,1200,"",1199,0,200,0,0,0,0,0,0,0.0015218499999999999,0.0034889000000000001,1,1,40921.886272625161,42733.942456682613,0,4.6649416169925121e-10,0,9.7906799930018241e-09,9.9438609975824339e-07,9.9438609975824339e-07,0.00061159146857242932,0.056320706809768618,55.961386217573533,3.3348967704965083e-05,2.7726476176731545,80998.750141950251,1150,0,0,0,0,0,0,0,0,0,0,-0.096461251998591235,0,0,"prior_tenfold_A_037","prior_tenfold","Affine"
"P06","A",38,1,1,1200,"",1199,0,200,0,0,0,0,0,0,0.0015367499999999999,0.0035906000000000002,1,1,41332.691597112309,43039.518655997817,0,4.1770569084616247e-10,0,9.7391151653128352e-09,9.9175113573762494e-07,9.9174966391704532e-07,0.00061155406120755415,0.056126632759303352,55.756643091558914,3.6755517824790266e-05,2.769118662094066,74595.826688562694,1150,0,0,0,0,0,0,0,0,0,0,-0.093573512488516197,0,0,"prior_tenfold_A_038","prior_tenfold","Affine"
"P06","A",39,1,1,1200,"",1199,0,200,0,0,0,0,0,0,0.0014954999999999999,0.0044482000000000002,1,1,41054.272362077434,42759.757196663923,0,4.6102212150439132e-10,0,9.760159030561151e-09,9.9282730393174629e-07,9.9282730393174629e-07,0.00061155371106523483,0.055968509149167643,55.832765237716416,3.9466609562228273e-05,2.7706631021801096,68235.646058083701,1150,0,0,0,0,0,0,0,0,0,0,-0.08605495168882088,0,0,"prior_tenfold_A_039","prior_tenfold","Affine"
"P06","A",40,1,1,1200,"",1199,0,200,0,0,0,0,0,0,0.0014997000000000001,0.0038219,1,1,40962.691532046956,42660.830327131378,0,4.8395505353556177e-10,0,9.8763265263109759e-09,9.9874752027662113e-07,9.9874752027662113e-07,0.00061147673304759312,0.056505850772101643,55.909918326507281,3.9874604260537621e-05,2.7728579682873566,58189.632854467905,1150,0,0,0,0,0,0,0,0,0,0,-0.098548214505001952,0,0,"prior_tenfold_A_040","prior_tenfold","Affine"
"P06","P2",0,0,1,1200,"",1199,0,200,0,0,0,0,0,0,0.00157675,0.0041951999999999996,1,1,39867.417273137486,49259.774652080996,0,7.5234573306788302e-10,0,9.8215974465976888e-09,9.9596269474281492e-07,9.9596269474281492e-07,0.00043946002651164972,0.80317032322752246,899.7549300793271,-1.0196360693977949e-15,3.9759251288568573,7.6861040131653164e+29,1150,0,0,0,0,0,0,0,0,0,0,-0.066664689945874045,0,0,"prior_tenfold_P2_000","prior_tenfold","Complete quadratic"
"P06","P2",1,1,1,1200,"",1199,0,200,0,0,0,0,0,0,0.0015490499999999999,0.0037975000000000001,1,1,39565.188567727848,49247.744600741731,0,7.5612388460576986e-10,0,9.9004566266408862e-09,9.9997292525266516e-07,9.9997292525266516e-07,0.00043923551032143545,0.79444638349660468,884.42214723044856,6.6612106914858091e-10,3.979610653929269,5032929968.5013475,1150,0,0,0,0,0,0,0,0,0,0,-0.067299655280157106,0,0,"prior_tenfold_P2_001","prior_tenfold","Complete quadratic"
"P06","P2",2,1,1,1200,"",1199,0,200,0,0,0,0,0,0,0.00158745,0.0045424000000000003,1,1,39945.699183660741,49516.073324424884,0,7.5794493504733865e-10,0,9.8985012751348545e-09,9.9987368123287358e-07,9.9987368123287358e-07,0.00043916267415112126,0.78440119007020659,886.34190300295336,3.915939187779175e-10,3.9800349672374757,5796337306.4313316,1150,0,0,0,0,0,0,0,0,0,0,-0.077325737900734826,0,0,"prior_tenfold_P2_002","prior_tenfold","Complete quadratic"
"P06","P2",3,1,1,1200,"",1199,0,200,0,0,0,0,0,0,0.0015698999999999999,0.0041164000000000001,1,1,39496.316853920915,49657.268125029172,0,7.5958122664874038e-10,0,9.8989890562473615e-09,9.9989843951014243e-07,9.9989843951014243e-07,0.00043915428024846482,0.81426735249834081,903.93590363132193,4.9388956036296876e-10,3.985992474512988,8015164979.9580545,1150,0,0,0,0,0,0,0,0,0,0,-0.058366049090106398,0,0,"prior_tenfold_P2_003","prior_tenfold","Complete quadratic"
"P06","P2",4,1,1,1200,"",1199,0,200,0,0,0,0,0,0,0.0015529999999999999,0.0035699,1,1,39486.909632281226,48586.228373301761,0,7.5830590260783389e-10,0,9.8966856775443922e-09,9.9978152174431531e-07,9.9978152174431531e-07,0.00043956188170979978,0.79682244629066945,877.22624251174238,6.6621741268846142e-10,3.9721623945676185,5042968832.8841381,1150,0,0,0,0,0,0,0,0,0,0,-0.07271246309509799,0,0,"prior_tenfold_P2_004","prior_tenfold","Complete quadratic"
"P06","P2",5,1,1,1200,"",1199,0,200,0,0,0,0,0,0,0.0015606000000000001,0.0035355999999999999,1,1,40028.108478846982,49765.756518752198,0,7.6108482543631979e-10,0,9.8950407072287529e-09,9.996980160461573e-07,9.996980160461573e-07,0.00043924584720285399,0.79724918090269603,878.17584859856095,1.7629988634847245e-10,3.982895279803214,19088894853.230278,1150,0,0,0,0,0,0,0,0,0,0,-0.060381767876676595,0,0,"prior_tenfold_P2_005","prior_tenfold","Complete quadratic"
"P06","P2",6,1,1,1200,"",1199,0,200,0,0,0,0,0,0,0.0015624,0.0033230999999999998,1,1,39595.898916846148,47441.400041770568,0,7.6580972388381508e-10,0,9.8910980310919396e-09,9.9949784103656665e-07,9.9949784103656665e-07,0.00043913042862258163,0.79366047232961845,864.99061451513728,7.1936514376502571e-10,3.9801032277650186,4656395650.5325317,1150,0,0,0,0,0,0,0,0,0,0,-0.071722964881055173,0,0,"prior_tenfold_P2_006","prior_tenfold","Complete quadratic"
"P06","P2",7,1,1,1200,"",1199,0,200,0,0,0,0,0,0,0.00158205,0.0036984000000000001,1,1,39713.95254865881,48551.7932887157,0,7.523284323799329e-10,0,9.8986949184315827e-09,9.9988351004660508e-07,9.9988351004660508e-07,0.00043903600311250517,0.80479756651056267,888.69141436139421,5.9016325016730995e-10,3.986599076992285,5694209695.5924883,1150,0,0,0,0,0,0,0,0,0,0,-0.08323765223320076,0,0,"prior_tenfold_P2_007","prior_tenfold","Complete quadratic"
"P06","P2",8,1,1,1200,"",1199,0,200,0,0,0,0,0,0,0.0015639,0.0028148000000000001,1,1,39790.934701014412,49537.085947636479,0,7.5199717993841737e-10,0,9.900495978018329e-09,9.9997492243532437e-07,9.9997492243532437e-07,0.00043949472067485428,0.81365860408473023,896.08714396073765,5.4072346568373736e-10,3.9879629533460026,6194274786.7986088,1150,0,0,0,0,0,0,0,0,0,0,-0.067249005494131819,0,0,"prior_tenfold_P2_008","prior_tenfold","Complete quadratic"
"P06","P2",9,1,1,1200,"",1199,0,200,0,0,0,0,0,0,0.00156705,0.0037831000000000002,1,1,40179.909084468956,49855.377427065854,0,7.5633941283887285e-10,0,9.8985664644521785e-09,9.9987699007817724e-07,9.9987699007817724e-07,0.00043950699493090946,0.79180984510055441,883.39576508273842,1.0301505841180956e-09,3.9909234649471492,3255033503.2687011,1150,0,0,0,0,0,0,0,0,0,0,-0.078114704043193567,0,0,"prior_tenfold_P2_009","prior_tenfold","Complete quadratic"
"P06","P2",10,1,1,1200,"",1199,0,200,0,0,0,0,0,0,0.00155875,0.0044148,1,1,39823.890065118831,49372.566818450505,0,7.6446980745315177e-10,0,9.9003454465466246e-09,9.9996728255842157e-07,9.9996728255842157e-07,0.00043902999882892627,0.8101014329635996,905.09218755929101,7.6355714790456965e-10,3.9798196535577239,4419440333.5740385,1150,0,0,0,0,0,0,0,0,0,0,-0.068786846246857963,0,0,"prior_tenfold_P2_010","prior_tenfold","Complete quadratic"
"P06","P2",11,1,1,1200,"",1199,0,200,0,0,0,0,0,0,0.00155535,0.0042354999999999997,1,1,40155.314712839412,50280.291079012866,0,7.5746725111685577e-10,0,9.8956147957336549e-09,9.9972716000398824e-07,9.9972716000398824e-07,0.00043904807839719064,0.80975680002248573,904.46176636129837,6.2896193706981548e-10,3.9884606675210748,5322538555.4328241,1150,0,0,0,0,0,0,0,0,0,0,-0.059894946370008362,0,0,"prior_tenfold_P2_011","prior_tenfold","Complete quadratic"
"P06","P2",12,1,1,1200,"",1199,0,200,0,0,0,0,0,0,0.0015533000000000001,0.0037165000000000002,1,1,39946.96103488472,48152.954607711436,0,7.5593709866323765e-10,0,9.8984051591353939e-09,9.9986880260750713e-07,9.9986880260750713e-07,0.00043965911975175562,0.80229583137166394,880.97621752454927,7.9048866522009888e-10,3.9688323736497111,4251207179.2426796,1150,0,0,0,0,0,0,0,0,0,0,-0.059529727777108465,0,0,"prior_tenfold_P2_012","prior_tenfold","Complete quadratic"
"P06","P2",13,1,1,1200,"",1199,0,200,0,0,0,0,0,0,0.0015725499999999998,0.0041859999999999996,1,1,39576.571479713937,49327.841947302266,0,7.6089097520648873e-10,0,9.8999514044198414e-09,9.9994728358875296e-07,9.9994728358875296e-07,0.00043885254183729497,0.78886966716600027,888.26211021286917,8.3239001885495253e-10,3.9918332368861078,3214552306.1540694,1150,0,0,0,0,0,0,0,0,0,0,-0.076068946490180894,0,0,"prior_tenfold_P2_013","prior_tenfold","Complete quadratic"
"P06","P2",14,1,1,1200,"",1199,0,200,0,0,0,0,0,0,0.0015586,0.0032272999999999998,1,1,39514.266005344049,47963.788597756204,0,7.5945943885432339e-10,0,9.8893330724137222e-09,9.99408218894228e-07,9.99408218894228e-07,0.00043905925853378449,0.79532216673594713,879.92905492689181,2.6645940536568633e-10,3.9806129400415227,12636332716.668839,1150,0,0,0,0,0,0,0,0,0,0,-0.070095693434959305,0,0,"prior_tenfold_P2_014","prior_tenfold","Complete quadratic"
"P06","P2",15,1,1,1200,"",1199,0,200,0,0,0,0,0,0,0.0015568499999999998,0.0027823000000000001,1,1,39576.754943699227,48820.305968862056,0,7.5638059227472442e-10,0,9.9001323248653554e-09,9.9995646596174503e-07,9.9995646596174503e-07,0.00043912901664760193,0.78894582357019605,870.13318330759967,7.401108471304173e-10,3.9857239104115552,4530277247.5321083,1150,0,0,0,0,0,0,0,0,0,0,-0.062575145479109973,0,0,"prior_tenfold_P2_015","prior_tenfold","Complete quadratic"
"P06","P2",16,1,1,1200,"",1199,0,200,0,0,0,0,0,0,0.0015887499999999999,0.0041888999999999997,1,1,39700.957375177299,47476.612958996739,0,7.6072214081943909e-10,0,9.8912259285101843e-09,9.9950433518161029e-07,9.9950433518161029e-07,0.00043922735479208909,0.79817528516884906,867.05935649075707,7.7716673371713536e-10,3.968374103711751,4328920779.9718733,1150,0,0,0,0,0,0,0,0,0,0,-0.060945003201992143,0,0,"prior_tenfold_P2_016","prior_tenfold","Complete quadratic"
"P06","P2",17,1,1,1200,"",1199,0,200,0,0,0,0,0,0,0.0015617999999999999,0.0037848999999999999,1,1,40054.592974998275,48679.024651490981,0,7.5914385818558311e-10,0,9.899834033317238e-09,9.9994132653245988e-07,9.9994132653245988e-07,0.00043944970654875907,0.80630559255947909,891.42179297915322,5.0439228833264523e-10,3.9740075408021758,6645935638.0384531,1150,0,0,0,0,0,0,0,0,0,0,-0.065013903952699709,0,0,"prior_tenfold_P2_017","prior_tenfold","Complete quadratic"
"P06","P2",18,1,1,1200,"",1199,0,200,0,0,0,0,0,0,0.0016751000000000001,0.0036294000000000001,1,1,39864.075899677933,49237.952768623392,0,7.5779414269642378e-10,0,9.8937747143152821e-09,9.996337441749656e-07,9.996337441749656e-07,0.00043898094782668183,0.8151741769866987,898.76584399951412,3.6504194376460022e-10,3.9852375966567561,9226497635.685564,1150,0,0,0,0,0,0,0,0,0,0,-0.068237217065923006,0,0,"prior_tenfold_P2_018","prior_tenfold","Complete quadratic"
"P06","P2",19,1,1,1200,"",1199,0,200,0,0,0,0,0,0,0.0015620500000000002,0.0033949000000000002,1,1,38689.229643606392,48899.315809992033,0,7.6049572510977648e-10,0,9.8997356579176622e-09,9.9993633355767964e-07,9.9993633355767964e-07,0.00043906150996254114,0.80758771686149022,906.41065728035903,6.3565888994925296e-10,3.9847134718575306,4113835186.2790313,1150,0,0,0,0,0,0,0,0,0,0,-0.061560424108421163,0,0,"prior_tenfold_P2_019","prior_tenfold","Complete quadratic"
"P06","P2",20,1,1,1200,"",1199,0,200,0,0,0,0,0,0,0.00155945,0.0048012999999999997,1,1,39897.569677770749,50479.889752164258,0,7.5877939778870536e-10,0,9.8962040024224301e-09,9.9975707057542533e-07,9.9975707057542533e-07,0.00043916378690701238,0.81522736121784112,904.59092809327353,6.2861540724642397e-10,3.97525462370435,3616416496.6635184,1150,0,0,0,0,0,0,0,0,0,0,-0.06508758642986287,0,0,"prior_tenfold_P2_020","prior_tenfold","Complete quadratic"
"P06","P2",21,1,1,1200,"",1199,0,200,0,0,0,0,0,0,0.0015627,0.0049049000000000002,1,1,39573.315340369438,48368.062901534962,0,7.6095539407107564e-10,0,9.9006307439594732e-09,9.9998176212040814e-07,9.9998176212040814e-07,0.00043929901433730639,0.7895029843914978,869.88906438082984,4.4786709958200406e-10,3.9888836408820669,5060037836.1592264,1150,0,0,0,0,0,0,0,0,0,0,-0.066580527020614039,0,0,"prior_tenfold_P2_021","prior_tenfold","Complete quadratic"
"P06","P2",22,1,1,1200,"",1199,0,200,0,0,0,0,0,0,0.0015685999999999999,0.0043613999999999997,1,1,39471.380736312669,49058.993553613327,0,7.6215567258196583e-10,0,9.8935069680095814e-09,9.996201507210069e-07,9.996201507210069e-07,0.00043908354195212093,0.81239611114909338,895.65283052299867,8.9596705005637034e-10,3.9891108798010908,3761502617.6212134,1150,0,0,0,0,0,0,0,0,0,0,-0.069694622907103959,0,0,"prior_tenfold_P2_022","prior_tenfold","Complete quadratic"
"P06","P2",23,1,1,1200,"",1199,0,200,0,0,0,0,0,0,0.0015612,0.0038635000000000002,1,1,39406.963689448654,47826.607010736028,0,7.5821430257651565e-10,0,9.9003665174086483e-09,9.9996835196476801e-07,9.9996835196476801e-07,0.00043902287963991344,0.79854477383182987,883.18701269139069,4.5941926684951193e-10,3.9819386924286984,7313739903.4312153,1150,0,0,0,0,0,0,0,0,0,0,-0.066891649607865228,0,0,"prior_tenfold_P2_023","prior_tenfold","Complete quadratic"
"P06","P2",24,1,1,1200,"",1199,0,200,0,0,0,0,0,0,0.0015613000000000001,0.0043331000000000003,1,1,40023.155011087772,50379.574943069354,0,7.6449258482575229e-10,0,9.8982472877681591e-09,9.9986078937189883e-07,9.9986078937189883e-07,0.00043908283647633008,0.79182476678440694,880.8618452839064,7.1962408780584859e-10,3.9876104694037049,5120523177.0935402,1150,0,0,0,0,0,0,0,0,0,0,-0.078821404273083789,0,0,"prior_tenfold_P2_024","prior_tenfold","Complete quadratic"
"P06","P2",25,1,1,1200,"",1199,0,200,0,0,0,0,0,0,0.0015823500000000002,0.0044711999999999998,1,1,39470.409947625041,48820.550352235958,0,7.5109557245542871e-10,0,9.8988116007481842e-09,9.9988943248168344e-07,9.9988943248168344e-07,0.00043909250221383159,0.81061563544363435,900.13533162702868,6.740388466000986e-10,3.9832860824803591,3408638553.1689434,1150,0,0,0,0,0,0,0,0,0,0,-0.074069426219007639,0,0,"prior_tenfold_P2_025","prior_tenfold","Complete quadratic"
"P06","P2",26,1,1,1200,"",1199,0,200,0,0,0,0,0,0,0.0015614000000000001,0.0038319000000000001,1,1,39720.706521080516,47968.255726161311,0,7.60031123465701e-10,0,9.8963558574990754e-09,9.9976477922505239e-07,9.9976477922505239e-07,0.00043918705521778164,0.82187214936977915,888.50193287476327,6.814976706300784e-10,3.9777391574006846,4928470793.0283165,1150,0,0,0,0,0,0,0,0,0,0,-0.076832928363991693,0,0,"prior_tenfold_P2_026","prior_tenfold","Complete quadratic"
"P06","P2",27,1,1,1200,"",1199,0,200,0,0,0,0,0,0,0.00156335,0.0029662,1,1,39585.915431481124,49119.761607178451,0,7.5749644097043535e-10,0,9.8930904908805277e-09,9.995990058556547e-07,9.995990058556547e-07,0.00043902802459558392,0.80059164236026392,907.62083187876954,8.0712728825517707e-10,3.9895643080515311,4670476108.0461817,1150,0,0,0,0,0,0,0,0,0,0,-0.060776444014762621,0,0,"prior_tenfold_P2_027","prior_tenfold","Complete quadratic"
"P06","P2",28,1,1,1200,"",1199,0,200,0,0,0,0,0,0,0.0015532,0.0031746999999999999,1,1,40316.787979690875,50489.203624220201,0,7.5837040506871967e-10,0,9.9002511284997304e-09,9.9996249563464956e-07,9.9996249563464956e-07,0.00043916807724611519,0.80619876050111683,888.75113195488609,8.5341649484695498e-10,3.9892538932460586,3461804445.8015814,1150,0,0,0,0,0,0,0,0,0,0,-0.059933182889421233,0,0,"prior_tenfold_P2_028","prior_tenfold","Complete quadratic"
"P06","P2",29,1,1,1200,"",1199,0,200,0,0,0,0,0,0,0.0015585500000000001,0.0037544000000000002,1,1,39491.928324261666,47703.458468235127,0,7.5547687232380405e-10,0,9.9007781440818404e-09,9.9998924296678276e-07,9.9998924296678276e-07,0.00043924659763180045,0.80620294709274698,889.60784443747798,4.7730794071444221e-10,3.9762994127028088,5868139804.9383411,1150,0,0,0,0,0,0,0,0,0,0,-0.066858226880405491,0,0,"prior_tenfold_P2_029","prior_tenfold","Complete quadratic"
"P06","P2",30,1,1,1200,"",1199,0,200,0,0,0,0,0,0,0.001555,0.0034853000000000002,1,1,39557.216105497013,48493.19206782135,0,7.6126073558434952e-10,0,9.9005555796535732e-09,9.9997794736268606e-07,9.9997794736268606e-07,0.00043934794127811945,0.78608759762160196,888.00857622375804,1.0515031641508998e-09,3.9810653029827403,3193052115.4212713,1150,0,0,0,0,0,0,0,0,0,0,-0.053289035985852051,0,0,"prior_tenfold_P2_030","prior_tenfold","Complete quadratic"
"P06","P2",31,1,1,1200,"",1199,0,200,0,0,0,0,0,0,0.0015579999999999999,0.0041495000000000004,1,1,39717.543955448171,48470.784161539617,0,7.562142426888947e-10,0,9.8992534596427293e-09,9.9991185956534037e-07,9.9991185956534037e-07,0.00043927285361220126,0.79584103733649214,891.83914035463181,6.6608685219071728e-10,3.9723756985307821,5036887364.7021923,1150,0,0,0,0,0,0,0,0,0,0,-0.073229211278107664,0,0,"prior_tenfold_P2_031","prior_tenfold","Complete quadratic"
"P06","P2",32,1,1,1200,"",1199,0,200,0,0,0,0,0,0,0.0015672500000000001,0.0046384,1,1,39464.367489324628,48803.922742615767,0,7.6083881219105566e-10,0,9.8982735811377574e-09,9.998621239752698e-07,9.998621239752698e-07,0.00043900270803164424,0.81691209279112154,895.55149099902712,5.1520256628928515e-10,3.9779061617341966,4406205357.7142248,1150,0,0,0,0,0,0,0,0,0,0,-0.072110949034657645,0,0,"prior_tenfold_P2_032","prior_tenfold","Complete quadratic"
"P06","P2",33,1,1,1200,"",1199,0,200,0,0,0,0,0,0,0.0015669,0.0044520000000000002,1,1,39537.520072836691,49035.558020544071,0,7.6244805332669387e-10,0,9.8976134570821587e-09,9.9982861675398255e-07,9.9982861675398255e-07,0.00043945791936692328,0.78890495185479148,877.30606437474205,7.9468249811572047e-10,3.9703427360124186,3262908540.2333107,1150,0,0,0,0,0,0,0,0,0,0,-0.066820368002336095,0,0,"prior_tenfold_P2_033","prior_tenfold","Complete quadratic"
"P06","P2",34,1,1,1200,"",1199,0,200,0,0,0,0,0,0,0.0015592499999999999,0.0026399000000000001,1,1,39747.153817286104,48693.975701269716,0,7.5813244651171649e-10,0,9.8975269814635956e-09,9.9982422725815812e-07,9.9982422725815812e-07,0.00043907420602413641,0.80342544392572224,886.19904137679362,9.6474288825113109e-10,3.982826550932792,3482659353.0813899,1150,0,0,0,0,0,0,0,0,0,0,-0.072366046611982204,0,0,"prior_tenfold_P2_034","prior_tenfold","Complete quadratic"
"P06","P2",35,1,1,1200,"",1199,0,200,0,0,0,0,0,0,0.0015466,0.0035571000000000001,1,1,39823.3616802303,48401.690422607258,0,7.5892252336925869e-10,0,9.8997330443731794e-09,9.9993620090870031e-07,9.9993620090870031e-07,0.00043921354708813243,0.79840206608614894,884.49142701235655,6.8783320874621062e-10,3.9798205904654882,4893369361.2114668,1150,0,0,0,0,0,0,0,0,0,0,-0.059833140875105273,0,0,"prior_tenfold_P2_035","prior_tenfold","Complete quadratic"
"P06","P2",36,1,1,1200,"",1199,0,200,0,0,0,0,0,0,0.0015655000000000001,0.0040781000000000003,1,1,39798.143195186152,49064.009917960619,0,7.5647060333241214e-10,0,9.8952483006722431e-09,9.9970855475223794e-07,9.9970855475223794e-07,0.00043896539226228573,0.78969992673995515,895.11450208965675,6.8406052109120979e-10,3.9822323340250221,5787423259.9273634,1150,0,0,0,0,0,0,0,0,0,0,-0.075455570899292584,0,0,"prior_tenfold_P2_036","prior_tenfold","Complete quadratic"
"P06","P2",37,1,1,1200,"",1199,0,200,0,0,0,0,0,0,0.0015590999999999999,0.0037333000000000002,1,1,39284.440379024018,48782.941004352928,0,7.6067264238817589e-10,0,9.8969552724190388e-09,9.9979520687285233e-07,9.9979520687285233e-07,0.00043894287131937998,0.80641256640961767,894.03074164746613,8.5163304351802229e-10,3.975727445179853,4639894033.2011671,1150,0,0,0,0,0,0,0,0,0,0,-0.062201244430330593,0,0,"prior_tenfold_P2_037","prior_tenfold","Complete quadratic"
"P06","P2",38,1,1,1200,"",1199,0,200,0,0,0,0,0,0,0.00155605,0.0040214999999999999,1,1,39837.791521158142,49328.47060108876,0,7.570601718312658e-10,0,9.8987322258340537e-09,9.9988540365923117e-07,9.9988540365923117e-07,0.00043920761872012711,0.79162749670400401,889.25843342171902,7.821267668140523e-10,3.9852988423433575,4270167823.5097337,1150,0,0,0,0,0,0,0,0,0,0,-0.059615222631622333,0,0,"prior_tenfold_P2_038","prior_tenfold","Complete quadratic"
"P06","P2",39,1,1,1200,"",1199,0,200,0,0,0,0,0,0,0.0015555,0.0027257000000000002,1,1,39623.135164140593,49033.881563861694,0,7.5326683136039413e-10,0,9.8988793262552663e-09,9.9989287000402375e-07,9.9989287000402375e-07,0.00043930909073053889,0.78804976369894286,890.10971028656047,8.0941167087395447e-10,3.9729787833888337,3313409789.4955454,1150,0,0,0,0,0,0,0,0,0,0,-0.054008723614959786,0,0,"prior_tenfold_P2_039","prior_tenfold","Complete quadratic"
"P06","P2",40,1,1,1200,"",1199,0,200,0,0,0,0,0,0,0.0015570499999999999,0.0036116,1,1,39843.165063708373,47706.471793187528,0,7.4805237888085676e-10,0,9.8987036416528002e-09,9.9988395281163287e-07,9.9988395281163287e-07,0.00043941844875428337,0.80176272428147399,866.71608193548354,3.647880084567765e-10,3.9789092159836565,9228119141.8999844,1150,0,0,0,0,0,0,0,0,0,0,-0.065096763389206003,0,0,"prior_tenfold_P2_040","prior_tenfold","Complete quadratic"
"P06","R",0,0,1,1200,"",1199,0,200,0,0,0,0,0,0,0.0015333999999999999,0.0038681000000000002,1,1,39865.153888046189,49268.702356861875,0,7.5233783432161841e-10,0,9.8230184451065928e-09,9.9603509759764169e-07,9.9603509759764169e-07,0.00053287832277238464,0.069910996149018426,66.997419788722951,-8.6780678848536584e-16,3.1462226937514783,6.8069678767872477e+31,1150,0,0,0,0,0,0,0,0,0,0,-0.066666820221840339,0,0,"prior_tenfold_R_000","prior_tenfold","Relaxed"
"P06","R",1,1,1,1200,"",1199,0,200,0,0,0,0,0,0,0.0015401,0.0032883999999999999,1,1,39532.632864907828,48700.203765586004,0,7.5362037828865334e-10,0,9.8963352975976995e-09,9.9976373554209621e-07,9.9976373554209621e-07,0.00053277451086066374,0.069638460320018386,66.442578347031201,2.8902596699525185e-09,3.1490671699444701,968086623.29227412,1150,0,0,0,0,0,0,0,0,0,0,-0.067402166179978018,0,0,"prior_tenfold_R_001","prior_tenfold","Relaxed"
"P06","R",2,1,1,1200,"",1199,0,200,0,0,0,0,0,0,0.0015390499999999999,0.0027430000000000002,1,1,39788.109857112897,49576.197460791773,0,7.5728563607036869e-10,0,9.8923448444268823e-09,9.995611477088083e-07,9.995611477088083e-07,0.00053269771697140298,0.070099196278752357,66.355854994780955,2.0902637873476891e-09,3.1477788375480245,1195195882.1537578,1150,0,0,0,0,0,0,0,0,0,0,-0.077245511803722355,0,0,"prior_tenfold_R_002","prior_tenfold","Relaxed"
"P06","R",3,1,1,1200,"",1199,0,200,0,0,0,0,0,0,0.0015320500000000001,0.0035000000000000001,1,1,39788.357957280256,49332.684141575162,0,7.6011631189374157e-10,0,9.9001398382127921e-09,9.9995684728974267e-07,9.9995684728974267e-07,0.00053262052578490111,0.070286625368518055,66.543629261510588,1.3874481552534051e-09,3.1505277396591151,2259192274.19067,1150,0,0,0,0,0,0,0,0,0,0,-0.058357706798675746,0,0,"prior_tenfold_R_003","prior_tenfold","Relaxed"
"P06","R",4,1,1,1200,"",1199,0,200,0,0,0,0,0,0,0.0015357000000000001,0.0039363000000000002,1,1,39268.236261645063,49136.443685655169,0,7.5881463412229929e-10,0,9.9007095470420845e-09,9.9998576153884326e-07,9.9998576153884326e-07,0.00053307171928623754,0.069631864252541351,66.102932581147584,1.7622561048497236e-09,3.1437375314067744,1528057656.0824122,1150,0,0,0,0,0,0,0,0,0,0,-0.072642482514355344,0,0,"prior_tenfold_R_004","prior_tenfold","Relaxed"
"P06","R",5,1,1,1200,"",1199,0,200,0,0,0,0,0,0,0.0015506000000000001,0.0032607000000000001,1,1,39812.505744147718,49871.258927305098,0,7.6084941824690548e-10,0,9.8969549470356764e-09,9.9979519035591251e-07,9.9979519035591251e-07,0.00053285947047964006,0.06988644439658534,65.871882327328748,5.7465155053845565e-10,3.1492970215120946,4879256616.0190601,1150,0,0,0,0,0,0,0,0,0,0,-0.060424821894163872,0,0,"prior_tenfold_R_005","prior_tenfold","Relaxed"
"P06","R",6,1,1,1200,"",1199,0,200,0,0,0,0,0,0,0.0015287500000000002,0.0027079999999999999,1,1,39470.18601332164,49121.550475614386,0,7.6357297424607336e-10,0,9.8970499007277604e-09,9.9980001033499134e-07,9.9980001033499134e-07,0.00053260893391308668,0.069699419208345881,66.174218616625197,2.7998726469554114e-09,3.1494843547047018,987975802.39366937,1150,0,0,0,0,0,0,0,0,0,0,-0.071936040771439197,0,0,"prior_tenfold_R_006","prior_tenfold","Relaxed"
"P06","R",7,1,1,1200,"",1199,0,200,0,0,0,0,0,0,0.0015620500000000002,0.0025365000000000001,1,1,39435.999652922124,48357.182417009128,0,7.5590178216878693e-10,0,9.9008897750673586e-09,9.9999490842237204e-07,9.9999490842237204e-07,0.00053257562064193864,0.070185536666454759,66.299975391265093,1.3926897801172267e-09,3.1514193197527365,2014805657.1889725,1150,0,0,0,0,0,0,0,0,0,0,-0.083092999403590523,0,0,"prior_tenfold_R_007","prior_tenfold","Relaxed"
"P06","R",8,1,1,1200,"",1199,0,200,0,0,0,0,0,0,0.0015295500000000002,0.0044984999999999999,1,1,39578.142399118748,48854.856779773188,0,7.5635600546686234e-10,0,9.8992211101006685e-09,9.999102176419604e-07,9.999102176419604e-07,0.00053275447381494385,0.069908389148846201,66.866920375641968,2.1360559764742072e-09,3.1506369039885875,961556791.8293972,1150,0,0,0,0,0,0,0,0,0,0,-0.066813072432724219,0,0,"prior_tenfold_R_008","prior_tenfold","Relaxed"
"P06","R",9,1,1,1200,"",1199,0,200,0,0,0,0,0,0,0.0015533000000000001,0.0034512000000000002,1,1,39677.973840276667,49065.663267428245,0,7.584680610228532e-10,0,9.8920761816540452e-09,9.9954750674962848e-07,9.9954750674962848e-07,0.0005327139370506197,0.069768380884551853,66.256594093667161,2.4681410118917086e-09,3.1518607401351213,1133503574.3139255,1150,0,0,0,0,0,0,0,0,0,0,-0.077479705713956432,0,0,"prior_tenfold_R_009","prior_tenfold","Relaxed"
"P06","R",10,1,1,1200,"",1199,0,200,0,0,0,0,0,0,0.0015343499999999999,0.0037269999999999998,1,1,39518.256620193657,48676.286098329445,0,7.6311431623340617e-10,0,9.8988393764722602e-09,9.9989084228682905e-07,9.9989084228682905e-07,0.00053280370069830438,0.069815984839402545,66.750638984881263,2.6891192701346788e-09,3.1464689124457546,1044829380.2695371,1150,0,0,0,0,0,0,0,0,0,0,-0.068857378212521636,0,0,"prior_tenfold_R_010","prior_tenfold","Relaxed"
"P06","R",11,1,1,1200,"",1199,0,200,0,0,0,0,0,0,0.0015337,0.0033246,1,1,40101.27586095452,49413.922040643512,0,7.5595575656594508e-10,0,9.8925167350847493e-09,9.9956987510923127e-07,9.9956987510923127e-07,0.00053266249304401137,0.069635344618142178,66.494419629868219,2.0158419589722177e-09,3.1510459383435592,1385923502.4409816,1150,0,0,0,0,0,0,0,0,0,0,-0.060001495637099944,0,0,"prior_tenfold_R_011","prior_tenfold","Relaxed"
"P06","R",12,1,1,1200,"",1199,0,200,0,0,0,0,0,0,0.0015286499999999999,0.0050165000000000001,1,1,39998.553252301412,49415.487750286215,0,7.5488652760792893e-10,0,9.8979892506149983e-09,9.9984769178462847e-07,9.9984769178462847e-07,0.00053300132615736366,0.069904888151880021,66.107500908518588,2.7611035425094988e-09,3.1427352556856607,740060110.35874832,1150,0,0,0,0,0,0,0,0,0,0,-0.059369464624017709,0,0,"prior_tenfold_R_012","prior_tenfold","Relaxed"
"P06","R",13,1,1,1200,"",1199,0,200,0,0,0,0,0,0,0.0015294,0.0036457999999999998,1,1,39597.85959852887,49041.868818249903,0,7.6193289922082147e-10,0,9.8988565916282213e-09,9.998917160709809e-07,9.998917160709809e-07,0.00053253811461878207,0.069897893963028326,66.461893732598952,1.250217270418095e-09,3.1531522078337448,2238640905.4267797,1150,0,0,0,0,0,0,0,0,0,0,-0.076257198364470952,0,0,"prior_tenfold_R_013","prior_tenfold","Relaxed"
"P06","R",14,1,1,1200,"",1199,0,200,0,0,0,0,0,0,0.00154535,0.0037011000000000001,1,1,39455.577779856671,48811.333424805096,0,7.5792678883014302e-10,0,9.892423807659166e-09,9.9956515691650506e-07,9.9956515691650506e-07,0.0005325701225493357,0.069991506806535431,66.276964851641736,1.4084068558183553e-09,3.149764040032867,1992600691.8104057,1150,0,0,0,0,0,0,0,0,0,0,-0.070043991371666781,0,0,"prior_tenfold_R_014","prior_tenfold","Relaxed"
"P06","R",15,1,1,1200,"",1199,0,200,0,0,0,0,0,0,0.0015316000000000001,0.0038352,1,1,39482.87687237616,48471.744187892873,0,7.567116339748149e-10,0,9.8982825726460051e-09,9.9986258036738841e-07,9.9986258036738841e-07,0.00053260970621534745,0.069856342518948511,66.180864316734301,2.4965977004546167e-09,3.1507973462647922,1117477176.0496087,1150,0,0,0,0,0,0,0,0,0,0,-0.062561910227576123,0,0,"prior_tenfold_R_015","prior_tenfold","Relaxed"
"P06","R",16,1,1,1200,"",1199,0,200,0,0,0,0,0,0,0.0015409,0.0049521000000000001,1,1,39761.288510779101,48916.818619627651,0,7.6052579809987066e-10,0,9.8951125021973207e-09,9.9970166080789857e-07,9.9970166080789857e-07,0.00053285340386200603,0.070084951030463194,65.786070022217274,2.9174428520028908e-09,3.1434603699765935,960189377.9371208,1150,0,0,0,0,0,0,0,0,0,0,-0.061010258811688034,0,0,"prior_tenfold_R_016","prior_tenfold","Relaxed"
"P06","R",17,1,1,1200,"",1199,0,200,0,0,0,0,0,0,0.0015458,0.0039227999999999997,1,1,39786.207044016737,49162.669843637093,0,7.5821739933738065e-10,0,9.8891744295067098e-09,9.9940016284065105e-07,9.9940016284065105e-07,0.00053282035121787394,0.070118598066019347,66.420518425856571,1.7390920246164213e-09,3.1454735756964589,1508049226.347136,1150,0,0,0,0,0,0,0,0,0,0,-0.064741088831621052,0,0,"prior_tenfold_R_017","prior_tenfold","Relaxed"
"P06","R",18,1,1,1200,"",1199,0,200,0,0,0,0,0,0,0.00152735,0.0032777000000000001,1,1,39602.157329635193,48968.207602143426,0,7.5551958212776815e-10,0,9.8988322735153801e-09,9.9989048176410253e-07,9.9989048176410253e-07,0.00053267329300045821,0.07018109185497759,66.568702252271592,1.5959938165575299e-09,3.149527925358234,1758229532.6809149,1150,0,0,0,0,0,0,0,0,0,0,-0.068442801448524493,0,0,"prior_tenfold_R_018","prior_tenfold","Relaxed"
"P06","R",19,1,1,1200,"",1199,0,200,0,0,0,0,0,0,0.00152655,0.0038203999999999998,1,1,39404.89023291436,48538.473809758041,0,7.5668733413191284e-10,0,9.89785761949821e-09,9.9984101031718234e-07,9.9984101031718234e-07,0.00053281315084246215,0.069977905590508233,66.37050805290653,2.5332486510844612e-09,3.1522761974208597,887727678.95781791,1150,0,0,0,0,0,0,0,0,0,0,-0.061947041845027695,0,0,"prior_tenfold_R_019","prior_tenfold","Relaxed"
"P06","R",20,1,1,1200,"",1199,0,200,0,0,0,0,0,0,0.0015421499999999999,0.0030959,1,1,39729.757836249104,49073.427614031149,0,7.6008654308864815e-10,0,9.8924422127597727e-09,9.9956609139815001e-07,9.9956609139815001e-07,0.00053276390727377792,0.069852418747771358,66.615793423793463,3.430528302782258e-09,3.1439975946188383,816049318.27457798,1150,0,0,0,0,0,0,0,0,0,0,-0.064990275497158301,0,0,"prior_tenfold_R_020","prior_tenfold","Relaxed"
"P06","R",21,1,1,1200,"",1199,0,200,0,0,0,0,0,0,0.0015298999999999998,0.0059605999999999999,1,1,39292.015189964834,48372.710212001555,0,7.6209625249377266e-10,0,9.8997879118732723e-09,9.9993898567378444e-07,9.9993898567378444e-07,0.0005328942030684914,0.069601011632168641,65.661291769031536,1.8610115486684564e-09,3.1512911072000547,1097974332.4382756,1150,0,0,0,0,0,0,0,0,0,0,-0.066586217239827383,0,0,"prior_tenfold_R_021","prior_tenfold","Relaxed"
"P06","R",22,1,1,1200,"",1199,0,200,0,0,0,0,0,0,0.0015387500000000002,0.0029989999999999999,1,1,39399.67017895756,49153.600216438004,0,7.6255227135011385e-10,0,9.8948248379537454e-09,9.9968705709242156e-07,9.9968705709242156e-07,0.00053266424825694568,0.070327072317072525,66.441307925074767,2.7520826530829132e-09,3.151412124266856,1019433136.2005485,1150,0,0,0,0,0,0,0,0,0,0,-0.069642271083212026,0,0,"prior_tenfold_R_022","prior_tenfold","Relaxed"
"P06","R",23,1,1,1200,"",1199,0,200,0,0,0,0,0,0,0.0015348,0.0042782999999999996,1,1,39458.40699906947,48662.630679075904,0,7.5762957176167276e-10,0,9.896219796222063e-09,9.9975787232195194e-07,9.9975787232195194e-07,0.00053258707976391189,0.070090055021617512,66.407786861961796,1.51497970776477e-09,3.1500319561115688,1826650146.5309002,1150,0,0,0,0,0,0,0,0,0,0,-0.066955382108972561,0,0,"prior_tenfold_R_023","prior_tenfold","Relaxed"
"P06","R",24,1,1,1200,"",1199,0,200,0,0,0,0,0,0,0.0015311999999999999,0.0029786000000000001,1,1,39638.083634590352,49365.270611848333,0,7.6628761273341167e-10,0,9.8985355761415227e-09,9.9987542226678885e-07,9.9987542226678885e-07,0.00053267952869002263,0.070115930157931397,66.006824510228256,1.9018932314827275e-09,3.150265874482415,1472602499.3708127,1150,0,0,0,0,0,0,0,0,0,0,-0.07862168907003475,0,0,"prior_tenfold_R_024","prior_tenfold","Relaxed"
"P06","R",25,1,1,1200,"",1199,0,200,0,0,0,0,0,0,0.00152735,0.0033673000000000002,1,1,39431.114247210091,48646.787000511235,0,7.5834355935564422e-10,0,9.8986366246732788e-09,9.9988055122197411e-07,9.9988055122197411e-07,0.00053246364082221512,0.070570424940327794,66.732575021301713,3.5155277922690855e-09,3.1505728677790952,687872573.27308035,1150,0,0,0,0,0,0,0,0,0,0,-0.073843138525521629,0,0,"prior_tenfold_R_025","prior_tenfold","Relaxed"
"P06","R",26,1,1,1200,"",1199,0,200,0,0,0,0,0,0,0.0015577500000000001,0.0035406000000000001,1,1,39394.08393365443,48712.118181381062,0,7.6489713380624445e-10,0,9.8990535405372667e-09,9.9990171249027073e-07,9.9990171249027073e-07,0.00053259911706820314,0.070145377401440653,66.713432528587944,1.7687598342252136e-09,3.1463579903856846,1584375678.8284507,1150,0,0,0,0,0,0,0,0,0,0,-0.076556782732473405,0,0,"prior_tenfold_R_026","prior_tenfold","Relaxed"
"P06","R",27,1,1,1200,"",1199,0,200,0,0,0,0,0,0,0.0016082499999999999,0.0072145999999999998,1,1,39601.942741244304,48924.578748638007,0,7.6018711361105819e-10,0,9.9000834933283709e-09,9.9995398759117035e-07,9.9995398759117035e-07,0.00053243905095273205,0.069778118317255389,66.795561800789386,9.5138329437275429e-10,3.1537447817585593,2149434277.9531446,1150,0,0,0,0,0,0,0,0,0,0,-0.060758692448599938,0,0,"prior_tenfold_R_027","prior_tenfold","Relaxed"
"P06","R",28,1,1,1200,"",1199,0,200,0,0,0,0,0,0,0.0015309500000000001,0.0035056000000000002,1,1,39684.313006161567,49064.333064752384,0,7.5982578466721024e-10,0,9.8975864553105757e-09,9.9982724614816395e-07,9.9982724614816395e-07,0.00053273883076180402,0.070388243177526164,66.191825209759685,1.4648043518657157e-09,3.1497970358150034,1396634459.2865703,1150,0,0,0,0,0,0,0,0,0,0,-0.059768689815864584,0,0,"prior_tenfold_R_028","prior_tenfold","Relaxed"
"P06","R",29,1,1,1200,"",1199,0,200,0,0,0,0,0,0,0.00152925,0.0044859000000000001,1,1,39469.730712632714,48863.317613595143,0,7.5734294428343099e-10,0,9.8942938599351978e-09,9.9966010062881083e-07,9.9966010062881083e-07,0.00053273671298004308,0.069540983045656299,66.674303138547103,1.8500914253546833e-09,3.1484348687482515,1514062588.3249247,1150,0,0,0,0,0,0,0,0,0,0,-0.066768444649253467,0,0,"prior_tenfold_R_029","prior_tenfold","Relaxed"
"P06","R",30,1,1,1200,"",1199,0,200,0,0,0,0,0,0,0.0015814499999999999,0.0068341000000000001,1,1,39240.31921360764,48405.274636846996,0,7.6222060315500041e-10,0,9.8931002127823097e-09,9.9959949944912939e-07,9.9959949944912939e-07,0.00053275485972819833,0.069566810129093382,66.524158313830981,3.0902660426067485e-09,3.1478451239238794,907039294.53260398,1150,0,0,0,0,0,0,0,0,0,0,-0.053111841613337818,0,0,"prior_tenfold_R_030","prior_tenfold","Relaxed"
"P06","R",31,1,1,1200,"",1199,0,200,0,0,0,0,0,0,0.0016588499999999999,0.0077662,1,1,39618.134394356217,48843.636289935188,0,7.6108536454879928e-10,0,9.8977887656685015e-09,9.9983751534624248e-07,9.9983751534624248e-07,0.00053275482849057701,0.069598365413528915,66.224009231001233,3.316743281947301e-09,3.1454107531715039,814159577.3953954,1150,0,0,0,0,0,0,0,0,0,0,-0.073237801017397852,0,0,"prior_tenfold_R_031","prior_tenfold","Relaxed"
"P06","R",32,1,1,1200,"",1199,0,200,0,0,0,0,0,0,0.0015355500000000001,0.0047308999999999997,1,1,39620.488319135562,49053.632648260405,0,7.6073515047070662e-10,0,9.8994892053647546e-09,9.9992382492243685e-07,9.9992382492243685e-07,0.00053247676283262296,0.070326392297014095,66.854226511817643,2.0112105510203346e-09,3.1478343153361963,1398391068.0557799,1150,0,0,0,0,0,0,0,0,0,0,-0.071899450541145604,0,0,"prior_tenfold_R_032","prior_tenfold","Relaxed"
"P06","R",33,1,1,1200,"",1199,0,200,0,0,0,0,0,0,0.0015241,0.0036917999999999999,1,1,39290.663334954806,49025.220574326799,0,7.6138851880139556e-10,0,9.8996046628277083e-09,9.9992968495512584e-07,9.9992968495512584e-07,0.0005329354154578154,0.069461689372477903,66.28974266087485,1.644723449412693e-09,3.1428143190038802,1243877532.9148984,1150,0,0,0,0,0,0,0,0,0,0,-0.066765874330516894,0,0,"prior_tenfold_R_033","prior_tenfold","Relaxed"
"P06","R",34,1,1,1200,"",1199,0,200,0,0,0,0,0,0,0.00152235,0.0038344999999999998,1,1,39748.351596449342,49026.998371202644,0,7.5781032204712857e-10,0,9.8998875819466821e-09,9.9994404434546307e-07,9.9994404434546307e-07,0.00053259006991299347,0.070041300741766677,66.30329215180241,2.9576952794388406e-09,3.1504989957571174,950224289.87550378,1150,0,0,0,0,0,0,0,0,0,0,-0.072299560570593363,0,0,"prior_tenfold_R_034","prior_tenfold","Relaxed"
"P06","R",35,1,1,1200,"",1199,0,200,0,0,0,0,0,0,0.0015337,0.0037582000000000002,1,1,39624.129514456014,48931.051969762528,0,7.6519981229699783e-10,0,9.9557935098630852e-09,9.9997787942243573e-07,9.9997787942243573e-07,0.00053257363453103985,0.069814480493182424,66.600160049636003,2.0800036038664578e-09,3.1485202476829675,1348287782.8016112,1150,0,0,0,0,0,0,0,0,0,0,-0.059614369321954325,0,0,"prior_tenfold_R_035","prior_tenfold","Relaxed"
"P06","R",36,1,1,1200,"",1199,0,200,0,0,0,0,0,0,0.0015349999999999999,0.0039199999999999999,1,1,39738.537782622952,49276.991896806838,0,7.5576123215236654e-10,0,9.9004932942409827e-09,9.9997478622692391e-07,9.9997478622692391e-07,0.00053251802163460128,0.069635467684401098,66.568574803369899,2.5650365755974227e-09,3.1497508665825595,1221789013.1563208,1150,0,0,0,0,0,0,0,0,0,0,-0.075320577847365816,0,0,"prior_tenfold_R_036","prior_tenfold","Relaxed"
"P06","R",37,1,1,1200,"",1199,0,200,0,0,0,0,0,0,0.0015368000000000001,0.0036169000000000001,1,1,39474.062599595083,49002.858251663667,0,7.6392129588855686e-10,0,9.8947564325472926e-09,9.9968358435636444e-07,9.9968358435636444e-07,0.00053278947352119251,0.070215408704237939,66.411196404646091,1.8221438279150602e-09,3.1462572122144614,1540301636.3945899,1150,0,0,0,0,0,0,0,0,0,0,-0.062527416335642738,0,0,"prior_tenfold_R_037","prior_tenfold","Relaxed"
"P06","R",38,1,1,1200,"",1199,0,200,0,0,0,0,0,0,0.00152115,0.0036235,1,1,39886.798118904051,49060.592405733463,0,7.5755598299499507e-10,0,9.8960194139389257e-09,9.9974770019445373e-07,9.9974770019445373e-07,0.00053280558618074491,0.069819294783193334,66.205895728790878,3.0461795619577889e-09,3.1512366213520764,1027323550.011651,1150,0,0,0,0,0,0,0,0,0,0,-0.05993426749064884,0,0,"prior_tenfold_R_038","prior_tenfold","Relaxed"
"P06","R",39,1,1,1200,"",1199,0,200,0,0,0,0,0,0,0.0015343000000000002,0.0040416999999999996,1,1,39581.543143589268,48908.663052134398,0,7.5773850365947303e-10,0,9.8970760179022484e-09,9.998013360744215e-07,9.998013360744215e-07,0.00053283558361264275,0.069723008648271301,66.320436274051431,2.0691483556934233e-09,3.1444948688624792,1352655677.1568215,1150,0,0,0,0,0,0,0,0,0,0,-0.053955818777487285,0,0,"prior_tenfold_R_039","prior_tenfold","Relaxed"
"P06","R",40,1,1,1200,"",1199,0,200,0,0,0,0,0,0,0.00153425,0.0048396000000000003,1,1,39508.804541232013,49308.770174065365,0,7.5794046807106981e-10,0,9.8991995138866773e-09,9.9990912150967635e-07,9.9990912150967635e-07,0.00053271879274605658,0.070042646372414835,66.358432491626687,1.7832482916771617e-09,3.1487001225935405,1571023583.2260036,1150,0,0,0,0,0,0,0,0,0,0,-0.064711829657692066,0,0,"prior_tenfold_R_040","prior_tenfold","Relaxed"
"P06","S",0,0,1,1200,"",1199,0,200,0,0,0,0,0,0,0.0015347,0.0038798000000000001,1,1,39864.993570770886,49269.028343403821,0,7.5233741770587712e-10,0,9.8230151221926499e-09,9.9603492829425452e-07,9.9603492829425452e-07,0.00057821184661216646,0.055688880161627249,61.481024911858086,-5.9205880606062922e-16,2.8472724314814846,6.1251235958490325e+21,1150,0,0,0,0,0,0,0,0,0,0,-0.06666674694124719,0,0,"prior_tenfold_S_000","prior_tenfold","Shared"
"P06","S",1,1,1,1200,"",1199,0,200,0,0,0,0,0,0,0.0015294499999999999,0.0035964999999999999,1,1,39551.804070327664,49212.433648738901,0,7.6340607324259538e-10,0,9.8960328598370745e-09,9.9974838275993392e-07,9.9974838275993392e-07,0.00057822555076515768,0.055930953753141464,60.955969798309539,1.665902348514504e-05,2.8447815283151612,123463.80167528107,1150,0,0,0,0,0,0,0,0,0,0,-0.066693675634819316,0,0,"prior_tenfold_S_001","prior_tenfold","Shared"
"P06","S",2,1,1,1200,"",1199,0,200,0,0,0,0,0,0,0.0015314,0.0028446999999999999,1,1,39792.882949801031,49560.877671638918,0,7.5804210762366705e-10,0,9.893058471999541e-09,9.9959738021410659e-07,9.9959738021410659e-07,0.00057803503120793388,0.055569787985403532,60.918449146876746,1.5366850145893111e-05,2.8484751931438841,110768.25746162079,1150,0,0,0,0,0,0,0,0,0,0,-0.077302122644581001,0,0,"prior_tenfold_S_002","prior_tenfold","Shared"
"P06","S",3,1,1,1200,"",1199,0,200,0,0,0,0,0,0,0.00153695,0.0027671000000000002,1,1,39819.604205339157,49594.338925048527,0,7.5977660326159941e-10,0,9.8988825080479715e-09,9.9989303150101128e-07,9.9989303150101128e-07,0.00057802627420378775,0.055849292731399443,61.057735510747825,2.2386827486116357e-05,2.8482897315484061,91856.139080696463,1150,0,0,0,0,0,0,0,0,0,0,-0.057863769812240951,0,0,"prior_tenfold_S_003","prior_tenfold","Shared"
"P06","S",4,1,1,1200,"",1199,0,200,0,0,0,0,0,0,0.0015294499999999999,0.0035136,1,1,39262.394430214743,49058.429950240483,0,7.6162253940765177e-10,0,9.8993284009298737e-09,9.9991566325204218e-07,9.9991566325204218e-07,0.00057835679996774214,0.055400999397706249,60.663492955094505,1.8156760580070273e-05,2.8448701724045482,113138.14161673569,1150,0,0,0,0,0,0,0,0,0,0,-0.072633294030768902,0,0,"prior_tenfold_S_004","prior_tenfold","Shared"
"P06","S",5,1,1,1200,"",1199,0,200,0,0,0,0,0,0,0.0015437999999999999,0.0036714999999999999,1,1,39810.883005757001,49828.890266510687,0,7.6086352786199041e-10,0,9.8867107330361245e-09,9.9927504553128777e-07,9.9927504553128777e-07,0.00057816884140426831,0.055402702416461239,60.440348331904232,1.0311862804355783e-05,2.8491949595073245,199388.62745637089,1150,0,0,0,0,0,0,0,0,0,0,-0.060565536334019121,0,0,"prior_tenfold_S_005","prior_tenfold","Shared"
"P06","S",6,1,1,1200,"",1199,0,200,0,0,0,0,0,0,0.0015514000000000001,0.0045826,1,1,39486.841468409373,49248.011817568535,0,7.6636070690964919e-10,0,9.8980005228670181e-09,9.9984826395114367e-07,9.9984826395114367e-07,0.00057793690761578508,0.05561975030023289,60.756704488748575,2.0273935761539965e-05,2.8496415859628828,101228.89288639369,1150,0,0,0,0,0,0,0,0,0,0,-0.071961189678015375,0,0,"prior_tenfold_S_006","prior_tenfold","Shared"
"P06","S",7,1,1,1200,"",1199,0,200,0,0,0,0,0,0,0.0015462,0.0038685999999999998,1,1,39428.594514140626,48757.729344507628,0,7.5859502769721999e-10,0,9.9008444464596915e-09,9.9999260792500797e-07,9.9999260792500797e-07,0.00057796852859443709,0.055621768729811435,60.82596169976842,1.4882322264520853e-05,2.8492034675779858,138389.52345351788,1150,0,0,0,0,0,0,0,0,0,0,-0.082483984119291115,0,0,"prior_tenfold_S_007","prior_tenfold","Shared"
"P06","S",8,1,1,1200,"",1199,0,200,0,0,0,0,0,0,0.0015486499999999999,0.0040743000000000003,1,1,39598.620023114112,49006.39954632373,0,7.6015510752426323e-10,0,9.896017962536802e-09,9.9974762651567165e-07,9.9974762651567165e-07,0.00057815134199853708,0.055657418314178961,61.3299443265864,1.7176204303656552e-05,2.849069551199904,100888.37910793374,1150,0,0,0,0,0,0,0,0,0,0,-0.066337490060908944,0,0,"prior_tenfold_S_008","prior_tenfold","Shared"
"P06","S",9,1,1,1200,"",1199,0,200,0,0,0,0,0,0,0.0015355500000000001,0.0041446,1,1,39702.197590108372,49298.721684838958,0,7.6188393802959967e-10,0,9.900681467072982e-09,9.9998433642449574e-07,9.9998433642449574e-07,0.0005780681157569039,0.055426921993052713,60.779529885332082,2.2741990853786801e-05,2.8498153259662318,90334.445353159477,1150,0,0,0,0,0,0,0,0,0,0,-0.077068140823731535,0,0,"prior_tenfold_S_009","prior_tenfold","Shared"
"P06","S",10,1,1,1200,"",1199,0,200,0,0,0,0,0,0,0.0015359,0.0038108,1,1,39506.709499546771,48598.939507020244,0,7.5775528608431225e-10,0,9.898681257443206e-09,9.9988281665463606e-07,9.9988281665463606e-07,0.00057812857906742847,0.055835537963343583,61.28946409771266,1.6114847855093034e-05,2.8482698034007168,127755.69350101679,1150,0,0,0,0,0,0,0,0,0,0,-0.069059415680902181,0,0,"prior_tenfold_S_010","prior_tenfold","Shared"
"P06","S",11,1,1,1200,"",1199,0,200,0,0,0,0,0,0,0.0015408499999999999,0.0033972999999999998,1,1,40128.42830602976,49640.797031127469,0,7.5153466529553353e-10,0,9.8967586512472999e-09,9.9978522604106154e-07,9.9978522604106154e-07,0.00057808475844343737,0.055897873522994981,61.022938684832077,1.4402782019207259e-05,2.8488880138852299,142656.99707350865,1150,0,0,0,0,0,0,0,0,0,0,-0.059644572255582229,0,0,"prior_tenfold_S_011","prior_tenfold","Shared"
"P06","S",12,1,1,1200,"",1199,0,200,0,0,0,0,0,0,0.0015435,0.0040547999999999999,1,1,40008.991031740923,49409.927159267136,0,7.5485829920943918e-10,0,9.899188600031066e-09,9.9990856756819881e-07,9.9990856756819881e-07,0.00057827387104051784,0.05543107966636264,60.667540582204182,1.834820735693854e-05,2.8451913078310778,111912.8838743996,1150,0,0,0,0,0,0,0,0,0,0,-0.059298649758050159,0,0,"prior_tenfold_S_012","prior_tenfold","Shared"
"P06","S",13,1,1,1200,"",1199,0,200,0,0,0,0,0,0,0.0016025,0.0051241000000000004,1,1,39602.375147959909,49095.646654259297,0,7.6202147534231999e-10,0,9.8919306845656068e-09,9.9954011927127932e-07,9.9954011927127932e-07,0.00057792892925397153,0.055714056577261611,61.024924031749897,1.7081908864172461e-05,2.8524723960697407,120344.77175189764,1150,0,0,0,0,0,0,0,0,0,0,-0.076422867279942353,0,0,"prior_tenfold_S_013","prior_tenfold","Shared"
"P06","S",14,1,1,1200,"",1199,0,200,0,0,0,0,0,0,0.0015547500000000001,0.0033116999999999999,1,1,39465.560454718434,48828.38217430986,0,7.5776561076709033e-10,0,9.8997035699456472e-09,9.9993470494973172e-07,9.9993470494973172e-07,0.00057787032448629522,0.055611298831912362,60.81288631781279,1.3911617593990945e-05,2.8495779187595862,147847.08325009255,1150,0,0,0,0,0,0,0,0,0,0,-0.069792151185629314,0,0,"prior_tenfold_S_014","prior_tenfold","Shared"
"P06","S",15,1,1,1200,"",1199,0,200,0,0,0,0,0,0,0.0015424499999999999,0.0039503999999999997,1,1,39468.814455679749,48674.290624801426,0,7.6153235294042006e-10,0,9.8896868293380125e-09,9.9942618281234824e-07,9.9942618281234824e-07,0.00057799123241384623,0.055426539079876741,60.711930930649523,1.8005186021792508e-05,2.8487748017009462,114135.55509316071,1150,0,0,0,0,0,0,0,0,0,0,-0.062243439755898911,0,0,"prior_tenfold_S_015","prior_tenfold","Shared"
"P06","S",16,1,1,1200,"",1199,0,200,0,0,0,0,0,0,0.0015372000000000001,0.0052392999999999997,1,1,39769.392982014077,49086.896687673143,0,7.5946148826937179e-10,0,9.8909293598186244e-09,9.9948927648649272e-07,9.9948927648649272e-07,0.00057820546459914446,0.055169634216770409,60.387373989361286,2.1563780355451234e-05,2.8445402663764865,95348.283132488476,1150,0,0,0,0,0,0,0,0,0,0,-0.061097460138382798,0,0,"prior_tenfold_S_016","prior_tenfold","Shared"
"P06","S",17,1,1,1200,"",1199,0,200,0,0,0,0,0,0,0.0015393,0.0043204000000000003,1,1,39799.379064598426,49393.053194194152,0,7.5804886035324931e-10,0,9.899860727582577e-09,9.9994268137703435e-07,9.9994268137703435e-07,0.0005782080691331059,0.055712615096018867,60.951466141273812,1.5304381854408338e-05,2.8449000982275923,134327.95588111205,1150,0,0,0,0,0,0,0,0,0,0,-0.06450217650615872,0,0,"prior_tenfold_S_017","prior_tenfold","Shared"
"P06","S",18,1,1,1200,"",1199,0,200,0,0,0,0,0,0,0.0015577,0.0032843999999999998,1,1,39619.226718546546,49313.458949016429,0,7.6345742354882326e-10,0,9.8972616842289859e-09,9.9981076067223119e-07,9.9981076067223119e-07,0.00057813715473791643,0.055815268179428265,61.130549485514599,1.2155674737341041e-05,2.8478450805680855,169442.78074915474,1150,0,0,0,0,0,0,0,0,0,0,-0.068299464839463253,0,0,"prior_tenfold_S_018","prior_tenfold","Shared"
"P06","S",19,1,1,1200,"",1199,0,200,0,0,0,0,0,0,0.00162765,0.0057775999999999999,1,1,39396.005392810577,48758.013933657392,0,7.6140577857027919e-10,0,9.8960548675007908e-09,9.9974949995256502e-07,9.9974949995256502e-07,0.00057815748347446558,0.055608744043886993,60.89448507649697,2.4781161939448049e-05,2.8496599356755303,82975.500119994496,1150,0,0,0,0,0,0,0,0,0,0,-0.061396701437646944,0,0,"prior_tenfold_S_019","prior_tenfold","Shared"
"P06","S",20,1,1,1200,"",1199,0,200,0,0,0,0,0,0,0.0015504,0.0037035000000000002,1,1,39722.168158987479,48979.741065813658,0,7.6018502126328386e-10,0,9.9811458429527119e-09,9.9995612230653003e-07,9.9995612230653003e-07,0.00057809400372923873,0.055877024642182693,61.138051471795706,2.1128623788675598e-05,2.8458793698235403,97258.274594621806,1150,0,0,0,0,0,0,0,0,0,0,-0.065203310600902564,0,0,"prior_tenfold_S_020","prior_tenfold","Shared"
"P06","S",21,1,1,1200,"",1199,0,200,0,0,0,0,0,0,0.00157855,0.0056937999999999997,1,1,39283.767266310824,48515.382748567659,0,7.642980648390015e-10,0,9.8977548425756429e-09,9.9983579343000652e-07,9.9983579343000652e-07,0.00057817989515187608,0.055118500224462144,60.24412291173244,2.0158869773464181e-05,2.8502606999137483,94271.434907682182,1150,0,0,0,0,0,0,0,0,0,0,-0.06617101648135762,0,0,"prior_tenfold_S_021","prior_tenfold","Shared"
"P06","S",22,1,1,1200,"",1199,0,200,0,0,0,0,0,0,0.0016112499999999998,0.0050309999999999999,1,1,39405.284122726604,49286.340820685553,0,7.6227264389862627e-10,0,9.9005030147063854e-09,9.9997527956475282e-07,9.9997527956475282e-07,0.00057803719671702504,0.055741905049590819,60.981322637177215,1.8715975479538331e-05,2.8505794263218043,109925.90941692662,1150,0,0,0,0,0,0,0,0,0,0,-0.069726349210896904,0,0,"prior_tenfold_S_022","prior_tenfold","Shared"
"P06","S",23,1,1,1200,"",1199,0,200,0,0,0,0,0,0,0.0015414999999999999,0.0042098999999999999,1,1,39482.067581620475,48992.364245239994,0,7.6095808257654772e-10,0,9.9009762502239595e-09,9.999992971566552e-07,9.999992971566552e-07,0.00057797052351873522,0.055594119541825263,60.931201499284512,1.5892516026351264e-05,2.8481978536216239,129368.2525842648,1150,0,0,0,0,0,0,0,0,0,0,-0.06666113069339899,0,0,"prior_tenfold_S_023","prior_tenfold","Shared"
"P06","S",24,1,1,1200,"",1199,0,200,0,0,0,0,0,0,0.0015563,0.0036905000000000002,1,1,39636.089838196116,49434.207673049132,0,7.6627368207423597e-10,0,9.9003669992778851e-09,9.9996837642099106e-07,9.9996837642099106e-07,0.00057800297670617859,0.05533512713130892,60.617940095958808,1.403205124978384e-05,2.8504371839178742,146467.05490113815,1150,0,0,0,0,0,0,0,0,0,0,-0.07873430010910315,0,0,"prior_tenfold_S_024","prior_tenfold","Shared"
"P06","S",25,1,1,1200,"",1199,0,200,0,0,0,0,0,0,0.0015692,0.0056525000000000004,1,1,39445.837171156352,48845.424216318257,0,7.6401201914971637e-10,0,9.8951844159560902e-09,9.9970531158707285e-07,9.9970531158707285e-07,0.0005777876352557965,0.055840862928872456,61.210093653892294,2.0767870754310899e-05,2.8487106476064676,93893.425926550146,1150,0,0,0,0,0,0,0,0,0,0,-0.073300918383959107,0,0,"prior_tenfold_S_025","prior_tenfold","Shared"
"P06","S",26,1,1,1200,"",1199,0,200,0,0,0,0,0,0,0.0015557499999999998,0.0036659000000000001,1,1,39396.241338895808,48867.718283031478,0,7.6014929668014483e-10,0,9.8998425827117172e-09,9.9994176044983529e-07,9.9994176044983529e-07,0.0005780056785067764,0.056231262059652488,61.221006600918791,1.6423299820351653e-05,2.847346955064785,125207.5366341591,1150,0,0,0,0,0,0,0,0,0,0,-0.076639809447296203,0,0,"prior_tenfold_S_026","prior_tenfold","Shared"
"P06","S",27,1,1,1200,"",1199,0,200,0,0,0,0,0,0,0.0015317500000000001,0.0035899,1,1,39607.355818669348,49068.499424329719,0,7.5975357020672036e-10,0,9.89929013990284e-09,9.9991372129413395e-07,9.9991372129413395e-07,0.00057779775379818545,0.055806117619001276,61.290080314092663,2.1672005472818249e-05,2.8520932081755923,94790.468409939072,1150,0,0,0,0,0,0,0,0,0,0,-0.060777138010213727,0,0,"prior_tenfold_S_027","prior_tenfold","Shared"
"P06","S",28,1,1,1200,"",1199,0,200,0,0,0,0,0,0,0.0015597499999999999,0.0031911000000000001,1,1,39692.095053293364,49072.904165068692,0,7.5963238109828724e-10,0,9.8926876654514693e-09,9.9957855367840367e-07,9.9957855367840367e-07,0.00057802156018686344,0.055733575241440847,60.720564892057652,2.0463223862070425e-05,2.849592843578213,92495.993629901684,1150,0,0,0,0,0,0,0,0,0,0,-0.059504556257384766,0,0,"prior_tenfold_S_028","prior_tenfold","Shared"
"P06","S",29,1,1,1200,"",1199,0,200,0,0,0,0,0,0,0.00155495,0.0038595000000000001,1,1,39494.811153622388,49163.542770126151,0,7.610509174907736e-10,0,9.8979383634059885e-09,9.998451088046276e-07,9.998451088046276e-07,0.00057811310347227166,0.055780287762000981,61.156292198869608,1.7174331011428264e-05,2.8469227933524897,110234.49575051964,1150,0,0,0,0,0,0,0,0,0,0,-0.066269964305331663,0,0,"prior_tenfold_S_029","prior_tenfold","Shared"
"P06","S",30,1,1,1200,"",1199,0,200,0,0,0,0,0,0,0.00154565,0.0054219999999999997,1,1,39239.690504749786,48282.506424872343,0,7.6220896151189003e-10,0,9.9001698797246953e-09,9.9995837199750627e-07,9.9995837199750627e-07,0.00057805050561579585,0.055716211013452366,61.038921230638422,2.1860088826272629e-05,2.8487004650731218,93933.874718558378,1150,0,0,0,0,0,0,0,0,0,0,-0.053314245039001618,0,0,"prior_tenfold_S_030","prior_tenfold","Shared"
"P06","S",31,1,1,1200,"",1199,0,200,0,0,0,0,0,0,0.0015308000000000001,0.0040930999999999997,1,1,39630.820484542885,48923.964467907928,0,7.6090395327396375e-10,0,9.8953107955382276e-09,9.9971172735041034e-07,9.9971172735041034e-07,0.00057808834809641642,0.055378247993807472,60.74237699820501,1.8485006638443887e-05,2.8452336898191053,111122.60897976761,1150,0,0,0,0,0,0,0,0,0,0,-0.072895465740850263,0,0,"prior_tenfold_S_031","prior_tenfold","Shared"
"P06","S",32,1,1,1200,"",1199,0,200,0,0,0,0,0,0,0.0015531500000000001,0.0033176999999999998,1,1,39619.575973758023,48918.398614236277,0,7.6128138375388224e-10,0,9.8996917654858297e-09,9.9993410581999385e-07,9.9993410581999385e-07,0.0005777998533595235,0.056050913764278204,61.362366300186153,1.9352723481309896e-05,2.8488488890220087,94160.02052051053,1150,0,0,0,0,0,0,0,0,0,0,-0.071992385897401867,0,0,"prior_tenfold_S_032","prior_tenfold","Shared"
"P06","S",33,1,1,1200,"",1199,0,200,0,0,0,0,0,0,0.0015435499999999999,0.0040873999999999997,1,1,39295.016618876383,48997.620071571204,0,7.6137701539484355e-10,0,9.8956203395978203e-09,9.9972744143758469e-07,9.9972744143758469e-07,0.0005782142801813953,0.055393601219683376,60.819369423715933,1.8686794737836701e-05,2.8443238934359001,109956.01191594856,1150,0,0,0,0,0,0,0,0,0,0,-0.066710059793430837,0,0,"prior_tenfold_S_033","prior_tenfold","Shared"
"P06","S",34,1,1,1200,"",1199,0,200,0,0,0,0,0,0,0.0015280999999999999,0.0027499999999999998,1,1,39740.180098432902,49069.147715551022,0,7.5427691725169607e-10,0,9.8993990725949054e-09,9.9991925021864239e-07,9.9991925021864239e-07,0.0005778912389026549,0.055590305833939826,60.859311105189541,2.0838207638658186e-05,2.8502727822286329,98702.809026001589,1150,0,0,0,0,0,0,0,0,0,0,-0.072134387230685104,0,0,"prior_tenfold_S_034","prior_tenfold","Shared"
"P06","S",35,1,1,1200,"",1199,0,200,0,0,0,0,0,0,0.00153115,0.0036426000000000002,1,1,39632.768607679347,49097.804824567109,0,7.6519541574133876e-10,0,9.9003460381191118e-09,9.9996731258241325e-07,9.9996731258241325e-07,0.00057797055755629001,0.055616874569238792,61.106213851948255,1.9085633781409635e-05,2.8482086835418086,107772.79531927306,1150,0,0,0,0,0,0,0,0,0,0,-0.059600207227678753,0,0,"prior_tenfold_S_035","prior_tenfold","Shared"
"P06","S",36,1,1,1200,"",1199,0,200,0,0,0,0,0,0,0.001523,0.0041469000000000002,1,1,39743.838675841835,49217.070015224635,0,7.5920107843436442e-10,0,9.8997201508639855e-09,9.9993554650574319e-07,9.9993554650574319e-07,0.00057792191708641886,0.055672811920048748,61.100457441359573,2.3424968460384558e-05,2.850431440614444,87765.334545864534,1150,0,0,0,0,0,0,0,0,0,0,-0.075604147089612939,0,0,"prior_tenfold_S_036","prior_tenfold","Shared"
"P06","S",37,1,1,1200,"",1199,0,200,0,0,0,0,0,0,0.0015233500000000001,0.0035658999999999999,1,1,39478.928360466394,49033.041403794079,0,7.6401726919027512e-10,0,9.9008863299443706e-09,9.9999473357720172e-07,9.9999473357720172e-07,0.00057813172641364794,0.055508188008546608,60.946801254991009,1.6453131201073267e-05,2.8472959251922103,125094.32538300991,1150,0,0,0,0,0,0,0,0,0,0,-0.062610475361304763,0,0,"prior_tenfold_S_037","prior_tenfold","Shared"
"P06","S",38,1,1,1200,"",1199,0,200,0,0,0,0,0,0,0.0015328,0.0041089999999999998,1,1,39906.787909259154,49067.803455462315,0,7.5746424479550759e-10,0,9.8877869076970815e-09,9.9932970029756486e-07,9.9932970029756486e-07,0.00057812664407024168,0.055320224937914435,60.759307456459993,1.8720284897845126e-05,2.8506793708224727,109569.87956705292,1150,0,0,0,0,0,0,0,0,0,0,-0.059894242284046439,0,0,"prior_tenfold_S_038","prior_tenfold","Shared"
"P06","S",39,1,1,1200,"",1199,0,200,0,0,0,0,0,0,0.0015382500000000001,0.0030384000000000001,1,1,39593.41242790121,48999.564378141578,0,7.6259442864201287e-10,0,9.8979578059254257e-09,9.9984609568677619e-07,9.9984609568677619e-07,0.000578157210980175,0.055247072552901587,60.831928091893374,1.9745161724308527e-05,2.8450660840905702,104086.44658494582,1150,0,0,0,0,0,0,0,0,0,0,-0.053583883835459478,0,0,"prior_tenfold_S_039","prior_tenfold","Shared"
"P06","S",40,1,1,1200,"",1199,0,200,0,0,0,0,0,0,0.0015300499999999998,0.0032989,1,1,39526.881861956426,49472.561528551079,0,7.5945610818204108e-10,0,9.9000048634136353e-09,9.9994999683646795e-07,9.9994999683646795e-07,0.00057805173364388327,0.05559236524898243,60.864817735188353,1.5803222336643221e-05,2.8477783037189179,130206.20806840602,1150,0,0,0,0,0,0,0,0,0,0,-0.06425251816009403,0,0,"prior_tenfold_S_040","prior_tenfold","Shared"
"P06","W",0,0,1,1200,"",1199,0,200,0,0,0,0,0,0,0.0015158999999999999,0.0034041000000000002,1,1,50681.992598269862,70965.329326631414,0,3.1470526788489526e-10,0,9.6521348044144852e-09,9.8729073674481906e-07,9.8650745832523201e-07,0.00063903686475341053,0.057985693129933638,49.712277742431425,4.6855376090250145e-16,2.6794702430935105,2692050410499815,1150,0,0,0,0,0,0,0,0,0,0,-0.12333769488961099,0,0,"prior_tenfold_W_000","prior_tenfold","Incorrectly shared"
"P06","W",1,1,1,1200,"",1199,0,200,0,0,0,0,0,0,0.0015196999999999999,0.0030192000000000001,1,1,50065.462864744179,69445.827668813596,0,4.2713788684606682e-10,0,9.8504347458116927e-09,9.9743100191390777e-07,9.9743100191390777e-07,0.00063903647409007096,0.058542725123805983,49.665836395621064,4.6001987419562899e-05,2.6822811570711433,51282.941766924399,1150,0,0,0,0,0,0,0,0,0,0,-0.12192434011273287,0,0,"prior_tenfold_W_001","prior_tenfold","Incorrectly shared"
"P06","W",2,1,1,1200,"",1199,0,200,0,0,0,0,0,0,0.0015265000000000001,0.0038214,1,1,50776.176338681093,71211.941085790269,0,4.3109875763486041e-10,0,9.8612524523109772e-09,9.9798125751647273e-07,9.9798125751647273e-07,0.0006390531424433903,0.057607012506055287,49.096048835063499,2.9149206264825412e-05,2.6810382616228754,66121.842917985254,1150,0,0,0,0,0,0,0,0,0,0,-0.1433094748234445,0,0,"prior_tenfold_W_002","prior_tenfold","Incorrectly shared"
"P06","W",3,1,1,1200,"",1199,0,200,0,0,0,0,0,0,0.0015421,0.0035211000000000001,1,1,50602.476597138579,70791.26806810635,0,4.2755471519344637e-10,0,9.7997390388974301e-09,9.9484830888943213e-07,9.9484830888943213e-07,0.00063895974850242706,0.05817988307239419,49.511112121965915,3.0877025542009476e-05,2.6807525280795552,75627.749491593248,1150,0,0,0,0,0,0,0,0,0,0,-0.11033550266315889,0,0,"prior_tenfold_W_003","prior_tenfold","Incorrectly shared"
"P06","W",4,1,1,1200,"",1199,0,200,0,0,0,0,0,0,0.0015265000000000001,0.0028549000000000001,1,1,50279.82682769149,70797.400104853004,0,4.2014872044709699e-10,0,9.8900833168512271e-09,9.9944631622881811e-07,9.9944631622881811e-07,0.00063901960448161667,0.057689911722222015,49.251868202810357,3.1176661485980189e-05,2.6802453351346749,80032.073845697552,1150,0,0,0,0,0,0,0,0,0,0,-0.13576508893823783,0,0,"prior_tenfold_W_004","prior_tenfold","Incorrectly shared"
"P06","W",5,1,1,1200,"",1199,0,200,0,0,0,0,0,0,0.00152725,0.0029632,1,1,50740.3184200666,70326.835468143676,0,4.2012557824829227e-10,0,9.9712504953007895e-09,9.9313729770049471e-07,9.923810347465933e-07,0.00063901450908291312,0.057717570916580224,49.138557473188008,4.3759244321045849e-05,2.6791350619883709,57983.29395307009,1150,0,0,0,0,0,0,0,0,0,0,-0.1113727010637196,0,0,"prior_tenfold_W_005","prior_tenfold","Incorrectly shared"
"P06","W",6,1,1,1200,"",1199,0,200,0,0,0,0,0,0,0.0015175,0.0032028999999999998,1,1,50312.673085333707,70100.229769443657,0,4.2573739536422034e-10,0,9.8997494117275191e-09,9.9993703162416727e-07,9.9993703162416727e-07,0.00063893072591533762,0.057990411408497033,49.225246929142656,3.3496827793765683e-05,2.6831425038502617,57469.613535365184,1150,0,0,0,0,0,0,0,0,0,0,-0.13223060406481765,0,0,"prior_tenfold_W_006","prior_tenfold","Incorrectly shared"
"P06","W",7,1,1,1200,"",1199,0,200,0,0,0,0,0,0,0.00158205,0.0044717999999999997,1,1,50203.042601357665,70377.866788279163,0,4.0156724101255453e-10,0,9.8569261066857483e-09,9.9776122863708076e-07,9.9776122863708076e-07,0.00063889970321212943,0.057957629265014236,49.294617128821464,3.0501747340646194e-05,2.6863951672005899,63158.37707813298,1150,0,0,0,0,0,0,0,0,0,0,-0.14952158781219485,0,0,"prior_tenfold_W_007","prior_tenfold","Incorrectly shared"
"P06","W",8,1,1,1200,"",1199,0,200,0,0,0,0,0,0,0.0016413999999999999,0.0040114,1,1,50308.415177271221,70340.547797839943,0,4.1076222398018166e-10,0,9.770983129140074e-09,9.9338039845172535e-07,9.9338039845172535e-07,0.00063894348358271077,0.058071153025499103,49.545511513811896,3.1473304136165398e-05,2.6805682628356893,79838.296928172014,1150,0,0,0,0,0,0,0,0,0,0,-0.12180344174253588,0,0,"prior_tenfold_W_008","prior_tenfold","Incorrectly shared"
"P06","W",9,1,1,1200,"",1199,0,200,0,0,0,0,0,0,0.001523,0.0038728,1,1,50482.44097556841,70785.041125772637,0,4.3822504747379891e-10,0,9.891016026750097e-09,9.9949367714574468e-07,9.9949367714574468e-07,0.0006389194562546358,0.058006967163725068,49.327895981643834,3.0910493012245829e-05,2.6805007915752244,61855.905185432173,1150,0,0,0,0,0,0,0,0,0,0,-0.14272232321336897,0,0,"prior_tenfold_W_009","prior_tenfold","Incorrectly shared"
"P06","W",10,1,1,1200,"",1199,0,200,0,0,0,0,0,0,0.0015257999999999999,0.0038406,1,1,50421.703946654961,70137.055865613467,0,4.3512144760576758e-10,0,9.8822997270746521e-09,9.990509967463904e-07,9.990509967463904e-07,0.00063911907187146988,0.057943367144788885,49.3191099464877,4.102439371861761e-05,2.6843103653526437,59658.915579413035,1150,0,0,0,0,0,0,0,0,0,0,-0.12829839892054445,0,0,"prior_tenfold_W_010","prior_tenfold","Incorrectly shared"
"P06","W",11,1,1,1200,"",1199,0,200,0,0,0,0,0,0,0.0015479999999999999,0.0035875,1,1,51050.869662473626,71167.795609690133,0,4.3104174613146511e-10,0,9.8848651290009412e-09,9.9918130755368443e-07,9.9918130755368443e-07,0.0006390684990697081,0.058112128528579103,49.381292891256216,3.2970391055959442e-05,2.6785397096394807,77838.232252161906,1150,0,0,0,0,0,0,0,0,0,0,-0.10984963142719595,0,0,"prior_tenfold_W_011","prior_tenfold","Incorrectly shared"
"P06","W",12,1,1,1200,"",1199,0,200,0,0,0,0,0,0,0.0015807,0.0035368000000000001,1,1,50853.278367863415,71686.773324430367,0,4.2512048070651181e-10,0,9.8999279238712193e-09,9.999460918591044e-07,9.999460918591044e-07,0.00063900980579244769,0.057785475816182624,48.933353847709981,3.0507395174571964e-05,2.6846919735563439,62889.265202051087,1150,0,0,0,0,0,0,0,0,0,0,-0.11306783615770138,0,0,"prior_tenfold_W_012","prior_tenfold","Incorrectly shared"
"P06","W",13,1,1,1200,"",1199,0,200,0,0,0,0,0,0,0.0016245000000000001,0.0048225000000000004,1,1,50542.814960062067,70163.706015338161,0,4.3146739141114977e-10,0,9.898846388177601e-09,9.9989119817779411e-07,9.9989119817779411e-07,0.0006389594168351708,0.05787485866397956,49.345173759756975,2.9423893803978319e-05,2.6844412060731737,85673.756584948147,1150,0,0,0,0,0,0,0,0,0,0,-0.14044989191630963,0,0,"prior_tenfold_W_013","prior_tenfold","Incorrectly shared"
"P06","W",14,1,1,1200,"",1199,0,200,0,0,0,0,0,0,0.00157405,0.0040607999999999998,1,1,50343.788855498584,70351.370858101727,0,4.1478452987793467e-10,0,9.8521426638891825e-09,9.9751789709301501e-07,9.9751789709301501e-07,0.00063888627520944277,0.057938294770752921,49.271779027781257,3.4249581629618468e-05,2.6852575749109158,58613.214784566859,1150,0,0,0,0,0,0,0,0,0,0,-0.12938273590614208,0,0,"prior_tenfold_W_014","prior_tenfold","Incorrectly shared"
"P06","W",15,1,1,1200,"",1199,0,200,0,0,0,0,0,0,0.0015377500000000001,0.0035864999999999998,1,1,50215.650547222758,69989.082342517591,0,4.0430604737552301e-10,0,9.8878648327020666e-09,9.9933365769409937e-07,9.9933365769409937e-07,0.00063894662562247271,0.057714947018449612,49.313931548283442,2.4307134037595232e-05,2.6786722219518948,79309.910918462061,1150,0,0,0,0,0,0,0,0,0,0,-0.11497250957091248,0,0,"prior_tenfold_W_015","prior_tenfold","Incorrectly shared"
"P06","W",16,1,1,1200,"",1199,0,200,0,0,0,0,0,0,0.00152115,0.0041640999999999996,1,1,50447.77258910246,70829.630260803693,0,4.2238030058518757e-10,0,9.8926973309456977e-09,9.9957904441787876e-07,9.9957904441787876e-07,0.00063901889098035025,0.057514058277489268,48.9005637580319,3.9364402668977593e-05,2.6826331534505337,55610.871741038769,1150,0,0,0,0,0,0,0,0,0,0,-0.11457597826682764,0,0,"prior_tenfold_W_016","prior_tenfold","Incorrectly shared"
"P06","W",17,1,1,1200,"",1199,0,200,0,0,0,0,0,0,0.0015037499999999999,0.0039648000000000001,1,1,50649.560682414842,70273.437259357379,0,4.2720047550402796e-10,0,9.8326930504937011e-09,9.9652790127465403e-07,9.9652790127465403e-07,0.00063902292429551225,0.057994072705762678,49.268165760364248,3.9150780675382584e-05,2.6806393084214912,63811.82816642191,1150,0,0,0,0,0,0,0,0,0,0,-0.11891893625295621,0,0,"prior_tenfold_W_017","prior_tenfold","Incorrectly shared"
"P06","W",18,1,1,1200,"",1199,0,200,0,0,0,0,0,0,0.0015148,0.0031765000000000001,1,1,50461.055700124911,70439.474355064609,0,4.3471981381922752e-10,0,9.8967088546047258e-09,9.9978269826150201e-07,9.9978269826150201e-07,0.000639113460808811,0.058187922659079239,49.396900561322035,3.3338132231784514e-05,2.6854330322433699,75071.112106089829,1150,0,0,0,0,0,0,0,0,0,0,-0.12872279873835135,0,0,"prior_tenfold_W_018","prior_tenfold","Incorrectly shared"
"P06","W",19,1,1,1200,"",1199,0,200,0,0,0,0,0,0,0.0015159499999999998,0.0044450999999999996,1,1,50103.635075466467,70809.148328488722,0,4.2886467431850109e-10,0,9.8648688801865731e-09,9.981651447996421e-07,9.981651447996421e-07,0.00063897042790336865,0.05789203351486169,49.284909725666608,2.9295760601452704e-05,2.6802577666348673,68137.101969751529,1150,0,0,0,0,0,0,0,0,0,0,-0.11606115293958408,0,0,"prior_tenfold_W_019","prior_tenfold","Incorrectly shared"
"P06","W",20,1,1,1200,"",1199,0,200,0,0,0,0,0,0,0.00151435,0.0036432000000000001,1,1,50708.136047434826,70801.853567041282,0,4.2844525882399534e-10,0,9.7696901927821407e-09,9.9331434738263881e-07,9.9331434738263881e-07,0.00063899257194741273,0.05808354003544295,49.360597546950245,4.2130081609232858e-05,2.6813739754537584,47446.048011651947,1150,0,0,0,0,0,0,0,0,0,0,-0.11936684424345451,0,0,"prior_tenfold_W_020","prior_tenfold","Incorrectly shared"
"P06","W",21,1,1,1200,"",1199,0,200,0,0,0,0,0,0,0.0015472999999999999,0.0038069000000000002,1,1,49923.489200888893,70795.609003241814,0,4.18060179273151e-10,0,9.8703231188440053e-09,9.9844241754904386e-07,9.9844241754904386e-07,0.00063891678829389935,0.057512098861960632,48.793148007129993,4.3522935248680266e-05,2.682260422523151,58258.575769131909,1150,0,0,0,0,0,0,0,0,0,0,-0.12369996921610615,0,0,"prior_tenfold_W_021","prior_tenfold","Incorrectly shared"
"P06","W",22,1,1,1200,"",1199,0,200,0,0,0,0,0,0,0.0015135000000000001,0.0032098000000000001,1,1,50450.964586113332,70339.832212202207,0,3.9967099296525968e-10,0,9.8357830543490483e-09,9.9668524887061708e-07,9.9668524887061708e-07,0.00063902126899970351,0.058115100009136195,49.363194225987442,3.9144716635958329e-05,2.6812581881869706,59094.165159028838,1150,0,0,0,0,0,0,0,0,0,0,-0.12727972700595394,0,0,"prior_tenfold_W_022","prior_tenfold","Incorrectly shared"
"P06","W",23,1,1,1200,"",1199,0,200,0,0,0,0,0,0,0.00153265,0.0057302999999999998,1,1,50197.254532339357,70905.282931741487,0,4.101907994849971e-10,0,9.8639497881573548e-09,9.9811841418536523e-07,9.9811841418536523e-07,0.00063885588579838594,0.058070366515341074,49.439189843730624,2.4687908433755564e-05,2.6823656435965746,77545.075081826348,1150,0,0,0,0,0,0,0,0,0,0,-0.12315046566582363,0,0,"prior_tenfold_W_023","prior_tenfold","Incorrectly shared"
"P06","W",24,1,1,1200,"",1199,0,200,0,0,0,0,0,0,0.0015214999999999998,0.0050635000000000003,1,1,50521.40921172536,70920.251081064474,0,4.1371089484508837e-10,0,9.805738614706907e-09,9.9515430182242214e-07,9.9515430182242214e-07,0.00063896062330701228,0.05750225531659018,49.018365192863278,3.167749649791698e-05,2.6844910151344323,67912.465076885303,1150,0,0,0,0,0,0,0,0,0,0,-0.14690406212210155,0,0,"prior_tenfold_W_024","prior_tenfold","Incorrectly shared"
"P06","W",25,1,1,1200,"",1199,0,200,0,0,0,0,0,0,0.0015121500000000001,0.0028057999999999998,1,1,50222.709540027477,70368.959911784681,0,4.1280380932660894e-10,0,9.8038212914066611e-09,9.9505652375855459e-07,9.9505652375855459e-07,0.00063885614628944978,0.058375336887773605,49.532112260756584,4.2719326390111941e-05,2.6858214342863405,58476.333294130171,1150,0,0,0,0,0,0,0,0,0,0,-0.13518849024334167,0,0,"prior_tenfold_W_025","prior_tenfold","Incorrectly shared"
"P06","W",26,1,1,1200,"",1199,0,200,0,0,0,0,0,0,0.001555,0.0033801,1,1,50416.568888685331,70115.439841462576,0,4.2801969056945667e-10,0,9.8787531966291027e-09,9.9887082146969121e-07,9.9887082146969121e-07,0.00063901735254383708,0.058612780952643183,49.565878109367489,3.5702855370439888e-05,2.6813719270311975,62574.872377591579,1150,0,0,0,0,0,0,0,0,0,0,-0.14172823661895817,0,0,"prior_tenfold_W_026","prior_tenfold","Incorrectly shared"
"P06","W",27,1,1,1200,"",1199,0,200,0,0,0,0,0,0,0.00152075,0.0035122999999999999,1,1,50575.049728219834,70542.804545833031,0,4.3073361109001965e-10,0,9.8944961359095218e-09,9.9967036977288825e-07,9.9967036977288825e-07,0.00063882018993712095,0.058119794745773709,49.512173016375534,3.7672823533118098e-05,2.6826677560326,70585.323224335545,1150,0,0,0,0,0,0,0,0,0,0,-0.11260124623436163,0,0,"prior_tenfold_W_027","prior_tenfold","Incorrectly shared"
"P06","W",28,1,1,1200,"",1199,0,200,0,0,0,0,0,0,0.001523,0.0029115,1,1,50506.345009632038,70075.804424586109,0,4.1881710004818613e-10,0,9.8611527798398504e-09,9.9797618892115366e-07,9.9797618892115366e-07,0.00063897762201074119,0.05797212985126797,49.179531335711275,4.6773545136180345e-05,2.6788435122629353,53070.867385627251,1150,0,0,0,0,0,0,0,0,0,0,-0.11041012032111053,0,0,"prior_tenfold_W_028","prior_tenfold","Incorrectly shared"
"P06","W",29,1,1,1200,"",1199,0,200,0,0,0,0,0,0,0.0015277000000000001,0.0035869000000000001,1,1,50278.559441585239,69823.146274865227,0,4.2638059909141945e-10,0,9.8898733172750373e-09,9.9943565261634444e-07,9.9943565261634444e-07,0.00063897025261679119,0.058275901927945038,49.604151166571597,3.2845457123454007e-05,2.6804957767039173,77041.243335463427,1150,0,0,0,0,0,0,0,0,0,0,-0.1220751686336265,0,0,"prior_tenfold_W_029","prior_tenfold","Incorrectly shared"
"P06","W",30,1,1,1200,"",1199,0,200,0,0,0,0,0,0,0.0015176999999999999,0.0036912999999999998,1,1,50203.501585775019,70454.597441604375,0,4.1792334795938841e-10,0,9.8787843503505528e-09,9.9887243303358627e-07,9.9855238919140619e-07,0.0006389541774225755,0.057983732890953286,49.471645817993036,3.5527733226111819e-05,2.6844385103131225,71190.757860528029,1150,0,0,0,0,0,0,0,0,0,0,-0.099502684613779091,0,0,"prior_tenfold_W_030","prior_tenfold","Incorrectly shared"
"P06","W",31,1,1,1200,"",1199,0,200,0,0,0,0,0,0,0.0015333,0.0034375999999999999,1,1,50458.31241244913,70671.691234562604,0,4.1794411216376662e-10,0,9.8414592344377302e-09,9.9697422465856561e-07,9.9697422465856561e-07,0.00063890236843149202,0.057715486954004872,49.243273768286855,4.2021956299326724e-05,2.681781775000188,58353.35096931579,1150,0,0,0,0,0,0,0,0,0,0,-0.13332438094096905,0,0,"prior_tenfold_W_031","prior_tenfold","Incorrectly shared"
"P06","W",32,1,1,1200,"",1199,0,200,0,0,0,0,0,0,0.0015092,0.0034970000000000001,1,1,50524.707659838139,70450.832591553888,0,4.0835874355101647e-10,0,9.8587608683419458e-09,9.9785454661018822e-07,9.9785454661018822e-07,0.00063901104343453059,0.05828435748804936,49.50641761370477,3.7446011116030575e-05,2.6833837455397229,66962.791288832042,1150,0,0,0,0,0,0,0,0,0,0,-0.12921300054038337,0,0,"prior_tenfold_W_032","prior_tenfold","Incorrectly shared"
"P06","W",33,1,1,1200,"",1199,0,200,0,0,0,0,0,0,0.0015428500000000001,0.0034983000000000002,1,1,50230.253781360749,70816.158905699893,0,4.3024389317812523e-10,0,9.8952860244408218e-09,9.9971046982847626e-07,9.9971046982847626e-07,0.00063902031477606092,0.057832650702937721,49.211867691587337,3.7403068740591494e-05,2.6830697369123535,57011.350788065291,1150,0,0,0,0,0,0,0,0,0,0,-0.12286587198545224,0,0,"prior_tenfold_W_033","prior_tenfold","Incorrectly shared"
"P06","W",34,1,1,1200,"",1199,0,200,0,0,0,0,0,0,0.0015699500000000001,0.0037615999999999999,1,1,50812.050110613352,70644.077674082131,0,4.1648588514773296e-10,0,9.8996702166104138e-09,9.9993304088860442e-07,9.9918010713227102e-07,0.00063893837333264098,0.057767779343094884,49.151131219236831,3.589460298807762e-05,2.6853739942226604,53395.297252872297,1150,0,0,0,0,0,0,0,0,0,0,-0.13501923439679028,0,0,"prior_tenfold_W_034","prior_tenfold","Incorrectly shared"
"P06","W",35,1,1,1200,"",1199,0,200,0,0,0,0,0,0,0.0015129,0.0028468999999999999,1,1,50476.551373754519,70196.538603380803,0,4.2151704241984854e-10,0,9.8882844260718845e-09,9.9935496634429986e-07,9.9935496634429986e-07,0.00063895305974213869,0.057993723210279735,49.443910207449797,3.8767270381171543e-05,2.6850677640073974,57196.787171495627,1150,0,0,0,0,0,0,0,0,0,0,-0.11041915939981151,0,0,"prior_tenfold_W_035","prior_tenfold","Incorrectly shared"
"P06","W",36,1,1,1200,"",1199,0,200,0,0,0,0,0,0,0.0014999,0.0038960000000000002,1,1,50667.553932549003,69966.26839248692,0,4.3663117860394593e-10,0,9.8816233477200457e-09,9.9901663694677603e-07,9.9901663694677603e-07,0.00063889232659608498,0.057895502121793424,49.246193108055536,3.3230422602589633e-05,2.6851681356381008,74762.48794330348,1150,0,0,0,0,0,0,0,0,0,0,-0.13981391753976655,0,0,"prior_tenfold_W_036","prior_tenfold","Incorrectly shared"
"P06","W",37,1,1,1200,"",1199,0,200,0,0,0,0,0,0,0.0015019499999999999,0.0033747999999999998,1,1,50342.085588036105,70927.400673548764,0,4.2542469086582822e-10,0,9.815048519434775e-09,9.9562894612251719e-07,9.9562894612251719e-07,0.00063905330876424279,0.057883634839115544,49.231261674111458,2.7978748327050603e-05,2.6835136578878105,89910.297963267018,1150,0,0,0,0,0,0,0,0,0,0,-0.11607439095520944,0,0,"prior_tenfold_W_037","prior_tenfold","Incorrectly shared"
"P06","W",38,1,1,1200,"",1199,0,200,0,0,0,0,0,0,0.001555,0.0040955999999999996,1,1,50675.084233955669,70271.565994470831,0,4.3260979746905739e-10,0,9.8135499009577691e-09,9.9555255752677403e-07,9.9555255752677403e-07,0.00063900475708487004,0.057674238450871135,49.212734381859804,3.6534051220244693e-05,2.6787482470105335,68169.888528003794,1150,0,0,0,0,0,0,0,0,0,0,-0.11476386621003359,0,0,"prior_tenfold_W_038","prior_tenfold","Incorrectly shared"
"P06","W",39,1,1,1200,"",1199,0,200,0,0,0,0,0,0,0.0015247500000000001,0.0034976999999999999,1,1,50516.713871131018,70301.291377551606,0,4.0705850584900406e-10,0,9.7505570974468212e-09,9.9233643375781659e-07,9.9146049333619405e-07,0.00063897694102800029,0.057429733944265468,49.260277516485651,3.3213971165943409e-05,2.6816570782998288,75372.327709049874,1150,0,0,0,0,0,0,0,0,0,0,-0.10254014052020788,0,0,"prior_tenfold_W_039","prior_tenfold","Incorrectly shared"
"P06","W",40,1,1,1200,"",1199,0,200,0,0,0,0,0,0,0.0015343500000000001,0.0039144000000000002,1,1,50290.065107816044,70399.617413053507,0,4.1835545184771432e-10,0,9.8717456428447965e-09,9.9851472078719778e-07,9.9851472078719778e-07,0.00063889708258669023,0.05815804239265597,49.426346237712046,3.7219371428154954e-05,2.6841216669678825,61751.50539368375,1150,0,0,0,0,0,0,0,0,0,0,-0.12138353715262379,0,0,"prior_tenfold_W_040","prior_tenfold","Incorrectly shared"
"P06","A",0,0,1,1200,"",1199,0,200,0,0,0,0,0,0,0.001498,0.0036240999999999999,1,1,41338.664485991212,43233.191259870895,0,4.2001469828045868e-10,0,9.2343735272800031e-09,9.6558475704976445e-07,9.6558475704976445e-07,0.00061139062058173787,0.055541311202656554,55.765001220791945,-6.3765812915881053e-16,2.7701487419430557,1.1321267685272191e+19,1150,0,0,0,0,0,0,0,0,0,0,-0.10097015523512071,0,0,"prior_tenth_A_000","prior_tenth","Affine"
"P06","A",1,1,1,1200,"",1199,0,200,0,0,0,0,0,0,0.00152965,0.0034646,1,1,40883.067168343157,42661.943127498256,0,4.8147522301311176e-10,0,9.7205474432285791e-09,9.9080062008315474e-07,9.9080062008315474e-07,0.00061143260228732187,0.05593893183449046,55.711869883310349,3.8505932504437435e-05,2.7703609051005458,60243.247382631816,1150,0,0,0,0,0,0,0,0,0,0,-0.10113303550541528,0,0,"prior_tenth_A_001","prior_tenth","Affine"
"P06","A",2,1,1,1200,"",1199,0,200,0,0,0,0,0,0,0.0014946,0.0035994999999999998,1,1,41274.869277464575,43058.269758072085,0,4.7169040288539786e-10,0,9.8911173878905077e-09,9.9949882390393576e-07,9.9949882390393576e-07,0.00061130968584035639,0.055294371486949309,55.212259841999831,2.9959681179089238e-05,2.7719011170653038,62394.176099254815,1150,0,0,0,0,0,0,0,0,0,0,-0.11355920069819248,0,0,"prior_tenth_A_002","prior_tenth","Affine"
"P06","A",3,1,1,1200,"",1199,0,200,0,0,0,0,0,0,0.0015506000000000001,0.0056655000000000004,1,1,41097.564427828111,42863.79733910715,0,4.5535204105467335e-10,0,9.6227405201433066e-09,9.8577885254382024e-07,9.8577885254382024e-07,0.00061127079114165763,0.05570840593840002,55.647460130407751,2.9168032535949767e-05,2.7705732293781411,93930.649974035638,1150,0,0,0,0,0,0,0,0,0,0,-0.091188351822567404,0,0,"prior_tenth_A_003","prior_tenth","Affine"
"P06","A",4,1,1,1200,"",1199,0,200,0,0,0,0,0,0,0.0014836999999999999,0.0038541999999999999,1,1,40873.089394946204,42689.690098615101,0,4.2262635973585082e-10,0,9.48506443426588e-09,9.7866703393090784e-07,9.7866703393090784e-07,0.0006114968813881118,0.055258169700498523,55.301012542781805,3.6076310831194413e-05,2.7691451798151618,74501.604352157781,1150,0,0,0,0,0,0,0,0,0,0,-0.10834515009110718,0,0,"prior_tenth_A_004","prior_tenth","Affine"
"P06","A",5,1,1,1200,"",1199,0,200,0,0,0,0,0,0,0.0014880499999999999,0.0034797999999999999,1,1,41146.677329617552,42903.330877459084,0,4.6213801175248671e-10,0,9.5729007709495217e-09,9.8321017618235691e-07,9.8321017618235691e-07,0.00061138909008572788,0.055268441606537384,55.122101268549933,2.5942917829744529e-05,2.7691014480604985,86877.53763398141,1150,0,0,0,0,0,0,0,0,0,0,-0.093944845933733478,0,0,"prior_tenth_A_005","prior_tenth","Affine"
"P06","A",6,1,1,1200,"",1199,0,200,0,0,0,0,0,0,0.0015148499999999999,0.0049068000000000002,1,1,41024.007689836755,42759.335825012851,0,4.233598616967633e-10,0,9.7137028836023998e-09,9.9045002181064034e-07,9.9044858455549747e-07,0.00061118585293788556,0.05551230787538837,55.258394256908076,4.3847279467841347e-05,2.772812017049394,59622.038297176623,1150,0,0,0,0,0,0,0,0,0,0,-0.10720860933144991,0,0,"prior_tenth_A_006","prior_tenth","Affine"
"P06","A",7,1,1,1200,"",1199,0,200,0,0,0,0,0,0,0.0015203500000000002,0.0037907000000000001,1,1,40937.297813262456,42586.546006852666,0,4.7229231935818407e-10,0,9.7749931616287534e-09,9.9358522783425926e-07,9.9358522783425926e-07,0.00061117876159686628,0.055488334914521202,55.327278290946623,4.0063586161417431e-05,2.7760190505585776,59069.978228246793,1150,0,0,0,0,0,0,0,0,0,0,-0.1194937948108466,0,0,"prior_tenth_A_007","prior_tenth","Affine"
"P06","A",8,1,1,1200,"",1199,0,200,0,0,0,0,0,0,0.0014861,0.0030872,1,1,40892.789270912574,42620.237464814294,0,4.3569923277907559e-10,0,9.6196748313626903e-09,9.8562104130368855e-07,9.8562104130368855e-07,0.0006113485957925126,0.055566268522774125,55.701061421915156,3.3422695024928539e-05,2.7696841102021632,65935.874984772439,1150,0,0,0,0,0,0,0,0,0,0,-0.10058722260158903,0,0,"prior_tenth_A_008","prior_tenth","Affine"
"P06","A",9,1,1,1200,"",1199,0,200,0,0,0,0,0,0,0.0015057999999999998,0.0036974,1,1,41151.010131207164,42794.270907293881,0,4.7360694852649762e-10,0,9.8268905347707711e-09,9.9623237269085722e-07,9.9623087583925419e-07,0.00061124999902254656,0.055422341810879149,55.269864508755148,4.2884111534991276e-05,2.7705651275940473,47462.349697640973,1150,0,0,0,0,0,0,0,0,0,0,-0.11323815163649109,0,0,"prior_tenth_A_009","prior_tenth","Affine"
"P06","A",10,1,1,1200,"",1199,0,200,0,0,0,0,0,0,0.0014894999999999999,0.0036618000000000002,1,1,40936.831743789444,42741.895012457542,0,4.6721821149609537e-10,0,9.888194670931088e-09,9.993504082524766e-07,9.993504082524766e-07,0.00061141027017379333,0.055597185660920576,55.528072879165002,4.3595047639116459e-05,2.7741145895495816,52077.137888395308,1150,0,0,0,0,0,0,0,0,0,0,-0.10411554461496347,0,0,"prior_tenth_A_010","prior_tenth","Affine"
"P06","A",11,1,1,1200,"",1199,0,200,0,0,0,0,0,0,0.00151315,0.0043243999999999999,1,1,41432.403065416089,43197.181710464632,0,3.9800064129763212e-10,0,9.7455296342765272e-09,9.9207929207621798e-07,9.9207780265364828e-07,0.00061137056742753559,0.055713998695604922,55.43806210155644,3.5202174031530844e-05,2.7697470031480624,77860.62051097618,1150,0,0,0,0,0,0,0,0,0,0,-0.092857425181140374,0,0,"prior_tenth_A_011","prior_tenth","Affine"
"P06","A",12,1,1,1200,"",1199,0,200,0,0,0,0,0,0,0.00148445,0.0033184,1,1,41408.832545080557,43083.227963867779,0,4.3160923191712797e-10,0,9.4954424125547988e-09,9.7920489425809501e-07,9.7920489425809501e-07,0.00061140969980787705,0.055315263762339251,55.018662163060512,4.2021120655597814e-05,2.7749403925099343,61292.589547991112,1150,0,0,0,0,0,0,0,0,0,0,-0.092484763464190489,0,0,"prior_tenth_A_012","prior_tenth","Affine"
"P06","A",13,1,1,1200,"",1199,0,200,0,0,0,0,0,0,0.0014852000000000001,0.0035389000000000002,1,1,41079.993359092477,42847.669193993577,0,4.8180153907844539e-10,0,9.8048047424469879e-09,9.9510668845658922e-07,9.9510523426038994e-07,0.0006112194416769335,0.055500870115797581,55.534197197317845,3.5941700970869173e-05,2.7746877780707195,75210.820771585495,1150,0,0,0,0,0,0,0,0,0,0,-0.11253139701722117,0,0,"prior_tenth_A_013","prior_tenth","Affine"
"P06","A",14,1,1,1200,"",1199,0,200,0,0,0,0,0,0,0.0014714999999999999,0.0030079,1,1,41090.220731871654,42821.67560445729,0,4.8173155528083201e-10,0,9.853376723706093e-09,9.9758067874764272e-07,9.9758067874764272e-07,0.00061112489358460507,0.055478238509568331,55.294911118171228,3.4684527020347985e-05,2.7757835224136094,65005.039101303249,1150,0,0,0,0,0,0,0,0,0,0,-0.10479206435497795,0,0,"prior_tenth_A_014","prior_tenth","Affine"
"P06","A",15,1,1,1200,"",1199,0,200,0,0,0,0,0,0,0.0014807000000000002,0.0035592000000000002,1,1,41012.313651071541,42816.259352307301,0,4.4473147815969173e-10,0,9.711137928500246e-09,9.9031860201390722e-07,9.9031718530158465e-07,0.00061124204281171881,0.05527748541026771,55.305390898550343,3.1799765457518e-05,2.7688462336606334,64246.659401547826,1150,0,0,0,0,0,0,0,0,0,0,-0.095891403523949759,0,0,"prior_tenth_A_015","prior_tenth","Affine"
"P06","A",16,1,1,1200,"",1199,0,200,0,0,0,0,0,0,0.0014930500000000001,0.0036890999999999998,1,1,41066.723990411956,42857.596491368822,0,4.5396037167531546e-10,0,9.8162462731371449e-09,9.956900049887746e-07,9.9568853033078813e-07,0.00061139745094776574,0.055046634115955326,54.954902447585049,4.3894841228109561e-05,2.772102132180073,58257.004398438316,1150,0,0,0,0,0,0,0,0,0,0,-0.094750256991766924,0,0,"prior_tenth_A_016","prior_tenth","Affine"
"P06","A",17,1,1,1200,"",1199,0,200,0,0,0,0,0,0,0.0015214999999999998,0.0041600999999999999,1,1,41169.651105521159,42861.466543735914,0,4.722777127537834e-10,0,9.8575563551574675e-09,9.9779328472924242e-07,9.9779328472924242e-07,0.0006113768457665209,0.055554188866928381,55.291321980783884,4.0241277370279918e-05,2.7705699766032765,53999.853532356479,1150,0,0,0,0,0,0,0,0,0,0,-0.098680333685690208,0,0,"prior_tenth_A_017","prior_tenth","Affine"
"P06","A",18,1,1,1200,"",1199,0,200,0,0,0,0,0,0,0.0014855000000000001,0.0026093000000000002,1,1,41050.397570353714,42897.358969513072,0,4.9042322503537039e-10,0,9.880852582525201e-09,9.9897748096501419e-07,9.9897748096501419e-07,0.00061139082740410667,0.055698153403996184,55.584704097347249,3.9062156297493529e-05,2.774644217063027,63003.250067496068,1150,0,0,0,0,0,0,0,0,0,0,-0.10325654506428655,0,0,"prior_tenth_A_018","prior_tenth","Affine"
"P06","A",19,1,1,1200,"",1199,0,200,0,0,0,0,0,0,0.0014838,0.0032258,1,1,40935.186182317942,42699.724339675413,0,4.4750835384048148e-10,0,9.6142631113138443e-09,9.8534240356028253e-07,9.8534240356028253e-07,0.00061133742466584144,0.055453090289334664,55.379137119779429,2.8880759862569406e-05,2.7693942203355757,81026.812044735852,1150,0,0,0,0,0,0,0,0,0,0,-0.09538385053177395,0,0,"prior_tenth_A_019","prior_tenth","Affine"
"P06","A",20,1,1,1200,"",1199,0,200,0,0,0,0,0,0,0.0014848000000000001,0.0032526999999999999,1,1,41278.80001252683,43026.754550942824,0,4.5545640179110001e-10,0,9.711081175086279e-09,9.9031568376078773e-07,9.9031568376078773e-07,0.00061133246369016972,0.055684926026275089,55.525255231373336,4.3683308903512451e-05,2.7723125073689925,48319.678742071083,1150,0,0,0,0,0,0,0,0,0,0,-0.099245527473615397,0,0,"prior_tenth_A_020","prior_tenth","Affine"
"P06","A",21,1,1,1200,"",1199,0,200,0,0,0,0,0,0,0.0014748000000000001,0.0034662,1,1,40744.490078628587,42462.353086557428,0,4.6699917932934192e-10,0,9.532309126952972e-09,9.8111323881406533e-07,9.8111323881406533e-07,0.00061128885135590307,0.055029764828867851,54.747656255800806,4.02682652932239e-05,2.7701963834194534,56168.716773557018,1150,0,0,0,0,0,0,0,0,0,0,-0.10078990796599516,0,0,"prior_tenth_A_021","prior_tenth","Affine"
"P06","A",22,1,1,1200,"",1199,0,200,0,0,0,0,0,0,0.0014865,0.0034508,1,1,41074.28814580982,42886.092137418767,0,4.722354113004476e-10,0,9.884834511369853e-09,9.9917975241531458e-07,9.9917975241531458e-07,0.00061126985216343975,0.055620868608889401,55.388808586509654,4.6682524705323927e-05,2.771056657347613,52519.960570917261,1150,0,0,0,0,0,0,0,0,0,0,-0.10449313380177364,0,0,"prior_tenth_A_022","prior_tenth","Affine"
"P06","A",23,1,1,1200,"",1199,0,200,0,0,0,0,0,0,0.0015029499999999999,0.0029448,1,1,40965.136388875057,42711.763004326087,0,4.0462825531001438e-10,0,9.8782385673670358e-09,9.9884468433774694e-07,9.9884319901357834e-07,0.0006111647121856248,0.055531040315266733,55.492245650947453,3.5413121457432709e-05,2.7719492142723934,61123.940897411019,1150,0,0,0,0,0,0,0,0,0,0,-0.10125274547935445,0,0,"prior_tenth_A_023","prior_tenth","Affine"
"P06","A",24,1,1,1200,"",1199,0,200,0,0,0,0,0,0,0.0014856000000000001,0.0035259000000000002,1,1,41136.439536063001,42858.197634430355,0,4.7384215424806178e-10,0,9.8144516179230297e-09,9.9559852114643959e-07,9.9559852114643959e-07,0.00061120164711158558,0.055125655914615705,55.059052021395672,3.6028036383873597e-05,2.7746267287241699,75406.847522897326,1150,0,0,0,0,0,0,0,0,0,0,-0.11537017584087764,0,0,"prior_tenth_A_024","prior_tenth","Affine"
"P06","A",25,1,1,1200,"",1199,0,200,0,0,0,0,0,0,0.001485,0.0038614000000000001,1,1,40841.649019493227,42535.589976977135,0,4.7302929835445409e-10,0,9.6902602114886566e-09,9.8924824694082097e-07,9.8924824694082097e-07,0.00061103362550803629,0.055793919852300644,55.672471046206731,4.0287157219466303e-05,2.7756903874820504,59055.744005448716,1150,0,0,0,0,0,0,0,0,0,0,-0.10916674931654907,0,0,"prior_tenth_A_025","prior_tenth","Affine"
"P06","A",26,1,1,1200,"",1199,0,200,0,0,0,0,0,0,0.0014810499999999998,0.0029069999999999999,1,1,41014.421430856033,42803.60675009017,0,4.1409227650322991e-10,0,9.6899367579417461e-09,9.8923166554545277e-07,9.8923023939408302e-07,0.00061128757176167529,0.056113181355446004,55.752861413740099,3.7925668007725029e-05,2.7719234025019848,65940.680336116449,1150,0,0,0,0,0,0,0,0,0,0,-0.1128169623735244,0,0,"prior_tenth_A_026","prior_tenth","Affine"
"P06","A",27,1,1,1200,"",1199,0,200,0,0,0,0,0,0,0.0015592499999999999,0.0052608000000000004,1,1,41173.700237408193,43010.926515218031,0,4.8427512570217822e-10,0,9.8459023409880298e-09,9.9720036678924943e-07,9.9720036678924943e-07,0.00061099088432164993,0.055668919759826421,55.64550185651882,3.6610144984031403e-05,2.7737003541749159,75463.747311535029,1150,0,0,0,0,0,0,0,0,0,0,-0.094113534354920536,0,0,"prior_tenth_A_027","prior_tenth","Affine"
"P06","A",28,1,1,1200,"",1199,0,200,0,0,0,0,0,0,0.0015088,0.0042356,1,1,41099.710321014107,42837.832590788421,0,4.6341536018408615e-10,0,9.8120127171345976e-09,9.9547419715204171e-07,9.9547419715204171e-07,0.00061131034686536336,0.055546135537539516,55.303659940086966,3.6799670941597044e-05,2.7691706991371512,74810.011001523351,1150,0,0,0,0,0,0,0,0,0,0,-0.092850361275770066,0,0,"prior_tenth_A_028","prior_tenth","Affine"
"P06","A",29,1,1,1200,"",1199,0,200,0,0,0,0,0,0,0.0015024000000000001,0.0036757000000000001,1,1,40979.98636092704,42704.300351017744,0,4.9392121949234059e-10,0,9.7664157185050888e-09,9.9314704791893625e-07,9.9314704791893625e-07,0.00061129266281421089,0.055734864428037018,55.695671738326261,3.1424834753054449e-05,2.7699223425235791,86185.352147253434,1150,0,0,0,0,0,0,0,0,0,0,-0.10051785243371009,0,0,"prior_tenth_A_029","prior_tenth","Affine"
"P06","A",30,1,1,1200,"",1199,0,200,0,0,0,0,0,0,0.0014923499999999999,0.0036118000000000001,1,1,40831.39187939954,42604.340679105117,0,4.5649394786500125e-10,0,9.8305264456285185e-09,9.9641755992989115e-07,9.9641755992989115e-07,0.00061124792014411724,0.055561802247226177,55.518822517355908,4.4471316055614326e-05,2.7741528487234541,60895.059570491008,1150,0,0,0,0,0,0,0,0,0,0,-0.085857008881166763,0,0,"prior_tenth_A_030","prior_tenth","Affine"
"P06","A",31,1,1,1200,"",1199,0,200,0,0,0,0,0,0,0.0014843499999999999,0.00349,1,1,41101.217344783458,42757.88137737631,0,4.6354700759485851e-10,0,9.8681271354997284e-09,9.9833080158727977e-07,9.9832930579525122e-07,0.00061124827216842246,0.055260644623432685,55.190740244709048,4.3096077764684051e-05,2.7714100133140938,52869.49116935645,1150,0,0,0,0,0,0,0,0,0,0,-0.10808881609614002,0,0,"prior_tenth_A_031","prior_tenth","Affine"
"P06","A",32,1,1,1200,"",1199,0,200,0,0,0,0,0,0,0.0014773,0.0036614,1,1,41095.031711082702,42897.117649596752,0,5.3238739504679416e-10,0,9.8897237732536898e-09,9.9942805882082918e-07,9.9942805882082918e-07,0.00061114870221125751,0.055859013742956792,55.719329529362334,3.5660650470256997e-05,2.7742491275365664,54991.803396622941,1150,0,0,0,0,0,0,0,0,0,0,-0.1067694813869246,0,0,"prior_tenth_A_032","prior_tenth","Affine"
"P06","A",33,1,1,1200,"",1199,0,200,0,0,0,0,0,0,0.0014721999999999999,0.0036717,1,1,40955.055491447667,42742.946857809278,0,1.9924919299934539e-10,0,9.0900073209080766e-09,9.5797115643638243e-07,9.5712732534396931e-07,0.00061135037938044002,0.055327216297994267,55.209827857794991,4.5613733899537074e-05,2.7723618945862416,49290.611410261881,1150,0,0,0,0,0,0,0,0,0,0,-0.10124288644747481,0,0,"prior_tenth_A_033","prior_tenth","Affine"
"P06","A",34,1,1,1200,"",1199,0,200,0,0,0,0,0,0,0.00149015,0.0043555,1,1,41271.798705956971,42938.237325732312,0,5.0270777256414906e-10,0,9.8641773964700334e-09,9.981299869772928e-07,9.981299869772928e-07,0.00061112190781451579,0.055385618763177741,55.238530806889017,4.5078313130728972e-05,2.7758542677719427,61461.42445389567,1150,0,0,0,0,0,0,0,0,0,0,-0.10778286860642822,0,0,"prior_tenth_A_034","prior_tenth","Affine"
"P06","A",35,1,1,1200,"",1199,0,200,0,0,0,0,0,0,0.0014854,0.0039689,1,1,41050.036898598089,42755.293271542745,0,4.8098275632491866e-10,0,9.7219564616640419e-09,9.9087278103837034e-07,9.9087278103837034e-07,0.00061118400905773511,0.055512026436909438,55.567893571504271,4.5128591783552411e-05,2.7752562785259842,50229.407179057169,1150,0,0,0,0,0,0,0,0,0,0,-0.093028621658751975,0,0,"prior_tenth_A_035","prior_tenth","Affine"
"P06","A",36,1,1,1200,"",1199,0,200,0,0,0,0,0,0,0.0014892,0.0035035000000000001,1,1,41204.47782214226,43033.291553726529,0,4.5464612669539164e-10,0,9.5158874185329993e-09,9.8026364839870944e-07,9.8026364839870944e-07,0.00061118866447610427,0.05549604364548047,55.508542875606075,3.0064026332965941e-05,2.7761645180154915,89593.033237143376,1150,0,0,0,0,0,0,0,0,0,0,-0.11163582792427632,0,0,"prior_tenth_A_036","prior_tenth","Affine"
"P06","A",37,1,1,1200,"",1199,0,200,0,0,0,0,0,0,0.0014911500000000001,0.0042424999999999997,1,1,40960.002936622812,42749.92719116115,0,4.6661339233230513e-10,0,9.7902029009494764e-09,9.9436175177941072e-07,9.9436175177941072e-07,0.00061137129174636924,0.055394115593991981,55.377667551240386,3.3384150633574398e-05,2.7734288404247973,80928.566419852476,1150,0,0,0,0,0,0,0,0,0,0,-0.096476732155208411,0,0,"prior_tenth_A_037","prior_tenth","Affine"
"P06","A",38,1,1,1200,"",1199,0,200,0,0,0,0,0,0,0.0014800500000000001,0.0042427000000000003,1,1,41366.37511866977,43052.519330268195,0,4.1779194627899518e-10,0,9.7359191800836276e-09,9.9158759312763024e-07,9.9158612012726184e-07,0.00061133348476120257,0.055206364202422337,55.177604566733734,3.6809416937063473e-05,2.769925403452973,74505.482917502959,1150,0,0,0,0,0,0,0,0,0,0,-0.093593160889296312,0,0,"prior_tenth_A_038","prior_tenth","Affine"
"P06","A",39,1,1,1200,"",1199,0,200,0,0,0,0,0,0,0.00148,0.0040853,1,1,41090.92065978107,42775.207610123674,0,4.6114518529911229e-10,0,9.7596926073789563e-09,9.9280346361317097e-07,9.9280346361317097e-07,0.00061133273932073855,0.055053376296863452,55.249724764139735,3.9502098202555478e-05,2.7714519178588204,68186.851368851174,1150,0,0,0,0,0,0,0,0,0,0,-0.086070378543148029,0,0,"prior_tenth_A_039","prior_tenth","Affine"
"P06","A",40,1,1,1200,"",1199,0,200,0,0,0,0,0,0,0.0014774499999999999,0.0032686,1,1,41000.467654389133,42677.565315309534,0,4.8413806345305666e-10,0,9.8771403180476977e-09,9.9878887140161669e-07,9.9878887140161669e-07,0.00061125650846043339,0.055573207987060842,55.327067996907914,3.9929019192754553e-05,2.7736434369821343,58141.958478505439,1150,0,0,0,0,0,0,0,0,0,0,-0.098566178460176679,0,0,"prior_tenth_A_040","prior_tenth","Affine"
"P06","P2",0,0,1,1200,"",1199,0,200,0,0,0,0,0,0,0.0015642,0.0036798,1,1,39847.135011079823,48589.911214830572,0,6.9521144135986262e-10,0,9.8345307840584323e-09,9.9662148435290772e-07,9.9662148435290772e-07,0.00043894036813865072,0.54375429796655528,723.06180013488904,-1.1833635393081186e-15,3.9759746349190483,8.1807663176106994e+25,1150,0,0,0,0,0,0,0,0,0,0,-0.066501794018610033,0,0,"prior_tenth_P2_000","prior_tenth","Complete quadratic"
"P06","P2",1,1,1,1200,"",1199,0,200,0,0,0,0,0,0,0.0015666500000000002,0.0033203,1,1,39688.923188607412,48473.345851158207,0,7.5701977305552293e-10,0,9.9009641898529909e-09,9.9999868507721378e-07,9.9999868507721378e-07,0.00043871617103090376,0.53974166847189298,713.08008021234036,6.2580282699869203e-10,3.9795833292908371,5364605922.452673,1150,0,0,0,0,0,0,0,0,0,0,-0.067150485508701674,0,0,"prior_tenth_P2_001","prior_tenth","Complete quadratic"
"P06","P2",2,1,1,1200,"",1199,0,200,0,0,0,0,0,0,0.0015562,0.0025644000000000001,1,1,39919.275795085428,48895.020682909402,0,7.5350557760675987e-10,0,9.8930800828406398e-09,9.995984774257914e-07,9.995984774257914e-07,0.00043864235216158862,0.53508618113185613,714.37807988628572,3.7401469840422326e-10,3.9801485284759566,6070214006.0076504,1150,0,0,0,0,0,0,0,0,0,0,-0.077113946111895176,0,0,"prior_tenth_P2_002","prior_tenth","Complete quadratic"
"P06","P2",3,1,1,1200,"",1199,0,200,0,0,0,0,0,0,0.0015558,0.0046392999999999998,1,1,39728.663413207672,48784.428639966332,0,7.6025999036927842e-10,0,9.9006682664843875e-09,9.9998366646764583e-07,9.9998366646764583e-07,0.00043861818108646266,0.5488179407278887,726.13114128625909,5.1527705221296135e-10,3.9857298140073087,7680520561.3769808,1150,0,0,0,0,0,0,0,0,0,0,-0.058221568828131676,0,0,"prior_tenth_P2_003","prior_tenth","Complete quadratic"
"P06","P2",4,1,1,1200,"",1199,0,200,0,0,0,0,0,0,0.0015638499999999999,0.0036135999999999998,1,1,39661.2748704146,48061.830585127456,0,7.6008170164118843e-10,0,9.8990546646918509e-09,9.9990176954802789e-07,9.9990176954802789e-07,0.00043902985961896327,0.54083735011463019,708.3994578515601,6.3260005503566938e-10,3.972207871405931,5317538505.6615934,1150,0,0,0,0,0,0,0,0,0,0,-0.072533805613247571,0,0,"prior_tenth_P2_004","prior_tenth","Complete quadratic"
"P06","P2",5,1,1,1200,"",1199,0,200,0,0,0,0,0,0,0.0015690999999999999,0.0039280000000000001,1,1,39854.589702032055,49001.798557196038,0,7.5802184537618363e-10,0,9.8998090709372372e-09,9.9994005958658926e-07,9.9994005958658926e-07,0.00043873015962947611,0.54103390932094997,708.84171467403507,1.661435777338759e-10,3.9829207063075627,20281855930.133945,1150,0,0,0,0,0,0,0,0,0,0,-0.060252142131967112,0,0,"prior_tenth_P2_005","prior_tenth","Complete quadratic"
"P06","P2",6,1,1,1200,"",1199,0,200,0,0,0,0,0,0,0.0015646000000000002,0.0033790000000000001,1,1,39635.571645137745,47025.869023590647,0,7.6002242348294504e-10,0,9.8997475625924839e-09,9.9993693777244979e-07,9.9993693777244979e-07,0.00043863406930602395,0.5393787960753289,700.37391427669127,6.6693015655656982e-10,3.980515986036036,5031801680.2390976,1150,0,0,0,0,0,0,0,0,0,0,-0.071572255904381349,0,0,"prior_tenth_P2_006","prior_tenth","Complete quadratic"
"P06","P2",7,1,1,1200,"",1199,0,200,0,0,0,0,0,0,0.0015574,0.0028960000000000001,1,1,39707.881462946389,47820.191658967924,0,7.5703010766410584e-10,0,9.900614043926877e-09,9.9998091455738153e-07,9.9998091455738153e-07,0.00043851131384426025,0.54449964492491076,716.14203600648386,5.4876872206713732e-10,3.9864022968761934,6131193018.2803946,1150,0,0,0,0,0,0,0,0,0,0,-0.083017989471293296,0,0,"prior_tenth_P2_007","prior_tenth","Complete quadratic"
"P06","P2",8,1,1,1200,"",1199,0,200,0,0,0,0,0,0,0.00156985,0.0035019000000000001,1,1,39774.393514203577,48546.531672796089,0,7.5474344632716018e-10,0,9.8998720789122908e-09,9.9994325750349084e-07,9.9994325750349084e-07,0.00043892261417819562,0.54854133176057596,721.06601495173413,5.0430181589155256e-10,3.9874755483267035,6651217977.2652225,1150,0,0,0,0,0,0,0,0,0,0,-0.06705817386458196,0,0,"prior_tenth_P2_008","prior_tenth","Complete quadratic"
"P06","P2",9,1,1,1200,"",1199,0,200,0,0,0,0,0,0,0.0015641499999999998,0.0034952999999999998,1,1,40132.98450126122,48837.238657800393,0,7.5726141503982629e-10,0,9.9005163213289647e-09,9.9997595490862513e-07,9.9997595490862513e-07,0.00043892560095554379,0.53852341082607869,712.88133062038651,9.2447574913917122e-10,3.9902712207054125,3634060431.6705923,1150,0,0,0,0,0,0,0,0,0,0,-0.077835795714716077,0,0,"prior_tenth_P2_009","prior_tenth","Complete quadratic"
"P06","P2",10,1,1,1200,"",1199,0,200,0,0,0,0,0,0,0.00159665,0.0037745999999999999,1,1,39614.583499314431,48676.071315586785,0,7.6524545944099264e-10,0,9.8982975733551833e-09,9.9986334177481603e-07,9.9986334177481603e-07,0.00043853213965762725,0.54692228975658408,726.6085544571639,7.0570567301241724e-10,3.9796642059094252,4790553184.8571072,1150,0,0,0,0,0,0,0,0,0,0,-0.068616797281246283,0,0,"prior_tenth_P2_010","prior_tenth","Complete quadratic"
"P06","P2",11,1,1,1200,"",1199,0,200,0,0,0,0,0,0,0.0015826500000000001,0.0038693999999999998,1,1,39945.95933438572,49529.235454400346,0,7.518281141059908e-10,0,9.8959239675243584e-09,9.9974285495430179e-07,9.9974285495430179e-07,0.00043853325275732187,0.5467651850272256,725.8036226806563,5.8759000996943741e-10,3.9882189889363859,5708184880.513876,1150,0,0,0,0,0,0,0,0,0,0,-0.059770982700711461,0,0,"prior_tenth_P2_011","prior_tenth","Complete quadratic"
"P06","P2",12,1,1,1200,"",1199,0,200,0,0,0,0,0,0,0.0015863000000000001,0.0037593000000000001,1,1,39850.198701633381,47486.088848220301,0,7.5283696292721182e-10,0,9.9009333736017243e-09,9.9999712111091515e-07,9.9999712111091515e-07,0.0004391386669043179,0.5433533402053452,710.90144488566909,7.4396999133586476e-10,3.9689621236835118,4523125398.5662203,1150,0,0,0,0,0,0,0,0,0,0,-0.059385144834458836,0,0,"prior_tenth_P2_012","prior_tenth","Complete quadratic"
"P06","P2",13,1,1,1200,"",1199,0,200,0,0,0,0,0,0,0.00157175,0.0037494999999999998,1,1,39414.513043198887,48721.767576692095,0,7.5936795813609536e-10,0,9.8967919104070264e-09,9.9978691434060498e-07,9.9978691434060498e-07,0.00043834758155593883,0.53716178695353367,715.62039860169568,7.8735755514124184e-10,3.9918510816352843,3514860561.8421078,1150,0,0,0,0,0,0,0,0,0,0,-0.075892456215684523,0,0,"prior_tenth_P2_013","prior_tenth","Complete quadratic"
"P06","P2",14,1,1,1200,"",1199,0,200,0,0,0,0,0,0,0.0015690999999999999,0.0051998000000000001,1,1,39533.556749640105,47429.621092457375,0,7.601814442890492e-10,0,9.8943018090740814e-09,9.9966050419255496e-07,9.9966050419255496e-07,0.00043854702887173482,0.54014576570167305,710.37489536197609,2.5374466824819686e-10,3.980843714714807,13285971248.346176,1150,0,0,0,0,0,0,0,0,0,0,-0.069935464753769383,0,0,"prior_tenth_P2_014","prior_tenth","Complete quadratic"
"P06","P2",15,1,1,1200,"",1199,0,200,0,0,0,0,0,0,0.0015660499999999998,0.0036795999999999999,1,1,39526.525586673197,48207.115704592019,0,7.5703309583131688e-10,0,9.8931222660899564e-09,9.9960061912309882e-07,9.9960061912309882e-07,0.00043859978045594289,0.5371970965503029,703.82322819934257,6.9212188905490689e-10,3.9856090869158165,4855542756.4924059,1150,0,0,0,0,0,0,0,0,0,0,-0.062432812001577687,0,0,"prior_tenth_P2_015","prior_tenth","Complete quadratic"
"P06","P2",16,1,1,1200,"",1199,0,200,0,0,0,0,0,0,0.0015519500000000001,0.0040019000000000001,1,1,39692.914421488866,47058.239637201477,0,7.5871093364042794e-10,0,9.8962429353694797e-09,9.9975904694198982e-07,9.9975904694198982e-07,0.00043873031738590344,0.54146025178734192,701.69108768480089,7.441475376783177e-10,3.9688072057753998,4526444170.7268143,1150,0,0,0,0,0,0,0,0,0,0,-0.060821449148756812,0,0,"prior_tenth_P2_016","prior_tenth","Complete quadratic"
"P06","P2",17,1,1,1200,"",1199,0,200,0,0,0,0,0,0,0.0015555,0.0033149,1,1,39904.188811381464,48011.665347769376,0,7.5991724804663134e-10,0,9.8976043033168222e-09,9.9982815211046918e-07,9.9982815211046918e-07,0.00043892960532801234,0.54518951548656303,717.65410703382724,4.8479794751203458e-10,3.9739435907858733,6938019935.6266527,1150,0,0,0,0,0,0,0,0,0,0,-0.064837364325693647,0,0,"prior_tenth_P2_017","prior_tenth","Complete quadratic"
"P06","P2",18,1,1,1200,"",1199,0,200,0,0,0,0,0,0,0.0015576000000000001,0.0040314000000000001,1,1,40041.778230409356,48486.864954219127,0,7.5859873515957275e-10,0,9.8972805426155884e-09,9.9981171793682711e-07,9.9981171793682711e-07,0.00043846977253868507,0.54922974244285216,722.57319381846503,3.3342298072596132e-10,3.9851435364553849,10122906606.021021,1150,0,0,0,0,0,0,0,0,0,0,-0.068085602726912386,0,0,"prior_tenth_P2_018","prior_tenth","Complete quadratic"
"P06","P2",19,1,1,1200,"",1199,0,200,0,0,0,0,0,0,0.0015579000000000001,0.0030458,1,1,38729.703485714068,48455.441496391177,0,7.6239512012137009e-10,0,9.9002601617148316e-09,9.9996295409837106e-07,9.9996295409837106e-07,0.00043861185665657076,0.54577538674982484,727.08021800014603,6.4926976433758793e-10,3.9850654671053487,3992345021.4977999,1150,0,0,0,0,0,0,0,0,0,0,-0.061462212356158397,0,0,"prior_tenth_P2_019","prior_tenth","Complete quadratic"
"P06","P2",20,1,1,1200,"",1199,0,200,0,0,0,0,0,0,0.0015565499999999999,0.0037155999999999999,1,1,39656.325582193836,49660.464484370932,0,7.5527477146202671e-10,0,9.8983789285743624e-09,9.9986747120094227e-07,9.9986747120094227e-07,0.00043862642720491506,0.54925388486886662,726.15796084437375,5.8704180361168213e-10,3.9748934406698484,3873437769.6005735,1150,0,0,0,0,0,0,0,0,0,0,-0.064912501653105137,0,0,"prior_tenth_P2_020","prior_tenth","Complete quadratic"
"P06","P2",21,1,1,1200,"",1199,0,200,0,0,0,0,0,0,0.00156095,0.0037775999999999999,1,1,39405.89717186051,47878.984878922231,0,7.6157420662800943e-10,0,9.8972934525799194e-09,9.9981237325491291e-07,9.9981237325491291e-07,0.00043879653725728123,0.53745535566862102,703.45848578654807,4.2928319815556857e-10,3.9887126506219719,5280557518.4311371,1150,0,0,0,0,0,0,0,0,0,0,-0.066406782300781536,0,0,"prior_tenth_P2_021","prior_tenth","Complete quadratic"
"P06","P2",22,1,1,1200,"",1199,0,200,0,0,0,0,0,0,0.0015666,0.0034949,1,1,39609.512962303517,48397.190640406363,0,7.572603923147872e-10,0,9.9009117486857271e-09,9.999960236158292e-07,9.999960236158292e-07,0.00043855343562325128,0.54796723796980729,720.46144416103471,8.2759564988722382e-10,3.9887533088730689,4078088146.0327973,1150,0,0,0,0,0,0,0,0,0,0,-0.069512933802660576,0,0,"prior_tenth_P2_022","prior_tenth","Complete quadratic"
"P06","P2",23,1,1,1200,"",1199,0,200,0,0,0,0,0,0,0.00154835,0.0038421000000000002,1,1,39470.453623259004,47345.06637508695,0,7.6264895181931047e-10,0,9.9009108458690378e-09,9.9999597779656278e-07,9.9999597779656278e-07,0.00043852293473002429,0.54163026124080138,712.36372956406694,4.4090696506599035e-10,3.9821018558070582,7630483879.6487398,1150,0,0,0,0,0,0,0,0,0,0,-0.066745306749488531,0,0,"prior_tenth_P2_023","prior_tenth","Complete quadratic"
"P06","P2",24,1,1,1200,"",1199,0,200,0,0,0,0,0,0,0.0015765,0.0042648,1,1,39851.030235842016,49613.630042745557,0,7.6543772835393014e-10,0,9.9008366024935687e-09,9.9999220983100683e-07,9.9999220983100683e-07,0.00043854996844879722,0.53853031294753462,710.73038393570641,6.6486126305292951e-10,3.9873685492106663,5059057721.1002207,1150,0,0,0,0,0,0,0,0,0,0,-0.078577718256261336,0,0,"prior_tenth_P2_024","prior_tenth","Complete quadratic"
"P06","P2",25,1,1,1200,"",1199,0,200,0,0,0,0,0,0,0.0015604,0.0029115999999999999,1,1,39375.377972211463,48021.35055978132,0,7.5687247354060437e-10,0,9.90098469115046e-09,9.9999972554437295e-07,9.9999972554437295e-07,0.0004385530686570005,0.54715661391550829,723.83102236201819,6.3954386470696227e-10,3.9831506758456352,3711278175.8337512,1150,0,0,0,0,0,0,0,0,0,0,-0.073866312839339837,0,0,"prior_tenth_P2_025","prior_tenth","Complete quadratic"
"P06","P2",26,1,1,1200,"",1199,0,200,0,0,0,0,0,0,0.00156375,0.0037377000000000001,1,1,39712.55833868678,47244.348384656827,0,7.6085907259693104e-10,0,9.89937139822727e-09,9.9991784559734922e-07,9.9991784559734922e-07,0.00043863504084772667,0.55226215303022053,715.91680464056867,6.3013124906853379e-10,3.9775730499822233,5341384590.5207338,1150,0,0,0,0,0,0,0,0,0,0,-0.07660213956908235,0,0,"prior_tenth_P2_026","prior_tenth","Complete quadratic"
"P06","P2",27,1,1,1200,"",1199,0,200,0,0,0,0,0,0,0.0015555,0.0040699999999999998,1,1,39831.056141620516,48437.724598604109,0,7.5366148061664126e-10,0,9.895811093484706e-09,9.9973712498863285e-07,9.9973712498863285e-07,0.00043850479388680459,0.54257115208955109,728.19385972143164,7.7418770033511246e-10,3.9893989093880138,4505153692.2263803,1150,0,0,0,0,0,0,0,0,0,0,-0.060637094486150789,0,0,"prior_tenth_P2_027","prior_tenth","Complete quadratic"
"P06","P2",28,1,1,1200,"",1199,0,200,0,0,0,0,0,0,0.0015541999999999999,0.0027777000000000001,1,1,40100.177919657217,49675.720187269253,0,7.5938756125815183e-10,0,9.8962445508296877e-09,9.9975912894805318e-07,9.9975912894805318e-07,0.00043862795687265704,0.54514067096301444,715.71491035938027,8.2291918374183407e-10,3.9886622913497547,3290527344.8754206,1150,0,0,0,0,0,0,0,0,0,0,-0.059775565176548029,0,0,"prior_tenth_P2_028","prior_tenth","Complete quadratic"
"P06","P2",29,1,1,1200,"",1199,0,200,0,0,0,0,0,0,0.0015594000000000001,0.0042401000000000001,1,1,39420.894091111157,47230.970040924942,0,7.5968903698757277e-10,0,9.8989692954285714e-09,9.9989743652315822e-07,9.9989743652315822e-07,0.00043874965206837304,0.5451425851871472,716.47965084711257,4.6010219829731294e-10,3.9766462480974862,6190248045.1102629,1150,0,0,0,0,0,0,0,0,0,0,-0.066713991430549846,0,0,"prior_tenth_P2_029","prior_tenth","Complete quadratic"
"P06","P2",30,1,1,1200,"",1199,0,200,0,0,0,0,0,0,0.0015494,0.0029372000000000001,1,1,39425.688839104507,47745.688355168175,0,7.6328968573779196e-10,0,9.8965986448676532e-09,9.9977710376718399e-07,9.9977710376718399e-07,0.00043880614369686959,0.53587039921627211,715.67791982068434,9.7982942084296282e-10,3.9808096418874532,3432341658.4444141,1150,0,0,0,0,0,0,0,0,0,0,-0.053163876732722937,0,0,"prior_tenth_P2_030","prior_tenth","Complete quadratic"
"P06","P2",31,1,1,1200,"",1199,0,200,0,0,0,0,0,0,0.0015655000000000001,0.0039471000000000003,1,1,39666.143680871493,47940.891666816897,0,7.6083584210959285e-10,0,9.8986220873597821e-09,9.9987981334815012e-07,9.9987981334815012e-07,0.00043876681935463367,0.54038504434867829,717.82879071329342,6.2532481651825032e-10,3.9726526812662031,5372388996.5132055,1150,0,0,0,0,0,0,0,0,0,0,-0.073064563390581927,0,0,"prior_tenth_P2_031","prior_tenth","Complete quadratic"
"P06","P2",32,1,1,1200,"",1199,0,200,0,0,0,0,0,0,0.0015742,0.0036045000000000001,1,1,39406.428466352183,48075.978465701039,0,7.5417220223292471e-10,0,9.9000286796906532e-09,9.9995120560095832e-07,9.9995120560095832e-07,0.0004384625020539643,0.55001811961129121,720.67261788176802,4.8825114380390663e-10,3.9778751125321712,4650358107.8863716,1150,0,0,0,0,0,0,0,0,0,0,-0.071921500826832963,0,0,"prior_tenth_P2_032","prior_tenth","Complete quadratic"
"P06","P2",33,1,1,1200,"",1199,0,200,0,0,0,0,0,0,0.001567,0.0038698000000000001,1,1,39450.399017520504,48288.696312745691,0,7.6287701871095711e-10,0,9.8955115320983991e-09,9.9972191782344533e-07,9.9972191782344533e-07,0.00043893651888470654,0.53717814682165577,708.64810975586136,7.6694993800299788e-10,3.9702546051589507,3548912582.2747045,1150,0,0,0,0,0,0,0,0,0,0,-0.066664865673709939,0,0,"prior_tenth_P2_033","prior_tenth","Complete quadratic"
"P06","P2",34,1,1,1200,"",1199,0,200,0,0,0,0,0,0,0.0015640999999999999,0.0040632000000000003,1,1,39707.755022914556,48026.69484003527,0,7.5439001315701283e-10,0,9.8992586765040137e-09,9.9991212435051397e-07,9.9991212435051397e-07,0.00043855025115524553,0.54387121862159349,714.43824341288234,9.0876025718869237e-10,3.9829262701749668,3701842190.4025679,1150,0,0,0,0,0,0,0,0,0,0,-0.072177623336989183,0,0,"prior_tenth_P2_034","prior_tenth","Complete quadratic"
"P06","P2",35,1,1,1200,"",1199,0,200,0,0,0,0,0,0,0.0015627499999999999,0.0039427000000000004,1,1,39701.318000737883,47665.485320314539,0,7.5904033331625891e-10,0,9.8969053153167434e-09,9.997926709729764e-07,9.997926709729764e-07,0.0004386588579395649,0.54156460442532028,713.61368620410565,6.3532188464679021e-10,3.979845649908063,5306391742.6595087,1150,0,0,0,0,0,0,0,0,0,0,-0.059696820884258012,0,0,"prior_tenth_P2_035","prior_tenth","Complete quadratic"
"P06","P2",36,1,1,1200,"",1199,0,200,0,0,0,0,0,0,0.0015605,0.0037972000000000001,1,1,39664.860615537764,48481.513544439127,0,7.5292568059810059e-10,0,9.8839690758660224e-09,9.9913579401262685e-07,9.9913579401262685e-07,0.00043846314460377068,0.53754661594206921,719.98389672698295,7.0506524927607475e-10,3.982354902246851,5614628345.8019085,1150,0,0,0,0,0,0,0,0,0,0,-0.075250047246516738,0,0,"prior_tenth_P2_036","prior_tenth","Complete quadratic"
"P06","P2",37,1,1,1200,"",1199,0,200,0,0,0,0,0,0,0.0015684499999999999,0.0037826000000000001,1,1,39379.778722690244,48346.016330688813,0,7.598509181462752e-10,0,9.8972070742293476e-09,9.9980798862624143e-07,9.9980798862624143e-07,0.00043848897725800364,0.54523842063872974,718.96660257664951,8.2200064380239047e-10,3.9761285088335865,4489026690.9407883,1150,0,0,0,0,0,0,0,0,0,0,-0.062091663303647293,0,0,"prior_tenth_P2_037","prior_tenth","Complete quadratic"
"P06","P2",38,1,1,1200,"",1199,0,200,0,0,0,0,0,0,0.0015796499999999999,0.0038508000000000001,1,1,39719.659085346866,48811.400771026245,0,7.5234400135953818e-10,0,9.9003407729936685e-09,9.9996704536212157e-07,9.9996704536212157e-07,0.00043873363260572926,0.53843905767240152,715.78131462285774,7.3954797378520883e-10,3.9854767001663371,4527644704.9177904,1150,0,0,0,0,0,0,0,0,0,0,-0.059499932324552807,0,0,"prior_tenth_P2_038","prior_tenth","Complete quadratic"
"P06","P2",39,1,1,1200,"",1199,0,200,0,0,0,0,0,0,0.0015972499999999999,0.0034902000000000002,1,1,39659.167977555844,48318.910303086239,0,7.5467002991093071e-10,0,9.8873497781778556e-09,9.9930750052797639e-07,9.9930750052797639e-07,0.00043878585849863776,0.53678150433523297,716.70352139903514,7.7266160593249344e-10,3.9730127154127097,3574025867.796113,1150,0,0,0,0,0,0,0,0,0,0,-0.05389917251405224,0,0,"prior_tenth_P2_039","prior_tenth","Complete quadratic"
"P06","P2",40,1,1,1200,"",1199,0,200,0,0,0,0,0,0,0.0015734,0.0041691999999999996,1,1,39820.36537141406,46999.48928855962,0,7.5256892341111228e-10,0,9.8997593138740526e-09,9.9993753420147372e-07,9.9993753420147372e-07,0.0004388803546748135,0.54310877018544024,702.09410633578921,3.4597074502122551e-10,3.9789737173940241,9742656625.724474,1150,0,0,0,0,0,0,0,0,0,0,-0.064923679648336452,0,0,"prior_tenth_P2_040","prior_tenth","Complete quadratic"
"P06","R",0,0,1,1200,"",1199,0,200,0,0,0,0,0,0,0.0015211999999999999,0.0037935999999999998,1,1,39918.968822680239,49297.606823654736,0,7.5247676927143044e-10,0,9.8286382418584892e-09,9.9632138724092208e-07,9.9632138724092208e-07,0.00053259269451869313,0.068027666893562322,66.072497262762951,-7.7544910263217145e-16,3.1473865023637146,1.523681828992301e+24,1150,0,0,0,0,0,0,0,0,0,0,-0.066682055189978273,0,0,"prior_tenth_R_000","prior_tenth","Relaxed"
"P06","R",1,1,1,1200,"",1199,0,200,0,0,0,0,0,0,0.001523,0.0038097000000000001,1,1,39573.750761027128,48746.048166012311,0,7.5374161007283394e-10,0,9.9003811182279423e-09,9.999690929973388e-07,9.999690929973388e-07,0.00053249337054184979,0.067769589842335179,65.531280824490722,2.8982689089962495e-09,3.1501537030353468,965899530.62312984,1150,0,0,0,0,0,0,0,0,0,0,-0.067407203911838909,0,0,"prior_tenth_R_001","prior_tenth","Relaxed"
"P06","R",2,1,1,1200,"",1199,0,200,0,0,0,0,0,0,0.0015201500000000001,0.0032850000000000002,1,1,39840.855759075363,49604.294979513776,0,7.5409882145278944e-10,0,9.8976021384758852e-09,9.9982804222348288e-07,9.9982804222348288e-07,0.00053241206424279859,0.068205850849629657,65.448393774399875,2.0953330418077465e-09,3.1489370025519912,1195919662.1488733,1150,0,0,0,0,0,0,0,0,0,0,-0.077277131286112383,0,0,"prior_tenth_R_002","prior_tenth","Relaxed"
"P06","R",3,1,1,1200,"",1199,0,200,0,0,0,0,0,0,0.0015209500000000001,0.0039760999999999998,1,1,39844.006342946173,49366.56996141767,0,7.6029089526645589e-10,0,9.8938093813468369e-09,9.9963550420347824e-07,9.9963550420347824e-07,0.0005323368395995198,0.068383279119815635,65.63078468740126,1.389869412160398e-09,3.1516780593126428,2256502476.092514,1150,0,0,0,0,0,0,0,0,0,0,-0.058359645328362353,0,0,"prior_tenth_R_003","prior_tenth","Relaxed"
"P06","R",4,1,1,1200,"",1199,0,200,0,0,0,0,0,0,0.0015178499999999998,0.0035159000000000002,1,1,39328.570452033207,49175.09437436537,0,7.5966697517206731e-10,0,9.9005541997552643e-09,9.9997787732959096e-07,9.9997787732959096e-07,0.00053278752314287468,0.067763343042542765,65.20028296528757,1.7659430644787642e-09,3.1448816064084464,1525490525.0448976,1150,0,0,0,0,0,0,0,0,0,0,-0.072668850675601943,0,0,"prior_tenth_R_004","prior_tenth","Relaxed"
"P06","R",5,1,1,1200,"",1199,0,200,0,0,0,0,0,0,0.00152535,0.0035541000000000001,1,1,39866.66863210396,49899.893608989354,0,7.6099622646951644e-10,0,9.8975114891938665e-09,9.9982344086973687e-07,9.9982344086973687e-07,0.00053257349471745607,0.06800441990097332,64.977201416911569,5.7666479882369275e-10,3.1504461741935867,4864510863.1902933,1150,0,0,0,0,0,0,0,0,0,0,-0.060428266791003937,0,0,"prior_tenth_R_005","prior_tenth","Relaxed"
"P06","R",6,1,1,1200,"",1199,0,200,0,0,0,0,0,0,0.0015287999999999999,0.0034513,1,1,39527.046587795528,49161.580949351657,0,7.6375632534600295e-10,0,9.9008522555756561e-09,9.9999300425017858e-07,9.9999300425017858e-07,0.00053232506457070062,0.067827319399965766,65.271108662499216,2.8057575312243071e-09,3.150630635806523,982574905.50567961,1150,0,0,0,0,0,0,0,0,0,0,-0.071957326629538271,0,0,"prior_tenth_R_006","prior_tenth","Relaxed"
"P06","R",7,1,1,1200,"",1199,0,200,0,0,0,0,0,0,0.0015226,0.0034191999999999998,1,1,39478.667608663804,48399.808111381615,0,7.5603971902467248e-10,0,9.8949228371257821e-09,9.9969203219393056e-07,9.9969203219393056e-07,0.0005322934577800041,0.068287587480367798,65.393627324601894,1.4036629732070598e-09,3.1525303536811342,2001843821.5786734,1150,0,0,0,0,0,0,0,0,0,0,-0.083122673505899691,0,0,"prior_tenth_R_007","prior_tenth","Relaxed"
"P06","R",8,1,1,1200,"",1199,0,200,0,0,0,0,0,0,0.0015347500000000001,0.0048856999999999998,1,1,39638.016186258654,48894.142676646385,0,7.564970674126234e-10,0,9.8961898729417549e-09,9.997563533147836e-07,9.997563533147836e-07,0.00053247115426165149,0.068025198458717462,65.944859424237464,2.1421624801077166e-09,3.1517566814924312,955296754.88618481,1150,0,0,0,0,0,0,0,0,0,0,-0.066820305159281113,0,0,"prior_tenth_R_008","prior_tenth","Relaxed"
"P06","R",9,1,1,1200,"",1199,0,200,0,0,0,0,0,0,0.0015221499999999999,0.0043188000000000002,1,1,39732.290366471541,49098.703176848052,0,7.5860449887615988e-10,0,9.9002325599939133e-09,9.9996155322461105e-07,9.9996155322461105e-07,0.00053242929675162225,0.06789262452369163,65.351734933150894,2.4787587414391607e-09,3.1529909548405346,1129279460.2713499,1150,0,0,0,0,0,0,0,0,0,0,-0.077507263865181503,0,0,"prior_tenth_R_009","prior_tenth","Relaxed"
"P06","R",10,1,1,1200,"",1199,0,200,0,0,0,0,0,0,0.0015354000000000001,0.0037263999999999999,1,1,39581.413396546515,48717.740190325254,0,7.6323906323746766e-10,0,9.8992193088042907e-09,9.999101262158342e-07,9.999101262158342e-07,0.00053251975617441265,0.06793770235085167,65.831200157170016,2.6877192091142437e-09,3.1476167186710904,1046234809.1331124,1150,0,0,0,0,0,0,0,0,0,0,-0.068875887162437172,0,0,"prior_tenth_R_010","prior_tenth","Relaxed"
"P06","R",11,1,1,1200,"",1199,0,200,0,0,0,0,0,0,0.0015227999999999999,0.0052061,1,1,40151.355617933172,49441.858518223067,0,7.5609507505970371e-10,0,9.8933134495473596e-09,9.9961032569410412e-07,9.9961032569410412e-07,0.00053237691163253648,0.06776663912362349,65.584278600912839,2.0274639294081861e-09,3.152178983903926,1378917699.4191394,1150,0,0,0,0,0,0,0,0,0,0,-0.060002794170649854,0,0,"prior_tenth_R_011","prior_tenth","Relaxed"
"P06","R",12,1,1,1200,"",1199,0,200,0,0,0,0,0,0,0.0015256499999999999,0.0035539,1,1,40051.396290113749,49441.764816635776,0,7.5357714548256372e-10,0,9.9000603673074022e-09,9.9995281386297516e-07,9.9995281386297516e-07,0.00053271405485249147,0.068021883536327099,65.207183743566105,2.7666261263613883e-09,3.1439074620046679,738766712.04549062,1150,0,0,0,0,0,0,0,0,0,0,-0.059379609592973892,0,0,"prior_tenth_R_012","prior_tenth","Relaxed"
"P06","R",13,1,1,1200,"",1199,0,200,0,0,0,0,0,0,0.0015283499999999999,0.0036511,1,1,39655.973412368432,49078.381285977914,0,7.6208719564952229e-10,0,9.8990527846187388e-09,9.9990167412273686e-07,9.9990167412273686e-07,0.00053225424956378795,0.068015261055012294,65.55124024954344,1.2395474926260186e-09,3.1542906787119165,2260279429.2547011,1150,0,0,0,0,0,0,0,0,0,0,-0.07628656606269793,0,0,"prior_tenth_R_013","prior_tenth","Relaxed"
"P06","R",14,1,1,1200,"",1199,0,200,0,0,0,0,0,0,0.0015354000000000001,0.0036072000000000001,1,1,39511.526696797846,48848.598461478286,0,7.5806188070788438e-10,0,9.8968285791200514e-09,9.9978877571243664e-07,9.9978877571243664e-07,0.00053228599164535499,0.068103895867242567,65.371359271511807,1.4129112407723203e-09,3.1509036495760094,1987176851.3250313,1150,0,0,0,0,0,0,0,0,0,0,-0.070062589660772057,0,0,"prior_tenth_R_014","prior_tenth","Relaxed"
"P06","R",15,1,1,1200,"",1199,0,200,0,0,0,0,0,0,0.00152235,0.0036803000000000001,1,1,39523.540750096698,48512.907293824341,0,7.5687869886182148e-10,0,9.8988271009385863e-09,9.9989021922103403e-07,9.9989021922103403e-07,0.00053232687579762383,0.067975917134592612,65.277571771836577,2.4911968185658658e-09,3.1519156218093141,1121270151.1689034,1150,0,0,0,0,0,0,0,0,0,0,-0.062565787382371785,0,0,"prior_tenth_R_015","prior_tenth","Relaxed"
"P06","R",16,1,1,1200,"",1199,0,200,0,0,0,0,0,0,0.001521,0.0034838,1,1,39817.17935996069,48954.372601048453,0,7.5979986784258965e-10,0,9.9481853761839237e-09,9.9918198325127198e-07,9.9918198325127198e-07,0.00053256857003829725,0.068192364649759724,64.893881945651231,2.9122194331437461e-09,3.1446095726705452,963055519.79688406,1150,0,0,0,0,0,0,0,0,0,0,-0.061017939828289458,0,0,"prior_tenth_R_016","prior_tenth","Relaxed"
"P06","R",17,1,1,1200,"",1199,0,200,0,0,0,0,0,0,0.0015232499999999999,0.003653,1,1,39841.848543546956,49196.904501942619,0,7.5835129076787903e-10,0,9.8941115796554862e-09,9.9965084653689028e-07,9.9965084653689028e-07,0.00053253560657606943,0.068224218587658897,65.511446245192303,1.7454852280270456e-09,3.1466048920069523,1502320001.2652459,1150,0,0,0,0,0,0,0,0,0,0,-0.064746995765245868,0,0,"prior_tenth_R_017","prior_tenth","Relaxed"
"P06","R",18,1,1,1200,"",1199,0,200,0,0,0,0,0,0,0.0015249,0.0033882000000000001,1,1,39660.110282472226,49007.02346632861,0,7.556433718673286e-10,0,9.8902227318083531e-09,9.9945339554822805e-07,9.9945339554822805e-07,0.00053239027104151897,0.068283379803514649,65.655201316628691,1.5995905348351676e-09,3.1506544290705287,1755631787.0357342,1150,0,0,0,0,0,0,0,0,0,0,-0.068462402556873025,0,0,"prior_tenth_R_018","prior_tenth","Relaxed"
"P06","R",19,1,1,1200,"",1199,0,200,0,0,0,0,0,0,0.00153915,0.0037445999999999998,1,1,39446.560090687148,48582.460266562244,0,7.5683612651307728e-10,0,9.9003465000882558e-09,9.9996733602869393e-07,9.9996733602869393e-07,0.00053253021199950923,0.068091018317364096,65.46146518875149,2.541110601100979e-09,3.1533853209531117,885170158.75588965,1150,0,0,0,0,0,0,0,0,0,0,-0.06195079576220297,0,0,"prior_tenth_R_019","prior_tenth","Relaxed"
"P06","R",20,1,1,1200,"",1199,0,200,0,0,0,0,0,0,0.00151315,0.0038979000000000001,1,1,39785.070626400964,49107.555726436811,0,7.5572589614535486e-10,0,9.8978789783574428e-09,9.9984209447508888e-07,9.9984209447508888e-07,0.00053247876515215905,0.067972201758398812,65.700701516464036,3.4336781148687116e-09,3.1451941332237046,815886974.98388362,1150,0,0,0,0,0,0,0,0,0,0,-0.065000066823253794,0,0,"prior_tenth_R_020","prior_tenth","Relaxed"
"P06","R",21,1,1,1200,"",1199,0,200,0,0,0,0,0,0,0.0015138,0.0035688,1,1,39333.630673159874,48418.234741582608,0,7.6226912695449029e-10,0,9.9004947866324204e-09,9.9997486196952612e-07,9.9997486196952612e-07,0.00053261110980425445,0.067734123674385402,64.771272307936471,1.8680450798139609e-09,3.1524083582218458,1094117127.7311575,1150,0,0,0,0,0,0,0,0,0,0,-0.066597004723316783,0,0,"prior_tenth_R_021","prior_tenth","Relaxed"
"P06","R",22,1,1,1200,"",1199,0,200,0,0,0,0,0,0,0.0015149500000000002,0.0029824000000000001,1,1,39455.981300513587,49190.807304920527,0,7.6272338319854581e-10,0,9.8995310863660704e-09,9.9992595059264064e-07,9.9992595059264064e-07,0.0005323799219658945,0.068421564543270558,65.531135847055268,2.7599890381625394e-09,3.1525492512570445,1017106576.4899604,1150,0,0,0,0,0,0,0,0,0,0,-0.06965824210000765,0,0,"prior_tenth_R_022","prior_tenth","Relaxed"
"P06","R",23,1,1,1200,"",1199,0,200,0,0,0,0,0,0,0.0015479000000000001,0.0041124999999999998,1,1,39518.758501484292,48707.40977833845,0,7.6135508241672774e-10,0,9.8998892023320757e-09,9.9994412658655266e-07,9.9994412658655266e-07,0.00053230436933872263,0.06819719669521708,65.498538486772787,1.5143297242526613e-09,3.1511439732960884,1818406002.9411302,1150,0,0,0,0,0,0,0,0,0,0,-0.066964942983546438,0,0,"prior_tenth_R_023","prior_tenth","Relaxed"
"P06","R",24,1,1,1200,"",1199,0,200,0,0,0,0,0,0,0.0015264,0.0036914000000000001,1,1,39693.85514481111,49397.498380761281,0,7.6322363263079315e-10,0,9.8965464858383058e-09,9.997744560467067e-07,9.997744560467067e-07,0.00053239483700842844,0.068221692886278024,65.10826983590178,1.9007744761506302e-09,3.1514211369769822,1474161266.2627692,1150,0,0,0,0,0,0,0,0,0,0,-0.078659960239766374,0,0,"prior_tenth_R_024","prior_tenth","Relaxed"
"P06","R",25,1,1,1200,"",1199,0,200,0,0,0,0,0,0,0.0015203999999999999,0.0039937000000000002,1,1,39492.246184770571,48687.747951041631,0,7.5852319062160847e-10,0,9.9009739833807127e-09,9.9999918211146525e-07,9.9999918211146525e-07,0.00053218104896472925,0.068651886976909146,65.814407299865493,3.5270293685805257e-09,3.151693402039113,686592002.15540516,1150,0,0,0,0,0,0,0,0,0,0,-0.073861360371821533,0,0,"prior_tenth_R_025","prior_tenth","Relaxed"
"P06","R",26,1,1,1200,"",1199,0,200,0,0,0,0,0,0,0.0015344,0.0033712999999999998,1,1,39452.692897907749,48755.490363208577,0,7.6028153604301664e-10,0,9.8956333087969454e-09,9.9972809981714063e-07,9.9972809981714063e-07,0.00053231599415741297,0.068249570224529918,65.795280289985001,1.7746822941853991e-09,3.147494738820718,1580493815.2221928,1150,0,0,0,0,0,0,0,0,0,0,-0.076588626552402783,0,0,"prior_tenth_R_026","prior_tenth","Relaxed"
"P06","R",27,1,1,1200,"",1199,0,200,0,0,0,0,0,0,0.0015218,0.0036032,1,1,39659.778939259573,48962.013706435268,0,7.6035206671831848e-10,0,9.8978163457138749e-09,9.9983891529098331e-07,9.9983891529098331e-07,0.00053215518424556767,0.067901845369203087,65.876415565243306,9.5477931384967863e-10,3.1548877847158066,2142393792.7079797,1150,0,0,0,0,0,0,0,0,0,0,-0.060763985644156082,0,0,"prior_tenth_R_027","prior_tenth","Relaxed"
"P06","R",28,1,1,1200,"",1199,0,200,0,0,0,0,0,0,0.0015226,0.0039020999999999999,1,1,39740.302880099014,49099.272743571972,0,7.5999741164943785e-10,0,9.8955841580087961e-09,9.9972560468208732e-07,9.9972560468208732e-07,0.0005324536961944735,0.06847946410536844,65.288439051942461,1.4699164999429716e-09,3.1509375612016308,1392132983.6136916,1150,0,0,0,0,0,0,0,0,0,0,-0.059769767430956078,0,0,"prior_tenth_R_028","prior_tenth","Relaxed"
"P06","R",29,1,1,1200,"",1199,0,200,0,0,0,0,0,0,0.00154185,0.0029374000000000002,1,1,39528.788996210336,48906.929666022239,0,7.5747885201039403e-10,0,9.8923727323174087e-09,9.9956256366514106e-07,9.9956256366514106e-07,0.00053245347242788469,0.067677270843706186,65.757467733365786,1.8539841377907599e-09,3.1495613357257337,1511610098.0780149,1150,0,0,0,0,0,0,0,0,0,0,-0.066778215511029582,0,0,"prior_tenth_R_029","prior_tenth","Relaxed"
"P06","R",30,1,1,1200,"",1199,0,200,0,0,0,0,0,0,0.0015345000000000001,0.0042290000000000001,1,1,39301.347632830249,48447.061211062472,0,7.6238834618560806e-10,0,9.8985809198917269e-09,9.998777237983704e-07,9.998777237983704e-07,0.00053247161590853573,0.0677017318920278,65.610575017565964,3.1015857359691471e-09,3.1490112106536681,904138520.85826433,1150,0,0,0,0,0,0,0,0,0,0,-0.053100616408096379,0,0,"prior_tenth_R_030","prior_tenth","Relaxed"
"P06","R",31,1,1,1200,"",1199,0,200,0,0,0,0,0,0,0.0015097999999999999,0.0030831999999999999,1,1,39674.068665484432,48878.907757443449,0,7.612416855745211e-10,0,9.8964072564645618e-09,9.9976738838776047e-07,9.9976738838776047e-07,0.00053247057426075055,0.067731617506872926,65.319657276958225,3.3281204572376761e-09,3.1465492941177375,814712749.94810128,1150,0,0,0,0,0,0,0,0,0,0,-0.073258704521324991,0,0,"prior_tenth_R_031","prior_tenth","Relaxed"
"P06","R",32,1,1,1200,"",1199,0,200,0,0,0,0,0,0,0.0015287500000000002,0.0035089000000000001,1,1,39678.82057370941,49087.716140003227,0,7.5864584988611448e-10,0,9.8938351374944059e-09,9.9963681182871411e-07,9.9963681182871411e-07,0.00053219223989752623,0.068420920874021116,65.932480881141714,2.0188762032979989e-09,3.1489959988591045,1394209224.8478582,1150,0,0,0,0,0,0,0,0,0,0,-0.071917786748347035,0,0,"prior_tenth_R_032","prior_tenth","Relaxed"
"P06","R",33,1,1,1200,"",1199,0,200,0,0,0,0,0,0,0.0015216499999999998,0.0033766999999999998,1,1,39332.60052267756,49063.135401820218,0,7.6150742623978585e-10,0,9.8992862270160531e-09,9.999135226933605e-07,9.999135226933605e-07,0.00053265126168949525,0.067602168095227663,65.383171320751174,1.6491992294668082e-09,3.1439989616915254,1240807143.6415184,1150,0,0,0,0,0,0,0,0,0,0,-0.066776932774764181,0,0,"prior_tenth_R_033","prior_tenth","Relaxed"
"P06","R",34,1,1,1200,"",1199,0,200,0,0,0,0,0,0,0.0015302,0.0030534,1,1,39803.640025404784,49058.024121875656,0,7.5797780410330338e-10,0,9.8967202008743326e-09,9.9978327422193898e-07,9.9978327422193898e-07,0.00053230424400303137,0.068151039315309817,65.397582459703187,2.9128346601385034e-09,3.1516633047338769,966442094.1964004,1150,0,0,0,0,0,0,0,0,0,0,-0.07232323207496108,0,0,"prior_tenth_R_034","prior_tenth","Relaxed"
"P06","R",35,1,1,1200,"",1199,0,200,0,0,0,0,0,0,0.0015195500000000002,0.0040258999999999998,1,1,39680.665105810549,48966.794977215301,0,7.6536349105680013e-10,0,9.9002656662204399e-09,9.9996323346903443e-07,9.9996323346903443e-07,0.00053228978616251619,0.067936277858822225,65.685650510170078,2.0873813805676976e-09,3.1496601692743185,1344284203.2482512,1150,0,0,0,0,0,0,0,0,0,0,-0.059612788336014855,0,0,"prior_tenth_R_035","prior_tenth","Relaxed"
"P06","R",36,1,1,1200,"",1199,0,200,0,0,0,0,0,0,0.0015314,0.0059036999999999996,1,1,39794.290075051205,49309.557777461909,0,7.547092576889623e-10,0,9.9002783413688628e-09,9.9996387677169169e-07,9.9996387677169169e-07,0.00053223315527672899,0.067766755673391632,65.655190864426345,2.5653952530135327e-09,3.1509048412187042,1222061102.4127605,1150,0,0,0,0,0,0,0,0,0,0,-0.075348577840877284,0,0,"prior_tenth_R_036","prior_tenth","Relaxed"
"P06","R",37,1,1,1200,"",1199,0,200,0,0,0,0,0,0,0.0015331500000000001,0.0035071,1,1,39532.301037682642,49041.698760050036,0,7.6116726618673605e-10,0,9.9002137056893843e-09,9.9996059630852366e-07,9.9996059630852366e-07,0.00053250549656229406,0.068315865444619692,65.501612670247226,1.8267064605354457e-09,3.1473978386718748,1538663587.7531035,1150,0,0,0,0,0,0,0,0,0,0,-0.062534320281115607,0,0,"prior_tenth_R_037","prior_tenth","Relaxed"
"P06","R",38,1,1,1200,"",1199,0,200,0,0,0,0,0,0,0.00151275,0.0035620999999999999,1,1,39939.43752147445,49090.693705168051,0,7.5574024608854278e-10,0,9.9001827481948078e-09,9.9995902511496151e-07,9.9995902511496151e-07,0.00053251934429898945,0.067940836589325149,65.302909317997731,3.0537837738143364e-09,3.1523926895746466,1025419219.2247634,1150,0,0,0,0,0,0,0,0,0,0,-0.059944706896761124,0,0,"prior_tenth_R_038","prior_tenth","Relaxed"
"P06","R",39,1,1,1200,"",1199,0,200,0,0,0,0,0,0,0.00153845,0.0040258999999999998,1,1,39639.50489620422,48944.782797410546,0,7.5787402688675372e-10,0,9.900508227582077e-09,9.9997554413109039e-07,9.9997554413109039e-07,0.00053255069310588433,0.06784965844844898,65.413916934947054,2.0696628649296494e-09,3.14563489228552,1352966174.9418874,1150,0,0,0,0,0,0,0,0,0,0,-0.053952475315269699,0,0,"prior_tenth_R_039","prior_tenth","Relaxed"
"P06","R",40,1,1,1200,"",1199,0,200,0,0,0,0,0,0,0.0015240499999999999,0.0035235000000000002,1,1,39565.75278900245,49347.104936198797,0,7.5806510712185037e-10,0,9.8969683324117843e-09,9.9979586981725475e-07,9.9979586981725475e-07,0.00053243502032253136,0.068152313294123953,65.451449542577279,1.792811017906863e-09,3.14981986927123,1565678939.6335933,1150,0,0,0,0,0,0,0,0,0,0,-0.064721264812779011,0,0,"prior_tenth_R_040","prior_tenth","Relaxed"
"P06","S",0,0,1,1200,"",1199,0,200,0,0,0,0,0,0,0.00152195,0.0028716000000000002,1,1,39903.240793950274,49330.019103916376,0,7.524333152792314e-10,0,9.8283299303748427e-09,9.9630568301181576e-07,9.9630568301181576e-07,0.00057798819922561862,0.054782794790900501,60.847359740685064,-8.6703106858357817e-16,2.8478665995390577,5.6041349109431311e+20,1150,0,0,0,0,0,0,0,0,0,0,-0.066674698761554463,0,0,"prior_tenth_S_000","prior_tenth","Shared"
"P06","S",1,1,1,1200,"",1199,0,200,0,0,0,0,0,0,0.0015148499999999999,0.0037552000000000002,1,1,39594.983702527548,49265.506770301879,0,7.6352070712396283e-10,0,9.8994299541343566e-09,9.9992081761865759e-07,9.9992081761865759e-07,0.00057800296715757136,0.055017038587207259,60.332030197952527,1.6691263600209443e-05,2.8453753115462517,123257.72162662764,1150,0,0,0,0,0,0,0,0,0,0,-0.066698073281047598,0,0,"prior_tenth_S_001","prior_tenth","Shared"
"P06","S",2,1,1,1200,"",1199,0,200,0,0,0,0,0,0,0.0015168500000000001,0.0026413999999999999,1,1,39830.565520923235,49621.479421024284,0,7.5458374257836303e-10,0,9.8976743501300989e-09,9.9983170766908919e-07,9.9983170766908919e-07,0.00057781136934298622,0.054667542453488004,60.296217420997316,1.5393398631419777e-05,2.8490665169394416,110590.20632110609,1150,0,0,0,0,0,0,0,0,0,0,-0.077322344168088808,0,0,"prior_tenth_S_002","prior_tenth","Shared"
"P06","S",3,1,1,1200,"",1199,0,200,0,0,0,0,0,0,0.0015118,0.0029432999999999998,1,1,39857.918583820829,49642.034687462714,0,7.5989858505928221e-10,0,9.8836551878139342e-09,9.9911985010364179e-07,9.9911985010364179e-07,0.00057780281798960214,0.054938022569148495,60.4322776158238,2.2420653109854683e-05,2.8488802939394149,91756.17058836986,1150,0,0,0,0,0,0,0,0,0,0,-0.057864612033322382,0,0,"prior_tenth_S_003","prior_tenth","Shared"
"P06","S",4,1,1,1200,"",1199,0,200,0,0,0,0,0,0,0.0015234999999999999,0.0041635999999999999,1,1,39305.878350050887,49127.016720711123,0,7.6171884867720293e-10,0,9.8995248213348773e-09,9.9992563261125706e-07,9.9992563261125706e-07,0.00057813442983283383,0.054504182304905453,60.044943271899719,1.8187753305851665e-05,2.8454589321884636,112975.5118996199,1150,0,0,0,0,0,0,0,0,0,0,-0.072649786393254812,0,0,"prior_tenth_S_004","prior_tenth","Shared"
"P06","S",5,1,1,1200,"",1199,0,200,0,0,0,0,0,0,0.0015188999999999999,0.0033168,1,1,39849.039675780528,49875.418286903594,0,7.609745323528854e-10,0,9.8919271278760612e-09,9.9953993868303969e-07,9.9953993868303969e-07,0.00057794466904208502,0.054505830633047384,59.828187872179946,1.0319749415609505e-05,2.849787001161511,199288.72034841854,1150,0,0,0,0,0,0,0,0,0,0,-0.060564619427003974,0,0,"prior_tenth_S_005","prior_tenth","Shared"
"P06","S",6,1,1,1200,"",1199,0,200,0,0,0,0,0,0,0.0015206,0.0042805999999999999,1,1,39527.6767682301,49315.43233190821,0,7.6647471796725883e-10,0,9.8947944688062011e-09,9.9968551534390089e-07,9.9968551534390089e-07,0.000577714266867679,0.054715894831069353,60.137004700304843,2.0285197415270261e-05,2.8502302206811199,101220.36141504234,1150,0,0,0,0,0,0,0,0,0,0,-0.071974366040865129,0,0,"prior_tenth_S_006","prior_tenth","Shared"
"P06","S",7,1,1,1200,"",1199,0,200,0,0,0,0,0,0,0.0015178499999999998,0.0041330000000000004,1,1,39460.709169389505,48823.961871642357,0,7.5871543490903823e-10,0,9.8971245504092609e-09,9.9980379963868959e-07,9.9980379963868959e-07,0.00057774624703174724,0.054717848191061035,60.20494317011476,1.4947918256317085e-05,2.8497896855383282,137861.68999888975,1150,0,0,0,0,0,0,0,0,0,0,-0.082506445245816157,0,0,"prior_tenth_S_007","prior_tenth","Shared"
"P06","S",8,1,1,1200,"",1199,0,200,0,0,0,0,0,0,0.0015146999999999999,0.0026511999999999998,1,1,39640.333320809346,49058.25923716581,0,7.6026430059940634e-10,0,9.9005696923803916e-09,9.9997866361643072e-07,9.9997866361643072e-07,0.00057792864823639654,0.054752348134075771,60.698719997627464,1.721104924357323e-05,2.8496559596058582,100735.51944475004,1150,0,0,0,0,0,0,0,0,0,0,-0.066342165904080097,0,0,"prior_tenth_S_008","prior_tenth","Shared"
"P06","S",9,1,1,1200,"",1199,0,200,0,0,0,0,0,0,0.00151615,0.0038925000000000001,1,1,39740.388222333087,49359.807320847576,0,7.6198097474053483e-10,0,9.8957818028871214e-09,9.9973563806820842e-07,9.9973563806820842e-07,0.00057784442338188369,0.054529272246467232,60.16000359297658,2.2770339645218933e-05,2.8504086978785237,90254.62750627585,1150,0,0,0,0,0,0,0,0,0,0,-0.077088084685340924,0,0,"prior_tenth_S_009","prior_tenth","Shared"
"P06","S",10,1,1,1200,"",1199,0,200,0,0,0,0,0,0,0.0015183499999999999,0.0036239000000000002,1,1,39551.570720553093,48653.717711860372,0,7.5784876189563325e-10,0,9.9005291826641018e-09,9.9997660765264451e-07,9.9997660765264451e-07,0.00057790612004992279,0.054924712947555604,60.658677992133313,1.6123537226003478e-05,2.8488540793137713,127738.70057054333,1150,0,0,0,0,0,0,0,0,0,0,-0.069069779237698692,0,0,"prior_tenth_S_010","prior_tenth","Shared"
"P06","S",11,1,1,1200,"",1199,0,200,0,0,0,0,0,0,0.0015225,0.0047391000000000004,1,1,40163.210606987195,49682.878208706948,0,7.5001490321412865e-10,0,9.8995995785076316e-09,9.9992942690165277e-07,9.9992942690165277e-07,0.00057786016450499494,0.054985030281303277,60.399815703409807,1.4424634330570177e-05,2.849483345217533,142490.66186386489,1150,0,0,0,0,0,0,0,0,0,0,-0.05964377946482663,0,0,"prior_tenth_S_011","prior_tenth","Shared"
"P06","S",12,1,1,1200,"",1199,0,200,0,0,0,0,0,0,0.00150585,0.0042341999999999996,1,1,40045.730418835192,49468.993941921683,0,7.5320939238853747e-10,0,9.8934566768126745e-09,9.9961759742152226e-07,9.9961759742152226e-07,0.00057804928818667447,0.054533296336730534,60.050697694056701,1.8275605228670427e-05,2.84578707500311,112430.01104607306,1150,0,0,0,0,0,0,0,0,0,0,-0.059303640466821905,0,0,"prior_tenth_S_012","prior_tenth","Shared"
"P06","S",13,1,1,1200,"",1199,0,200,0,0,0,0,0,0,0.00151465,0.0029323000000000001,1,1,39643.216016553357,49144.978301581395,0,7.6213555191691119e-10,0,9.895256669573977e-09,9.9970897960630957e-07,9.9970897960630957e-07,0.00057770607202544484,0.054807158427005648,60.400550074955255,1.7089470866570234e-05,2.8530574803663784,120333.75940404169,1150,0,0,0,0,0,0,0,0,0,0,-0.076441458493561099,0,0,"prior_tenth_S_013","prior_tenth","Shared"
"P06","S",14,1,1,1200,"",1199,0,200,0,0,0,0,0,0,0.0015195500000000002,0.0036670000000000001,1,1,39505.956311054018,48888.910257954674,0,7.578647356719792e-10,0,9.9005393215609366e-09,9.9997712222598286e-07,9.9997712222598286e-07,0.00057764757202305558,0.05470771579387923,60.192603643778341,1.3931101633318189e-05,2.8501640072049144,147678.91043339844,1150,0,0,0,0,0,0,0,0,0,0,-0.069804199737629635,0,0,"prior_tenth_S_014","prior_tenth","Shared"
"P06","S",15,1,1,1200,"",1199,0,200,0,0,0,0,0,0,0.0015186499999999999,0.003669,1,1,39499.261328121276,48739.191413530949,0,7.6163606766376261e-10,0,9.8941625996289794e-09,9.9965343675167356e-07,9.9965343675167356e-07,0.00057776892482594563,0.054528901635523937,60.093449072107781,1.8022810515353561e-05,2.8493620234159898,114064.50610231208,1150,0,0,0,0,0,0,0,0,0,0,-0.062244509654135416,0,0,"prior_tenth_S_015","prior_tenth","Shared"
"P06","S",16,1,1,1200,"",1199,0,200,0,0,0,0,0,0,0.0015192999999999999,0.0044745999999999996,1,1,39808.756549640537,49150.923359447275,0,7.5954999223377383e-10,0,9.8907682720964778e-09,9.9948109693571323e-07,9.9948109693571323e-07,0.00057798199871101925,0.054280231916381996,59.775564169952382,2.1602740542792765e-05,2.8451318047481275,95202.047857420723,1150,0,0,0,0,0,0,0,0,0,0,-0.061099479525414668,0,0,"prior_tenth_S_016","prior_tenth","Shared"
"P06","S",17,1,1,1200,"",1199,0,200,0,0,0,0,0,0,0.0015367,0.0034007999999999998,1,1,39838.671957159269,49441.284107146159,0,7.5814512228664112e-10,0,9.899513922311923e-09,9.999250794316198e-07,9.999250794316198e-07,0.00057798413435733377,0.054805763491307793,60.328444799504368,1.5339146415363351e-05,2.8454930349572294,134097.11635273139,1150,0,0,0,0,0,0,0,0,0,0,-0.064504659166242651,0,0,"prior_tenth_S_017","prior_tenth","Shared"
"P06","S",18,1,1,1200,"",1199,0,200,0,0,0,0,0,0,0.0015439,0.0034426999999999999,1,1,39660.411597032304,49363.304288736428,0,7.5948822870345623e-10,0,9.8988511180288303e-09,9.9989143824932861e-07,9.9989143824932861e-07,0.00057791384314717241,0.054905098961018861,60.503606287676888,1.217348337644123e-05,2.8484309938132029,169259.86434790684,1150,0,0,0,0,0,0,0,0,0,0,-0.068311977630636067,0,0,"prior_tenth_S_018","prior_tenth","Shared"
"P06","S",19,1,1,1200,"",1199,0,200,0,0,0,0,0,0,0.00154305,0.0031545000000000002,1,1,39439.328666236812,48826.89429302702,0,7.6153016263719122e-10,0,9.90042973355644e-09,9.9997156035787303e-07,9.9997156035787303e-07,0.00057793524297213147,0.054705243350905375,60.271709881688942,2.484885601885609e-05,2.8502458602098564,82783.309988378503,1150,0,0,0,0,0,0,0,0,0,0,-0.061399226272014135,0,0,"prior_tenth_S_019","prior_tenth","Shared"
"P06","S",20,1,1,1200,"",1199,0,200,0,0,0,0,0,0,0.0015273000000000001,0.0030668000000000002,1,1,39761.622222939623,49037.510021033384,0,7.6028526854132188e-10,0,9.897650420350054e-09,9.9983049300085817e-07,9.9983049300085817e-07,0.00057787087537797504,0.054964856665035845,60.511691381990644,2.1157006213270188e-05,2.8464824741797399,97164.655218017782,1150,0,0,0,0,0,0,0,0,0,0,-0.065206309394646805,0,0,"prior_tenth_S_020","prior_tenth","Shared"
"P06","S",21,1,1,1200,"",1199,0,200,0,0,0,0,0,0,0.00151585,0.0033338999999999999,1,1,39315.209782640872,48582.89146826147,0,7.6690453662273557e-10,0,9.9972085011593701e-09,9.999206466430891e-07,9.999206466430891e-07,0.00057795764814173747,0.054230732580624552,59.634678943092837,2.0197422503906139e-05,2.8508441727176592,94385.706815512196,1150,0,0,0,0,0,0,0,0,0,0,-0.066178553125866901,0,0,"prior_tenth_S_021","prior_tenth","Shared"
"P06","S",22,1,1,1200,"",1199,0,200,0,0,0,0,0,0,0.00151345,0.0035287999999999999,1,1,39445.626875019843,49350.265679658391,0,7.623931798576572e-10,0,9.8990252724262416e-09,9.9990027770851807e-07,9.9990027770851807e-07,0.00057781399060089086,0.054834107439313523,60.357410557271571,1.8725609817766712e-05,2.8511682650686061,109903.96372615959,1150,0,0,0,0,0,0,0,0,0,0,-0.069735264490136423,0,0,"prior_tenth_S_022","prior_tenth","Shared"
"P06","S",23,1,1,1200,"",1199,0,200,0,0,0,0,0,0,0.0015175,0.0031432999999999999,1,1,39524.68800577987,49058.896030886113,0,7.6106273496191003e-10,0,9.8933248157123129e-09,9.996109027624803e-07,9.996109027624803e-07,0.00057774788046385437,0.054691090149739038,60.30821947285623,1.5917335642467951e-05,2.848784155869466,129200.32592464644,1150,0,0,0,0,0,0,0,0,0,0,-0.066666915585006814,0,0,"prior_tenth_S_023","prior_tenth","Shared"
"P06","S",24,1,1,1200,"",1199,0,200,0,0,0,0,0,0,0.0015097000000000001,0.0033216999999999999,1,1,39675.841488417573,49497.624267151703,0,7.6641147267028613e-10,0,9.9005222899316374e-09,9.9997625782977964e-07,9.9997625782977964e-07,0.00057777989294824253,0.054440424196492296,60.001383895750216,1.4049378880615413e-05,2.8510257148859037,146325.28844652741,1150,0,0,0,0,0,0,0,0,0,0,-0.07875927132422636,0,0,"prior_tenth_S_024","prior_tenth","Shared"
"P06","S",25,1,1,1200,"",1199,0,200,0,0,0,0,0,0,0.0015070999999999999,0.0035159000000000002,1,1,39489.198905342964,48898.035706237715,0,7.6412152112115315e-10,0,9.900203509438511e-09,9.9996007881588753e-07,9.9996007881588753e-07,0.00057756532520035671,0.054929865593564907,60.581535663075094,2.081014605032617e-05,2.8492971275103889,93842.649895505834,1150,0,0,0,0,0,0,0,0,0,0,-0.073314123854234331,0,0,"prior_tenth_S_025","prior_tenth","Shared"
"P06","S",26,1,1,1200,"",1199,0,200,0,0,0,0,0,0,0.00152155,0.0035500000000000002,1,1,39438.013720460833,48935.44104376169,0,7.6026950648645056e-10,0,9.8980842342388989e-09,9.9985251303367036e-07,9.9985251303367036e-07,0.00057778307099953666,0.055307587472472101,60.591722965139986,1.6448668412976853e-05,2.8479324678677096,125063.16536848847,1150,0,0,0,0,0,0,0,0,0,0,-0.076660819488376886,0,0,"prior_tenth_S_026","prior_tenth","Shared"
"P06","S",27,1,1,1200,"",1199,0,200,0,0,0,0,0,0,0.0015118,0.0037815000000000001,1,1,39648.311296907625,49127.341209113249,0,7.577743690054554e-10,0,9.8972550641270342e-09,9.9981042463113278e-07,9.9981042463113278e-07,0.0005775748973703219,0.054896244376655301,60.660884839547329,2.1685045307281818e-05,2.8526817397216622,94783.666578597185,1150,0,0,0,0,0,0,0,0,0,0,-0.060777509021174458,0,0,"prior_tenth_S_027","prior_tenth","Shared"
"P06","S",28,1,1,1200,"",1199,0,200,0,0,0,0,0,0,0.00153615,0.0043270000000000001,1,1,39731.829142771196,49123.577390784063,0,7.5972923165141212e-10,0,9.897192707081802e-09,9.9980725933742882e-07,9.9980725933742882e-07,0.00057779854546714858,0.054826046716284577,60.102071834684949,2.0497362296409999e-05,2.850180357976833,92403.100493564692,1150,0,0,0,0,0,0,0,0,0,0,-0.059503509613320849,0,0,"prior_tenth_S_028","prior_tenth","Shared"
"P06","S",29,1,1,1200,"",1199,0,200,0,0,0,0,0,0,0.0015206,0.0032556,1,1,39536.065105178255,49230.065315965672,0,7.6114800509117392e-10,0,9.9008716381567672e-09,9.9999398794656912e-07,9.9999398794656912e-07,0.00057789035724402664,0.054871249734289251,60.528531543528246,1.7209077134499624e-05,2.8475151592227723,110073.57704514389,1150,0,0,0,0,0,0,0,0,0,0,-0.066276721790306803,0,0,"prior_tenth_S_029","prior_tenth","Shared"
"P06","S",30,1,1,1200,"",1199,0,200,0,0,0,0,0,0,0.0015188999999999999,0.0039121,1,1,39283.601137706471,48337.402299376328,0,7.6232919006968894e-10,0,9.8998097306102717e-09,9.9994009306780161e-07,9.9994009306780161e-07,0.00057782866619396562,0.054809243294088636,60.413318233120776,2.1896566238425107e-05,2.8492838012337982,93808.031440709325,1150,0,0,0,0,0,0,0,0,0,0,-0.053302353297109584,0,0,"prior_tenth_S_030","prior_tenth","Shared"
"P06","S",31,1,1,1200,"",1199,0,200,0,0,0,0,0,0,0.00151425,0.0043638000000000001,1,1,39670.552548916174,48977.110545487521,0,7.5914228343805467e-10,0,9.8997742989069521e-09,9.9993829475706423e-07,9.9993829475706423e-07,0.00057786515432680415,0.054482161380489752,60.123929235173641,1.8503809759263964e-05,2.845826714023445,111040.63518727997,1150,0,0,0,0,0,0,0,0,0,0,-0.072909631612716186,0,0,"prior_tenth_S_031","prior_tenth","Shared"
"P06","S",32,1,1,1200,"",1199,0,200,0,0,0,0,0,0,0.00150275,0.0036985,1,1,39661.17344555309,48969.348024264196,0,7.6089447028413179e-10,0,9.9007287254915293e-09,9.9998673488217667e-07,9.9998673488217667e-07,0.00057757708520282452,0.05513310625200412,60.730764727341338,1.9389787647005317e-05,2.8494390095135049,94018.685002139682,1150,0,0,0,0,0,0,0,0,0,0,-0.072002976463695911,0,0,"prior_tenth_S_032","prior_tenth","Shared"
"P06","S",33,1,1,1200,"",1199,0,200,0,0,0,0,0,0,0.0015136500000000001,0.0039278000000000004,1,1,39326.462780139787,49050.852667817773,0,7.6146402379911161e-10,0,9.8984847652481368e-09,9.9987284323095582e-07,9.9987284323095582e-07,0.00057799167544284697,0.054497021692359135,60.19866407447887,1.8710939313565042e-05,2.844928264222919,109849.65437048089,1150,0,0,0,0,0,0,0,0,0,0,-0.066715551795969358,0,0,"prior_tenth_S_033","prior_tenth","Shared"
"P06","S",34,1,1,1200,"",1199,0,200,0,0,0,0,0,0,0.0015192999999999999,0.0035406999999999999,1,1,39779.464084476218,49116.597871296755,0,7.5438974383206297e-10,0,9.899668067333651e-09,9.9993290303050142e-07,9.9993290303050142e-07,0.00057766743687468728,0.054687399325569819,60.238674657891266,2.0874243010704323e-05,2.8508648824507032,98562.68596843585,1150,0,0,0,0,0,0,0,0,0,0,-0.072149328832956661,0,0,"prior_tenth_S_034","prior_tenth","Shared"
"P06","S",35,1,1,1200,"",1199,0,200,0,0,0,0,0,0,0.0015206500000000001,0.0039919999999999999,1,1,39673.081822345674,49161.287879141397,0,7.6531592277380514e-10,0,9.8958925194714348e-09,9.9974125852079915e-07,9.9974125852079915e-07,0.00057774742013684197,0.054713111803133818,60.479982266803368,1.913476908861427e-05,2.8487977108234528,107552.0521625628,1150,0,0,0,0,0,0,0,0,0,0,-0.059596213050472885,0,0,"prior_tenth_S_035","prior_tenth","Shared"
"P06","S",36,1,1,1200,"",1199,0,200,0,0,0,0,0,0,0.0015291,0.0035691999999999998,1,1,39782.999639035421,49279.960075514944,0,7.5611935099695837e-10,0,9.9000049441415645e-09,9.9995000093371264e-07,9.9995000093371264e-07,0.00057769828254504928,0.054767245098924569,60.474320969579793,2.3457373683532796e-05,2.851020721435388,87668.222393281176,1150,0,0,0,0,0,0,0,0,0,0,-0.075621175942047203,0,0,"prior_tenth_S_036","prior_tenth","Shared"
"P06","S",37,1,1,1200,"",1199,0,200,0,0,0,0,0,0,0.00151885,0.0036627000000000001,1,1,39520.908282653181,49098.788923699292,0,7.6123952777301216e-10,0,9.898619618378184e-09,9.9987968802940449e-07,9.9987968802940449e-07,0.0005779089373569615,0.054607925471381435,60.32354023893383,1.6506074208058461e-05,2.8478811538216986,124775.04502201037,1150,0,0,0,0,0,0,0,0,0,0,-0.062612491635836043,0,0,"prior_tenth_S_037","prior_tenth","Shared"
"P06","S",38,1,1,1200,"",1199,0,200,0,0,0,0,0,0,0.00164525,0.0031572000000000002,1,1,39943.654055338382,49112.506986978668,0,7.5556117903104746e-10,0,9.8928857961477352e-09,9.9958861318453165e-07,9.9958861318453165e-07,0.00057790257434747413,0.054425999945751882,60.141136032131151,1.8731927203063427e-05,2.8512738181457529,109551.01622953131,1150,0,0,0,0,0,0,0,0,0,0,-0.059899247767817576,0,0,"prior_tenth_S_038","prior_tenth","Shared"
"P06","S",39,1,1,1200,"",1199,0,200,0,0,0,0,0,0,0.0015527000000000002,0.0039141999999999996,1,1,39634.335279018334,49060.032294376928,0,7.626894747382047e-10,0,9.888145433764519e-09,9.9934790780174881e-07,9.9934790780174881e-07,0.00057793386626534742,0.054355191879767298,60.211298383281274,1.9767732465601019e-05,2.8456575169116491,103977.2239122858,1150,0,0,0,0,0,0,0,0,0,0,-0.053580471219165593,0,0,"prior_tenth_S_039","prior_tenth","Shared"
"P06","S",40,1,1,1200,"",1199,0,200,0,0,0,0,0,0,0.00152965,0.0046186999999999999,1,1,39567.62538508806,49524.718038621628,0,7.5956211273664196e-10,0,9.9001361419556525e-09,9.9995665969209831e-07,9.9995665969209831e-07,0.00057782860312215992,0.054689392384015309,60.243629443382176,1.5888144069655763e-05,2.8483672156085924,129606.07248268134,1150,0,0,0,0,0,0,0,0,0,0,-0.064259635527316228,0,0,"prior_tenth_S_040","prior_tenth","Shared"
"P06","W",0,0,1,1200,"",1199,0,200,0,0,0,0,0,0,0.0015141,0.0032225999999999999,1,1,50762.400322861067,70941.162931259722,0,3.1479348550214921e-10,0,9.6793381198008746e-09,9.8868787368755518e-07,9.8790343603676427e-07,0.00063884483828490889,0.057003984707300587,49.215233159930747,4.0950284398382619e-16,2.6803911725934215,2826791318502315,1150,0,0,0,0,0,0,0,0,0,0,-0.12343051864545912,0,0,"prior_tenth_W_000","prior_tenth","Incorrectly shared"
"P06","W",1,1,1,1200,"",1199,0,200,0,0,0,0,0,0,0.0015065999999999999,0.0032353,1,1,50127.339863455578,69431.359158643754,0,4.2739221540031623e-10,0,9.8646372785459586e-09,9.9815336937358173e-07,9.9815336937358173e-07,0.00063884612533224284,0.057542227517658369,49.168709453487224,4.6155973210114528e-05,2.6831602185032555,51305.95159021952,1150,0,0,0,0,0,0,0,0,0,0,-0.12202422042672378,0,0,"prior_tenth_W_001","prior_tenth","Incorrectly shared"
"P06","W",2,1,1,1200,"",1199,0,200,0,0,0,0,0,0,0.0015197000000000001,0.0037896000000000002,1,1,50854.776560512873,71189.516845399368,0,4.3128753228791046e-10,0,9.8672122430535727e-09,9.9828428175160757e-07,9.9828428175160757e-07,0.0006388611015807667,0.056637977339389634,48.611742104566552,2.9244244841744962e-05,2.6819628754710494,65959.624825725637,1150,0,0,0,0,0,0,0,0,0,0,-0.14336067159547611,0,0,"prior_tenth_W_002","prior_tenth","Incorrectly shared"
"P06","W",3,1,1,1200,"",1199,0,200,0,0,0,0,0,0,0.0015181999999999999,0.0041866999999999998,1,1,50684.586929931633,70771.725487119606,0,4.2774345469921211e-10,0,9.809346366347146e-09,9.9533826129181789e-07,9.9533826129181789e-07,0.00063876855415742411,0.057191644328016773,49.017267455134196,3.091499127880883e-05,2.6816518697819518,75660.185213091478,1150,0,0,0,0,0,0,0,0,0,0,-0.11043904841163765,0,0,"prior_tenth_W_003","prior_tenth","Incorrectly shared"
"P06","W",4,1,1,1200,"",1199,0,200,0,0,0,0,0,0,0.0015129499999999999,0.0032285999999999999,1,1,50352.411244418428,70780.447353102107,0,4.2035008993681942e-10,0,9.8820944112523669e-09,9.9904056690812337e-07,9.9904056690812337e-07,0.00063882900677423064,0.056718109098263775,48.762813120622361,3.1151197057344082e-05,2.6811364608311985,80115.415538104076,1150,0,0,0,0,0,0,0,0,0,0,-0.13582843395978969,0,0,"prior_tenth_W_004","prior_tenth","Incorrectly shared"
"P06","W",5,1,1,1200,"",1199,0,200,0,0,0,0,0,0,0.00150515,0.0035098999999999998,1,1,50804.483092861396,70306.49140829024,0,4.2037543719515742e-10,0,9.7926191099773216e-09,9.9448508333099354e-07,9.9372748926465353e-07,0.0006388221050976729,0.056744844071708087,48.653323064812028,4.3730999181288309e-05,2.6800430258623735,58036.500479786911,1150,0,0,0,0,0,0,0,0,0,0,-0.11149141036960497,0,0,"prior_tenth_W_005","prior_tenth","Incorrectly shared"
"P06","W",6,1,1,1200,"",1199,0,200,0,0,0,0,0,0,0.0015243500000000001,0.0046096000000000002,1,1,50383.017938488381,70082.612366224188,0,4.2591673114173152e-10,0,9.8680478462555012e-09,9.9832676056741818e-07,9.9832676056741818e-07,0.00063873922129982583,0.057008544569344385,48.738235197106377,3.3603651807226028e-05,2.6840398257151294,57331.704755371647,1150,0,0,0,0,0,0,0,0,0,0,-0.13230777938795585,0,0,"prior_tenth_W_006","prior_tenth","Incorrectly shared"
"P06","W",7,1,1,1200,"",1199,0,200,0,0,0,0,0,0,0.0015260499999999999,0.0044517000000000003,1,1,50285.767222707844,70360.714687308573,0,4.01750458851897e-10,0,9.8685613640519065e-09,9.9835286493090652e-07,9.9835286493090652e-07,0.00063870804952466994,0.056976862828934924,48.80641267980257,3.065416478977023e-05,2.6872803056492014,62894.230906562792,1150,0,0,0,0,0,0,0,0,0,0,-0.14957651745247064,0,0,"prior_tenth_W_007","prior_tenth","Incorrectly shared"
"P06","W",8,1,1,1200,"",1199,0,200,0,0,0,0,0,0,0.0015694999999999999,0.0048786999999999997,1,1,50382.295438988178,70323.256847077209,0,4.1096947017654427e-10,0,9.7841499049349462e-09,9.9405279136352949e-07,9.9405279136352949e-07,0.00063875279899574307,0.057086573334169499,49.050515464703281,3.1448303129122492e-05,2.681451613681066,79921.168817461788,1150,0,0,0,0,0,0,0,0,0,0,-0.12189695065651773,0,0,"prior_tenth_W_008","prior_tenth","Incorrectly shared"
"P06","W",9,1,1,1200,"",1199,0,200,0,0,0,0,0,0,0.0015828000000000001,0.0054295999999999997,1,1,50564.855059684167,70764.052705659429,0,4.1428961883441027e-10,0,9.7519297948451239e-09,9.9240659962133141e-07,9.9240659962133141e-07,0.00063872818093803341,0.057024544364597404,48.837523600723095,3.0942434980568738e-05,2.6814088979662185,61817.109218306789,1150,0,0,0,0,0,0,0,0,0,0,-0.14277416259795553,0,0,"prior_tenth_W_009","prior_tenth","Incorrectly shared"
"P06","W",10,1,1,1200,"",1199,0,200,0,0,0,0,0,0,0.0015432,0.0035549000000000002,1,1,50486.42779156669,70119.098989498656,0,4.359575234093947e-10,0,9.8956564952092969e-09,9.9972927687102371e-07,9.9972927687102371e-07,0.00063892826175101017,0.05696307925808955,48.828225483583168,4.0992189528396317e-05,2.6851989477605613,59716.867584462409,1150,0,0,0,0,0,0,0,0,0,0,-0.12837845165450534,0,0,"prior_tenth_W_010","prior_tenth","Incorrectly shared"
"P06","W",11,1,1,1200,"",1199,0,200,0,0,0,0,0,0,0.0015390999999999998,0.0038728,1,1,51117.336060944384,71142.167165290084,0,4.3132568627303774e-10,0,9.8984268685371456e-09,9.9986990452845945e-07,9.9986990452845945e-07,0.00063887572770009225,0.057126170686711428,48.890864263604321,3.2949110402872973e-05,2.6794695009247493,77911.910329470105,1150,0,0,0,0,0,0,0,0,0,0,-0.10997532107971936,0,0,"prior_tenth_W_011","prior_tenth","Incorrectly shared"
"P06","W",12,1,1,1200,"",1199,0,200,0,0,0,0,0,0,0.0015414999999999999,0.0028704999999999998,1,1,50928.131187946965,71662.737228430808,0,4.2532526659174982e-10,0,9.7473349725730521e-09,9.9217162144551633e-07,9.9217162144551633e-07,0.00063881803766988249,0.056810478124776471,48.450522685018157,3.0554961616541433e-05,2.6856139065957434,62829.262282645577,1150,0,0,0,0,0,0,0,0,0,0,-0.11315980797103758,0,0,"prior_tenth_W_012","prior_tenth","Incorrectly shared"
"P06","W",13,1,1,1200,"",1199,0,200,0,0,0,0,0,0,0.0014959000000000001,0.0032269,1,1,50622.938783333972,70142.737220962095,0,4.2503718670134615e-10,0,9.8647698681398752e-09,9.9816011070250262e-07,9.9816011070250262e-07,0.00063876809853968645,0.056896867902067758,48.854818798834565,2.94096231158792e-05,2.6853410153078254,85737.20159202395,1150,0,0,0,0,0,0,0,0,0,0,-0.14051325144418991,0,0,"prior_tenth_W_013","prior_tenth","Incorrectly shared"
"P06","W",14,1,1,1200,"",1199,0,200,0,0,0,0,0,0,0.0015011499999999999,0.0035774000000000001,1,1,50409.059701487306,70331.046087770053,0,4.1503385942175086e-10,0,9.8656574217160806e-09,9.9820523594399372e-07,9.9820523594399372e-07,0.00063869442006774771,0.056958177054177328,48.783717849506125,3.4302163151583902e-05,2.6861623630570919,58681.094888803542,1150,0,0,0,0,0,0,0,0,0,0,-0.12946037036059627,0,0,"prior_tenth_W_014","prior_tenth","Incorrectly shared"
"P06","W",15,1,1,1200,"",1199,0,200,0,0,0,0,0,0,0.00149715,0.0031957000000000001,1,1,50285.767485714139,69971.418942877252,0,4.0452112835647725e-10,0,9.9003156909213676e-09,9.9996577237361638e-07,9.9996577237361638e-07,0.00063875609365369611,0.056742307868623984,48.82390085516149,2.4396195563772673e-05,2.6795704991533276,79090.082289517683,1150,0,0,0,0,0,0,0,0,0,0,-0.11507867613348483,0,0,"prior_tenth_W_015","prior_tenth","Incorrectly shared"
"P06","W",16,1,1,1200,"",1199,0,200,0,0,0,0,0,0,0.0015056000000000002,0.0038387,1,1,50520.000746406688,70811.085493840903,0,4.2259749101708345e-10,0,9.8879182390130581e-09,9.9933636990766824e-07,9.9933636990766824e-07,0.00063882777286901967,0.056548121624597228,48.41869244131923,3.9336576942102197e-05,2.6835290306159041,55630.015674386894,1150,0,0,0,0,0,0,0,0,0,0,-0.11467727355522928,0,0,"prior_tenth_W_016","prior_tenth","Incorrectly shared"
"P06","W",17,1,1,1200,"",1199,0,200,0,0,0,0,0,0,0.0015043999999999999,0.0041971999999999999,1,1,50719.61024746082,70251.296835479938,0,4.2745002261042329e-10,0,9.8446535570767545e-09,9.9713681216393144e-07,9.9713681216393144e-07,0.00063883145098568605,0.0570120829296515,48.779032351841664,3.9097725120605801e-05,2.681551079626868,63913.186183537269,1150,0,0,0,0,0,0,0,0,0,0,-0.11902326809500025,0,0,"prior_tenth_W_017","prior_tenth","Incorrectly shared"
"P06","W",18,1,1,1200,"",1199,0,200,0,0,0,0,0,0,0.0014998500000000001,0.0037098000000000001,1,1,50539.54834040095,70420.829311353402,0,4.3493360160435467e-10,0,9.9001648521230862e-09,9.9995811682997716e-07,9.9995811682997716e-07,0.00063892156743307338,0.05719941309653373,48.906168428435805,3.3306911968668425e-05,2.686319022393592,75158.839356129989,1150,0,0,0,0,0,0,0,0,0,0,-0.12879273096254534,0,0,"prior_tenth_W_018","prior_tenth","Incorrectly shared"
"P06","W",19,1,1,1200,"",1199,0,200,0,0,0,0,0,0,0.0014996,0.0039458999999999996,1,1,50169.322873640449,70792.815799300675,0,4.2901754808210981e-10,0,9.8770352998796016e-09,9.9878353521784561e-07,9.9878353521784561e-07,0.00063878015997052818,0.056913467120110313,48.794489495979548,2.9270642763370773e-05,2.6811443196980806,68153.198344247008,1150,0,0,0,0,0,0,0,0,0,0,-0.1161576017456698,0,0,"prior_tenth_W_019","prior_tenth","Incorrectly shared"
"P06","W",20,1,1,1200,"",1199,0,200,0,0,0,0,0,0,0.0014986000000000001,0.0034282000000000002,1,1,50790.176172179919,70778.909422675293,0,4.2865848201996647e-10,0,9.783974298567325e-09,9.9404382655262365e-07,9.9404382655262365e-07,0.00063880058480207788,0.057098543825240038,48.870934168760385,4.2157282937142651e-05,2.6823055658250454,47527.005875583833,1150,0,0,0,0,0,0,0,0,0,0,-0.11947193256137703,0,0,"prior_tenth_W_020","prior_tenth","Incorrectly shared"
"P06","W",21,1,1,1200,"",1199,0,200,0,0,0,0,0,0,0.0015040000000000001,0.0037285999999999999,1,1,50007.747502569007,70783.32733911679,0,4.1829899304983238e-10,0,9.8824571237775322e-09,9.9905899226871654e-07,9.9905899226871654e-07,0.00063872665865824215,0.056546227471255102,48.313150428335618,4.3500939345115404e-05,2.6831246655339092,58302.998852378805,1150,0,0,0,0,0,0,0,0,0,0,-0.12378369830179117,0,0,"prior_tenth_W_021","prior_tenth","Incorrectly shared"
"P06","W",22,1,1,1200,"",1199,0,200,0,0,0,0,0,0,0.0015107499999999999,0.0039455999999999996,1,1,50521.388943127822,70320.881158093209,0,3.9990620751077189e-10,0,9.8414914944596284e-09,9.969758667887419e-07,9.969758667887419e-07,0.0006388297565603706,0.057129042189063825,48.873387348903115,3.9167402562984954e-05,2.6821635042894911,59150.862262990129,1150,0,0,0,0,0,0,0,0,0,0,-0.12736923759264582,0,0,"prior_tenth_W_022","prior_tenth","Incorrectly shared"
"P06","W",23,1,1,1200,"",1199,0,200,0,0,0,0,0,0,0.0014877499999999999,0.0042249999999999996,1,1,50281.104413131761,70887.383700410443,0,4.1045070542552022e-10,0,9.8769402511652887e-09,9.9877870557780206e-07,9.9877870557780206e-07,0.00063866525740793856,0.057085813267851837,48.946856971233366,2.4718653485930018e-05,2.6832507573924866,77482.783545822997,1150,0,0,0,0,0,0,0,0,0,0,-0.1232437487322105,0,0,"prior_tenth_W_023","prior_tenth","Incorrectly shared"
"P06","W",24,1,1,1200,"",1199,0,200,0,0,0,0,0,0,0.0014844999999999999,0.0040172999999999997,1,1,50597.813357603532,70899.274559195401,0,4.1393539981407167e-10,0,9.8190749523285333e-09,9.9583415559355281e-07,9.9583415559355281e-07,0.00063876918597643279,0.056536711751719537,48.534624490555146,3.1764845081366968e-05,2.6853942199541105,67976.517659931676,1150,0,0,0,0,0,0,0,0,0,0,-0.14694365973076995,0,0,"prior_tenth_W_024","prior_tenth","Incorrectly shared"
"P06","W",25,1,1,1200,"",1199,0,200,0,0,0,0,0,0,0.0015008000000000001,0.0033766,1,1,50302.077765617985,70352.163573513943,0,4.130323103518445e-10,0,9.8144398577520751e-09,9.9559792170347825e-07,9.9559792170347825e-07,0.00063866454038286101,0.057380503833872165,49.038567880591394,4.2672546746355066e-05,2.686696747953158,58553.519750858366,1150,0,0,0,0,0,0,0,0,0,0,-0.13526216657532977,0,0,"prior_tenth_W_025","prior_tenth","Incorrectly shared"
"P06","W",26,1,1,1200,"",1199,0,200,0,0,0,0,0,0,0.0014913000000000001,0.0043785999999999999,1,1,50482.515706819264,70095.640467901729,0,4.2817534759094434e-10,0,9.892937876924971e-09,9.995912574169764e-07,9.995912574169764e-07,0.00063882624227834083,0.057609907909482068,49.071907107556314,3.5674477793785979e-05,2.6822631877457508,62644.833905822321,1150,0,0,0,0,0,0,0,0,0,0,-0.14178521873854905,0,0,"prior_tenth_W_026","prior_tenth","Incorrectly shared"
"P06","W",27,1,1,1200,"",1199,0,200,0,0,0,0,0,0,0.0014927999999999999,0.0031519,1,1,50648.545842031504,70521.335656855328,0,4.2280624297431087e-10,0,9.8707061640267491e-09,9.9846188725849473e-07,9.9846188725849473e-07,0.00063862866583491642,0.057133578956801684,49.019568646397893,3.7650058894382528e-05,2.6835803149877173,70651.40732120497,1150,0,0,0,0,0,0,0,0,0,0,-0.11271076103355315,0,0,"prior_tenth_W_027","prior_tenth","Incorrectly shared"
"P06","W",28,1,1,1200,"",1199,0,200,0,0,0,0,0,0,0.0014876500000000001,0.0034681,1,1,50560.277286986013,70056.655175541586,0,4.1900746320501188e-10,0,9.8742834092296141e-09,9.9864369612155342e-07,9.9864369612155342e-07,0.00063878649332674623,0.05699087674666075,48.691970068231321,4.6851323925113962e-05,2.6797502113768497,53097.670954321751,1150,0,0,0,0,0,0,0,0,0,0,-0.1105276604022718,0,0,"prior_tenth_W_028","prior_tenth","Incorrectly shared"
"P06","W",29,1,1,1200,"",1199,0,200,0,0,0,0,0,0,0.00149125,0.0036120000000000002,1,1,50358.274127155972,69805.082227070874,0,4.2666135296914601e-10,0,9.8592842841084944e-09,9.978811665290755e-07,9.978811665290755e-07,0.00063877854708274055,0.057284426349203388,49.109055184903639,3.2831181010894565e-05,2.6813908469327714,77094.860843663118,1150,0,0,0,0,0,0,0,0,0,0,-0.12216652181328863,0,0,"prior_tenth_W_029","prior_tenth","Incorrectly shared"
"P06","W",30,1,1,1200,"",1199,0,200,0,0,0,0,0,0,0.0015194,0.0035664,1,1,50274.211066029005,70438.876949036188,0,4.1815291862669782e-10,0,9.8858674462484298e-09,9.9923221618504692e-07,9.9923221618504692e-07,0.00063876309408707568,0.057002090279781675,48.979649244483191,3.5501669937657159e-05,2.6853173439247549,71261.447528667035,1150,0,0,0,0,0,0,0,0,0,0,-0.099638003134538577,0,0,"prior_tenth_W_030","prior_tenth","Incorrectly shared"
"P06","W",31,1,1,1200,"",1199,0,200,0,0,0,0,0,0,0.0014953499999999999,0.0042493000000000001,1,1,50530.589586182541,70652.882652022701,0,4.1810844449205017e-10,0,9.8534054771581146e-09,9.9758214150658298e-07,9.9758214150658298e-07,0.000638710352792768,0.056742829758951133,48.755835386042101,4.2053486045086515e-05,2.6826813872959767,58393.730628715406,1150,0,0,0,0,0,0,0,0,0,0,-0.13339886073717627,0,0,"prior_tenth_W_031","prior_tenth","Incorrectly shared"
"P06","W",32,1,1,1200,"",1199,0,200,0,0,0,0,0,0,0.00148785,0.0036170999999999998,1,1,50594.440719030812,70430.568361280486,0,4.0865669495126942e-10,0,9.871693664765402e-09,9.9851207896583337e-07,9.9851207896583337e-07,0.00063881903828099686,0.057292596619756421,49.013506341515956,3.7400300126232475e-05,2.6842876302487668,67060.579309999564,1150,0,0,0,0,0,0,0,0,0,0,-0.12930607628728374,0,0,"prior_tenth_W_032","prior_tenth","Incorrectly shared"
"P06","W",33,1,1,1200,"",1199,0,200,0,0,0,0,0,0,0.0014961,0.0028262999999999999,1,1,50311.164078231355,70799.519690288565,0,4.3037987017105656e-10,0,9.8946841581942212e-09,9.9967991519263459e-07,9.9967991519263459e-07,0.00063882899354130416,0.056856073877058592,48.72482256087779,3.7725091147709005e-05,2.6839587605972239,57086.833679032286,1150,0,0,0,0,0,0,0,0,0,0,-0.12296177755107662,0,0,"prior_tenth_W_033","prior_tenth","Incorrectly shared"
"P06","W",34,1,1,1200,"",1199,0,200,0,0,0,0,0,0,0.0014923,0.0034784999999999998,1,1,50876.470705903441,70622.372742019492,0,4.1671845419436778e-10,0,9.7843727885118425e-09,9.9406416958975249e-07,9.9406416958975249e-07,0.00063874603617246469,0.056793373700314148,48.666088851324155,3.5927430163313143e-05,2.6862859606372655,53466.104407163053,1150,0,0,0,0,0,0,0,0,0,0,-0.13508335444231345,0,0,"prior_tenth_W_034","prior_tenth","Incorrectly shared"
"P06","W",35,1,1,1200,"",1199,0,200,0,0,0,0,0,0,0.0014903,0.0035707999999999998,1,1,50547.597220949683,70176.783495573531,0,3.9778601892002558e-10,0,9.776071118497324e-09,9.9364028194929948e-07,9.9364028194929948e-07,0.00063876101159540601,0.057011745169655868,48.952479930997811,3.8905588281992274e-05,2.6859544861445537,57250.210532881727,1150,0,0,0,0,0,0,0,0,0,0,-0.11053415433403213,0,0,"prior_tenth_W_035","prior_tenth","Incorrectly shared"
"P06","W",36,1,1,1200,"",1199,0,200,0,0,0,0,0,0,0.0014939,0.0035406000000000001,1,1,50730.410529929926,69944.625898853425,0,4.2630949345085405e-10,0,9.8044070915254606e-09,9.9508639891153515e-07,9.9508639891153515e-07,0.00063870060413913365,0.056916819452897359,48.758984841672699,3.3308367413278906e-05,2.6860870422562093,74872.070207182202,1150,0,0,0,0,0,0,0,0,0,0,-0.13987466096074758,0,0,"prior_tenth_W_036","prior_tenth","Incorrectly shared"
"P06","W",37,1,1,1200,"",1199,0,200,0,0,0,0,0,0,0.0015026000000000002,0.0035238999999999999,1,1,50415.043397403788,70909.026261073697,0,4.2570390713157611e-10,0,9.8297236176425752e-09,9.9637667026685135e-07,9.9637667026685135e-07,0.00063886166656697285,0.056905349955443274,48.743884133254184,2.7957440509325147e-05,2.6844086118239296,90000.761581914718,1150,0,0,0,0,0,0,0,0,0,0,-0.11617895425665797,0,0,"prior_tenth_W_037","prior_tenth","Incorrectly shared"
"P06","W",38,1,1,1200,"",1199,0,200,0,0,0,0,0,0,0.0015041,0.0035041999999999998,1,1,50739.991374302663,70249.730245373546,0,4.3277958547357247e-10,0,9.8270110356862238e-09,9.962385007162411e-07,9.962385007162411e-07,0.00063881265067838985,0.056702959351317285,48.726062637586196,3.6574379117925142e-05,2.6796678335806061,68216.282578776299,1150,0,0,0,0,0,0,0,0,0,0,-0.11485842194925083,0,0,"prior_tenth_W_038","prior_tenth","Incorrectly shared"
"P06","W",39,1,1,1200,"",1199,0,200,0,0,0,0,0,0,0.0015013499999999998,0.0054663999999999997,1,1,50568.069682089787,70281.315571162937,0,4.0718502539238231e-10,0,9.5688635453151516e-09,9.8300184101622635e-07,9.8222045996372686e-07,0.00063878518556977884,0.056466603918452936,48.771775853335868,3.3177980292877449e-05,2.6825588599856913,75471.833401328826,1150,0,0,0,0,0,0,0,0,0,0,-0.10265443910148597,0,0,"prior_tenth_W_039","prior_tenth","Incorrectly shared"
"P06","W",40,1,1,1200,"",1199,0,200,0,0,0,0,0,0,0.0015468000000000001,0.0053512000000000004,1,1,50364.956333935523,70381.083873020441,0,4.1856128650082269e-10,0,9.884275346667187e-09,9.9915135076256515e-07,9.9915135076256515e-07,0.00063870612140864069,0.057170539180203719,48.93373080915579,3.7283666951516545e-05,2.6850215320406026,61809.716652686599,1150,0,0,0,0,0,0,0,0,0,0,-0.1214661172927563,0,0,"prior_tenth_W_040","prior_tenth","Incorrectly shared"
