model,modelName,estimatedCoefficients,evaluationRange,fittingTransitions,inputMode,horizon,queryCount,validCount,modelRMS,freezingRMS,totalRMS,meanCrossTerm,identityResidualMax,squaredIdentityResidualMax
A,Affine,3,0.25,25,held,1,29,29,0.00930001562056523,2.23178253968655e-18,0.00930001562056523,1.42323277778547e-20,0,3.24186572681602e-20
A,Affine,3,0.25,25,held,2,29,29,0.0152231553091997,1.57810856794609e-17,0.0152231553091997,-1.85567053024368e-20,0,2.1314868816689e-20
A,Affine,3,0.25,25,held,5,29,29,0.0229338833455255,2.40456660216529e-17,0.0229338833455255,1.18784591589183e-19,0,1.41910698752983e-19
A,Affine,3,0.25,25,held,10,29,29,0.0253409612072979,3.05259666356498e-17,0.0253409612072979,2.12355880598959e-20,0,1.06528675459133e-19
A,Affine,3,0.25,25,held,20,29,29,0.0256169697212728,3.44483424824062e-17,0.0256169697212728,7.73090158603543e-20,0,1.0450977806643e-19
A,Affine,3,0.25,25,rateLimited,1,29,29,0.00930001562056523,2.23178253968655e-18,0.00930001562056523,1.42323277778547e-20,0,3.24186572681602e-20
A,Affine,3,0.25,25,rateLimited,2,29,29,0.0166920414724529,1.60419477432315e-17,0.0166920414724529,1.77051451822162e-20,0,3.58702734063514e-20
A,Affine,3,0.25,25,rateLimited,5,29,29,0.0267149637364864,2.54462360591595e-17,0.0267149637364864,3.16038739792832e-20,0,1.87357764277175e-19
A,Affine,3,0.25,25,rateLimited,10,29,29,0.0231836158792139,3.60900698130886e-17,0.0231836158792139,4.02020032912072e-19,0,8.21140346964205e-20
A,Affine,3,0.25,25,rateLimited,20,29,29,0.0263348583381972,4.18422028162247e-17,0.0263348583381972,6.8956607326128e-19,0,1.34969817097897e-19
A,Affine,3,0.25,50,held,1,29,29,0.0102887380359465,1.28852025006074e-18,0.0102887380359465,9.37718882194138e-21,0,8.87932714923916e-22
A,Affine,3,0.25,50,held,2,29,29,0.0167737043500513,1.57810856794609e-17,0.0167737043500513,9.11927680338918e-20,0,4.08210194694767e-20
A,Affine,3,0.25,50,held,5,29,29,0.0250738779379844,3.16934075647292e-17,0.0250738779379844,3.04946176111868e-19,0,3.50378718097189e-19
A,Affine,3,0.25,50,held,10,29,29,0.0275773911681115,3.99493230601901e-17,0.0275773911681115,3.40586784515521e-19,0,1.86799144042927e-19
A,Affine,3,0.25,50,held,20,29,29,0.0278451311423351,3.4562619270688e-17,0.0278451311423351,4.50590038365216e-19,3.46944695195361e-18,2.3404771520623e-19
A,Affine,3,0.25,50,rateLimited,1,29,29,0.0102887380359465,1.28852025006074e-18,0.0102887380359465,9.37718882194138e-21,0,8.87932714923916e-22
A,Affine,3,0.25,50,rateLimited,2,29,29,0.0185176221079759,1.60419477432315e-17,0.0185176221079759,1.14369554063092e-19,0,4.13869931096487e-20
A,Affine,3,0.25,50,rateLimited,5,29,29,0.0292970383910429,3.07629993311031e-17,0.0292970383910429,3.19218687361282e-19,0,3.50378718097189e-19
A,Affine,3,0.25,50,rateLimited,10,29,29,0.0256205154869388,3.67567199139422e-17,0.0256205154869388,-3.50535490847162e-19,0,1.22703847417029e-19
A,Affine,3,0.25,50,rateLimited,20,29,29,0.0282861430631233,4.48258768708072e-17,0.0282861430631233,-6.26837104329916e-19,3.46944695195361e-18,2.1832715591648e-19
A,Affine,3,0.25,100,held,1,29,29,0.00957051122972695,6.0436956877365e-18,0.00957051122972695,-5.63726135909433e-21,0,1.42117284368817e-20
A,Affine,3,0.25,100,held,2,29,29,0.015893628431296,1.11589126984328e-17,0.015893628431296,6.68238398039757e-21,0,5.14341306989221e-20
A,Affine,3,0.25,100,held,5,29,29,0.0246744895582808,3.4622613447537e-17,0.0246744895582808,-1.51020128755503e-19,0,1.43999382749392e-19
A,Affine,3,0.25,100,held,10,29,29,0.0278038061241154,3.02116098220604e-17,0.0278038061241154,-2.77839507449476e-19,3.46944695195361e-18,2.25831634411152e-19
A,Affine,3,0.25,100,held,20,29,29,0.0282480126145627,3.60209978458282e-17,0.0282480126145627,1.13658401035157e-19,3.46944695195361e-18,4.21998698836136e-19
A,Affine,3,0.25,100,rateLimited,1,29,29,0.00957051122972695,6.0436956877365e-18,0.00957051122972695,-5.63726135909433e-21,0,1.42117284368817e-20
A,Affine,3,0.25,100,rateLimited,2,29,29,0.0169775643769277,1.1233059113441e-17,0.0169775643769277,-2.88994754507762e-20,0,5.14341306989221e-20
A,Affine,3,0.25,100,rateLimited,5,29,29,0.0281668816423187,3.45506079343493e-17,0.0281668816423187,-2.62544138843158e-19,0,1.43999382749392e-19
A,Affine,3,0.25,100,rateLimited,10,29,29,0.024437882578384,4.29436949501614e-17,0.0244378825783839,-7.20445914268022e-19,3.46944695195361e-18,3.18458453756571e-19
A,Affine,3,0.25,100,rateLimited,20,29,29,0.0274813862316936,4.4719264324635e-17,0.0274813862316935,-1.22845348509466e-18,3.46944695195361e-18,3.39295642685714e-19
A,Affine,3,0.25,200,held,1,29,29,0.00812600059663257,2.88121886952083e-18,0.00812600059663257,6.13963367295524e-21,0,6.6873265274408e-22
A,Affine,3,0.25,200,held,2,29,29,0.0135121503140185,1.78542603174924e-17,0.0135121503140185,-7.25192876851603e-20,0,6.12746743625699e-20
A,Affine,3,0.25,200,held,5,29,29,0.0210353414731805,2.88409864921973e-17,0.0210353414731805,-8.57993351087646e-21,0,1.36425066353304e-19
A,Affine,3,0.25,200,held,10,29,29,0.0237468513353011,2.35573782993236e-17,0.0237468513353011,-5.25081072630867e-20,0,7.41162265362896e-20
A,Affine,3,0.25,200,held,20,29,29,0.024137655615163,2.10939856008969e-17,0.024137655615163,1.45127295508217e-19,0,4.79386250315247e-20
A,Affine,3,0.25,200,rateLimited,1,29,29,0.00812600059663257,2.88121886952083e-18,0.00812600059663257,6.13963367295524e-21,0,6.6873265274408e-22
A,Affine,3,0.25,200,rateLimited,2,29,29,0.0143889775336032,1.78542603174924e-17,0.0143889775336032,-6.17342225489854e-20,0,6.12746743625699e-20
A,Affine,3,0.25,200,rateLimited,5,29,29,0.024001691225934,2.88409864921973e-17,0.024001691225934,5.82924371309047e-20,0,1.36425066353304e-19
A,Affine,3,0.25,200,rateLimited,10,29,29,0.0206436998822257,2.77256504580159e-17,0.0206436998822257,-1.956425566163e-19,0,1.43472944869859e-19
A,Affine,3,0.25,200,rateLimited,20,29,29,0.0239569977780405,2.9141645259125e-17,0.0239569977780405,-1.29955356373341e-19,0,1.24404478090616e-19
A,Affine,3,0.7,25,held,1,29,29,0.014676465568302,2.25030387418912e-17,0.014676465568302,3.74942607875214e-19,0,2.42227415116574e-20
A,Affine,3,0.7,25,held,2,29,29,0.024302759007196,4.42808753020803e-17,0.024302759007196,9.755068886832e-19,0,1.07512283307889e-19
A,Affine,3,0.7,25,held,5,29,29,0.0374893261012047,6.03338513882162e-17,0.0374893261012047,-7.99525603291056e-19,0,3.09381845460773e-19
A,Affine,3,0.7,25,held,10,29,29,0.0420628172924374,6.16607764768655e-17,0.0420628172924374,-1.83432624528491e-18,0,4.93164978105135e-19
A,Affine,3,0.7,25,held,20,29,29,0.0426898244665988,6.55025957552428e-17,0.0426898244665988,-1.85911583570407e-18,0,4.98963842357832e-19
A,Affine,3,0.7,25,rateLimited,1,29,29,0.014676465568302,2.25030387418912e-17,0.014676465568302,3.74942607875214e-19,0,2.42227415116574e-20
A,Affine,3,0.7,25,rateLimited,2,29,29,0.020416333218085,4.35817093908691e-17,0.020416333218085,5.59987026554922e-19,0,4.13264614168995e-20
A,Affine,3,0.7,25,rateLimited,5,29,29,0.0347477848117239,5.9787894996898e-17,0.0347477848117239,2.94769055677345e-19,0,2.78508987169704e-19
A,Affine,3,0.7,25,rateLimited,10,29,29,0.0427417652224943,7.4165506352666e-17,0.0427417652224944,9.07910800184203e-19,0,3.5256554266759e-19
A,Affine,3,0.7,25,rateLimited,20,29,29,0.042480892085803,7.40983172949186e-17,0.042480892085803,4.60387102635312e-19,0,7.98367988323925e-19
A,Affine,3,0.7,50,held,1,29,29,0.0152502655707951,1.44060943476042e-18,0.0152502655707951,1.16839945464082e-20,0,1.78781902599656e-21
A,Affine,3,0.7,50,held,2,29,29,0.0253070519774135,4.76752492522472e-17,0.0253070519774135,-1.51702717754982e-19,0,5.69465162525982e-20
A,Affine,3,0.7,50,held,5,29,29,0.0392370133582545,9.84053299677803e-17,0.0392370133582545,-2.11769689169325e-18,0,3.59537110714573e-19
A,Affine,3,0.7,50,held,10,29,29,0.0441911596622387,1.1002144674171e-16,0.0441911596622387,-2.40393207884939e-18,0,2.32020956393641e-19
A,Affine,3,0.7,50,held,20,29,29,0.0448980279042081,8.30071105658354e-17,0.0448980279042081,-9.53196941817066e-19,0,5.83192663614121e-19
A,Affine,3,0.7,50,rateLimited,1,29,29,0.0152502655707951,1.44060943476042e-18,0.0152502655707951,1.16839945464082e-20,0,1.78781902599656e-21
A,Affine,3,0.7,50,rateLimited,2,29,29,0.0213961511439068,5.43016128327166e-17,0.0213961511439068,-9.14036489394823e-19,0,1.1781875856666e-19
A,Affine,3,0.7,50,rateLimited,5,29,29,0.0375207613742254,1.15730352698267e-16,0.0375207613742254,-4.15320466286403e-18,0,6.43313941977721e-19
A,Affine,3,0.7,50,rateLimited,10,29,29,0.0460194989700354,1.18529856523232e-16,0.0460194989700354,-2.47958296178412e-18,0,7.27849254839148e-19
A,Affine,3,0.7,50,rateLimited,20,29,29,0.0464184496984581,8.0292493175843e-17,0.0464184496984581,-1.53962645492627e-18,0,5.67459804219275e-19
A,Affine,3,0.7,100,held,1,29,29,0.0165713467787751,3.09580230311606e-17,0.0165713467787751,-5.70125909376458e-19,0,7.94845758253835e-20
A,Affine,3,0.7,100,held,2,29,29,0.0271833834312049,3.96991813486077e-17,0.0271833834312049,-5.8652304941923e-19,0,1.50085271145132e-19
A,Affine,3,0.7,100,held,5,29,29,0.0411352762830743,6.56703039389652e-17,0.0411352762830743,1.21472672980172e-18,0,6.16942532123942e-19
A,Affine,3,0.7,100,held,10,29,29,0.0455897453820316,8.85125255361678e-17,0.0455897453820316,3.78254945523735e-18,0,6.36130072147918e-19
A,Affine,3,0.7,100,held,20,29,29,0.0461251038023164,9.34688006556458e-17,0.0461251038023165,2.32638330269064e-18,0,6.25605586011622e-19
A,Affine,3,0.7,100,rateLimited,1,29,29,0.0165713467787751,3.09580230311606e-17,0.0165713467787751,-5.70125909376458e-19,0,7.94845758253835e-20
A,Affine,3,0.7,100,rateLimited,2,29,29,0.0229663908227907,3.40910414093147e-17,0.0229663908227907,-2.67034273859462e-19,0,2.04487616513552e-19
A,Affine,3,0.7,100,rateLimited,5,29,29,0.0338907032420578,7.60772734775019e-17,0.0338907032420578,-1.74912094006045e-18,0,3.928423196353e-19
A,Affine,3,0.7,100,rateLimited,10,29,29,0.0424294751334181,9.59493470069388e-17,0.0424294751334181,1.85913172952376e-18,0,3.96890606301472e-19
A,Affine,3,0.7,100,rateLimited,20,29,29,0.0425353922904963,1.12079043687133e-16,0.0425353922904963,7.1986416663084e-19,0,4.88461710230009e-19
A,Affine,3,0.7,200,held,1,29,29,0.0144198578187723,0,0.0144198578187723,0,0,0
A,Affine,3,0.7,200,held,2,29,29,0.0236621216991019,2.825945528751e-17,0.0236621216991019,6.59824112041739e-19,0,5.62871804585731e-20
A,Affine,3,0.7,200,held,5,29,29,0.0358339588868125,6.63275107414355e-17,0.0358339588868125,2.72653180861144e-18,0,3.46435406298627e-19
A,Affine,3,0.7,200,held,10,29,29,0.0397354663079456,6.50096456598989e-17,0.0397354663079457,2.95801302880085e-18,0,3.85983531136397e-19
A,Affine,3,0.7,200,held,20,29,29,0.0402075819213897,7.8860702645324e-17,0.0402075819213898,3.84491223725866e-18,0,1.32565060704864e-19
A,Affine,3,0.7,200,rateLimited,1,29,29,0.0144198578187723,0,0.0144198578187723,0,0,0
A,Affine,3,0.7,200,rateLimited,2,29,29,0.0199457917204946,2.47181041346723e-17,0.0199457917204946,4.33855509735456e-19,0,6.70334088434958e-20
A,Affine,3,0.7,200,rateLimited,5,29,29,0.0290357046916077,4.86917464558223e-17,0.0290357046916077,4.88607599579477e-19,0,7.75105967624128e-20
A,Affine,3,0.7,200,rateLimited,10,29,29,0.0357314264071813,7.94715168474988e-17,0.0357314264071813,1.39085435415009e-18,0,1.54837052294348e-19
A,Affine,3,0.7,200,rateLimited,20,29,29,0.0353501397996212,7.1428664191565e-17,0.0353501397996212,-5.34918608112796e-20,0,3.25877600782466e-19
A,Affine,3,1.1,25,held,1,29,29,0.0144396538605797,1.80852435333027e-17,0.0144396538605797,-3.69806734126054e-20,0,3.91285033598774e-20
A,Affine,3,1.1,25,held,2,29,29,0.0237384516506185,5.08271834806396e-17,0.0237384516506185,-1.7848735314126e-20,0,1.25807184063064e-19
A,Affine,3,1.1,25,held,5,29,29,0.0360864221379359,8.89942235495305e-17,0.0360864221379359,-2.97360648085275e-19,0,3.99575851619361e-19
A,Affine,3,1.1,25,held,10,29,29,0.0401121652096657,8.27391551555699e-17,0.0401121652096657,-5.29232026065471e-19,0,2.62061984709338e-19
A,Affine,3,1.1,25,held,20,29,29,0.0406123111301378,1.0110574298805e-16,0.0406123111301378,6.30371930860474e-19,0,2.51003081348402e-19
A,Affine,3,1.1,25,rateLimited,1,29,29,0.0144396538605797,1.80852435333027e-17,0.0144396538605797,-3.69806734126054e-20,0,3.91285033598774e-20
A,Affine,3,1.1,25,rateLimited,2,29,29,0.0208486089608692,7.984667951578e-17,0.0208486089608692,-4.24454882616936e-19,0,1.25807184063064e-19
A,Affine,3,1.1,25,rateLimited,5,29,29,0.0334302726806071,1.26485180214492e-16,0.033430272680607,-9.69779923539801e-19,0,3.45472196973256e-19
A,Affine,3,1.1,25,rateLimited,10,29,29,0.038450776897107,1.76013941361693e-16,0.038450776897107,-1.20794916725362e-18,0,1.77463427824175e-19
A,Affine,3,1.1,25,rateLimited,20,29,29,0.0413143693825519,1.4030086335866e-16,0.0413143693825518,-4.18366192478314e-18,0,8.11412784674903e-19
A,Affine,3,1.1,50,held,1,29,29,0.0152830990708226,2.88121886952083e-18,0.0152830990708226,-3.05376989928849e-20,0,2.80473322953909e-20
A,Affine,3,1.1,50,held,2,29,29,0.0250421315273068,3.43820086322688e-17,0.0250421315273068,1.82250724023703e-19,0,1.23685178168031e-19
A,Affine,3,1.1,50,held,5,29,29,0.0378389253778893,7.81761280990549e-17,0.0378389253778894,2.52703356424984e-19,0,3.77977105573467e-19
A,Affine,3,1.1,50,held,10,29,29,0.0419201122780412,8.53565648973989e-17,0.0419201122780412,1.73487136895693e-20,0,2.10128050208248e-19
A,Affine,3,1.1,50,held,20,29,29,0.0424089763878726,1.03979672241865e-16,0.0424089763878726,1.06510407000849e-18,0,1.94949531656675e-19
A,Affine,3,1.1,50,rateLimited,1,29,29,0.0152830990708226,2.88121886952083e-18,0.0152830990708226,-3.05376989928849e-20,0,2.80473322953909e-20
A,Affine,3,1.1,50,rateLimited,2,29,29,0.0219214793936103,4.67432809740461e-17,0.0219214793936103,-4.08860616741926e-19,0,6.02093520714717e-20
A,Affine,3,1.1,50,rateLimited,5,29,29,0.0356691869624152,7.76647497368571e-17,0.0356691869624152,-7.5998867164898e-19,0,1.10442680052714e-19
A,Affine,3,1.1,50,rateLimited,10,29,29,0.0399305966448264,9.01595951236583e-17,0.0399305966448264,1.18083510541843e-18,0,2.67802508237092e-19
A,Affine,3,1.1,50,rateLimited,20,29,29,0.0435713688357702,8.80729747394913e-17,0.0435713688357703,3.1128734669245e-18,0,6.2803953434234e-19
A,Affine,3,1.1,100,held,1,29,29,0.0152351853762529,2.30857380990109e-17,0.0152351853762529,8.17131999979933e-21,0,1.82586747818853e-20
A,Affine,3,1.1,100,held,2,29,29,0.0251944091262192,8.44152876808032e-17,0.0251944091262192,6.29355055891524e-19,0,2.72969637081626e-19
A,Affine,3,1.1,100,held,5,29,29,0.0387776315437912,1.16659125284701e-16,0.0387776315437912,4.57956461383702e-19,0,6.17416541070148e-19
A,Affine,3,1.1,100,held,10,29,29,0.0434564553366217,1.00457074743016e-16,0.0434564553366217,-3.86906113224381e-19,0,3.13030764810942e-19
A,Affine,3,1.1,100,held,20,29,29,0.0440903769257418,1.2379186295293e-16,0.0440903769257418,-3.8671705142721e-19,0,3.68394948068007e-19
A,Affine,3,1.1,100,rateLimited,1,29,29,0.0152351853762529,2.30857380990109e-17,0.0152351853762529,8.17131999979933e-21,0,1.82586747818853e-20
A,Affine,3,1.1,100,rateLimited,2,29,29,0.022261688972872,6.62053691773996e-17,0.022261688972872,2.39571013850402e-19,0,2.72969637081626e-19
A,Affine,3,1.1,100,rateLimited,5,29,29,0.0329981954652942,8.91596426299579e-17,0.0329981954652942,1.43768490845504e-18,0,6.17416541070148e-19
A,Affine,3,1.1,100,rateLimited,10,29,29,0.0397731358406204,1.32291565216387e-16,0.0397731358406204,6.36323563371404e-18,0,4.92032032180718e-19
A,Affine,3,1.1,100,rateLimited,20,29,29,0.0415687394431851,1.44842514885452e-16,0.0415687394431851,4.65645297837818e-18,0,6.42629380161166e-19
A,Affine,3,1.1,200,held,1,29,29,0.0131587907848628,0,0.0131587907848628,0,0,0
A,Affine,3,1.1,200,held,2,29,29,0.0217495917824133,4.79357242334582e-17,0.0217495917824133,3.23754082452921e-19,0,5.09198603416335e-20
A,Affine,3,1.1,200,held,5,29,29,0.0334473589295038,8.39864180764857e-17,0.0334473589295038,3.22978114749878e-19,0,6.82726835211651e-20
A,Affine,3,1.1,200,held,10,29,29,0.0374680922095151,7.47480581304057e-17,0.0374680922095151,-3.50366694903768e-19,0,4.03338890622364e-19
A,Affine,3,1.1,200,held,20,29,29,0.0380115520811135,1.3019794191721e-16,0.0380115520811135,-9.59533350530222e-19,0,1.78428630982099e-19
A,Affine,3,1.1,200,rateLimited,1,29,29,0.0131587907848628,0,0.0131587907848628,0,0,0
A,Affine,3,1.1,200,rateLimited,2,29,29,0.0199081231403114,3.61704870666054e-17,0.0199081231403114,-5.57800732762599e-19,0,6.9242317852086e-20
A,Affine,3,1.1,200,rateLimited,5,29,29,0.0322970375097215,7.02922931622959e-17,0.0322970375097214,-1.14108333914489e-18,0,1.10092398877657e-19
A,Affine,3,1.1,200,rateLimited,10,29,29,0.0392296605006212,9.06004759685797e-17,0.0392296605006212,1.98060958329309e-19,0,7.45472098629271e-19
A,Affine,3,1.1,200,rateLimited,20,29,29,0.0379662739795363,1.05280857171831e-16,0.0379662739795363,9.20215539905162e-19,0,6.79148141338048e-19
E,Exact sine,3,0.25,25,held,1,29,29,9.46263768113748e-05,4.12527762179347e-18,9.46263768113746e-05,-4.027059728597e-23,0,3.54206671545447e-25
E,Exact sine,3,0.25,25,held,2,29,29,0.000149048434386158,2.29142958109287e-17,0.000149048434386155,-9.40110557326688e-22,0,4.79367502863146e-24
E,Exact sine,3,0.25,25,held,5,29,29,0.000216346093816938,3.34519313204242e-17,0.00021634609381693,-3.25641340139818e-21,0,8.43417748910403e-24
E,Exact sine,3,0.25,25,held,10,29,29,0.000242138493785894,4.13532703405798e-17,0.000242138493785884,-5.05449798313014e-21,0,1.11580513577085e-23
E,Exact sine,3,0.25,25,held,20,29,29,0.000246764192916894,4.27159524517881e-17,0.000246764192916882,-5.93387727883778e-21,0,1.02904678464546e-23
E,Exact sine,3,0.25,25,rateLimited,1,29,29,9.46263768113748e-05,4.12527762179347e-18,9.46263768113746e-05,-4.027059728597e-23,0,3.54206671545447e-25
E,Exact sine,3,0.25,25,rateLimited,2,29,29,0.000150432082131641,0.000305756569669617,0.000393775000853708,3.89418600667454e-08,0,1.05879118406788e-22
E,Exact sine,3,0.25,25,rateLimited,5,29,29,0.000209540194690734,0.000717340401070202,0.000785904716977001,5.91618799681114e-08,0,4.2351647362715e-22
E,Exact sine,3,0.25,25,rateLimited,10,29,29,0.000223977574085465,0.00338121909313217,0.00343046978499017,2.85314436275738e-07,0,8.470329472543e-21
E,Exact sine,3,0.25,25,rateLimited,20,29,29,0.000248578877757614,0.00413686004786751,0.00419188808899424,3.96523236542211e-07,0,7.19978005166155e-21
E,Exact sine,3,0.25,50,held,1,29,29,2.094725283563e-05,1.28852025006074e-18,2.094725283563e-05,2.32272554876406e-24,0,1.24904631354804e-27
E,Exact sine,3,0.25,50,held,2,29,29,2.98229568421297e-05,1.55158384577955e-17,2.98229568421317e-05,1.15270076372171e-22,0,2.33516708700308e-25
E,Exact sine,3,0.25,50,held,5,29,29,4.00008120450478e-05,4.07058210327092e-17,4.0000812045057e-05,7.32915213457384e-22,0,7.87132308947621e-25
E,Exact sine,3,0.25,50,held,10,29,29,4.97349593792977e-05,5.9215882382454e-17,4.97349593793118e-05,1.40270476935922e-21,0,5.41728368896405e-25
E,Exact sine,3,0.25,50,held,20,29,29,5.27139743787528e-05,6.30717171624535e-17,5.27139743787643e-05,1.21244541677443e-21,0,1.01232411612984e-24
E,Exact sine,3,0.25,50,rateLimited,1,29,29,2.094725283563e-05,1.28852025006074e-18,2.094725283563e-05,2.32272554876406e-24,0,1.24904631354804e-27
E,Exact sine,3,0.25,50,rateLimited,2,29,29,3.05390163139995e-05,0.000305744416228959,0.000319003962419066,7.35124846645115e-09,0,5.29395592033938e-23
E,Exact sine,3,0.25,50,rateLimited,5,29,29,4.01957105051124e-05,0.000717485416647089,0.000712782952145788,-8.34148137459341e-09,0,2.77932685817817e-22
E,Exact sine,3,0.25,50,rateLimited,10,29,29,3.58537651781791e-05,0.00338201775824176,0.00336686603059029,-1.03542741597213e-07,0,1.28113733272213e-20
E,Exact sine,3,0.25,50,rateLimited,20,29,29,4.22850429038224e-05,0.00413824070362533,0.00413971557127525,1.04208650639627e-08,0,4.18222517706811e-21
E,Exact sine,3,0.25,100,held,1,29,29,1.70618258056072e-05,2.57704050012147e-18,1.70618258056069e-05,-9.30825546870964e-24,0,5.81443546517854e-27
E,Exact sine,3,0.25,100,held,2,29,29,2.59519357582106e-05,1.82224281302827e-17,2.59519357582045e-05,-3.14092127912519e-22,0,1.20381737221469e-25
E,Exact sine,3,0.25,100,held,5,29,29,3.61206401776335e-05,3.04101698481419e-17,3.61206401776323e-05,-8.24922996410394e-23,0,3.33277467592311e-25
E,Exact sine,3,0.25,100,held,10,29,29,4.08626186600234e-05,3.24696876503075e-17,4.08626186600246e-05,1.01814260121709e-22,0,3.39168757869699e-25
E,Exact sine,3,0.25,100,held,20,29,29,4.19620886141772e-05,3.7808793929152e-17,4.19620886141839e-05,5.69025693183418e-22,0,3.51551065305438e-25
E,Exact sine,3,0.25,100,rateLimited,1,29,29,1.70618258056072e-05,2.57704050012147e-18,1.70618258056069e-05,-9.30825546870964e-24,0,5.81443546517854e-27
E,Exact sine,3,0.25,100,rateLimited,2,29,29,2.65148765567054e-05,0.000305737327136474,0.000319504873638432,7.90501239533823e-09,0,1.7205356741103e-22
E,Exact sine,3,0.25,100,rateLimited,5,29,29,3.46928629670439e-05,0.000717529344529247,0.000724846468234584,9.35044751072921e-09,0,7.41153828847513e-22
E,Exact sine,3,0.25,100,rateLimited,10,29,29,3.5428944733113e-05,0.00338226501025985,0.00338650251563888,2.74274786754859e-08,0,7.09390093325477e-21
E,Exact sine,3,0.25,100,rateLimited,20,29,29,4.11412799360286e-05,0.00413868417121743,0.00414670615271846,6.47726429926822e-08,0,1.10114283143059e-20
E,Exact sine,3,0.25,200,held,1,29,29,8.12488737979399e-06,6.21301964502653e-18,8.1248873797936e-06,-6.47761068165319e-24,0,4.6132668672683e-27
E,Exact sine,3,0.25,200,held,2,29,29,1.19274773353301e-05,1.5095497298154e-17,1.19274773353348e-05,1.13400442738953e-22,0,3.09791378232927e-26
E,Exact sine,3,0.25,200,held,5,29,29,1.61203367454708e-05,2.64146651262451e-17,1.61203367454732e-05,7.60949125783513e-23,0,4.95179214526945e-26
E,Exact sine,3,0.25,200,held,10,29,29,1.89457658204762e-05,3.42610725958094e-17,1.89457658204727e-05,-1.32265657424553e-22,0,6.06138871822536e-26
E,Exact sine,3,0.25,200,held,20,29,29,1.97506758746829e-05,3.43578554795638e-17,1.97506758746785e-05,-1.7650964466476e-22,0,7.91064145966231e-26
E,Exact sine,3,0.25,200,rateLimited,1,29,29,8.12488737979399e-06,6.21301964502653e-18,8.1248873797936e-06,-6.47761068165319e-24,0,4.6132668672683e-27
E,Exact sine,3,0.25,200,rateLimited,2,29,29,1.21666399104701e-05,0.000305730939894176,0.000312052182290841,3.75712973718931e-09,0,1.52201232709757e-22
E,Exact sine,3,0.25,200,rateLimited,5,29,29,1.53478518449913e-05,0.000717544299895292,0.000719022412440753,1.88785072364082e-09,0,7.61006163548785e-22
E,Exact sine,3,0.25,200,rateLimited,10,29,29,1.41979088136648e-05,0.00338235537919766,0.00338227866630314,-7.20515272640055e-10,0,7.6762360844921e-21
E,Exact sine,3,0.25,200,rateLimited,20,29,29,1.82550695275763e-05,0.00413886445283799,0.00414224606132617,2.76702260427454e-08,0,6.98802181484798e-21
E,Exact sine,3,0.7,25,held,1,29,29,0.000124787209744292,2.7333642195424e-18,0.000124787209744292,-7.92652990268314e-23,0,4.92854326160314e-25
E,Exact sine,3,0.7,25,held,2,29,29,0.00020082142650922,4.72423258477204e-17,0.000200821426509196,-9.47638499964396e-21,0,2.18287798837416e-23
E,Exact sine,3,0.7,25,held,5,29,29,0.000299822381331556,1.00688191115437e-16,0.000299822381331522,-1.99549992575069e-20,0,1.85783705000296e-23
E,Exact sine,3,0.7,25,held,10,29,29,0.000336120761693942,1.05870582408178e-16,0.000336120761693898,-2.92324940761249e-20,0,1.07577983096602e-23
E,Exact sine,3,0.7,25,held,20,29,29,0.000341921884631902,1.01627822951617e-16,0.000341921884631874,-1.93811006097175e-20,0,2.47040680004948e-23
E,Exact sine,3,0.7,25,rateLimited,1,29,29,0.000124787209744292,2.7333642195424e-18,0.000124787209744292,-7.92652990268314e-23,0,4.92854326160314e-25
E,Exact sine,3,0.7,25,rateLimited,2,29,29,0.000205388078165534,0.00244840326829105,0.00235098490534861,-5.09732801653795e-07,0,3.59989002583078e-21
E,Exact sine,3,0.7,25,rateLimited,5,29,29,0.00026908490821912,0.0219849963779863,0.0219422477612721,-1.95023561085025e-06,0,2.91802850329106e-19
E,Exact sine,3,0.7,25,rateLimited,10,29,29,0.000350100956509357,0.029569052904003,0.0294733150204477,-5.77516202492903e-06,0,2.3039296165317e-19
E,Exact sine,3,0.7,25,rateLimited,20,29,29,0.000305912713214686,0.0530728955204662,0.0530954413038196,2.30006573291881e-06,0,2.98155597433514e-19
E,Exact sine,3,0.7,50,held,1,29,29,4.62332997275944e-05,1.48738999909005e-17,4.62332997275983e-05,3.63474417509798e-22,0,3.49479700687231e-25
E,Exact sine,3,0.7,50,held,2,29,29,7.14406512909508e-05,5.43054346022841e-17,7.14406512909846e-05,4.83357640310419e-21,0,1.08771220942743e-24
E,Exact sine,3,0.7,50,held,5,29,29,9.76737541767614e-05,9.54483932025432e-17,9.76737541768233e-05,1.21034380253955e-20,0,2.38828446405494e-24
E,Exact sine,3,0.7,50,held,10,29,29,0.000104129599556081,1.33151595323484e-16,0.000104129599556164,1.72162769401996e-20,0,2.74655663890993e-24
E,Exact sine,3,0.7,50,held,20,29,29,0.000104786903823532,1.10495776672832e-16,0.000104786903823597,1.36968345583892e-20,0,2.86160799600213e-24
E,Exact sine,3,0.7,50,rateLimited,1,29,29,4.62332997275944e-05,1.48738999909005e-17,4.62332997275983e-05,3.63474417509798e-22,0,3.49479700687231e-25
E,Exact sine,3,0.7,50,rateLimited,2,29,29,7.49399000343619e-05,0.00244830594732798,0.00239398097314013,-2.68673100581767e-07,0,2.11758236813575e-21
E,Exact sine,3,0.7,50,rateLimited,5,29,29,7.8336867904992e-05,0.0219874581029895,0.0219451198994856,-1.86616309279323e-06,0,1.98205709657506e-19
E,Exact sine,3,0.7,50,rateLimited,10,29,29,9.56043844345418e-05,0.0295778206772602,0.0295317890618573,-2.73005102045283e-06,0,2.92226366802734e-19
E,Exact sine,3,0.7,50,rateLimited,20,29,29,9.62305814875459e-05,0.0530903565358693,0.0531085259255565,1.92030855497371e-06,0,3.18484388167617e-18
E,Exact sine,3,0.7,100,held,1,29,29,2.58950614195286e-05,2.12508203669908e-17,2.58950614195212e-05,-3.83473726983175e-22,0,3.17532624370256e-25
E,Exact sine,3,0.7,100,held,2,29,29,4.0947081286531e-05,4.6319569955816e-17,4.09470812865295e-05,-1.20283525940264e-22,0,3.43470642104859e-25
E,Exact sine,3,0.7,100,held,5,29,29,5.93486296791207e-05,5.82441084697756e-17,5.93486296791391e-05,2.19054501565404e-21,0,1.22858968618372e-24
E,Exact sine,3,0.7,100,held,10,29,29,6.58374548354085e-05,8.2989607221193e-17,6.58374548354509e-05,5.58315700457322e-21,0,7.8450757631555e-25
E,Exact sine,3,0.7,100,held,20,29,29,6.68847791986438e-05,7.607181736723e-17,6.68847791986729e-05,3.89767283191841e-21,0,9.18811379622508e-25
E,Exact sine,3,0.7,100,rateLimited,1,29,29,2.58950614195286e-05,2.12508203669908e-17,2.58950614195212e-05,-3.83473726983175e-22,0,3.17532624370256e-25
E,Exact sine,3,0.7,100,rateLimited,2,29,29,4.28545869828876e-05,0.00244824918008586,0.00242279775545143,-1.25811599596058e-07,0,4.02340649945793e-21
E,Exact sine,3,0.7,100,rateLimited,5,29,29,5.144843083468e-05,0.021988112378158,0.0219748200755288,-5.87015543674269e-07,0,1.46536699874994e-19
E,Exact sine,3,0.7,100,rateLimited,10,29,29,6.69268666311435e-05,0.0295806058696951,0.029558004307956,-1.34110415457647e-06,0,2.45851312940561e-19
E,Exact sine,3,0.7,100,rateLimited,20,29,29,5.89736004624744e-05,0.0530959577606862,0.0531019881449735,6.36936538787602e-07,0,4.17248429817468e-18
E,Exact sine,3,0.7,200,held,1,29,29,1.54036809930518e-05,6.44260125030368e-19,1.54036809930517e-05,-1.74175311477254e-24,0,1.12417437244663e-27
E,Exact sine,3,0.7,200,held,2,29,29,2.41560568530528e-05,2.59069485423236e-17,2.4156056853061e-05,3.92780533872514e-22,0,8.77116598700238e-26
E,Exact sine,3,0.7,200,held,5,29,29,3.43147330551458e-05,6.62930833417748e-17,3.43147330551805e-05,2.38289560551237e-21,0,4.7597446204133e-25
E,Exact sine,3,0.7,200,held,10,29,29,3.75764108659769e-05,7.41934838354042e-17,3.75764108660153e-05,2.88684500064737e-21,0,5.57751296372758e-25
E,Exact sine,3,0.7,200,held,20,29,29,3.80594472319218e-05,7.55709162618817e-17,3.80594472319445e-05,1.7332965948861e-21,0,2.33915636391931e-25
E,Exact sine,3,0.7,200,rateLimited,1,29,29,1.54036809930518e-05,6.44260125030368e-19,1.54036809930517e-05,-1.74175311477254e-24,0,1.12417437244663e-27
E,Exact sine,3,0.7,200,rateLimited,2,29,29,2.4991362325139e-05,0.0024481980330412,0.00243124649625487,-8.33386516261017e-08,0,2.91167575618666e-21
E,Exact sine,3,0.7,200,rateLimited,5,29,29,2.79416310456523e-05,0.0219882285787614,0.0219771933392004,-4.8594969801195e-07,0,4.30716253678812e-19
E,Exact sine,3,0.7,200,rateLimited,10,29,29,3.73261467663762e-05,0.0295817042494579,0.0295665886415378,-8.95455645719714e-07,0,4.03187682893047e-19
E,Exact sine,3,0.7,200,rateLimited,20,29,29,3.34444981023482e-05,0.0530982270142942,0.0531031605154631,5.2282613506902e-07,0,3.56770277383511e-18
E,Exact sine,3,1.1,25,held,1,29,29,0.00016855278896078,1.15248754780833e-17,0.000168552788960778,-5.81478946903804e-22,0,2.15182836891048e-25
E,Exact sine,3,1.1,25,held,2,29,29,0.000272757708054693,5.26877174967119e-17,0.000272757708054673,-1.11868582304698e-20,0,5.70493612500398e-24
E,Exact sine,3,1.1,25,held,5,29,29,0.000411780594583583,1.12920257081674e-16,0.000411780594583571,-1.04918431030881e-20,0,5.82201357272362e-23
E,Exact sine,3,1.1,25,held,10,29,29,0.000464445626705954,1.27022219070317e-16,0.000464445626705948,-6.10363476653542e-21,0,5.54414521116636e-23
E,Exact sine,3,1.1,25,held,20,29,29,0.000473088435953755,1.26316065841587e-16,0.000473088435953751,-3.88118888891575e-21,0,4.24575934555113e-23
E,Exact sine,3,1.1,25,rateLimited,1,29,29,0.00016855278896078,1.15248754780833e-17,0.000168552788960778,-5.81478946903804e-22,0,2.15182836891048e-25
E,Exact sine,3,1.1,25,rateLimited,2,29,29,0.000276463905680854,0.00527740275529586,0.00512158387663162,-1.6967907273757e-06,0,8.470329472543e-21
E,Exact sine,3,1.1,25,rateLimited,5,29,29,0.000381510884127792,0.0614073618340139,0.0612048913123051,-2.49709174171342e-05,0,3.05609487369352e-18
E,Exact sine,3,1.1,25,rateLimited,10,29,29,0.000415839363024688,0.129219105986964,0.128999271922022,-5.69381180342905e-05,5.55111512312578e-17,1.33831205666179e-17
E,Exact sine,3,1.1,25,rateLimited,20,29,29,0.000461453563906347,0.183852157317692,0.183720056927241,-4.87693724121732e-05,0,7.09610321891763e-17
E,Exact sine,3,1.1,50,held,1,29,29,5.44816263144267e-05,1.06254101834954e-17,5.44816263144271e-05,5.17262072296064e-23,0,1.43237981814828e-25
E,Exact sine,3,1.1,50,held,2,29,29,8.83703031759809e-05,3.94211393923149e-17,8.83703031759852e-05,7.56892599048594e-22,0,1.30366693746977e-24
E,Exact sine,3,1.1,50,held,5,29,29,0.000137081653723967,1.22815650836156e-16,0.000137081653723999,8.85920350305168e-21,0,5.70724551530401e-24
E,Exact sine,3,1.1,50,held,10,29,29,0.000159356293840087,1.43096830872321e-16,0.000159356293840101,4.71155322222043e-21,0,3.93844486730108e-24
E,Exact sine,3,1.1,50,held,20,29,29,0.000163738003886685,1.35859475683386e-16,0.000163738003886674,-3.35515478278342e-21,0,2.04192837829996e-24
E,Exact sine,3,1.1,50,rateLimited,1,29,29,5.44816263144267e-05,1.06254101834954e-17,5.44816263144271e-05,5.17262072296064e-23,0,1.43237981814828e-25
E,Exact sine,3,1.1,50,rateLimited,2,29,29,9.014530274205e-05,0.0052771929851469,0.00520702940510933,-7.43736752416904e-07,0,1.10114283143059e-20
E,Exact sine,3,1.1,50,rateLimited,5,29,29,0.000131022283077936,0.0614119408211196,0.0613316312551718,-9.87464983499099e-06,0,2.54787510534094e-18
E,Exact sine,3,1.1,50,rateLimited,10,29,29,0.000169417588870433,0.129249973034943,0.129154797742409,-2.4622451970312e-05,0,1.83433455057391e-17
E,Exact sine,3,1.1,50,rateLimited,20,29,29,0.000155362090124152,0.183904976901139,0.183857459359759,-1.74993041621533e-05,1.11022302462516e-16,1.03405782200805e-16
E,Exact sine,3,1.1,100,held,1,29,29,3.48162973492972e-05,1.09334568781696e-17,3.48162973492961e-05,-7.28983559825109e-23,0,1.02414573836607e-26
E,Exact sine,3,1.1,100,held,2,29,29,5.60864729391386e-05,6.60547310546185e-17,5.60864729391441e-05,6.06534270699094e-22,0,6.89294776764735e-25
E,Exact sine,3,1.1,100,held,5,29,29,8.4708220137641e-05,1.56208835660789e-16,8.47082201376489e-05,1.34645415509566e-21,0,1.67000532293272e-24
E,Exact sine,3,1.1,100,held,10,29,29,9.62549304954553e-05,1.77625449150532e-16,9.62549304954453e-05,-1.91574687460103e-21,0,1.65666962932996e-24
E,Exact sine,3,1.1,100,held,20,29,29,9.83089185651074e-05,1.99163928720317e-16,9.83089185651058e-05,-3.28750006953372e-22,0,1.17901795039652e-24
E,Exact sine,3,1.1,100,rateLimited,1,29,29,3.48162973492972e-05,1.09334568781696e-17,3.48162973492961e-05,-7.28983559825109e-23,0,1.02414573836607e-26
E,Exact sine,3,1.1,100,rateLimited,2,29,29,5.74288883434239e-05,0.00527707062638192,0.0052409303065991,-3.83421994410351e-07,0,1.12231865511195e-20
E,Exact sine,3,1.1,100,rateLimited,5,29,29,7.92925215653919e-05,0.0614129667243231,0.0613683985795199,-5.47842497196781e-06,0,1.60936259978317e-18
E,Exact sine,3,1.1,100,rateLimited,10,29,29,8.94764456910708e-05,0.129259543742382,0.129208871050476,-1.31052963845015e-05,0,3.04169531359019e-17
E,Exact sine,3,1.1,100,rateLimited,20,29,29,9.59425517199108e-05,0.183921703555737,0.183891802927886,-1.10070597491905e-05,5.55111512312578e-17,1.16951533093296e-16
E,Exact sine,3,1.1,200,held,1,29,29,2.02992476060069e-05,5.15408100024295e-18,2.02992476060075e-05,2.37996911851909e-23,0,6.04043063301474e-27
E,Exact sine,3,1.1,200,held,2,29,29,3.28758442821647e-05,5.89911533653611e-17,3.28758442821575e-05,-4.70253852390236e-22,0,2.35704489428085e-25
E,Exact sine,3,1.1,200,held,5,29,29,5.0304059168475e-05,7.15563917269054e-17,5.03040591684736e-05,-1.37207977908245e-22,0,6.24111113884662e-25
E,Exact sine,3,1.1,200,held,10,29,29,5.76461174159949e-05,1.03069539419626e-16,5.76461174159681e-05,-3.08741151211736e-21,0,6.83400371103069e-25
E,Exact sine,3,1.1,200,held,20,29,29,5.89949492772787e-05,1.12966195107691e-16,5.89949492773031e-05,2.87797953159411e-21,0,6.43073826280074e-25
E,Exact sine,3,1.1,200,rateLimited,1,29,29,2.02992476060069e-05,5.15408100024295e-18,2.02992476060075e-05,2.37996911851909e-23,0,6.04043063301474e-27
E,Exact sine,3,1.1,200,rateLimited,2,29,29,3.33817439164917e-05,0.00527696038165302,0.00525311746121473,-2.52182149043446e-07,0,1.12231865511195e-20
E,Exact sine,3,1.1,200,rateLimited,5,29,29,4.68803144261046e-05,0.0614128949951336,0.061384343335831,-3.50826267600474e-06,0,3.12046937768484e-18
E,Exact sine,3,1.1,200,rateLimited,10,29,29,5.60746994268915e-05,0.129263057678835,0.129230877310834,-8.3215743260511e-06,0,1.71608875113721e-17
E,Exact sine,3,1.1,200,rateLimited,20,29,29,5.62295868274238e-05,0.18392824102601,0.183910994725159,-6.34702789096613e-06,5.55111512312578e-17,9.62331072034556e-17
O3,Odd cubic,4,0.25,25,held,1,29,29,0.000550566153866191,4.07465880144164e-18,0.00055056615386619,-1.18095355916412e-21,0,9.82135132764539e-23
O3,Odd cubic,4,0.25,25,held,2,29,29,0.000911312805505943,1.21729366139556e-17,0.000911312805505945,3.4222513231517e-21,0,1.8362095165665e-22
O3,Odd cubic,4,0.25,25,held,5,29,29,0.00140409011721094,2.03732940072082e-17,0.00140409011721094,1.22151302732908e-20,0,4.80640691258978e-22
O3,Odd cubic,4,0.25,25,held,10,29,29,0.00157369082088529,2.8696708516292e-17,0.00157369082088529,1.31754594989868e-20,0,2.87186796645671e-22
O3,Odd cubic,4,0.25,25,held,20,29,29,0.00159662079347982,2.97756929086807e-17,0.00159662079347983,9.46550539029924e-21,0,1.85011608209757e-22
O3,Odd cubic,4,0.25,25,rateLimited,1,29,29,0.000550566153866191,4.07465880144164e-18,0.00055056615386619,-1.18095355916412e-21,0,9.82135132764539e-23
O3,Odd cubic,4,0.25,25,rateLimited,2,29,29,0.000967706815558592,0.000272215783797247,0.000909643010648557,-1.83107507005129e-07,0,1.8362095165665e-22
O3,Odd cubic,4,0.25,25,rateLimited,5,29,29,0.00158788842469232,0.000638838851995822,0.00140483726787577,-9.55936978878517e-07,0,1.6940658945086e-21
O3,Odd cubic,4,0.25,25,rateLimited,10,29,29,0.00139516265036257,0.0030184596785743,0.00353557068716072,1.44268243176457e-06,0,1.01643953670516e-20
O3,Odd cubic,4,0.25,25,rateLimited,20,29,29,0.0016830063390046,0.00369374377596708,0.00433541706482507,2.31958770635124e-06,0,6.7762635780344e-21
O3,Odd cubic,4,0.25,50,held,1,29,29,0.000426238812972446,3.15621713589219e-18,0.000426238812972447,4.22271112888089e-22,0,3.89740569456007e-23
O3,Odd cubic,4,0.25,50,held,2,29,29,0.000697497044944119,8.95034770162032e-18,0.000697497044944121,1.8462030679845e-21,0,1.47610006333743e-22
O3,Odd cubic,4,0.25,50,held,5,29,29,0.00104997553934224,2.54135917403198e-17,0.00104997553934225,1.81756709953471e-20,0,2.47281862745096e-22
O3,Odd cubic,4,0.25,50,held,10,29,29,0.00115950823634927,3.52875803380231e-17,0.00115950823634929,3.25084933652789e-20,0,4.02640307526241e-22
O3,Odd cubic,4,0.25,50,held,20,29,29,0.00117198678514149,3.54986744263189e-17,0.00117198678514151,3.54932210488578e-20,0,6.96456987777164e-22
O3,Odd cubic,4,0.25,50,rateLimited,1,29,29,0.000426238812972446,3.15621713589219e-18,0.000426238812972447,4.22271112888089e-22,0,3.89740569456007e-23
O3,Odd cubic,4,0.25,50,rateLimited,2,29,29,0.000760961051384891,0.000277176043724681,0.000690595558011593,-1.78966056194321e-07,0,2.11758236813575e-22
O3,Odd cubic,4,0.25,50,rateLimited,5,29,29,0.00121570800960259,0.000650721542038106,0.00104377055389425,-8.11927520707646e-07,0,1.6940658945086e-21
O3,Odd cubic,4,0.25,50,rateLimited,10,29,29,0.00106280591426058,0.00307476536990586,0.00334924890513849,6.33729737211794e-07,0,3.3881317890172e-21
O3,Odd cubic,4,0.25,50,rateLimited,20,29,29,0.00120833884523309,0.0037632111871599,0.00411353850436547,1.29935782283263e-06,0,1.01643953670516e-20
O3,Odd cubic,4,0.25,100,held,1,29,29,0.000253518014341851,0,0.000253518014341851,0,0,0
O3,Odd cubic,4,0.25,100,held,2,29,29,0.000420760117521999,2.458339956705e-17,0.000420760117521995,-3.04906792045671e-21,0,2.34944789498079e-23
O3,Odd cubic,4,0.25,100,held,5,29,29,0.000651968558167462,4.16532980012787e-17,0.000651968558167461,-1.46322080644692e-21,0,5.02498471510014e-23
O3,Odd cubic,4,0.25,100,held,10,29,29,0.000733476618803838,4.37717744417374e-17,0.000733476618803837,-1.30504267770515e-21,0,5.86021746377214e-23
O3,Odd cubic,4,0.25,100,held,20,29,29,0.000744889687504051,4.68319948154326e-17,0.00074488968750405,-1.61782894637179e-21,0,9.07549525602859e-23
O3,Odd cubic,4,0.25,100,rateLimited,1,29,29,0.000253518014341851,0,0.000253518014341851,0,0,0
O3,Odd cubic,4,0.25,100,rateLimited,2,29,29,0.000446265126585699,0.000281274691904974,0.000436777223794257,-8.74936722873695e-08,0,2.34944789498079e-23
O3,Odd cubic,4,0.25,100,rateLimited,5,29,29,0.000736621063268352,0.00066010997053523,0.000720387328924547,-4.59397860375576e-07,0,4.2351647362715e-22
O3,Odd cubic,4,0.25,100,rateLimited,10,29,29,0.000645694621074179,0.00311897162059523,0.00327153917630387,5.58063068328474e-07,0,5.9292306307801e-21
O3,Odd cubic,4,0.25,100,rateLimited,20,29,29,0.000766717569226551,0.0038167690787635,0.0040218124625512,1.01939345236628e-06,0,1.35525271560688e-20
O3,Odd cubic,4,0.25,200,held,1,29,29,0.0001843915803887,1.10842703041936e-17,0.000184391580388699,-2.17813710243556e-22,0,6.1791990579779e-24
O3,Odd cubic,4,0.25,200,held,2,29,29,0.000305556141802092,2.18764025455713e-17,0.000305556141802092,4.4993802847475e-22,0,1.98688325099176e-23
O3,Odd cubic,4,0.25,200,held,5,29,29,0.000471902307110106,3.31528022322183e-17,0.000471902307110108,1.7544518344897e-21,0,4.97740560991206e-23
O3,Odd cubic,4,0.25,200,held,10,29,29,0.000529736285287408,4.02958828821335e-17,0.000529736285287404,-4.16428940457344e-21,0,4.28800345284624e-23
O3,Odd cubic,4,0.25,200,held,20,29,29,0.000537673686970472,4.68851425474761e-17,0.000537673686970467,-5.31256550918714e-21,0,5.38007750509911e-23
O3,Odd cubic,4,0.25,200,rateLimited,1,29,29,0.0001843915803887,1.10842703041936e-17,0.000184391580388699,-2.17813710243556e-22,0,6.1791990579779e-24
O3,Odd cubic,4,0.25,200,rateLimited,2,29,29,0.000321933339415873,0.00028335080465566,0.000350890697175694,-6.08044721620204e-08,0,1.98688325099176e-23
O3,Odd cubic,4,0.25,200,rateLimited,5,29,29,0.000527430082788318,0.000665018736900861,0.00063263015204307,-3.20211503385271e-07,0,2.11758236813575e-22
O3,Odd cubic,4,0.25,200,rateLimited,10,29,29,0.000469891470651428,0.0031421894243173,0.00326091101755478,5.39388291927684e-07,0,5.0821976835258e-21
O3,Odd cubic,4,0.25,200,rateLimited,20,29,29,0.000561296566475501,0.00384526637592107,0.00399165016925907,8.32143736419577e-07,0,1.01643953670516e-20
O3,Odd cubic,4,0.7,25,held,1,29,29,0.000893278438127846,0,0.000893278438127846,0,0,0
O3,Odd cubic,4,0.7,25,held,2,29,29,0.00147328693855417,4.4784189143697e-17,0.00147328693855419,5.57856984681692e-20,0,4.06862740325699e-22
O3,Odd cubic,4,0.7,25,held,5,29,29,0.00225330114121481,9.22620089598347e-17,0.00225330114121486,2.37243924494371e-19,0,1.5422684922687e-21
O3,Odd cubic,4,0.7,25,held,10,29,29,0.00251351868710286,9.98540844096574e-17,0.00251351868710292,3.04573852278667e-19,0,1.51685717429617e-21
O3,Odd cubic,4,0.7,25,held,20,29,29,0.00254705039970839,1.0099894834855e-16,0.00254705039970844,2.4547347222653e-19,0,1.18736945349995e-21
O3,Odd cubic,4,0.7,25,rateLimited,1,29,29,0.000893278438127846,0,0.000893278438127846,0,0,0
O3,Odd cubic,4,0.7,25,rateLimited,2,29,29,0.00125250406386585,0.00222176185384622,0.00151553798470796,-4.20813678211399e-06,0,1.6940658945086e-21
O3,Odd cubic,4,0.7,25,rateLimited,5,29,29,0.0018799383028636,0.01995671566563,0.0194279635031785,-2.43589023005417e-05,0,1.21972744404619e-19
O3,Odd cubic,4,0.7,25,rateLimited,10,29,29,0.00215392846309514,0.026865462516752,0.0264076793011302,-2.90269579917965e-05,0,2.71050543121376e-19
O3,Odd cubic,4,0.7,25,rateLimited,20,29,29,0.00209289855073067,0.0490604843729694,0.0495178669888699,4.07077998733896e-05,0,4.01154803819637e-18
O3,Odd cubic,4,0.7,50,held,1,29,29,0.000587281768232655,3.64448562605653e-18,0.000587281768232654,-9.13089062406502e-22,0,2.16465345933083e-23
O3,Odd cubic,4,0.7,50,held,2,29,29,0.000969959389332395,1.89373028153531e-17,0.000969959389332398,5.20466743024993e-21,0,2.6050165996512e-23
O3,Odd cubic,4,0.7,50,held,5,29,29,0.00148820693999589,6.69038626408484e-17,0.00148820693999592,8.25937453605978e-20,0,3.86937427729225e-22
O3,Odd cubic,4,0.7,50,held,10,29,29,0.00166383149814689,8.78889830011939e-17,0.00166383149814694,1.52584291346379e-19,0,5.87681198683439e-22
O3,Odd cubic,4,0.7,50,held,20,29,29,0.00168705003418173,8.86741624335484e-17,0.00168705003418177,1.453889479268e-19,0,4.54929242873557e-22
O3,Odd cubic,4,0.7,50,rateLimited,1,29,29,0.000587281768232655,3.64448562605653e-18,0.000587281768232654,-9.13089062406502e-22,0,2.16465345933083e-23
O3,Odd cubic,4,0.7,50,rateLimited,2,29,29,0.000834952508028346,0.00226224634059499,0.00172765333083542,-2.83011816465156e-06,0,1.6940658945086e-21
O3,Odd cubic,4,0.7,50,rateLimited,5,29,29,0.00123222479529968,0.0203250949074024,0.0199658638477761,-1.59921417531346e-05,0,1.76182853028894e-19
O3,Odd cubic,4,0.7,50,rateLimited,10,29,29,0.0013342720078939,0.0273691242991312,0.0271410601617423,-1.42120999890295e-05,0,3.25260651745651e-19
O3,Odd cubic,4,0.7,50,rateLimited,20,29,29,0.00137546831814821,0.0499827792564899,0.0502827437377667,2.81841825006914e-05,0,2.57498015965307e-19
O3,Odd cubic,4,0.7,100,held,1,29,29,0.000355135635473053,0,0.000355135635473053,0,0,0
O3,Odd cubic,4,0.7,100,held,2,29,29,0.000585351883184874,1.91118438581851e-17,0.000585351883184876,2.61028227095586e-21,0,6.8405261408768e-23
O3,Odd cubic,4,0.7,100,held,5,29,29,0.000894254888787152,5.93139335854261e-17,0.00089425488878715,-3.40916700003287e-21,0,6.74258915964197e-23
O3,Odd cubic,4,0.7,100,held,10,29,29,0.000996938747779543,7.286123441396e-17,0.000996938747779541,-4.00960992974038e-21,0,1.6141339400315e-22
O3,Odd cubic,4,0.7,100,held,20,29,29,0.00101010366750547,7.46369168034046e-17,0.00101010366750547,-5.26494403068717e-21,0,8.24305063683849e-23
O3,Odd cubic,4,0.7,100,rateLimited,1,29,29,0.000355135635473053,0,0.000355135635473053,0,0,0
O3,Odd cubic,4,0.7,100,rateLimited,2,29,29,0.000511787664275073,0.00229569855285207,0.00191860833538144,-1.85110051427608e-06,0,1.6940658945086e-21
O3,Odd cubic,4,0.7,100,rateLimited,5,29,29,0.000661576564652886,0.0206210699160117,0.0205297505514618,-4.19555032669332e-06,0,1.82959116606929e-19
O3,Odd cubic,4,0.7,100,rateLimited,10,29,29,0.000640503038104648,0.0277601782666251,0.0277517701081367,-8.76997401755373e-07,0,3.150962563786e-19
O3,Odd cubic,4,0.7,100,rateLimited,20,29,29,0.000653462700832146,0.0506944945532038,0.0508135344731249,1.16564941452612e-05,0,6.72205346941013e-18
O3,Odd cubic,4,0.7,200,held,1,29,29,0.000234245965733839,2.14065061140154e-17,0.00023424596573384,7.04854593446586e-23,0,6.81047727940935e-24
O3,Odd cubic,4,0.7,200,held,2,29,29,0.000386306403815214,3.38956756665666e-17,0.000386306403815202,-9.59508188692269e-21,0,2.44690951179266e-23
O3,Odd cubic,4,0.7,200,held,5,29,29,0.000590780368327564,8.61383256117468e-17,0.000590780368327543,-2.49541051304985e-20,0,8.72958675201601e-23
O3,Odd cubic,4,0.7,200,held,10,29,29,0.000659017880814855,5.54138616430336e-17,0.00065901788081486,6.59096014900069e-21,0,9.48030198001627e-23
O3,Odd cubic,4,0.7,200,held,20,29,29,0.000667819087523283,8.19122974418525e-17,0.000667819087523316,4.43693200019808e-20,0,7.33070033494594e-23
O3,Odd cubic,4,0.7,200,rateLimited,1,29,29,0.000234245965733839,2.14065061140154e-17,0.00023424596573384,7.04854593446586e-23,0,6.81047727940935e-24
O3,Odd cubic,4,0.7,200,rateLimited,2,29,29,0.000345480638366203,0.00231264330179131,0.0020626225807982,-1.21326400198751e-06,0,1.6940658945086e-21
O3,Odd cubic,4,0.7,200,rateLimited,5,29,29,0.00046138659679093,0.0207739886543948,0.0208145039651763,1.47209311171486e-06,0,2.5410988417629e-19
O3,Odd cubic,4,0.7,200,rateLimited,10,29,29,0.000462764579642255,0.0279672057990148,0.0280812062559983,6.17539353129602e-06,0,2.23616698075135e-19
O3,Odd cubic,4,0.7,200,rateLimited,20,29,29,0.000461285331655893,0.0510729406251384,0.0511139217160531,3.9749449386908e-06,0,2.71050543121376e-19
O3,Odd cubic,4,1.1,25,held,1,29,29,0.000799499975477656,2.57704050012147e-18,0.000799499975477656,-3.6642683697727e-22,0,1.19966520601785e-23
O3,Odd cubic,4,1.1,25,held,2,29,29,0.00132067948212533,4.23450964056278e-17,0.00132067948212533,7.56648480210574e-21,0,2.29728335546013e-22
O3,Odd cubic,4,1.1,25,held,5,29,29,0.00202647781482535,1.20935708483058e-16,0.00202647781482534,-4.23738780124363e-20,0,1.12836061905236e-21
O3,Odd cubic,4,1.1,25,held,10,29,29,0.00226532451180445,1.40469392985012e-16,0.00226532451180444,-7.81202447725119e-20,0,1.20850592632923e-21
O3,Odd cubic,4,1.1,25,held,20,29,29,0.00229680573569194,1.58485371792234e-16,0.00229680573569193,-4.03724819161594e-20,0,1.00247621047091e-21
O3,Odd cubic,4,1.1,25,rateLimited,1,29,29,0.000799499975477656,2.57704050012147e-18,0.000799499975477656,-3.6642683697727e-22,0,1.19966520601785e-23
O3,Odd cubic,4,1.1,25,rateLimited,2,29,29,0.00116908480942307,0.00520072058985024,0.00467521145606218,-6.55665178642099e-06,0,1.20172799391704e-20
O3,Odd cubic,4,1.1,25,rateLimited,5,29,29,0.00148180726898506,0.0583388941923246,0.057985041478736,-4.33572930749364e-05,0,2.05998412772246e-18
O3,Odd cubic,4,1.1,25,rateLimited,10,29,29,0.00176860197232739,0.122956230293672,0.122903976593908,-1.5975058371031e-05,0,2.35271871429354e-17
O3,Odd cubic,4,1.1,25,rateLimited,20,29,29,0.00207468913532509,0.179082030025723,0.179622627864828,0.000189610627924137,0,1.56125112837913e-17
O3,Odd cubic,4,1.1,50,held,1,29,29,0.000478182860466532,2.57704050012147e-18,0.000478182860466532,3.39968340920796e-22,0,1.23238748720266e-23
O3,Odd cubic,4,1.1,50,held,2,29,29,0.000785098017341823,4.35054508733205e-17,0.00078509801734183,1.11186769672604e-20,0,7.43453440335322e-23
O3,Odd cubic,4,1.1,50,held,5,29,29,0.00119060657261356,7.82928485453354e-17,0.00119060657261358,5.65353828829708e-20,0,4.82756632096594e-22
O3,Odd cubic,4,1.1,50,held,10,29,29,0.00132164504020601,1.1545385911664e-16,0.00132164504020603,4.46597467799216e-20,0,5.83735676695356e-22
O3,Odd cubic,4,1.1,50,held,20,29,29,0.00133771290074079,1.17808033095118e-16,0.00133771290074082,5.88505398462214e-20,0,6.88131893620626e-22
O3,Odd cubic,4,1.1,50,rateLimited,1,29,29,0.000478182860466532,2.57704050012147e-18,0.000478182860466532,3.39968340920796e-22,0,1.23238748720266e-23
O3,Odd cubic,4,1.1,50,rateLimited,2,29,29,0.000673631066004727,0.00529548704892832,0.00499522410566132,-3.54369803267433e-06,0,1.10114283143059e-20
O3,Odd cubic,4,1.1,50,rateLimited,5,29,29,0.000995234822262293,0.0594124181399306,0.0592066044551876,-2.54039104723503e-05,0,1.4975542507456e-18
O3,Odd cubic,4,1.1,50,rateLimited,10,29,29,0.00113653052191172,0.12525038491644,0.125233722957343,-5.46525758716373e-06,0,1.66967134562768e-17
O3,Odd cubic,4,1.1,50,rateLimited,20,29,29,0.00128520388879052,0.182437154898213,0.182854462644841,0.000150787272743343,5.55111512312578e-17,3.72965547335014e-17
O3,Odd cubic,4,1.1,100,held,1,29,29,0.000324111379652867,3.64448562605653e-18,0.000324111379652868,7.99128473794324e-22,0,1.36660105337319e-23
O3,Odd cubic,4,1.1,100,held,2,29,29,0.000534444895451403,2.83474455013362e-17,0.000534444895451404,1.28848825270582e-21,0,7.1071573403862e-23
O3,Odd cubic,4,1.1,100,held,5,29,29,0.000817425815897591,9.86117940954363e-17,0.000817425815897602,1.87901088359459e-20,0,1.00254021161434e-22
O3,Odd cubic,4,1.1,100,held,10,29,29,0.000912144889213982,1.62935410861842e-16,0.000912144889213993,1.97134658118257e-20,0,1.70892260414091e-22
O3,Odd cubic,4,1.1,100,held,20,29,29,0.000924434889413626,1.61714424847954e-16,0.00092443488941363,7.53662460099347e-21,0,2.11274245096524e-22
O3,Odd cubic,4,1.1,100,rateLimited,1,29,29,0.000324111379652867,3.64448562605653e-18,0.000324111379652868,7.99128473794324e-22,0,1.36660105337319e-23
O3,Odd cubic,4,1.1,100,rateLimited,2,29,29,0.000407069429255418,0.00537379229517259,0.00532977454282105,-6.36852474587329e-07,0,1.27054942088145e-20
O3,Odd cubic,4,1.1,100,rateLimited,5,29,29,0.000397052493641301,0.0602808216276087,0.060210984829961,-8.57241258849012e-06,0,1.72794721239877e-18
O3,Odd cubic,4,1.1,100,rateLimited,10,29,29,0.000505355172945283,0.127050586443856,0.12699087551309,-1.54244359975453e-05,0,6.72205346941013e-18
O3,Odd cubic,4,1.1,100,rateLimited,20,29,29,0.000587294213836127,0.185045993796964,0.185186063318736,5.15133126913412e-05,0,8.00141203294302e-17
O3,Odd cubic,4,1.1,200,held,1,29,29,0.000291807585677055,0,0.000291807585677055,0,0,0
O3,Odd cubic,4,1.1,200,held,2,29,29,0.000480784572846183,4.92342896245311e-17,0.000480784572846204,1.95071137773901e-20,0,4.38669840122109e-23
O3,Odd cubic,4,1.1,200,held,5,29,29,0.000733869008241309,7.62407752209594e-17,0.000733869008241348,5.67636831771539e-20,0,7.60577676738301e-23
O3,Odd cubic,4,1.1,200,held,10,29,29,0.00081763906205755,1.19249051083034e-16,0.000817639062057605,9.0799052665764e-20,0,1.1917274234097e-22
O3,Odd cubic,4,1.1,200,held,20,29,29,0.000828302371968302,1.3625758948527e-16,0.000828302371968378,1.27168091245746e-19,0,1.5756349512706e-22
O3,Odd cubic,4,1.1,200,rateLimited,1,29,29,0.000291807585677055,0,0.000291807585677055,0,0,0
O3,Odd cubic,4,1.1,200,rateLimited,2,29,29,0.000318099850734581,0.0054134567193977,0.00549835649308806,8.25222957254106e-07,0,1.18584612615602e-20
O3,Odd cubic,4,1.1,200,rateLimited,5,29,29,0.000175150031028249,0.0607273389909944,0.0607215638103881,-7.32066881486018e-07,0,2.18195687212708e-18
O3,Odd cubic,4,1.1,200,rateLimited,10,29,29,0.000240577496112751,0.127996441322703,0.127946308142768,-1.28891014436057e-05,5.55111512312578e-17,3.42946699684321e-17
O3,Odd cubic,4,1.1,200,rateLimited,20,29,29,0.000278800069423585,0.186425678530799,0.186477445033561,1.92261610971454e-05,5.55111512312578e-17,6.41305585025176e-17
O5,Odd quintic,5,0.25,25,held,1,29,29,0.00145748790738376,5.76243773904167e-18,0.00145748790738376,-1.50881894653797e-21,0,4.26812945500261e-22
O5,Odd quintic,5,0.25,25,held,2,29,29,0.00240502313246904,2.4071544772843e-17,0.00240502313246904,-2.6830866661139e-20,0,1.75545651798577e-21
O5,Odd quintic,5,0.25,25,held,5,29,29,0.00368186145469163,3.7527806648313e-17,0.00368186145469164,3.71683964967575e-20,0,5.33897364375012e-21
O5,Odd quintic,5,0.25,25,held,10,29,29,0.00410944353095177,4.5919072641083e-17,0.00410944353095178,8.00054719190343e-20,0,6.0570421783439e-21
O5,Odd quintic,5,0.25,25,held,20,29,29,0.00416486612108829,4.52635724679754e-17,0.0041648661210883,7.49925215474118e-20,0,5.39124417028018e-21
O5,Odd quintic,5,0.25,25,rateLimited,1,29,29,0.00145748790738376,5.76243773904167e-18,0.00145748790738376,-1.50881894653797e-21,0,4.26812945500261e-22
O5,Odd quintic,5,0.25,25,rateLimited,2,29,29,0.0025510691990979,0.000165951704185892,0.00249774961103171,-2.96740907299164e-07,0,1.75545651798577e-21
O5,Odd quintic,5,0.25,25,rateLimited,5,29,29,0.00414033355147195,0.000389506353535431,0.00397376417384393,-1.50327540756326e-06,2.16840434497101e-19,5.33897364375012e-21
O5,Odd quintic,5,0.25,25,rateLimited,10,29,29,0.00369107605483462,0.00187771241748348,0.00445644524028905,2.71005781434977e-06,0,3.3881317890172e-21
O5,Odd quintic,5,0.25,25,rateLimited,20,29,29,0.00441972749043046,0.00229930423530902,0.00536945086653607,4.0102115519682e-06,2.16840434497101e-19,1.35525271560688e-20
O5,Odd quintic,5,0.25,50,held,1,29,29,0.00103989573413884,1.88521785698079e-18,0.00103989573413884,-5.29893100931763e-22,0,2.29540565909902e-22
O5,Odd quintic,5,0.25,50,held,2,29,29,0.00169708787203081,1.04679879966446e-17,0.00169708787203081,1.06725487385365e-21,0,7.82326976647719e-22
O5,Odd quintic,5,0.25,50,held,5,29,29,0.00254096957810023,2.57139704473211e-17,0.00254096957810023,3.47441923040333e-22,0,7.66974236804278e-22
O5,Odd quintic,5,0.25,50,held,10,29,29,0.00279666487628481,3.37729981896632e-17,0.00279666487628481,1.50468995770196e-21,0,1.24578989117685e-21
O5,Odd quintic,5,0.25,50,held,20,29,29,0.0028243874910039,3.11651471096753e-17,0.0028243874910039,-1.20619716491542e-20,0,2.30396168989762e-22
O5,Odd quintic,5,0.25,50,rateLimited,1,29,29,0.00103989573413884,1.88521785698079e-18,0.00103989573413884,-5.29893100931763e-22,0,2.29540565909902e-22
O5,Odd quintic,5,0.25,50,rateLimited,2,29,29,0.00184892750662393,0.000210627995468396,0.00177045737334455,-3.2837776639551e-07,0,8.470329472543e-22
O5,Odd quintic,5,0.25,50,rateLimited,5,29,29,0.00293254115624481,0.000494745075008748,0.0027144111229701,-1.47654257781125e-06,1.62630325872826e-19,8.470329472543e-22
O5,Odd quintic,5,0.25,50,rateLimited,10,29,29,0.00258403638651329,0.00236087773215145,0.0037347974768272,1.69772447992154e-06,0,3.3881317890172e-21
O5,Odd quintic,5,0.25,50,rateLimited,20,29,29,0.00296943108661345,0.00289095913013699,0.00446965116635116,2.8026158785955e-06,1.62630325872826e-19,6.7762635780344e-21
O5,Odd quintic,5,0.25,100,held,1,29,29,0.000514774276898554,1.54219241759086e-17,0.000514774276898553,-5.49056520859076e-22,0,2.14744899353104e-23
O5,Odd quintic,5,0.25,100,held,2,29,29,0.000850727162685772,1.52595836110631e-17,0.000850727162685772,7.93730701628245e-22,0,1.27136289026679e-22
O5,Odd quintic,5,0.25,100,held,5,29,29,0.00130645627674639,3.36806968468354e-17,0.00130645627674639,-6.01990383961249e-21,0,5.13752643764813e-22
O5,Odd quintic,5,0.25,100,held,10,29,29,0.00146112905025323,4.62074212997666e-17,0.00146112905025324,3.08798709911736e-20,0,3.31643866132476e-22
O5,Odd quintic,5,0.25,100,held,20,29,29,0.00148160182458461,5.08108482131502e-17,0.00148160182458462,1.70113891081983e-20,0,7.02943530422475e-22
O5,Odd quintic,5,0.25,100,rateLimited,1,29,29,0.000514774276898554,1.54219241759086e-17,0.000514774276898553,-5.49056520859076e-22,0,2.14744899353104e-23
O5,Odd quintic,5,0.25,100,rateLimited,2,29,29,0.000904789562789964,0.000248442381342014,0.000848034438825852,-1.61205360345866e-07,0,2.11758236813575e-22
O5,Odd quintic,5,0.25,100,rateLimited,5,29,29,0.00147518504083364,0.000583089596166274,0.00130470462194815,-8.13910231323833e-07,0,5.13752643764813e-22
O5,Odd quintic,5,0.25,100,rateLimited,10,29,29,0.00130529475509603,0.00276672147272532,0.00324732893248581,1.18660309043882e-06,0,6.7762635780344e-21
O5,Odd quintic,5,0.25,100,rateLimited,20,29,29,0.00154534721922291,0.00338622799643024,0.00397132666580566,1.91679741477113e-06,0,6.7762635780344e-21
O5,Odd quintic,5,0.25,200,held,1,29,29,0.000263922112584179,1.47908220268983e-17,0.000263922112584176,-1.6156202053918e-21,0,1.05028178037163e-23
O5,Odd quintic,5,0.25,200,held,2,29,29,0.000436940179210416,1.98365171099044e-17,0.000436940179210415,-7.03924794232614e-22,0,3.84842897606178e-23
O5,Odd quintic,5,0.25,200,held,5,29,29,0.000673495462577177,2.5576396683617e-17,0.000673495462577184,8.9452209768288e-21,0,8.66212007752798e-23
O5,Odd quintic,5,0.25,200,held,10,29,29,0.000755060057241805,2.5576396683617e-17,0.000755060057241813,1.19815775921284e-20,0,1.81458121238058e-22
O5,Odd quintic,5,0.25,200,held,20,29,29,0.000766117837588026,4.09700813228332e-17,0.000766117837588044,2.77622831920745e-20,0,1.51051740896286e-22
O5,Odd quintic,5,0.25,200,rateLimited,1,29,29,0.000263922112584179,1.47908220268983e-17,0.000263922112584176,-1.6156202053918e-21,0,1.05028178037163e-23
O5,Odd quintic,5,0.25,200,rateLimited,2,29,29,0.000460619226891861,0.000272888612148098,0.000449768599645244,-8.43464735957275e-08,0,1.05879118406788e-22
O5,Odd quintic,5,0.25,200,rateLimited,5,29,29,0.000752555758958512,0.000640459762725262,0.000732454285364408,-4.40039597863034e-07,0,8.66212007752798e-23
O5,Odd quintic,5,0.25,200,rateLimited,10,29,29,0.000672021792555505,0.00302990950253879,0.00322435986725948,7.64531670349193e-07,0,1.01643953670516e-20
O5,Odd quintic,5,0.25,200,rateLimited,20,29,29,0.000801780249562991,0.00370799606352307,0.00394317110026254,1.15651195025383e-06,0,3.3881317890172e-21
O5,Odd quintic,5,0.7,25,held,1,29,29,0.00198526441448862,1.80881121578799e-17,0.00198526441448862,-7.44823474158617e-21,0,1.50371688194022e-21
O5,Odd quintic,5,0.7,25,held,2,29,29,0.00327565842075639,5.01199595957288e-17,0.00327565842075637,-1.09202595022741e-19,0,2.22045719962578e-21
O5,Odd quintic,5,0.7,25,held,5,29,29,0.00501391600999426,8.3468368617094e-17,0.00501391600999422,-4.0806219818752e-19,0,4.86735914141464e-21
O5,Odd quintic,5,0.7,25,held,10,29,29,0.00559561343962699,1.18256398534963e-16,0.00559561343962695,-3.8315219548814e-19,0,6.88025465012121e-21
O5,Odd quintic,5,0.7,25,held,20,29,29,0.00567092956721782,8.68533380451733e-17,0.0056709295672178,-1.87122178279306e-19,0,5.69600625623583e-21
O5,Odd quintic,5,0.7,25,rateLimited,1,29,29,0.00198526441448862,1.80881121578799e-17,0.00198526441448862,-7.44823474158617e-21,0,1.50371688194022e-21
O5,Odd quintic,5,0.7,25,rateLimited,2,29,29,0.00286458190662331,0.00157546581419613,0.00197771304055465,-6.77657316067439e-06,0,3.3881317890172e-21
O5,Odd quintic,5,0.7,25,rateLimited,5,29,29,0.00395429099734132,0.0141712273111947,0.0142729802043885,-1.274213688234e-05,0,8.13151629364128e-20
O5,Odd quintic,5,0.7,25,rateLimited,10,29,29,0.00378613412455968,0.0192122587292429,0.0195092370288722,-2.83536763980938e-06,0,4.33680868994202e-19
O5,Odd quintic,5,0.7,25,rateLimited,20,29,29,0.00385103799875178,0.039555527540689,0.0402730049490671,4.24446749375488e-05,0,7.04731412115578e-19
O5,Odd quintic,5,0.7,50,held,1,29,29,0.00129391856725179,2.57784569948501e-17,0.00129391856725179,-9.8335033415601e-21,0,2.67631520003678e-22
O5,Odd quintic,5,0.7,50,held,2,29,29,0.00213674207042215,4.83023260519201e-17,0.00213674207042217,7.65631087138663e-20,0,1.165409575796e-21
O5,Odd quintic,5,0.7,50,held,5,29,29,0.00327877027865292,1.19820259467953e-16,0.00327877027865293,4.81582754918643e-20,0,1.72221482347435e-21
O5,Odd quintic,5,0.7,50,held,10,29,29,0.00366702097860897,1.17393317319152e-16,0.00366702097860899,1.3837859319077e-19,0,2.89132898585392e-21
O5,Odd quintic,5,0.7,50,held,20,29,29,0.00371867195569399,1.34568652852529e-16,0.003718671955694,1.26259041249352e-19,0,2.12883613897205e-21
O5,Odd quintic,5,0.7,50,rateLimited,1,29,29,0.00129391856725179,2.57784569948501e-17,0.00129391856725179,-9.8335033415601e-21,0,2.67631520003678e-22
O5,Odd quintic,5,0.7,50,rateLimited,2,29,29,0.00188193835053233,0.00185485328253982,0.00136230814927358,-5.12628916137587e-06,0,1.6940658945086e-21
O5,Odd quintic,5,0.7,50,rateLimited,5,29,29,0.00261697258074037,0.0166821660487101,0.016489979940875,-1.32237711146233e-05,0,1.35525271560688e-19
O5,Odd quintic,5,0.7,50,rateLimited,10,29,29,0.00258665594673413,0.0225447601960222,0.022692829219698,7.49671145802806e-09,0,3.25260651745651e-19
O5,Odd quintic,5,0.7,50,rateLimited,20,29,29,0.00269202975565671,0.0439104776844694,0.0444306107440953,3.87020964096939e-05,0,6.28837260041593e-18
O5,Odd quintic,5,0.7,100,held,1,29,29,0.000661252573731907,6.35339793507995e-18,0.000661252573731908,1.6995333433401e-21,0,9.12997274263648e-23
O5,Odd quintic,5,0.7,100,held,2,29,29,0.00109084549539657,5.45646869571781e-17,0.00109084549539654,-5.41731861408003e-20,0,1.44343891157927e-22
O5,Odd quintic,5,0.7,100,held,5,29,29,0.00166907996828812,1.14061338021359e-16,0.00166907996828807,-1.61589643146783e-19,0,7.29367963931987e-22
O5,Odd quintic,5,0.7,100,held,10,29,29,0.00186229171678336,1.26924150070132e-16,0.00186229171678331,-1.72243027873329e-19,0,4.96955051690963e-22
O5,Odd quintic,5,0.7,100,held,20,29,29,0.00188724999549438,1.25789211520348e-16,0.00188724999549433,-2.04479590540746e-19,0,6.6406308995148e-22
O5,Odd quintic,5,0.7,100,rateLimited,1,29,29,0.000661252573731907,6.35339793507995e-18,0.000661252573731908,1.6995333433401e-21,0,9.12997274263648e-23
O5,Odd quintic,5,0.7,100,rateLimited,2,29,29,0.000967478433414546,0.00209660714331741,0.00149438826181124,-3.09857975549264e-06,0,1.6940658945086e-21
O5,Odd quintic,5,0.7,100,rateLimited,5,29,29,0.00127283864581162,0.0188395536420501,0.0188720318898837,-3.95311997167609e-07,0,1.0842021724855e-19
O5,Odd quintic,5,0.7,100,rateLimited,10,29,29,0.00124325133710319,0.0253965845183248,0.0256243204663621,1.00736202792014e-05,0,4.40457132572236e-19
O5,Odd quintic,5,0.7,100,rateLimited,20,29,29,0.00125677839425619,0.0477589186148272,0.0479224906266327,1.40713086697392e-05,0,7.2099444470286e-18
O5,Odd quintic,5,0.7,200,held,1,29,29,0.000329572581318118,2.06565510128836e-17,0.000329572581318121,1.92150714869438e-21,0,1.74722540694351e-23
O5,Odd quintic,5,0.7,200,held,2,29,29,0.000543601319454834,7.51882204906491e-17,0.00054360131945483,-4.34938387386404e-21,0,4.61248280545309e-23
O5,Odd quintic,5,0.7,200,held,5,29,29,0.000831557146018851,1.07899627098719e-16,0.000831557146018823,-4.700094473476e-20,0,1.90792405620572e-22
O5,Odd quintic,5,0.7,200,held,10,29,29,0.000927728442493348,1.15088375389776e-16,0.000927728442493319,-5.47421321936726e-20,0,6.73619831518448e-23
O5,Odd quintic,5,0.7,200,held,20,29,29,0.000940145237621044,1.25891461758335e-16,0.000940145237621004,-7.54294656051135e-20,0,1.28277546697118e-22
O5,Odd quintic,5,0.7,200,rateLimited,1,29,29,0.000329572581318118,2.06565510128836e-17,0.000329572581318121,1.92150714869438e-21,0,1.74722540694351e-23
O5,Odd quintic,5,0.7,200,rateLimited,2,29,29,0.000487780652500053,0.00224950514393898,0.00191062628999487,-1.64771053754175e-06,0,8.470329472543e-22
O5,Odd quintic,5,0.7,200,rateLimited,5,29,29,0.000660647121819813,0.0202087611635592,0.0202925843529027,2.9584973343231e-06,0,2.43945488809238e-19
O5,Odd quintic,5,0.7,200,rateLimited,10,29,29,0.000679424131993752,0.0272164272214337,0.0274094800285195,1.00840675830727e-05,0,2.57498015965307e-19
O5,Odd quintic,5,0.7,200,rateLimited,20,29,29,0.000673282164435672,0.0501466118342912,0.0501964889915955,4.55151975135102e-06,0,2.05998412772246e-18
O5,Odd quintic,5,1.1,25,held,1,29,29,0.0019342436520091,1.50265991872764e-17,0.00193424365200909,-2.60976568873969e-20,0,4.16972982710765e-22
O5,Odd quintic,5,1.1,25,held,2,29,29,0.0031914827627153,6.17415019443071e-17,0.00319148276271528,-1.18919145354092e-19,0,2.88647103881444e-21
O5,Odd quintic,5,1.1,25,held,5,29,29,0.0048850966484334,1.40283111620326e-16,0.0048850966484334,3.13160675125749e-20,0,4.125211587101e-21
O5,Odd quintic,5,1.1,25,held,10,29,29,0.0054518668904444,1.49457240661074e-16,0.00545186689044443,2.63491516170981e-19,0,6.80236573101305e-21
O5,Odd quintic,5,1.1,25,held,20,29,29,0.0055252528861145,1.81749880646758e-16,0.00552525288611452,2.50438503014972e-19,0,9.94383255160365e-21
O5,Odd quintic,5,1.1,25,rateLimited,1,29,29,0.0019342436520091,1.50265991872764e-17,0.00193424365200909,-2.60976568873969e-20,0,4.16972982710765e-22
O5,Odd quintic,5,1.1,25,rateLimited,2,29,29,0.0023962307978534,0.00599075126378696,0.00646215754192732,1.28457355541843e-07,0,2.71050543121376e-20
O5,Odd quintic,5,1.1,25,rateLimited,5,29,29,0.00229099045101553,0.0555376874449913,0.0549803140935724,-6.68484261563151e-05,0,1.81603863891322e-18
O5,Odd quintic,5,1.1,25,rateLimited,10,29,29,0.00289271579621315,0.117273712054784,0.11692184384399,-9.07737759075631e-05,0,3.63207727782644e-18
O5,Odd quintic,5,1.1,25,rateLimited,20,29,29,0.00352710126312857,0.193844851926921,0.194728353275754,0.000330864507596837,5.55111512312578e-17,5.29090660172926e-17
O5,Odd quintic,5,1.1,50,held,1,29,29,0.00118395037227174,1.06254101834954e-17,0.00118395037227174,-4.24099177496369e-21,0,1.06858783025084e-22
O5,Odd quintic,5,1.1,50,held,2,29,29,0.00195012949856889,6.64556739233913e-17,0.00195012949856887,-5.20769504201166e-20,0,5.31764370183396e-22
O5,Odd quintic,5,1.1,50,held,5,29,29,0.0029792736738152,1.12603695448659e-16,0.00297927367381517,-1.72092250700262e-19,0,1.32928176630248e-21
O5,Odd quintic,5,1.1,50,held,10,29,29,0.0033247022191443,1.23630815361387e-16,0.00332470221914428,-1.21252367772551e-19,0,2.96942983561512e-21
O5,Odd quintic,5,1.1,50,held,20,29,29,0.00336989459152854,1.38378016526645e-16,0.0033698945915285,-2.32226610249859e-19,0,1.75071743523792e-21
O5,Odd quintic,5,1.1,50,rateLimited,1,29,29,0.00118395037227174,1.06254101834954e-17,0.00118395037227174,-4.24099177496369e-21,0,1.06858783025084e-22
O5,Odd quintic,5,1.1,50,rateLimited,2,29,29,0.00140110445129756,0.00573982275068179,0.00583853551074954,-8.20161982406762e-07,0,3.04931861011548e-20
O5,Odd quintic,5,1.1,50,rateLimited,5,29,29,0.00170184293103471,0.0573767669558824,0.0570654987830358,-3.85185043148877e-05,0,3.6049722235143e-18
O5,Odd quintic,5,1.1,50,rateLimited,10,29,29,0.00198045648927163,0.1212496387483,0.121147285450539,-2.87323324649939e-05,0,4.17417836406919e-18
O5,Odd quintic,5,1.1,50,rateLimited,20,29,29,0.00231134818193129,0.19053149196977,0.191321197533265,0.000296208862918009,5.55111512312578e-17,3.03576608295941e-17
O5,Odd quintic,5,1.1,100,held,1,29,29,0.000731832817673879,0,0.000731832817673879,0,0,0
O5,Odd quintic,5,1.1,100,held,2,29,29,0.00120704384061068,4.95033314615216e-17,0.00120704384061068,1.66918452895057e-20,0,2.60141044076041e-22
O5,Odd quintic,5,1.1,100,held,5,29,29,0.00184614970773877,1.1765114250642e-16,0.00184614970773878,2.71154359581042e-20,0,6.94445872716431e-22
O5,Odd quintic,5,1.1,100,held,10,29,29,0.00205935129207712,1.4107090195334e-16,0.00205935129207714,9.72882229113481e-20,0,5.46667150004394e-22
O5,Odd quintic,5,1.1,100,held,20,29,29,0.00208682063049272,1.51187138623722e-16,0.00208682063049275,1.42963261546495e-19,0,6.69452999327327e-22
O5,Odd quintic,5,1.1,100,rateLimited,1,29,29,0.000731832817673879,0,0.000731832817673879,0,0,0
O5,Odd quintic,5,1.1,100,rateLimited,2,29,29,0.000815305594591148,0.00560947453369215,0.0058123986294316,1.65305007070597e-06,0,1.43995601033231e-20
O5,Odd quintic,5,1.1,100,rateLimited,5,29,29,0.000572791677500394,0.0594200082729225,0.0593677097305274,-6.54051481183133e-06,0,2.90024081139872e-18
O5,Odd quintic,5,1.1,100,rateLimited,10,29,29,0.000758275384196539,0.125412119928373,0.125306508402465,-2.70537584698085e-05,0,6.07153216591882e-18
O5,Odd quintic,5,1.1,100,rateLimited,20,29,29,0.000900067783421554,0.189593863090421,0.189823792842121,8.6429285404593e-05,1.11022302462516e-16,1.05384451165591e-16
O5,Odd quintic,5,1.1,200,held,1,29,29,0.000432105078549286,0,0.000432105078549286,0,0,0
O5,Odd quintic,5,1.1,200,held,2,29,29,0.000712151463352327,5.55111512312578e-17,0.000712151463352304,-3.31790270149373e-20,0,1.56256890782809e-22
O5,Odd quintic,5,1.1,200,held,5,29,29,0.00108760881214101,9.93247708866229e-17,0.001087608812141,-3.05098637923713e-20,0,2.93591412219478e-22
O5,Odd quintic,5,1.1,200,held,10,29,29,0.00121211083976142,1.50401280852786e-16,0.00121211083976135,-1.823542840758e-19,0,1.97482609082052e-22
O5,Odd quintic,5,1.1,200,held,20,29,29,0.00122800178907127,1.67747818893388e-16,0.0012280017890712,-1.7325045053306e-19,0,3.69149677432902e-22
O5,Odd quintic,5,1.1,200,rateLimited,1,29,29,0.000432105078549286,0,0.000432105078549286,0,0,0
O5,Odd quintic,5,1.1,200,rateLimited,2,29,29,0.000462651781225897,0.00549055301270106,0.00564953418810683,1.55701748663576e-06,0,2.03287907341032e-20
O5,Odd quintic,5,1.1,200,rateLimited,5,29,29,0.000233729208727993,0.060474691500626,0.0604731115874801,-2.45716367078153e-07,0,6.64073830647371e-19
O5,Odd quintic,5,1.1,200,rateLimited,10,29,29,0.000326370785674372,0.127528172677178,0.127454268398065,-1.89508113836663e-05,0,2.87313575708659e-18
O5,Odd quintic,5,1.1,200,rateLimited,20,29,29,0.000372573899875066,0.187956678156677,0.188022795014069,2.47197698991751e-05,0,6.66784336078585e-17
P3,Complete cubic,10,0.25,25,held,1,29,29,0.00647180321367936,3.701868727185e-18,0.00647180321367936,1.04777536093288e-21,0,2.18183856081984e-21
P3,Complete cubic,10,0.25,25,held,2,29,29,0.0108470728514328,0.000200184218084987,0.0109739086469597,2.72760782635495e-06,0,3.13402190484091e-20
P3,Complete cubic,10,0.25,25,held,5,29,29,0.0172077666811733,0.0016570998187351,0.0181709877036699,3.13315801639718e-05,0,8.13151629364128e-20
P3,Complete cubic,10,0.25,25,held,10,29,29,0.0197918581395194,0.00310309826072665,0.0214864133772115,6.03190923858306e-05,0,1.35525271560688e-19
P3,Complete cubic,10,0.25,25,held,20,29,29,0.0202152989035313,0.00347025182431748,0.0220821846162645,6.69219199434955e-05,0,8.13151629364128e-20
P3,Complete cubic,10,0.25,25,rateLimited,1,29,29,0.00647180321367936,3.701868727185e-18,0.00647180321367936,1.04777536093288e-21,0,2.18183856081984e-21
P3,Complete cubic,10,0.25,25,rateLimited,2,29,29,0.0104600119101724,0.000212060088725012,0.0105585665975624,2.02650995298097e-06,0,3.13402190484091e-20
P3,Complete cubic,10,0.25,25,rateLimited,5,29,29,0.0168131691346172,0.00317077158162134,0.0176116246286365,1.7432873287934e-05,0,8.13151629364128e-20
P3,Complete cubic,10,0.25,25,rateLimited,10,29,29,0.0166407528269778,0.0054362009213719,0.0190542543110684,5.65976722447728e-05,0,8.470329472543e-20
P3,Complete cubic,10,0.25,25,rateLimited,20,29,29,0.0204137260137221,0.00431859504913373,0.0227575009341446,8.25333758058779e-05,0,1.6940658945086e-19
P3,Complete cubic,10,0.25,50,held,1,29,29,0.00212634047865561,3.25335415716699e-18,0.00212634047865561,5.19364909534856e-23,0,4.15695367490371e-22
P3,Complete cubic,10,0.25,50,held,2,29,29,0.00361068580004878,3.74798415633346e-05,0.0036299441199869,1.3803762902995e-07,0,4.71162076910205e-21
P3,Complete cubic,10,0.25,50,held,5,29,29,0.00587430256187545,0.000322557040914591,0.00604632046305769,1.94651750889016e-06,0,1.18584612615602e-20
P3,Complete cubic,10,0.25,50,held,10,29,29,0.00682174949602766,0.000629759683725636,0.00716557480601828,4.41259885484407e-06,0,2.71050543121376e-20
P3,Complete cubic,10,0.25,50,held,20,29,29,0.00698036309875639,0.000716055647057935,0.00737420401060045,5.14068010979224e-06,0,1.01643953670516e-20
P3,Complete cubic,10,0.25,50,rateLimited,1,29,29,0.00212634047865561,3.25335415716699e-18,0.00212634047865561,5.19364909534856e-23,0,4.15695367490371e-22
P3,Complete cubic,10,0.25,50,rateLimited,2,29,29,0.0036321106734963,0.000160898933346421,0.00363230455498705,-2.44800310980706e-08,0,4.71162076910205e-21
P3,Complete cubic,10,0.25,50,rateLimited,5,29,29,0.00634469169459056,0.000933542109098112,0.00621378285181589,-2.5155162393446e-06,4.33680868994202e-19,1.18584612615602e-20
P3,Complete cubic,10,0.25,50,rateLimited,10,29,29,0.00586476980269974,0.00232155284500986,0.00600906698467431,-3.67624642452927e-06,0,1.35525271560688e-20
P3,Complete cubic,10,0.25,50,rateLimited,20,29,29,0.00629889950077326,0.00321987831774026,0.00720320096464841,1.84235283521639e-06,0,2.71050543121376e-20
P3,Complete cubic,10,0.25,100,held,1,29,29,0.000803804352828987,1.07383398338323e-17,0.000803804352828986,-1.47830122310456e-21,0,2.11857794908015e-22
P3,Complete cubic,10,0.25,100,held,2,29,29,0.00137593090810796,1.20379184054626e-05,0.00138256849993792,1.81648816542609e-08,0,4.2351647362715e-22
P3,Complete cubic,10,0.25,100,held,5,29,29,0.00226112529279267,0.00010879476803352,0.0023268967501238,2.89924594478483e-07,0,2.22346148654254e-21
P3,Complete cubic,10,0.25,100,held,10,29,29,0.00263021774149063,0.000220300935362752,0.00276954480973138,7.03800583336234e-07,0,3.3881317890172e-21
P3,Complete cubic,10,0.25,100,held,20,29,29,0.00269117370854393,0.000253477323843155,0.00285337220911369,8.35066280481568e-07,0,3.3881317890172e-21
P3,Complete cubic,10,0.25,100,rateLimited,1,29,29,0.000803804352828987,1.07383398338323e-17,0.000803804352828986,-1.47830122310456e-21,0,2.11857794908015e-22
P3,Complete cubic,10,0.25,100,rateLimited,2,29,29,0.00139332694398803,0.000222666385046907,0.00137905351075343,-8.91517063515255e-08,0,4.2351647362715e-22
P3,Complete cubic,10,0.25,100,rateLimited,5,29,29,0.00249074337425231,0.000787664369362452,0.00233542118126005,-1.37002562126688e-06,0,2.22346148654254e-21
P3,Complete cubic,10,0.25,100,rateLimited,10,29,29,0.00214465125875739,0.00277124301771471,0.00336012284025845,-9.8889138329567e-07,0,5.0821976835258e-21
P3,Complete cubic,10,0.25,100,rateLimited,20,29,29,0.00252669421735016,0.00357791137436387,0.00457170096888349,1.71481627809722e-06,0,1.35525271560688e-20
P3,Complete cubic,10,0.25,200,held,1,29,29,0.000366555121695212,6.52263663269501e-18,0.000366555121695211,-4.36467970526624e-22,0,3.03710333225244e-23
P3,Complete cubic,10,0.25,200,held,2,29,29,0.000620997956996269,5.80187657825956e-06,0.000625191886425143,5.19277048645999e-09,0,1.53855593934863e-22
P3,Complete cubic,10,0.25,200,held,5,29,29,0.000982085237725372,5.59512268968285e-05,0.0010245674329634,8.21164707398592e-08,0,4.10281583826302e-22
P3,Complete cubic,10,0.25,200,held,10,29,29,0.0011051900424231,0.000115128014755831,0.00119454125221095,1.92229313580917e-07,0,2.11758236813575e-22
P3,Complete cubic,10,0.25,200,held,20,29,29,0.0011205098391036,0.000132867701904568,0.00122410928823407,2.25247423803532e-07,0,4.2351647362715e-22
P3,Complete cubic,10,0.25,200,rateLimited,1,29,29,0.000366555121695212,6.52263663269501e-18,0.000366555121695211,-4.36467970526624e-22,0,3.03710333225244e-23
P3,Complete cubic,10,0.25,200,rateLimited,2,29,29,0.000640024426300287,0.000250189910161507,0.000627162554248129,-7.88933879565969e-08,0,1.53855593934863e-22
P3,Complete cubic,10,0.25,200,rateLimited,5,29,29,0.00109533224083326,0.000701590906622376,0.00103972217135226,-6.10960324462562e-07,0,8.470329472543e-22
P3,Complete cubic,10,0.25,200,rateLimited,10,29,29,0.000961068367919186,0.00297958912970785,0.00324329442658547,7.17354947832326e-07,0,1.01643953670516e-20
P3,Complete cubic,10,0.25,200,rateLimited,20,29,29,0.00116188397451998,0.00375416177067962,0.00411990389427115,1.52990312735185e-06,0,1.01643953670516e-20
P3,Complete cubic,10,0.7,25,held,1,29,29,0.00913238243395022,2.09607435117015e-17,0.00913238243395022,-6.06808122168361e-20,0,4.19372211829093e-22
P3,Complete cubic,10,0.7,25,held,2,29,29,0.0156483697930091,0.000306281534621757,0.0158660981862901,6.76778609978587e-06,0,7.6232965252887e-20
P3,Complete cubic,10,0.7,25,held,5,29,29,0.0251933541527104,0.00289024658522635,0.0273508468940968,0.000105010207037022,0,1.62630325872826e-19
P3,Complete cubic,10,0.7,25,held,10,29,29,0.028627368646497,0.00597220797146602,0.033187994651047,0.000246249485281045,0,1.89735380184963e-19
P3,Complete cubic,10,0.7,25,held,20,29,29,0.0290865119360242,0.00697206757507171,0.0344486557983779,0.000292074983439273,0,2.16840434497101e-19
P3,Complete cubic,10,0.7,25,rateLimited,1,29,29,0.00913238243395022,2.09607435117015e-17,0.00913238243395022,-6.06808122168361e-20,0,4.19372211829093e-22
P3,Complete cubic,10,0.7,25,rateLimited,2,29,29,0.0130205910541602,0.00162937057999965,0.0121030811740627,-2.57060659806934e-05,0,3.72694496791892e-20
P3,Complete cubic,10,0.7,25,rateLimited,5,29,29,0.0198958958645286,0.0140095930707628,0.0223344849149719,-9.32861538434252e-05,0,1.0842021724855e-19
P3,Complete cubic,10,0.7,25,rateLimited,10,29,29,0.0249626195600627,0.0250463167259699,0.0247839030292532,-0.000636208507474599,0,4.33680868994202e-19
P3,Complete cubic,10,0.7,25,rateLimited,20,29,29,0.0245014812605049,0.0284230955809731,0.0357083790037297,-0.000133106615290002,0,8.67361737988404e-19
P3,Complete cubic,10,0.7,50,held,1,29,29,0.00302940014010351,2.74321694380998e-17,0.00302940014010352,3.46479742916855e-20,0,1.49600531494417e-21
P3,Complete cubic,10,0.7,50,held,2,29,29,0.00520073631201629,8.11807756002929e-05,0.00526097891785282,6.23650668640014e-07,0,1.07996700774923e-20
P3,Complete cubic,10,0.7,50,held,5,29,29,0.00838455332655305,0.000746365006221554,0.00896539883874212,9.52058112939462e-06,0,2.03287907341032e-20
P3,Complete cubic,10,0.7,50,held,10,29,29,0.00952624987111752,0.00151085658996229,0.0107264728440755,2.20250954322893e-05,0,4.06575814682064e-20
P3,Complete cubic,10,0.7,50,held,20,29,29,0.00967846834275263,0.00174086667790138,0.0110688028560136,2.58150304134032e-05,0,4.06575814682064e-20
P3,Complete cubic,10,0.7,50,rateLimited,1,29,29,0.00302940014010351,2.74321694380998e-17,0.00302940014010352,3.46479742916855e-20,0,1.49600531494417e-21
P3,Complete cubic,10,0.7,50,rateLimited,2,29,29,0.0040644479214884,0.00207379733268911,0.00298114506705838,-1.19331463727133e-05,0,6.7762635780344e-21
P3,Complete cubic,10,0.7,50,rateLimited,5,29,29,0.00555655403309114,0.0176467176513957,0.0160250487214113,-8.54797500671354e-05,0,1.0842021724855e-19
P3,Complete cubic,10,0.7,50,rateLimited,10,29,29,0.0074032765734067,0.0224051554271911,0.0199712963690378,-0.000157946815079,0,2.18534500391609e-19
P3,Complete cubic,10,0.7,50,rateLimited,20,29,29,0.00774724268540679,0.0427257479976633,0.0450224057209151,0.000141507705712277,0,1.73472347597681e-18
P3,Complete cubic,10,0.7,100,held,1,29,29,0.00124245216497643,1.06497972024545e-17,0.00124245216497642,-4.84191049660299e-21,0,3.15025703949748e-22
P3,Complete cubic,10,0.7,100,held,2,29,29,0.00214447229950853,2.90529460650497e-05,0.00216679405279927,9.5390950211805e-08,0,7.41153828847513e-22
P3,Complete cubic,10,0.7,100,held,5,29,29,0.00349519272907595,0.000275556381432062,0.00371829211252994,1.53339270136903e-06,0,2.5410988417629e-21
P3,Complete cubic,10,0.7,100,held,10,29,29,0.00399387492203547,0.000566162831967012,0.00446206818585876,3.63847525008812e-06,0,4.55280209149186e-21
P3,Complete cubic,10,0.7,100,held,20,29,29,0.00406270599464109,0.000654130567805956,0.00460620611760528,4.28366799923349e-06,0,5.0821976835258e-21
P3,Complete cubic,10,0.7,100,rateLimited,1,29,29,0.00124245216497643,1.06497972024545e-17,0.00124245216497642,-4.84191049660299e-21,0,3.15025703949748e-22
P3,Complete cubic,10,0.7,100,rateLimited,2,29,29,0.00162832314999272,0.00222487143535,0.00142418074171316,-5.57319839957195e-06,0,3.3881317890172e-21
P3,Complete cubic,10,0.7,100,rateLimited,5,29,29,0.0023437382968426,0.0195283424161917,0.0187722355897946,-3.4452437689368e-05,0,1.35525271560688e-19
P3,Complete cubic,10,0.7,100,rateLimited,10,29,29,0.00311414529206515,0.0254290855533977,0.0243184257048976,-6.4950464217489e-05,0,4.33680868994202e-19
P3,Complete cubic,10,0.7,100,rateLimited,20,29,29,0.00317062344669239,0.0472327338580194,0.0480201986055496,6.49554733732235e-05,0,7.37257477290143e-18
P3,Complete cubic,10,0.7,200,held,1,29,29,0.000495236527833916,5.24389749629506e-18,0.000495236527833915,-1.21804141175408e-21,0,2.42387414080777e-23
P3,Complete cubic,10,0.7,200,held,2,29,29,0.000852946231593185,1.12634799565785e-05,0.000861059449294629,1.37792352498218e-08,0,1.38966342908909e-22
P3,Complete cubic,10,0.7,200,held,5,29,29,0.00138487262743654,0.000109095841993805,0.0014679064618701,2.24975283836673e-07,0,5.22778147133513e-22
P3,Complete cubic,10,0.7,200,held,10,29,29,0.0015789995208655,0.00022510204000288,0.001753869431184,5.32147566334768e-07,0,6.35274710440725e-22
P3,Complete cubic,10,0.7,200,held,20,29,29,0.00160551359679099,0.000260044774675012,0.00180833551183214,6.24780129036667e-07,0,7.41153828847513e-22
P3,Complete cubic,10,0.7,200,rateLimited,1,29,29,0.000495236527833916,5.24389749629506e-18,0.000495236527833915,-1.21804141175408e-21,0,2.42387414080777e-23
P3,Complete cubic,10,0.7,200,rateLimited,2,29,29,0.00065843182400472,0.0023002322573814,0.00186714055990981,-2.23838703429982e-06,0,2.5410988417629e-21
P3,Complete cubic,10,0.7,200,rateLimited,5,29,29,0.000988900770056498,0.0203674771350758,0.0202367927310423,-6.28426954168846e-06,0,1.55854062294791e-19
P3,Complete cubic,10,0.7,200,rateLimited,10,29,29,0.00114239303091152,0.0272008419842762,0.0269470522263307,-1.50472428020426e-05,0,2.43945488809238e-19
P3,Complete cubic,10,0.7,200,rateLimited,20,29,29,0.00113189948298372,0.0499493397880278,0.0501970041250247,2.35214814283072e-05,0,4.06575814682064e-18
P3,Complete cubic,10,1.1,25,held,1,29,29,0.010679663844583,4.4635650793731e-18,0.010679663844583,-6.13573101564596e-21,0,5.9709921412811e-22
P3,Complete cubic,10,1.1,25,held,2,29,29,0.0183419986280251,0.000477350163886078,0.0185924568369537,9.02267438454999e-06,0,4.74338450462408e-20
P3,Complete cubic,10,1.1,25,held,5,29,29,0.0302168462485518,0.00480692700674658,0.0333098773903586,0.000173383587303911,0,2.16840434497101e-19
P3,Complete cubic,10,1.1,25,held,10,29,29,0.0351118941482857,0.0108443174954937,0.0420878679139071,0.000420944292915002,0,6.50521303491303e-19
P3,Complete cubic,10,1.1,25,held,20,29,29,0.0364711624644328,0.0132819119891962,0.0443569673465161,0.000460985674584088,0,4.33680868994202e-19
P3,Complete cubic,10,1.1,25,rateLimited,1,29,29,0.010679663844583,4.4635650793731e-18,0.010679663844583,-6.13573101564596e-21,0,5.9709921412811e-22
P3,Complete cubic,10,1.1,25,rateLimited,2,29,29,0.0163223698367769,0.00334855627156937,0.0158809099678756,-2.54292847846212e-05,0,6.7762635780344e-20
P3,Complete cubic,10,1.1,25,rateLimited,5,29,29,0.0203456844646818,0.0390170148248085,0.0423782621074075,-0.00014035722293159,0,8.67361737988404e-19
P3,Complete cubic,10,1.1,25,rateLimited,10,29,29,0.0256234812418756,0.0893816681270712,0.0931648752106561,3.4048584886477e-05,0,6.28837260041593e-18
P3,Complete cubic,10,1.1,25,rateLimited,20,29,29,0.0268755970314101,0.131376025042506,0.137291567691241,0.000867016887354703,0,8.67361737988404e-18
P3,Complete cubic,10,1.1,50,held,1,29,29,0.00268972808582633,1.06254101834954e-17,0.00268972808582633,1.07288483214852e-20,0,8.95470633863569e-22
P3,Complete cubic,10,1.1,50,held,2,29,29,0.00455698474110539,0.000178232383108629,0.00463717301196269,7.05496829819156e-07,0,5.50571415715295e-21
P3,Complete cubic,10,1.1,50,held,5,29,29,0.00710991403851216,0.00146090593657694,0.00794796831960934,1.04850766189557e-05,0,1.35525271560688e-20
P3,Complete cubic,10,1.1,50,held,10,29,29,0.00779230518966387,0.00286916633289819,0.00962065879313139,2.36049399991575e-05,0,5.0821976835258e-20
P3,Complete cubic,10,1.1,50,held,20,29,29,0.00781209201510821,0.00329411450387479,0.00995761920971901,2.72742083086092e-05,0,2.71050543121376e-20
P3,Complete cubic,10,1.1,50,rateLimited,1,29,29,0.00268972808582633,1.06254101834954e-17,0.00268972808582633,1.07288483214852e-20,0,8.95470633863569e-22
P3,Complete cubic,10,1.1,50,rateLimited,2,29,29,0.00369306110691127,0.00468243674184719,0.00455862610678497,-1.47828421993197e-05,0,1.35525271560688e-20
P3,Complete cubic,10,1.1,50,rateLimited,5,29,29,0.0045629514289105,0.0541910423720967,0.0534332491383515,-0.000102377485635834,0,2.76471553983804e-18
P3,Complete cubic,10,1.1,50,rateLimited,10,29,29,0.00641527930556664,0.112904971430685,0.111518837442487,-0.000352237277808332,0,6.07153216591882e-18
P3,Complete cubic,10,1.1,50,rateLimited,20,29,29,0.00652403411436868,0.164169858823936,0.165140108490541,0.000276949864871418,0,1.90819582357449e-17
P3,Complete cubic,10,1.1,100,held,1,29,29,0.00114043897516823,4.4635650793731e-18,0.00114043897516823,8.85075892207344e-22,0,5.26625967222066e-23
P3,Complete cubic,10,1.1,100,held,2,29,29,0.00193652915868442,6.3211266943416e-05,0.00197423317715521,1.43455791076769e-07,0,7.41153828847513e-22
P3,Complete cubic,10,1.1,100,held,5,29,29,0.00307584176193839,0.000649412246331372,0.0035337670429253,2.60497070349557e-06,0,2.5410988417629e-21
P3,Complete cubic,10,1.1,100,held,10,29,29,0.00339265690976328,0.00141326293291234,0.00443748424983335,6.18383344261053e-06,0,6.7762635780344e-21
P3,Complete cubic,10,1.1,100,held,20,29,29,0.0034033927521123,0.00165815996301837,0.00463594940671023,7.15945021348927e-06,0,6.7762635780344e-21
P3,Complete cubic,10,1.1,100,rateLimited,1,29,29,0.00114043897516823,4.4635650793731e-18,0.00114043897516823,8.85075892207344e-22,0,5.26625967222066e-23
P3,Complete cubic,10,1.1,100,rateLimited,2,29,29,0.00157626867416798,0.005096843013186,0.00475127045198962,-5.88786072627661e-06,0,1.52465930505774e-20
P3,Complete cubic,10,1.1,100,rateLimited,5,29,29,0.00186713091884696,0.0579488668342803,0.057685658215277,-3.39221815155111e-05,0,2.49366499671666e-18
P3,Complete cubic,10,1.1,100,rateLimited,10,29,29,0.00266724421192777,0.121834818591481,0.121159880347326,-0.000171120607126653,0,1.88651178012478e-17
P3,Complete cubic,10,1.1,100,rateLimited,20,29,29,0.00283580375331083,0.177186667769361,0.177544664899399,0.000118951016102629,1.11022302462516e-16,8.5868812060852e-17
P3,Complete cubic,10,1.1,200,held,1,29,29,0.000438587289664429,2.94955766826806e-17,0.000438587289664424,-4.09404156704056e-21,0,6.43399449572822e-24
P3,Complete cubic,10,1.1,200,held,2,29,29,0.000741490453506403,5.51155234570636e-05,0.000759683771113374,2.42736185259608e-08,0,1.48065329646992e-22
P3,Complete cubic,10,1.1,200,held,5,29,29,0.00121913269094575,0.000529336623816336,0.00154469046426964,6.19586850959657e-07,0,1.6940658945086e-21
P3,Complete cubic,10,1.1,200,held,10,29,29,0.00137159778562977,0.00108648699491426,0.00211582082239229,1.41496327680647e-06,0,3.3881317890172e-21
P3,Complete cubic,10,1.1,200,held,20,29,29,0.00138404779344382,0.00125274271977328,0.00225273317032301,1.58985412019191e-06,0,3.3881317890172e-21
P3,Complete cubic,10,1.1,200,rateLimited,1,29,29,0.000438587289664429,2.94955766826806e-17,0.000438587289664424,-4.09404156704056e-21,0,6.43399449572822e-24
P3,Complete cubic,10,1.1,200,rateLimited,2,29,29,0.000632453526307659,0.00530483597006294,0.00534088839049076,-1.6193332533548e-08,0,1.35525271560688e-20
P3,Complete cubic,10,1.1,200,rateLimited,5,29,29,0.000689929308010591,0.0598331494289192,0.0598634693169415,3.15318562696975e-06,0,2.7376104855259e-18
P3,Complete cubic,10,1.1,200,rateLimited,10,29,29,0.00103761212091114,0.126326381876286,0.12599368637262,-8.50223911044786e-05,0,2.10335221462188e-17
P3,Complete cubic,10,1.1,200,rateLimited,20,29,29,0.00105459943318878,0.183714293437601,0.183797824426929,2.95864708306443e-05,0,5.55111512312578e-17
K,Known model,0,0.25,25,held,1,29,29,1.09334568781696e-17,2.88121886952083e-18,1.07032530570077e-17,-1.32822754785327e-35,0,0
K,Known model,0,0.25,25,held,2,29,29,1.26248685435688e-17,1.56755253931999e-17,2.26134386134331e-17,1.06258203828261e-34,0,0
K,Known model,0,0.25,25,held,5,29,29,1.18094831607735e-17,3.41457866266095e-17,3.20385837986849e-17,-2.78927785049186e-34,0,0
K,Known model,0,0.25,25,held,10,29,29,9.11121406514133e-18,4.47471007819367e-17,4.3695847629255e-17,-1.75990150090558e-34,0,0
K,Known model,0,0.25,25,held,20,29,29,2.08166817117217e-17,3.64220711028142e-17,4.19907379046286e-17,3.32056886963317e-36,0,0
K,Known model,0,0.25,25,rateLimited,1,29,29,1.09334568781696e-17,2.88121886952083e-18,1.07032530570077e-17,-1.32822754785327e-35,0,0
K,Known model,0,0.25,25,rateLimited,2,29,29,1.26248685435688e-17,0.000305726526152305,0.000305726526152305,1.06258203828261e-34,0,0
K,Known model,0,0.25,25,rateLimited,5,29,29,1.57283940943655e-17,0.000717578372695224,0.000717578372695226,2.47428115872158e-21,0,6.93501190125732e-23
K,Known model,0,0.25,25,rateLimited,10,29,29,1.07612656936095e-17,0.00338254548067916,0.00338254548067916,-7.72508435693546e-21,0,1.49560594813589e-21
K,Known model,0,0.25,25,rateLimited,20,29,29,2.93545162056847e-17,0.00413920052223559,0.00413920052223558,-6.87505532158872e-20,0,3.55324591093085e-21
K,Known model,0,0.25,50,held,1,29,29,1.09334568781696e-17,2.88121886952083e-18,1.07032530570077e-17,-1.32822754785327e-35,0,0
K,Known model,0,0.25,50,held,2,29,29,1.26248685435688e-17,1.56755253931999e-17,2.26134386134331e-17,1.06258203828261e-34,0,0
K,Known model,0,0.25,50,held,5,29,29,1.18094831607735e-17,3.41457866266095e-17,3.20385837986849e-17,-2.78927785049186e-34,0,0
K,Known model,0,0.25,50,held,10,29,29,9.11121406514133e-18,4.47471007819367e-17,4.3695847629255e-17,-1.75990150090558e-34,0,0
K,Known model,0,0.25,50,held,20,29,29,2.08166817117217e-17,3.64220711028142e-17,4.19907379046286e-17,3.32056886963317e-36,0,0
K,Known model,0,0.25,50,rateLimited,1,29,29,1.09334568781696e-17,2.88121886952083e-18,1.07032530570077e-17,-1.32822754785327e-35,0,0
K,Known model,0,0.25,50,rateLimited,2,29,29,1.26248685435688e-17,0.000305726526152305,0.000305726526152305,1.06258203828261e-34,0,0
K,Known model,0,0.25,50,rateLimited,5,29,29,1.57283940943655e-17,0.000717578372695224,0.000717578372695226,2.47428115872158e-21,0,6.93501190125732e-23
K,Known model,0,0.25,50,rateLimited,10,29,29,1.07612656936095e-17,0.00338254548067916,0.00338254548067916,-7.72508435693546e-21,0,1.49560594813589e-21
K,Known model,0,0.25,50,rateLimited,20,29,29,2.93545162056847e-17,0.00413920052223559,0.00413920052223558,-6.87505532158872e-20,0,3.55324591093085e-21
K,Known model,0,0.25,100,held,1,29,29,1.09334568781696e-17,2.88121886952083e-18,1.07032530570077e-17,-1.32822754785327e-35,0,0
K,Known model,0,0.25,100,held,2,29,29,1.26248685435688e-17,1.56755253931999e-17,2.26134386134331e-17,1.06258203828261e-34,0,0
K,Known model,0,0.25,100,held,5,29,29,1.18094831607735e-17,3.41457866266095e-17,3.20385837986849e-17,-2.78927785049186e-34,0,0
K,Known model,0,0.25,100,held,10,29,29,9.11121406514133e-18,4.47471007819367e-17,4.3695847629255e-17,-1.75990150090558e-34,0,0
K,Known model,0,0.25,100,held,20,29,29,2.08166817117217e-17,3.64220711028142e-17,4.19907379046286e-17,3.32056886963317e-36,0,0
K,Known model,0,0.25,100,rateLimited,1,29,29,1.09334568781696e-17,2.88121886952083e-18,1.07032530570077e-17,-1.32822754785327e-35,0,0
K,Known model,0,0.25,100,rateLimited,2,29,29,1.26248685435688e-17,0.000305726526152305,0.000305726526152305,1.06258203828261e-34,0,0
K,Known model,0,0.25,100,rateLimited,5,29,29,1.57283940943655e-17,0.000717578372695224,0.000717578372695226,2.47428115872158e-21,0,6.93501190125732e-23
K,Known model,0,0.25,100,rateLimited,10,29,29,1.07612656936095e-17,0.00338254548067916,0.00338254548067916,-7.72508435693546e-21,0,1.49560594813589e-21
K,Known model,0,0.25,100,rateLimited,20,29,29,2.93545162056847e-17,0.00413920052223559,0.00413920052223558,-6.87505532158872e-20,0,3.55324591093085e-21
K,Known model,0,0.25,200,held,1,29,29,1.09334568781696e-17,2.88121886952083e-18,1.07032530570077e-17,-1.32822754785327e-35,0,0
K,Known model,0,0.25,200,held,2,29,29,1.26248685435688e-17,1.56755253931999e-17,2.26134386134331e-17,1.06258203828261e-34,0,0
K,Known model,0,0.25,200,held,5,29,29,1.18094831607735e-17,3.41457866266095e-17,3.20385837986849e-17,-2.78927785049186e-34,0,0
K,Known model,0,0.25,200,held,10,29,29,9.11121406514133e-18,4.47471007819367e-17,4.3695847629255e-17,-1.75990150090558e-34,0,0
K,Known model,0,0.25,200,held,20,29,29,2.08166817117217e-17,3.64220711028142e-17,4.19907379046286e-17,3.32056886963317e-36,0,0
K,Known model,0,0.25,200,rateLimited,1,29,29,1.09334568781696e-17,2.88121886952083e-18,1.07032530570077e-17,-1.32822754785327e-35,0,0
K,Known model,0,0.25,200,rateLimited,2,29,29,1.26248685435688e-17,0.000305726526152305,0.000305726526152305,1.06258203828261e-34,0,0
K,Known model,0,0.25,200,rateLimited,5,29,29,1.57283940943655e-17,0.000717578372695224,0.000717578372695226,2.47428115872158e-21,0,6.93501190125732e-23
K,Known model,0,0.25,200,rateLimited,10,29,29,1.07612656936095e-17,0.00338254548067916,0.00338254548067916,-7.72508435693546e-21,0,1.49560594813589e-21
K,Known model,0,0.25,200,rateLimited,20,29,29,2.93545162056847e-17,0.00413920052223559,0.00413920052223558,-6.87505532158872e-20,0,3.55324591093085e-21
K,Known model,0,0.7,25,held,1,29,29,3.26036364442882e-17,7.28897125211306e-18,3.34084751418775e-17,0,0,0
K,Known model,0,0.7,25,held,2,29,29,3.89391160672176e-17,4.48027218112164e-17,6.40674503470779e-17,5.81099552185804e-34,0,0
K,Known model,0,0.7,25,held,5,29,29,4.19709635979494e-17,8.12713144523273e-17,9.2120186807541e-17,1.19540479306794e-34,0,0
K,Known model,0,0.7,25,held,10,29,29,2.36628596251994e-17,1.09755153486348e-16,1.13932079690071e-16,3.74394140051139e-34,0,0
K,Known model,0,0.7,25,held,20,29,29,3.57665927511439e-17,1.1140485277295e-16,1.01460231455342e-16,-3.39611181141732e-33,0,0
K,Known model,0,0.7,25,rateLimited,1,29,29,3.26036364442882e-17,7.28897125211306e-18,3.34084751418775e-17,0,0,0
K,Known model,0,0.7,25,rateLimited,2,29,29,3.30022209743477e-17,0.00244816268917264,0.00244816268917263,-3.59850574147643e-20,0,2.02112603874219e-21
K,Known model,0,0.7,25,rateLimited,5,29,29,3.43820086322688e-17,0.0219887651133922,0.0219887651133922,9.66072557946631e-20,0,1.35288689996673e-19
K,Known model,0,0.7,25,rateLimited,10,29,29,5.25615191897532e-17,0.0295838240109225,0.0295838240109225,6.48605109451551e-19,0,9.51696396958166e-20
K,Known model,0,0.7,25,rateLimited,20,29,29,5.78687627742727e-17,0.0531024737383285,0.0531024737383285,5.9389160157667e-19,0,2.93038438342214e-18
K,Known model,0,0.7,50,held,1,29,29,3.26036364442882e-17,7.28897125211306e-18,3.34084751418775e-17,0,0,0
K,Known model,0,0.7,50,held,2,29,29,3.89391160672176e-17,4.48027218112164e-17,6.40674503470779e-17,5.81099552185804e-34,0,0
K,Known model,0,0.7,50,held,5,29,29,4.19709635979494e-17,8.12713144523273e-17,9.2120186807541e-17,1.19540479306794e-34,0,0
K,Known model,0,0.7,50,held,10,29,29,2.36628596251994e-17,1.09755153486348e-16,1.13932079690071e-16,3.74394140051139e-34,0,0
K,Known model,0,0.7,50,held,20,29,29,3.57665927511439e-17,1.1140485277295e-16,1.01460231455342e-16,-3.39611181141732e-33,0,0
K,Known model,0,0.7,50,rateLimited,1,29,29,3.26036364442882e-17,7.28897125211306e-18,3.34084751418775e-17,0,0,0
K,Known model,0,0.7,50,rateLimited,2,29,29,3.30022209743477e-17,0.00244816268917264,0.00244816268917263,-3.59850574147643e-20,0,2.02112603874219e-21
K,Known model,0,0.7,50,rateLimited,5,29,29,3.43820086322688e-17,0.0219887651133922,0.0219887651133922,9.66072557946631e-20,0,1.35288689996673e-19
K,Known model,0,0.7,50,rateLimited,10,29,29,5.25615191897532e-17,0.0295838240109225,0.0295838240109225,6.48605109451551e-19,0,9.51696396958166e-20
K,Known model,0,0.7,50,rateLimited,20,29,29,5.78687627742727e-17,0.0531024737383285,0.0531024737383285,5.9389160157667e-19,0,2.93038438342214e-18
K,Known model,0,0.7,100,held,1,29,29,3.26036364442882e-17,7.28897125211306e-18,3.34084751418775e-17,0,0,0
K,Known model,0,0.7,100,held,2,29,29,3.89391160672176e-17,4.48027218112164e-17,6.40674503470779e-17,5.81099552185804e-34,0,0
K,Known model,0,0.7,100,held,5,29,29,4.19709635979494e-17,8.12713144523273e-17,9.2120186807541e-17,1.19540479306794e-34,0,0
K,Known model,0,0.7,100,held,10,29,29,2.36628596251994e-17,1.09755153486348e-16,1.13932079690071e-16,3.74394140051139e-34,0,0
K,Known model,0,0.7,100,held,20,29,29,3.57665927511439e-17,1.1140485277295e-16,1.01460231455342e-16,-3.39611181141732e-33,0,0
K,Known model,0,0.7,100,rateLimited,1,29,29,3.26036364442882e-17,7.28897125211306e-18,3.34084751418775e-17,0,0,0
K,Known model,0,0.7,100,rateLimited,2,29,29,3.30022209743477e-17,0.00244816268917264,0.00244816268917263,-3.59850574147643e-20,0,2.02112603874219e-21
K,Known model,0,0.7,100,rateLimited,5,29,29,3.43820086322688e-17,0.0219887651133922,0.0219887651133922,9.66072557946631e-20,0,1.35288689996673e-19
K,Known model,0,0.7,100,rateLimited,10,29,29,5.25615191897532e-17,0.0295838240109225,0.0295838240109225,6.48605109451551e-19,0,9.51696396958166e-20
K,Known model,0,0.7,100,rateLimited,20,29,29,5.78687627742727e-17,0.0531024737383285,0.0531024737383285,5.9389160157667e-19,0,2.93038438342214e-18
K,Known model,0,0.7,200,held,1,29,29,3.26036364442882e-17,7.28897125211306e-18,3.34084751418775e-17,0,0,0
K,Known model,0,0.7,200,held,2,29,29,3.89391160672176e-17,4.48027218112164e-17,6.40674503470779e-17,5.81099552185804e-34,0,0
K,Known model,0,0.7,200,held,5,29,29,4.19709635979494e-17,8.12713144523273e-17,9.2120186807541e-17,1.19540479306794e-34,0,0
K,Known model,0,0.7,200,held,10,29,29,2.36628596251994e-17,1.09755153486348e-16,1.13932079690071e-16,3.74394140051139e-34,0,0
K,Known model,0,0.7,200,held,20,29,29,3.57665927511439e-17,1.1140485277295e-16,1.01460231455342e-16,-3.39611181141732e-33,0,0
K,Known model,0,0.7,200,rateLimited,1,29,29,3.26036364442882e-17,7.28897125211306e-18,3.34084751418775e-17,0,0,0
K,Known model,0,0.7,200,rateLimited,2,29,29,3.30022209743477e-17,0.00244816268917264,0.00244816268917263,-3.59850574147643e-20,0,2.02112603874219e-21
K,Known model,0,0.7,200,rateLimited,5,29,29,3.43820086322688e-17,0.0219887651133922,0.0219887651133922,9.66072557946631e-20,0,1.35288689996673e-19
K,Known model,0,0.7,200,rateLimited,10,29,29,5.25615191897532e-17,0.0295838240109225,0.0295838240109225,6.48605109451551e-19,0,9.51696396958166e-20
K,Known model,0,0.7,200,rateLimited,20,29,29,5.78687627742727e-17,0.0531024737383285,0.0531024737383285,5.9389160157667e-19,0,2.93038438342214e-18
K,Known model,0,1.1,25,held,1,29,29,3.89124582178089e-17,0,3.89124582178089e-17,0,0,0
K,Known model,0,1.1,25,held,2,29,29,6.95323541539181e-17,5.6928685359509e-17,7.53977049041413e-17,-2.39080958613588e-33,0,0
K,Known model,0,1.1,25,held,5,29,29,4.86405727722611e-17,9.66733731881874e-17,1.14148641010047e-16,1.31826584124437e-33,0,0
K,Known model,0,1.1,25,held,10,29,29,5.55298412258049e-17,1.00333043407452e-16,1.18298510138839e-16,8.44254635104232e-34,0,0
K,Known model,0,1.1,25,held,20,29,29,6.18523274333805e-17,1.10416863186593e-16,1.12345370503086e-16,-3.39611181141732e-33,0,0
K,Known model,0,1.1,25,rateLimited,1,29,29,3.89124582178089e-17,0,3.89124582178089e-17,0,0,0
K,Known model,0,1.1,25,rateLimited,2,29,29,7.04809976445511e-17,0.00527688419982806,0.00527688419982805,-1.09470166220107e-19,0,2.25021732256521e-21
K,Known model,0,1.1,25,rateLimited,5,29,29,7.02952455655634e-17,0.0614138055740812,0.0614138055740812,-1.31589609110256e-18,0,2.64534296070987e-18
K,Known model,0,1.1,25,rateLimited,10,29,29,6.35437781806679e-17,0.129270412551368,0.129270412551368,8.04786401833847e-18,5.55111512312578e-17,2.46098447561559e-17
K,Known model,0,1.1,25,rateLimited,20,29,29,8.37538162539479e-17,0.183940988128062,0.183940988128062,4.6940737162872e-19,5.55111512312578e-17,3.52500698152663e-17
K,Known model,0,1.1,50,held,1,29,29,3.89124582178089e-17,0,3.89124582178089e-17,0,0,0
K,Known model,0,1.1,50,held,2,29,29,6.95323541539181e-17,5.6928685359509e-17,7.53977049041413e-17,-2.39080958613588e-33,0,0
K,Known model,0,1.1,50,held,5,29,29,4.86405727722611e-17,9.66733731881874e-17,1.14148641010047e-16,1.31826584124437e-33,0,0
K,Known model,0,1.1,50,held,10,29,29,5.55298412258049e-17,1.00333043407452e-16,1.18298510138839e-16,8.44254635104232e-34,0,0
K,Known model,0,1.1,50,held,20,29,29,6.18523274333805e-17,1.10416863186593e-16,1.12345370503086e-16,-3.39611181141732e-33,0,0
K,Known model,0,1.1,50,rateLimited,1,29,29,3.89124582178089e-17,0,3.89124582178089e-17,0,0,0
K,Known model,0,1.1,50,rateLimited,2,29,29,7.04809976445511e-17,0.00527688419982806,0.00527688419982805,-1.09470166220107e-19,0,2.25021732256521e-21
K,Known model,0,1.1,50,rateLimited,5,29,29,7.02952455655634e-17,0.0614138055740812,0.0614138055740812,-1.31589609110256e-18,0,2.64534296070987e-18
K,Known model,0,1.1,50,rateLimited,10,29,29,6.35437781806679e-17,0.129270412551368,0.129270412551368,8.04786401833847e-18,5.55111512312578e-17,2.46098447561559e-17
K,Known model,0,1.1,50,rateLimited,20,29,29,8.37538162539479e-17,0.183940988128062,0.183940988128062,4.6940737162872e-19,5.55111512312578e-17,3.52500698152663e-17
K,Known model,0,1.1,100,held,1,29,29,3.89124582178089e-17,0,3.89124582178089e-17,0,0,0
K,Known model,0,1.1,100,held,2,29,29,6.95323541539181e-17,5.6928685359509e-17,7.53977049041413e-17,-2.39080958613588e-33,0,0
K,Known model,0,1.1,100,held,5,29,29,4.86405727722611e-17,9.66733731881874e-17,1.14148641010047e-16,1.31826584124437e-33,0,0
K,Known model,0,1.1,100,held,10,29,29,5.55298412258049e-17,1.00333043407452e-16,1.18298510138839e-16,8.44254635104232e-34,0,0
K,Known model,0,1.1,100,held,20,29,29,6.18523274333805e-17,1.10416863186593e-16,1.12345370503086e-16,-3.39611181141732e-33,0,0
K,Known model,0,1.1,100,rateLimited,1,29,29,3.89124582178089e-17,0,3.89124582178089e-17,0,0,0
K,Known model,0,1.1,100,rateLimited,2,29,29,7.04809976445511e-17,0.00527688419982806,0.00527688419982805,-1.09470166220107e-19,0,2.25021732256521e-21
K,Known model,0,1.1,100,rateLimited,5,29,29,7.02952455655634e-17,0.0614138055740812,0.0614138055740812,-1.31589609110256e-18,0,2.64534296070987e-18
K,Known model,0,1.1,100,rateLimited,10,29,29,6.35437781806679e-17,0.129270412551368,0.129270412551368,8.04786401833847e-18,5.55111512312578e-17,2.46098447561559e-17
K,Known model,0,1.1,100,rateLimited,20,29,29,8.37538162539479e-17,0.183940988128062,0.183940988128062,4.6940737162872e-19,5.55111512312578e-17,3.52500698152663e-17
K,Known model,0,1.1,200,held,1,29,29,3.89124582178089e-17,0,3.89124582178089e-17,0,0,0
K,Known model,0,1.1,200,held,2,29,29,6.95323541539181e-17,5.6928685359509e-17,7.53977049041413e-17,-2.39080958613588e-33,0,0
K,Known model,0,1.1,200,held,5,29,29,4.86405727722611e-17,9.66733731881874e-17,1.14148641010047e-16,1.31826584124437e-33,0,0
K,Known model,0,1.1,200,held,10,29,29,5.55298412258049e-17,1.00333043407452e-16,1.18298510138839e-16,8.44254635104232e-34,0,0
K,Known model,0,1.1,200,held,20,29,29,6.18523274333805e-17,1.10416863186593e-16,1.12345370503086e-16,-3.39611181141732e-33,0,0
K,Known model,0,1.1,200,rateLimited,1,29,29,3.89124582178089e-17,0,3.89124582178089e-17,0,0,0
K,Known model,0,1.1,200,rateLimited,2,29,29,7.04809976445511e-17,0.00527688419982806,0.00527688419982805,-1.09470166220107e-19,0,2.25021732256521e-21
K,Known model,0,1.1,200,rateLimited,5,29,29,7.02952455655634e-17,0.0614138055740812,0.0614138055740812,-1.31589609110256e-18,0,2.64534296070987e-18
K,Known model,0,1.1,200,rateLimited,10,29,29,6.35437781806679e-17,0.129270412551368,0.129270412551368,8.04786401833847e-18,5.55111512312578e-17,2.46098447561559e-17
K,Known model,0,1.1,200,rateLimited,20,29,29,8.37538162539479e-17,0.183940988128062,0.183940988128062,4.6940737162872e-19,5.55111512312578e-17,3.52500698152663e-17
